dataset,path,class_id,target_index,target_label,codec,quality,predicted_index,predicted_class,top1_confidence,is_correct,original_size_bytes,compressed_size_bytes,compression_ratio,psnr,ssim
imagenette,data/imagenette2-320/val/n01440764/ILSVRC2012_val_00009111.JPEG,n01440764,0,tench,jpeg,70,0,tench,0.6712387204170227,True,34065,33010,1.03196001211754,39.74166480711099,0.9922601581675915
imagenette,data/imagenette2-320/val/n01440764/ILSVRC2012_val_00009191.JPEG,n01440764,0,tench,jpeg,70,0,tench,0.5530182123184204,True,37836,36677,1.0316001854022958,37.55404325713849,0.9903522122696593
imagenette,data/imagenette2-320/val/n01440764/ILSVRC2012_val_00017472.JPEG,n01440764,0,tench,jpeg,70,0,tench,0.4514849781990051,True,29470,28697,1.0269366135833013,42.02626337591778,0.9915398730416664
imagenette,data/imagenette2-320/val/n01440764/ILSVRC2012_val_00017700.JPEG,n01440764,0,tench,jpeg,70,0,tench,0.458344429731369,True,27741,26957,1.0290833549727343,41.17666902801854,0.9911433348673949
imagenette,data/imagenette2-320/val/n01440764/ILSVRC2012_val_00021740.JPEG,n01440764,0,tench,jpeg,70,0,tench,0.5025743246078491,True,40286,38910,1.0353636597275764,38.561427462354864,0.9936240455217771
imagenette,data/imagenette2-320/val/n01440764/ILSVRC2012_val_00029930.JPEG,n01440764,0,tench,jpeg,70,0,tench,0.4052683115005493,True,51788,48491,1.0679919985151884,31.820468515479575,0.9819503429988515
imagenette,data/imagenette2-320/val/n01440764/ILSVRC2012_val_00030740.JPEG,n01440764,0,tench,jpeg,70,0,tench,0.6156258583068848,True,19499,18972,1.0277777777777777,44.694477801774454,0.9930539575186792
imagenette,data/imagenette2-320/val/n01440764/ILSVRC2012_val_00037861.JPEG,n01440764,0,tench,jpeg,70,0,tench,0.4511137306690216,True,38394,37236,1.0310989365130518,38.53760733812598,0.9901859166645904
imagenette,data/imagenette2-320/val/n01440764/ILSVRC2012_val_00045880.JPEG,n01440764,0,tench,jpeg,70,0,tench,0.37239015102386475,True,41226,39958,1.0317333199859853,37.96295833856635,0.990337450478629
imagenette,data/imagenette2-320/val/n01440764/ILSVRC2012_val_00046252.JPEG,n01440764,0,tench,jpeg,70,0,tench,0.49212267994880676,True,40858,39354,1.0382172079077094,37.43880479176984,0.9891754903100011
imagenette,data/imagenette2-320/val/n01440764/n01440764_10040.JPEG,n01440764,0,tench,jpeg,70,0,tench,0.36201995611190796,True,27185,26354,1.0315322152234956,40.46427623289467,0.9904688858614406
imagenette,data/imagenette2-320/val/n01440764/n01440764_10042.JPEG,n01440764,0,tench,jpeg,70,389,barracouta,0.242669478058815,False,20797,20148,1.0322116339090728,44.535866532039066,0.9935438182237517
imagenette,data/imagenette2-320/val/n01440764/n01440764_10110.JPEG,n01440764,0,tench,jpeg,70,0,tench,0.42601731419563293,True,42233,40683,1.038099451859499,37.02450761414385,0.99121723187471
imagenette,data/imagenette2-320/val/n01440764/n01440764_10120.JPEG,n01440764,0,tench,jpeg,70,0,tench,0.357607901096344,True,17864,17410,1.0260769672601953,45.40685073953756,0.9924778467383232
imagenette,data/imagenette2-320/val/n01440764/n01440764_10150.JPEG,n01440764,0,tench,jpeg,70,0,tench,0.5772233605384827,True,28171,27310,1.0315269132186013,40.63918633288168,0.9905201954012318
imagenette,data/imagenette2-320/val/n01440764/n01440764_10162.JPEG,n01440764,0,tench,jpeg,70,0,tench,0.4633277356624603,True,58855,56977,1.0329606683398564,34.48020846634153,0.9906902117470552
imagenette,data/imagenette2-320/val/n01440764/n01440764_10211.JPEG,n01440764,0,tench,jpeg,70,0,tench,0.2678707242012024,True,26911,26110,1.0306779011872846,40.6586605572436,0.9903764131162328
imagenette,data/imagenette2-320/val/n01440764/n01440764_10251.JPEG,n01440764,0,tench,jpeg,70,0,tench,0.5335962176322937,True,36410,35165,1.0354045215413052,38.347263041766716,0.9915453629277268
imagenette,data/imagenette2-320/val/n01440764/n01440764_10281.JPEG,n01440764,0,tench,jpeg,70,0,tench,0.5130262970924377,True,35692,34427,1.0367444157202197,39.22790185090192,0.9915547296823254
imagenette,data/imagenette2-320/val/n01440764/n01440764_10290.JPEG,n01440764,0,tench,jpeg,70,0,tench,0.6337037682533264,True,33837,32886,1.0289180806422187,39.86778702898984,0.9896834549351808
imagenette,data/imagenette2-320/val/n01440764/n01440764_10320.JPEG,n01440764,0,tench,jpeg,70,0,tench,0.4932515621185303,True,17586,17117,1.0273996611555762,44.32369149570814,0.9916938024449781
imagenette,data/imagenette2-320/val/n01440764/n01440764_10331.JPEG,n01440764,0,tench,jpeg,70,394,sturgeon,0.26622870564460754,False,29247,28354,1.0314946744727376,41.74834381155165,0.9917908032166198
imagenette,data/imagenette2-320/val/n01440764/n01440764_10342.JPEG,n01440764,0,tench,jpeg,70,0,tench,0.41475674510002136,True,54309,52489,1.0346739316809237,39.488894104854595,0.989893951170389
imagenette,data/imagenette2-320/val/n01440764/n01440764_10361.JPEG,n01440764,0,tench,jpeg,70,0,tench,0.47520706057548523,True,35585,34421,1.0338165654687546,38.463011234862144,0.9922196779791187
imagenette,data/imagenette2-320/val/n01440764/n01440764_10380.JPEG,n01440764,0,tench,jpeg,70,0,tench,0.3846239745616913,True,31023,30003,1.033996600339966,41.0236317253202,0.9920827890749293
imagenette,data/imagenette2-320/val/n01440764/n01440764_10382.JPEG,n01440764,0,tench,jpeg,70,0,tench,0.512517511844635,True,29788,28805,1.0341260197882312,41.88144508370275,0.992692042046779
imagenette,data/imagenette2-320/val/n01440764/n01440764_10410.JPEG,n01440764,0,tench,jpeg,70,0,tench,0.4804054796695709,True,23142,22476,1.0296316070475173,44.096981132876316,0.991625958522571
imagenette,data/imagenette2-320/val/n01440764/n01440764_10462.JPEG,n01440764,0,tench,jpeg,70,0,tench,0.5041090250015259,True,20674,19999,1.0337516875843793,43.99026571230853,0.9907121959526028
imagenette,data/imagenette2-320/val/n01440764/n01440764_10470.JPEG,n01440764,0,tench,jpeg,70,0,tench,0.4328216016292572,True,30801,29837,1.0323088782384289,41.07384293210809,0.9923862459436655
imagenette,data/imagenette2-320/val/n01440764/n01440764_10482.JPEG,n01440764,0,tench,jpeg,70,0,tench,0.5093888640403748,True,23850,23115,1.0317975340687866,43.50634805639651,0.9926878785308433
imagenette,data/imagenette2-320/val/n01440764/n01440764_10491.JPEG,n01440764,0,tench,jpeg,70,0,tench,0.5316933989524841,True,28623,27777,1.0304568527918783,40.91424698606679,0.9909547171775944
imagenette,data/imagenette2-320/val/n01440764/n01440764_10531.JPEG,n01440764,0,tench,jpeg,70,0,tench,0.5052834153175354,True,32913,31997,1.0286276838453605,39.459238236657164,0.9896891218747775
imagenette,data/imagenette2-320/val/n01440764/n01440764_10542.JPEG,n01440764,0,tench,jpeg,70,0,tench,0.3499095141887665,True,27080,26227,1.0325237350821672,44.5545987677375,0.9935554091384337
imagenette,data/imagenette2-320/val/n01440764/n01440764_10550.JPEG,n01440764,0,tench,jpeg,70,0,tench,0.36802658438682556,True,44040,42711,1.0311161059211913,37.2808396615578,0.9914752433648512
imagenette,data/imagenette2-320/val/n01440764/n01440764_10592.JPEG,n01440764,0,tench,jpeg,70,0,tench,0.7255142331123352,True,25319,24405,1.0374513419381275,43.292483994002026,0.9944788125557419
imagenette,data/imagenette2-320/val/n01440764/n01440764_10740.JPEG,n01440764,0,tench,jpeg,70,0,tench,0.4357117712497711,True,30075,29029,1.0360329325846567,41.43759991997629,0.9931337468965317
imagenette,data/imagenette2-320/val/n01440764/n01440764_10792.JPEG,n01440764,0,tench,jpeg,70,0,tench,0.45440474152565,True,19579,18990,1.0310163243812533,43.57490057001918,0.9923645155469085
imagenette,data/imagenette2-320/val/n01440764/n01440764_10812.JPEG,n01440764,0,tench,jpeg,70,0,tench,0.6720354557037354,True,29882,28843,1.0360226051381618,40.692469633904544,0.9899163000805258
imagenette,data/imagenette2-320/val/n01440764/n01440764_10822.JPEG,n01440764,0,tench,jpeg,70,0,tench,0.525959849357605,True,24802,24077,1.0301117248826681,41.632356852336414,0.9909341122071608
imagenette,data/imagenette2-320/val/n01440764/n01440764_10852.JPEG,n01440764,0,tench,jpeg,70,0,tench,0.419816792011261,True,25645,24870,1.0311620426216326,40.49544436654675,0.9919648815068515
imagenette,data/imagenette2-320/val/n01440764/n01440764_1091.JPEG,n01440764,0,tench,jpeg,70,0,tench,0.4253495931625366,True,18105,17626,1.0271757630772722,44.536176015102924,0.9902919816525494
imagenette,data/imagenette2-320/val/n01440764/n01440764_10910.JPEG,n01440764,0,tench,jpeg,70,0,tench,0.44825634360313416,True,49190,47564,1.034185518459339,37.89829670377513,0.9923863402901202
imagenette,data/imagenette2-320/val/n01440764/n01440764_11011.JPEG,n01440764,0,tench,jpeg,70,0,tench,0.6299940347671509,True,27752,26909,1.0313278085398938,42.24726446434447,0.992122012323585
imagenette,data/imagenette2-320/val/n01440764/n01440764_11151.JPEG,n01440764,0,tench,jpeg,70,0,tench,0.4370441138744354,True,21501,20887,1.0293962751950974,45.182773014202255,0.9942489135647966
imagenette,data/imagenette2-320/val/n01440764/n01440764_11170.JPEG,n01440764,0,tench,jpeg,70,0,tench,0.5157956480979919,True,58536,56217,1.0412508671754095,34.42200714399888,0.9877578323456749
imagenette,data/imagenette2-320/val/n01440764/n01440764_11190.JPEG,n01440764,0,tench,jpeg,70,0,tench,0.5890703201293945,True,32385,31314,1.0342019543973942,40.86753569445949,0.9934698974226922
imagenette,data/imagenette2-320/val/n01440764/n01440764_11211.JPEG,n01440764,0,tench,jpeg,70,0,tench,0.5594678521156311,True,15459,15030,1.0285429141716567,45.92803940419304,0.9927588877837755
imagenette,data/imagenette2-320/val/n01440764/n01440764_11281.JPEG,n01440764,0,tench,jpeg,70,0,tench,0.46648404002189636,True,18783,18226,1.0305607374080983,44.86390665195436,0.9922879559975205
imagenette,data/imagenette2-320/val/n01440764/n01440764_11331.JPEG,n01440764,0,tench,jpeg,70,0,tench,0.4445333778858185,True,41909,40492,1.0349945668280154,37.604682973449584,0.9902827909944804
imagenette,data/imagenette2-320/val/n01440764/n01440764_11350.JPEG,n01440764,0,tench,jpeg,70,0,tench,0.4453437626361847,True,22255,21596,1.0305149101685498,43.56269814341176,0.991972381769796
imagenette,data/imagenette2-320/val/n01440764/n01440764_11400.JPEG,n01440764,0,tench,jpeg,70,0,tench,0.5436407327651978,True,30843,29930,1.0305045105245574,39.265560869448954,0.9903175067554127
imagenette,data/imagenette2-320/val/n01440764/n01440764_1141.JPEG,n01440764,0,tench,jpeg,70,0,tench,0.29512542486190796,True,23838,23067,1.0334243724801664,43.61931862981127,0.9931906668819307
imagenette,data/imagenette2-320/val/n01440764/n01440764_11420.JPEG,n01440764,0,tench,jpeg,70,0,tench,0.49545446038246155,True,30469,29408,1.036078618063112,40.134693516099816,0.9898151558128406
imagenette,data/imagenette2-320/val/n01440764/n01440764_11570.JPEG,n01440764,0,tench,jpeg,70,0,tench,0.4765094220638275,True,33308,32549,1.023318688746198,41.18764094624434,0.9889213484715187
imagenette,data/imagenette2-320/val/n01440764/n01440764_11590.JPEG,n01440764,0,tench,jpeg,70,0,tench,0.5255430936813354,True,24549,23799,1.0315139291566873,43.40990688279933,0.9910591521058706
imagenette,data/imagenette2-320/val/n01440764/n01440764_11602.JPEG,n01440764,0,tench,jpeg,70,0,tench,0.6700752973556519,True,20003,19434,1.0292785839250798,44.79275866690411,0.9931512126832942
imagenette,data/imagenette2-320/val/n01440764/n01440764_11612.JPEG,n01440764,0,tench,jpeg,70,0,tench,0.6319878101348877,True,28297,27441,1.031194198462155,42.41449816974429,0.9920375106144935
imagenette,data/imagenette2-320/val/n01440764/n01440764_11650.JPEG,n01440764,0,tench,jpeg,70,0,tench,0.5144802331924438,True,25703,24947,1.0303042449993987,41.83686184307018,0.9920831595994665
imagenette,data/imagenette2-320/val/n01440764/n01440764_11652.JPEG,n01440764,0,tench,jpeg,70,0,tench,0.5397666096687317,True,34315,33276,1.0312237047722081,39.88247116472085,0.9922185026381253
imagenette,data/imagenette2-320/val/n01440764/n01440764_11750.JPEG,n01440764,0,tench,jpeg,70,0,tench,0.42880475521087646,True,28761,27988,1.0276189795626698,42.05961035583732,0.9911397600588545
imagenette,data/imagenette2-320/val/n01440764/n01440764_11762.JPEG,n01440764,0,tench,jpeg,70,0,tench,0.45906442403793335,True,24974,24189,1.0324527677870106,43.46490410967823,0.9921037429049432
imagenette,data/imagenette2-320/val/n01440764/n01440764_11830.JPEG,n01440764,0,tench,jpeg,70,0,tench,0.47032397985458374,True,38565,37246,1.0354131987327497,37.862826188328235,0.9906949245940178
imagenette,data/imagenette2-320/val/n01440764/n01440764_11841.JPEG,n01440764,0,tench,jpeg,70,0,tench,0.4488651752471924,True,21216,20603,1.0297529485997186,43.99603862280625,0.99279998534309
imagenette,data/imagenette2-320/val/n01440764/n01440764_11881.JPEG,n01440764,0,tench,jpeg,70,0,tench,0.49593585729599,True,24952,24140,1.0336371168185583,41.92493114590168,0.9942374641841975
imagenette,data/imagenette2-320/val/n01440764/n01440764_11930.JPEG,n01440764,0,tench,jpeg,70,0,tench,0.47191116213798523,True,41482,40123,1.033870847145029,37.472719536952155,0.9883137635206037
imagenette,data/imagenette2-320/val/n01440764/n01440764_11972.JPEG,n01440764,0,tench,jpeg,70,0,tench,0.5879528522491455,True,26842,26006,1.0321464277474428,42.77823023574767,0.9925889177301762
imagenette,data/imagenette2-320/val/n01440764/n01440764_12021.JPEG,n01440764,0,tench,jpeg,70,0,tench,0.4901760220527649,True,16994,16541,1.0273864941660118,43.052551770633094,0.9902126923201674
imagenette,data/imagenette2-320/val/n01440764/n01440764_12040.JPEG,n01440764,0,tench,jpeg,70,0,tench,0.4196639358997345,True,38532,37232,1.0349162011173185,37.903595027113454,0.992368869376476
imagenette,data/imagenette2-320/val/n01440764/n01440764_12090.JPEG,n01440764,0,tench,jpeg,70,0,tench,0.5104775428771973,True,20393,19834,1.028183926590703,42.421746127853915,0.9912772873595653
imagenette,data/imagenette2-320/val/n01440764/n01440764_12100.JPEG,n01440764,0,tench,jpeg,70,0,tench,0.4425235688686371,True,29504,28737,1.0266903295403138,41.513066383282855,0.9915657151497012
imagenette,data/imagenette2-320/val/n01440764/n01440764_12111.JPEG,n01440764,0,tench,jpeg,70,0,tench,0.35692620277404785,True,17776,17295,1.0278115062156692,44.89169797076621,0.991383268674317
imagenette,data/imagenette2-320/val/n01440764/n01440764_12131.JPEG,n01440764,0,tench,jpeg,70,0,tench,0.5205903053283691,True,24036,23199,1.0360791413422992,42.295816276579295,0.99338037278378
imagenette,data/imagenette2-320/val/n01440764/n01440764_12151.JPEG,n01440764,0,tench,jpeg,70,0,tench,0.44465869665145874,True,24868,24058,1.0336686341341756,40.82553352653765,0.9906519602610189
imagenette,data/imagenette2-320/val/n01440764/n01440764_12182.JPEG,n01440764,0,tench,jpeg,70,0,tench,0.5612688660621643,True,32912,31774,1.0358154465915528,39.62460248308028,0.9916111126455367
imagenette,data/imagenette2-320/val/n01440764/n01440764_12211.JPEG,n01440764,0,tench,jpeg,70,0,tench,0.5413573980331421,True,17225,16713,1.03063483515826,45.106969179417824,0.9928088522235335
imagenette,data/imagenette2-320/val/n01440764/n01440764_12241.JPEG,n01440764,0,tench,jpeg,70,0,tench,0.45235276222229004,True,18078,17623,1.025818532599444,43.665018902046306,0.9813828395764634
imagenette,data/imagenette2-320/val/n01440764/n01440764_12250.JPEG,n01440764,0,tench,jpeg,70,0,tench,0.46242326498031616,True,22244,21548,1.0322999814367924,41.31175773186919,0.9908089269826453
imagenette,data/imagenette2-320/val/n01440764/n01440764_12291.JPEG,n01440764,0,tench,jpeg,70,0,tench,0.7669864892959595,True,37480,36325,1.0317962835512733,42.42109305742379,0.9924811176619756
imagenette,data/imagenette2-320/val/n01440764/n01440764_1232.JPEG,n01440764,0,tench,jpeg,70,0,tench,0.42549675703048706,True,27752,26805,1.0353292296213392,43.1623680208219,0.9919639974118604
imagenette,data/imagenette2-320/val/n01440764/n01440764_12362.JPEG,n01440764,0,tench,jpeg,70,0,tench,0.5786248445510864,True,22195,21536,1.030599925705795,43.217755658796975,0.991128802437225
imagenette,data/imagenette2-320/val/n01440764/n01440764_12502.JPEG,n01440764,0,tench,jpeg,70,0,tench,0.642832338809967,True,30107,29106,1.0343915343915344,40.341960243633864,0.9910273926096481
imagenette,data/imagenette2-320/val/n01440764/n01440764_12571.JPEG,n01440764,0,tench,jpeg,70,0,tench,0.5544568300247192,True,23209,22465,1.0331181838415313,44.25668077509175,0.9935413323790203
imagenette,data/imagenette2-320/val/n01440764/n01440764_12572.JPEG,n01440764,0,tench,jpeg,70,0,tench,0.47039955854415894,True,26103,25358,1.029379288587428,39.51217327492039,0.9826047542602128
imagenette,data/imagenette2-320/val/n01440764/n01440764_12620.JPEG,n01440764,0,tench,jpeg,70,0,tench,0.4520815312862396,True,15882,15437,1.0288268445941569,44.353523148676686,0.9931621323505538
imagenette,data/imagenette2-320/val/n01440764/n01440764_12632.JPEG,n01440764,0,tench,jpeg,70,0,tench,0.39870017766952515,True,14170,13752,1.0303955788248982,45.684682655165616,0.9865914465689007
imagenette,data/imagenette2-320/val/n01440764/n01440764_12702.JPEG,n01440764,0,tench,jpeg,70,0,tench,0.5218141078948975,True,39090,37769,1.0349757737827319,38.38448503261074,0.992278946113874
imagenette,data/imagenette2-320/val/n01440764/n01440764_1272.JPEG,n01440764,0,tench,jpeg,70,0,tench,0.4539865255355835,True,32973,32034,1.0293126053568085,39.419420424828004,0.9904425417817451
imagenette,data/imagenette2-320/val/n01440764/n01440764_12732.JPEG,n01440764,0,tench,jpeg,70,0,tench,0.5317240357398987,True,28374,27494,1.03200698334182,43.364095306111246,0.9934779892567377
imagenette,data/imagenette2-320/val/n01440764/n01440764_12881.JPEG,n01440764,0,tench,jpeg,70,0,tench,0.4311343729496002,True,26630,25772,1.0332919447462363,43.10984922814033,0.99143760468007
imagenette,data/imagenette2-320/val/n01440764/n01440764_12950.JPEG,n01440764,0,tench,jpeg,70,0,tench,0.5229616761207581,True,23386,22834,1.0241744766576157,43.220641089441656,0.989997163673277
imagenette,data/imagenette2-320/val/n01440764/n01440764_12971.JPEG,n01440764,0,tench,jpeg,70,0,tench,0.40482625365257263,True,20060,19496,1.0289290110791958,43.69194495326169,0.9859430193950912
imagenette,data/imagenette2-320/val/n01440764/n01440764_12972.JPEG,n01440764,0,tench,jpeg,70,0,tench,0.3184278905391693,True,33514,32461,1.0324389267120544,40.15667558930809,0.9915833986153725
imagenette,data/imagenette2-320/val/n01440764/n01440764_1302.JPEG,n01440764,0,tench,jpeg,70,0,tench,0.41851532459259033,True,24061,23446,1.026230487076687,44.395264076298005,0.9924013480352816
imagenette,data/imagenette2-320/val/n01440764/n01440764_13051.JPEG,n01440764,0,tench,jpeg,70,0,tench,0.46375852823257446,True,17269,17045,1.013141683778234,45.86818233770258,0.991571526783833
imagenette,data/imagenette2-320/val/n01440764/n01440764_1310.JPEG,n01440764,0,tench,jpeg,70,0,tench,0.5214472413063049,True,16139,15670,1.0299298021697512,42.45945937023823,0.9933271724184548
imagenette,data/imagenette2-320/val/n01440764/n01440764_13122.JPEG,n01440764,0,tench,jpeg,70,0,tench,0.3572307229042053,True,35479,34191,1.0376707320639935,40.1723418399998,0.9893526492080887
imagenette,data/imagenette2-320/val/n01440764/n01440764_13161.JPEG,n01440764,0,tench,jpeg,70,0,tench,0.42320600152015686,True,20535,19949,1.0293749060103263,42.67244588839935,0.9900316719269259
imagenette,data/imagenette2-320/val/n01440764/n01440764_13251.JPEG,n01440764,0,tench,jpeg,70,0,tench,0.5456613898277283,True,20614,19921,1.0347874102705688,42.568581201708795,0.9937507379790231
imagenette,data/imagenette2-320/val/n01440764/n01440764_13360.JPEG,n01440764,0,tench,jpeg,70,0,tench,0.34944987297058105,True,27010,26123,1.033954752516939,43.78864526325961,0.9933711818837186
imagenette,data/imagenette2-320/val/n01440764/n01440764_13452.JPEG,n01440764,0,tench,jpeg,70,0,tench,0.48683854937553406,True,45364,43752,1.0368440299872006,37.4144164893108,0.9921688579840268
imagenette,data/imagenette2-320/val/n01440764/n01440764_13581.JPEG,n01440764,0,tench,jpeg,70,0,tench,0.42475929856300354,True,41737,40287,1.0359917591282548,36.64971922387578,0.9903355918528827
imagenette,data/imagenette2-320/val/n01440764/n01440764_13602.JPEG,n01440764,0,tench,jpeg,70,0,tench,0.44822773337364197,True,17090,16644,1.0267964431627012,45.681370451098005,0.9930374364746216
imagenette,data/imagenette2-320/val/n01440764/n01440764_13702.JPEG,n01440764,0,tench,jpeg,70,0,tench,0.4619593024253845,True,28425,27718,1.025506890829064,42.22543971892712,0.9885018097364638
imagenette,data/imagenette2-320/val/n01440764/n01440764_13751.JPEG,n01440764,0,tench,jpeg,70,0,tench,0.4305869936943054,True,27888,26956,1.0345748627392788,42.71618895015227,0.9926947404859812
imagenette,data/imagenette2-320/val/n01440764/n01440764_13770.JPEG,n01440764,0,tench,jpeg,70,0,tench,0.445388525724411,True,38126,36875,1.0339254237288136,37.8489635505512,0.9901162572088754
imagenette,data/imagenette2-320/val/n01440764/n01440764_13801.JPEG,n01440764,0,tench,jpeg,70,0,tench,0.3457251489162445,True,33544,32483,1.0326632392328294,41.87656317879256,0.9940720864331499
imagenette,data/imagenette2-320/val/n01440764/n01440764_13821.JPEG,n01440764,0,tench,jpeg,70,0,tench,0.4748809039592743,True,22653,22029,1.028326297153752,42.34433877208553,0.9932006743417857
imagenette,data/imagenette2-320/val/n01440764/n01440764_13842.JPEG,n01440764,0,tench,jpeg,70,0,tench,0.45304664969444275,True,28525,27719,1.0290775280493525,42.55085877434392,0.9922324463481962
imagenette,data/imagenette2-320/val/n01440764/n01440764_13860.JPEG,n01440764,0,tench,jpeg,70,0,tench,0.3911733627319336,True,24724,23980,1.0310258548790658,41.6622320485031,0.9903384886459007
imagenette,data/imagenette2-320/val/n01440764/n01440764_141.JPEG,n01440764,0,tench,jpeg,70,0,tench,0.4246746301651001,True,33537,32644,1.0273557162112485,39.991167826368724,0.9912157155964145
imagenette,data/imagenette2-320/val/n01440764/n01440764_14150.JPEG,n01440764,0,tench,jpeg,70,0,tench,0.5109946131706238,True,47722,46268,1.031425607331201,36.31705051173575,0.9894011947191516
imagenette,data/imagenette2-320/val/n01440764/n01440764_14162.JPEG,n01440764,0,tench,jpeg,70,0,tench,0.4233921766281128,True,23473,22859,1.026860317599195,42.31532723775545,0.9903099993115322
imagenette,data/imagenette2-320/val/n01440764/n01440764_14172.JPEG,n01440764,0,tench,jpeg,70,0,tench,0.5697763562202454,True,16245,15885,1.0226628895184136,44.16311879328367,0.9917190649330229
imagenette,data/imagenette2-320/val/n01440764/n01440764_14190.JPEG,n01440764,0,tench,jpeg,70,389,barracouta,0.1399570107460022,False,24700,23887,1.0340352492987817,41.67144259606228,0.989592614161961
imagenette,data/imagenette2-320/val/n01440764/n01440764_14232.JPEG,n01440764,0,tench,jpeg,70,0,tench,0.6424647569656372,True,19116,18488,1.0339679792297707,44.700063971744314,0.9914199115589022
imagenette,data/imagenette2-320/val/n01440764/n01440764_14280.JPEG,n01440764,0,tench,jpeg,70,0,tench,0.4970178008079529,True,29573,28737,1.0290914152486341,42.0101441616509,0.9907313758605732
imagenette,data/imagenette2-320/val/n01440764/n01440764_14310.JPEG,n01440764,0,tench,jpeg,70,0,tench,0.48712489008903503,True,24283,23600,1.0289406779661017,41.3282697332765,0.9921954733438088
imagenette,data/imagenette2-320/val/n01440764/n01440764_14341.JPEG,n01440764,0,tench,jpeg,70,0,tench,0.4998834431171417,True,21300,20690,1.029482841952634,44.21379008491943,0.9902187403939845
imagenette,data/imagenette2-320/val/n01440764/n01440764_14342.JPEG,n01440764,0,tench,jpeg,70,0,tench,0.4322018325328827,True,36146,34946,1.0343386939850054,38.592441777749265,0.9918383142957016
imagenette,data/imagenette2-320/val/n01440764/n01440764_14402.JPEG,n01440764,0,tench,jpeg,70,0,tench,0.5260633230209351,True,35873,35095,1.0221684000569882,44.472384549211014,0.9913135824068761
imagenette,data/imagenette2-320/val/n01440764/n01440764_14411.JPEG,n01440764,0,tench,jpeg,70,0,tench,0.5398896336555481,True,30009,29031,1.0336881264854811,41.499226357755454,0.9927742271456893
imagenette,data/imagenette2-320/val/n01440764/n01440764_14490.JPEG,n01440764,0,tench,jpeg,70,0,tench,0.46924859285354614,True,26643,25859,1.0303182644340463,42.929946884240586,0.9921882099355304
imagenette,data/imagenette2-320/val/n01440764/n01440764_14530.JPEG,n01440764,0,tench,jpeg,70,0,tench,0.5282440781593323,True,20128,19461,1.0342736755562407,45.676675546183425,0.9943213145194522
imagenette,data/imagenette2-320/val/n01440764/n01440764_14650.JPEG,n01440764,0,tench,jpeg,70,0,tench,0.2892182469367981,True,27433,26687,1.0279536853149474,41.836744013224454,0.9907535096148435
imagenette,data/imagenette2-320/val/n01440764/n01440764_14731.JPEG,n01440764,0,tench,jpeg,70,0,tench,0.411109983921051,True,31925,30926,1.0323029166397206,40.732164943107676,0.991197083606511
imagenette,data/imagenette2-320/val/n01440764/n01440764_14771.JPEG,n01440764,0,tench,jpeg,70,0,tench,0.38490816950798035,True,38366,36899,1.0397571749911922,39.06443651281116,0.9934183559411144
imagenette,data/imagenette2-320/val/n01440764/n01440764_14790.JPEG,n01440764,0,tench,jpeg,70,0,tench,0.3860000967979431,True,32938,31961,1.0305685053659146,39.845089270389124,0.9896051362897884
imagenette,data/imagenette2-320/val/n01440764/n01440764_14802.JPEG,n01440764,0,tench,jpeg,70,0,tench,0.4038735628128052,True,38038,36899,1.0308680452044772,39.09125685784361,0.9906920982711149
imagenette,data/imagenette2-320/val/n01440764/n01440764_14891.JPEG,n01440764,0,tench,jpeg,70,0,tench,0.6157532930374146,True,29678,28736,1.0327811804008908,42.21497731927361,0.9933951392133707
imagenette,data/imagenette2-320/val/n01440764/n01440764_15071.JPEG,n01440764,0,tench,jpeg,70,0,tench,0.5039941668510437,True,24780,24011,1.0320269876306694,42.40407852258496,0.9917577916676459
imagenette,data/imagenette2-320/val/n01440764/n01440764_15081.JPEG,n01440764,0,tench,jpeg,70,0,tench,0.49331846833229065,True,32780,31564,1.0385249017868459,37.03739869794158,0.9913399602175952
imagenette,data/imagenette2-320/val/n01440764/n01440764_1552.JPEG,n01440764,0,tench,jpeg,70,0,tench,0.5941724181175232,True,25458,24705,1.0304796599878567,42.5427577804999,0.9916496450480342
imagenette,data/imagenette2-320/val/n01440764/n01440764_15560.JPEG,n01440764,0,tench,jpeg,70,0,tench,0.6197799444198608,True,41293,40813,1.0117609585181193,40.30538689248695,0.9958533158055247
imagenette,data/imagenette2-320/val/n01440764/n01440764_1561.JPEG,n01440764,0,tench,jpeg,70,0,tench,0.49028480052948,True,31845,30884,1.0311164356948581,40.53226022653142,0.9910753305456836
imagenette,data/imagenette2-320/val/n01440764/n01440764_16051.JPEG,n01440764,0,tench,jpeg,70,0,tench,0.45551562309265137,True,32994,32104,1.0277224021928733,40.86090468765385,0.9888004943174074
imagenette,data/imagenette2-320/val/n01440764/n01440764_16072.JPEG,n01440764,0,tench,jpeg,70,0,tench,0.5167601704597473,True,39679,38358,1.0344387090046405,38.196721664475966,0.9897454255471073
imagenette,data/imagenette2-320/val/n01440764/n01440764_16090.JPEG,n01440764,0,tench,jpeg,70,0,tench,0.4831778407096863,True,29106,28159,1.0336304556269753,41.4370599789727,0.9909241811401572
imagenette,data/imagenette2-320/val/n01440764/n01440764_16192.JPEG,n01440764,0,tench,jpeg,70,0,tench,0.4110718369483948,True,55834,53894,1.0359965858908227,34.55314806554688,0.9919529048594892
imagenette,data/imagenette2-320/val/n01440764/n01440764_16220.JPEG,n01440764,0,tench,jpeg,70,0,tench,0.47998157143592834,True,33501,32442,1.0326428703532458,39.27409087349775,0.9903561699194574
imagenette,data/imagenette2-320/val/n01440764/n01440764_16982.JPEG,n01440764,0,tench,jpeg,70,0,tench,0.42522990703582764,True,43812,42480,1.0313559322033898,39.80373158393118,0.9800720661821797
imagenette,data/imagenette2-320/val/n01440764/n01440764_17050.JPEG,n01440764,0,tench,jpeg,70,0,tench,0.6133316159248352,True,30548,29446,1.0374244379542212,40.58421366769895,0.9914764181328701
imagenette,data/imagenette2-320/val/n01440764/n01440764_172.JPEG,n01440764,0,tench,jpeg,70,0,tench,0.3894096910953522,True,24333,23595,1.031277813095995,44.306762895806315,0.991923545018957
imagenette,data/imagenette2-320/val/n01440764/n01440764_17501.JPEG,n01440764,0,tench,jpeg,70,0,tench,0.5116443037986755,True,51909,50339,1.0311885416873596,36.23512316333083,0.9898389872074335
imagenette,data/imagenette2-320/val/n01440764/n01440764_1770.JPEG,n01440764,0,tench,jpeg,70,0,tench,0.4360845983028412,True,27499,26700,1.0299250936329587,42.41423576198278,0.9917833899494385
imagenette,data/imagenette2-320/val/n01440764/n01440764_17782.JPEG,n01440764,0,tench,jpeg,70,0,tench,0.38218191266059875,True,28165,27383,1.0285578643684037,42.32575607037968,0.9902456035346564
imagenette,data/imagenette2-320/val/n01440764/n01440764_17921.JPEG,n01440764,0,tench,jpeg,70,0,tench,0.5669786930084229,True,25878,25231,1.025643058142761,42.53958545789389,0.9898816556514648
imagenette,data/imagenette2-320/val/n01440764/n01440764_18220.JPEG,n01440764,0,tench,jpeg,70,0,tench,0.27500119805336,True,26732,25935,1.030730672835936,43.11598267127338,0.9933478874233582
imagenette,data/imagenette2-320/val/n01440764/n01440764_18592.JPEG,n01440764,0,tench,jpeg,70,0,tench,0.4648504853248596,True,38021,36914,1.0299886222029582,37.760704634232525,0.9915379815088631
imagenette,data/imagenette2-320/val/n01440764/n01440764_190.JPEG,n01440764,0,tench,jpeg,70,0,tench,0.5617020726203918,True,13793,13367,1.0318695294381686,46.71668619925793,0.9941736357542109
imagenette,data/imagenette2-320/val/n01440764/n01440764_192.JPEG,n01440764,0,tench,jpeg,70,0,tench,0.5275784134864807,True,28016,27254,1.0279591986497394,40.79645701978056,0.9906111869148114
imagenette,data/imagenette2-320/val/n01440764/n01440764_19302.JPEG,n01440764,0,tench,jpeg,70,0,tench,0.4398447275161743,True,33179,32190,1.0307238272755515,40.6211185136566,0.9914537604122632
imagenette,data/imagenette2-320/val/n01440764/n01440764_1951.JPEG,n01440764,0,tench,jpeg,70,0,tench,0.5074304342269897,True,11196,10933,1.0240556114515686,46.612090314409116,0.9929359833084034
imagenette,data/imagenette2-320/val/n01440764/n01440764_19661.JPEG,n01440764,0,tench,jpeg,70,0,tench,0.5069780945777893,True,29775,28870,1.0313474194665744,41.65698156521756,0.9907979132950356
imagenette,data/imagenette2-320/val/n01440764/n01440764_1980.JPEG,n01440764,0,tench,jpeg,70,0,tench,0.36524295806884766,True,29544,28700,1.0294076655052264,39.81748055422649,0.9899184952054849
imagenette,data/imagenette2-320/val/n01440764/n01440764_200.JPEG,n01440764,0,tench,jpeg,70,0,tench,0.5196632146835327,True,35712,34697,1.0292532495604807,39.165064122223484,0.9902213763960167
imagenette,data/imagenette2-320/val/n01440764/n01440764_2001.JPEG,n01440764,0,tench,jpeg,70,0,tench,0.5708367228507996,True,38393,37022,1.0370320350062125,38.14165966057567,0.9903498065663202
imagenette,data/imagenette2-320/val/n01440764/n01440764_2002.JPEG,n01440764,0,tench,jpeg,70,0,tench,0.6057385206222534,True,16891,16407,1.0294996038276345,44.849666510338295,0.9900719858970307
imagenette,data/imagenette2-320/val/n01440764/n01440764_20451.JPEG,n01440764,0,tench,jpeg,70,0,tench,0.39768075942993164,True,49563,47892,1.0348910047607116,38.00530900287744,0.9895501289644648
imagenette,data/imagenette2-320/val/n01440764/n01440764_20592.JPEG,n01440764,0,tench,jpeg,70,0,tench,0.25080204010009766,True,35271,34036,1.0362851098836525,40.73980908594046,0.9940369402105759
imagenette,data/imagenette2-320/val/n01440764/n01440764_20650.JPEG,n01440764,0,tench,jpeg,70,0,tench,0.5133646726608276,True,56412,54598,1.033224660243965,35.70129836939719,0.9912451852709854
imagenette,data/imagenette2-320/val/n01440764/n01440764_20922.JPEG,n01440764,0,tench,jpeg,70,0,tench,0.4572904706001282,True,15135,14737,1.0270068534979981,44.88640258731906,0.9889187565623292
imagenette,data/imagenette2-320/val/n01440764/n01440764_2102.JPEG,n01440764,0,tench,jpeg,70,0,tench,0.40758049488067627,True,16611,16169,1.0273362607458718,44.6998820332048,0.9940863997297212
imagenette,data/imagenette2-320/val/n01440764/n01440764_21052.JPEG,n01440764,0,tench,jpeg,70,0,tench,0.34190648794174194,True,27791,26832,1.0357409063804413,39.84438804602932,0.9883968859803262
imagenette,data/imagenette2-320/val/n01440764/n01440764_21161.JPEG,n01440764,0,tench,jpeg,70,0,tench,0.3973653018474579,True,45619,44104,1.0343506257935788,36.598416540911316,0.9904944727718826
imagenette,data/imagenette2-320/val/n01440764/n01440764_21191.JPEG,n01440764,0,tench,jpeg,70,0,tench,0.40108489990234375,True,36209,35028,1.033715884435309,38.67679712044423,0.9908922489030489
imagenette,data/imagenette2-320/val/n01440764/n01440764_2121.JPEG,n01440764,0,tench,jpeg,70,0,tench,0.5079526901245117,True,26420,25604,1.0318700203093267,41.63489043503282,0.9902946033194056
imagenette,data/imagenette2-320/val/n01440764/n01440764_2162.JPEG,n01440764,0,tench,jpeg,70,0,tench,0.6152946352958679,True,16565,16123,1.027414252930596,45.72604600760157,0.9914725202616967
imagenette,data/imagenette2-320/val/n01440764/n01440764_21790.JPEG,n01440764,0,tench,jpeg,70,0,tench,0.5238879919052124,True,29025,28250,1.027433628318584,41.36747225537212,0.9893107398319899
imagenette,data/imagenette2-320/val/n01440764/n01440764_2221.JPEG,n01440764,0,tench,jpeg,70,0,tench,0.4422585070133209,True,28310,27590,1.0260964117433853,41.46372781495386,0.9912379609904782
imagenette,data/imagenette2-320/val/n01440764/n01440764_2271.JPEG,n01440764,0,tench,jpeg,70,0,tench,0.4636320471763611,True,51293,49371,1.038929736079885,36.11178936917718,0.9930844953522523
imagenette,data/imagenette2-320/val/n01440764/n01440764_2290.JPEG,n01440764,0,tench,jpeg,70,0,tench,0.5391285419464111,True,30134,29279,1.0292018170019468,40.992903257927864,0.9906858386898515
imagenette,data/imagenette2-320/val/n01440764/n01440764_23111.JPEG,n01440764,0,tench,jpeg,70,0,tench,0.6518229842185974,True,29510,28257,1.0443429946561913,37.079781559136634,0.9776117102011699
imagenette,data/imagenette2-320/val/n01440764/n01440764_24502.JPEG,n01440764,0,tench,jpeg,70,0,tench,0.5412548780441284,True,49716,48211,1.031216942191616,37.08701959480797,0.9905763983543171
imagenette,data/imagenette2-320/val/n01440764/n01440764_2490.JPEG,n01440764,0,tench,jpeg,70,0,tench,0.5575620532035828,True,39102,37653,1.0384829894032348,37.45959294938997,0.9920038675275453
imagenette,data/imagenette2-320/val/n01440764/n01440764_25090.JPEG,n01440764,0,tench,jpeg,70,0,tench,0.35387420654296875,True,18037,17514,1.0298618248258535,43.332840027250214,0.9875405653432342
imagenette,data/imagenette2-320/val/n01440764/n01440764_25361.JPEG,n01440764,0,tench,jpeg,70,0,tench,0.6239553689956665,True,25321,24596,1.0294763376158724,42.46522166248052,0.9913794237768876
imagenette,data/imagenette2-320/val/n01440764/n01440764_25370.JPEG,n01440764,0,tench,jpeg,70,0,tench,0.46320831775665283,True,28293,27528,1.0277898866608544,42.04223656886735,0.9908995284634542
imagenette,data/imagenette2-320/val/n01440764/n01440764_261.JPEG,n01440764,0,tench,jpeg,70,0,tench,0.5407920479774475,True,38185,37004,1.0319154685979894,41.956858557697004,0.9925378020137035
imagenette,data/imagenette2-320/val/n01440764/n01440764_26320.JPEG,n01440764,0,tench,jpeg,70,0,tench,0.5237724781036377,True,44462,43061,1.0325352407050463,37.43160907878109,0.9906198310004818
imagenette,data/imagenette2-320/val/n01440764/n01440764_26541.JPEG,n01440764,0,tench,jpeg,70,0,tench,0.503206193447113,True,30177,29198,1.0335296938146448,39.76277869621408,0.9904079556913464
imagenette,data/imagenette2-320/val/n01440764/n01440764_26631.JPEG,n01440764,0,tench,jpeg,70,0,tench,0.4928397238254547,True,35997,34803,1.0343073872941988,40.830341227434,0.9921342997861909
imagenette,data/imagenette2-320/val/n01440764/n01440764_26892.JPEG,n01440764,0,tench,jpeg,70,0,tench,0.5054019093513489,True,27406,26555,1.0320466955375636,41.866409160120114,0.9883162703776822
imagenette,data/imagenette2-320/val/n01440764/n01440764_2690.JPEG,n01440764,0,tench,jpeg,70,0,tench,0.4808257818222046,True,44757,43095,1.03856595892795,36.31869442244499,0.9889879308905823
imagenette,data/imagenette2-320/val/n01440764/n01440764_27042.JPEG,n01440764,0,tench,jpeg,70,0,tench,0.5289427042007446,True,40791,39503,1.0326051185985874,38.09272811394988,0.9910110113966489
imagenette,data/imagenette2-320/val/n01440764/n01440764_2742.JPEG,n01440764,0,tench,jpeg,70,0,tench,0.6712033152580261,True,25610,24908,1.0281837160751566,43.397676210066045,0.9919405379842869
imagenette,data/imagenette2-320/val/n01440764/n01440764_27422.JPEG,n01440764,0,tench,jpeg,70,0,tench,0.46974459290504456,True,19374,18975,1.0210276679841896,44.341337925719984,0.9904111866492021
imagenette,data/imagenette2-320/val/n01440764/n01440764_27451.JPEG,n01440764,0,tench,jpeg,70,0,tench,0.43915411829948425,True,25809,25137,1.026733500417711,40.41056568294422,0.9890925248803338
imagenette,data/imagenette2-320/val/n01440764/n01440764_2751.JPEG,n01440764,0,tench,jpeg,70,0,tench,0.5712496042251587,True,32437,31718,1.0226685162998927,40.023172914306755,0.9894009003750729
imagenette,data/imagenette2-320/val/n01440764/n01440764_27530.JPEG,n01440764,0,tench,jpeg,70,389,barracouta,0.2585214376449585,False,45865,44320,1.0348601083032491,36.86375513255329,0.9908149040583151
imagenette,data/imagenette2-320/val/n01440764/n01440764_27811.JPEG,n01440764,0,tench,jpeg,70,0,tench,0.14849600195884705,True,32194,31062,1.0364432425471637,41.69082571234347,0.9938252962734669
imagenette,data/imagenette2-320/val/n01440764/n01440764_292.JPEG,n01440764,0,tench,jpeg,70,0,tench,0.3314208984375,True,35722,34584,1.0329053897756189,38.76710128063225,0.9903552304225874
imagenette,data/imagenette2-320/val/n01440764/n01440764_2920.JPEG,n01440764,0,tench,jpeg,70,0,tench,0.5604301691055298,True,40345,38686,1.0428837305485188,39.958365519998225,0.9893192855519959
imagenette,data/imagenette2-320/val/n01440764/n01440764_2921.JPEG,n01440764,0,tench,jpeg,70,0,tench,0.5234786868095398,True,49813,48278,1.0317950205062347,39.8779267791024,0.9907727791734543
imagenette,data/imagenette2-320/val/n01440764/n01440764_29551.JPEG,n01440764,0,tench,jpeg,70,0,tench,0.4936384856700897,True,54230,52352,1.035872555012225,34.51813793911951,0.9915167966555721
imagenette,data/imagenette2-320/val/n01440764/n01440764_29670.JPEG,n01440764,0,tench,jpeg,70,0,tench,0.6681831479072571,True,17134,16748,1.0230475280630522,45.2494481584495,0.9921966335551738
imagenette,data/imagenette2-320/val/n01440764/n01440764_29681.JPEG,n01440764,0,tench,jpeg,70,0,tench,0.22641794383525848,True,30139,29210,1.0318041766518316,41.111405068060726,0.9911933090254674
imagenette,data/imagenette2-320/val/n01440764/n01440764_29712.JPEG,n01440764,0,tench,jpeg,70,0,tench,0.554398775100708,True,41196,39988,1.0302090627188156,37.79253743482054,0.9907197673551537
imagenette,data/imagenette2-320/val/n01440764/n01440764_29731.JPEG,n01440764,0,tench,jpeg,70,0,tench,0.5783237814903259,True,31338,30282,1.0348722013077076,41.646067720402755,0.993548594636132
imagenette,data/imagenette2-320/val/n01440764/n01440764_3011.JPEG,n01440764,0,tench,jpeg,70,0,tench,0.5954434275627136,True,43474,42091,1.0328573804376233,40.381101700813396,0.9920421593103498
imagenette,data/imagenette2-320/val/n01440764/n01440764_30331.JPEG,n01440764,0,tench,jpeg,70,0,tench,0.5133883953094482,True,48306,46704,1.034301130524152,35.97095715596171,0.9904573283158671
imagenette,data/imagenette2-320/val/n01440764/n01440764_3070.JPEG,n01440764,0,tench,jpeg,70,0,tench,0.637793242931366,True,11698,11394,1.0266807091451642,46.170327545653464,0.9893796006589658
imagenette,data/imagenette2-320/val/n01440764/n01440764_30782.JPEG,n01440764,0,tench,jpeg,70,0,tench,0.40854787826538086,True,33136,31918,1.0381602857321888,39.0976092086878,0.9902835893370012
imagenette,data/imagenette2-320/val/n01440764/n01440764_31170.JPEG,n01440764,0,tench,jpeg,70,0,tench,0.43706947565078735,True,22642,22049,1.0268946437480158,43.907042164814534,0.9918899956781803
imagenette,data/imagenette2-320/val/n01440764/n01440764_3151.JPEG,n01440764,0,tench,jpeg,70,0,tench,0.5433259606361389,True,38236,36977,1.0340481921194256,38.698252484981104,0.9917303294867789
imagenette,data/imagenette2-320/val/n01440764/n01440764_3172.JPEG,n01440764,0,tench,jpeg,70,0,tench,0.48249128460884094,True,27215,26372,1.0319657212194753,39.46592708095576,0.9904155189001291
imagenette,data/imagenette2-320/val/n01440764/n01440764_320.JPEG,n01440764,0,tench,jpeg,70,0,tench,0.4261462390422821,True,36675,35419,1.0354611931449222,38.036432140093076,0.9904766665691146
imagenette,data/imagenette2-320/val/n01440764/n01440764_3202.JPEG,n01440764,0,tench,jpeg,70,0,tench,0.5989562273025513,True,16627,16139,1.0302373133403557,45.37502699398422,0.9920281435451109
imagenette,data/imagenette2-320/val/n01440764/n01440764_32420.JPEG,n01440764,0,tench,jpeg,70,0,tench,0.5529879927635193,True,27795,26983,1.0300930215320758,41.54515137597975,0.9904353060111566
imagenette,data/imagenette2-320/val/n01440764/n01440764_3251.JPEG,n01440764,0,tench,jpeg,70,0,tench,0.3139543831348419,True,42321,41071,1.0304351001923497,37.43686222061368,0.9906255767256305
imagenette,data/imagenette2-320/val/n01440764/n01440764_3271.JPEG,n01440764,0,tench,jpeg,70,0,tench,0.4558924436569214,True,25785,24943,1.0337569658822114,42.86954764688471,0.9918019673644167
imagenette,data/imagenette2-320/val/n01440764/n01440764_3281.JPEG,n01440764,0,tench,jpeg,70,0,tench,0.5708960294723511,True,26585,25828,1.0293092767539105,42.917597811096755,0.9907047926275606
imagenette,data/imagenette2-320/val/n01440764/n01440764_341.JPEG,n01440764,0,tench,jpeg,70,0,tench,0.5818493366241455,True,21971,21265,1.033200094051258,43.70211256835159,0.9728180747031382
imagenette,data/imagenette2-320/val/n01440764/n01440764_3421.JPEG,n01440764,0,tench,jpeg,70,0,tench,0.3037654161453247,True,24906,24132,1.0320735952262556,40.92393033891044,0.9896814905633063
imagenette,data/imagenette2-320/val/n01440764/n01440764_3432.JPEG,n01440764,0,tench,jpeg,70,0,tench,0.5271419882774353,True,28555,27702,1.0307920005775757,41.583741803008714,0.9899206210148082
imagenette,data/imagenette2-320/val/n01440764/n01440764_3560.JPEG,n01440764,0,tench,jpeg,70,0,tench,0.45035719871520996,True,16461,16017,1.0277205469188986,43.9227173045269,0.9902278362227515
imagenette,data/imagenette2-320/val/n01440764/n01440764_3712.JPEG,n01440764,0,tench,jpeg,70,0,tench,0.4002280831336975,True,50884,49295,1.0322345065422456,36.48706654842325,0.9913056978371725
imagenette,data/imagenette2-320/val/n01440764/n01440764_3760.JPEG,n01440764,0,tench,jpeg,70,0,tench,0.6607726812362671,True,17416,16897,1.0307155116292832,43.77345042146219,0.9888468552898774
imagenette,data/imagenette2-320/val/n01440764/n01440764_3761.JPEG,n01440764,0,tench,jpeg,70,0,tench,0.6088857054710388,True,18100,17588,1.0291107573345464,44.28314757487122,0.9929382154975078
imagenette,data/imagenette2-320/val/n01440764/n01440764_3781.JPEG,n01440764,0,tench,jpeg,70,0,tench,0.37698158621788025,True,26092,25370,1.0284588096176586,41.92974153531519,0.9910600742857053
imagenette,data/imagenette2-320/val/n01440764/n01440764_3782.JPEG,n01440764,0,tench,jpeg,70,0,tench,0.5539007186889648,True,18537,17958,1.0322418977614434,43.16703946213053,0.9928734534841092
imagenette,data/imagenette2-320/val/n01440764/n01440764_421.JPEG,n01440764,0,tench,jpeg,70,0,tench,0.5854994654655457,True,40108,38885,1.0314517166002315,42.33275596002809,0.9925069122363533
imagenette,data/imagenette2-320/val/n01440764/n01440764_4221.JPEG,n01440764,0,tench,jpeg,70,0,tench,0.18393129110336304,True,47167,45452,1.037732112998328,35.71091355360504,0.9899226695657829
imagenette,data/imagenette2-320/val/n01440764/n01440764_4260.JPEG,n01440764,0,tench,jpeg,70,0,tench,0.544100821018219,True,27049,26155,1.0341808449627223,40.477082327910324,0.9909165858573262
imagenette,data/imagenette2-320/val/n01440764/n01440764_4341.JPEG,n01440764,0,tench,jpeg,70,0,tench,0.5460353493690491,True,33583,32502,1.0332594917235862,40.19247554262472,0.9910954087507774
imagenette,data/imagenette2-320/val/n01440764/n01440764_4360.JPEG,n01440764,0,tench,jpeg,70,0,tench,0.4974405765533447,True,21553,20881,1.0321823667448877,42.99823216417906,0.9855865432035352
imagenette,data/imagenette2-320/val/n01440764/n01440764_4490.JPEG,n01440764,0,tench,jpeg,70,0,tench,0.4134434461593628,True,29754,28810,1.0327664005553627,40.87292534197988,0.9904202105405635
imagenette,data/imagenette2-320/val/n01440764/n01440764_451.JPEG,n01440764,0,tench,jpeg,70,0,tench,0.6085734963417053,True,28517,27888,1.0225545037292025,43.78839282678797,0.9915046654413415
imagenette,data/imagenette2-320/val/n01440764/n01440764_4510.JPEG,n01440764,0,tench,jpeg,70,0,tench,0.532505989074707,True,17998,17444,1.0317587709241,43.125245890792165,0.993453808471509
imagenette,data/imagenette2-320/val/n01440764/n01440764_4512.JPEG,n01440764,0,tench,jpeg,70,0,tench,0.41349995136260986,True,18294,17750,1.0306478873239437,44.376766107897076,0.9911782040797577
imagenette,data/imagenette2-320/val/n01440764/n01440764_4540.JPEG,n01440764,0,tench,jpeg,70,0,tench,0.4202369749546051,True,52498,50024,1.0494562609947224,33.38865450956356,0.9871363198155021
imagenette,data/imagenette2-320/val/n01440764/n01440764_4562.JPEG,n01440764,0,tench,jpeg,70,0,tench,0.5183172225952148,True,49995,48280,1.0355219552609776,37.25449787552017,0.9919010449746345
imagenette,data/imagenette2-320/val/n01440764/n01440764_4611.JPEG,n01440764,0,tench,jpeg,70,0,tench,0.5237913727760315,True,26218,25373,1.0333031174870926,40.81964784969897,0.9911594739119503
imagenette,data/imagenette2-320/val/n01440764/n01440764_4681.JPEG,n01440764,0,tench,jpeg,70,0,tench,0.47900164127349854,True,27421,26561,1.0323782990098265,40.225400599091856,0.9921424822185764
imagenette,data/imagenette2-320/val/n01440764/n01440764_4852.JPEG,n01440764,0,tench,jpeg,70,0,tench,0.5945748686790466,True,26847,25989,1.0330139674477663,42.05818366751231,0.9915904516130536
imagenette,data/imagenette2-320/val/n01440764/n01440764_490.JPEG,n01440764,0,tench,jpeg,70,0,tench,0.43662789463996887,True,34623,33502,1.0334606889140947,40.16191002070429,0.9894697720706418
imagenette,data/imagenette2-320/val/n01440764/n01440764_4942.JPEG,n01440764,0,tench,jpeg,70,0,tench,0.3753853738307953,True,34051,32861,1.0362131401965857,40.787201618265414,0.9936488103300972
imagenette,data/imagenette2-320/val/n01440764/n01440764_4962.JPEG,n01440764,0,tench,jpeg,70,58,water snake,0.3598286509513855,False,30559,29696,1.0290611530172413,42.829652429461866,0.9912891171779208
imagenette,data/imagenette2-320/val/n01440764/n01440764_4980.JPEG,n01440764,0,tench,jpeg,70,0,tench,0.47414278984069824,True,23028,22329,1.03130458148596,43.824712354425046,0.9925308978006319
imagenette,data/imagenette2-320/val/n01440764/n01440764_5081.JPEG,n01440764,0,tench,jpeg,70,0,tench,0.3665303587913513,True,18724,18280,1.024288840262582,44.761173721468396,0.990878199054381
imagenette,data/imagenette2-320/val/n01440764/n01440764_5091.JPEG,n01440764,0,tench,jpeg,70,0,tench,0.43943411111831665,True,24070,23352,1.0307468311065433,41.95603055989339,0.9886896709496135
imagenette,data/imagenette2-320/val/n01440764/n01440764_5112.JPEG,n01440764,0,tench,jpeg,70,0,tench,0.5885788202285767,True,15892,15375,1.0336260162601627,45.51148786007296,0.9939721979959586
imagenette,data/imagenette2-320/val/n01440764/n01440764_522.JPEG,n01440764,0,tench,jpeg,70,0,tench,0.2889384627342224,True,27663,26835,1.0308552263834545,40.878044064808485,0.992632716407358
imagenette,data/imagenette2-320/val/n01440764/n01440764_5232.JPEG,n01440764,0,tench,jpeg,70,0,tench,0.6025415658950806,True,21120,20587,1.0258901248360617,44.46184725899962,0.9916313871109863
imagenette,data/imagenette2-320/val/n01440764/n01440764_5361.JPEG,n01440764,0,tench,jpeg,70,0,tench,0.46986016631126404,True,14680,14393,1.0199402487320226,46.290389241105274,0.9919306079236215
imagenette,data/imagenette2-320/val/n01440764/n01440764_5410.JPEG,n01440764,0,tench,jpeg,70,0,tench,0.4403016269207001,True,16482,15914,1.0356918436596707,42.080783785119166,0.9831986406633871
imagenette,data/imagenette2-320/val/n01440764/n01440764_5432.JPEG,n01440764,0,tench,jpeg,70,0,tench,0.5779017806053162,True,30413,29535,1.0297274420179447,41.40640554583361,0.9917671902786974
imagenette,data/imagenette2-320/val/n01440764/n01440764_5481.JPEG,n01440764,0,tench,jpeg,70,0,tench,0.47947943210601807,True,24569,23802,1.032224182841778,41.606350151529874,0.9894439254652735
imagenette,data/imagenette2-320/val/n01440764/n01440764_5490.JPEG,n01440764,0,tench,jpeg,70,0,tench,0.5084552764892578,True,33530,32466,1.0327727468736525,40.14050584673428,0.9923597227366958
imagenette,data/imagenette2-320/val/n01440764/n01440764_5501.JPEG,n01440764,0,tench,jpeg,70,0,tench,0.48225629329681396,True,39647,38304,1.035061612364244,39.10377544200438,0.9913997513124156
imagenette,data/imagenette2-320/val/n01440764/n01440764_5642.JPEG,n01440764,0,tench,jpeg,70,0,tench,0.42497363686561584,True,26843,26018,1.031708816972865,42.43977598119149,0.9904440799876584
imagenette,data/imagenette2-320/val/n01440764/n01440764_5680.JPEG,n01440764,0,tench,jpeg,70,0,tench,0.5838852524757385,True,19237,18901,1.0177768372043807,46.66838361342974,0.9917041918245268
imagenette,data/imagenette2-320/val/n01440764/n01440764_5690.JPEG,n01440764,0,tench,jpeg,70,390,eel,0.3370942771434784,False,12445,12062,1.0317526115072126,45.27549731348891,0.9896659055581981
imagenette,data/imagenette2-320/val/n01440764/n01440764_5731.JPEG,n01440764,0,tench,jpeg,70,389,barracouta,0.28910040855407715,False,23861,23202,1.0284027239031117,42.76931270057016,0.9914014754367773
imagenette,data/imagenette2-320/val/n01440764/n01440764_5781.JPEG,n01440764,0,tench,jpeg,70,0,tench,0.47608324885368347,True,29522,28553,1.0339368892935943,40.16146979652194,0.9900405343354245
imagenette,data/imagenette2-320/val/n01440764/n01440764_5802.JPEG,n01440764,0,tench,jpeg,70,0,tench,0.44911444187164307,True,21430,20848,1.0279163468917882,43.672635915357326,0.9931000521939359
imagenette,data/imagenette2-320/val/n01440764/n01440764_5861.JPEG,n01440764,0,tench,jpeg,70,0,tench,0.5607513785362244,True,31036,30185,1.0281928109988405,40.39444442586643,0.9896366567341114
imagenette,data/imagenette2-320/val/n01440764/n01440764_5902.JPEG,n01440764,0,tench,jpeg,70,0,tench,0.3857744038105011,True,46366,44701,1.037247488870495,37.15057747724272,0.9922875606737583
imagenette,data/imagenette2-320/val/n01440764/n01440764_5911.JPEG,n01440764,0,tench,jpeg,70,389,barracouta,0.322151780128479,False,13278,13000,1.0213846153846153,45.836552392805615,0.9907464730705754
imagenette,data/imagenette2-320/val/n01440764/n01440764_5941.JPEG,n01440764,0,tench,jpeg,70,0,tench,0.47082921862602234,True,22934,22267,1.029954641397584,42.65463562541395,0.9919121892103676
imagenette,data/imagenette2-320/val/n01440764/n01440764_5990.JPEG,n01440764,0,tench,jpeg,70,0,tench,0.5217852592468262,True,29701,28728,1.033869395711501,42.35214715235428,0.9921075808508961
imagenette,data/imagenette2-320/val/n01440764/n01440764_600.JPEG,n01440764,0,tench,jpeg,70,0,tench,0.47352418303489685,True,23981,23283,1.0299789546020701,41.390054590105684,0.9827112708008509
imagenette,data/imagenette2-320/val/n01440764/n01440764_6021.JPEG,n01440764,0,tench,jpeg,70,0,tench,0.47769588232040405,True,25720,24904,1.0327658207516865,42.668642071196814,0.9932943571917141
imagenette,data/imagenette2-320/val/n01440764/n01440764_6052.JPEG,n01440764,0,tench,jpeg,70,0,tench,0.5544511675834656,True,31588,30671,1.02989794920283,40.273360328057734,0.9914022123355801
imagenette,data/imagenette2-320/val/n01440764/n01440764_6130.JPEG,n01440764,0,tench,jpeg,70,0,tench,0.5022487640380859,True,13979,13571,1.0300641072875985,46.612529150300254,0.9935395938046785
imagenette,data/imagenette2-320/val/n01440764/n01440764_6190.JPEG,n01440764,0,tench,jpeg,70,0,tench,0.3746925890445709,True,46221,44494,1.0388142221423113,36.74605545297307,0.9916062855648647
imagenette,data/imagenette2-320/val/n01440764/n01440764_622.JPEG,n01440764,0,tench,jpeg,70,0,tench,0.41740697622299194,True,30823,29893,1.0311109624326766,40.75065312155325,0.9916719073684416
imagenette,data/imagenette2-320/val/n01440764/n01440764_6301.JPEG,n01440764,0,tench,jpeg,70,0,tench,0.44169533252716064,True,39433,38086,1.035367326576695,37.930491169631196,0.9916260237519646
imagenette,data/imagenette2-320/val/n01440764/n01440764_6341.JPEG,n01440764,0,tench,jpeg,70,0,tench,0.5395094156265259,True,15534,15099,1.028809854957282,45.68993161619963,0.9796620110440584
imagenette,data/imagenette2-320/val/n01440764/n01440764_6361.JPEG,n01440764,0,tench,jpeg,70,0,tench,0.5055791139602661,True,35732,34612,1.0323587195192419,39.51092410797566,0.9915750878158365
imagenette,data/imagenette2-320/val/n01440764/n01440764_6380.JPEG,n01440764,0,tench,jpeg,70,0,tench,0.3196113109588623,True,14482,14109,1.0264370260117655,45.46520401099517,0.9568148173078089
imagenette,data/imagenette2-320/val/n01440764/n01440764_6391.JPEG,n01440764,0,tench,jpeg,70,0,tench,0.6114115715026855,True,29233,28417,1.0287152056867368,41.40576362233897,0.9893435141859994
imagenette,data/imagenette2-320/val/n01440764/n01440764_6410.JPEG,n01440764,0,tench,jpeg,70,0,tench,0.6076473593711853,True,24830,24073,1.0314460183608192,42.793935277115324,0.9926091792468931
imagenette,data/imagenette2-320/val/n01440764/n01440764_6421.JPEG,n01440764,0,tench,jpeg,70,0,tench,0.4355592429637909,True,36976,35785,1.0332821014391504,38.72952440343429,0.9910709621943798
imagenette,data/imagenette2-320/val/n01440764/n01440764_6432.JPEG,n01440764,0,tench,jpeg,70,0,tench,0.5497121214866638,True,13683,13347,1.02517419644864,46.023245369627055,0.9898959321940141
imagenette,data/imagenette2-320/val/n01440764/n01440764_6471.JPEG,n01440764,0,tench,jpeg,70,0,tench,0.41632890701293945,True,42360,41056,1.0317614964925954,37.79643716965786,0.992110858296853
imagenette,data/imagenette2-320/val/n01440764/n01440764_650.JPEG,n01440764,0,tench,jpeg,70,0,tench,0.5201551914215088,True,26109,25405,1.0277110804959653,41.09949461256437,0.9912820876476006
imagenette,data/imagenette2-320/val/n01440764/n01440764_6500.JPEG,n01440764,0,tench,jpeg,70,0,tench,0.42432713508605957,True,53644,51700,1.0376015473887814,34.996320904750405,0.991446471734986
imagenette,data/imagenette2-320/val/n01440764/n01440764_6501.JPEG,n01440764,0,tench,jpeg,70,0,tench,0.2699967324733734,True,28385,27502,1.0321067558723003,40.25871986056411,0.9902364433042393
imagenette,data/imagenette2-320/val/n01440764/n01440764_6550.JPEG,n01440764,0,tench,jpeg,70,0,tench,0.34833449125289917,True,20068,19506,1.0288116476981441,43.96791555762407,0.9522573745337287
imagenette,data/imagenette2-320/val/n01440764/n01440764_6570.JPEG,n01440764,0,tench,jpeg,70,0,tench,0.6083572506904602,True,24422,23714,1.0298557813949565,43.0565234643601,0.9913522833877476
imagenette,data/imagenette2-320/val/n01440764/n01440764_6572.JPEG,n01440764,0,tench,jpeg,70,0,tench,0.563377320766449,True,31168,30148,1.0338330900888948,41.710455254339635,0.9934091314980606
imagenette,data/imagenette2-320/val/n01440764/n01440764_6641.JPEG,n01440764,0,tench,jpeg,70,0,tench,0.45987483859062195,True,24796,23970,1.0344597413433458,43.145541074082,0.9920817606470523
imagenette,data/imagenette2-320/val/n01440764/n01440764_6642.JPEG,n01440764,0,tench,jpeg,70,0,tench,0.494963675737381,True,24182,23317,1.037097396749153,40.00987086381801,0.9885005454789559
imagenette,data/imagenette2-320/val/n01440764/n01440764_6672.JPEG,n01440764,0,tench,jpeg,70,0,tench,0.5632060766220093,True,32700,31642,1.0334365716452816,42.321633011014455,0.9935283018903062
imagenette,data/imagenette2-320/val/n01440764/n01440764_6751.JPEG,n01440764,0,tench,jpeg,70,0,tench,0.5437961220741272,True,33438,32495,1.0290198492075704,39.16848408189225,0.9905813342556614
imagenette,data/imagenette2-320/val/n01440764/n01440764_6760.JPEG,n01440764,0,tench,jpeg,70,0,tench,0.3777276575565338,True,26787,25928,1.033130206726319,42.41000863659994,0.9928120697900032
imagenette,data/imagenette2-320/val/n01440764/n01440764_6812.JPEG,n01440764,0,tench,jpeg,70,0,tench,0.5265311002731323,True,25060,24313,1.0307243038703575,43.563792864234465,0.9925053351887531
imagenette,data/imagenette2-320/val/n01440764/n01440764_6831.JPEG,n01440764,0,tench,jpeg,70,0,tench,0.6594278812408447,True,23821,23108,1.0308551151116496,44.208743848046964,0.9926174521738668
imagenette,data/imagenette2-320/val/n01440764/n01440764_6852.JPEG,n01440764,0,tench,jpeg,70,0,tench,0.4762018620967865,True,19231,18657,1.0307659323578282,43.604794646557856,0.9889397555646169
imagenette,data/imagenette2-320/val/n01440764/n01440764_6870.JPEG,n01440764,0,tench,jpeg,70,0,tench,0.5718636512756348,True,38086,36937,1.0311070200611852,38.52100983413979,0.9907628780008579
imagenette,data/imagenette2-320/val/n01440764/n01440764_6962.JPEG,n01440764,0,tench,jpeg,70,0,tench,0.393581748008728,True,18943,18399,1.0295668242839284,42.286184744154546,0.9907742400952054
imagenette,data/imagenette2-320/val/n01440764/n01440764_6990.JPEG,n01440764,0,tench,jpeg,70,0,tench,0.5045225024223328,True,15031,14612,1.028675061593211,44.46153898097438,0.9523412348691087
imagenette,data/imagenette2-320/val/n01440764/n01440764_7030.JPEG,n01440764,0,tench,jpeg,70,0,tench,0.5068918466567993,True,37021,35831,1.0332114649326003,39.19348003438489,0.991553941391092
imagenette,data/imagenette2-320/val/n01440764/n01440764_7040.JPEG,n01440764,0,tench,jpeg,70,0,tench,0.4845491647720337,True,30609,29692,1.0308837397278727,42.30135947427617,0.9887088240368559
imagenette,data/imagenette2-320/val/n01440764/n01440764_710.JPEG,n01440764,0,tench,jpeg,70,0,tench,0.48411157727241516,True,24180,23367,1.034792656310181,42.583292072388716,0.9912885304192433
imagenette,data/imagenette2-320/val/n01440764/n01440764_7131.JPEG,n01440764,0,tench,jpeg,70,0,tench,0.7134153842926025,True,32356,31346,1.0322210170356665,38.66520708771499,0.9907340932239789
imagenette,data/imagenette2-320/val/n01440764/n01440764_7142.JPEG,n01440764,0,tench,jpeg,70,0,tench,0.489153116941452,True,26054,25301,1.0297616694992293,41.962804079664444,0.9900036434171939
imagenette,data/imagenette2-320/val/n01440764/n01440764_7160.JPEG,n01440764,0,tench,jpeg,70,0,tench,0.3809968829154968,True,28560,27602,1.0347076298818927,41.014419386151914,0.9911692907534152
imagenette,data/imagenette2-320/val/n01440764/n01440764_7210.JPEG,n01440764,0,tench,jpeg,70,0,tench,0.4781372845172882,True,31391,30522,1.0284712666273508,38.84929475212873,0.9917574363998479
imagenette,data/imagenette2-320/val/n01440764/n01440764_7230.JPEG,n01440764,0,tench,jpeg,70,0,tench,0.538203775882721,True,32788,31747,1.0327904998897535,39.46458672844057,0.9915486966937225
imagenette,data/imagenette2-320/val/n01440764/n01440764_7272.JPEG,n01440764,0,tench,jpeg,70,0,tench,0.5582436323165894,True,43848,42242,1.0380190331897163,37.313418757077905,0.9923072482377876
imagenette,data/imagenette2-320/val/n01440764/n01440764_7302.JPEG,n01440764,0,tench,jpeg,70,0,tench,0.5475810170173645,True,30809,29880,1.031091030789826,40.560494491034895,0.9915824458624423
imagenette,data/imagenette2-320/val/n01440764/n01440764_7362.JPEG,n01440764,0,tench,jpeg,70,0,tench,0.4183262586593628,True,52170,49815,1.0472749171936164,33.460497456910744,0.9871490861634098
imagenette,data/imagenette2-320/val/n01440764/n01440764_7411.JPEG,n01440764,0,tench,jpeg,70,0,tench,0.47510194778442383,True,45205,43698,1.0344867041969885,37.787812821953494,0.9936874392591609
imagenette,data/imagenette2-320/val/n01440764/n01440764_7462.JPEG,n01440764,0,tench,jpeg,70,0,tench,0.5714488625526428,True,29306,28571,1.0257253858807882,41.69301016735729,0.9909736119125426
imagenette,data/imagenette2-320/val/n01440764/n01440764_7492.JPEG,n01440764,0,tench,jpeg,70,389,barracouta,0.27513009309768677,False,24243,23556,1.0291645440652064,43.33782981512016,0.9917288155093811
imagenette,data/imagenette2-320/val/n01440764/n01440764_7501.JPEG,n01440764,0,tench,jpeg,70,0,tench,0.4997190535068512,True,42930,41495,1.0345824798168455,37.10901698372404,0.991603326600618
imagenette,data/imagenette2-320/val/n01440764/n01440764_752.JPEG,n01440764,0,tench,jpeg,70,0,tench,0.5568289160728455,True,25665,24955,1.0284512121819274,42.42445429940605,0.9920355344720392
imagenette,data/imagenette2-320/val/n01440764/n01440764_7521.JPEG,n01440764,0,tench,jpeg,70,0,tench,0.5137739777565002,True,31316,30183,1.037537686777325,41.097410399954,0.9923238750931535
imagenette,data/imagenette2-320/val/n01440764/n01440764_7531.JPEG,n01440764,0,tench,jpeg,70,0,tench,0.4720458984375,True,22855,22210,1.0290409725348941,42.14800852895581,0.9905484265183726
imagenette,data/imagenette2-320/val/n01440764/n01440764_7562.JPEG,n01440764,0,tench,jpeg,70,389,barracouta,0.6034597754478455,False,28925,28005,1.0328512765577575,43.20542769275185,0.9936642211581205
imagenette,data/imagenette2-320/val/n01440764/n01440764_7571.JPEG,n01440764,0,tench,jpeg,70,0,tench,0.5068227052688599,True,21530,20939,1.0282248435932948,43.09555879026021,0.9925798241171851
imagenette,data/imagenette2-320/val/n01440764/n01440764_7591.JPEG,n01440764,0,tench,jpeg,70,0,tench,0.5377762913703918,True,30384,29451,1.03167973922787,44.45993252590726,0.9955048192090818
imagenette,data/imagenette2-320/val/n01440764/n01440764_7610.JPEG,n01440764,0,tench,jpeg,70,0,tench,0.34309259057044983,True,33568,32524,1.032099372770877,39.89110455993922,0.9912465713289554
imagenette,data/imagenette2-320/val/n01440764/n01440764_762.JPEG,n01440764,0,tench,jpeg,70,0,tench,0.44977670907974243,True,28409,27593,1.0295727177182619,42.381206688521225,0.9922193277757576
imagenette,data/imagenette2-320/val/n01440764/n01440764_7632.JPEG,n01440764,0,tench,jpeg,70,0,tench,0.47163257002830505,True,29556,28718,1.0291803050351696,41.10479819773252,0.9898520670373409
imagenette,data/imagenette2-320/val/n01440764/n01440764_7671.JPEG,n01440764,0,tench,jpeg,70,0,tench,0.42479458451271057,True,24793,24065,1.0302514024516933,40.387304833867276,0.9898689507016458
imagenette,data/imagenette2-320/val/n01440764/n01440764_7701.JPEG,n01440764,0,tench,jpeg,70,0,tench,0.3727182149887085,True,25350,24601,1.0304459168326492,41.07449963646009,0.9907789806066355
imagenette,data/imagenette2-320/val/n01440764/n01440764_7752.JPEG,n01440764,0,tench,jpeg,70,0,tench,0.6139519810676575,True,16855,16431,1.0258048810175886,43.30788614047992,0.991380697616075
imagenette,data/imagenette2-320/val/n01440764/n01440764_7772.JPEG,n01440764,0,tench,jpeg,70,0,tench,0.6119643449783325,True,23063,22339,1.0324096870943194,43.642649602364116,0.9941635623638635
imagenette,data/imagenette2-320/val/n01440764/n01440764_7792.JPEG,n01440764,0,tench,jpeg,70,0,tench,0.501690685749054,True,13829,13425,1.0300931098696462,43.91871056343014,0.9933792796127155
imagenette,data/imagenette2-320/val/n01440764/n01440764_7820.JPEG,n01440764,0,tench,jpeg,70,0,tench,0.5465215444564819,True,33308,32101,1.037600074764026,40.76326450541947,0.9935549617439768
imagenette,data/imagenette2-320/val/n01440764/n01440764_7922.JPEG,n01440764,0,tench,jpeg,70,0,tench,0.5065333843231201,True,24192,23398,1.0339345243183178,41.72096360823336,0.9935550124190039
imagenette,data/imagenette2-320/val/n01440764/n01440764_7950.JPEG,n01440764,0,tench,jpeg,70,0,tench,0.5202928185462952,True,27632,26700,1.0349063670411984,41.3628134396835,0.991779661225209
imagenette,data/imagenette2-320/val/n01440764/n01440764_7982.JPEG,n01440764,0,tench,jpeg,70,0,tench,0.4898436665534973,True,33137,32135,1.0311809553446398,40.41444491188046,0.9891175779779212
imagenette,data/imagenette2-320/val/n01440764/n01440764_8012.JPEG,n01440764,0,tench,jpeg,70,0,tench,0.49875760078430176,True,27687,26672,1.0380548890221957,40.966765658067594,0.9941823223439794
imagenette,data/imagenette2-320/val/n01440764/n01440764_8030.JPEG,n01440764,0,tench,jpeg,70,0,tench,0.5275154113769531,True,25024,24357,1.0273843248347498,42.501496321546945,0.9901947894731223
imagenette,data/imagenette2-320/val/n01440764/n01440764_8052.JPEG,n01440764,0,tench,jpeg,70,0,tench,0.4590752124786377,True,25650,24993,1.026287360460929,42.596279037276794,0.991336771019358
imagenette,data/imagenette2-320/val/n01440764/n01440764_8082.JPEG,n01440764,0,tench,jpeg,70,0,tench,0.4767913520336151,True,16794,16423,1.0225902697436522,44.6683991013763,0.9915467851877803
imagenette,data/imagenette2-320/val/n01440764/n01440764_8112.JPEG,n01440764,0,tench,jpeg,70,0,tench,0.41959184408187866,True,43914,42439,1.0347557671010155,37.32034976801049,0.9905314368671677
imagenette,data/imagenette2-320/val/n01440764/n01440764_8142.JPEG,n01440764,0,tench,jpeg,70,0,tench,0.4986795485019684,True,23504,22882,1.027182938554322,42.05512602192897,0.9895538628190748
imagenette,data/imagenette2-320/val/n01440764/n01440764_8150.JPEG,n01440764,0,tench,jpeg,70,0,tench,0.5679771900177002,True,23022,22299,1.0324229786089063,43.23984462348896,0.9933775151144987
imagenette,data/imagenette2-320/val/n01440764/n01440764_8160.JPEG,n01440764,0,tench,jpeg,70,0,tench,0.4858782887458801,True,41381,40018,1.034059673147084,38.425855192427434,0.9925473967431241
imagenette,data/imagenette2-320/val/n01440764/n01440764_8191.JPEG,n01440764,0,tench,jpeg,70,0,tench,0.5766634941101074,True,30559,29594,1.0326079610731904,42.83343342331655,0.9931450015457823
imagenette,data/imagenette2-320/val/n01440764/n01440764_8210.JPEG,n01440764,0,tench,jpeg,70,0,tench,0.4870070517063141,True,17915,17341,1.0331007439017357,43.44049171403529,0.9890422043590551
imagenette,data/imagenette2-320/val/n01440764/n01440764_8221.JPEG,n01440764,0,tench,jpeg,70,0,tench,0.404468297958374,True,35183,34071,1.0326377270992926,41.32968812070835,0.9929876300256769
imagenette,data/imagenette2-320/val/n01440764/n01440764_8240.JPEG,n01440764,0,tench,jpeg,70,0,tench,0.45476555824279785,True,39213,38026,1.0312154841424288,38.43873607025408,0.9896495912898703
imagenette,data/imagenette2-320/val/n01440764/n01440764_8250.JPEG,n01440764,0,tench,jpeg,70,0,tench,0.26658952236175537,True,38106,36925,1.03198375084631,38.24306787960889,0.9908073622725354
imagenette,data/imagenette2-320/val/n01440764/n01440764_8260.JPEG,n01440764,0,tench,jpeg,70,0,tench,0.5271973013877869,True,14516,14123,1.0278269489485237,44.05481092248713,0.9887691101564965
imagenette,data/imagenette2-320/val/n01440764/n01440764_8302.JPEG,n01440764,0,tench,jpeg,70,0,tench,0.5094394087791443,True,23586,22804,1.0342922294334327,44.10856323416327,0.9937669307259188
imagenette,data/imagenette2-320/val/n01440764/n01440764_8311.JPEG,n01440764,0,tench,jpeg,70,1,goldfish,0.18517933785915375,False,19842,19438,1.0207840312789382,44.00090014877675,0.987101769922492
imagenette,data/imagenette2-320/val/n01440764/n01440764_8312.JPEG,n01440764,0,tench,jpeg,70,0,tench,0.42375656962394714,True,34147,32974,1.0355734821374416,40.493351802569116,0.992496407264272
imagenette,data/imagenette2-320/val/n01440764/n01440764_8421.JPEG,n01440764,0,tench,jpeg,70,0,tench,0.6625416874885559,True,30681,29890,1.026463700234192,42.657979783727875,0.9913815704137962
imagenette,data/imagenette2-320/val/n01440764/n01440764_8442.JPEG,n01440764,0,tench,jpeg,70,0,tench,0.44681301712989807,True,28321,27365,1.0349351361227845,40.82851817306291,0.9926401420661931
imagenette,data/imagenette2-320/val/n01440764/n01440764_8451.JPEG,n01440764,0,tench,jpeg,70,0,tench,0.5533658266067505,True,43001,41861,1.0272329853562983,40.406647610667605,0.9898953304748644
imagenette,data/imagenette2-320/val/n01440764/n01440764_8521.JPEG,n01440764,0,tench,jpeg,70,0,tench,0.5503617525100708,True,39409,38225,1.0309744931327665,38.09393149267063,0.9898135381398566
imagenette,data/imagenette2-320/val/n01440764/n01440764_8531.JPEG,n01440764,0,tench,jpeg,70,0,tench,0.6094143986701965,True,19819,19266,1.0287034153430914,44.0102608747961,0.992306735211551
imagenette,data/imagenette2-320/val/n01440764/n01440764_8572.JPEG,n01440764,0,tench,jpeg,70,0,tench,0.5619562268257141,True,37435,36200,1.0341160220994474,38.53384671190122,0.9920246284662904
imagenette,data/imagenette2-320/val/n01440764/n01440764_8580.JPEG,n01440764,0,tench,jpeg,70,0,tench,0.3466203212738037,True,22128,21495,1.0294487090020936,42.622708677924436,0.991099486339078
imagenette,data/imagenette2-320/val/n01440764/n01440764_8600.JPEG,n01440764,0,tench,jpeg,70,0,tench,0.5298603773117065,True,26018,25233,1.0311100542939802,43.18880178895253,0.9935929703391607
imagenette,data/imagenette2-320/val/n01440764/n01440764_8601.JPEG,n01440764,0,tench,jpeg,70,0,tench,0.45747652649879456,True,37895,36769,1.0306236231608148,38.495468985059645,0.9909079343549406
imagenette,data/imagenette2-320/val/n01440764/n01440764_8610.JPEG,n01440764,0,tench,jpeg,70,0,tench,0.47780004143714905,True,32427,31221,1.0386278466416834,38.46348585735256,0.9902179041808896
imagenette,data/imagenette2-320/val/n01440764/n01440764_8611.JPEG,n01440764,0,tench,jpeg,70,0,tench,0.489800363779068,True,36445,35345,1.0311217994058566,39.75224943171338,0.9916558618505666
imagenette,data/imagenette2-320/val/n01440764/n01440764_8622.JPEG,n01440764,0,tench,jpeg,70,0,tench,0.29268720746040344,True,41794,40473,1.0326390433128259,43.941463834489795,0.9931001832366407
imagenette,data/imagenette2-320/val/n01440764/n01440764_8710.JPEG,n01440764,0,tench,jpeg,70,0,tench,0.5697894096374512,True,23505,22856,1.0283951697584879,42.97926479614156,0.9914812585890983
imagenette,data/imagenette2-320/val/n01440764/n01440764_8771.JPEG,n01440764,0,tench,jpeg,70,0,tench,0.364850789308548,True,24035,23315,1.030881406819644,41.740375347315535,0.991660728974289
imagenette,data/imagenette2-320/val/n01440764/n01440764_8782.JPEG,n01440764,0,tench,jpeg,70,0,tench,0.5680214762687683,True,29166,28166,1.035503798906483,41.512490280068675,0.992744185216254
imagenette,data/imagenette2-320/val/n01440764/n01440764_8801.JPEG,n01440764,0,tench,jpeg,70,0,tench,0.5796294212341309,True,20213,19642,1.0290703594338662,42.4161985364774,0.9917066508155111
imagenette,data/imagenette2-320/val/n01440764/n01440764_8852.JPEG,n01440764,0,tench,jpeg,70,0,tench,0.626296877861023,True,33718,32748,1.0296201294735556,40.062804012852986,0.9909226429972896
imagenette,data/imagenette2-320/val/n01440764/n01440764_8910.JPEG,n01440764,0,tench,jpeg,70,0,tench,0.7351340651512146,True,25648,24952,1.0278935556268034,42.81175051281308,0.9927555973199095
imagenette,data/imagenette2-320/val/n01440764/n01440764_8992.JPEG,n01440764,0,tench,jpeg,70,0,tench,0.43371668457984924,True,18066,17530,1.0305761551625785,42.85509544951809,0.9932159947587339
imagenette,data/imagenette2-320/val/n01440764/n01440764_9020.JPEG,n01440764,0,tench,jpeg,70,0,tench,0.4676988422870636,True,37934,36624,1.0357688947138488,39.49006732538566,0.9927810566729075
imagenette,data/imagenette2-320/val/n01440764/n01440764_9031.JPEG,n01440764,0,tench,jpeg,70,0,tench,0.5376964211463928,True,16653,16236,1.0256836659275683,44.59397191224676,0.9929922547771876
imagenette,data/imagenette2-320/val/n01440764/n01440764_9091.JPEG,n01440764,0,tench,jpeg,70,0,tench,0.5791094303131104,True,26139,25359,1.0307583106589377,40.97687249291158,0.9900430035231719
imagenette,data/imagenette2-320/val/n01440764/n01440764_910.JPEG,n01440764,0,tench,jpeg,70,0,tench,0.45342573523521423,True,27404,26563,1.0316605805067198,42.35769127786453,0.9917992250358174
imagenette,data/imagenette2-320/val/n01440764/n01440764_9152.JPEG,n01440764,0,tench,jpeg,70,0,tench,0.6106260418891907,True,17225,16746,1.0286038456944941,44.74107414685122,0.9679507751768383
imagenette,data/imagenette2-320/val/n01440764/n01440764_9191.JPEG,n01440764,0,tench,jpeg,70,0,tench,0.470016211271286,True,22955,22268,1.0308514460211964,42.56666959634403,0.9911990180569084
imagenette,data/imagenette2-320/val/n01440764/n01440764_921.JPEG,n01440764,0,tench,jpeg,70,0,tench,0.48222196102142334,True,31232,30140,1.0362309223623092,41.12982546098627,0.9925342709972099
imagenette,data/imagenette2-320/val/n01440764/n01440764_9212.JPEG,n01440764,0,tench,jpeg,70,0,tench,0.614250898361206,True,20098,19510,1.030138390568939,44.69837375920953,0.9923627378400295
imagenette,data/imagenette2-320/val/n01440764/n01440764_9292.JPEG,n01440764,0,tench,jpeg,70,0,tench,0.287036657333374,True,22510,21860,1.0297346752058554,42.483107762042664,0.9924960997422242
imagenette,data/imagenette2-320/val/n01440764/n01440764_9390.JPEG,n01440764,0,tench,jpeg,70,389,barracouta,0.31821388006210327,False,23932,23235,1.0299978480740262,44.99711943247688,0.9935267520216223
imagenette,data/imagenette2-320/val/n01440764/n01440764_9442.JPEG,n01440764,0,tench,jpeg,70,0,tench,0.4106064736843109,True,16792,16285,1.0311329444273871,46.30741053711631,0.9935655763593892
imagenette,data/imagenette2-320/val/n01440764/n01440764_9471.JPEG,n01440764,0,tench,jpeg,70,0,tench,0.5299381017684937,True,37787,36393,1.0383040694639079,41.06545576125836,0.9955222350500231
imagenette,data/imagenette2-320/val/n01440764/n01440764_9491.JPEG,n01440764,0,tench,jpeg,70,0,tench,0.368810772895813,True,54599,52631,1.0373924113165245,34.60671777358126,0.9908824302879822
imagenette,data/imagenette2-320/val/n01440764/n01440764_9572.JPEG,n01440764,0,tench,jpeg,70,0,tench,0.42936351895332336,True,26254,25398,1.0337034412158437,43.53221971933422,0.9941208144980228
imagenette,data/imagenette2-320/val/n01440764/n01440764_9621.JPEG,n01440764,0,tench,jpeg,70,0,tench,0.36813777685165405,True,28813,27934,1.0314670294265054,41.968653193404236,0.9931299700935634
imagenette,data/imagenette2-320/val/n01440764/n01440764_9642.JPEG,n01440764,0,tench,jpeg,70,0,tench,0.36973878741264343,True,16354,15875,1.0301732283464566,44.626257890457694,0.9925601384792618
imagenette,data/imagenette2-320/val/n01440764/n01440764_9720.JPEG,n01440764,0,tench,jpeg,70,0,tench,0.5103996992111206,True,34340,33088,1.0378384912959382,37.288218423711214,0.9923971339600941
imagenette,data/imagenette2-320/val/n01440764/n01440764_9772.JPEG,n01440764,0,tench,jpeg,70,389,barracouta,0.37799763679504395,False,30804,29882,1.0308546951341946,41.19467231628334,0.9919951456656605
imagenette,data/imagenette2-320/val/n01440764/n01440764_9780.JPEG,n01440764,0,tench,jpeg,70,0,tench,0.4778537452220917,True,31418,30412,1.0330790477443115,44.31211306089806,0.9945383510790192
imagenette,data/imagenette2-320/val/n01440764/n01440764_9811.JPEG,n01440764,0,tench,jpeg,70,0,tench,0.5127472281455994,True,31147,30164,1.0325885161119215,41.00784498072378,0.9922504717909004
imagenette,data/imagenette2-320/val/n01440764/n01440764_9861.JPEG,n01440764,0,tench,jpeg,70,0,tench,0.538367748260498,True,17786,17309,1.027557917846207,47.18864149594647,0.9931437391774951
imagenette,data/imagenette2-320/val/n01440764/n01440764_9890.JPEG,n01440764,0,tench,jpeg,70,0,tench,0.6499401330947876,True,28140,27273,1.031789682103179,41.41739857747691,0.9912412175389096
imagenette,data/imagenette2-320/val/n01440764/n01440764_9931.JPEG,n01440764,0,tench,jpeg,70,0,tench,0.44276463985443115,True,45066,43430,1.0376698134929772,37.9567798712815,0.9870558558321787
imagenette,data/imagenette2-320/val/n01440764/n01440764_9940.JPEG,n01440764,0,tench,jpeg,70,0,tench,0.4506448209285736,True,17342,16852,1.0290766674578684,44.812919045094276,0.9874771633700749
imagenette,data/imagenette2-320/val/n01440764/n01440764_9962.JPEG,n01440764,0,tench,jpeg,70,0,tench,0.4532258212566376,True,27105,26286,1.0311572700296736,42.796179500326986,0.992273982940265
imagenette,data/imagenette2-320/val/n01440764/n01440764_9981.JPEG,n01440764,0,tench,jpeg,70,0,tench,0.6307026147842407,True,30998,29973,1.0341974443665967,40.812637261846916,0.9927224729481354
imagenette,data/imagenette2-320/val/n02102040/ILSVRC2012_val_00004650.JPEG,n02102040,217,English springer,jpeg,70,217,English springer,0.5422008633613586,True,34231,33038,1.0361099340153763,39.283348712128785,0.9923595778042872
imagenette,data/imagenette2-320/val/n02102040/ILSVRC2012_val_00007032.JPEG,n02102040,217,English springer,jpeg,70,217,English springer,0.4739333987236023,True,30104,29192,1.0312414360098656,41.1220938730483,0.9922724869281252
imagenette,data/imagenette2-320/val/n02102040/ILSVRC2012_val_00008162.JPEG,n02102040,217,English springer,jpeg,70,217,English springer,0.3679285943508148,True,21505,20889,1.0294892048446551,43.70730268563187,0.9909348839753651
imagenette,data/imagenette2-320/val/n02102040/ILSVRC2012_val_00014280.JPEG,n02102040,217,English springer,jpeg,70,217,English springer,0.40544065833091736,True,30751,29900,1.0284615384615385,42.50143215390136,0.9926425384734491
imagenette,data/imagenette2-320/val/n02102040/ILSVRC2012_val_00016582.JPEG,n02102040,217,English springer,jpeg,70,217,English springer,0.2758033871650696,True,20951,20410,1.0265066144047035,43.6236575105807,0.9925886011414033
imagenette,data/imagenette2-320/val/n02102040/ILSVRC2012_val_00017370.JPEG,n02102040,217,English springer,jpeg,70,217,English springer,0.5226750373840332,True,15005,14639,1.025001707766924,46.78859997805131,0.9917648800822395
imagenette,data/imagenette2-320/val/n02102040/ILSVRC2012_val_00022412.JPEG,n02102040,217,English springer,jpeg,70,217,English springer,0.3773849606513977,True,24736,24169,1.0234598038810045,42.43500579357438,0.9910382748829466
imagenette,data/imagenette2-320/val/n02102040/ILSVRC2012_val_00023242.JPEG,n02102040,217,English springer,jpeg,70,217,English springer,0.24086850881576538,True,37658,36571,1.0297230045664598,38.43088398782896,0.9913227854725445
imagenette,data/imagenette2-320/val/n02102040/ILSVRC2012_val_00023440.JPEG,n02102040,217,English springer,jpeg,70,217,English springer,0.14242009818553925,True,44367,43002,1.031742709641412,37.55114752111644,0.9908557027017952
imagenette,data/imagenette2-320/val/n02102040/ILSVRC2012_val_00025442.JPEG,n02102040,217,English springer,jpeg,70,217,English springer,0.3930058777332306,True,14462,14085,1.0267660631877884,45.60775485820007,0.9918224089639218
imagenette,data/imagenette2-320/val/n02102040/ILSVRC2012_val_00026521.JPEG,n02102040,217,English springer,jpeg,70,246,Great Dane,0.24350327253341675,False,47130,45558,1.0345054655603845,37.20686043793116,0.9912836717102472
imagenette,data/imagenette2-320/val/n02102040/ILSVRC2012_val_00027182.JPEG,n02102040,217,English springer,jpeg,70,217,English springer,0.2910636067390442,True,21658,21045,1.029128058921359,42.945416428972116,0.9887795700446937
imagenette,data/imagenette2-320/val/n02102040/ILSVRC2012_val_00036282.JPEG,n02102040,217,English springer,jpeg,70,217,English springer,0.45388922095298767,True,13952,13593,1.0264106525417493,45.57136938343055,0.993082274692796
imagenette,data/imagenette2-320/val/n02102040/ILSVRC2012_val_00037182.JPEG,n02102040,217,English springer,jpeg,70,217,English springer,0.399321973323822,True,21560,21046,1.0244226931483418,43.51314159252468,0.9919138476326682
imagenette,data/imagenette2-320/val/n02102040/ILSVRC2012_val_00040140.JPEG,n02102040,217,English springer,jpeg,70,217,English springer,0.32293665409088135,True,32960,31903,1.0331316804062314,39.558805820539355,0.9906187356765374
imagenette,data/imagenette2-320/val/n02102040/n02102040_1011.JPEG,n02102040,217,English springer,jpeg,70,217,English springer,0.27068814635276794,True,17764,17439,1.0186363897012443,45.90784548701286,0.9918082957467919
imagenette,data/imagenette2-320/val/n02102040/n02102040_1022.JPEG,n02102040,217,English springer,jpeg,70,217,English springer,0.3622271418571472,True,21123,20531,1.0288344454726999,42.32896203181615,0.9926168567961676
imagenette,data/imagenette2-320/val/n02102040/n02102040_1030.JPEG,n02102040,217,English springer,jpeg,70,217,English springer,0.49142447113990784,True,26473,25752,1.0279978254116184,43.079106498350285,0.9924103172431503
imagenette,data/imagenette2-320/val/n02102040/n02102040_1081.JPEG,n02102040,217,English springer,jpeg,70,797,sleeping bag,0.06637466698884964,False,21973,21457,1.0240480961923848,43.69064521203126,0.9896064566312743
imagenette,data/imagenette2-320/val/n02102040/n02102040_1082.JPEG,n02102040,217,English springer,jpeg,70,217,English springer,0.33721843361854553,True,29648,28840,1.0280166435506242,39.11750931450245,0.991563355871703
imagenette,data/imagenette2-320/val/n02102040/n02102040_1091.JPEG,n02102040,217,English springer,jpeg,70,212,English setter,0.22861632704734802,False,30878,30108,1.0255745981134583,41.8975119147203,0.9900581878356746
imagenette,data/imagenette2-320/val/n02102040/n02102040_1092.JPEG,n02102040,217,English springer,jpeg,70,217,English springer,0.4137061834335327,True,42710,40871,1.0449952288909006,35.719671813841664,0.9900540394071043
imagenette,data/imagenette2-320/val/n02102040/n02102040_1100.JPEG,n02102040,217,English springer,jpeg,70,217,English springer,0.33971455693244934,True,17133,16703,1.0257438783452075,44.991356148638474,0.9928182603051185
imagenette,data/imagenette2-320/val/n02102040/n02102040_1102.JPEG,n02102040,217,English springer,jpeg,70,217,English springer,0.4294722378253937,True,25569,24990,1.023169267707083,44.48289638888777,0.9920949156749156
imagenette,data/imagenette2-320/val/n02102040/n02102040_1110.JPEG,n02102040,217,English springer,jpeg,70,217,English springer,0.4057985842227936,True,14949,14625,1.0221538461538462,46.181803602712094,0.9913932878054497
imagenette,data/imagenette2-320/val/n02102040/n02102040_1112.JPEG,n02102040,217,English springer,jpeg,70,217,English springer,0.515518844127655,True,46204,44739,1.0327454793357027,36.65860649919452,0.9914582668415374
imagenette,data/imagenette2-320/val/n02102040/n02102040_1121.JPEG,n02102040,217,English springer,jpeg,70,218,Welsh springer spaniel,0.24552172422409058,False,31027,30167,1.028507972287599,38.88347314212231,0.9906714274659659
imagenette,data/imagenette2-320/val/n02102040/n02102040_1122.JPEG,n02102040,217,English springer,jpeg,70,217,English springer,0.2954033613204956,True,17296,16888,1.024159166271909,44.64401738514362,0.9918133644753819
imagenette,data/imagenette2-320/val/n02102040/n02102040_1130.JPEG,n02102040,217,English springer,jpeg,70,217,English springer,0.2712180018424988,True,29379,28344,1.03651566469094,40.29633448540453,0.9934691564218231
imagenette,data/imagenette2-320/val/n02102040/n02102040_1151.JPEG,n02102040,217,English springer,jpeg,70,217,English springer,0.28361010551452637,True,46457,44969,1.0330894616291222,36.91254839300007,0.9851271718212997
imagenette,data/imagenette2-320/val/n02102040/n02102040_1160.JPEG,n02102040,217,English springer,jpeg,70,217,English springer,0.2905331254005432,True,38689,37399,1.0344929008797026,37.64613327413183,0.9898663983252884
imagenette,data/imagenette2-320/val/n02102040/n02102040_1172.JPEG,n02102040,217,English springer,jpeg,70,219,cocker spaniel,0.13552038371562958,False,39662,38366,1.033779909294688,38.440870634809066,0.9922558932489186
imagenette,data/imagenette2-320/val/n02102040/n02102040_1181.JPEG,n02102040,217,English springer,jpeg,70,217,English springer,0.41335242986679077,True,28408,27662,1.0269684043091605,42.992153613033395,0.9914842986035195
imagenette,data/imagenette2-320/val/n02102040/n02102040_1200.JPEG,n02102040,217,English springer,jpeg,70,217,English springer,0.29755404591560364,True,29369,28531,1.0293715607584732,39.61581944199711,0.9893557805023256
imagenette,data/imagenette2-320/val/n02102040/n02102040_1201.JPEG,n02102040,217,English springer,jpeg,70,217,English springer,0.44829270243644714,True,27418,26659,1.02847068532203,41.54594730608874,0.991754694486553
imagenette,data/imagenette2-320/val/n02102040/n02102040_1210.JPEG,n02102040,217,English springer,jpeg,70,217,English springer,0.5023826360702515,True,24423,23908,1.021540906809436,42.81661416826083,0.9912943656506016
imagenette,data/imagenette2-320/val/n02102040/n02102040_1222.JPEG,n02102040,217,English springer,jpeg,70,217,English springer,0.33059269189834595,True,27468,26770,1.0260739633918565,41.83532000680387,0.9918427268819746
imagenette,data/imagenette2-320/val/n02102040/n02102040_1230.JPEG,n02102040,217,English springer,jpeg,70,217,English springer,0.2840059995651245,True,20023,19483,1.0277164707693887,44.6094205319925,0.9923217734639671
imagenette,data/imagenette2-320/val/n02102040/n02102040_1241.JPEG,n02102040,217,English springer,jpeg,70,217,English springer,0.2807955741882324,True,18903,18401,1.0272811260257595,44.96594981803382,0.9929063759330549
imagenette,data/imagenette2-320/val/n02102040/n02102040_1252.JPEG,n02102040,217,English springer,jpeg,70,233,Bouvier des Flandres,0.10606463998556137,False,25845,25102,1.0295992351207075,40.89560198815345,0.9863328367080405
imagenette,data/imagenette2-320/val/n02102040/n02102040_1260.JPEG,n02102040,217,English springer,jpeg,70,267,standard poodle,0.21518130600452423,False,30212,29287,1.0315839792399357,37.87400021961868,0.9911335659572904
imagenette,data/imagenette2-320/val/n02102040/n02102040_1261.JPEG,n02102040,217,English springer,jpeg,70,217,English springer,0.24671970307826996,True,48978,47168,1.038373473541384,36.05675941981292,0.9878449035427965
imagenette,data/imagenette2-320/val/n02102040/n02102040_1272.JPEG,n02102040,217,English springer,jpeg,70,212,English setter,0.08978552371263504,False,43586,42089,1.0355674879422176,37.04605625574723,0.9905555806092058
imagenette,data/imagenette2-320/val/n02102040/n02102040_1292.JPEG,n02102040,217,English springer,jpeg,70,217,English springer,0.3204423189163208,True,18331,17807,1.0294266299769754,43.54591460825922,0.9921382174173295
imagenette,data/imagenette2-320/val/n02102040/n02102040_1300.JPEG,n02102040,217,English springer,jpeg,70,217,English springer,0.3350067138671875,True,51043,48957,1.0426088199848846,34.068498886476604,0.9905039733352957
imagenette,data/imagenette2-320/val/n02102040/n02102040_1301.JPEG,n02102040,217,English springer,jpeg,70,842,swimming trunks,0.09309026598930359,False,32747,31693,1.0332565550752533,38.36732983478187,0.9917160269658091
imagenette,data/imagenette2-320/val/n02102040/n02102040_1302.JPEG,n02102040,217,English springer,jpeg,70,217,English springer,0.33657902479171753,True,42113,40714,1.0343616446431203,38.38680018710279,0.9911906789223964
imagenette,data/imagenette2-320/val/n02102040/n02102040_1310.JPEG,n02102040,217,English springer,jpeg,70,217,English springer,0.3238988220691681,True,26876,26225,1.0248236415633938,42.46094114618522,0.9918075068021621
imagenette,data/imagenette2-320/val/n02102040/n02102040_132.JPEG,n02102040,217,English springer,jpeg,70,217,English springer,0.09469519555568695,True,38575,37366,1.032355617406198,38.77321257122598,0.9907166173302238
imagenette,data/imagenette2-320/val/n02102040/n02102040_142.JPEG,n02102040,217,English springer,jpeg,70,217,English springer,0.19605927169322968,True,28963,27890,1.0384725708139118,39.167998274265216,0.9831169423126683
imagenette,data/imagenette2-320/val/n02102040/n02102040_1430.JPEG,n02102040,217,English springer,jpeg,70,217,English springer,0.5016088485717773,True,40237,39142,1.027975065147412,39.60060233707897,0.9910116721456529
imagenette,data/imagenette2-320/val/n02102040/n02102040_1442.JPEG,n02102040,217,English springer,jpeg,70,217,English springer,0.41755884885787964,True,33657,32567,1.0334694629532963,39.50147687492326,0.9911281234916633
imagenette,data/imagenette2-320/val/n02102040/n02102040_1450.JPEG,n02102040,217,English springer,jpeg,70,217,English springer,0.2822306752204895,True,40127,38647,1.0382953398711414,36.690554838907296,0.9888550682332564
imagenette,data/imagenette2-320/val/n02102040/n02102040_150.JPEG,n02102040,217,English springer,jpeg,70,217,English springer,0.4253627359867096,True,35929,34668,1.0363736010153455,39.039027436824334,0.990582841051559
imagenette,data/imagenette2-320/val/n02102040/n02102040_1512.JPEG,n02102040,217,English springer,jpeg,70,217,English springer,0.35016676783561707,True,21729,21064,1.0315704519559439,43.38835949830751,0.989585329720672
imagenette,data/imagenette2-320/val/n02102040/n02102040_1552.JPEG,n02102040,217,English springer,jpeg,70,217,English springer,0.45717480778694153,True,22398,21764,1.0291306745083624,42.09531947256635,0.9909702243812325
imagenette,data/imagenette2-320/val/n02102040/n02102040_1590.JPEG,n02102040,217,English springer,jpeg,70,217,English springer,0.38611435890197754,True,19526,18972,1.029200927682901,43.36035642214624,0.9916361954274917
imagenette,data/imagenette2-320/val/n02102040/n02102040_1592.JPEG,n02102040,217,English springer,jpeg,70,217,English springer,0.13901881873607635,True,24905,24160,1.0308360927152318,42.32055706559826,0.9897023739073426
imagenette,data/imagenette2-320/val/n02102040/n02102040_1612.JPEG,n02102040,217,English springer,jpeg,70,217,English springer,0.3466038405895233,True,17413,17029,1.0225497680427507,45.5072027167283,0.9908326013356977
imagenette,data/imagenette2-320/val/n02102040/n02102040_1620.JPEG,n02102040,217,English springer,jpeg,70,217,English springer,0.4763137996196747,True,24916,24209,1.0292040150357304,43.44613631838495,0.9924170032922462
imagenette,data/imagenette2-320/val/n02102040/n02102040_1632.JPEG,n02102040,217,English springer,jpeg,70,200,Tibetan terrier,0.16294032335281372,False,19051,18564,1.0262335703512173,43.372427732902935,0.9907557154219164
imagenette,data/imagenette2-320/val/n02102040/n02102040_1642.JPEG,n02102040,217,English springer,jpeg,70,217,English springer,0.3606615662574768,True,29487,28507,1.0343775213105553,40.44668855688794,0.9906253595313329
imagenette,data/imagenette2-320/val/n02102040/n02102040_1660.JPEG,n02102040,217,English springer,jpeg,70,217,English springer,0.4482990801334381,True,25349,24699,1.026316854933398,43.27149852868728,0.9916939443408782
imagenette,data/imagenette2-320/val/n02102040/n02102040_171.JPEG,n02102040,217,English springer,jpeg,70,217,English springer,0.3415278196334839,True,22298,21697,1.0276996819836843,43.628279386791704,0.9925840451188588
imagenette,data/imagenette2-320/val/n02102040/n02102040_1720.JPEG,n02102040,217,English springer,jpeg,70,217,English springer,0.30009907484054565,True,38843,37389,1.0388884431249832,38.28905449251795,0.9916095620364338
imagenette,data/imagenette2-320/val/n02102040/n02102040_1740.JPEG,n02102040,217,English springer,jpeg,70,217,English springer,0.272857129573822,True,32223,31306,1.0292915096147703,42.05159932505134,0.9930524773266732
imagenette,data/imagenette2-320/val/n02102040/n02102040_1760.JPEG,n02102040,217,English springer,jpeg,70,217,English springer,0.42781147360801697,True,38154,37021,1.0306042516409606,38.55094286430028,0.9908848250106009
imagenette,data/imagenette2-320/val/n02102040/n02102040_1770.JPEG,n02102040,217,English springer,jpeg,70,217,English springer,0.3721482455730438,True,25801,24993,1.0323290521345976,41.97143114494273,0.9917560779983444
imagenette,data/imagenette2-320/val/n02102040/n02102040_1771.JPEG,n02102040,217,English springer,jpeg,70,217,English springer,0.3743041157722473,True,27316,26673,1.0241067746410228,42.77568947916492,0.9908573558942889
imagenette,data/imagenette2-320/val/n02102040/n02102040_1781.JPEG,n02102040,217,English springer,jpeg,70,217,English springer,0.3384041488170624,True,30223,29306,1.031290520712482,41.11877229185058,0.9937011445291642
imagenette,data/imagenette2-320/val/n02102040/n02102040_1782.JPEG,n02102040,217,English springer,jpeg,70,217,English springer,0.17694969475269318,True,23613,22912,1.0305953212290502,42.98409283804206,0.9912323598948002
imagenette,data/imagenette2-320/val/n02102040/n02102040_1791.JPEG,n02102040,217,English springer,jpeg,70,217,English springer,0.343610942363739,True,24399,23775,1.0262460567823344,44.06543137241964,0.9916722796706933
imagenette,data/imagenette2-320/val/n02102040/n02102040_182.JPEG,n02102040,217,English springer,jpeg,70,217,English springer,0.435517817735672,True,39999,38646,1.035010091600683,38.01683172489157,0.9911926784901882
imagenette,data/imagenette2-320/val/n02102040/n02102040_1822.JPEG,n02102040,217,English springer,jpeg,70,217,English springer,0.2833069860935211,True,20617,20165,1.0224150756260848,44.67197606936121,0.9919215616606571
imagenette,data/imagenette2-320/val/n02102040/n02102040_1830.JPEG,n02102040,217,English springer,jpeg,70,217,English springer,0.3143024146556854,True,35257,34136,1.0328392313100538,39.3310385929244,0.9907515699946351
imagenette,data/imagenette2-320/val/n02102040/n02102040_1840.JPEG,n02102040,217,English springer,jpeg,70,217,English springer,0.28567615151405334,True,16841,16373,1.0285836438038234,44.21303895841053,0.9913698888404195
imagenette,data/imagenette2-320/val/n02102040/n02102040_1841.JPEG,n02102040,217,English springer,jpeg,70,217,English springer,0.49267715215682983,True,17224,16884,1.0201374081971097,45.54901252832481,0.9908156291593184
imagenette,data/imagenette2-320/val/n02102040/n02102040_1842.JPEG,n02102040,217,English springer,jpeg,70,217,English springer,0.22515441477298737,True,28264,27421,1.0307428613106744,41.142662882904226,0.9918660574621913
imagenette,data/imagenette2-320/val/n02102040/n02102040_1870.JPEG,n02102040,217,English springer,jpeg,70,217,English springer,0.324359267950058,True,51075,49385,1.0342209172825756,37.06729485616658,0.9906422930640302
imagenette,data/imagenette2-320/val/n02102040/n02102040_1910.JPEG,n02102040,217,English springer,jpeg,70,217,English springer,0.2858849763870239,True,51838,49601,1.0450998971794923,34.76425605055701,0.9844622745447978
imagenette,data/imagenette2-320/val/n02102040/n02102040_1961.JPEG,n02102040,217,English springer,jpeg,70,217,English springer,0.24136090278625488,True,41616,40238,1.0342462349023311,38.194815802435045,0.9921515751942924
imagenette,data/imagenette2-320/val/n02102040/n02102040_1980.JPEG,n02102040,217,English springer,jpeg,70,217,English springer,0.41347867250442505,True,10521,11095,0.9482649842271293,50.11246849926018,0.9957032172831602
imagenette,data/imagenette2-320/val/n02102040/n02102040_2000.JPEG,n02102040,217,English springer,jpeg,70,217,English springer,0.3314836621284485,True,11114,10846,1.0247095703485156,47.07514658355172,0.9920750141796856
imagenette,data/imagenette2-320/val/n02102040/n02102040_201.JPEG,n02102040,217,English springer,jpeg,70,217,English springer,0.26712673902511597,True,30325,29316,1.0344180652203574,38.80705309075662,0.9896961192523394
imagenette,data/imagenette2-320/val/n02102040/n02102040_202.JPEG,n02102040,217,English springer,jpeg,70,217,English springer,0.3365781307220459,True,17793,17320,1.027309468822171,44.44032178470373,0.9934187852196755
imagenette,data/imagenette2-320/val/n02102040/n02102040_2021.JPEG,n02102040,217,English springer,jpeg,70,217,English springer,0.4620298743247986,True,18556,18110,1.024627277747101,44.75864317269731,0.9921142753245599
imagenette,data/imagenette2-320/val/n02102040/n02102040_2032.JPEG,n02102040,217,English springer,jpeg,70,217,English springer,0.36545106768608093,True,25460,24596,1.0351276630346398,42.904068325266906,0.9930477044940877
imagenette,data/imagenette2-320/val/n02102040/n02102040_2051.JPEG,n02102040,217,English springer,jpeg,70,217,English springer,0.1752278357744217,True,22862,22199,1.029866210189648,43.22555122215139,0.9936375792585
imagenette,data/imagenette2-320/val/n02102040/n02102040_2082.JPEG,n02102040,217,English springer,jpeg,70,232,Border collie,0.20637209713459015,False,42389,40881,1.0368875516743719,39.53667414934905,0.9932296123646346
imagenette,data/imagenette2-320/val/n02102040/n02102040_2102.JPEG,n02102040,217,English springer,jpeg,70,217,English springer,0.43365439772605896,True,40260,39003,1.0322282901315283,37.7731727800075,0.9915732241408434
imagenette,data/imagenette2-320/val/n02102040/n02102040_2110.JPEG,n02102040,217,English springer,jpeg,70,217,English springer,0.15001030266284943,True,21141,20704,1.0211070324574962,45.25171279291698,0.993444747982747
imagenette,data/imagenette2-320/val/n02102040/n02102040_2111.JPEG,n02102040,217,English springer,jpeg,70,212,English setter,0.14026005566120148,False,28147,27315,1.0304594545121728,40.997180510730146,0.9930656917096498
imagenette,data/imagenette2-320/val/n02102040/n02102040_2112.JPEG,n02102040,217,English springer,jpeg,70,217,English springer,0.44614532589912415,True,16794,16330,1.028413962033068,45.87094479933039,0.994720828968942
imagenette,data/imagenette2-320/val/n02102040/n02102040_2122.JPEG,n02102040,217,English springer,jpeg,70,217,English springer,0.3072448968887329,True,19465,18952,1.0270683832840861,43.64507886944694,0.9919494900607821
imagenette,data/imagenette2-320/val/n02102040/n02102040_2142.JPEG,n02102040,217,English springer,jpeg,70,217,English springer,0.36181604862213135,True,17519,17027,1.0288952839607681,43.598739529924686,0.9913269077825045
imagenette,data/imagenette2-320/val/n02102040/n02102040_2280.JPEG,n02102040,217,English springer,jpeg,70,217,English springer,0.37941253185272217,True,28737,28099,1.0227054343570945,40.582752768996436,0.9890083600828158
imagenette,data/imagenette2-320/val/n02102040/n02102040_2302.JPEG,n02102040,217,English springer,jpeg,70,217,English springer,0.18859371542930603,True,38142,36785,1.0368900366997418,38.84669831928664,0.9927772451041795
imagenette,data/imagenette2-320/val/n02102040/n02102040_2312.JPEG,n02102040,217,English springer,jpeg,70,217,English springer,0.5934467315673828,True,28272,27363,1.0332200416620985,40.93740237913558,0.9897146809441292
imagenette,data/imagenette2-320/val/n02102040/n02102040_2321.JPEG,n02102040,217,English springer,jpeg,70,217,English springer,0.5207617878913879,True,23904,23197,1.0304780790619477,42.123442457684995,0.9900422847954381
imagenette,data/imagenette2-320/val/n02102040/n02102040_2340.JPEG,n02102040,217,English springer,jpeg,70,217,English springer,0.24077177047729492,True,32063,31183,1.0282205047622102,40.724810878298676,0.9916797608093648
imagenette,data/imagenette2-320/val/n02102040/n02102040_2391.JPEG,n02102040,217,English springer,jpeg,70,217,English springer,0.5359254479408264,True,21041,20441,1.0293527713908321,43.47178192604379,0.9921001442142217
imagenette,data/imagenette2-320/val/n02102040/n02102040_2462.JPEG,n02102040,217,English springer,jpeg,70,219,cocker spaniel,0.2571747303009033,False,22709,22050,1.0298866213151927,44.29220763910766,0.9941527648319993
imagenette,data/imagenette2-320/val/n02102040/n02102040_2470.JPEG,n02102040,217,English springer,jpeg,70,217,English springer,0.4353773593902588,True,17850,17414,1.0250373262891925,45.16616236496195,0.9915853942913914
imagenette,data/imagenette2-320/val/n02102040/n02102040_2480.JPEG,n02102040,217,English springer,jpeg,70,217,English springer,0.39383068680763245,True,19439,18951,1.0257506200200517,44.93900760844112,0.9930604247370729
imagenette,data/imagenette2-320/val/n02102040/n02102040_2481.JPEG,n02102040,217,English springer,jpeg,70,217,English springer,0.30944061279296875,True,21480,20903,1.0276036932497727,43.91398971960556,0.9924994204530385
imagenette,data/imagenette2-320/val/n02102040/n02102040_251.JPEG,n02102040,217,English springer,jpeg,70,217,English springer,0.4920105040073395,True,26272,25560,1.0278560250391235,42.041363687123436,0.9908018041119901
imagenette,data/imagenette2-320/val/n02102040/n02102040_2530.JPEG,n02102040,217,English springer,jpeg,70,217,English springer,0.3089403808116913,True,21848,21168,1.0321239606953894,41.02025395101287,0.989478877389411
imagenette,data/imagenette2-320/val/n02102040/n02102040_2572.JPEG,n02102040,217,English springer,jpeg,70,155,Shih-Tzu,0.12974907457828522,False,15275,14985,1.0193526860193527,45.61531451276003,0.9918656285873376
imagenette,data/imagenette2-320/val/n02102040/n02102040_2641.JPEG,n02102040,217,English springer,jpeg,70,217,English springer,0.5361766219139099,True,23012,22302,1.0318357098018116,41.87001943108871,0.9908759097718786
imagenette,data/imagenette2-320/val/n02102040/n02102040_2652.JPEG,n02102040,217,English springer,jpeg,70,217,English springer,0.4335460960865021,True,24159,23551,1.0258163135323342,44.41608022471663,0.9931156373386362
imagenette,data/imagenette2-320/val/n02102040/n02102040_2700.JPEG,n02102040,217,English springer,jpeg,70,217,English springer,0.4692387878894806,True,44784,43367,1.0326746143380912,36.935287921565916,0.9919424805401205
imagenette,data/imagenette2-320/val/n02102040/n02102040_2702.JPEG,n02102040,217,English springer,jpeg,70,217,English springer,0.23304063081741333,True,31636,30567,1.0349723558085517,41.03588567383326,0.9913320982665619
imagenette,data/imagenette2-320/val/n02102040/n02102040_2730.JPEG,n02102040,217,English springer,jpeg,70,217,English springer,0.2134726345539093,True,27474,26527,1.0356994760055793,41.75896325873531,0.9919961794168525
imagenette,data/imagenette2-320/val/n02102040/n02102040_2750.JPEG,n02102040,217,English springer,jpeg,70,212,English setter,0.27369120717048645,False,19191,18685,1.027080545892427,44.23146884340173,0.9928094568400706
imagenette,data/imagenette2-320/val/n02102040/n02102040_2762.JPEG,n02102040,217,English springer,jpeg,70,217,English springer,0.40514352917671204,True,31069,30214,1.0282981399351294,42.013388488733405,0.9921725161649405
imagenette,data/imagenette2-320/val/n02102040/n02102040_2790.JPEG,n02102040,217,English springer,jpeg,70,217,English springer,0.34744954109191895,True,36096,35066,1.0293731819996579,40.48164339609209,0.9917816033337679
imagenette,data/imagenette2-320/val/n02102040/n02102040_2792.JPEG,n02102040,217,English springer,jpeg,70,217,English springer,0.5042519569396973,True,24715,24070,1.0267968425425842,42.282517436720035,0.9914122634740118
imagenette,data/imagenette2-320/val/n02102040/n02102040_281.JPEG,n02102040,217,English springer,jpeg,70,217,English springer,0.2816770076751709,True,21177,20641,1.0259677341214088,43.90000396841897,0.9912181636680234
imagenette,data/imagenette2-320/val/n02102040/n02102040_2830.JPEG,n02102040,217,English springer,jpeg,70,217,English springer,0.2127642184495926,True,32573,31591,1.0310848026336614,41.12646699531677,0.9926838686824565
imagenette,data/imagenette2-320/val/n02102040/n02102040_2842.JPEG,n02102040,217,English springer,jpeg,70,217,English springer,0.3378346562385559,True,18463,17928,1.0298415885765284,43.674635093627366,0.992964583065338
imagenette,data/imagenette2-320/val/n02102040/n02102040_2852.JPEG,n02102040,217,English springer,jpeg,70,217,English springer,0.39937570691108704,True,16142,15694,1.0285459411239963,45.03146499073381,0.9919595810980387
imagenette,data/imagenette2-320/val/n02102040/n02102040_2890.JPEG,n02102040,217,English springer,jpeg,70,217,English springer,0.27800583839416504,True,44783,43180,1.0371236683649838,36.28986184514944,0.9936959904672807
imagenette,data/imagenette2-320/val/n02102040/n02102040_290.JPEG,n02102040,217,English springer,jpeg,70,217,English springer,0.398620069026947,True,20432,19924,1.0254968881750652,44.49085880212255,0.9911117396776575
imagenette,data/imagenette2-320/val/n02102040/n02102040_2920.JPEG,n02102040,217,English springer,jpeg,70,217,English springer,0.4131544232368469,True,28678,27690,1.035680751173709,40.57760019324333,0.991297651021871
imagenette,data/imagenette2-320/val/n02102040/n02102040_2930.JPEG,n02102040,217,English springer,jpeg,70,250,Siberian husky,0.08493191748857498,False,29668,28807,1.029888568750651,42.496263146570605,0.9926576649045561
imagenette,data/imagenette2-320/val/n02102040/n02102040_2941.JPEG,n02102040,217,English springer,jpeg,70,217,English springer,0.44727659225463867,True,25159,24513,1.0263533635213968,43.134364976735135,0.9934106107125382
imagenette,data/imagenette2-320/val/n02102040/n02102040_2950.JPEG,n02102040,217,English springer,jpeg,70,217,English springer,0.524379312992096,True,19442,19145,1.0155131888221467,46.24552234045574,0.991387658041443
imagenette,data/imagenette2-320/val/n02102040/n02102040_2951.JPEG,n02102040,217,English springer,jpeg,70,218,Welsh springer spaniel,0.19122301042079926,False,35434,34255,1.0344183330900598,38.930835678412635,0.9897562314788999
imagenette,data/imagenette2-320/val/n02102040/n02102040_2961.JPEG,n02102040,217,English springer,jpeg,70,217,English springer,0.3151736259460449,True,52046,50207,1.036628358595415,35.366682857042676,0.9915298533226721
imagenette,data/imagenette2-320/val/n02102040/n02102040_2991.JPEG,n02102040,217,English springer,jpeg,70,217,English springer,0.3924584984779358,True,18931,18284,1.0353861299496827,41.75028764778841,0.9801539485990967
imagenette,data/imagenette2-320/val/n02102040/n02102040_30.JPEG,n02102040,217,English springer,jpeg,70,217,English springer,0.4504682421684265,True,23173,22496,1.0300942389758179,43.1895374601078,0.9926507608749048
imagenette,data/imagenette2-320/val/n02102040/n02102040_3012.JPEG,n02102040,217,English springer,jpeg,70,217,English springer,0.3391891121864319,True,32427,31400,1.0327070063694268,40.8496583128072,0.9921690418179278
imagenette,data/imagenette2-320/val/n02102040/n02102040_3022.JPEG,n02102040,217,English springer,jpeg,70,217,English springer,0.5566205978393555,True,16599,16186,1.0255158779191895,46.161182680565815,0.9925577553017901
imagenette,data/imagenette2-320/val/n02102040/n02102040_3030.JPEG,n02102040,217,English springer,jpeg,70,217,English springer,0.2676023542881012,True,20157,19684,1.024029668766511,45.3986953196405,0.9921860310703012
imagenette,data/imagenette2-320/val/n02102040/n02102040_3052.JPEG,n02102040,217,English springer,jpeg,70,217,English springer,0.43135854601860046,True,38092,36983,1.0299867506692264,39.709202498238646,0.9911225794531106
imagenette,data/imagenette2-320/val/n02102040/n02102040_3061.JPEG,n02102040,217,English springer,jpeg,70,217,English springer,0.6120821237564087,True,39207,37877,1.0351136573646276,40.21803062551412,0.9929787572684274
imagenette,data/imagenette2-320/val/n02102040/n02102040_3062.JPEG,n02102040,217,English springer,jpeg,70,217,English springer,0.4290219247341156,True,16383,15983,1.0250265907526748,44.25072770382692,0.9921123122562525
imagenette,data/imagenette2-320/val/n02102040/n02102040_3091.JPEG,n02102040,217,English springer,jpeg,70,217,English springer,0.24075068533420563,True,23830,23295,1.0229663017814983,44.443041468368804,0.992257409637816
imagenette,data/imagenette2-320/val/n02102040/n02102040_3112.JPEG,n02102040,217,English springer,jpeg,70,217,English springer,0.474775493144989,True,28342,27679,1.023953177499187,41.50578395631166,0.9889459621463575
imagenette,data/imagenette2-320/val/n02102040/n02102040_312.JPEG,n02102040,217,English springer,jpeg,70,217,English springer,0.3541017174720764,True,21650,21066,1.0277223962783633,44.2261444806471,0.9906385425303655
imagenette,data/imagenette2-320/val/n02102040/n02102040_3141.JPEG,n02102040,217,English springer,jpeg,70,217,English springer,0.36729055643081665,True,49281,47756,1.0319331602311752,35.7238443939448,0.9898991061444796
imagenette,data/imagenette2-320/val/n02102040/n02102040_3160.JPEG,n02102040,217,English springer,jpeg,70,217,English springer,0.5588034987449646,True,23424,22749,1.0296716339179743,42.602156246298634,0.9895615665830798
imagenette,data/imagenette2-320/val/n02102040/n02102040_3161.JPEG,n02102040,217,English springer,jpeg,70,217,English springer,0.31832221150398254,True,26190,25438,1.0295620724899757,41.99774958788707,0.9933327784876672
imagenette,data/imagenette2-320/val/n02102040/n02102040_3162.JPEG,n02102040,217,English springer,jpeg,70,217,English springer,0.3581119179725647,True,16463,16009,1.02835904803548,44.81080868057685,0.9908739178216727
imagenette,data/imagenette2-320/val/n02102040/n02102040_3180.JPEG,n02102040,217,English springer,jpeg,70,217,English springer,0.47229865193367004,True,41986,40662,1.0325611135704098,38.02523773508251,0.9871229096770108
imagenette,data/imagenette2-320/val/n02102040/n02102040_3190.JPEG,n02102040,217,English springer,jpeg,70,217,English springer,0.3918977379798889,True,32570,31649,1.0291004455117065,40.52503841857156,0.9885878595439114
imagenette,data/imagenette2-320/val/n02102040/n02102040_3201.JPEG,n02102040,217,English springer,jpeg,70,217,English springer,0.4188160002231598,True,38613,37391,1.03268166136236,38.644783424306326,0.9914074346010495
imagenette,data/imagenette2-320/val/n02102040/n02102040_3212.JPEG,n02102040,217,English springer,jpeg,70,217,English springer,0.26525914669036865,True,40780,39296,1.037764657980456,38.6420922905537,0.9934805948610238
imagenette,data/imagenette2-320/val/n02102040/n02102040_3221.JPEG,n02102040,217,English springer,jpeg,70,217,English springer,0.3814886212348938,True,23481,22866,1.0268958278667017,42.64608818467579,0.988744532862182
imagenette,data/imagenette2-320/val/n02102040/n02102040_3260.JPEG,n02102040,217,English springer,jpeg,70,217,English springer,0.25610116124153137,True,18546,18079,1.0258310747275845,45.48111582714631,0.9934591059082706
imagenette,data/imagenette2-320/val/n02102040/n02102040_3290.JPEG,n02102040,217,English springer,jpeg,70,217,English springer,0.5589215755462646,True,29224,28320,1.0319209039548023,40.56513146839944,0.9896996314228098
imagenette,data/imagenette2-320/val/n02102040/n02102040_3300.JPEG,n02102040,217,English springer,jpeg,70,217,English springer,0.46935373544692993,True,42001,40264,1.0431402741903437,36.25258537208008,0.9883144287426262
imagenette,data/imagenette2-320/val/n02102040/n02102040_3311.JPEG,n02102040,217,English springer,jpeg,70,217,English springer,0.24262724816799164,True,36361,35252,1.0314592079881992,38.9236872347703,0.9919261145229542
imagenette,data/imagenette2-320/val/n02102040/n02102040_332.JPEG,n02102040,217,English springer,jpeg,70,217,English springer,0.6941712498664856,True,26688,25941,1.0287961142592807,41.98913254997626,0.9918179036314032
imagenette,data/imagenette2-320/val/n02102040/n02102040_3371.JPEG,n02102040,217,English springer,jpeg,70,217,English springer,0.3284431993961334,True,24610,23878,1.030655833821928,42.68998912573808,0.9923795394658185
imagenette,data/imagenette2-320/val/n02102040/n02102040_3372.JPEG,n02102040,217,English springer,jpeg,70,217,English springer,0.2526440918445587,True,32813,31662,1.0363527256648348,39.73616083696201,0.992446248439233
imagenette,data/imagenette2-320/val/n02102040/n02102040_3381.JPEG,n02102040,217,English springer,jpeg,70,217,English springer,0.5044698119163513,True,44318,42975,1.0312507271669575,38.37153260305864,0.9914255316663398
imagenette,data/imagenette2-320/val/n02102040/n02102040_341.JPEG,n02102040,217,English springer,jpeg,70,217,English springer,0.6408457159996033,True,22542,21817,1.0332309666773616,41.82797800630716,0.9919984259656509
imagenette,data/imagenette2-320/val/n02102040/n02102040_3420.JPEG,n02102040,217,English springer,jpeg,70,217,English springer,0.34486091136932373,True,28545,27775,1.0277227722772277,41.90004556714054,0.99038901017484
imagenette,data/imagenette2-320/val/n02102040/n02102040_3450.JPEG,n02102040,217,English springer,jpeg,70,218,Welsh springer spaniel,0.19963881373405457,False,35230,33983,1.036694817997234,39.57009475857382,0.9877302901543675
imagenette,data/imagenette2-320/val/n02102040/n02102040_3452.JPEG,n02102040,217,English springer,jpeg,70,218,Welsh springer spaniel,0.29907214641571045,False,41005,39666,1.033756869863359,38.163020202570756,0.9922416763475975
imagenette,data/imagenette2-320/val/n02102040/n02102040_3462.JPEG,n02102040,217,English springer,jpeg,70,217,English springer,0.422199010848999,True,31607,30678,1.0302822869808983,40.044099708044584,0.9905859633630416
imagenette,data/imagenette2-320/val/n02102040/n02102040_3472.JPEG,n02102040,217,English springer,jpeg,70,217,English springer,0.2567605674266815,True,26228,25504,1.028387703889586,40.66522640687374,0.9866576834099248
imagenette,data/imagenette2-320/val/n02102040/n02102040_350.JPEG,n02102040,217,English springer,jpeg,70,217,English springer,0.44495654106140137,True,22382,21846,1.0245353840520004,43.879128856791134,0.9909257709726228
imagenette,data/imagenette2-320/val/n02102040/n02102040_3502.JPEG,n02102040,217,English springer,jpeg,70,217,English springer,0.5541184544563293,True,21285,20729,1.026822326209658,43.646521261879066,0.9910636100010572
imagenette,data/imagenette2-320/val/n02102040/n02102040_352.JPEG,n02102040,217,English springer,jpeg,70,217,English springer,0.3474143147468567,True,28811,27918,1.031986531986532,42.28879483281054,0.9930813875625661
imagenette,data/imagenette2-320/val/n02102040/n02102040_3530.JPEG,n02102040,217,English springer,jpeg,70,217,English springer,0.4030264914035797,True,26234,25517,1.0280989144491908,43.432497008851136,0.9923897920414518
imagenette,data/imagenette2-320/val/n02102040/n02102040_3532.JPEG,n02102040,217,English springer,jpeg,70,217,English springer,0.4776493012905121,True,20216,19729,1.0246844746312536,43.86186400880562,0.990568155323054
imagenette,data/imagenette2-320/val/n02102040/n02102040_3562.JPEG,n02102040,217,English springer,jpeg,70,217,English springer,0.21973374485969543,True,37130,35941,1.033081995492613,39.35189675058585,0.9918456352157033
imagenette,data/imagenette2-320/val/n02102040/n02102040_3582.JPEG,n02102040,217,English springer,jpeg,70,217,English springer,0.327797532081604,True,26323,25705,1.0240420151721454,41.53639251781758,0.9910101054694332
imagenette,data/imagenette2-320/val/n02102040/n02102040_3601.JPEG,n02102040,217,English springer,jpeg,70,217,English springer,0.19135098159313202,True,27162,26575,1.0220884289746002,42.305061176680624,0.9903482584707106
imagenette,data/imagenette2-320/val/n02102040/n02102040_3610.JPEG,n02102040,217,English springer,jpeg,70,217,English springer,0.17378762364387512,True,24042,23386,1.0280509706662107,42.88610019822967,0.9921063381379934
imagenette,data/imagenette2-320/val/n02102040/n02102040_362.JPEG,n02102040,217,English springer,jpeg,70,217,English springer,0.37104156613349915,True,17207,16715,1.0294346395453187,45.127619223597286,0.992125458787631
imagenette,data/imagenette2-320/val/n02102040/n02102040_3621.JPEG,n02102040,217,English springer,jpeg,70,217,English springer,0.453753799200058,True,23769,23087,1.0295404340104821,42.05904825021037,0.9916720392554752
imagenette,data/imagenette2-320/val/n02102040/n02102040_3640.JPEG,n02102040,217,English springer,jpeg,70,217,English springer,0.2338733822107315,True,18765,18440,1.0176247288503253,45.375936089746034,0.9923395427815399
imagenette,data/imagenette2-320/val/n02102040/n02102040_3660.JPEG,n02102040,217,English springer,jpeg,70,217,English springer,0.4146236777305603,True,41080,39662,1.0357521052896979,37.93013623474688,0.9866390647251361
imagenette,data/imagenette2-320/val/n02102040/n02102040_3681.JPEG,n02102040,217,English springer,jpeg,70,217,English springer,0.5167098045349121,True,30562,29850,1.0238525963149079,41.61037425084241,0.9913820899631717
imagenette,data/imagenette2-320/val/n02102040/n02102040_3691.JPEG,n02102040,217,English springer,jpeg,70,217,English springer,0.31131330132484436,True,17903,17432,1.0270192748967417,44.49190622010246,0.9923305946558957
imagenette,data/imagenette2-320/val/n02102040/n02102040_371.JPEG,n02102040,217,English springer,jpeg,70,217,English springer,0.3962766230106354,True,17894,17549,1.019659239842726,45.41398473501942,0.99159668669403
imagenette,data/imagenette2-320/val/n02102040/n02102040_372.JPEG,n02102040,217,English springer,jpeg,70,217,English springer,0.5384939312934875,True,19951,19425,1.0270785070785071,43.83093410222442,0.991804705383128
imagenette,data/imagenette2-320/val/n02102040/n02102040_3792.JPEG,n02102040,217,English springer,jpeg,70,217,English springer,0.30831199884414673,True,26985,26374,1.0231667551376356,41.22004627312719,0.9866859057025049
imagenette,data/imagenette2-320/val/n02102040/n02102040_3891.JPEG,n02102040,217,English springer,jpeg,70,217,English springer,0.30536949634552,True,22575,21981,1.0270233383376552,43.7390808951137,0.992606120006362
imagenette,data/imagenette2-320/val/n02102040/n02102040_390.JPEG,n02102040,217,English springer,jpeg,70,217,English springer,0.4579058587551117,True,33347,32312,1.0320314434265907,39.890362425845225,0.9909722090067786
imagenette,data/imagenette2-320/val/n02102040/n02102040_3931.JPEG,n02102040,217,English springer,jpeg,70,217,English springer,0.23859333992004395,True,32636,31480,1.0367217280813215,39.579088918118316,0.9919827948066429
imagenette,data/imagenette2-320/val/n02102040/n02102040_3941.JPEG,n02102040,217,English springer,jpeg,70,217,English springer,0.5007044672966003,True,21178,20722,1.0220055979152591,43.852657751711035,0.9921663761549118
imagenette,data/imagenette2-320/val/n02102040/n02102040_3950.JPEG,n02102040,217,English springer,jpeg,70,217,English springer,0.5511125922203064,True,35400,34388,1.0294288705362336,39.40061275117652,0.9916040800402856
imagenette,data/imagenette2-320/val/n02102040/n02102040_3960.JPEG,n02102040,217,English springer,jpeg,70,217,English springer,0.36406904458999634,True,53012,51178,1.035835710656923,35.4555035829722,0.9933322699776426
imagenette,data/imagenette2-320/val/n02102040/n02102040_4020.JPEG,n02102040,217,English springer,jpeg,70,217,English springer,0.4730454087257385,True,44871,43603,1.029080567850836,35.490026422700225,0.9900467581487961
imagenette,data/imagenette2-320/val/n02102040/n02102040_4070.JPEG,n02102040,217,English springer,jpeg,70,217,English springer,0.4843498468399048,True,19535,19864,0.9834373741441804,45.83002491295826,0.9953563377925448
imagenette,data/imagenette2-320/val/n02102040/n02102040_4090.JPEG,n02102040,217,English springer,jpeg,70,217,English springer,0.44274210929870605,True,36114,35217,1.02547065337763,40.21814415793638,0.990654438841993
imagenette,data/imagenette2-320/val/n02102040/n02102040_4111.JPEG,n02102040,217,English springer,jpeg,70,217,English springer,0.19467248022556305,True,23669,22965,1.0306553450903548,42.69913175749019,0.9873302693150597
imagenette,data/imagenette2-320/val/n02102040/n02102040_421.JPEG,n02102040,217,English springer,jpeg,70,217,English springer,0.12137109786272049,True,22131,21661,1.021697982549282,44.25554504556843,0.9916930801765881
imagenette,data/imagenette2-320/val/n02102040/n02102040_4241.JPEG,n02102040,217,English springer,jpeg,70,217,English springer,0.3708595037460327,True,20186,19653,1.0271205413931714,45.03250193639845,0.9922139928118335
imagenette,data/imagenette2-320/val/n02102040/n02102040_4250.JPEG,n02102040,217,English springer,jpeg,70,217,English springer,0.38532260060310364,True,50503,48799,1.0349187483350069,35.38147285184507,0.9904293926134141
imagenette,data/imagenette2-320/val/n02102040/n02102040_4262.JPEG,n02102040,217,English springer,jpeg,70,217,English springer,0.2863146960735321,True,26904,26044,1.0330210413146983,42.07249875946143,0.9894591276029651
imagenette,data/imagenette2-320/val/n02102040/n02102040_4272.JPEG,n02102040,217,English springer,jpeg,70,217,English springer,0.379547655582428,True,25710,24950,1.0304609218436873,42.49716976212365,0.9923356603897532
imagenette,data/imagenette2-320/val/n02102040/n02102040_430.JPEG,n02102040,217,English springer,jpeg,70,217,English springer,0.2786986529827118,True,21332,20698,1.030630978838535,42.98178778489783,0.9910242761947439
imagenette,data/imagenette2-320/val/n02102040/n02102040_4320.JPEG,n02102040,217,English springer,jpeg,70,217,English springer,0.37765181064605713,True,32396,31509,1.0281506871052715,41.173295151409405,0.991541756101872
imagenette,data/imagenette2-320/val/n02102040/n02102040_4342.JPEG,n02102040,217,English springer,jpeg,70,217,English springer,0.1816377192735672,True,17502,16980,1.0307420494699646,45.82951422414726,0.9942719734224387
imagenette,data/imagenette2-320/val/n02102040/n02102040_4350.JPEG,n02102040,217,English springer,jpeg,70,217,English springer,0.326332688331604,True,20337,19949,1.019449596471001,43.58744043338546,0.9897457583154227
imagenette,data/imagenette2-320/val/n02102040/n02102040_4352.JPEG,n02102040,217,English springer,jpeg,70,217,English springer,0.30932489037513733,True,17326,16796,1.0315551321743273,43.42653334096653,0.992118687107259
imagenette,data/imagenette2-320/val/n02102040/n02102040_4392.JPEG,n02102040,217,English springer,jpeg,70,218,Welsh springer spaniel,0.15471214056015015,False,22948,22255,1.031139069871939,43.15562440167534,0.9922177313904738
imagenette,data/imagenette2-320/val/n02102040/n02102040_440.JPEG,n02102040,217,English springer,jpeg,70,217,English springer,0.40417182445526123,True,32126,30977,1.0370920360267295,40.17528379358705,0.9884628015398341
imagenette,data/imagenette2-320/val/n02102040/n02102040_4410.JPEG,n02102040,217,English springer,jpeg,70,217,English springer,0.4016983211040497,True,27923,27207,1.0263167567170213,41.764202814974254,0.9910003340386258
imagenette,data/imagenette2-320/val/n02102040/n02102040_4411.JPEG,n02102040,217,English springer,jpeg,70,217,English springer,0.0931311771273613,True,39409,38116,1.0339227620946585,37.45669777795463,0.9902822751320018
imagenette,data/imagenette2-320/val/n02102040/n02102040_4440.JPEG,n02102040,217,English springer,jpeg,70,217,English springer,0.2794460356235504,True,23916,23269,1.027805234432077,43.575537808224794,0.9928451495178408
imagenette,data/imagenette2-320/val/n02102040/n02102040_4450.JPEG,n02102040,217,English springer,jpeg,70,217,English springer,0.2776993215084076,True,43093,41816,1.030538549837383,39.01474640763371,0.9914100008357485
imagenette,data/imagenette2-320/val/n02102040/n02102040_4481.JPEG,n02102040,217,English springer,jpeg,70,217,English springer,0.6204711198806763,True,18645,18127,1.0285761571136978,42.404792706533215,0.9887755940494611
imagenette,data/imagenette2-320/val/n02102040/n02102040_4492.JPEG,n02102040,217,English springer,jpeg,70,217,English springer,0.3296666145324707,True,30767,29736,1.0346717783158461,40.569307896227414,0.9917831561499676
imagenette,data/imagenette2-320/val/n02102040/n02102040_450.JPEG,n02102040,217,English springer,jpeg,70,217,English springer,0.4802860617637634,True,20443,19929,1.0257915600381353,43.82591615728167,0.9917991473114617
imagenette,data/imagenette2-320/val/n02102040/n02102040_451.JPEG,n02102040,217,English springer,jpeg,70,217,English springer,0.4391424357891083,True,38914,37814,1.0290897551171523,39.51708731974037,0.9900595779745668
imagenette,data/imagenette2-320/val/n02102040/n02102040_4560.JPEG,n02102040,217,English springer,jpeg,70,217,English springer,0.35646024346351624,True,24616,23946,1.027979620813497,42.7023171011031,0.9893333534208457
imagenette,data/imagenette2-320/val/n02102040/n02102040_4582.JPEG,n02102040,217,English springer,jpeg,70,217,English springer,0.2508256137371063,True,22995,22395,1.0267916945746818,44.36583770905376,0.9926707312851142
imagenette,data/imagenette2-320/val/n02102040/n02102040_460.JPEG,n02102040,217,English springer,jpeg,70,217,English springer,0.2833250164985657,True,20368,19890,1.0240321769733534,44.87058288831763,0.9919950565863579
imagenette,data/imagenette2-320/val/n02102040/n02102040_4650.JPEG,n02102040,217,English springer,jpeg,70,218,Welsh springer spaniel,0.23500961065292358,False,23886,23284,1.0258546641470538,43.73753073354862,0.9923384535545967
imagenette,data/imagenette2-320/val/n02102040/n02102040_4670.JPEG,n02102040,217,English springer,jpeg,70,212,English setter,0.2482335865497589,False,28677,27958,1.0257171471492954,42.13896659789259,0.9922447781569458
imagenette,data/imagenette2-320/val/n02102040/n02102040_4701.JPEG,n02102040,217,English springer,jpeg,70,212,English setter,0.12189461290836334,False,34241,33210,1.0310448660042155,39.851540920364755,0.9913430049049442
imagenette,data/imagenette2-320/val/n02102040/n02102040_4702.JPEG,n02102040,217,English springer,jpeg,70,217,English springer,0.4748096168041229,True,23455,22951,1.0219598274584984,44.33788234073846,0.9920502495590204
imagenette,data/imagenette2-320/val/n02102040/n02102040_4722.JPEG,n02102040,217,English springer,jpeg,70,217,English springer,0.3503957986831665,True,31671,30706,1.0314270826548557,38.925527633517056,0.9898823607942463
imagenette,data/imagenette2-320/val/n02102040/n02102040_4732.JPEG,n02102040,217,English springer,jpeg,70,217,English springer,0.2199700027704239,True,40291,39130,1.0296703296703296,38.658144256998824,0.9904586881395222
imagenette,data/imagenette2-320/val/n02102040/n02102040_4742.JPEG,n02102040,217,English springer,jpeg,70,217,English springer,0.33384406566619873,True,20602,20111,1.0244144995276216,44.647784562851676,0.9916373477329667
imagenette,data/imagenette2-320/val/n02102040/n02102040_4780.JPEG,n02102040,217,English springer,jpeg,70,217,English springer,0.22677704691886902,True,22026,21306,1.0337932976626303,39.80645374401814,0.9936002673688139
imagenette,data/imagenette2-320/val/n02102040/n02102040_4801.JPEG,n02102040,217,English springer,jpeg,70,217,English springer,0.28912046551704407,True,16334,16043,1.0181387521037213,46.59401764036112,0.9920745629335416
imagenette,data/imagenette2-320/val/n02102040/n02102040_4821.JPEG,n02102040,217,English springer,jpeg,70,217,English springer,0.3256312906742096,True,37868,36760,1.0301414581066377,37.50759239157439,0.9920285214096659
imagenette,data/imagenette2-320/val/n02102040/n02102040_4851.JPEG,n02102040,217,English springer,jpeg,70,156,Blenheim spaniel,0.0894973948597908,False,32983,31839,1.0359307767203745,40.87522786891902,0.9939948572732898
imagenette,data/imagenette2-320/val/n02102040/n02102040_4872.JPEG,n02102040,217,English springer,jpeg,70,217,English springer,0.2673608362674713,True,41352,39978,1.0343689028965932,38.3559515109109,0.9926946283381305
imagenette,data/imagenette2-320/val/n02102040/n02102040_4901.JPEG,n02102040,217,English springer,jpeg,70,217,English springer,0.39340028166770935,True,37870,36508,1.0373068916401884,38.10005406602649,0.9850937127022886
imagenette,data/imagenette2-320/val/n02102040/n02102040_491.JPEG,n02102040,217,English springer,jpeg,70,217,English springer,0.3283110558986664,True,34773,33596,1.0350339326110252,38.91114180645312,0.989911775215334
imagenette,data/imagenette2-320/val/n02102040/n02102040_4952.JPEG,n02102040,217,English springer,jpeg,70,217,English springer,0.5492910146713257,True,13827,13473,1.0262747717657537,45.72815856949486,0.9945648525287153
imagenette,data/imagenette2-320/val/n02102040/n02102040_4960.JPEG,n02102040,217,English springer,jpeg,70,217,English springer,0.3793911337852478,True,25348,24530,1.0333469221361598,41.85893970583696,0.9920874455823894
imagenette,data/imagenette2-320/val/n02102040/n02102040_4972.JPEG,n02102040,217,English springer,jpeg,70,217,English springer,0.4561610817909241,True,23441,22773,1.0293329820401353,42.512133301587355,0.9904840518781567
imagenette,data/imagenette2-320/val/n02102040/n02102040_4980.JPEG,n02102040,217,English springer,jpeg,70,217,English springer,0.46528151631355286,True,27155,26375,1.0295734597156398,41.52935843790673,0.9902046907141906
imagenette,data/imagenette2-320/val/n02102040/n02102040_4990.JPEG,n02102040,217,English springer,jpeg,70,217,English springer,0.3514690697193146,True,34501,33488,1.0302496416626852,40.00869929213977,0.9918538493192649
imagenette,data/imagenette2-320/val/n02102040/n02102040_5030.JPEG,n02102040,217,English springer,jpeg,70,217,English springer,0.3320159316062927,True,26328,25226,1.0436850868151906,39.559584394923974,0.9847199451824274
imagenette,data/imagenette2-320/val/n02102040/n02102040_5060.JPEG,n02102040,217,English springer,jpeg,70,217,English springer,0.23972654342651367,True,24420,23906,1.0215008784405588,43.17190366034804,0.9903009135754729
imagenette,data/imagenette2-320/val/n02102040/n02102040_5061.JPEG,n02102040,217,English springer,jpeg,70,217,English springer,0.33843040466308594,True,32608,31572,1.0328138857215254,39.094416606266186,0.9927045596750155
imagenette,data/imagenette2-320/val/n02102040/n02102040_5070.JPEG,n02102040,217,English springer,jpeg,70,217,English springer,0.3753519356250763,True,16166,15732,1.027587083651157,43.52362694210106,0.9925800009640874
imagenette,data/imagenette2-320/val/n02102040/n02102040_5091.JPEG,n02102040,217,English springer,jpeg,70,217,English springer,0.18152442574501038,True,28455,27538,1.0332994407727505,41.6630901567908,0.993102908862107
imagenette,data/imagenette2-320/val/n02102040/n02102040_5101.JPEG,n02102040,217,English springer,jpeg,70,217,English springer,0.3917352557182312,True,23143,22432,1.0316957917261056,41.90467485701464,0.9910588119158663
imagenette,data/imagenette2-320/val/n02102040/n02102040_5120.JPEG,n02102040,217,English springer,jpeg,70,217,English springer,0.346646249294281,True,20543,19966,1.0288991285184814,45.16775175526434,0.9930314482227945
imagenette,data/imagenette2-320/val/n02102040/n02102040_5170.JPEG,n02102040,217,English springer,jpeg,70,217,English springer,0.3502471446990967,True,42857,41395,1.0353182751540042,36.86014317429573,0.987865279552559
imagenette,data/imagenette2-320/val/n02102040/n02102040_521.JPEG,n02102040,217,English springer,jpeg,70,217,English springer,0.4403885304927826,True,20755,20210,1.0269668480950025,44.1851855966173,0.9912801867992439
imagenette,data/imagenette2-320/val/n02102040/n02102040_5272.JPEG,n02102040,217,English springer,jpeg,70,217,English springer,0.1710691750049591,True,17855,17431,1.0243244793758246,44.119969584798596,0.9890668417604269
imagenette,data/imagenette2-320/val/n02102040/n02102040_5311.JPEG,n02102040,217,English springer,jpeg,70,217,English springer,0.2865278422832489,True,23875,23049,1.0358366957351728,41.07430303302333,0.9919637438829882
imagenette,data/imagenette2-320/val/n02102040/n02102040_5370.JPEG,n02102040,217,English springer,jpeg,70,217,English springer,0.3580627739429474,True,21934,21239,1.0327228212251047,43.541206676061314,0.9875401212679203
imagenette,data/imagenette2-320/val/n02102040/n02102040_5390.JPEG,n02102040,217,English springer,jpeg,70,217,English springer,0.21446247398853302,True,25544,24749,1.0321225100004041,41.83147481660097,0.991095308144842
imagenette,data/imagenette2-320/val/n02102040/n02102040_5442.JPEG,n02102040,217,English springer,jpeg,70,217,English springer,0.25700539350509644,True,48855,47319,1.0324605338236226,35.538857314569114,0.9896671493907929
imagenette,data/imagenette2-320/val/n02102040/n02102040_5502.JPEG,n02102040,217,English springer,jpeg,70,217,English springer,0.26954764127731323,True,33793,32809,1.0299917705507635,40.752758829997575,0.991482600879312
imagenette,data/imagenette2-320/val/n02102040/n02102040_551.JPEG,n02102040,217,English springer,jpeg,70,217,English springer,0.4072740972042084,True,32278,31283,1.0318064124284756,38.0583961522463,0.9904807180383027
imagenette,data/imagenette2-320/val/n02102040/n02102040_5580.JPEG,n02102040,217,English springer,jpeg,70,217,English springer,0.21381013095378876,True,39507,38168,1.0350817438692097,37.938114611861174,0.9906976087196866
imagenette,data/imagenette2-320/val/n02102040/n02102040_562.JPEG,n02102040,217,English springer,jpeg,70,217,English springer,0.15518677234649658,True,54333,52300,1.0388718929254301,34.86408730324656,0.9913520936619783
imagenette,data/imagenette2-320/val/n02102040/n02102040_5620.JPEG,n02102040,217,English springer,jpeg,70,217,English springer,0.23994775116443634,True,24421,23596,1.0349635531446009,41.61715075084346,0.9908145498214628
imagenette,data/imagenette2-320/val/n02102040/n02102040_5641.JPEG,n02102040,217,English springer,jpeg,70,217,English springer,0.30565255880355835,True,20531,19965,1.0283496118206863,44.32962591749558,0.9924581475451494
imagenette,data/imagenette2-320/val/n02102040/n02102040_5681.JPEG,n02102040,217,English springer,jpeg,70,217,English springer,0.3193877935409546,True,23414,22851,1.0246378714279463,43.216076904615164,0.9906986817597243
imagenette,data/imagenette2-320/val/n02102040/n02102040_571.JPEG,n02102040,217,English springer,jpeg,70,217,English springer,0.2781253159046173,True,50557,49136,1.028919732985998,36.53709736025683,0.9909678046680691
imagenette,data/imagenette2-320/val/n02102040/n02102040_5712.JPEG,n02102040,217,English springer,jpeg,70,217,English springer,0.36354172229766846,True,26432,25937,1.01908470524733,43.80709661097279,0.990013512256362
imagenette,data/imagenette2-320/val/n02102040/n02102040_5790.JPEG,n02102040,217,English springer,jpeg,70,217,English springer,0.35331958532333374,True,39783,38490,1.033593141075604,39.91001428755527,0.9944407415164364
imagenette,data/imagenette2-320/val/n02102040/n02102040_580.JPEG,n02102040,217,English springer,jpeg,70,217,English springer,0.35824206471443176,True,28005,27125,1.032442396313364,41.21738455828776,0.9910686661402773
imagenette,data/imagenette2-320/val/n02102040/n02102040_5802.JPEG,n02102040,217,English springer,jpeg,70,217,English springer,0.4714626669883728,True,19667,19176,1.025604922820192,44.633131047022005,0.9926828778900506
imagenette,data/imagenette2-320/val/n02102040/n02102040_5810.JPEG,n02102040,217,English springer,jpeg,70,217,English springer,0.6175914406776428,True,25531,24757,1.031263884961829,41.5723466187081,0.9911641747530643
imagenette,data/imagenette2-320/val/n02102040/n02102040_5850.JPEG,n02102040,217,English springer,jpeg,70,219,cocker spaniel,0.21703337132930756,False,27264,26574,1.0259652291713706,42.03665554622005,0.9901048827328928
imagenette,data/imagenette2-320/val/n02102040/n02102040_5851.JPEG,n02102040,217,English springer,jpeg,70,217,English springer,0.15854842960834503,True,23462,22897,1.0246757217102678,43.84314072679076,0.9916608294281097
imagenette,data/imagenette2-320/val/n02102040/n02102040_5871.JPEG,n02102040,217,English springer,jpeg,70,232,Border collie,0.2377757877111435,False,40195,38775,1.036621534493875,38.18352954072543,0.9923037096683628
imagenette,data/imagenette2-320/val/n02102040/n02102040_5881.JPEG,n02102040,217,English springer,jpeg,70,217,English springer,0.28629010915756226,True,19159,18723,1.0232868664209795,45.26763384869653,0.9923406209402327
imagenette,data/imagenette2-320/val/n02102040/n02102040_5890.JPEG,n02102040,217,English springer,jpeg,70,217,English springer,0.40791067481040955,True,21198,20655,1.0262890341321713,44.02525471881846,0.9920583889117568
imagenette,data/imagenette2-320/val/n02102040/n02102040_5900.JPEG,n02102040,217,English springer,jpeg,70,217,English springer,0.3039921820163727,True,19338,18849,1.0259430208499125,45.33970747891196,0.9924007017223483
imagenette,data/imagenette2-320/val/n02102040/n02102040_5941.JPEG,n02102040,217,English springer,jpeg,70,217,English springer,0.2118862271308899,True,37506,36326,1.0324836205472665,39.191372425087025,0.9898403228135347
imagenette,data/imagenette2-320/val/n02102040/n02102040_5942.JPEG,n02102040,217,English springer,jpeg,70,217,English springer,0.3100629150867462,True,19558,19051,1.0266127762322188,44.73802353132568,0.9921530342311603
imagenette,data/imagenette2-320/val/n02102040/n02102040_5950.JPEG,n02102040,217,English springer,jpeg,70,217,English springer,0.32994508743286133,True,27117,26341,1.0294597775331233,41.4435880673906,0.9903989332302786
imagenette,data/imagenette2-320/val/n02102040/n02102040_5960.JPEG,n02102040,217,English springer,jpeg,70,217,English springer,0.5759347081184387,True,26020,25288,1.0289465359063588,42.416431653406256,0.9919711437194557
imagenette,data/imagenette2-320/val/n02102040/n02102040_602.JPEG,n02102040,217,English springer,jpeg,70,217,English springer,0.5444926619529724,True,45360,43847,1.0345063516318107,37.99309418348454,0.9919017843208016
imagenette,data/imagenette2-320/val/n02102040/n02102040_6050.JPEG,n02102040,217,English springer,jpeg,70,217,English springer,0.22281382977962494,True,18442,17968,1.026380231522707,44.89126364807732,0.9919931770072857
imagenette,data/imagenette2-320/val/n02102040/n02102040_6060.JPEG,n02102040,217,English springer,jpeg,70,217,English springer,0.29247334599494934,True,27345,26505,1.0316921335597058,42.222625602163944,0.9915796450196753
imagenette,data/imagenette2-320/val/n02102040/n02102040_6072.JPEG,n02102040,217,English springer,jpeg,70,210,German short-haired pointer,0.15805700421333313,False,48625,46635,1.0426718130159751,36.422414465343735,0.992541549557774
imagenette,data/imagenette2-320/val/n02102040/n02102040_6081.JPEG,n02102040,217,English springer,jpeg,70,212,English setter,0.15752798318862915,False,34027,33023,1.0304030524180117,39.60347512151345,0.9908024997228854
imagenette,data/imagenette2-320/val/n02102040/n02102040_6082.JPEG,n02102040,217,English springer,jpeg,70,217,English springer,0.40558260679244995,True,30530,29669,1.0290201894233038,42.358293926739144,0.9925783055865702
imagenette,data/imagenette2-320/val/n02102040/n02102040_610.JPEG,n02102040,217,English springer,jpeg,70,217,English springer,0.6375617384910583,True,25394,24797,1.024075493003186,43.60868799876853,0.9915470333409879
imagenette,data/imagenette2-320/val/n02102040/n02102040_6152.JPEG,n02102040,217,English springer,jpeg,70,217,English springer,0.37557047605514526,True,17024,16622,1.0241848153050175,45.24537425677646,0.9919470415782468
imagenette,data/imagenette2-320/val/n02102040/n02102040_6180.JPEG,n02102040,217,English springer,jpeg,70,217,English springer,0.21712477505207062,True,27079,26189,1.0339837336286226,41.34927071525166,0.9900669710997149
imagenette,data/imagenette2-320/val/n02102040/n02102040_620.JPEG,n02102040,217,English springer,jpeg,70,217,English springer,0.4167163372039795,True,17817,17433,1.0220271898124247,46.12415462559562,0.9929247899420464
imagenette,data/imagenette2-320/val/n02102040/n02102040_6201.JPEG,n02102040,217,English springer,jpeg,70,218,Welsh springer spaniel,0.28169602155685425,False,20234,19696,1.027315190901706,44.73307835908802,0.9902952928549774
imagenette,data/imagenette2-320/val/n02102040/n02102040_621.JPEG,n02102040,217,English springer,jpeg,70,217,English springer,0.2671634256839752,True,47806,46353,1.0313464069208034,35.83314434382318,0.989933843545279
imagenette,data/imagenette2-320/val/n02102040/n02102040_622.JPEG,n02102040,217,English springer,jpeg,70,217,English springer,0.14694112539291382,True,25540,24671,1.0352235418102225,43.01791557873342,0.994353131194131
imagenette,data/imagenette2-320/val/n02102040/n02102040_6232.JPEG,n02102040,217,English springer,jpeg,70,217,English springer,0.21554595232009888,True,22720,22059,1.0299650936125844,42.85735483441532,0.9892570150464083
imagenette,data/imagenette2-320/val/n02102040/n02102040_6240.JPEG,n02102040,217,English springer,jpeg,70,217,English springer,0.19528760015964508,True,27987,27198,1.029009485991617,43.33645331459096,0.9920932441955267
imagenette,data/imagenette2-320/val/n02102040/n02102040_6262.JPEG,n02102040,217,English springer,jpeg,70,217,English springer,0.33905503153800964,True,23758,23194,1.024316633612141,43.95588124623671,0.9909096544780818
imagenette,data/imagenette2-320/val/n02102040/n02102040_6291.JPEG,n02102040,217,English springer,jpeg,70,217,English springer,0.487809419631958,True,38880,37647,1.0327516136743964,40.0007233161982,0.9945430587591989
imagenette,data/imagenette2-320/val/n02102040/n02102040_630.JPEG,n02102040,217,English springer,jpeg,70,217,English springer,0.3150857090950012,True,34047,33204,1.0253885074087459,41.06195431523076,0.990196418851613
imagenette,data/imagenette2-320/val/n02102040/n02102040_6340.JPEG,n02102040,217,English springer,jpeg,70,217,English springer,0.3893031179904938,True,26946,26236,1.0270620521420948,41.908386647429865,0.9914032152725575
imagenette,data/imagenette2-320/val/n02102040/n02102040_6391.JPEG,n02102040,217,English springer,jpeg,70,217,English springer,0.2290308177471161,True,15229,14847,1.025729103522597,46.256619853143704,0.9924370744823454
imagenette,data/imagenette2-320/val/n02102040/n02102040_6392.JPEG,n02102040,217,English springer,jpeg,70,217,English springer,0.4972875714302063,True,37913,36590,1.0361574200601258,37.268774714431565,0.9920863486307633
imagenette,data/imagenette2-320/val/n02102040/n02102040_6400.JPEG,n02102040,217,English springer,jpeg,70,217,English springer,0.3938223719596863,True,15089,14635,1.0310215237444482,44.34195301979244,0.989425996361316
imagenette,data/imagenette2-320/val/n02102040/n02102040_6490.JPEG,n02102040,217,English springer,jpeg,70,217,English springer,0.4722062349319458,True,21696,21099,1.0282951798663444,42.35036034180631,0.9923103498093098
imagenette,data/imagenette2-320/val/n02102040/n02102040_651.JPEG,n02102040,217,English springer,jpeg,70,232,Border collie,0.17512382566928864,False,20473,19848,1.0314893188230552,43.9974509061455,0.9924504977237415
imagenette,data/imagenette2-320/val/n02102040/n02102040_652.JPEG,n02102040,217,English springer,jpeg,70,219,cocker spaniel,0.22389163076877594,False,20935,20413,1.0255719394503502,45.62770624293695,0.9943365585113507
imagenette,data/imagenette2-320/val/n02102040/n02102040_6532.JPEG,n02102040,217,English springer,jpeg,70,217,English springer,0.2997364401817322,True,11516,11235,1.0250111259457053,46.22513465862675,0.9917422262952518
imagenette,data/imagenette2-320/val/n02102040/n02102040_6552.JPEG,n02102040,217,English springer,jpeg,70,217,English springer,0.310831755399704,True,19894,19430,1.0238805970149254,44.120004561958154,0.9931642754565391
imagenette,data/imagenette2-320/val/n02102040/n02102040_6590.JPEG,n02102040,217,English springer,jpeg,70,217,English springer,0.5562682747840881,True,21145,20559,1.0285033318741184,44.689728801831485,0.9940008720408077
imagenette,data/imagenette2-320/val/n02102040/n02102040_660.JPEG,n02102040,217,English springer,jpeg,70,217,English springer,0.42011433839797974,True,14727,14363,1.0253428949383834,44.024955378771295,0.9936197970075312
imagenette,data/imagenette2-320/val/n02102040/n02102040_661.JPEG,n02102040,217,English springer,jpeg,70,217,English springer,0.5379424691200256,True,28689,27807,1.031718631999137,40.612159604726145,0.9914782460153487
imagenette,data/imagenette2-320/val/n02102040/n02102040_662.JPEG,n02102040,217,English springer,jpeg,70,217,English springer,0.5570471286773682,True,27953,27289,1.0243321484847374,41.72198560822234,0.9923074698108834
imagenette,data/imagenette2-320/val/n02102040/n02102040_6622.JPEG,n02102040,217,English springer,jpeg,70,217,English springer,0.2500326931476593,True,35605,34666,1.0270870593665262,39.66869727126867,0.990157890798493
imagenette,data/imagenette2-320/val/n02102040/n02102040_6630.JPEG,n02102040,217,English springer,jpeg,70,217,English springer,0.16255542635917664,True,18662,18066,1.0329901472379055,43.082637442266275,0.9909294343386076
imagenette,data/imagenette2-320/val/n02102040/n02102040_6652.JPEG,n02102040,217,English springer,jpeg,70,217,English springer,0.310741126537323,True,24066,23495,1.024303043200681,43.74893518612375,0.9903390960590491
imagenette,data/imagenette2-320/val/n02102040/n02102040_6682.JPEG,n02102040,217,English springer,jpeg,70,217,English springer,0.3375033438205719,True,18953,18421,1.0288800825145215,43.10881363004627,0.9915911710124145
imagenette,data/imagenette2-320/val/n02102040/n02102040_671.JPEG,n02102040,217,English springer,jpeg,70,218,Welsh springer spaniel,0.17706869542598724,False,50617,48698,1.0394061357755966,34.709908346376224,0.9889744135162988
imagenette,data/imagenette2-320/val/n02102040/n02102040_6710.JPEG,n02102040,217,English springer,jpeg,70,217,English springer,0.33050498366355896,True,32509,31611,1.0284078327164594,45.89486718344248,0.9938618538572502
imagenette,data/imagenette2-320/val/n02102040/n02102040_672.JPEG,n02102040,217,English springer,jpeg,70,217,English springer,0.2668944001197815,True,23210,22564,1.0286296755894344,44.31658858267447,0.9944183893731345
imagenette,data/imagenette2-320/val/n02102040/n02102040_6770.JPEG,n02102040,217,English springer,jpeg,70,217,English springer,0.16646938025951385,True,19255,18766,1.0260577640413513,44.11061296445408,0.9917453514948753
imagenette,data/imagenette2-320/val/n02102040/n02102040_6781.JPEG,n02102040,217,English springer,jpeg,70,217,English springer,0.5820404291152954,True,33484,32589,1.027463254472368,40.80530247435449,0.991866824793514
imagenette,data/imagenette2-320/val/n02102040/n02102040_6800.JPEG,n02102040,217,English springer,jpeg,70,217,English springer,0.3584062159061432,True,22692,21987,1.032064401691909,41.705344241383415,0.991146032725826
imagenette,data/imagenette2-320/val/n02102040/n02102040_681.JPEG,n02102040,217,English springer,jpeg,70,217,English springer,0.3602277934551239,True,9376,10098,0.9285006932065756,50.61604268387476,0.9957494130992325
imagenette,data/imagenette2-320/val/n02102040/n02102040_682.JPEG,n02102040,217,English springer,jpeg,70,217,English springer,0.3455338776111603,True,26527,25788,1.0286567395687918,42.773031797903016,0.9916762250715138
imagenette,data/imagenette2-320/val/n02102040/n02102040_6851.JPEG,n02102040,217,English springer,jpeg,70,217,English springer,0.49566930532455444,True,19817,19290,1.027319854847071,44.03535497451703,0.991773902005013
imagenette,data/imagenette2-320/val/n02102040/n02102040_6880.JPEG,n02102040,217,English springer,jpeg,70,217,English springer,0.20713183283805847,True,26146,25525,1.0243290891283057,42.161715137874396,0.9909143078006943
imagenette,data/imagenette2-320/val/n02102040/n02102040_6890.JPEG,n02102040,217,English springer,jpeg,70,217,English springer,0.20807452499866486,True,34685,33490,1.0356822932218572,39.59666194604492,0.9946536400743976
imagenette,data/imagenette2-320/val/n02102040/n02102040_6892.JPEG,n02102040,217,English springer,jpeg,70,217,English springer,0.31490951776504517,True,35646,34476,1.0339366515837105,38.07840034785736,0.9772382620790342
imagenette,data/imagenette2-320/val/n02102040/n02102040_690.JPEG,n02102040,217,English springer,jpeg,70,232,Border collie,0.36710670590400696,False,35350,34283,1.0311232972610331,39.14522709836686,0.9913400889546722
imagenette,data/imagenette2-320/val/n02102040/n02102040_6912.JPEG,n02102040,217,English springer,jpeg,70,217,English springer,0.20477616786956787,True,23379,22709,1.0295037209916773,43.62737193674725,0.9913512477465973
imagenette,data/imagenette2-320/val/n02102040/n02102040_6951.JPEG,n02102040,217,English springer,jpeg,70,217,English springer,0.29529160261154175,True,23666,22972,1.0302106912763365,43.57702990116061,0.9932307826654195
imagenette,data/imagenette2-320/val/n02102040/n02102040_6992.JPEG,n02102040,217,English springer,jpeg,70,217,English springer,0.40986648201942444,True,18957,18487,1.0254232704062314,45.42623430430967,0.9924029692844418
imagenette,data/imagenette2-320/val/n02102040/n02102040_700.JPEG,n02102040,217,English springer,jpeg,70,217,English springer,0.3594122529029846,True,28704,27731,1.0350870866539252,38.60431807866033,0.989298881540757
imagenette,data/imagenette2-320/val/n02102040/n02102040_7002.JPEG,n02102040,217,English springer,jpeg,70,217,English springer,0.20263630151748657,True,32366,31459,1.028831177087638,40.59967135816414,0.9907719645876679
imagenette,data/imagenette2-320/val/n02102040/n02102040_7011.JPEG,n02102040,217,English springer,jpeg,70,217,English springer,0.4115131199359894,True,32620,31536,1.0343734145104009,43.35987952686178,0.9947293256707397
imagenette,data/imagenette2-320/val/n02102040/n02102040_702.JPEG,n02102040,217,English springer,jpeg,70,217,English springer,0.3426898419857025,True,17878,17407,1.0270580800827254,44.85018361253117,0.9910180981427338
imagenette,data/imagenette2-320/val/n02102040/n02102040_7041.JPEG,n02102040,217,English springer,jpeg,70,217,English springer,0.5678133964538574,True,20775,20208,1.0280581947743468,44.94822683030196,0.9939715769501914
imagenette,data/imagenette2-320/val/n02102040/n02102040_7082.JPEG,n02102040,217,English springer,jpeg,70,217,English springer,0.4928072988986969,True,39089,37758,1.0352508077758356,38.38659985035698,0.9914496939332015
imagenette,data/imagenette2-320/val/n02102040/n02102040_7091.JPEG,n02102040,217,English springer,jpeg,70,217,English springer,0.536567211151123,True,18695,18221,1.0260139399593875,44.473072883188564,0.9919474505450504
imagenette,data/imagenette2-320/val/n02102040/n02102040_7092.JPEG,n02102040,217,English springer,jpeg,70,217,English springer,0.23076000809669495,True,15836,15431,1.0262458687058518,44.73319938528333,0.992641365324928
imagenette,data/imagenette2-320/val/n02102040/n02102040_712.JPEG,n02102040,217,English springer,jpeg,70,217,English springer,0.3427913784980774,True,25595,24921,1.027045463665182,43.134257428269976,0.9927375372173625
imagenette,data/imagenette2-320/val/n02102040/n02102040_7130.JPEG,n02102040,217,English springer,jpeg,70,217,English springer,0.2784290611743927,True,25844,25196,1.0257183679949198,41.36772247522338,0.9901188643388412
imagenette,data/imagenette2-320/val/n02102040/n02102040_7150.JPEG,n02102040,217,English springer,jpeg,70,217,English springer,0.2985840141773224,True,37917,36738,1.0320921117099462,39.25099948933391,0.993265253201623
imagenette,data/imagenette2-320/val/n02102040/n02102040_720.JPEG,n02102040,217,English springer,jpeg,70,217,English springer,0.308540403842926,True,16330,15888,1.02781973816717,45.44589649655472,0.9932301876611701
imagenette,data/imagenette2-320/val/n02102040/n02102040_7222.JPEG,n02102040,217,English springer,jpeg,70,217,English springer,0.4320550858974457,True,26129,25483,1.0253502334889926,42.57580667798206,0.9906760338510366
imagenette,data/imagenette2-320/val/n02102040/n02102040_7262.JPEG,n02102040,217,English springer,jpeg,70,217,English springer,0.3259725868701935,True,32395,31542,1.0270433073362502,40.39170285571275,0.9913527194962825
imagenette,data/imagenette2-320/val/n02102040/n02102040_7270.JPEG,n02102040,217,English springer,jpeg,70,217,English springer,0.2396479696035385,True,32331,31457,1.0277839590552182,39.431957467699156,0.9904484476584082
imagenette,data/imagenette2-320/val/n02102040/n02102040_732.JPEG,n02102040,217,English springer,jpeg,70,217,English springer,0.35008594393730164,True,47461,45968,1.0324791159067177,36.43178836891234,0.9903131901081101
imagenette,data/imagenette2-320/val/n02102040/n02102040_7382.JPEG,n02102040,217,English springer,jpeg,70,217,English springer,0.29717063903808594,True,21634,21063,1.0271091487442434,43.67584606929374,0.9898583377316482
imagenette,data/imagenette2-320/val/n02102040/n02102040_7392.JPEG,n02102040,217,English springer,jpeg,70,217,English springer,0.5306735038757324,True,16362,15970,1.024546023794615,46.68033481868107,0.9937011494802377
imagenette,data/imagenette2-320/val/n02102040/n02102040_7412.JPEG,n02102040,217,English springer,jpeg,70,217,English springer,0.4650571644306183,True,32607,31726,1.0277690222530416,41.147530372508456,0.9917210671066693
imagenette,data/imagenette2-320/val/n02102040/n02102040_742.JPEG,n02102040,217,English springer,jpeg,70,217,English springer,0.33603039383888245,True,16744,16305,1.0269242563630787,45.92964892028238,0.9914782935339352
imagenette,data/imagenette2-320/val/n02102040/n02102040_7421.JPEG,n02102040,217,English springer,jpeg,70,217,English springer,0.7989716529846191,True,35615,34253,1.0397629404723674,37.58080187992161,0.9888243703213387
imagenette,data/imagenette2-320/val/n02102040/n02102040_7452.JPEG,n02102040,217,English springer,jpeg,70,217,English springer,0.3511410355567932,True,20571,20018,1.0276251373763612,43.60652926386894,0.993145591043446
imagenette,data/imagenette2-320/val/n02102040/n02102040_7460.JPEG,n02102040,217,English springer,jpeg,70,217,English springer,0.3793787658214569,True,18352,17943,1.022794404503149,43.68787339725482,0.9891635446129152
imagenette,data/imagenette2-320/val/n02102040/n02102040_7480.JPEG,n02102040,217,English springer,jpeg,70,217,English springer,0.41665858030319214,True,31323,30316,1.0332167832167831,40.75872858917422,0.9915648982200201
imagenette,data/imagenette2-320/val/n02102040/n02102040_7490.JPEG,n02102040,217,English springer,jpeg,70,217,English springer,0.6225613951683044,True,33982,32885,1.0333586741675536,39.851680006325445,0.9912163596195861
imagenette,data/imagenette2-320/val/n02102040/n02102040_750.JPEG,n02102040,217,English springer,jpeg,70,217,English springer,0.4614025354385376,True,15616,15173,1.0291965992223027,44.509752405822375,0.9918731501640942
imagenette,data/imagenette2-320/val/n02102040/n02102040_7501.JPEG,n02102040,217,English springer,jpeg,70,217,English springer,0.4445299804210663,True,27994,27301,1.0253836855792828,42.68240707877409,0.9918513642025922
imagenette,data/imagenette2-320/val/n02102040/n02102040_7510.JPEG,n02102040,217,English springer,jpeg,70,217,English springer,0.5019094944000244,True,35935,34951,1.0281537008955395,40.337566793666454,0.9916883415272332
imagenette,data/imagenette2-320/val/n02102040/n02102040_752.JPEG,n02102040,217,English springer,jpeg,70,217,English springer,0.08300987631082535,True,32292,31362,1.0296537210637076,42.346662695106765,0.9915476927436161
imagenette,data/imagenette2-320/val/n02102040/n02102040_7562.JPEG,n02102040,217,English springer,jpeg,70,217,English springer,0.46152594685554504,True,19361,18989,1.0195902891147506,45.715745211904775,0.992630552962379
imagenette,data/imagenette2-320/val/n02102040/n02102040_761.JPEG,n02102040,217,English springer,jpeg,70,217,English springer,0.29766523838043213,True,33097,32016,1.033764367816092,40.00493930749794,0.9933617734076
imagenette,data/imagenette2-320/val/n02102040/n02102040_762.JPEG,n02102040,217,English springer,jpeg,70,217,English springer,0.3097773492336273,True,20677,20152,1.026052004763795,43.97912035945312,0.9914218708987228
imagenette,data/imagenette2-320/val/n02102040/n02102040_7670.JPEG,n02102040,217,English springer,jpeg,70,217,English springer,0.3716508150100708,True,22013,21432,1.0271089958939903,42.31655590773248,0.992308955834812
imagenette,data/imagenette2-320/val/n02102040/n02102040_770.JPEG,n02102040,217,English springer,jpeg,70,217,English springer,0.25674065947532654,True,24929,24222,1.029188341177442,42.89783567425263,0.9919503613283053
imagenette,data/imagenette2-320/val/n02102040/n02102040_7761.JPEG,n02102040,217,English springer,jpeg,70,217,English springer,0.3819447159767151,True,31885,30799,1.035260885093672,40.40860412217648,0.9923067426157157
imagenette,data/imagenette2-320/val/n02102040/n02102040_7792.JPEG,n02102040,217,English springer,jpeg,70,217,English springer,0.3901101052761078,True,23122,22487,1.0282385378218526,42.483813687780845,0.9902757805132772
imagenette,data/imagenette2-320/val/n02102040/n02102040_782.JPEG,n02102040,217,English springer,jpeg,70,217,English springer,0.3871903121471405,True,23952,23224,1.0313468825353083,41.25352781330995,0.9925691043236515
imagenette,data/imagenette2-320/val/n02102040/n02102040_7841.JPEG,n02102040,217,English springer,jpeg,70,217,English springer,0.14376017451286316,True,19301,18772,1.0281802684849777,44.2869016796466,0.9922689443162787
imagenette,data/imagenette2-320/val/n02102040/n02102040_7860.JPEG,n02102040,217,English springer,jpeg,70,217,English springer,0.19460442662239075,True,30288,29361,1.0315724941248594,40.79924733686421,0.9925800848864722
imagenette,data/imagenette2-320/val/n02102040/n02102040_7890.JPEG,n02102040,217,English springer,jpeg,70,217,English springer,0.48530271649360657,True,31681,30756,1.0300754324359473,41.42857063440738,0.9917812562081704
imagenette,data/imagenette2-320/val/n02102040/n02102040_791.JPEG,n02102040,217,English springer,jpeg,70,217,English springer,0.18016357719898224,True,28209,27451,1.0276128374194018,41.43716229572483,0.9913742173984555
imagenette,data/imagenette2-320/val/n02102040/n02102040_7931.JPEG,n02102040,217,English springer,jpeg,70,217,English springer,0.5348696112632751,True,34653,33546,1.032999463423359,37.176082725170055,0.9920167693919906
imagenette,data/imagenette2-320/val/n02102040/n02102040_7941.JPEG,n02102040,217,English springer,jpeg,70,217,English springer,0.46670499444007874,True,25948,25280,1.0264240506329114,42.16875266485222,0.9921667125743943
imagenette,data/imagenette2-320/val/n02102040/n02102040_7942.JPEG,n02102040,217,English springer,jpeg,70,217,English springer,0.2842663824558258,True,18580,18021,1.0310193662948781,44.565080610422434,0.9929423346672589
imagenette,data/imagenette2-320/val/n02102040/n02102040_8012.JPEG,n02102040,217,English springer,jpeg,70,212,English setter,0.19308620691299438,False,48384,46974,1.030016604930387,35.93825887327599,0.9901497570200627
imagenette,data/imagenette2-320/val/n02102040/n02102040_8061.JPEG,n02102040,217,English springer,jpeg,70,217,English springer,0.3308916389942169,True,26770,26018,1.028903067107387,41.237153458869145,0.9929134273663016
imagenette,data/imagenette2-320/val/n02102040/n02102040_810.JPEG,n02102040,217,English springer,jpeg,70,217,English springer,0.40143391489982605,True,23108,22440,1.0297682709447415,43.28009609122209,0.9918287917547675
imagenette,data/imagenette2-320/val/n02102040/n02102040_811.JPEG,n02102040,217,English springer,jpeg,70,220,Sussex spaniel,0.12320118397474289,False,13166,12744,1.033113622096673,46.19137336150126,0.9925589958374544
imagenette,data/imagenette2-320/val/n02102040/n02102040_8132.JPEG,n02102040,217,English springer,jpeg,70,217,English springer,0.4779696464538574,True,17460,17000,1.0270588235294118,43.992189883696426,0.9902387303982277
imagenette,data/imagenette2-320/val/n02102040/n02102040_8150.JPEG,n02102040,217,English springer,jpeg,70,217,English springer,0.39953240752220154,True,30308,29330,1.033344698261166,42.09626561024209,0.9908515403481202
imagenette,data/imagenette2-320/val/n02102040/n02102040_821.JPEG,n02102040,217,English springer,jpeg,70,217,English springer,0.47056764364242554,True,20037,19525,1.0262227912932138,41.79964991806035,0.9897275508676157
imagenette,data/imagenette2-320/val/n02102040/n02102040_8210.JPEG,n02102040,217,English springer,jpeg,70,217,English springer,0.3775478005409241,True,19814,19337,1.0246677354294875,44.08238867843909,0.9913321341999405
imagenette,data/imagenette2-320/val/n02102040/n02102040_8260.JPEG,n02102040,217,English springer,jpeg,70,217,English springer,0.36536160111427307,True,42665,41573,1.0262670483246337,38.072405204282546,0.9905870410369868
imagenette,data/imagenette2-320/val/n02102040/n02102040_8272.JPEG,n02102040,217,English springer,jpeg,70,217,English springer,0.3339310884475708,True,16401,15974,1.0267309377738825,45.22897646552284,0.9903346661406246
imagenette,data/imagenette2-320/val/n02102040/n02102040_8290.JPEG,n02102040,217,English springer,jpeg,70,217,English springer,0.2806970775127411,True,20095,19516,1.0296679647468743,43.05084743397546,0.993132487460849
imagenette,data/imagenette2-320/val/n02102040/n02102040_8300.JPEG,n02102040,217,English springer,jpeg,70,217,English springer,0.4732157289981842,True,21260,20678,1.0281458554985976,44.48815664171746,0.992449461795155
imagenette,data/imagenette2-320/val/n02102040/n02102040_831.JPEG,n02102040,217,English springer,jpeg,70,217,English springer,0.2015955001115799,True,42353,40984,1.0334032793285184,37.80441950646806,0.9908550507185231
imagenette,data/imagenette2-320/val/n02102040/n02102040_8320.JPEG,n02102040,217,English springer,jpeg,70,217,English springer,0.32349029183387756,True,16824,17210,0.9775711795467751,46.99095349500402,0.9951195141494992
imagenette,data/imagenette2-320/val/n02102040/n02102040_8330.JPEG,n02102040,217,English springer,jpeg,70,217,English springer,0.3952670395374298,True,26235,25449,1.0308853000117884,42.180008707200145,0.9927402029744163
imagenette,data/imagenette2-320/val/n02102040/n02102040_8372.JPEG,n02102040,217,English springer,jpeg,70,217,English springer,0.15129181742668152,True,46298,44778,1.0339452409665462,36.51650184681594,0.9899836848110382
imagenette,data/imagenette2-320/val/n02102040/n02102040_8392.JPEG,n02102040,217,English springer,jpeg,70,217,English springer,0.3640270233154297,True,39521,37962,1.0410673831726462,38.24944827287527,0.9890867015067949
imagenette,data/imagenette2-320/val/n02102040/n02102040_841.JPEG,n02102040,217,English springer,jpeg,70,217,English springer,0.48715779185295105,True,19001,18557,1.023926281187692,44.850335954246965,0.9909225839281723
imagenette,data/imagenette2-320/val/n02102040/n02102040_8432.JPEG,n02102040,217,English springer,jpeg,70,217,English springer,0.42636847496032715,True,49830,48260,1.0325321176958144,35.80982680918805,0.9912213486727418
imagenette,data/imagenette2-320/val/n02102040/n02102040_850.JPEG,n02102040,217,English springer,jpeg,70,217,English springer,0.5513232946395874,True,27637,26762,1.0326956131828713,43.29924314500337,0.9939019965698742
imagenette,data/imagenette2-320/val/n02102040/n02102040_880.JPEG,n02102040,217,English springer,jpeg,70,220,Sussex spaniel,0.13265912234783173,False,35636,34640,1.0287528868360276,37.21473905340413,0.9908627281899746
imagenette,data/imagenette2-320/val/n02102040/n02102040_901.JPEG,n02102040,217,English springer,jpeg,70,217,English springer,0.34790143370628357,True,32882,32030,1.026600062441461,40.324028400836625,0.9904358938224291
imagenette,data/imagenette2-320/val/n02102040/n02102040_902.JPEG,n02102040,217,English springer,jpeg,70,217,English springer,0.4953194260597229,True,18759,18241,1.028397565922921,44.936864548397594,0.992424948451573
imagenette,data/imagenette2-320/val/n02102040/n02102040_911.JPEG,n02102040,217,English springer,jpeg,70,217,English springer,0.2428409308195114,True,49482,48043,1.0299523343671295,35.875907749542556,0.9901135000892648
imagenette,data/imagenette2-320/val/n02102040/n02102040_922.JPEG,n02102040,217,English springer,jpeg,70,217,English springer,0.3166397511959076,True,39708,38410,1.033793282999219,40.042002011068504,0.9932525233558313
imagenette,data/imagenette2-320/val/n02102040/n02102040_940.JPEG,n02102040,217,English springer,jpeg,70,217,English springer,0.25151821970939636,True,37711,36501,1.033149776718446,38.65609808378419,0.9904716040831256
imagenette,data/imagenette2-320/val/n02102040/n02102040_960.JPEG,n02102040,217,English springer,jpeg,70,217,English springer,0.41265103220939636,True,18329,17777,1.0310513584969343,44.72593770162738,0.9909619349591147
imagenette,data/imagenette2-320/val/n02102040/n02102040_970.JPEG,n02102040,217,English springer,jpeg,70,217,English springer,0.21411262452602386,True,27761,27206,1.0203999117841653,43.51655506134126,0.9912061003371075
imagenette,data/imagenette2-320/val/n02102040/n02102040_981.JPEG,n02102040,217,English springer,jpeg,70,217,English springer,0.3088960647583008,True,40799,39250,1.0394649681528663,36.1185318156309,0.9852261022746155
imagenette,data/imagenette2-320/val/n02102040/n02102040_990.JPEG,n02102040,217,English springer,jpeg,70,217,English springer,0.37192267179489136,True,23557,22942,1.02680673001482,42.85955636182068,0.9906195035571645
imagenette,data/imagenette2-320/val/n02979186/ILSVRC2012_val_00008651.JPEG,n02979186,482,cassette player,jpeg,70,848,tape player,0.26351431012153625,False,22481,21778,1.0322802828542565,43.69739695470933,0.9933425428117064
imagenette,data/imagenette2-320/val/n02979186/ILSVRC2012_val_00020400.JPEG,n02979186,482,cassette player,jpeg,70,848,tape player,0.3435516357421875,False,26074,25336,1.0291285127881276,42.73518860779333,0.9936264706827757
imagenette,data/imagenette2-320/val/n02979186/ILSVRC2012_val_00028911.JPEG,n02979186,482,cassette player,jpeg,70,482,cassette player,0.2572043836116791,True,21355,20767,1.0283141522607984,43.377390345855304,0.9918761039257903
imagenette,data/imagenette2-320/val/n02979186/ILSVRC2012_val_00035160.JPEG,n02979186,482,cassette player,jpeg,70,848,tape player,0.19435721635818481,False,34476,33447,1.0307650910395552,38.817905692192845,0.9919097655124037
imagenette,data/imagenette2-320/val/n02979186/ILSVRC2012_val_00035482.JPEG,n02979186,482,cassette player,jpeg,70,818,spotlight,0.18699195981025696,False,13286,12827,1.035783893349965,45.04553462846823,0.9936694572222321
imagenette,data/imagenette2-320/val/n02979186/ILSVRC2012_val_00035751.JPEG,n02979186,482,cassette player,jpeg,70,482,cassette player,0.32436221837997437,True,25614,24678,1.037928519328957,43.26908228543147,0.9945200903779551
imagenette,data/imagenette2-320/val/n02979186/ILSVRC2012_val_00042482.JPEG,n02979186,482,cassette player,jpeg,70,848,tape player,0.3068286180496216,False,23639,23021,1.0268450545154424,42.606547056073836,0.9911267351752682
imagenette,data/imagenette2-320/val/n02979186/ILSVRC2012_val_00042982.JPEG,n02979186,482,cassette player,jpeg,70,482,cassette player,0.15065529942512512,True,35095,33894,1.035434000118015,39.308689252546145,0.9877037532977274
imagenette,data/imagenette2-320/val/n02979186/ILSVRC2012_val_00043121.JPEG,n02979186,482,cassette player,jpeg,70,632,loudspeaker,0.08541121333837509,False,23197,22482,1.031803220354061,42.54345388366416,0.9931034434552718
imagenette,data/imagenette2-320/val/n02979186/ILSVRC2012_val_00043731.JPEG,n02979186,482,cassette player,jpeg,70,848,tape player,0.1893552988767624,False,17924,17255,1.0387713706172124,42.467206465657455,0.9873963942707297
imagenette,data/imagenette2-320/val/n02979186/ILSVRC2012_val_00045110.JPEG,n02979186,482,cassette player,jpeg,70,592,hard disc,0.4563368856906891,False,22045,21335,1.0332786501054605,43.40345794678338,0.991501368688608
imagenette,data/imagenette2-320/val/n02979186/n02979186_10041.JPEG,n02979186,482,cassette player,jpeg,70,481,cassette,0.09176057577133179,False,33079,32043,1.032331554473676,39.78546243296394,0.990325805506398
imagenette,data/imagenette2-320/val/n02979186/n02979186_10111.JPEG,n02979186,482,cassette player,jpeg,70,848,tape player,0.3116876482963562,False,27904,26989,1.0339027011004482,40.32322431584952,0.9891850312882267
imagenette,data/imagenette2-320/val/n02979186/n02979186_10151.JPEG,n02979186,482,cassette player,jpeg,70,482,cassette player,0.32378441095352173,True,17962,17456,1.028987167736022,43.588925426641154,0.9933332711649064
imagenette,data/imagenette2-320/val/n02979186/n02979186_10200.JPEG,n02979186,482,cassette player,jpeg,70,605,iPod,0.09572166949510574,False,20219,19659,1.0284856808586398,42.86247199563901,0.9929574835053282
imagenette,data/imagenette2-320/val/n02979186/n02979186_10211.JPEG,n02979186,482,cassette player,jpeg,70,579,grand piano,0.03845394030213356,False,35951,34780,1.0336687751581368,40.299988073455744,0.9912781481642909
imagenette,data/imagenette2-320/val/n02979186/n02979186_10230.JPEG,n02979186,482,cassette player,jpeg,70,485,CD player,0.33319762349128723,False,27493,26716,1.0290836951639466,44.392670478545014,0.9924182118344804
imagenette,data/imagenette2-320/val/n02979186/n02979186_10232.JPEG,n02979186,482,cassette player,jpeg,70,848,tape player,0.3072243332862854,False,26901,26306,1.0226184140500265,42.01484401498833,0.9916036338744986
imagenette,data/imagenette2-320/val/n02979186/n02979186_10250.JPEG,n02979186,482,cassette player,jpeg,70,482,cassette player,0.17576344311237335,True,23769,22948,1.035776538260415,42.192412409072595,0.9932269431141187
imagenette,data/imagenette2-320/val/n02979186/n02979186_10271.JPEG,n02979186,482,cassette player,jpeg,70,482,cassette player,0.3572213649749756,True,30852,29708,1.0385081459539518,39.74881942831128,0.9843379857089136
imagenette,data/imagenette2-320/val/n02979186/n02979186_10341.JPEG,n02979186,482,cassette player,jpeg,70,482,cassette player,0.30607926845550537,True,16656,16183,1.0292282024346537,44.0339615837014,0.9914058476276004
imagenette,data/imagenette2-320/val/n02979186/n02979186_10402.JPEG,n02979186,482,cassette player,jpeg,70,848,tape player,0.276591420173645,False,19880,19381,1.025746865486817,44.184072688322544,0.993147567861696
imagenette,data/imagenette2-320/val/n02979186/n02979186_10532.JPEG,n02979186,482,cassette player,jpeg,70,482,cassette player,0.3737356960773468,True,14211,13797,1.0300065231572082,48.112548299587495,0.9962732251114911
imagenette,data/imagenette2-320/val/n02979186/n02979186_10591.JPEG,n02979186,482,cassette player,jpeg,70,632,loudspeaker,0.1281394362449646,False,17884,17451,1.0248123316715374,44.47186784498905,0.993379610986393
imagenette,data/imagenette2-320/val/n02979186/n02979186_1061.JPEG,n02979186,482,cassette player,jpeg,70,482,cassette player,0.2902163565158844,True,44551,43257,1.0299142335344569,40.87168186794309,0.9919106147306804
imagenette,data/imagenette2-320/val/n02979186/n02979186_10612.JPEG,n02979186,482,cassette player,jpeg,70,482,cassette player,0.4380532205104828,True,14615,14199,1.0292978378759068,44.134387449496316,0.993433340238254
imagenette,data/imagenette2-320/val/n02979186/n02979186_10670.JPEG,n02979186,482,cassette player,jpeg,70,482,cassette player,0.5334888696670532,True,20586,19941,1.0323454189860086,43.681814548751476,0.9939912038907487
imagenette,data/imagenette2-320/val/n02979186/n02979186_10691.JPEG,n02979186,482,cassette player,jpeg,70,482,cassette player,0.19997645914554596,True,9173,8903,1.030326856115916,45.138360239835436,0.9972239684514156
imagenette,data/imagenette2-320/val/n02979186/n02979186_10751.JPEG,n02979186,482,cassette player,jpeg,70,482,cassette player,0.29977360367774963,True,20138,19556,1.029760687257108,46.918280704817576,0.99674956315554
imagenette,data/imagenette2-320/val/n02979186/n02979186_10870.JPEG,n02979186,482,cassette player,jpeg,70,766,rotisserie,0.1667032539844513,False,12217,11825,1.0331501057082453,47.65082335048851,0.9966133976470739
imagenette,data/imagenette2-320/val/n02979186/n02979186_10912.JPEG,n02979186,482,cassette player,jpeg,70,482,cassette player,0.2102193832397461,True,14905,14484,1.0290665561999448,46.82406879470967,0.9953925137324875
imagenette,data/imagenette2-320/val/n02979186/n02979186_10930.JPEG,n02979186,482,cassette player,jpeg,70,481,cassette,0.20627756416797638,False,27758,27063,1.0256808188301372,41.99190428774123,0.9914127814874399
imagenette,data/imagenette2-320/val/n02979186/n02979186_11.JPEG,n02979186,482,cassette player,jpeg,70,481,cassette,0.3400843143463135,False,11040,10642,1.0373989851531666,46.95155577172392,0.9970398946510622
imagenette,data/imagenette2-320/val/n02979186/n02979186_11000.JPEG,n02979186,482,cassette player,jpeg,70,754,radio,0.1219586580991745,False,24587,23899,1.0287878153897652,42.55187983693204,0.9896889472138825
imagenette,data/imagenette2-320/val/n02979186/n02979186_11052.JPEG,n02979186,482,cassette player,jpeg,70,848,tape player,0.19354218244552612,False,20437,19775,1.0334766118836916,41.989907116261435,0.9955225008615606
imagenette,data/imagenette2-320/val/n02979186/n02979186_11120.JPEG,n02979186,482,cassette player,jpeg,70,848,tape player,0.4101082980632782,False,21512,20725,1.0379734620024126,40.52598671205431,0.9910002875177616
imagenette,data/imagenette2-320/val/n02979186/n02979186_11122.JPEG,n02979186,482,cassette player,jpeg,70,848,tape player,0.31801003217697144,False,22274,21610,1.0307265155020824,42.333085017358684,0.991649053132884
imagenette,data/imagenette2-320/val/n02979186/n02979186_11151.JPEG,n02979186,482,cassette player,jpeg,70,482,cassette player,0.3719325363636017,True,19042,18445,1.0323664949850908,43.51624865561266,0.995154156444985
imagenette,data/imagenette2-320/val/n02979186/n02979186_11372.JPEG,n02979186,482,cassette player,jpeg,70,482,cassette player,0.38714563846588135,True,19660,19115,1.0285116400732408,43.00172510479058,0.9936575223223661
imagenette,data/imagenette2-320/val/n02979186/n02979186_11410.JPEG,n02979186,482,cassette player,jpeg,70,848,tape player,0.2757294178009033,False,24775,24982,0.9917140341045553,41.153073338331076,0.99358856603883
imagenette,data/imagenette2-320/val/n02979186/n02979186_11481.JPEG,n02979186,482,cassette player,jpeg,70,848,tape player,0.2549465000629425,False,32104,31140,1.0309569685292228,40.18143357447259,0.9900328002510269
imagenette,data/imagenette2-320/val/n02979186/n02979186_11550.JPEG,n02979186,482,cassette player,jpeg,70,848,tape player,0.1881057471036911,False,39263,37953,1.034516375517087,40.75712847955729,0.9897429333157731
imagenette,data/imagenette2-320/val/n02979186/n02979186_11670.JPEG,n02979186,482,cassette player,jpeg,70,481,cassette,0.2810072898864746,False,21843,21056,1.037376519756839,40.29175698688458,0.9845954448281143
imagenette,data/imagenette2-320/val/n02979186/n02979186_1171.JPEG,n02979186,482,cassette player,jpeg,70,482,cassette player,0.5960166454315186,True,13410,12996,1.0318559556786704,48.392996025490504,0.9972170796274674
imagenette,data/imagenette2-320/val/n02979186/n02979186_11782.JPEG,n02979186,482,cassette player,jpeg,70,482,cassette player,0.5754691362380981,True,8390,8161,1.0280602867295674,49.242513713078566,0.9950621850979404
imagenette,data/imagenette2-320/val/n02979186/n02979186_11790.JPEG,n02979186,482,cassette player,jpeg,70,482,cassette player,0.2462669014930725,True,22811,22035,1.0352167007034263,42.51161521506071,0.9927317441154679
imagenette,data/imagenette2-320/val/n02979186/n02979186_11861.JPEG,n02979186,482,cassette player,jpeg,70,482,cassette player,0.5327507257461548,True,11123,10798,1.0300981663270976,46.62855764913405,0.9962804521807885
imagenette,data/imagenette2-320/val/n02979186/n02979186_11871.JPEG,n02979186,482,cassette player,jpeg,70,480,cash machine,0.09950324892997742,False,20198,19523,1.0345746043128619,40.80355347015801,0.9919069936471385
imagenette,data/imagenette2-320/val/n02979186/n02979186_11881.JPEG,n02979186,482,cassette player,jpeg,70,482,cassette player,0.4208454489707947,True,12055,11705,1.0299017513882955,45.01106567038701,0.9953624159149578
imagenette,data/imagenette2-320/val/n02979186/n02979186_11971.JPEG,n02979186,482,cassette player,jpeg,70,848,tape player,0.14947570860385895,False,27814,26944,1.0322891923990498,40.70014464358131,0.9910866255932427
imagenette,data/imagenette2-320/val/n02979186/n02979186_1200.JPEG,n02979186,482,cassette player,jpeg,70,482,cassette player,0.4291273057460785,True,9813,9559,1.0265718171356837,47.695517948017496,0.9945084317977649
imagenette,data/imagenette2-320/val/n02979186/n02979186_12060.JPEG,n02979186,482,cassette player,jpeg,70,482,cassette player,0.42182961106300354,True,13532,13167,1.0277208171945014,48.711426879455615,0.9950596161395536
imagenette,data/imagenette2-320/val/n02979186/n02979186_12072.JPEG,n02979186,482,cassette player,jpeg,70,482,cassette player,0.3661065101623535,True,18975,18477,1.026952427342101,44.83082270864521,0.991941966185808
imagenette,data/imagenette2-320/val/n02979186/n02979186_12092.JPEG,n02979186,482,cassette player,jpeg,70,482,cassette player,0.7346904277801514,True,11962,11613,1.03005252734005,45.51956469551292,0.9935564477490129
imagenette,data/imagenette2-320/val/n02979186/n02979186_12101.JPEG,n02979186,482,cassette player,jpeg,70,485,CD player,0.19450877606868744,False,37825,36605,1.0333287802212812,45.81744848452214,0.9934327346491924
imagenette,data/imagenette2-320/val/n02979186/n02979186_12122.JPEG,n02979186,482,cassette player,jpeg,70,482,cassette player,0.10340828448534012,True,15037,14577,1.0315565617067983,46.58799070991951,0.9944991425946049
imagenette,data/imagenette2-320/val/n02979186/n02979186_12140.JPEG,n02979186,482,cassette player,jpeg,70,482,cassette player,0.18355295062065125,True,21657,20989,1.0318261946734004,42.38845812971882,0.9914437570449084
imagenette,data/imagenette2-320/val/n02979186/n02979186_12172.JPEG,n02979186,482,cassette player,jpeg,70,481,cassette,0.4704951047897339,False,15510,15133,1.0249124430053524,44.36251986312918,0.9935486597111248
imagenette,data/imagenette2-320/val/n02979186/n02979186_12260.JPEG,n02979186,482,cassette player,jpeg,70,482,cassette player,0.4007836878299713,True,18856,18309,1.0298760172592714,48.45804259657008,0.9968133660172088
imagenette,data/imagenette2-320/val/n02979186/n02979186_12590.JPEG,n02979186,482,cassette player,jpeg,70,485,CD player,0.3688626289367676,False,23675,22960,1.0311411149825784,42.5191345643467,0.9923135624823319
imagenette,data/imagenette2-320/val/n02979186/n02979186_12681.JPEG,n02979186,482,cassette player,jpeg,70,482,cassette player,0.3024328649044037,True,25948,25098,1.033867240417563,41.07717558290156,0.9922686383421871
imagenette,data/imagenette2-320/val/n02979186/n02979186_1281.JPEG,n02979186,482,cassette player,jpeg,70,482,cassette player,0.490281879901886,True,13933,13513,1.0310811810848812,42.525911137621165,0.9548934293770124
imagenette,data/imagenette2-320/val/n02979186/n02979186_12822.JPEG,n02979186,482,cassette player,jpeg,70,482,cassette player,0.25683292746543884,True,13363,12987,1.0289520289520289,47.52244027569593,0.9951010165385927
imagenette,data/imagenette2-320/val/n02979186/n02979186_12962.JPEG,n02979186,482,cassette player,jpeg,70,481,cassette,0.5164216160774231,False,30736,29756,1.0329345342115877,40.43147359677519,0.9904481066691732
imagenette,data/imagenette2-320/val/n02979186/n02979186_1300.JPEG,n02979186,482,cassette player,jpeg,70,485,CD player,0.31583037972450256,False,17545,17017,1.031027795733678,42.47413358096419,0.991888536939384
imagenette,data/imagenette2-320/val/n02979186/n02979186_13061.JPEG,n02979186,482,cassette player,jpeg,70,482,cassette player,0.24391861259937286,True,21648,20953,1.0331694745382523,41.234049476160536,0.988873716567682
imagenette,data/imagenette2-320/val/n02979186/n02979186_13231.JPEG,n02979186,482,cassette player,jpeg,70,848,tape player,0.19648417830467224,False,26366,25554,1.0317758472254832,41.8310343248504,0.9906375918567263
imagenette,data/imagenette2-320/val/n02979186/n02979186_13250.JPEG,n02979186,482,cassette player,jpeg,70,482,cassette player,0.15512868762016296,True,11157,10897,1.0238597779205285,48.49255828590746,0.9950338167293545
imagenette,data/imagenette2-320/val/n02979186/n02979186_13280.JPEG,n02979186,482,cassette player,jpeg,70,848,tape player,0.29323071241378784,False,22085,21416,1.031238326484871,42.18986718093929,0.9927077209969596
imagenette,data/imagenette2-320/val/n02979186/n02979186_13281.JPEG,n02979186,482,cassette player,jpeg,70,482,cassette player,0.43990594148635864,True,20242,19558,1.0349729011146334,40.944018113478236,0.9902703781663348
imagenette,data/imagenette2-320/val/n02979186/n02979186_13442.JPEG,n02979186,482,cassette player,jpeg,70,482,cassette player,0.42781147360801697,True,20222,19743,1.0242617636630704,44.537317927850836,0.9918608912399273
imagenette,data/imagenette2-320/val/n02979186/n02979186_13502.JPEG,n02979186,482,cassette player,jpeg,70,482,cassette player,0.11251045018434525,True,15415,14915,1.0335232986925913,42.25991973603509,0.9896614847144701
imagenette,data/imagenette2-320/val/n02979186/n02979186_13510.JPEG,n02979186,482,cassette player,jpeg,70,579,grand piano,0.042237672954797745,False,11030,10710,1.0298786181139121,47.13585108598305,0.9955539524364104
imagenette,data/imagenette2-320/val/n02979186/n02979186_13572.JPEG,n02979186,482,cassette player,jpeg,70,482,cassette player,0.3858596086502075,True,68918,66242,1.0403973309984602,32.71471875138984,0.9887314408097577
imagenette,data/imagenette2-320/val/n02979186/n02979186_13661.JPEG,n02979186,482,cassette player,jpeg,70,848,tape player,0.18667392432689667,False,23494,22869,1.0273295727841183,42.90430222087116,0.9919536449332714
imagenette,data/imagenette2-320/val/n02979186/n02979186_13701.JPEG,n02979186,482,cassette player,jpeg,70,848,tape player,0.184195876121521,False,19857,19322,1.0276886450677984,44.3183318590032,0.9936947981622756
imagenette,data/imagenette2-320/val/n02979186/n02979186_13722.JPEG,n02979186,482,cassette player,jpeg,70,848,tape player,0.26794061064720154,False,20479,20950,0.9775178997613365,44.73757046636194,0.9958755201104269
imagenette,data/imagenette2-320/val/n02979186/n02979186_13740.JPEG,n02979186,482,cassette player,jpeg,70,610,jersey,0.2645541727542877,False,20890,20233,1.032471704640933,41.87929799154364,0.9908740004520307
imagenette,data/imagenette2-320/val/n02979186/n02979186_13742.JPEG,n02979186,482,cassette player,jpeg,70,848,tape player,0.3223828375339508,False,24717,24136,1.0240719257540603,42.47313785001641,0.9929813603655931
imagenette,data/imagenette2-320/val/n02979186/n02979186_1381.JPEG,n02979186,482,cassette player,jpeg,70,482,cassette player,0.2557964324951172,True,20926,20488,1.0213783678250683,44.28098944843724,0.9928073786511016
imagenette,data/imagenette2-320/val/n02979186/n02979186_13841.JPEG,n02979186,482,cassette player,jpeg,70,481,cassette,0.31718114018440247,False,19003,18338,1.0362634965645108,45.40236184662384,0.9797449933065371
imagenette,data/imagenette2-320/val/n02979186/n02979186_13851.JPEG,n02979186,482,cassette player,jpeg,70,786,sewing machine,0.1099560558795929,False,38526,36677,1.0504130654088393,36.36585594002894,0.986781398886487
imagenette,data/imagenette2-320/val/n02979186/n02979186_13902.JPEG,n02979186,482,cassette player,jpeg,70,482,cassette player,0.18825243413448334,True,16519,16102,1.0258974040491864,45.44356372720817,0.9929774408226796
imagenette,data/imagenette2-320/val/n02979186/n02979186_13950.JPEG,n02979186,482,cassette player,jpeg,70,482,cassette player,0.2296220064163208,True,20301,19685,1.0312928625857252,41.96148872304317,0.9904264635836043
imagenette,data/imagenette2-320/val/n02979186/n02979186_140.JPEG,n02979186,482,cassette player,jpeg,70,482,cassette player,0.2132292240858078,True,23050,22484,1.025173456680306,43.339600693924595,0.9915181266931649
imagenette,data/imagenette2-320/val/n02979186/n02979186_1401.JPEG,n02979186,482,cassette player,jpeg,70,482,cassette player,0.29103338718414307,True,13631,13250,1.028754716981132,46.9006884114642,0.9946436181831976
imagenette,data/imagenette2-320/val/n02979186/n02979186_14050.JPEG,n02979186,482,cassette player,jpeg,70,848,tape player,0.22044602036476135,False,23973,23262,1.030564869744648,42.36305208732277,0.9920231368664271
imagenette,data/imagenette2-320/val/n02979186/n02979186_14100.JPEG,n02979186,482,cassette player,jpeg,70,482,cassette player,0.27985402941703796,True,24297,23674,1.0263157894736843,42.40740455806568,0.991205793360793
imagenette,data/imagenette2-320/val/n02979186/n02979186_14251.JPEG,n02979186,482,cassette player,jpeg,70,481,cassette,0.17451758682727814,False,41607,39911,1.0424945503745835,39.56145495065866,0.9860406650856061
imagenette,data/imagenette2-320/val/n02979186/n02979186_14271.JPEG,n02979186,482,cassette player,jpeg,70,482,cassette player,0.35280904173851013,True,19225,18646,1.0310522364045909,45.37941205701305,0.9942716301100312
imagenette,data/imagenette2-320/val/n02979186/n02979186_14440.JPEG,n02979186,482,cassette player,jpeg,70,548,entertainment center,0.09352713078260422,False,17576,17065,1.0299443305010254,42.769859659859215,0.9923787928417278
imagenette,data/imagenette2-320/val/n02979186/n02979186_14462.JPEG,n02979186,482,cassette player,jpeg,70,848,tape player,0.22007590532302856,False,25149,24309,1.0345551030482538,43.60011977258536,0.9781105225152776
imagenette,data/imagenette2-320/val/n02979186/n02979186_14471.JPEG,n02979186,482,cassette player,jpeg,70,482,cassette player,0.07454832643270493,True,20450,19147,1.068052436413015,37.131767433860674,0.969661742151648
imagenette,data/imagenette2-320/val/n02979186/n02979186_1450.JPEG,n02979186,482,cassette player,jpeg,70,482,cassette player,0.14113403856754303,True,12690,12326,1.0295310725296123,48.50998139862617,0.9954393467469599
imagenette,data/imagenette2-320/val/n02979186/n02979186_14550.JPEG,n02979186,482,cassette player,jpeg,70,482,cassette player,0.09929817169904709,True,17389,16898,1.029056693099775,45.04548615847217,0.9926244881451843
imagenette,data/imagenette2-320/val/n02979186/n02979186_14601.JPEG,n02979186,482,cassette player,jpeg,70,482,cassette player,0.29544392228126526,True,19587,18991,1.0313832868200727,44.657990308652586,0.994260045162434
imagenette,data/imagenette2-320/val/n02979186/n02979186_14630.JPEG,n02979186,482,cassette player,jpeg,70,848,tape player,0.16202782094478607,False,48570,47252,1.0278929992381274,43.75442877829485,0.9916611558568625
imagenette,data/imagenette2-320/val/n02979186/n02979186_14712.JPEG,n02979186,482,cassette player,jpeg,70,848,tape player,0.23418429493904114,False,21462,20859,1.0289083848698404,43.06677433089252,0.9913122607897759
imagenette,data/imagenette2-320/val/n02979186/n02979186_14721.JPEG,n02979186,482,cassette player,jpeg,70,848,tape player,0.23767131567001343,False,19554,18982,1.030133810978822,44.336210984094684,0.9931692356005426
imagenette,data/imagenette2-320/val/n02979186/n02979186_14771.JPEG,n02979186,482,cassette player,jpeg,70,848,tape player,0.361234188079834,False,17899,17308,1.0341460596256067,43.56198248083529,0.9722492100582522
imagenette,data/imagenette2-320/val/n02979186/n02979186_15350.JPEG,n02979186,482,cassette player,jpeg,70,848,tape player,0.1929488331079483,False,26984,26320,1.025227963525836,41.14369765886685,0.9906151695382613
imagenette,data/imagenette2-320/val/n02979186/n02979186_15382.JPEG,n02979186,482,cassette player,jpeg,70,848,tape player,0.2769140899181366,False,29579,28621,1.033471926208029,42.40268838872579,0.9910248030631524
imagenette,data/imagenette2-320/val/n02979186/n02979186_15401.JPEG,n02979186,482,cassette player,jpeg,70,485,CD player,0.18357163667678833,False,21456,20741,1.0344727833759222,41.83898068259944,0.9872623372097656
imagenette,data/imagenette2-320/val/n02979186/n02979186_1542.JPEG,n02979186,482,cassette player,jpeg,70,848,tape player,0.2876010537147522,False,19413,18758,1.0349184348011515,42.18865054254738,0.9901801189302071
imagenette,data/imagenette2-320/val/n02979186/n02979186_15432.JPEG,n02979186,482,cassette player,jpeg,70,482,cassette player,0.1519613415002823,True,20604,20206,1.0196971196674256,43.89402308645032,0.989670920630192
imagenette,data/imagenette2-320/val/n02979186/n02979186_15441.JPEG,n02979186,482,cassette player,jpeg,70,848,tape player,0.23601435124874115,False,23949,23153,1.0343799939532674,41.13465802210094,0.9849131177462085
imagenette,data/imagenette2-320/val/n02979186/n02979186_15511.JPEG,n02979186,482,cassette player,jpeg,70,848,tape player,0.17823919653892517,False,17563,17033,1.0311160688076089,42.13380580298755,0.9917857415866508
imagenette,data/imagenette2-320/val/n02979186/n02979186_15521.JPEG,n02979186,482,cassette player,jpeg,70,848,tape player,0.32226869463920593,False,36621,35250,1.0388936170212766,39.82960267900417,0.9856160564961924
imagenette,data/imagenette2-320/val/n02979186/n02979186_1561.JPEG,n02979186,482,cassette player,jpeg,70,482,cassette player,0.3568267524242401,True,12055,11720,1.0285836177474403,45.43975762925299,0.9955798050644482
imagenette,data/imagenette2-320/val/n02979186/n02979186_15800.JPEG,n02979186,482,cassette player,jpeg,70,848,tape player,0.5510568022727966,False,23275,22585,1.030551250830197,42.61997606296042,0.9911999815327603
imagenette,data/imagenette2-320/val/n02979186/n02979186_15862.JPEG,n02979186,482,cassette player,jpeg,70,482,cassette player,0.38878676295280457,True,30746,29839,1.0303964610074063,41.19848424393976,0.9922079982255586
imagenette,data/imagenette2-320/val/n02979186/n02979186_15901.JPEG,n02979186,482,cassette player,jpeg,70,482,cassette player,0.14057064056396484,True,21269,20644,1.030275140476652,41.97014050406458,0.9901089044503949
imagenette,data/imagenette2-320/val/n02979186/n02979186_15931.JPEG,n02979186,482,cassette player,jpeg,70,482,cassette player,0.11224578320980072,True,26871,25962,1.03501271088514,42.42173370932397,0.9930942190983187
imagenette,data/imagenette2-320/val/n02979186/n02979186_15940.JPEG,n02979186,482,cassette player,jpeg,70,485,CD player,0.15188579261302948,False,27662,26929,1.027219725946006,45.908516961415565,0.9925693386409492
imagenette,data/imagenette2-320/val/n02979186/n02979186_15951.JPEG,n02979186,482,cassette player,jpeg,70,848,tape player,0.18208439648151398,False,29863,30069,0.993149090425355,41.9236264015824,0.9925346346072569
imagenette,data/imagenette2-320/val/n02979186/n02979186_15972.JPEG,n02979186,482,cassette player,jpeg,70,482,cassette player,0.1039448082447052,True,32009,31009,1.0322487019897448,39.897497576771485,0.9891043177289954
imagenette,data/imagenette2-320/val/n02979186/n02979186_16101.JPEG,n02979186,482,cassette player,jpeg,70,848,tape player,0.20430979132652283,False,20841,20153,1.0341388378901404,41.604230109016044,0.9898201556740901
imagenette,data/imagenette2-320/val/n02979186/n02979186_1611.JPEG,n02979186,482,cassette player,jpeg,70,485,CD player,0.11378452926874161,False,34722,33555,1.0347787215020117,39.901729426890775,0.9909997729818047
imagenette,data/imagenette2-320/val/n02979186/n02979186_16142.JPEG,n02979186,482,cassette player,jpeg,70,482,cassette player,0.40238669514656067,True,18972,18058,1.05061468601174,36.982615486311246,0.9808127383799818
imagenette,data/imagenette2-320/val/n02979186/n02979186_16192.JPEG,n02979186,482,cassette player,jpeg,70,848,tape player,0.15648941695690155,False,21687,21050,1.0302612826603326,41.812377503630074,0.9894799971933943
imagenette,data/imagenette2-320/val/n02979186/n02979186_162.JPEG,n02979186,482,cassette player,jpeg,70,482,cassette player,0.6138332486152649,True,8762,8501,1.0307022703211386,48.420329421890465,0.9961358376687817
imagenette,data/imagenette2-320/val/n02979186/n02979186_1621.JPEG,n02979186,482,cassette player,jpeg,70,848,tape player,0.16162094473838806,False,29453,28503,1.033329824930709,39.89860946529416,0.9933018508365743
imagenette,data/imagenette2-320/val/n02979186/n02979186_16241.JPEG,n02979186,482,cassette player,jpeg,70,848,tape player,0.38215357065200806,False,20900,20045,1.042654028436019,40.32384188208603,0.995185122668583
imagenette,data/imagenette2-320/val/n02979186/n02979186_1630.JPEG,n02979186,482,cassette player,jpeg,70,482,cassette player,0.2079687863588333,True,15026,14614,1.0281921445189544,44.886458401498274,0.9929419406026255
imagenette,data/imagenette2-320/val/n02979186/n02979186_1632.JPEG,n02979186,482,cassette player,jpeg,70,482,cassette player,0.28748849034309387,True,11180,10846,1.0307947630462844,47.50083865472355,0.9966573270190566
imagenette,data/imagenette2-320/val/n02979186/n02979186_16382.JPEG,n02979186,482,cassette player,jpeg,70,482,cassette player,0.25365498661994934,True,22838,22044,1.0360188713482126,40.05313023395507,0.9903442767983313
imagenette,data/imagenette2-320/val/n02979186/n02979186_16422.JPEG,n02979186,482,cassette player,jpeg,70,482,cassette player,0.19320161640644073,True,24074,23276,1.0342842412785702,40.770047050284795,0.9915866066884362
imagenette,data/imagenette2-320/val/n02979186/n02979186_16581.JPEG,n02979186,482,cassette player,jpeg,70,482,cassette player,0.3556644320487976,True,18599,18138,1.02541625317014,45.19269449771225,0.9935285229211891
imagenette,data/imagenette2-320/val/n02979186/n02979186_1692.JPEG,n02979186,482,cassette player,jpeg,70,848,tape player,0.17359012365341187,False,30563,29452,1.0377223957625967,39.22555237118133,0.9909474797996403
imagenette,data/imagenette2-320/val/n02979186/n02979186_16952.JPEG,n02979186,482,cassette player,jpeg,70,848,tape player,0.1503840684890747,False,20731,20105,1.0311365332006963,43.694658289809865,0.9923527423116892
imagenette,data/imagenette2-320/val/n02979186/n02979186_17060.JPEG,n02979186,482,cassette player,jpeg,70,482,cassette player,0.563590407371521,True,10221,9958,1.0264109258887326,49.58622099083131,0.997383587944399
imagenette,data/imagenette2-320/val/n02979186/n02979186_17172.JPEG,n02979186,482,cassette player,jpeg,70,482,cassette player,0.29541683197021484,True,17478,17025,1.0266079295154185,43.39678512190842,0.9908996516819606
imagenette,data/imagenette2-320/val/n02979186/n02979186_17312.JPEG,n02979186,482,cassette player,jpeg,70,482,cassette player,0.43042880296707153,True,11111,10802,1.0286058137381966,45.89279136880269,0.9937014001127379
imagenette,data/imagenette2-320/val/n02979186/n02979186_17460.JPEG,n02979186,482,cassette player,jpeg,70,482,cassette player,0.5092487931251526,True,11313,10992,1.029203056768559,46.59133569455154,0.9942215229001244
imagenette,data/imagenette2-320/val/n02979186/n02979186_17470.JPEG,n02979186,482,cassette player,jpeg,70,482,cassette player,0.8639262318611145,True,10781,10486,1.0281327484264733,47.208379946155425,0.993947351417293
imagenette,data/imagenette2-320/val/n02979186/n02979186_17680.JPEG,n02979186,482,cassette player,jpeg,70,482,cassette player,0.72588050365448,True,8918,8666,1.0290791599353797,49.90311866148509,0.9977339688256585
imagenette,data/imagenette2-320/val/n02979186/n02979186_1792.JPEG,n02979186,482,cassette player,jpeg,70,548,entertainment center,0.20473913848400116,False,20172,19618,1.0282393720053014,42.83912949733579,0.9919219240468609
imagenette,data/imagenette2-320/val/n02979186/n02979186_17940.JPEG,n02979186,482,cassette player,jpeg,70,482,cassette player,0.2403554767370224,True,18280,17728,1.0311371841155235,42.7718169331076,0.9955801932049227
imagenette,data/imagenette2-320/val/n02979186/n02979186_18070.JPEG,n02979186,482,cassette player,jpeg,70,848,tape player,0.2698546051979065,False,21085,20462,1.0304466816537974,43.292909047923736,0.9910731010248685
imagenette,data/imagenette2-320/val/n02979186/n02979186_1810.JPEG,n02979186,482,cassette player,jpeg,70,848,tape player,0.08915996551513672,False,19487,18819,1.0354960412349221,43.482845962675455,0.9887030320170869
imagenette,data/imagenette2-320/val/n02979186/n02979186_18131.JPEG,n02979186,482,cassette player,jpeg,70,482,cassette player,0.3604159653186798,True,9987,9691,1.0305438035290475,47.61253546937982,0.995188142389105
imagenette,data/imagenette2-320/val/n02979186/n02979186_18190.JPEG,n02979186,482,cassette player,jpeg,70,482,cassette player,0.35217106342315674,True,15749,15317,1.0282039563883267,47.008272823588115,0.9947815495924243
imagenette,data/imagenette2-320/val/n02979186/n02979186_18272.JPEG,n02979186,482,cassette player,jpeg,70,485,CD player,0.2996005117893219,False,35419,34426,1.0288444780108057,45.979062665369895,0.9944336730969358
imagenette,data/imagenette2-320/val/n02979186/n02979186_1841.JPEG,n02979186,482,cassette player,jpeg,70,848,tape player,0.1675940603017807,False,19725,19133,1.0309413055976584,42.46229697834157,0.9877051759789365
imagenette,data/imagenette2-320/val/n02979186/n02979186_18450.JPEG,n02979186,482,cassette player,jpeg,70,848,tape player,0.22039738297462463,False,21872,21266,1.0284961911031694,44.39181453714646,0.9919863448443395
imagenette,data/imagenette2-320/val/n02979186/n02979186_18472.JPEG,n02979186,482,cassette player,jpeg,70,482,cassette player,0.335281103849411,True,7129,6945,1.026493880489561,51.23866338240845,0.9981053606220063
imagenette,data/imagenette2-320/val/n02979186/n02979186_18572.JPEG,n02979186,482,cassette player,jpeg,70,482,cassette player,0.46811559796333313,True,9871,9561,1.032423386675034,46.052388493500445,0.9947688329747558
imagenette,data/imagenette2-320/val/n02979186/n02979186_18581.JPEG,n02979186,482,cassette player,jpeg,70,482,cassette player,0.508884072303772,True,23685,23064,1.0269250780437045,42.42046176603211,0.9907622701722216
imagenette,data/imagenette2-320/val/n02979186/n02979186_1870.JPEG,n02979186,482,cassette player,jpeg,70,481,cassette,0.1129305437207222,False,22682,22111,1.0258242503731174,42.78140202759474,0.9924923138180377
imagenette,data/imagenette2-320/val/n02979186/n02979186_18720.JPEG,n02979186,482,cassette player,jpeg,70,482,cassette player,0.48501279950141907,True,8600,8425,1.0207715133531157,49.62689028812279,0.9961615769161217
imagenette,data/imagenette2-320/val/n02979186/n02979186_18802.JPEG,n02979186,482,cassette player,jpeg,70,482,cassette player,0.4069966971874237,True,7723,7512,1.0280883919062833,50.98067749738152,0.9975885749566475
imagenette,data/imagenette2-320/val/n02979186/n02979186_1891.JPEG,n02979186,482,cassette player,jpeg,70,848,tape player,0.17589183151721954,False,15234,14839,1.0266190444100007,44.27438603030857,0.9916645060087355
imagenette,data/imagenette2-320/val/n02979186/n02979186_18940.JPEG,n02979186,482,cassette player,jpeg,70,848,tape player,0.14407014846801758,False,29215,28231,1.0348553009103467,40.198320126272264,0.9912025116245937
imagenette,data/imagenette2-320/val/n02979186/n02979186_19011.JPEG,n02979186,482,cassette player,jpeg,70,485,CD player,0.3303218483924866,False,11838,11469,1.0321736855872352,44.917951244275585,0.9970187648395248
imagenette,data/imagenette2-320/val/n02979186/n02979186_19091.JPEG,n02979186,482,cassette player,jpeg,70,482,cassette player,0.6964383125305176,True,11855,11531,1.0280981701500302,45.2661497323317,0.9917912651248629
imagenette,data/imagenette2-320/val/n02979186/n02979186_19190.JPEG,n02979186,482,cassette player,jpeg,70,482,cassette player,0.7144157290458679,True,10160,9861,1.0303214684109117,47.51027466429332,0.9966063327267268
imagenette,data/imagenette2-320/val/n02979186/n02979186_1932.JPEG,n02979186,482,cassette player,jpeg,70,848,tape player,0.33964142203330994,False,22878,22269,1.0273474336521622,40.84109697541479,0.9899729958896386
imagenette,data/imagenette2-320/val/n02979186/n02979186_19322.JPEG,n02979186,482,cassette player,jpeg,70,482,cassette player,0.7455092072486877,True,9247,8970,1.0308807134894091,49.983338451376085,0.9977652735507277
imagenette,data/imagenette2-320/val/n02979186/n02979186_19390.JPEG,n02979186,482,cassette player,jpeg,70,482,cassette player,0.3148755729198456,True,31309,30339,1.031972049177626,42.05895219987247,0.9944427499250713
imagenette,data/imagenette2-320/val/n02979186/n02979186_19412.JPEG,n02979186,482,cassette player,jpeg,70,482,cassette player,0.4735111892223358,True,11711,11353,1.0315335153703866,47.805883024095415,0.9973392296018444
imagenette,data/imagenette2-320/val/n02979186/n02979186_19440.JPEG,n02979186,482,cassette player,jpeg,70,482,cassette player,0.5945215225219727,True,25671,24889,1.0314195025915063,40.8961642667811,0.9904008503049608
imagenette,data/imagenette2-320/val/n02979186/n02979186_19542.JPEG,n02979186,482,cassette player,jpeg,70,482,cassette player,0.22081813216209412,True,14263,13904,1.025819907940161,41.30250420880739,0.9949226071152157
imagenette,data/imagenette2-320/val/n02979186/n02979186_19582.JPEG,n02979186,482,cassette player,jpeg,70,482,cassette player,0.45761027932167053,True,15204,14727,1.032389488694235,43.67604880837507,0.992358975007437
imagenette,data/imagenette2-320/val/n02979186/n02979186_1961.JPEG,n02979186,482,cassette player,jpeg,70,482,cassette player,0.45705971121788025,True,20231,19625,1.0308789808917198,43.21825476066608,0.988460932228106
imagenette,data/imagenette2-320/val/n02979186/n02979186_19690.JPEG,n02979186,482,cassette player,jpeg,70,848,tape player,0.1949949562549591,False,16149,15628,1.0333375991809572,45.783770657891054,0.9949351035932189
imagenette,data/imagenette2-320/val/n02979186/n02979186_19820.JPEG,n02979186,482,cassette player,jpeg,70,482,cassette player,0.7834270000457764,True,13911,13491,1.0311318656882367,46.725788647688795,0.9960224204250303
imagenette,data/imagenette2-320/val/n02979186/n02979186_2002.JPEG,n02979186,482,cassette player,jpeg,70,482,cassette player,0.528391420841217,True,14966,14386,1.0403169748366468,42.908283683197496,0.9934464358796605
imagenette,data/imagenette2-320/val/n02979186/n02979186_20112.JPEG,n02979186,482,cassette player,jpeg,70,771,safe,0.23426903784275055,False,15883,15420,1.0300259403372243,45.15923520104857,0.9908245703803648
imagenette,data/imagenette2-320/val/n02979186/n02979186_20132.JPEG,n02979186,482,cassette player,jpeg,70,590,hand-held computer,0.07426395267248154,False,21167,20475,1.0337973137973138,42.74094218529346,0.9932372374440979
imagenette,data/imagenette2-320/val/n02979186/n02979186_20160.JPEG,n02979186,482,cassette player,jpeg,70,482,cassette player,0.33887720108032227,True,9924,9618,1.0318153462258266,46.515174066693874,0.994195048544444
imagenette,data/imagenette2-320/val/n02979186/n02979186_20220.JPEG,n02979186,482,cassette player,jpeg,70,482,cassette player,0.33872056007385254,True,18509,17988,1.02896375361352,46.649260166850894,0.991657611952201
imagenette,data/imagenette2-320/val/n02979186/n02979186_20312.JPEG,n02979186,482,cassette player,jpeg,70,482,cassette player,0.6480997800827026,True,10760,10437,1.030947590303727,48.05215390541983,0.9971757505228652
imagenette,data/imagenette2-320/val/n02979186/n02979186_20362.JPEG,n02979186,482,cassette player,jpeg,70,482,cassette player,0.24359148740768433,True,18918,18436,1.0261444998915166,45.75986635256032,0.9932331655935336
imagenette,data/imagenette2-320/val/n02979186/n02979186_2051.JPEG,n02979186,482,cassette player,jpeg,70,482,cassette player,0.107185959815979,True,19443,18922,1.0275340873057817,43.41701693538497,0.9924485749647425
imagenette,data/imagenette2-320/val/n02979186/n02979186_20560.JPEG,n02979186,482,cassette player,jpeg,70,482,cassette player,0.18970249593257904,True,16739,16196,1.0335267967399357,40.51511440645564,0.9949852151898865
imagenette,data/imagenette2-320/val/n02979186/n02979186_20561.JPEG,n02979186,482,cassette player,jpeg,70,482,cassette player,0.13753560185432434,True,8631,8398,1.0277447011193142,47.023503972227296,0.9939742496376639
imagenette,data/imagenette2-320/val/n02979186/n02979186_20600.JPEG,n02979186,482,cassette player,jpeg,70,481,cassette,0.3230597972869873,False,7938,7739,1.025713916526683,46.644130492950104,0.9961884915066562
imagenette,data/imagenette2-320/val/n02979186/n02979186_20620.JPEG,n02979186,482,cassette player,jpeg,70,482,cassette player,0.38847464323043823,True,18220,17705,1.0290878282970912,44.34352126296247,0.993232802636105
imagenette,data/imagenette2-320/val/n02979186/n02979186_20631.JPEG,n02979186,482,cassette player,jpeg,70,482,cassette player,0.3683468997478485,True,11870,11529,1.0295775869546362,49.33133373493079,0.9966147874935439
imagenette,data/imagenette2-320/val/n02979186/n02979186_20701.JPEG,n02979186,482,cassette player,jpeg,70,485,CD player,0.22149580717086792,False,13566,13033,1.040896186603238,40.83376462095946,0.9897721754897765
imagenette,data/imagenette2-320/val/n02979186/n02979186_20730.JPEG,n02979186,482,cassette player,jpeg,70,482,cassette player,0.7674386501312256,True,11089,10773,1.0293325907360995,48.857411545208016,0.9972790226585572
imagenette,data/imagenette2-320/val/n02979186/n02979186_20880.JPEG,n02979186,482,cassette player,jpeg,70,482,cassette player,0.5051436424255371,True,12723,12322,1.0325434182762538,46.5904828456064,0.997279136230104
imagenette,data/imagenette2-320/val/n02979186/n02979186_21392.JPEG,n02979186,482,cassette player,jpeg,70,482,cassette player,0.6780605912208557,True,11615,11290,1.028786536758193,47.820714773122205,0.9942703915596635
imagenette,data/imagenette2-320/val/n02979186/n02979186_21401.JPEG,n02979186,482,cassette player,jpeg,70,482,cassette player,0.2524283528327942,True,12601,12264,1.0274787997390737,47.562910842666994,0.9946912926001724
imagenette,data/imagenette2-320/val/n02979186/n02979186_2141.JPEG,n02979186,482,cassette player,jpeg,70,482,cassette player,0.2678779363632202,True,22273,21531,1.034461938600158,43.33159296546057,0.9939772694751224
imagenette,data/imagenette2-320/val/n02979186/n02979186_21472.JPEG,n02979186,482,cassette player,jpeg,70,482,cassette player,0.6689988374710083,True,13799,13359,1.0329365970506774,42.873516904676656,0.98823164366532
imagenette,data/imagenette2-320/val/n02979186/n02979186_21640.JPEG,n02979186,482,cassette player,jpeg,70,481,cassette,0.39087042212486267,False,10913,10505,1.038838648262732,41.21486949365065,0.9903600551933261
imagenette,data/imagenette2-320/val/n02979186/n02979186_2172.JPEG,n02979186,482,cassette player,jpeg,70,482,cassette player,0.20392043888568878,True,29606,28647,1.0334764547771145,43.31154111031271,0.9936587976950966
imagenette,data/imagenette2-320/val/n02979186/n02979186_21910.JPEG,n02979186,482,cassette player,jpeg,70,482,cassette player,0.14481133222579956,True,14267,13870,1.0286229271809662,47.12311703515386,0.9955685980794889
imagenette,data/imagenette2-320/val/n02979186/n02979186_21941.JPEG,n02979186,482,cassette player,jpeg,70,482,cassette player,0.49371960759162903,True,22704,21922,1.0356719277438189,48.48943065519529,0.9962473818089173
imagenette,data/imagenette2-320/val/n02979186/n02979186_22101.JPEG,n02979186,482,cassette player,jpeg,70,482,cassette player,0.28182265162467957,True,12562,12208,1.0289973787680209,43.19292945229187,0.9942663333667455
imagenette,data/imagenette2-320/val/n02979186/n02979186_22111.JPEG,n02979186,482,cassette player,jpeg,70,482,cassette player,0.2978318929672241,True,22722,21931,1.036067666773061,46.16385075427603,0.9957264701199268
imagenette,data/imagenette2-320/val/n02979186/n02979186_2230.JPEG,n02979186,482,cassette player,jpeg,70,482,cassette player,0.4969908893108368,True,15980,15471,1.0329002650119579,47.10136350149915,0.9961105017233879
imagenette,data/imagenette2-320/val/n02979186/n02979186_22681.JPEG,n02979186,482,cassette player,jpeg,70,482,cassette player,0.10675987601280212,True,24192,23383,1.0345977847153915,41.138833718270924,0.9900803364654408
imagenette,data/imagenette2-320/val/n02979186/n02979186_22761.JPEG,n02979186,482,cassette player,jpeg,70,482,cassette player,0.19284221529960632,True,11298,10980,1.0289617486338798,48.141096360616814,0.9946209968214399
imagenette,data/imagenette2-320/val/n02979186/n02979186_22871.JPEG,n02979186,482,cassette player,jpeg,70,848,tape player,0.33325985074043274,False,16993,16528,1.0281340755082284,43.574953761828105,0.9911826793199822
imagenette,data/imagenette2-320/val/n02979186/n02979186_22882.JPEG,n02979186,482,cassette player,jpeg,70,848,tape player,0.3226814866065979,False,22093,21478,1.028633951019648,44.0161845338039,0.9937633286012085
imagenette,data/imagenette2-320/val/n02979186/n02979186_22991.JPEG,n02979186,482,cassette player,jpeg,70,482,cassette player,0.44535282254219055,True,17554,17110,1.0259497369959087,41.055884922193194,0.9916301931899385
imagenette,data/imagenette2-320/val/n02979186/n02979186_22992.JPEG,n02979186,482,cassette player,jpeg,70,590,hand-held computer,0.06277022510766983,False,23552,22843,1.031037954734492,41.23414316008955,0.9922144956189993
imagenette,data/imagenette2-320/val/n02979186/n02979186_2312.JPEG,n02979186,482,cassette player,jpeg,70,482,cassette player,0.5010542273521423,True,15663,15298,1.0238593280167343,45.171405488105954,0.9932145446797879
imagenette,data/imagenette2-320/val/n02979186/n02979186_23362.JPEG,n02979186,482,cassette player,jpeg,70,848,tape player,0.2274964153766632,False,34925,33952,1.0286581055607917,43.64595086953149,0.9929004472454039
imagenette,data/imagenette2-320/val/n02979186/n02979186_23440.JPEG,n02979186,482,cassette player,jpeg,70,482,cassette player,0.29809075593948364,True,14890,14483,1.028101912587171,46.63956729370916,0.9948309216282295
imagenette,data/imagenette2-320/val/n02979186/n02979186_2350.JPEG,n02979186,482,cassette player,jpeg,70,848,tape player,0.46451127529144287,False,21670,21132,1.025459019496498,44.52363475145187,0.9926785650944986
imagenette,data/imagenette2-320/val/n02979186/n02979186_23650.JPEG,n02979186,482,cassette player,jpeg,70,482,cassette player,0.3894447088241577,True,21765,21249,1.024283495693915,47.04835873726387,0.9948896527357709
imagenette,data/imagenette2-320/val/n02979186/n02979186_23730.JPEG,n02979186,482,cassette player,jpeg,70,848,tape player,0.17891600728034973,False,20261,19668,1.0301504982713037,41.60966121691416,0.9932736298339204
imagenette,data/imagenette2-320/val/n02979186/n02979186_2381.JPEG,n02979186,482,cassette player,jpeg,70,482,cassette player,0.3578207790851593,True,10789,10489,1.0286013919344075,47.377888944366745,0.9961978901759871
imagenette,data/imagenette2-320/val/n02979186/n02979186_23911.JPEG,n02979186,482,cassette player,jpeg,70,848,tape player,0.4126102924346924,False,38979,37643,1.0354913264086285,40.31511172060884,0.9925698482109908
imagenette,data/imagenette2-320/val/n02979186/n02979186_24140.JPEG,n02979186,482,cassette player,jpeg,70,482,cassette player,0.2189466506242752,True,13145,12763,1.029930267178563,45.35462194345691,0.9952652906976195
imagenette,data/imagenette2-320/val/n02979186/n02979186_24492.JPEG,n02979186,482,cassette player,jpeg,70,482,cassette player,0.14085881412029266,True,9891,9592,1.0311718098415346,47.54880293640124,0.9952303063722298
imagenette,data/imagenette2-320/val/n02979186/n02979186_24591.JPEG,n02979186,482,cassette player,jpeg,70,482,cassette player,0.10672281682491302,True,19197,18483,1.0386300925174485,42.03933191743319,0.9928379803742606
imagenette,data/imagenette2-320/val/n02979186/n02979186_24592.JPEG,n02979186,482,cassette player,jpeg,70,482,cassette player,0.6141793131828308,True,11160,10832,1.0302806499261448,47.77029551801523,0.9966530678430859
imagenette,data/imagenette2-320/val/n02979186/n02979186_24941.JPEG,n02979186,482,cassette player,jpeg,70,848,tape player,0.33105337619781494,False,15456,15027,1.0285486124975045,46.30271752149472,0.9929672784026425
imagenette,data/imagenette2-320/val/n02979186/n02979186_2511.JPEG,n02979186,482,cassette player,jpeg,70,482,cassette player,0.24833567440509796,True,15554,15060,1.0328021248339974,42.65819608043695,0.9949267377514578
imagenette,data/imagenette2-320/val/n02979186/n02979186_25141.JPEG,n02979186,482,cassette player,jpeg,70,482,cassette player,0.639334499835968,True,11877,11500,1.0327826086956522,47.11201106415376,0.995045154107788
imagenette,data/imagenette2-320/val/n02979186/n02979186_2552.JPEG,n02979186,482,cassette player,jpeg,70,482,cassette player,0.24220459163188934,True,26210,25361,1.0334765979259493,44.68777009530088,0.9941585839461243
imagenette,data/imagenette2-320/val/n02979186/n02979186_260.JPEG,n02979186,482,cassette player,jpeg,70,485,CD player,0.4877087473869324,False,24238,23455,1.0333830739714347,42.93041595806084,0.9926148650408972
imagenette,data/imagenette2-320/val/n02979186/n02979186_26120.JPEG,n02979186,482,cassette player,jpeg,70,482,cassette player,0.3879936635494232,True,16305,15857,1.0282525067793404,42.760672472552,0.9934451705354727
imagenette,data/imagenette2-320/val/n02979186/n02979186_2632.JPEG,n02979186,482,cassette player,jpeg,70,632,loudspeaker,0.3067312240600586,False,12368,12029,1.0281818937567546,45.580856618448855,0.9137710601544901
imagenette,data/imagenette2-320/val/n02979186/n02979186_2642.JPEG,n02979186,482,cassette player,jpeg,70,482,cassette player,0.2873818874359131,True,18330,17882,1.0250531260485405,45.50033595924867,0.9937576103022282
imagenette,data/imagenette2-320/val/n02979186/n02979186_26451.JPEG,n02979186,482,cassette player,jpeg,70,848,tape player,0.2719528079032898,False,23494,22680,1.0358906525573193,41.57129604176292,0.9916316653863811
imagenette,data/imagenette2-320/val/n02979186/n02979186_26590.JPEG,n02979186,482,cassette player,jpeg,70,481,cassette,0.18663176894187927,False,15673,15207,1.0306437824686,45.02692949905899,0.995178759921972
imagenette,data/imagenette2-320/val/n02979186/n02979186_26802.JPEG,n02979186,482,cassette player,jpeg,70,482,cassette player,0.5822234749794006,True,10921,10618,1.0285364475419099,46.12661492962306,0.9961916084253923
imagenette,data/imagenette2-320/val/n02979186/n02979186_26820.JPEG,n02979186,482,cassette player,jpeg,70,662,modem,0.2827911376953125,False,17001,16551,1.0271886895051658,44.69505065914129,0.9913090088731216
imagenette,data/imagenette2-320/val/n02979186/n02979186_26822.JPEG,n02979186,482,cassette player,jpeg,70,481,cassette,0.1855798065662384,False,24955,24192,1.0315393518518519,40.65470492028042,0.9929638425976055
imagenette,data/imagenette2-320/val/n02979186/n02979186_2702.JPEG,n02979186,482,cassette player,jpeg,70,844,switch,0.3972342908382416,False,30473,29467,1.0341398852954151,42.5858856614202,0.9929270767918776
imagenette,data/imagenette2-320/val/n02979186/n02979186_271.JPEG,n02979186,482,cassette player,jpeg,70,848,tape player,0.1296253353357315,False,46097,44483,1.0362835240428927,38.04684273743499,0.9922145165853951
imagenette,data/imagenette2-320/val/n02979186/n02979186_27110.JPEG,n02979186,482,cassette player,jpeg,70,848,tape player,0.19996921718120575,False,23145,22508,1.028301048516083,41.706911753554195,0.9893395543435277
imagenette,data/imagenette2-320/val/n02979186/n02979186_27252.JPEG,n02979186,482,cassette player,jpeg,70,848,tape player,0.16650618612766266,False,22899,22241,1.02958500067443,42.7822449243252,0.9924485012759939
imagenette,data/imagenette2-320/val/n02979186/n02979186_27262.JPEG,n02979186,482,cassette player,jpeg,70,482,cassette player,0.15512730181217194,True,19137,18267,1.0476268681228444,35.9203282584515,0.9655828906813363
imagenette,data/imagenette2-320/val/n02979186/n02979186_27322.JPEG,n02979186,482,cassette player,jpeg,70,482,cassette player,0.5959295630455017,True,8634,8399,1.0279795213715919,48.53503328603766,0.9979034402928296
imagenette,data/imagenette2-320/val/n02979186/n02979186_27392.JPEG,n02979186,482,cassette player,jpeg,70,848,tape player,0.27550891041755676,False,15750,15266,1.0317044412419756,46.03031553709968,0.995032855913777
imagenette,data/imagenette2-320/val/n02979186/n02979186_2742.JPEG,n02979186,482,cassette player,jpeg,70,482,cassette player,0.1872185617685318,True,21324,20568,1.0367561260210034,42.46578493713482,0.9912517136498091
imagenette,data/imagenette2-320/val/n02979186/n02979186_27471.JPEG,n02979186,482,cassette player,jpeg,70,482,cassette player,0.14079025387763977,True,14830,14287,1.0380065794078532,43.18945372496127,0.9918829328015768
imagenette,data/imagenette2-320/val/n02979186/n02979186_27481.JPEG,n02979186,482,cassette player,jpeg,70,482,cassette player,0.09798130393028259,True,16730,16193,1.0331624776137838,45.37822465809044,0.9943987381977935
imagenette,data/imagenette2-320/val/n02979186/n02979186_27582.JPEG,n02979186,482,cassette player,jpeg,70,848,tape player,0.29403167963027954,False,21907,21396,1.023882968779211,45.21703373779752,0.992091660399173
imagenette,data/imagenette2-320/val/n02979186/n02979186_27632.JPEG,n02979186,482,cassette player,jpeg,70,482,cassette player,0.4358294904232025,True,15926,15439,1.031543493749595,45.751810538954516,0.994824477922641
imagenette,data/imagenette2-320/val/n02979186/n02979186_2772.JPEG,n02979186,482,cassette player,jpeg,70,848,tape player,0.2190151810646057,False,31225,30239,1.032606898376269,44.44781131449577,0.9937479022891473
imagenette,data/imagenette2-320/val/n02979186/n02979186_280.JPEG,n02979186,482,cassette player,jpeg,70,482,cassette player,0.3129355311393738,True,14719,14269,1.03153689817086,44.08404742391426,0.9955773929840365
imagenette,data/imagenette2-320/val/n02979186/n02979186_2810.JPEG,n02979186,482,cassette player,jpeg,70,482,cassette player,0.2576830983161926,True,16124,15657,1.0298269144791468,45.18696726579036,0.9935966868597724
imagenette,data/imagenette2-320/val/n02979186/n02979186_2830.JPEG,n02979186,482,cassette player,jpeg,70,848,tape player,0.11273545026779175,False,21909,21231,1.0319344354952664,41.91168875084266,0.9897466439220928
imagenette,data/imagenette2-320/val/n02979186/n02979186_2841.JPEG,n02979186,482,cassette player,jpeg,70,745,projector,0.13637763261795044,False,11304,11000,1.0276363636363637,46.22218033365391,0.9970582904358899
imagenette,data/imagenette2-320/val/n02979186/n02979186_2842.JPEG,n02979186,482,cassette player,jpeg,70,482,cassette player,0.4122089147567749,True,11811,11426,1.0336950813933135,46.970064400143556,0.9967228769972364
imagenette,data/imagenette2-320/val/n02979186/n02979186_2902.JPEG,n02979186,482,cassette player,jpeg,70,482,cassette player,0.19446411728858948,True,60251,58053,1.0378619537319347,33.82819748544179,0.9922550770399438
imagenette,data/imagenette2-320/val/n02979186/n02979186_2981.JPEG,n02979186,482,cassette player,jpeg,70,482,cassette player,0.4846891462802887,True,9104,8891,1.0239568102575638,48.251573171572495,0.995814779522702
imagenette,data/imagenette2-320/val/n02979186/n02979186_3010.JPEG,n02979186,482,cassette player,jpeg,70,482,cassette player,0.34631672501564026,True,11440,11117,1.0290546010614374,45.66674595353432,0.9935899457512288
imagenette,data/imagenette2-320/val/n02979186/n02979186_3102.JPEG,n02979186,482,cassette player,jpeg,70,482,cassette player,0.13525232672691345,True,13023,12659,1.0287542459909946,46.541595249042174,0.9956890067437235
imagenette,data/imagenette2-320/val/n02979186/n02979186_3161.JPEG,n02979186,482,cassette player,jpeg,70,481,cassette,0.1733509749174118,False,24637,23729,1.038265413628893,40.74720289459408,0.9911202360013155
imagenette,data/imagenette2-320/val/n02979186/n02979186_3182.JPEG,n02979186,482,cassette player,jpeg,70,485,CD player,0.5282976627349854,False,59522,57369,1.0375289790653488,42.38923335282693,0.9950229426920928
imagenette,data/imagenette2-320/val/n02979186/n02979186_3200.JPEG,n02979186,482,cassette player,jpeg,70,848,tape player,0.3043813407421112,False,26091,25229,1.0341670300051529,41.702491273429004,0.9913250493918668
imagenette,data/imagenette2-320/val/n02979186/n02979186_3211.JPEG,n02979186,482,cassette player,jpeg,70,848,tape player,0.2290344387292862,False,19450,18903,1.0289372057345394,41.7041263822765,0.986786902302562
imagenette,data/imagenette2-320/val/n02979186/n02979186_3260.JPEG,n02979186,482,cassette player,jpeg,70,481,cassette,0.3681431710720062,False,24527,23778,1.031499705610228,42.458046666661446,0.9922074010889462
imagenette,data/imagenette2-320/val/n02979186/n02979186_3321.JPEG,n02979186,482,cassette player,jpeg,70,482,cassette player,0.19254206120967865,True,20498,19833,1.0335299752937024,42.02768916500733,0.9941735717604955
imagenette,data/imagenette2-320/val/n02979186/n02979186_3371.JPEG,n02979186,482,cassette player,jpeg,70,482,cassette player,0.2138560563325882,True,16825,16313,1.031386011156746,46.77520735274331,0.995067866877504
imagenette,data/imagenette2-320/val/n02979186/n02979186_3372.JPEG,n02979186,482,cassette player,jpeg,70,851,television,0.24041031301021576,False,25856,25061,1.0317225968636528,41.978827260432,0.9908620675777385
imagenette,data/imagenette2-320/val/n02979186/n02979186_3462.JPEG,n02979186,482,cassette player,jpeg,70,482,cassette player,0.5822846293449402,True,7274,7084,1.0268210050818747,49.81333028998084,0.9965072170062587
imagenette,data/imagenette2-320/val/n02979186/n02979186_3472.JPEG,n02979186,482,cassette player,jpeg,70,482,cassette player,0.08072840422391891,True,14007,13581,1.0313673514468744,43.08177280414415,0.9895075659135087
imagenette,data/imagenette2-320/val/n02979186/n02979186_351.JPEG,n02979186,482,cassette player,jpeg,70,656,minivan,0.1673736572265625,False,16553,16033,1.0324331067173953,46.28144106628621,0.9943690313094881
imagenette,data/imagenette2-320/val/n02979186/n02979186_3530.JPEG,n02979186,482,cassette player,jpeg,70,482,cassette player,0.15551264584064484,True,30560,29424,1.0386079390973355,40.428738929852706,0.9823015290018938
imagenette,data/imagenette2-320/val/n02979186/n02979186_3620.JPEG,n02979186,482,cassette player,jpeg,70,482,cassette player,0.31535598635673523,True,18279,17857,1.0236321890575124,45.482390210520975,0.9949364844890053
imagenette,data/imagenette2-320/val/n02979186/n02979186_3672.JPEG,n02979186,482,cassette player,jpeg,70,482,cassette player,0.21829436719417572,True,15355,14920,1.0291554959785523,44.898367361878364,0.993242335478854
imagenette,data/imagenette2-320/val/n02979186/n02979186_3772.JPEG,n02979186,482,cassette player,jpeg,70,482,cassette player,0.6366233229637146,True,13549,13205,1.026050738356683,50.29755179936885,0.9969615692349291
imagenette,data/imagenette2-320/val/n02979186/n02979186_3902.JPEG,n02979186,482,cassette player,jpeg,70,548,entertainment center,0.27944642305374146,False,23400,22563,1.0370961308336657,41.38288779963198,0.9905529666685827
imagenette,data/imagenette2-320/val/n02979186/n02979186_40.JPEG,n02979186,482,cassette player,jpeg,70,848,tape player,0.24337749183177948,False,23251,22546,1.031269404772465,42.73859296532837,0.9933522697258718
imagenette,data/imagenette2-320/val/n02979186/n02979186_4001.JPEG,n02979186,482,cassette player,jpeg,70,848,tape player,0.26948463916778564,False,37507,36419,1.029874516049315,45.446804145620156,0.9924690014205325
imagenette,data/imagenette2-320/val/n02979186/n02979186_4032.JPEG,n02979186,482,cassette player,jpeg,70,848,tape player,0.5136409401893616,False,26776,25938,1.0323078109337651,40.13636847232061,0.9854504991737411
imagenette,data/imagenette2-320/val/n02979186/n02979186_4090.JPEG,n02979186,482,cassette player,jpeg,70,632,loudspeaker,0.254361093044281,False,7192,6982,1.0300773417358924,51.95956422291758,0.9983203060567925
imagenette,data/imagenette2-320/val/n02979186/n02979186_4230.JPEG,n02979186,482,cassette player,jpeg,70,848,tape player,0.25359776616096497,False,22371,21595,1.0359342440379717,41.254740391211726,0.9893425186130673
imagenette,data/imagenette2-320/val/n02979186/n02979186_4281.JPEG,n02979186,482,cassette player,jpeg,70,482,cassette player,0.474824994802475,True,8265,8019,1.030677141788253,49.80274253079493,0.9955746673822614
imagenette,data/imagenette2-320/val/n02979186/n02979186_4341.JPEG,n02979186,482,cassette player,jpeg,70,482,cassette player,0.05560575798153877,True,20931,20299,1.031134538647224,42.91567304328308,0.9934024728583394
imagenette,data/imagenette2-320/val/n02979186/n02979186_4361.JPEG,n02979186,482,cassette player,jpeg,70,482,cassette player,0.45182809233665466,True,10759,10484,1.026230446394506,46.68070601717986,0.9945904160773097
imagenette,data/imagenette2-320/val/n02979186/n02979186_442.JPEG,n02979186,482,cassette player,jpeg,70,485,CD player,0.19131581485271454,False,23906,23337,1.0243818828469813,46.713660541977845,0.992929174991759
imagenette,data/imagenette2-320/val/n02979186/n02979186_4511.JPEG,n02979186,482,cassette player,jpeg,70,848,tape player,0.2473379224538803,False,18092,17589,1.0285974188413214,43.85133746846844,0.9913447504255358
imagenette,data/imagenette2-320/val/n02979186/n02979186_4552.JPEG,n02979186,482,cassette player,jpeg,70,482,cassette player,0.30214500427246094,True,12294,11889,1.0340651021953067,45.70796681167156,0.9931573626682585
imagenette,data/imagenette2-320/val/n02979186/n02979186_4690.JPEG,n02979186,482,cassette player,jpeg,70,848,tape player,0.39221179485321045,False,23379,22624,1.033371640735502,42.6152763572406,0.9917136142908598
imagenette,data/imagenette2-320/val/n02979186/n02979186_4691.JPEG,n02979186,482,cassette player,jpeg,70,848,tape player,0.27473482489585876,False,34834,33612,1.0363560633107223,37.72724311764499,0.9886645961569913
imagenette,data/imagenette2-320/val/n02979186/n02979186_4720.JPEG,n02979186,482,cassette player,jpeg,70,482,cassette player,0.6583464741706848,True,7542,7376,1.0225054229934925,51.311181365429796,0.9978721245821047
imagenette,data/imagenette2-320/val/n02979186/n02979186_4780.JPEG,n02979186,482,cassette player,jpeg,70,482,cassette player,0.127181738615036,True,18417,17929,1.0272184728651905,45.788957505867984,0.9939845898057555
imagenette,data/imagenette2-320/val/n02979186/n02979186_482.JPEG,n02979186,482,cassette player,jpeg,70,482,cassette player,0.40052270889282227,True,12286,11921,1.0306182367251069,44.9794196927515,0.9932462124458722
imagenette,data/imagenette2-320/val/n02979186/n02979186_4830.JPEG,n02979186,482,cassette player,jpeg,70,916,web site,0.48603036999702454,False,23551,22821,1.0319880811533237,43.43614629788615,0.9915714175242426
imagenette,data/imagenette2-320/val/n02979186/n02979186_4852.JPEG,n02979186,482,cassette player,jpeg,70,482,cassette player,0.23230238258838654,True,35847,34786,1.030500776174323,39.65229696082578,0.9918376393129833
imagenette,data/imagenette2-320/val/n02979186/n02979186_491.JPEG,n02979186,482,cassette player,jpeg,70,482,cassette player,0.29151466488838196,True,21251,20712,1.0260235612205484,46.36281983173782,0.9929404334306712
imagenette,data/imagenette2-320/val/n02979186/n02979186_4971.JPEG,n02979186,482,cassette player,jpeg,70,848,tape player,0.18945905566215515,False,15452,15032,1.0279403938265035,45.55962222641094,0.9934613496941399
imagenette,data/imagenette2-320/val/n02979186/n02979186_5031.JPEG,n02979186,482,cassette player,jpeg,70,482,cassette player,0.45315882563591003,True,10840,10504,1.031987814166032,46.252320378508756,0.96564455050961
imagenette,data/imagenette2-320/val/n02979186/n02979186_510.JPEG,n02979186,482,cassette player,jpeg,70,401,accordion,0.09647095203399658,False,29689,28815,1.0303314246052404,41.71495899320041,0.9924393392635947
imagenette,data/imagenette2-320/val/n02979186/n02979186_5162.JPEG,n02979186,482,cassette player,jpeg,70,848,tape player,0.28378424048423767,False,27678,27001,1.0250731454390578,41.20286176030901,0.9900216753186594
imagenette,data/imagenette2-320/val/n02979186/n02979186_5280.JPEG,n02979186,482,cassette player,jpeg,70,548,entertainment center,0.14782468974590302,False,16692,16237,1.0280224179343476,44.08127254160818,0.9918638704251963
imagenette,data/imagenette2-320/val/n02979186/n02979186_5321.JPEG,n02979186,482,cassette player,jpeg,70,482,cassette player,0.5902902483940125,True,27128,26307,1.0312084236134869,47.421521902276815,0.995484029596584
imagenette,data/imagenette2-320/val/n02979186/n02979186_5392.JPEG,n02979186,482,cassette player,jpeg,70,481,cassette,0.21627937257289886,False,22945,22212,1.0330001800828381,44.10627659532963,0.994586505554912
imagenette,data/imagenette2-320/val/n02979186/n02979186_5411.JPEG,n02979186,482,cassette player,jpeg,70,530,digital clock,0.49139949679374695,False,11447,11082,1.0329362930878903,46.929931739860685,0.9953943194594347
imagenette,data/imagenette2-320/val/n02979186/n02979186_5460.JPEG,n02979186,482,cassette player,jpeg,70,754,radio,0.17695514857769012,False,15962,15469,1.0318701919968971,46.00156439454756,0.9963737816486037
imagenette,data/imagenette2-320/val/n02979186/n02979186_5481.JPEG,n02979186,482,cassette player,jpeg,70,481,cassette,0.1873818188905716,False,23409,22528,1.0391068892045454,40.23719165430772,0.9323002358063003
imagenette,data/imagenette2-320/val/n02979186/n02979186_560.JPEG,n02979186,482,cassette player,jpeg,70,848,tape player,0.24210664629936218,False,22962,22244,1.0322783672001439,41.242770235545194,0.9932393156230689
imagenette,data/imagenette2-320/val/n02979186/n02979186_5612.JPEG,n02979186,482,cassette player,jpeg,70,482,cassette player,0.5654284358024597,True,11261,10917,1.031510488229367,48.147913977064405,0.9966831433479371
imagenette,data/imagenette2-320/val/n02979186/n02979186_562.JPEG,n02979186,482,cassette player,jpeg,70,482,cassette player,0.2342189997434616,True,12661,12314,1.0281793081045965,47.86888372632586,0.9943052060439453
imagenette,data/imagenette2-320/val/n02979186/n02979186_5622.JPEG,n02979186,482,cassette player,jpeg,70,481,cassette,0.09932080656290054,False,21892,21238,1.0307938600621527,43.49549057015315,0.9913211670195842
imagenette,data/imagenette2-320/val/n02979186/n02979186_5772.JPEG,n02979186,482,cassette player,jpeg,70,482,cassette player,0.213046133518219,True,13821,13403,1.0311870476758935,47.481069002443775,0.9956948277678267
imagenette,data/imagenette2-320/val/n02979186/n02979186_5781.JPEG,n02979186,482,cassette player,jpeg,70,482,cassette player,0.3103378415107727,True,12564,12191,1.0305963415634485,44.373767276795434,0.9956078908395686
imagenette,data/imagenette2-320/val/n02979186/n02979186_5792.JPEG,n02979186,482,cassette player,jpeg,70,482,cassette player,0.13547421991825104,True,21781,21050,1.034726840855107,42.19556551401826,0.9953664375200436
imagenette,data/imagenette2-320/val/n02979186/n02979186_5822.JPEG,n02979186,482,cassette player,jpeg,70,482,cassette player,0.5180968046188354,True,15748,15297,1.0294829051447996,45.808936002536214,0.9950489183892367
imagenette,data/imagenette2-320/val/n02979186/n02979186_5841.JPEG,n02979186,482,cassette player,jpeg,70,482,cassette player,0.11785510927438736,True,28162,27327,1.0305558605042633,40.868389311619325,0.9926006973905267
imagenette,data/imagenette2-320/val/n02979186/n02979186_5932.JPEG,n02979186,482,cassette player,jpeg,70,485,CD player,0.23994794487953186,False,30433,29340,1.037252897068848,42.79943225815434,0.9709171686400525
imagenette,data/imagenette2-320/val/n02979186/n02979186_5962.JPEG,n02979186,482,cassette player,jpeg,70,482,cassette player,0.3358696699142456,True,15562,15091,1.0312106553574978,45.797265515560646,0.9935309315117801
imagenette,data/imagenette2-320/val/n02979186/n02979186_5970.JPEG,n02979186,482,cassette player,jpeg,70,482,cassette player,0.3129262924194336,True,14389,13988,1.02866742922505,47.69191345993971,0.9967312834969871
imagenette,data/imagenette2-320/val/n02979186/n02979186_5980.JPEG,n02979186,482,cassette player,jpeg,70,848,tape player,0.26103097200393677,False,14500,14138,1.0256047531475456,44.6836462569728,0.9938198878083337
imagenette,data/imagenette2-320/val/n02979186/n02979186_600.JPEG,n02979186,482,cassette player,jpeg,70,848,tape player,0.27458426356315613,False,19992,19440,1.028395061728395,45.57549897228612,0.9953478019195007
imagenette,data/imagenette2-320/val/n02979186/n02979186_6012.JPEG,n02979186,482,cassette player,jpeg,70,482,cassette player,0.17896392941474915,True,14384,13933,1.0323691954352976,42.46350632176352,0.9907742817716244
imagenette,data/imagenette2-320/val/n02979186/n02979186_6122.JPEG,n02979186,482,cassette player,jpeg,70,482,cassette player,0.3246718645095825,True,16417,15950,1.0292789968652039,44.71535586642236,0.995073802370806
imagenette,data/imagenette2-320/val/n02979186/n02979186_6172.JPEG,n02979186,482,cassette player,jpeg,70,848,tape player,0.3884309232234955,False,32192,30966,1.039591810372667,38.66816067786327,0.9897853004804991
imagenette,data/imagenette2-320/val/n02979186/n02979186_6181.JPEG,n02979186,482,cassette player,jpeg,70,848,tape player,0.26613521575927734,False,13092,12715,1.0296500196618168,44.69472375540921,0.9939820773692404
imagenette,data/imagenette2-320/val/n02979186/n02979186_6271.JPEG,n02979186,482,cassette player,jpeg,70,482,cassette player,0.5982738733291626,True,9173,8942,1.0258331469469917,47.794576830830586,0.9958361459499478
imagenette,data/imagenette2-320/val/n02979186/n02979186_6390.JPEG,n02979186,482,cassette player,jpeg,70,485,CD player,0.20770974457263947,False,26182,25394,1.0310309521934315,42.16652591313374,0.9947508341468798
imagenette,data/imagenette2-320/val/n02979186/n02979186_6470.JPEG,n02979186,482,cassette player,jpeg,70,482,cassette player,0.4291536808013916,True,13540,13074,1.035643261434909,46.51961049374631,0.9976394067425933
imagenette,data/imagenette2-320/val/n02979186/n02979186_6520.JPEG,n02979186,482,cassette player,jpeg,70,482,cassette player,0.3810136318206787,True,18648,18125,1.028855172413793,45.642944147546004,0.9938414505649904
imagenette,data/imagenette2-320/val/n02979186/n02979186_6531.JPEG,n02979186,482,cassette player,jpeg,70,848,tape player,0.24405856430530548,False,29766,29029,1.0253884046987496,41.61482904977348,0.9907272517458526
imagenette,data/imagenette2-320/val/n02979186/n02979186_6712.JPEG,n02979186,482,cassette player,jpeg,70,848,tape player,0.2616017460823059,False,32243,31135,1.0355869600128473,39.38005929513733,0.992154194706238
imagenette,data/imagenette2-320/val/n02979186/n02979186_6851.JPEG,n02979186,482,cassette player,jpeg,70,848,tape player,0.2143907994031906,False,17270,16707,1.033698449751601,41.82013846645907,0.9897340550049346
imagenette,data/imagenette2-320/val/n02979186/n02979186_6882.JPEG,n02979186,482,cassette player,jpeg,70,482,cassette player,0.26241761445999146,True,17559,16930,1.0371529828706438,41.31747453835237,0.9898247731844968
imagenette,data/imagenette2-320/val/n02979186/n02979186_6992.JPEG,n02979186,482,cassette player,jpeg,70,482,cassette player,0.7339835166931152,True,11807,11438,1.0322608847700647,47.812436284441816,0.9959743633707645
imagenette,data/imagenette2-320/val/n02979186/n02979186_70.JPEG,n02979186,482,cassette player,jpeg,70,485,CD player,0.1767033338546753,False,14605,14238,1.0257760921477737,43.62431384287977,0.9929777342270737
imagenette,data/imagenette2-320/val/n02979186/n02979186_7060.JPEG,n02979186,482,cassette player,jpeg,70,482,cassette player,0.3463420271873474,True,11434,11081,1.031856330656078,47.19258686269935,0.9968476836982462
imagenette,data/imagenette2-320/val/n02979186/n02979186_7150.JPEG,n02979186,482,cassette player,jpeg,70,482,cassette player,0.6694009304046631,True,16527,15977,1.0344244851974713,44.586676971150034,0.9943170791201288
imagenette,data/imagenette2-320/val/n02979186/n02979186_731.JPEG,n02979186,482,cassette player,jpeg,70,482,cassette player,0.7527795433998108,True,14266,13839,1.0308548305513403,46.49831645137775,0.9959443730797707
imagenette,data/imagenette2-320/val/n02979186/n02979186_7362.JPEG,n02979186,482,cassette player,jpeg,70,482,cassette player,0.5060933828353882,True,12910,12519,1.0312325265596294,45.42891485979334,0.9954135203499715
imagenette,data/imagenette2-320/val/n02979186/n02979186_7371.JPEG,n02979186,482,cassette player,jpeg,70,848,tape player,0.16041506826877594,False,25589,24856,1.0294898616028323,44.77125005357503,0.9939908567702217
imagenette,data/imagenette2-320/val/n02979186/n02979186_7440.JPEG,n02979186,482,cassette player,jpeg,70,848,tape player,0.19614101946353912,False,30262,29369,1.0304062106302565,42.38262833283371,0.9916422404303589
imagenette,data/imagenette2-320/val/n02979186/n02979186_7492.JPEG,n02979186,482,cassette player,jpeg,70,848,tape player,0.22372443974018097,False,15260,14790,1.0317782285327923,42.13503878933296,0.9953804663312779
imagenette,data/imagenette2-320/val/n02979186/n02979186_7531.JPEG,n02979186,482,cassette player,jpeg,70,848,tape player,0.3027098476886749,False,16347,15827,1.0328552473621027,45.330219662938845,0.9939217498820411
imagenette,data/imagenette2-320/val/n02979186/n02979186_7672.JPEG,n02979186,482,cassette player,jpeg,70,482,cassette player,0.2118402123451233,True,16325,15883,1.027828495876094,45.02434929724779,0.9929303519595907
imagenette,data/imagenette2-320/val/n02979186/n02979186_7712.JPEG,n02979186,482,cassette player,jpeg,70,481,cassette,0.18712155520915985,False,19227,18626,1.0322667239342853,44.06396945114278,0.991878614600267
imagenette,data/imagenette2-320/val/n02979186/n02979186_7820.JPEG,n02979186,482,cassette player,jpeg,70,482,cassette player,0.32361117005348206,True,14980,14484,1.0342446837890085,46.92790204258041,0.9865194493344465
imagenette,data/imagenette2-320/val/n02979186/n02979186_8092.JPEG,n02979186,482,cassette player,jpeg,70,482,cassette player,0.193844273686409,True,23509,22809,1.0306896400543646,43.95027010180354,0.9940294750929834
imagenette,data/imagenette2-320/val/n02979186/n02979186_811.JPEG,n02979186,482,cassette player,jpeg,70,482,cassette player,0.370279997587204,True,22919,22084,1.0378101793153414,47.7980380427547,0.9972503188053414
imagenette,data/imagenette2-320/val/n02979186/n02979186_8122.JPEG,n02979186,482,cassette player,jpeg,70,482,cassette player,0.3098430335521698,True,12984,12583,1.0318683938647382,47.70705076578888,0.9933308085080212
imagenette,data/imagenette2-320/val/n02979186/n02979186_8211.JPEG,n02979186,482,cassette player,jpeg,70,482,cassette player,0.28540363907814026,True,23991,23277,1.0306740559350431,42.3035491461869,0.9930268205556567
imagenette,data/imagenette2-320/val/n02979186/n02979186_8570.JPEG,n02979186,482,cassette player,jpeg,70,485,CD player,0.2118709236383438,False,15238,14783,1.0307785970371373,46.23249094421279,0.9944103226002561
imagenette,data/imagenette2-320/val/n02979186/n02979186_872.JPEG,n02979186,482,cassette player,jpeg,70,485,CD player,0.33046409487724304,False,19510,19031,1.025169460354159,44.261204882729224,0.9924410264596543
imagenette,data/imagenette2-320/val/n02979186/n02979186_8751.JPEG,n02979186,482,cassette player,jpeg,70,482,cassette player,0.267798513174057,True,22948,22330,1.0276757725033587,45.44509669847713,0.9938882783621911
imagenette,data/imagenette2-320/val/n02979186/n02979186_8861.JPEG,n02979186,482,cassette player,jpeg,70,707,pay-phone,0.2269698530435562,False,37559,36290,1.0349683108294296,39.091211102964294,0.9922386616527211
imagenette,data/imagenette2-320/val/n02979186/n02979186_8971.JPEG,n02979186,482,cassette player,jpeg,70,482,cassette player,0.4344921112060547,True,9695,10154,0.9547961394524326,49.30434663899298,0.9977025000616445
imagenette,data/imagenette2-320/val/n02979186/n02979186_9011.JPEG,n02979186,482,cassette player,jpeg,70,848,tape player,0.34695374965667725,False,32884,32163,1.0224170630849112,42.68171501413822,0.9899112200470533
imagenette,data/imagenette2-320/val/n02979186/n02979186_9041.JPEG,n02979186,482,cassette player,jpeg,70,482,cassette player,0.5581765174865723,True,11328,10972,1.0324462267590229,48.128513987527846,0.9962381936493916
imagenette,data/imagenette2-320/val/n02979186/n02979186_9112.JPEG,n02979186,482,cassette player,jpeg,70,848,tape player,0.25915423035621643,False,24371,23717,1.0275751570603364,42.22742025623462,0.9923545545102845
imagenette,data/imagenette2-320/val/n02979186/n02979186_9131.JPEG,n02979186,482,cassette player,jpeg,70,485,CD player,0.2345878779888153,False,31646,30665,1.0319908690689712,46.656529062697246,0.9951686194497055
imagenette,data/imagenette2-320/val/n02979186/n02979186_9232.JPEG,n02979186,482,cassette player,jpeg,70,482,cassette player,0.3726188540458679,True,21462,20780,1.0328200192492782,43.071392881067105,0.9942478453832604
imagenette,data/imagenette2-320/val/n02979186/n02979186_930.JPEG,n02979186,482,cassette player,jpeg,70,848,tape player,0.3741573393344879,False,15762,15372,1.0253708040593286,46.07649171693109,0.9944532323935825
imagenette,data/imagenette2-320/val/n02979186/n02979186_931.JPEG,n02979186,482,cassette player,jpeg,70,482,cassette player,0.31859585642814636,True,10175,9882,1.0296498684476827,50.221296508252074,0.9969891334052484
imagenette,data/imagenette2-320/val/n02979186/n02979186_9371.JPEG,n02979186,482,cassette player,jpeg,70,848,tape player,0.13576559722423553,False,13732,13315,1.0313180623357117,44.25473475933878,0.9948803561733389
imagenette,data/imagenette2-320/val/n02979186/n02979186_9411.JPEG,n02979186,482,cassette player,jpeg,70,482,cassette player,0.40623828768730164,True,12560,12227,1.0272348082113356,45.62092859221521,0.9936860944795307
imagenette,data/imagenette2-320/val/n02979186/n02979186_9431.JPEG,n02979186,482,cassette player,jpeg,70,482,cassette player,0.17396432161331177,True,29773,28755,1.0354025386889236,39.86945332425013,0.9915685691748296
imagenette,data/imagenette2-320/val/n02979186/n02979186_9450.JPEG,n02979186,482,cassette player,jpeg,70,481,cassette,0.25629064440727234,False,33042,31902,1.035734436712432,39.692797559601864,0.9848415884163142
imagenette,data/imagenette2-320/val/n02979186/n02979186_9470.JPEG,n02979186,482,cassette player,jpeg,70,848,tape player,0.15655606985092163,False,21938,21275,1.0311633372502937,42.03642062652072,0.9864625971917792
imagenette,data/imagenette2-320/val/n02979186/n02979186_960.JPEG,n02979186,482,cassette player,jpeg,70,605,iPod,0.22082746028900146,False,12185,11854,1.02792306394466,46.72606247690935,0.9958643732834859
imagenette,data/imagenette2-320/val/n02979186/n02979186_9651.JPEG,n02979186,482,cassette player,jpeg,70,848,tape player,0.14813722670078278,False,18863,18162,1.03859707080718,41.271289106965945,0.9778056041217456
imagenette,data/imagenette2-320/val/n02979186/n02979186_9740.JPEG,n02979186,482,cassette player,jpeg,70,482,cassette player,0.3211992681026459,True,18181,17677,1.028511625275782,42.55846198279091,0.9914703762230351
imagenette,data/imagenette2-320/val/n02979186/n02979186_9790.JPEG,n02979186,482,cassette player,jpeg,70,662,modem,0.08692042529582977,False,15649,15262,1.025357096055563,44.347155193255674,0.9905724320764534
imagenette,data/imagenette2-320/val/n02979186/n02979186_9811.JPEG,n02979186,482,cassette player,jpeg,70,481,cassette,0.22269417345523834,False,25615,24891,1.0290868185287856,40.92786160378722,0.9883331945900723
imagenette,data/imagenette2-320/val/n02979186/n02979186_9910.JPEG,n02979186,482,cassette player,jpeg,70,482,cassette player,0.2408509999513626,True,17224,16667,1.0334193316133677,43.706290391549594,0.9905825457126293
imagenette,data/imagenette2-320/val/n03000684/ILSVRC2012_val_00004262.JPEG,n03000684,491,chain saw,jpeg,70,491,chain saw,0.5450723171234131,True,43321,41716,1.0384744462556332,36.65533014806065,0.9925499914260266
imagenette,data/imagenette2-320/val/n03000684/ILSVRC2012_val_00007460.JPEG,n03000684,491,chain saw,jpeg,70,491,chain saw,0.3771957755088806,True,26869,25814,1.0408692957309986,43.66652523023398,0.9955587817155943
imagenette,data/imagenette2-320/val/n03000684/ILSVRC2012_val_00011170.JPEG,n03000684,491,chain saw,jpeg,70,491,chain saw,0.5936861634254456,True,47010,45550,1.03205268935236,36.5620004342821,0.9916679003002754
imagenette,data/imagenette2-320/val/n03000684/ILSVRC2012_val_00011951.JPEG,n03000684,491,chain saw,jpeg,70,491,chain saw,0.15877142548561096,True,17629,16983,1.038038038038038,41.159845810268585,0.9903244738381286
imagenette,data/imagenette2-320/val/n03000684/ILSVRC2012_val_00017801.JPEG,n03000684,491,chain saw,jpeg,70,491,chain saw,0.7334780097007751,True,51011,49195,1.0369143205610327,35.781533807975286,0.9924867937912172
imagenette,data/imagenette2-320/val/n03000684/ILSVRC2012_val_00024480.JPEG,n03000684,491,chain saw,jpeg,70,491,chain saw,0.4782866835594177,True,17057,16482,1.0348865428952796,40.74179678130527,0.992264584838014
imagenette,data/imagenette2-320/val/n03000684/ILSVRC2012_val_00025890.JPEG,n03000684,491,chain saw,jpeg,70,491,chain saw,0.33656713366508484,True,20342,19761,1.0294013460857243,41.653339241705964,0.9892026107034658
imagenette,data/imagenette2-320/val/n03000684/ILSVRC2012_val_00026061.JPEG,n03000684,491,chain saw,jpeg,70,491,chain saw,0.20256318151950836,True,20985,20245,1.0365522351197827,43.162895323315446,0.994876461624601
imagenette,data/imagenette2-320/val/n03000684/ILSVRC2012_val_00029211.JPEG,n03000684,491,chain saw,jpeg,70,491,chain saw,0.24320955574512482,True,32867,31980,1.0277360850531583,40.440048919919676,0.9902082838092697
imagenette,data/imagenette2-320/val/n03000684/ILSVRC2012_val_00036092.JPEG,n03000684,491,chain saw,jpeg,70,491,chain saw,0.6008156538009644,True,51522,49632,1.0380802707930368,35.623693747698375,0.9923560417115881
imagenette,data/imagenette2-320/val/n03000684/ILSVRC2012_val_00045501.JPEG,n03000684,491,chain saw,jpeg,70,491,chain saw,0.32510483264923096,True,21779,21277,1.0235935517225172,44.58864358837667,0.9920372423584758
imagenette,data/imagenette2-320/val/n03000684/ILSVRC2012_val_00045940.JPEG,n03000684,491,chain saw,jpeg,70,491,chain saw,0.4128255248069763,True,21468,20776,1.0333076626877167,41.65732886160069,0.9878170324781662
imagenette,data/imagenette2-320/val/n03000684/ILSVRC2012_val_00046651.JPEG,n03000684,491,chain saw,jpeg,70,491,chain saw,0.19208037853240967,True,41173,39744,1.035955112721417,40.067228247358244,0.994034283326526
imagenette,data/imagenette2-320/val/n03000684/ILSVRC2012_val_00047060.JPEG,n03000684,491,chain saw,jpeg,70,634,lumbermill,0.08551859855651855,False,36129,35165,1.0274136214986491,40.17123444017941,0.9900823269031881
imagenette,data/imagenette2-320/val/n03000684/n03000684_1000.JPEG,n03000684,491,chain saw,jpeg,70,491,chain saw,0.27471286058425903,True,25215,24525,1.0281345565749236,43.40974932137585,0.990532618838624
imagenette,data/imagenette2-320/val/n03000684/n03000684_1011.JPEG,n03000684,491,chain saw,jpeg,70,491,chain saw,0.3216417729854584,True,43274,41668,1.0385427666314677,36.713575588553056,0.9909036097277041
imagenette,data/imagenette2-320/val/n03000684/n03000684_10131.JPEG,n03000684,491,chain saw,jpeg,70,491,chain saw,0.5183137655258179,True,22974,22231,1.033421798389636,41.63638272876595,0.9919710608998727
imagenette,data/imagenette2-320/val/n03000684/n03000684_10132.JPEG,n03000684,491,chain saw,jpeg,70,491,chain saw,0.5630871653556824,True,34460,33414,1.031304243730173,39.06537142724159,0.9908072970046381
imagenette,data/imagenette2-320/val/n03000684/n03000684_10200.JPEG,n03000684,491,chain saw,jpeg,70,491,chain saw,0.15772704780101776,True,25421,24731,1.0279002062189155,42.86330625789441,0.9922339408290393
imagenette,data/imagenette2-320/val/n03000684/n03000684_10212.JPEG,n03000684,491,chain saw,jpeg,70,491,chain saw,0.5806763768196106,True,24423,23780,1.0270395290159797,42.19837549657849,0.9893655645805529
imagenette,data/imagenette2-320/val/n03000684/n03000684_10302.JPEG,n03000684,491,chain saw,jpeg,70,491,chain saw,0.6350610852241516,True,17448,16879,1.0337105278748742,46.98872022887129,0.9959968770105596
imagenette,data/imagenette2-320/val/n03000684/n03000684_1031.JPEG,n03000684,491,chain saw,jpeg,70,491,chain saw,0.2884201109409332,True,34934,33808,1.033305726455277,39.136296113445894,0.9899875281025216
imagenette,data/imagenette2-320/val/n03000684/n03000684_1040.JPEG,n03000684,491,chain saw,jpeg,70,491,chain saw,0.2695141136646271,True,14885,14378,1.0352622061482821,43.94908295430285,0.9945229867956836
imagenette,data/imagenette2-320/val/n03000684/n03000684_10690.JPEG,n03000684,491,chain saw,jpeg,70,491,chain saw,0.4682576358318329,True,30944,30086,1.0285182476899555,40.50979999265158,0.9898487573516793
imagenette,data/imagenette2-320/val/n03000684/n03000684_10692.JPEG,n03000684,491,chain saw,jpeg,70,491,chain saw,0.5160021185874939,True,30921,29985,1.0312156078039019,39.111406587223094,0.9898519253334847
imagenette,data/imagenette2-320/val/n03000684/n03000684_10790.JPEG,n03000684,491,chain saw,jpeg,70,491,chain saw,0.6199854016304016,True,17023,16498,1.0318220390350346,45.28348590685896,0.9932985335689278
imagenette,data/imagenette2-320/val/n03000684/n03000684_1082.JPEG,n03000684,491,chain saw,jpeg,70,491,chain saw,0.7884287238121033,True,22095,21288,1.0379086809470124,41.207810215949756,0.9897899827562018
imagenette,data/imagenette2-320/val/n03000684/n03000684_10820.JPEG,n03000684,491,chain saw,jpeg,70,491,chain saw,0.35025057196617126,True,32425,31374,1.0334990756677505,41.115183218832456,0.9896055654894976
imagenette,data/imagenette2-320/val/n03000684/n03000684_10860.JPEG,n03000684,491,chain saw,jpeg,70,865,toyshop,0.1353728175163269,False,33057,31866,1.0373752588966296,38.7775906208813,0.988998950953853
imagenette,data/imagenette2-320/val/n03000684/n03000684_10902.JPEG,n03000684,491,chain saw,jpeg,70,491,chain saw,0.5130619406700134,True,17179,16659,1.0312143586049582,44.114487497295954,0.9937191027355655
imagenette,data/imagenette2-320/val/n03000684/n03000684_10960.JPEG,n03000684,491,chain saw,jpeg,70,491,chain saw,0.26458677649497986,True,34335,33384,1.0284867002156721,39.83752360553001,0.9897545417428711
imagenette,data/imagenette2-320/val/n03000684/n03000684_10992.JPEG,n03000684,491,chain saw,jpeg,70,491,chain saw,0.10447051376104355,True,20607,20005,1.0300924768807798,43.258407142878674,0.9904318069095622
imagenette,data/imagenette2-320/val/n03000684/n03000684_1100.JPEG,n03000684,491,chain saw,jpeg,70,491,chain saw,0.43216434121131897,True,35123,33962,1.0341852658854014,39.21495520245156,0.988673324702502
imagenette,data/imagenette2-320/val/n03000684/n03000684_11070.JPEG,n03000684,491,chain saw,jpeg,70,491,chain saw,0.2687150537967682,True,44343,42553,1.042065189293352,37.1089366095962,0.9889705056550696
imagenette,data/imagenette2-320/val/n03000684/n03000684_11090.JPEG,n03000684,491,chain saw,jpeg,70,491,chain saw,0.5746403336524963,True,31331,30407,1.0303877396652086,40.11636858961438,0.9903759585500737
imagenette,data/imagenette2-320/val/n03000684/n03000684_11122.JPEG,n03000684,491,chain saw,jpeg,70,491,chain saw,0.36528047919273376,True,36524,35512,1.028497409326425,39.514231494425694,0.9908921454378415
imagenette,data/imagenette2-320/val/n03000684/n03000684_11180.JPEG,n03000684,491,chain saw,jpeg,70,491,chain saw,0.7225357890129089,True,32339,30979,1.0439007069305013,38.01942067115962,0.9871860255727243
imagenette,data/imagenette2-320/val/n03000684/n03000684_1122.JPEG,n03000684,491,chain saw,jpeg,70,491,chain saw,0.6893070936203003,True,30648,29648,1.0337290879654615,39.785848724390206,0.9930750899920676
imagenette,data/imagenette2-320/val/n03000684/n03000684_11241.JPEG,n03000684,491,chain saw,jpeg,70,491,chain saw,0.4082573354244232,True,32571,31769,1.0252447354339136,40.764415291467024,0.9903599454887537
imagenette,data/imagenette2-320/val/n03000684/n03000684_11441.JPEG,n03000684,491,chain saw,jpeg,70,491,chain saw,0.3622504770755768,True,16769,16367,1.024561617889656,45.14430329519062,0.9925897852671065
imagenette,data/imagenette2-320/val/n03000684/n03000684_11511.JPEG,n03000684,491,chain saw,jpeg,70,491,chain saw,0.13208024203777313,True,32599,31604,1.0314833565371473,40.25818774388293,0.9902766488360442
imagenette,data/imagenette2-320/val/n03000684/n03000684_11552.JPEG,n03000684,491,chain saw,jpeg,70,491,chain saw,0.8115828633308411,True,12014,11633,1.0327516547752085,44.35500986510789,0.993483398974346
imagenette,data/imagenette2-320/val/n03000684/n03000684_11672.JPEG,n03000684,491,chain saw,jpeg,70,491,chain saw,0.46993154287338257,True,23396,22662,1.0323890212690847,42.06292607939596,0.9909983398647043
imagenette,data/imagenette2-320/val/n03000684/n03000684_11701.JPEG,n03000684,491,chain saw,jpeg,70,880,unicycle,0.10817501693964005,False,33821,32696,1.034407878639589,40.32371697618893,0.991574218232888
imagenette,data/imagenette2-320/val/n03000684/n03000684_11821.JPEG,n03000684,491,chain saw,jpeg,70,491,chain saw,0.4091719686985016,True,21553,20957,1.0284391849978527,47.26705032656731,0.994279124551614
imagenette,data/imagenette2-320/val/n03000684/n03000684_11861.JPEG,n03000684,491,chain saw,jpeg,70,491,chain saw,0.4851706922054291,True,14348,13838,1.0368550368550369,49.11843643685637,0.9970028468122196
imagenette,data/imagenette2-320/val/n03000684/n03000684_12051.JPEG,n03000684,491,chain saw,jpeg,70,491,chain saw,0.20141386985778809,True,31739,30845,1.0289836278165019,40.38533411744554,0.9896375762632542
imagenette,data/imagenette2-320/val/n03000684/n03000684_12052.JPEG,n03000684,491,chain saw,jpeg,70,491,chain saw,0.21823818981647491,True,54148,52507,1.0312529757937037,38.18703828321026,0.9909735047243912
imagenette,data/imagenette2-320/val/n03000684/n03000684_1210.JPEG,n03000684,491,chain saw,jpeg,70,491,chain saw,0.8013929724693298,True,26891,26034,1.0329184912038103,42.10885631098219,0.9902004545644947
imagenette,data/imagenette2-320/val/n03000684/n03000684_12170.JPEG,n03000684,491,chain saw,jpeg,70,491,chain saw,0.8756697773933411,True,13977,13425,1.0411173184357543,41.994962493915864,0.9936667540665537
imagenette,data/imagenette2-320/val/n03000684/n03000684_12370.JPEG,n03000684,491,chain saw,jpeg,70,541,drum,0.032232485711574554,False,21583,20955,1.0299689811500836,42.63856357390765,0.9907733579230213
imagenette,data/imagenette2-320/val/n03000684/n03000684_12430.JPEG,n03000684,491,chain saw,jpeg,70,491,chain saw,0.3765498101711273,True,49597,48065,1.031873504629148,36.36307481273859,0.9919277421766882
imagenette,data/imagenette2-320/val/n03000684/n03000684_12470.JPEG,n03000684,491,chain saw,jpeg,70,491,chain saw,0.6024854779243469,True,10001,9737,1.0271130738420458,47.58849213784656,0.9937826961573538
imagenette,data/imagenette2-320/val/n03000684/n03000684_12570.JPEG,n03000684,491,chain saw,jpeg,70,491,chain saw,0.36711081862449646,True,36200,34889,1.037576313451231,42.40176016673712,0.9913732396010118
imagenette,data/imagenette2-320/val/n03000684/n03000684_12642.JPEG,n03000684,491,chain saw,jpeg,70,491,chain saw,0.3186377286911011,True,15897,15526,1.0238954012623986,45.46763049419563,0.9914469186532403
imagenette,data/imagenette2-320/val/n03000684/n03000684_12670.JPEG,n03000684,491,chain saw,jpeg,70,491,chain saw,0.4513985216617584,True,7309,7094,1.030307301945306,48.27170759562809,0.995505408521451
imagenette,data/imagenette2-320/val/n03000684/n03000684_12880.JPEG,n03000684,491,chain saw,jpeg,70,491,chain saw,0.5531519651412964,True,33563,32366,1.036983254032009,39.006690865515836,0.992387965519924
imagenette,data/imagenette2-320/val/n03000684/n03000684_1290.JPEG,n03000684,491,chain saw,jpeg,70,491,chain saw,0.5524635910987854,True,14430,13951,1.0343344563113754,45.679272148698956,0.9955279223216112
imagenette,data/imagenette2-320/val/n03000684/n03000684_1300.JPEG,n03000684,491,chain saw,jpeg,70,491,chain saw,0.26791951060295105,True,23268,22504,1.0339495200853182,44.95270092914153,0.9954465355103866
imagenette,data/imagenette2-320/val/n03000684/n03000684_13071.JPEG,n03000684,491,chain saw,jpeg,70,491,chain saw,0.23017072677612305,True,17108,16553,1.033528665498701,43.05334111894143,0.9930563667513278
imagenette,data/imagenette2-320/val/n03000684/n03000684_1310.JPEG,n03000684,491,chain saw,jpeg,70,491,chain saw,0.31876352429389954,True,25089,24259,1.0342141061049508,40.78758925761143,0.9901463155223434
imagenette,data/imagenette2-320/val/n03000684/n03000684_13182.JPEG,n03000684,491,chain saw,jpeg,70,491,chain saw,0.24560202658176422,True,35366,34235,1.0330363662918067,36.897069301349916,0.9899544296279533
imagenette,data/imagenette2-320/val/n03000684/n03000684_13270.JPEG,n03000684,491,chain saw,jpeg,70,491,chain saw,0.258175253868103,True,29978,29013,1.0332609519870404,40.60351858914917,0.988554160080752
imagenette,data/imagenette2-320/val/n03000684/n03000684_13352.JPEG,n03000684,491,chain saw,jpeg,70,491,chain saw,0.3434044420719147,True,20383,19603,1.0397898280875377,43.119226869348466,0.9919826177366587
imagenette,data/imagenette2-320/val/n03000684/n03000684_13402.JPEG,n03000684,491,chain saw,jpeg,70,491,chain saw,0.3024504482746124,True,50096,48425,1.0345069695405267,36.1052776273422,0.9921319702938103
imagenette,data/imagenette2-320/val/n03000684/n03000684_13440.JPEG,n03000684,491,chain saw,jpeg,70,491,chain saw,0.220773383975029,True,33684,32752,1.0284562774792378,40.00866492759272,0.9903759664087279
imagenette,data/imagenette2-320/val/n03000684/n03000684_13510.JPEG,n03000684,491,chain saw,jpeg,70,491,chain saw,0.34176045656204224,True,57585,55715,1.033563672260612,34.81061923749518,0.9898700925317018
imagenette,data/imagenette2-320/val/n03000684/n03000684_13511.JPEG,n03000684,491,chain saw,jpeg,70,491,chain saw,0.13794469833374023,True,38282,37035,1.0336708518968543,37.90165641574803,0.9898540129052843
imagenette,data/imagenette2-320/val/n03000684/n03000684_13541.JPEG,n03000684,491,chain saw,jpeg,70,491,chain saw,0.5426545739173889,True,22819,22069,1.033984321899497,44.880639938914854,0.9953669027018363
imagenette,data/imagenette2-320/val/n03000684/n03000684_13560.JPEG,n03000684,491,chain saw,jpeg,70,491,chain saw,0.2537826597690582,True,20670,20135,1.0265706481251553,43.11467429481173,0.9909394692992693
imagenette,data/imagenette2-320/val/n03000684/n03000684_13920.JPEG,n03000684,491,chain saw,jpeg,70,864,tow truck,0.13335271179676056,False,33706,32654,1.032216573773504,38.90228705390351,0.99187934638412
imagenette,data/imagenette2-320/val/n03000684/n03000684_13982.JPEG,n03000684,491,chain saw,jpeg,70,491,chain saw,0.2571394443511963,True,36263,35181,1.0307552372018987,38.943418409135674,0.992114695026317
imagenette,data/imagenette2-320/val/n03000684/n03000684_14022.JPEG,n03000684,491,chain saw,jpeg,70,491,chain saw,0.4961441457271576,True,49228,47835,1.0291209365527334,35.806760130443585,0.9901573293020848
imagenette,data/imagenette2-320/val/n03000684/n03000684_14060.JPEG,n03000684,491,chain saw,jpeg,70,491,chain saw,0.18750709295272827,True,52743,50941,1.0353742564928055,36.58425221523277,0.9927118752244758
imagenette,data/imagenette2-320/val/n03000684/n03000684_141.JPEG,n03000684,491,chain saw,jpeg,70,491,chain saw,0.10955284535884857,True,24371,23533,1.035609569540645,42.77591549586085,0.9938770428863571
imagenette,data/imagenette2-320/val/n03000684/n03000684_14112.JPEG,n03000684,491,chain saw,jpeg,70,491,chain saw,0.523585855960846,True,30180,29281,1.0307025033298043,40.370995571480606,0.9919579410766458
imagenette,data/imagenette2-320/val/n03000684/n03000684_14120.JPEG,n03000684,491,chain saw,jpeg,70,491,chain saw,0.049005426466464996,True,38508,37233,1.0342438159697043,40.578208513421,0.9907071333849956
imagenette,data/imagenette2-320/val/n03000684/n03000684_14132.JPEG,n03000684,491,chain saw,jpeg,70,491,chain saw,0.3746205270290375,True,24489,23534,1.0405795869805388,40.96911407349494,0.9847501264613311
imagenette,data/imagenette2-320/val/n03000684/n03000684_14171.JPEG,n03000684,491,chain saw,jpeg,70,646,maze,0.04511450231075287,False,42903,41592,1.031520484708598,36.84218190299004,0.988802342792737
imagenette,data/imagenette2-320/val/n03000684/n03000684_14351.JPEG,n03000684,491,chain saw,jpeg,70,634,lumbermill,0.04865766689181328,False,43936,42515,1.0334234975890861,36.74691170777838,0.9899975192722348
imagenette,data/imagenette2-320/val/n03000684/n03000684_14391.JPEG,n03000684,491,chain saw,jpeg,70,853,thatch,0.13474848866462708,False,42456,41022,1.0349568524206523,37.342527991731956,0.9908445347980809
imagenette,data/imagenette2-320/val/n03000684/n03000684_14502.JPEG,n03000684,491,chain saw,jpeg,70,491,chain saw,0.17340698838233948,True,33136,32085,1.0327567399096151,40.06013239123551,0.990354547818315
imagenette,data/imagenette2-320/val/n03000684/n03000684_14600.JPEG,n03000684,491,chain saw,jpeg,70,856,thresher,0.09351158142089844,False,43835,42332,1.0355050552773315,34.45744024512774,0.990638081295503
imagenette,data/imagenette2-320/val/n03000684/n03000684_14632.JPEG,n03000684,491,chain saw,jpeg,70,491,chain saw,0.28273245692253113,True,39329,37961,1.0360369853270461,39.972723858115216,0.9935009120189929
imagenette,data/imagenette2-320/val/n03000684/n03000684_14650.JPEG,n03000684,491,chain saw,jpeg,70,491,chain saw,0.6612498760223389,True,44517,43030,1.0345572856146874,35.900038667350074,0.9917141218689863
imagenette,data/imagenette2-320/val/n03000684/n03000684_14720.JPEG,n03000684,491,chain saw,jpeg,70,491,chain saw,0.6455692648887634,True,32694,31712,1.0309661957618568,40.4135123807126,0.9913472857826789
imagenette,data/imagenette2-320/val/n03000684/n03000684_14740.JPEG,n03000684,491,chain saw,jpeg,70,491,chain saw,0.7991129755973816,True,28418,27547,1.031618688060406,41.74258975315042,0.9918078132621028
imagenette,data/imagenette2-320/val/n03000684/n03000684_14761.JPEG,n03000684,491,chain saw,jpeg,70,491,chain saw,0.30665358901023865,True,34073,33049,1.0309842960452662,39.319094860633435,0.9887901277250108
imagenette,data/imagenette2-320/val/n03000684/n03000684_14882.JPEG,n03000684,491,chain saw,jpeg,70,491,chain saw,0.15017734467983246,True,37926,36490,1.0393532474650589,38.335051154666274,0.9885821730733227
imagenette,data/imagenette2-320/val/n03000684/n03000684_1490.JPEG,n03000684,491,chain saw,jpeg,70,491,chain saw,0.41000086069107056,True,21488,20820,1.0320845341018252,43.804520182500454,0.9951253682076678
imagenette,data/imagenette2-320/val/n03000684/n03000684_15040.JPEG,n03000684,491,chain saw,jpeg,70,491,chain saw,0.3844044506549835,True,15361,14884,1.0320478366030637,45.4222786314078,0.9948206865651077
imagenette,data/imagenette2-320/val/n03000684/n03000684_15071.JPEG,n03000684,491,chain saw,jpeg,70,491,chain saw,0.5652008056640625,True,36816,35261,1.0440997135645613,37.188237358405985,0.9889609203637441
imagenette,data/imagenette2-320/val/n03000684/n03000684_15181.JPEG,n03000684,491,chain saw,jpeg,70,491,chain saw,0.7569276094436646,True,46188,44319,1.0421715291410005,38.049053983190696,0.9905854628621841
imagenette,data/imagenette2-320/val/n03000684/n03000684_15202.JPEG,n03000684,491,chain saw,jpeg,70,491,chain saw,0.33575695753097534,True,56283,54269,1.0371114264128691,35.83143020826573,0.991429291922894
imagenette,data/imagenette2-320/val/n03000684/n03000684_15300.JPEG,n03000684,491,chain saw,jpeg,70,491,chain saw,0.6250239610671997,True,33513,32453,1.0326626197886173,46.37584625522286,0.9957385078902229
imagenette,data/imagenette2-320/val/n03000684/n03000684_15321.JPEG,n03000684,491,chain saw,jpeg,70,491,chain saw,0.31551238894462585,True,36305,35256,1.0297538007715,38.86619958346786,0.9906630251499102
imagenette,data/imagenette2-320/val/n03000684/n03000684_15400.JPEG,n03000684,491,chain saw,jpeg,70,491,chain saw,0.5750173926353455,True,16952,16415,1.032713981114834,40.691703812799105,0.9912566132634089
imagenette,data/imagenette2-320/val/n03000684/n03000684_1542.JPEG,n03000684,491,chain saw,jpeg,70,491,chain saw,0.14039450883865356,True,42139,40629,1.037165571389894,37.63667438523443,0.9912677117897507
imagenette,data/imagenette2-320/val/n03000684/n03000684_15441.JPEG,n03000684,491,chain saw,jpeg,70,461,breastplate,0.3029906451702118,False,19077,18582,1.0266386825960607,43.09790619078037,0.9905175584156131
imagenette,data/imagenette2-320/val/n03000684/n03000684_15470.JPEG,n03000684,491,chain saw,jpeg,70,491,chain saw,0.6150786280632019,True,12742,12336,1.0329118028534372,46.29765095146187,0.9957748726744725
imagenette,data/imagenette2-320/val/n03000684/n03000684_15521.JPEG,n03000684,491,chain saw,jpeg,70,491,chain saw,0.39435434341430664,True,40066,38872,1.030716196748302,38.017470022723536,0.9904777141164335
imagenette,data/imagenette2-320/val/n03000684/n03000684_15582.JPEG,n03000684,491,chain saw,jpeg,70,491,chain saw,0.7847472429275513,True,25226,24387,1.034403575675565,40.620869978275,0.9917059259027793
imagenette,data/imagenette2-320/val/n03000684/n03000684_15621.JPEG,n03000684,491,chain saw,jpeg,70,491,chain saw,0.22412346303462982,True,15297,14556,1.050906842539159,40.11279655442861,0.9678185769943864
imagenette,data/imagenette2-320/val/n03000684/n03000684_15690.JPEG,n03000684,491,chain saw,jpeg,70,634,lumbermill,0.2384849488735199,False,26899,26095,1.0308105000958039,41.58980101733498,0.9902354341695568
imagenette,data/imagenette2-320/val/n03000684/n03000684_15691.JPEG,n03000684,491,chain saw,jpeg,70,491,chain saw,0.3875220715999603,True,32485,31353,1.036104997926833,38.72659229572869,0.9561988254005164
imagenette,data/imagenette2-320/val/n03000684/n03000684_15731.JPEG,n03000684,491,chain saw,jpeg,70,491,chain saw,0.18484334647655487,True,25171,24074,1.0455678325164077,44.901335298284586,0.9955559254804097
imagenette,data/imagenette2-320/val/n03000684/n03000684_15932.JPEG,n03000684,491,chain saw,jpeg,70,491,chain saw,0.15484577417373657,True,18559,18055,1.0279147050678483,42.064579481652615,0.9922754633049452
imagenette,data/imagenette2-320/val/n03000684/n03000684_15950.JPEG,n03000684,491,chain saw,jpeg,70,491,chain saw,0.3670327663421631,True,15809,15309,1.032660526487687,41.5989415510098,0.9884702976975529
imagenette,data/imagenette2-320/val/n03000684/n03000684_15980.JPEG,n03000684,491,chain saw,jpeg,70,491,chain saw,0.3057664930820465,True,43464,42072,1.0330861380490588,37.84422811057063,0.9902065627950093
imagenette,data/imagenette2-320/val/n03000684/n03000684_16072.JPEG,n03000684,491,chain saw,jpeg,70,491,chain saw,0.27438050508499146,True,42996,41575,1.0341791942273,41.301405370014095,0.9923677371051446
imagenette,data/imagenette2-320/val/n03000684/n03000684_16092.JPEG,n03000684,491,chain saw,jpeg,70,491,chain saw,0.6571242213249207,True,42336,41066,1.0309258267179662,38.222961938374134,0.9917948482633446
imagenette,data/imagenette2-320/val/n03000684/n03000684_16151.JPEG,n03000684,491,chain saw,jpeg,70,491,chain saw,0.33964380621910095,True,48432,46799,1.034893907989487,36.032124901419905,0.9914135584823506
imagenette,data/imagenette2-320/val/n03000684/n03000684_16171.JPEG,n03000684,491,chain saw,jpeg,70,491,chain saw,0.4082894027233124,True,46624,45152,1.0326009922041106,37.58660327770764,0.9903140283841071
imagenette,data/imagenette2-320/val/n03000684/n03000684_16242.JPEG,n03000684,491,chain saw,jpeg,70,491,chain saw,0.13728393614292145,True,47493,45970,1.0331303023711116,36.27486794952324,0.9915932081436357
imagenette,data/imagenette2-320/val/n03000684/n03000684_16280.JPEG,n03000684,491,chain saw,jpeg,70,491,chain saw,0.22228892147541046,True,27724,26941,1.0290635091496232,41.76480103801629,0.9913967186093046
imagenette,data/imagenette2-320/val/n03000684/n03000684_16291.JPEG,n03000684,491,chain saw,jpeg,70,491,chain saw,0.28540366888046265,True,15240,14798,1.0298689012028652,47.300835577021786,0.9969624617525414
imagenette,data/imagenette2-320/val/n03000684/n03000684_16312.JPEG,n03000684,491,chain saw,jpeg,70,491,chain saw,0.10390743613243103,True,51584,49187,1.0487323886392745,33.997751497942076,0.9854524158524857
imagenette,data/imagenette2-320/val/n03000684/n03000684_16372.JPEG,n03000684,491,chain saw,jpeg,70,491,chain saw,0.2744297683238983,True,56787,54738,1.03743286199715,35.723628530390755,0.991185189667713
imagenette,data/imagenette2-320/val/n03000684/n03000684_16431.JPEG,n03000684,491,chain saw,jpeg,70,461,breastplate,0.04521955922245979,False,51553,49980,1.0314725890356142,36.76458390846194,0.9909524085105047
imagenette,data/imagenette2-320/val/n03000684/n03000684_16460.JPEG,n03000684,491,chain saw,jpeg,70,491,chain saw,0.5593460202217102,True,26570,25828,1.0287285116927365,41.37257752189592,0.9885233958809357
imagenette,data/imagenette2-320/val/n03000684/n03000684_16481.JPEG,n03000684,491,chain saw,jpeg,70,726,plane,0.12829157710075378,False,7937,8417,0.9429725555423547,50.74812448986296,0.9972667958703166
imagenette,data/imagenette2-320/val/n03000684/n03000684_16542.JPEG,n03000684,491,chain saw,jpeg,70,491,chain saw,0.07239369302988052,True,45808,43800,1.0458447488584475,35.21641263803097,0.9863798621300054
imagenette,data/imagenette2-320/val/n03000684/n03000684_16591.JPEG,n03000684,491,chain saw,jpeg,70,491,chain saw,0.5074695944786072,True,39623,38228,1.0364915768546614,40.052721170347276,0.9888448781136137
imagenette,data/imagenette2-320/val/n03000684/n03000684_16611.JPEG,n03000684,491,chain saw,jpeg,70,491,chain saw,0.8038172721862793,True,8894,8648,1.0284458834412582,48.144382379822126,0.9955413688684849
imagenette,data/imagenette2-320/val/n03000684/n03000684_16632.JPEG,n03000684,491,chain saw,jpeg,70,491,chain saw,0.28653016686439514,True,53974,52059,1.0367851860389175,34.57496115112911,0.9899017051346014
imagenette,data/imagenette2-320/val/n03000684/n03000684_16672.JPEG,n03000684,491,chain saw,jpeg,70,491,chain saw,0.5948686003684998,True,20832,20122,1.0352847629460291,44.62357070595295,0.9944574402643277
imagenette,data/imagenette2-320/val/n03000684/n03000684_16691.JPEG,n03000684,491,chain saw,jpeg,70,491,chain saw,0.269530326128006,True,40258,38718,1.039774781755256,37.111654974012325,0.9881258789949089
imagenette,data/imagenette2-320/val/n03000684/n03000684_16782.JPEG,n03000684,491,chain saw,jpeg,70,491,chain saw,0.279997318983078,True,17514,17001,1.0301746956061408,44.80968165164211,0.9909690255432996
imagenette,data/imagenette2-320/val/n03000684/n03000684_16790.JPEG,n03000684,491,chain saw,jpeg,70,491,chain saw,0.5392377376556396,True,45503,43924,1.0359484564247337,36.30243381120054,0.9920062180820612
imagenette,data/imagenette2-320/val/n03000684/n03000684_16861.JPEG,n03000684,491,chain saw,jpeg,70,491,chain saw,0.03289135918021202,True,44760,43385,1.0316929814452,37.027183294447845,0.991762942910206
imagenette,data/imagenette2-320/val/n03000684/n03000684_16872.JPEG,n03000684,491,chain saw,jpeg,70,491,chain saw,0.28569114208221436,True,55647,53811,1.03411941796287,38.06759234791536,0.9912252886127972
imagenette,data/imagenette2-320/val/n03000684/n03000684_1692.JPEG,n03000684,491,chain saw,jpeg,70,491,chain saw,0.09539412707090378,True,28416,27595,1.0297517666243885,41.004678290307695,0.9908271637451908
imagenette,data/imagenette2-320/val/n03000684/n03000684_16972.JPEG,n03000684,491,chain saw,jpeg,70,491,chain saw,0.7606936097145081,True,19847,19249,1.0310665489116317,48.31536380023464,0.994905951041846
imagenette,data/imagenette2-320/val/n03000684/n03000684_16991.JPEG,n03000684,491,chain saw,jpeg,70,491,chain saw,0.8246283531188965,True,40066,38679,1.0358592517903773,39.01867132062149,0.9907723546905823
imagenette,data/imagenette2-320/val/n03000684/n03000684_17082.JPEG,n03000684,491,chain saw,jpeg,70,491,chain saw,0.16194172203540802,True,35426,34263,1.0339433207833524,39.35926126702014,0.9908516778240392
imagenette,data/imagenette2-320/val/n03000684/n03000684_17132.JPEG,n03000684,491,chain saw,jpeg,70,634,lumbermill,0.11151810735464096,False,32531,31382,1.0366133452297495,38.448524690371386,0.9914592023579374
imagenette,data/imagenette2-320/val/n03000684/n03000684_17140.JPEG,n03000684,491,chain saw,jpeg,70,491,chain saw,0.5868092179298401,True,42966,41596,1.0329358592172324,36.674058622503104,0.9892928669340169
imagenette,data/imagenette2-320/val/n03000684/n03000684_17162.JPEG,n03000684,491,chain saw,jpeg,70,491,chain saw,0.1872844249010086,True,30620,29600,1.0344594594594594,38.762830822043036,0.9915130156363019
imagenette,data/imagenette2-320/val/n03000684/n03000684_17182.JPEG,n03000684,491,chain saw,jpeg,70,733,pole,0.12460354715585709,False,23365,22600,1.0338495575221238,40.52483797022617,0.9913621282066911
imagenette,data/imagenette2-320/val/n03000684/n03000684_17192.JPEG,n03000684,491,chain saw,jpeg,70,491,chain saw,0.8042123317718506,True,23704,22974,1.0317750500565857,47.19969902050742,0.995904481822372
imagenette,data/imagenette2-320/val/n03000684/n03000684_17200.JPEG,n03000684,491,chain saw,jpeg,70,728,plastic bag,0.05680194869637489,False,27545,26645,1.033777444173391,39.881957775096424,0.9900880604798479
imagenette,data/imagenette2-320/val/n03000684/n03000684_17250.JPEG,n03000684,491,chain saw,jpeg,70,491,chain saw,0.10078410804271698,True,26787,26030,1.0290818286592394,42.278326766569805,0.9918081169528943
imagenette,data/imagenette2-320/val/n03000684/n03000684_17261.JPEG,n03000684,491,chain saw,jpeg,70,634,lumbermill,0.2645723223686218,False,36303,34915,1.039753687526851,37.826645844754815,0.9879970393750493
imagenette,data/imagenette2-320/val/n03000684/n03000684_17272.JPEG,n03000684,491,chain saw,jpeg,70,491,chain saw,0.2537691593170166,True,56094,54217,1.0346201375952193,35.63788770492672,0.9903573814184888
imagenette,data/imagenette2-320/val/n03000684/n03000684_17281.JPEG,n03000684,491,chain saw,jpeg,70,491,chain saw,0.4612750709056854,True,52398,50664,1.034225485551871,35.62776676824687,0.9913480749342419
imagenette,data/imagenette2-320/val/n03000684/n03000684_17330.JPEG,n03000684,491,chain saw,jpeg,70,491,chain saw,0.21783135831356049,True,25049,24336,1.0292981591058514,41.80248552977727,0.9900169545759209
imagenette,data/imagenette2-320/val/n03000684/n03000684_17382.JPEG,n03000684,491,chain saw,jpeg,70,491,chain saw,0.672151505947113,True,20855,20208,1.0320170229612036,45.12529494061714,0.9930743264671319
imagenette,data/imagenette2-320/val/n03000684/n03000684_17431.JPEG,n03000684,491,chain saw,jpeg,70,491,chain saw,0.38936305046081543,True,15231,14717,1.0349255962492356,43.7937893676349,0.9956044888438303
imagenette,data/imagenette2-320/val/n03000684/n03000684_1752.JPEG,n03000684,491,chain saw,jpeg,70,491,chain saw,0.5664642453193665,True,28199,27289,1.0333467697607095,39.80486376083014,0.9876413530064343
imagenette,data/imagenette2-320/val/n03000684/n03000684_17811.JPEG,n03000684,491,chain saw,jpeg,70,491,chain saw,0.34578219056129456,True,27580,26688,1.0334232613908874,40.34493929683173,0.9878521753520147
imagenette,data/imagenette2-320/val/n03000684/n03000684_17862.JPEG,n03000684,491,chain saw,jpeg,70,491,chain saw,0.16557812690734863,True,52602,50795,1.0355743675558617,35.37460108893515,0.9923179702827568
imagenette,data/imagenette2-320/val/n03000684/n03000684_1790.JPEG,n03000684,491,chain saw,jpeg,70,491,chain saw,0.17244592308998108,True,52150,50356,1.0356263404559536,34.99624350445864,0.9917585583830338
imagenette,data/imagenette2-320/val/n03000684/n03000684_17902.JPEG,n03000684,491,chain saw,jpeg,70,491,chain saw,0.2605884075164795,True,47958,46265,1.0365935372311683,36.41512477570743,0.9908582449310667
imagenette,data/imagenette2-320/val/n03000684/n03000684_180.JPEG,n03000684,491,chain saw,jpeg,70,607,jack-o'-lantern,0.05968021601438522,False,31749,30704,1.0340346534653466,40.209860124435465,0.9905667003014154
imagenette,data/imagenette2-320/val/n03000684/n03000684_18020.JPEG,n03000684,491,chain saw,jpeg,70,491,chain saw,0.4631044864654541,True,14008,13500,1.0376296296296297,41.56658511781079,0.9940764493513227
imagenette,data/imagenette2-320/val/n03000684/n03000684_18140.JPEG,n03000684,491,chain saw,jpeg,70,491,chain saw,0.3187209367752075,True,24436,23521,1.0389014072530929,44.46757057011244,0.9942130398896012
imagenette,data/imagenette2-320/val/n03000684/n03000684_1821.JPEG,n03000684,491,chain saw,jpeg,70,491,chain saw,0.607515275478363,True,20207,19549,1.033659010691084,43.339904580620455,0.9917138836347991
imagenette,data/imagenette2-320/val/n03000684/n03000684_18242.JPEG,n03000684,491,chain saw,jpeg,70,491,chain saw,0.35375672578811646,True,17301,16816,1.0288415794481447,49.1577089523269,0.9966181610316668
imagenette,data/imagenette2-320/val/n03000684/n03000684_18321.JPEG,n03000684,491,chain saw,jpeg,70,491,chain saw,0.5420176982879639,True,14094,13639,1.0333602170247085,45.894649569793906,0.9955298075237867
imagenette,data/imagenette2-320/val/n03000684/n03000684_18502.JPEG,n03000684,491,chain saw,jpeg,70,634,lumbermill,0.11732430756092072,False,29720,28937,1.0270587828731381,40.85698386268733,0.990177236781885
imagenette,data/imagenette2-320/val/n03000684/n03000684_18521.JPEG,n03000684,491,chain saw,jpeg,70,491,chain saw,0.4485268294811249,True,6702,6519,1.0280717901518637,46.744148740443634,0.9946737272596554
imagenette,data/imagenette2-320/val/n03000684/n03000684_18590.JPEG,n03000684,491,chain saw,jpeg,70,491,chain saw,0.26612773537635803,True,8336,8149,1.0229476009326297,50.67376898292724,0.9977488518553902
imagenette,data/imagenette2-320/val/n03000684/n03000684_18591.JPEG,n03000684,491,chain saw,jpeg,70,491,chain saw,0.3957729637622833,True,7146,6933,1.030722630895716,47.94272627792186,0.9978634837326551
imagenette,data/imagenette2-320/val/n03000684/n03000684_18880.JPEG,n03000684,491,chain saw,jpeg,70,491,chain saw,0.24931484460830688,True,9553,9269,1.0306397669651526,46.96905811325905,0.9941112671446616
imagenette,data/imagenette2-320/val/n03000684/n03000684_18881.JPEG,n03000684,491,chain saw,jpeg,70,491,chain saw,0.817171037197113,True,24191,23470,1.0307200681721347,42.657306465390135,0.989796603490085
imagenette,data/imagenette2-320/val/n03000684/n03000684_19071.JPEG,n03000684,491,chain saw,jpeg,70,491,chain saw,0.29004886746406555,True,41518,40144,1.0342267835791152,37.769328104668666,0.9918325085555483
imagenette,data/imagenette2-320/val/n03000684/n03000684_19192.JPEG,n03000684,491,chain saw,jpeg,70,491,chain saw,0.2500523328781128,True,11003,10689,1.0293759940125362,49.79381757781722,0.9973104043509226
imagenette,data/imagenette2-320/val/n03000684/n03000684_19211.JPEG,n03000684,491,chain saw,jpeg,70,491,chain saw,0.47699061036109924,True,32319,31384,1.0297922508284476,40.66449359206573,0.9910954864644982
imagenette,data/imagenette2-320/val/n03000684/n03000684_19272.JPEG,n03000684,491,chain saw,jpeg,70,491,chain saw,0.27415910363197327,True,46749,45208,1.0340868872765883,36.48077006856368,0.9915310346428764
imagenette,data/imagenette2-320/val/n03000684/n03000684_19300.JPEG,n03000684,491,chain saw,jpeg,70,491,chain saw,0.47490280866622925,True,23359,22534,1.0366113428596786,42.314521751536304,0.9923088579691964
imagenette,data/imagenette2-320/val/n03000684/n03000684_19382.JPEG,n03000684,491,chain saw,jpeg,70,491,chain saw,0.6457871198654175,True,36710,35569,1.0320784953189575,39.23369281787431,0.9915647175449975
imagenette,data/imagenette2-320/val/n03000684/n03000684_19591.JPEG,n03000684,491,chain saw,jpeg,70,491,chain saw,0.324282169342041,True,19870,19249,1.0322614161774637,47.8015239231197,0.9620584786015584
imagenette,data/imagenette2-320/val/n03000684/n03000684_1960.JPEG,n03000684,491,chain saw,jpeg,70,491,chain saw,0.5500451326370239,True,12185,11841,1.0290516003715902,45.416400922289455,0.9953046643899274
imagenette,data/imagenette2-320/val/n03000684/n03000684_19650.JPEG,n03000684,491,chain saw,jpeg,70,491,chain saw,0.18323294818401337,True,30288,29385,1.0307299642674834,39.87098131907071,0.9909772998117551
imagenette,data/imagenette2-320/val/n03000684/n03000684_1970.JPEG,n03000684,491,chain saw,jpeg,70,491,chain saw,0.2854047417640686,True,14065,13557,1.0374714169801578,44.31206728117476,0.9957019545729316
imagenette,data/imagenette2-320/val/n03000684/n03000684_19720.JPEG,n03000684,491,chain saw,jpeg,70,491,chain saw,0.7824124097824097,True,17438,16888,1.0325675035528186,45.360435893945706,0.992556020885817
imagenette,data/imagenette2-320/val/n03000684/n03000684_19771.JPEG,n03000684,491,chain saw,jpeg,70,491,chain saw,0.7384002804756165,True,39299,37871,1.0377069525494442,40.9318970226683,0.9954318760329394
imagenette,data/imagenette2-320/val/n03000684/n03000684_19792.JPEG,n03000684,491,chain saw,jpeg,70,491,chain saw,0.06825940310955048,True,21745,21245,1.023534949399859,43.53870728992169,0.9898019822483922
imagenette,data/imagenette2-320/val/n03000684/n03000684_19801.JPEG,n03000684,491,chain saw,jpeg,70,491,chain saw,0.7239593863487244,True,43484,42146,1.0317467849855264,38.59768971261012,0.989987633540964
imagenette,data/imagenette2-320/val/n03000684/n03000684_19862.JPEG,n03000684,491,chain saw,jpeg,70,491,chain saw,0.32892343401908875,True,42752,41144,1.0390822477153412,37.51369772252692,0.991069013118374
imagenette,data/imagenette2-320/val/n03000684/n03000684_19890.JPEG,n03000684,491,chain saw,jpeg,70,491,chain saw,0.5973741412162781,True,10927,10612,1.029683377308707,46.496351824487014,0.9915406801822777
imagenette,data/imagenette2-320/val/n03000684/n03000684_19981.JPEG,n03000684,491,chain saw,jpeg,70,491,chain saw,0.3428952693939209,True,45578,43944,1.0371836883306025,35.664567592335324,0.9897450479155633
imagenette,data/imagenette2-320/val/n03000684/n03000684_20052.JPEG,n03000684,491,chain saw,jpeg,70,491,chain saw,0.23736020922660828,True,43782,42489,1.0304314057756125,38.02233668709663,0.9888006823116605
imagenette,data/imagenette2-320/val/n03000684/n03000684_20081.JPEG,n03000684,491,chain saw,jpeg,70,491,chain saw,0.4310957193374634,True,17183,16644,1.0323840422975246,45.08106316689375,0.9929931453659542
imagenette,data/imagenette2-320/val/n03000684/n03000684_20250.JPEG,n03000684,491,chain saw,jpeg,70,491,chain saw,0.2446243166923523,True,14704,14172,1.0375388089189952,46.04541914960058,0.9953497753339068
imagenette,data/imagenette2-320/val/n03000684/n03000684_20290.JPEG,n03000684,491,chain saw,jpeg,70,491,chain saw,0.43810951709747314,True,10569,10204,1.0357702861622893,43.79603783871215,0.995972413281863
imagenette,data/imagenette2-320/val/n03000684/n03000684_20532.JPEG,n03000684,491,chain saw,jpeg,70,491,chain saw,0.5401825308799744,True,56499,54635,1.0341173240596686,35.48842601083734,0.9905624298166905
imagenette,data/imagenette2-320/val/n03000684/n03000684_2060.JPEG,n03000684,491,chain saw,jpeg,70,491,chain saw,0.6068969368934631,True,18848,18204,1.035376840254889,46.752732306701986,0.9627801763737414
imagenette,data/imagenette2-320/val/n03000684/n03000684_20650.JPEG,n03000684,491,chain saw,jpeg,70,491,chain saw,0.3800884485244751,True,30840,29742,1.0369174904175913,40.180209425824614,0.9921725979942487
imagenette,data/imagenette2-320/val/n03000684/n03000684_20762.JPEG,n03000684,491,chain saw,jpeg,70,491,chain saw,0.7434218525886536,True,39033,37857,1.0310642681670497,38.153126757455425,0.9888180796567679
imagenette,data/imagenette2-320/val/n03000684/n03000684_2102.JPEG,n03000684,491,chain saw,jpeg,70,491,chain saw,0.4271407127380371,True,21671,21131,1.0255548719890208,42.91705066825035,0.9904133826092666
imagenette,data/imagenette2-320/val/n03000684/n03000684_21641.JPEG,n03000684,491,chain saw,jpeg,70,491,chain saw,0.5808281898498535,True,19344,18735,1.032506004803843,44.69786459478972,0.9925267927424337
imagenette,data/imagenette2-320/val/n03000684/n03000684_21831.JPEG,n03000684,491,chain saw,jpeg,70,634,lumbermill,0.2671656906604767,False,33299,32288,1.0313119425173438,39.98402856249282,0.9918824975333648
imagenette,data/imagenette2-320/val/n03000684/n03000684_2202.JPEG,n03000684,491,chain saw,jpeg,70,491,chain saw,0.15422411262989044,True,39789,38742,1.0270249341799598,38.975806778405875,0.9891421530267416
imagenette,data/imagenette2-320/val/n03000684/n03000684_2220.JPEG,n03000684,491,chain saw,jpeg,70,491,chain saw,0.39621758460998535,True,7987,8467,0.9433093185307665,49.54089913298324,0.9976831147482166
imagenette,data/imagenette2-320/val/n03000684/n03000684_2252.JPEG,n03000684,491,chain saw,jpeg,70,491,chain saw,0.24405010044574738,True,48994,47133,1.039484013323998,37.857668305629645,0.9915212552126911
imagenette,data/imagenette2-320/val/n03000684/n03000684_22892.JPEG,n03000684,491,chain saw,jpeg,70,491,chain saw,0.3400346338748932,True,27693,26908,1.0291734800059462,42.51954380240215,0.990737885665006
imagenette,data/imagenette2-320/val/n03000684/n03000684_2340.JPEG,n03000684,491,chain saw,jpeg,70,491,chain saw,0.7218360304832458,True,46675,45272,1.030990457678035,37.382288563293194,0.990484351797203
imagenette,data/imagenette2-320/val/n03000684/n03000684_2350.JPEG,n03000684,491,chain saw,jpeg,70,491,chain saw,0.5791767239570618,True,40258,38912,1.0345908717105263,37.879247973477554,0.9907409546578881
imagenette,data/imagenette2-320/val/n03000684/n03000684_23960.JPEG,n03000684,491,chain saw,jpeg,70,491,chain saw,0.695293664932251,True,10092,9804,1.02937576499388,48.136667595481526,0.9936049536896586
imagenette,data/imagenette2-320/val/n03000684/n03000684_23971.JPEG,n03000684,491,chain saw,jpeg,70,491,chain saw,0.4417884647846222,True,8542,8319,1.0268061065031855,47.90380339872844,0.996155975673911
imagenette,data/imagenette2-320/val/n03000684/n03000684_2402.JPEG,n03000684,491,chain saw,jpeg,70,491,chain saw,0.42929258942604065,True,15477,14930,1.0366376423308774,40.653268275541556,0.9876176294916057
imagenette,data/imagenette2-320/val/n03000684/n03000684_24020.JPEG,n03000684,491,chain saw,jpeg,70,491,chain saw,0.3827657699584961,True,27886,27122,1.028169014084507,41.97961841660856,0.990895413867467
imagenette,data/imagenette2-320/val/n03000684/n03000684_2421.JPEG,n03000684,491,chain saw,jpeg,70,491,chain saw,0.5540280938148499,True,43705,42420,1.0302923149457803,37.94957927779839,0.9898221360535798
imagenette,data/imagenette2-320/val/n03000684/n03000684_24332.JPEG,n03000684,491,chain saw,jpeg,70,491,chain saw,0.36954063177108765,True,21033,20376,1.032243816254417,47.13113784422261,0.9958188317477816
imagenette,data/imagenette2-320/val/n03000684/n03000684_2452.JPEG,n03000684,491,chain saw,jpeg,70,491,chain saw,0.4958747625350952,True,10141,9820,1.0326883910386966,44.36783582444265,0.9957694317958564
imagenette,data/imagenette2-320/val/n03000684/n03000684_24542.JPEG,n03000684,491,chain saw,jpeg,70,491,chain saw,0.2148260772228241,True,44145,42721,1.033332553076941,37.10877107148655,0.9906684427634943
imagenette,data/imagenette2-320/val/n03000684/n03000684_24620.JPEG,n03000684,491,chain saw,jpeg,70,491,chain saw,0.6067177057266235,True,23687,23114,1.0247901704594617,42.05595708988146,0.9907982016549074
imagenette,data/imagenette2-320/val/n03000684/n03000684_2472.JPEG,n03000684,491,chain saw,jpeg,70,491,chain saw,0.33608394861221313,True,67465,64984,1.038178628585498,33.45015419812445,0.9899743210608034
imagenette,data/imagenette2-320/val/n03000684/n03000684_24991.JPEG,n03000684,491,chain saw,jpeg,70,491,chain saw,0.572020947933197,True,50409,48047,1.0491601973068037,34.00020494130804,0.9710737977066776
imagenette,data/imagenette2-320/val/n03000684/n03000684_25302.JPEG,n03000684,491,chain saw,jpeg,70,612,jinrikisha,0.11354236304759979,False,47025,45431,1.0350861746384628,37.05235418391075,0.9916522613587876
imagenette,data/imagenette2-320/val/n03000684/n03000684_2541.JPEG,n03000684,491,chain saw,jpeg,70,491,chain saw,0.6591452360153198,True,33326,32085,1.038678510207262,36.33808411648227,0.9879818108410148
imagenette,data/imagenette2-320/val/n03000684/n03000684_25411.JPEG,n03000684,491,chain saw,jpeg,70,491,chain saw,0.29238611459732056,True,56992,54913,1.0378598874583431,34.47342432266835,0.9914911654370678
imagenette,data/imagenette2-320/val/n03000684/n03000684_2562.JPEG,n03000684,491,chain saw,jpeg,70,491,chain saw,0.31329241394996643,True,33089,32047,1.0325147439697944,40.193513071829805,0.9908756736586604
imagenette,data/imagenette2-320/val/n03000684/n03000684_25951.JPEG,n03000684,491,chain saw,jpeg,70,491,chain saw,0.130813330411911,True,50681,48957,1.0352145760565394,36.39554616337588,0.993754821275686
imagenette,data/imagenette2-320/val/n03000684/n03000684_2610.JPEG,n03000684,491,chain saw,jpeg,70,491,chain saw,0.12998922169208527,True,38004,36787,1.0330823388697095,38.88782743938038,0.9914768964395441
imagenette,data/imagenette2-320/val/n03000684/n03000684_26780.JPEG,n03000684,491,chain saw,jpeg,70,491,chain saw,0.2537476718425751,True,45778,44273,1.0339936304293813,37.233917509476015,0.9918705520403203
imagenette,data/imagenette2-320/val/n03000684/n03000684_26901.JPEG,n03000684,491,chain saw,jpeg,70,491,chain saw,0.609190821647644,True,33321,32300,1.031609907120743,42.683399354460136,0.9907461029775809
imagenette,data/imagenette2-320/val/n03000684/n03000684_272.JPEG,n03000684,491,chain saw,jpeg,70,491,chain saw,0.10800426453351974,True,32406,31249,1.0370251848059138,39.462937876594204,0.985332583997702
imagenette,data/imagenette2-320/val/n03000684/n03000684_27220.JPEG,n03000684,491,chain saw,jpeg,70,491,chain saw,0.10568641126155853,True,45962,44561,1.0314400484728798,36.86235893223726,0.9911325893225524
imagenette,data/imagenette2-320/val/n03000684/n03000684_27361.JPEG,n03000684,491,chain saw,jpeg,70,491,chain saw,0.34431201219558716,True,15334,14795,1.0364312267657994,43.87960689436747,0.9922866154395712
imagenette,data/imagenette2-320/val/n03000684/n03000684_27850.JPEG,n03000684,491,chain saw,jpeg,70,491,chain saw,0.5693877339363098,True,43893,42468,1.0335546764622774,36.902330894102334,0.9925976658445926
imagenette,data/imagenette2-320/val/n03000684/n03000684_27981.JPEG,n03000684,491,chain saw,jpeg,70,491,chain saw,0.5382229685783386,True,48405,46719,1.0360881012007963,37.996828597643834,0.9946382885851613
imagenette,data/imagenette2-320/val/n03000684/n03000684_2812.JPEG,n03000684,491,chain saw,jpeg,70,491,chain saw,0.38052797317504883,True,32967,32099,1.02704134085174,41.16191806965667,0.9913728043671903
imagenette,data/imagenette2-320/val/n03000684/n03000684_28162.JPEG,n03000684,491,chain saw,jpeg,70,491,chain saw,0.552927553653717,True,8920,8664,1.0295475530932594,46.361830879032375,0.9947005647659304
imagenette,data/imagenette2-320/val/n03000684/n03000684_2820.JPEG,n03000684,491,chain saw,jpeg,70,491,chain saw,0.403194397687912,True,36084,34870,1.0348150272440493,40.922404925768916,0.9933794149773792
imagenette,data/imagenette2-320/val/n03000684/n03000684_28702.JPEG,n03000684,491,chain saw,jpeg,70,491,chain saw,0.1284397393465042,True,30639,29542,1.0371335725407893,40.793317822134405,0.9922217012492368
imagenette,data/imagenette2-320/val/n03000684/n03000684_28711.JPEG,n03000684,491,chain saw,jpeg,70,491,chain saw,0.3000735938549042,True,23069,22243,1.0371352785145889,44.577985983085966,0.9956672138884083
imagenette,data/imagenette2-320/val/n03000684/n03000684_29062.JPEG,n03000684,491,chain saw,jpeg,70,491,chain saw,0.3278200328350067,True,45302,43606,1.0388937302206118,37.520510345239735,0.9902054777331122
imagenette,data/imagenette2-320/val/n03000684/n03000684_292.JPEG,n03000684,491,chain saw,jpeg,70,491,chain saw,0.8965204358100891,True,20885,20230,1.032377656945131,44.44484404308692,0.99201037583871
imagenette,data/imagenette2-320/val/n03000684/n03000684_2922.JPEG,n03000684,491,chain saw,jpeg,70,491,chain saw,0.3099873960018158,True,24683,23804,1.0369265669635355,41.43496862703374,0.9939740530778159
imagenette,data/imagenette2-320/val/n03000684/n03000684_29462.JPEG,n03000684,491,chain saw,jpeg,70,491,chain saw,0.6375568509101868,True,17745,17287,1.026493897148146,43.64944941741126,0.9912552883961488
imagenette,data/imagenette2-320/val/n03000684/n03000684_2960.JPEG,n03000684,491,chain saw,jpeg,70,655,miniskirt,0.14622917771339417,False,16540,15869,1.0422836977755372,41.868983236490536,0.9914430845016345
imagenette,data/imagenette2-320/val/n03000684/n03000684_2961.JPEG,n03000684,491,chain saw,jpeg,70,491,chain saw,0.21644741296768188,True,50950,49382,1.031752460410676,35.95669516268654,0.9918446895527993
imagenette,data/imagenette2-320/val/n03000684/n03000684_2972.JPEG,n03000684,491,chain saw,jpeg,70,491,chain saw,0.7596574425697327,True,37773,36769,1.0273056107046696,39.58438320078939,0.9901178324898744
imagenette,data/imagenette2-320/val/n03000684/n03000684_2980.JPEG,n03000684,491,chain saw,jpeg,70,491,chain saw,0.8745700120925903,True,27396,26542,1.0321754200889157,42.9361270152046,0.9907124824090802
imagenette,data/imagenette2-320/val/n03000684/n03000684_29900.JPEG,n03000684,491,chain saw,jpeg,70,491,chain saw,0.24235540628433228,True,44558,43152,1.0325824990730441,41.12846895892075,0.9908410094182235
imagenette,data/imagenette2-320/val/n03000684/n03000684_30092.JPEG,n03000684,491,chain saw,jpeg,70,491,chain saw,0.17955249547958374,True,33044,31805,1.0389561389718598,37.911406599929094,0.9877458598013401
imagenette,data/imagenette2-320/val/n03000684/n03000684_30141.JPEG,n03000684,491,chain saw,jpeg,70,491,chain saw,0.3479587435722351,True,26006,25260,1.029532858273951,41.786581874031924,0.9889819168008588
imagenette,data/imagenette2-320/val/n03000684/n03000684_30692.JPEG,n03000684,491,chain saw,jpeg,70,491,chain saw,0.5087052583694458,True,15468,14998,1.0313375116682224,44.64721234686171,0.9923831660304078
imagenette,data/imagenette2-320/val/n03000684/n03000684_3072.JPEG,n03000684,491,chain saw,jpeg,70,491,chain saw,0.7295719385147095,True,19621,18920,1.0370507399577167,43.091634780620545,0.9926743911413257
imagenette,data/imagenette2-320/val/n03000684/n03000684_30930.JPEG,n03000684,491,chain saw,jpeg,70,491,chain saw,0.1774279624223709,True,55068,53173,1.0356383879036353,36.38379219311366,0.9927737666224953
imagenette,data/imagenette2-320/val/n03000684/n03000684_31000.JPEG,n03000684,491,chain saw,jpeg,70,491,chain saw,0.2877507507801056,True,21858,21286,1.0268721225218453,42.42584297696736,0.9910454004225883
imagenette,data/imagenette2-320/val/n03000684/n03000684_31112.JPEG,n03000684,491,chain saw,jpeg,70,491,chain saw,0.4628939628601074,True,41104,39786,1.0331272306841603,39.16797845044019,0.9909545068115984
imagenette,data/imagenette2-320/val/n03000684/n03000684_31181.JPEG,n03000684,491,chain saw,jpeg,70,491,chain saw,0.21886980533599854,True,39326,38141,1.0310689284496999,39.37234281907892,0.9918782320729361
imagenette,data/imagenette2-320/val/n03000684/n03000684_3161.JPEG,n03000684,491,chain saw,jpeg,70,491,chain saw,0.3756598234176636,True,25415,24745,1.0270761770054557,42.18454490217952,0.9908131467156848
imagenette,data/imagenette2-320/val/n03000684/n03000684_31721.JPEG,n03000684,491,chain saw,jpeg,70,491,chain saw,0.4807876646518707,True,30905,29977,1.030957067084765,41.3912846183726,0.9904191335272489
imagenette,data/imagenette2-320/val/n03000684/n03000684_31790.JPEG,n03000684,491,chain saw,jpeg,70,491,chain saw,0.709449291229248,True,32849,31859,1.0310744216704857,43.43992268791367,0.9950128356314419
imagenette,data/imagenette2-320/val/n03000684/n03000684_31890.JPEG,n03000684,491,chain saw,jpeg,70,491,chain saw,0.410427063703537,True,34338,32962,1.0417450397427341,38.17087040415377,0.9894586367863472
imagenette,data/imagenette2-320/val/n03000684/n03000684_31930.JPEG,n03000684,491,chain saw,jpeg,70,491,chain saw,0.3959014117717743,True,7003,6833,1.024879262403044,49.67564465028638,0.9959945406603983
imagenette,data/imagenette2-320/val/n03000684/n03000684_31982.JPEG,n03000684,491,chain saw,jpeg,70,491,chain saw,0.5608242154121399,True,12455,12106,1.0288286799933917,46.7690521797977,0.9936854444630936
imagenette,data/imagenette2-320/val/n03000684/n03000684_32.JPEG,n03000684,491,chain saw,jpeg,70,491,chain saw,0.10221315175294876,True,26865,26029,1.032118022206001,41.28282904741316,0.9896646782925659
imagenette,data/imagenette2-320/val/n03000684/n03000684_32191.JPEG,n03000684,491,chain saw,jpeg,70,491,chain saw,0.2884063422679901,True,16990,16338,1.039906965356837,40.45294773054351,0.9868138239279015
imagenette,data/imagenette2-320/val/n03000684/n03000684_32301.JPEG,n03000684,491,chain saw,jpeg,70,491,chain saw,0.24274663627147675,True,42501,41183,1.0320034965883982,37.48387524805109,0.9912045203867986
imagenette,data/imagenette2-320/val/n03000684/n03000684_32320.JPEG,n03000684,491,chain saw,jpeg,70,491,chain saw,0.07846558094024658,True,34967,33953,1.0298648131240244,39.60246527202686,0.9914547308857324
imagenette,data/imagenette2-320/val/n03000684/n03000684_32351.JPEG,n03000684,491,chain saw,jpeg,70,491,chain saw,0.3836551308631897,True,29692,28748,1.0328370669263949,40.537822091021816,0.9915101474337211
imagenette,data/imagenette2-320/val/n03000684/n03000684_3271.JPEG,n03000684,491,chain saw,jpeg,70,491,chain saw,0.37820810079574585,True,43096,41712,1.0331799002685078,37.125271165005415,0.991431273004396
imagenette,data/imagenette2-320/val/n03000684/n03000684_33281.JPEG,n03000684,491,chain saw,jpeg,70,491,chain saw,0.39682844281196594,True,52623,50919,1.0334649148647852,36.23149918570754,0.9917289957945732
imagenette,data/imagenette2-320/val/n03000684/n03000684_33461.JPEG,n03000684,491,chain saw,jpeg,70,491,chain saw,0.5653173327445984,True,35098,33903,1.0352476182048787,38.871576621952684,0.9904732735782317
imagenette,data/imagenette2-320/val/n03000684/n03000684_3361.JPEG,n03000684,491,chain saw,jpeg,70,491,chain saw,0.28803354501724243,True,27648,26768,1.0328750747160789,40.012650892381465,0.9901293561170919
imagenette,data/imagenette2-320/val/n03000684/n03000684_33902.JPEG,n03000684,491,chain saw,jpeg,70,491,chain saw,0.2927834093570709,True,18572,18022,1.030518255465542,43.2287276014889,0.9749504058622246
imagenette,data/imagenette2-320/val/n03000684/n03000684_3392.JPEG,n03000684,491,chain saw,jpeg,70,491,chain saw,0.7232150435447693,True,9174,8942,1.025944978751957,48.02504348373933,0.9963337186651405
imagenette,data/imagenette2-320/val/n03000684/n03000684_340.JPEG,n03000684,491,chain saw,jpeg,70,491,chain saw,0.09972391277551651,True,42562,41195,1.0331836387911155,36.84418086690471,0.9902385207675578
imagenette,data/imagenette2-320/val/n03000684/n03000684_34011.JPEG,n03000684,491,chain saw,jpeg,70,491,chain saw,0.17895103991031647,True,29543,28818,1.0251578874314664,42.15712786250804,0.9907268730942519
imagenette,data/imagenette2-320/val/n03000684/n03000684_34132.JPEG,n03000684,491,chain saw,jpeg,70,491,chain saw,0.502608060836792,True,27118,26226,1.0340120491115687,41.58040282864083,0.9913949587196349
imagenette,data/imagenette2-320/val/n03000684/n03000684_34171.JPEG,n03000684,491,chain saw,jpeg,70,491,chain saw,0.22810614109039307,True,42252,41125,1.027404255319149,44.53955219760185,0.9929707222920575
imagenette,data/imagenette2-320/val/n03000684/n03000684_34440.JPEG,n03000684,491,chain saw,jpeg,70,491,chain saw,0.5370783805847168,True,35402,34252,1.0335746817704077,39.790641896616094,0.9900111693066558
imagenette,data/imagenette2-320/val/n03000684/n03000684_3470.JPEG,n03000684,491,chain saw,jpeg,70,491,chain saw,0.3458267152309418,True,40207,38898,1.033652115790015,38.49309433606121,0.9900609179104433
imagenette,data/imagenette2-320/val/n03000684/n03000684_34762.JPEG,n03000684,491,chain saw,jpeg,70,491,chain saw,0.5368451476097107,True,35375,34957,1.0119575478444947,36.930326315967314,0.9933498694548413
imagenette,data/imagenette2-320/val/n03000684/n03000684_3482.JPEG,n03000684,491,chain saw,jpeg,70,491,chain saw,0.43801218271255493,True,21805,21031,1.0368028148923019,40.09619563184836,0.9906432107126654
imagenette,data/imagenette2-320/val/n03000684/n03000684_34971.JPEG,n03000684,491,chain saw,jpeg,70,491,chain saw,0.3088514506816864,True,38704,37540,1.031006925945658,39.28902387234765,0.9911205496729906
imagenette,data/imagenette2-320/val/n03000684/n03000684_35140.JPEG,n03000684,491,chain saw,jpeg,70,491,chain saw,0.48810479044914246,True,36101,34985,1.0318993854509075,40.66929493673334,0.991766638762804
imagenette,data/imagenette2-320/val/n03000684/n03000684_35201.JPEG,n03000684,491,chain saw,jpeg,70,491,chain saw,0.1575435996055603,True,47682,45919,1.0383936932424487,37.680754448861535,0.9915688924582443
imagenette,data/imagenette2-320/val/n03000684/n03000684_3532.JPEG,n03000684,491,chain saw,jpeg,70,491,chain saw,0.19655033946037292,True,47194,45555,1.035978487542531,36.1891324189762,0.9908298211883206
imagenette,data/imagenette2-320/val/n03000684/n03000684_35692.JPEG,n03000684,491,chain saw,jpeg,70,491,chain saw,0.5152362585067749,True,34307,32995,1.0397636005455373,38.66671597080086,0.9883535436053884
imagenette,data/imagenette2-320/val/n03000684/n03000684_35991.JPEG,n03000684,491,chain saw,jpeg,70,491,chain saw,0.7557682394981384,True,27906,26878,1.0382468933700424,39.485517551104124,0.9853018038838824
imagenette,data/imagenette2-320/val/n03000684/n03000684_36420.JPEG,n03000684,491,chain saw,jpeg,70,491,chain saw,0.6714735627174377,True,26775,26077,1.0267668826935614,42.33092526915203,0.9905591702955615
imagenette,data/imagenette2-320/val/n03000684/n03000684_3780.JPEG,n03000684,491,chain saw,jpeg,70,491,chain saw,0.3975658714771271,True,13866,13420,1.0332339791356184,42.79846991223516,0.9770952999585055
imagenette,data/imagenette2-320/val/n03000684/n03000684_3881.JPEG,n03000684,491,chain saw,jpeg,70,491,chain saw,0.663029670715332,True,44272,42521,1.041179652407046,36.653934550619155,0.9911955383309891
imagenette,data/imagenette2-320/val/n03000684/n03000684_3952.JPEG,n03000684,491,chain saw,jpeg,70,491,chain saw,0.3056084215641022,True,19519,18955,1.029754682141915,43.48891003265929,0.9914274042160148
imagenette,data/imagenette2-320/val/n03000684/n03000684_3990.JPEG,n03000684,491,chain saw,jpeg,70,491,chain saw,0.322055846452713,True,30423,29460,1.0326883910386966,40.43710343876764,0.9909417590753793
imagenette,data/imagenette2-320/val/n03000684/n03000684_400.JPEG,n03000684,491,chain saw,jpeg,70,491,chain saw,0.6324394345283508,True,39378,37905,1.0388603086664028,36.540412564151474,0.9880767618314521
imagenette,data/imagenette2-320/val/n03000684/n03000684_4001.JPEG,n03000684,491,chain saw,jpeg,70,491,chain saw,0.44984954595565796,True,45219,43664,1.0356128618541591,38.90663329110624,0.9912004919750235
imagenette,data/imagenette2-320/val/n03000684/n03000684_4012.JPEG,n03000684,491,chain saw,jpeg,70,491,chain saw,0.31329455971717834,True,30110,29160,1.0325788751714677,38.330428837268855,0.9882244412919473
imagenette,data/imagenette2-320/val/n03000684/n03000684_4062.JPEG,n03000684,491,chain saw,jpeg,70,491,chain saw,0.4683564603328705,True,35924,34910,1.0290461185906616,38.67328056057698,0.9921726255970732
imagenette,data/imagenette2-320/val/n03000684/n03000684_4081.JPEG,n03000684,491,chain saw,jpeg,70,456,bow,0.2862664759159088,False,31041,30056,1.0327721586372105,42.02807243460018,0.9887348061355966
imagenette,data/imagenette2-320/val/n03000684/n03000684_41.JPEG,n03000684,491,chain saw,jpeg,70,491,chain saw,0.7640504240989685,True,54649,52613,1.0386976602740767,35.249682587652345,0.993061608861867
imagenette,data/imagenette2-320/val/n03000684/n03000684_410.JPEG,n03000684,491,chain saw,jpeg,70,491,chain saw,0.48339077830314636,True,22862,22025,1.0380022701475595,44.5502107877726,0.9948824614099451
imagenette,data/imagenette2-320/val/n03000684/n03000684_4210.JPEG,n03000684,491,chain saw,jpeg,70,491,chain saw,0.26586827635765076,True,13174,12834,1.0264921302789465,44.30852777995895,0.989517013632237
imagenette,data/imagenette2-320/val/n03000684/n03000684_4271.JPEG,n03000684,491,chain saw,jpeg,70,491,chain saw,0.7201115489006042,True,9777,9548,1.0239840804356934,45.91968580785906,0.9237503214923839
imagenette,data/imagenette2-320/val/n03000684/n03000684_4310.JPEG,n03000684,491,chain saw,jpeg,70,491,chain saw,0.3363807201385498,True,21922,21407,1.0240575512682768,41.74262634422655,0.9908900114048628
imagenette,data/imagenette2-320/val/n03000684/n03000684_4351.JPEG,n03000684,491,chain saw,jpeg,70,491,chain saw,0.15384404361248016,True,37588,36521,1.0292160674680322,38.41352239629343,0.9898945455507713
imagenette,data/imagenette2-320/val/n03000684/n03000684_440.JPEG,n03000684,491,chain saw,jpeg,70,491,chain saw,0.3877304494380951,True,10993,10649,1.0323035026763077,47.781200272768686,0.996876251564596
imagenette,data/imagenette2-320/val/n03000684/n03000684_4401.JPEG,n03000684,491,chain saw,jpeg,70,491,chain saw,0.2030995637178421,True,28019,27094,1.0341404000885805,40.09159615449513,0.9921982567553237
imagenette,data/imagenette2-320/val/n03000684/n03000684_441.JPEG,n03000684,491,chain saw,jpeg,70,491,chain saw,0.4178033173084259,True,31729,30397,1.0438201138270224,38.61968047801163,0.9913754041900935
imagenette,data/imagenette2-320/val/n03000684/n03000684_4472.JPEG,n03000684,491,chain saw,jpeg,70,491,chain saw,0.3078465759754181,True,32987,31802,1.0372618074334947,37.92375354301305,0.9879371015414499
imagenette,data/imagenette2-320/val/n03000684/n03000684_4631.JPEG,n03000684,491,chain saw,jpeg,70,491,chain saw,0.24745000898838043,True,35033,34024,1.029655537267811,39.347807885921455,0.9893258970912989
imagenette,data/imagenette2-320/val/n03000684/n03000684_481.JPEG,n03000684,491,chain saw,jpeg,70,491,chain saw,0.5593300461769104,True,29730,28821,1.0315395024461331,40.786780735932794,0.9907371686173745
imagenette,data/imagenette2-320/val/n03000684/n03000684_501.JPEG,n03000684,491,chain saw,jpeg,70,491,chain saw,0.7444526553153992,True,26428,25506,1.0361483572492747,41.3366240042085,0.9930859430282825
imagenette,data/imagenette2-320/val/n03000684/n03000684_502.JPEG,n03000684,491,chain saw,jpeg,70,634,lumbermill,0.2293277382850647,False,39378,38116,1.033109455346836,37.57091053798036,0.990854841994197
imagenette,data/imagenette2-320/val/n03000684/n03000684_5041.JPEG,n03000684,491,chain saw,jpeg,70,491,chain saw,0.34670209884643555,True,24165,23337,1.0354801388353259,43.871807116178374,0.9945511472815473
imagenette,data/imagenette2-320/val/n03000684/n03000684_5230.JPEG,n03000684,491,chain saw,jpeg,70,491,chain saw,0.28101348876953125,True,38856,37813,1.0275831063390897,40.066024818549494,0.9897450738122832
imagenette,data/imagenette2-320/val/n03000684/n03000684_5231.JPEG,n03000684,491,chain saw,jpeg,70,491,chain saw,0.6873319149017334,True,20305,19357,1.048974531177352,39.13590326711977,0.9571205859172002
imagenette,data/imagenette2-320/val/n03000684/n03000684_5500.JPEG,n03000684,491,chain saw,jpeg,70,491,chain saw,0.38980433344841003,True,29418,28631,1.0274876881701651,44.304013528969364,0.9917331759024987
imagenette,data/imagenette2-320/val/n03000684/n03000684_5641.JPEG,n03000684,491,chain saw,jpeg,70,491,chain saw,0.5340534448623657,True,26856,26260,1.0226961157654226,42.11037095551803,0.9896272344731271
imagenette,data/imagenette2-320/val/n03000684/n03000684_5692.JPEG,n03000684,491,chain saw,jpeg,70,491,chain saw,0.28338485956192017,True,17658,17084,1.0335986888316553,45.36468632010838,0.9952501714869642
imagenette,data/imagenette2-320/val/n03000684/n03000684_580.JPEG,n03000684,491,chain saw,jpeg,70,491,chain saw,0.5108962059020996,True,24649,23900,1.0313389121338912,43.41085861700738,0.9926241393492817
imagenette,data/imagenette2-320/val/n03000684/n03000684_5841.JPEG,n03000684,491,chain saw,jpeg,70,491,chain saw,0.6447938680648804,True,19467,18653,1.0436390929073072,44.019667292620554,0.9936518308220172
imagenette,data/imagenette2-320/val/n03000684/n03000684_590.JPEG,n03000684,491,chain saw,jpeg,70,491,chain saw,0.7724341154098511,True,24901,24128,1.0320374668435013,42.88850411355515,0.9911593559047537
imagenette,data/imagenette2-320/val/n03000684/n03000684_5910.JPEG,n03000684,491,chain saw,jpeg,70,634,lumbermill,0.08315955102443695,False,42548,41055,1.0363658506881013,37.26824648449459,0.9908871997880085
imagenette,data/imagenette2-320/val/n03000684/n03000684_5970.JPEG,n03000684,491,chain saw,jpeg,70,491,chain saw,0.42737704515457153,True,18779,18181,1.0328914801166051,40.331515894930156,0.9864861081641054
imagenette,data/imagenette2-320/val/n03000684/n03000684_5981.JPEG,n03000684,491,chain saw,jpeg,70,491,chain saw,0.6491565704345703,True,12448,12056,1.0325149303251493,47.343816180172595,0.9362164868024916
imagenette,data/imagenette2-320/val/n03000684/n03000684_6020.JPEG,n03000684,491,chain saw,jpeg,70,491,chain saw,0.33682313561439514,True,59243,56669,1.0454216591081544,38.0640015813639,0.988537041836634
imagenette,data/imagenette2-320/val/n03000684/n03000684_6021.JPEG,n03000684,491,chain saw,jpeg,70,491,chain saw,0.447424054145813,True,12670,12321,1.0283256229202176,50.22407944355236,0.9934462026259587
imagenette,data/imagenette2-320/val/n03000684/n03000684_6050.JPEG,n03000684,491,chain saw,jpeg,70,491,chain saw,0.32848963141441345,True,48915,46961,1.0416089946977278,35.671054484735926,0.986455317269432
imagenette,data/imagenette2-320/val/n03000684/n03000684_6131.JPEG,n03000684,491,chain saw,jpeg,70,461,breastplate,0.15784035623073578,False,29161,28260,1.0318825194621373,40.13751611003034,0.9897586446280634
imagenette,data/imagenette2-320/val/n03000684/n03000684_6142.JPEG,n03000684,491,chain saw,jpeg,70,491,chain saw,0.28177589178085327,True,59104,57045,1.0360943115084582,35.532747769252104,0.9914063345318939
imagenette,data/imagenette2-320/val/n03000684/n03000684_6160.JPEG,n03000684,491,chain saw,jpeg,70,491,chain saw,0.18766839802265167,True,24992,24301,1.0284350438253569,41.06391663125624,0.9878294279643823
imagenette,data/imagenette2-320/val/n03000684/n03000684_6220.JPEG,n03000684,491,chain saw,jpeg,70,491,chain saw,0.6074681878089905,True,15956,15454,1.0324834994176264,46.56050121698971,0.9923048987582552
imagenette,data/imagenette2-320/val/n03000684/n03000684_6292.JPEG,n03000684,491,chain saw,jpeg,70,491,chain saw,0.5170663595199585,True,17453,16967,1.0286438380385454,50.532670664160804,0.9971810042109098
imagenette,data/imagenette2-320/val/n03000684/n03000684_6341.JPEG,n03000684,491,chain saw,jpeg,70,491,chain saw,0.43799325823783875,True,8886,8678,1.023968656372436,46.03766105914016,0.9906906978681965
imagenette,data/imagenette2-320/val/n03000684/n03000684_6392.JPEG,n03000684,491,chain saw,jpeg,70,491,chain saw,0.10184841603040695,True,11770,11393,1.0330904941630825,43.10835388291751,0.9944686029816713
imagenette,data/imagenette2-320/val/n03000684/n03000684_6460.JPEG,n03000684,491,chain saw,jpeg,70,491,chain saw,0.7643008828163147,True,25357,24496,1.035148595689092,40.60850794613863,0.9931888559495814
imagenette,data/imagenette2-320/val/n03000684/n03000684_6471.JPEG,n03000684,491,chain saw,jpeg,70,491,chain saw,0.22018104791641235,True,23431,22691,1.0326120488299326,40.69995084559216,0.9909304707719407
imagenette,data/imagenette2-320/val/n03000684/n03000684_6552.JPEG,n03000684,491,chain saw,jpeg,70,491,chain saw,0.38411277532577515,True,17923,17391,1.0305905353343683,47.78415664514839,0.9959675622474745
imagenette,data/imagenette2-320/val/n03000684/n03000684_661.JPEG,n03000684,491,chain saw,jpeg,70,491,chain saw,0.2674248218536377,True,53238,51384,1.0360812704343765,36.155770903085276,0.9912244312758806
imagenette,data/imagenette2-320/val/n03000684/n03000684_6632.JPEG,n03000684,491,chain saw,jpeg,70,491,chain saw,0.5029785633087158,True,23368,22844,1.0229381894589389,43.03941059679657,0.9913426859309071
imagenette,data/imagenette2-320/val/n03000684/n03000684_6640.JPEG,n03000684,491,chain saw,jpeg,70,491,chain saw,0.14853958785533905,True,26284,25482,1.0314731967663449,41.2957600027032,0.9887041060756957
imagenette,data/imagenette2-320/val/n03000684/n03000684_6710.JPEG,n03000684,491,chain saw,jpeg,70,491,chain saw,0.5097357034683228,True,30169,29191,1.0335034770991058,42.9048767656786,0.9933587554731286
imagenette,data/imagenette2-320/val/n03000684/n03000684_672.JPEG,n03000684,491,chain saw,jpeg,70,491,chain saw,0.48106762766838074,True,24674,23802,1.0366355768422821,39.354926986212746,0.9916755782064447
imagenette,data/imagenette2-320/val/n03000684/n03000684_6761.JPEG,n03000684,491,chain saw,jpeg,70,491,chain saw,0.38215088844299316,True,41842,40486,1.033493059329151,37.83358578418526,0.9922377746612011
imagenette,data/imagenette2-320/val/n03000684/n03000684_6822.JPEG,n03000684,491,chain saw,jpeg,70,491,chain saw,0.35919782519340515,True,36649,35598,1.0295241305691332,39.817874226235176,0.9904016128604809
imagenette,data/imagenette2-320/val/n03000684/n03000684_6881.JPEG,n03000684,491,chain saw,jpeg,70,491,chain saw,0.09184440225362778,True,40707,39483,1.031000683838614,37.93271663134305,0.9900721978498557
imagenette,data/imagenette2-320/val/n03000684/n03000684_6992.JPEG,n03000684,491,chain saw,jpeg,70,491,chain saw,0.08843211829662323,True,29631,28744,1.0308586139716114,41.344174332460256,0.9914893613931879
imagenette,data/imagenette2-320/val/n03000684/n03000684_7012.JPEG,n03000684,491,chain saw,jpeg,70,491,chain saw,0.40846410393714905,True,17858,17255,1.0349463923500435,42.5219030971268,0.993173717551593
imagenette,data/imagenette2-320/val/n03000684/n03000684_7050.JPEG,n03000684,491,chain saw,jpeg,70,491,chain saw,0.2783152163028717,True,34156,33115,1.031435905178922,39.097483419489905,0.9914031760331233
imagenette,data/imagenette2-320/val/n03000684/n03000684_711.JPEG,n03000684,491,chain saw,jpeg,70,491,chain saw,0.7155030965805054,True,37111,35829,1.0357810711993078,40.1089867578863,0.9932429744407497
imagenette,data/imagenette2-320/val/n03000684/n03000684_7132.JPEG,n03000684,491,chain saw,jpeg,70,491,chain saw,0.4892868101596832,True,35071,34031,1.0305603714260527,39.54844084312888,0.9903404915448005
imagenette,data/imagenette2-320/val/n03000684/n03000684_7152.JPEG,n03000684,491,chain saw,jpeg,70,491,chain saw,0.2610401511192322,True,29766,28952,1.028115501519757,40.689912048864905,0.989705618064333
imagenette,data/imagenette2-320/val/n03000684/n03000684_7161.JPEG,n03000684,491,chain saw,jpeg,70,491,chain saw,0.346210777759552,True,44489,42970,1.035350244356528,36.9653065445995,0.9919745939139221
imagenette,data/imagenette2-320/val/n03000684/n03000684_7222.JPEG,n03000684,491,chain saw,jpeg,70,491,chain saw,0.8077818155288696,True,17835,17276,1.032357027089604,45.53916516859178,0.9938433137639983
imagenette,data/imagenette2-320/val/n03000684/n03000684_731.JPEG,n03000684,491,chain saw,jpeg,70,491,chain saw,0.6460558176040649,True,16005,15464,1.034984480082773,41.53655373297901,0.994063097836524
imagenette,data/imagenette2-320/val/n03000684/n03000684_7312.JPEG,n03000684,491,chain saw,jpeg,70,491,chain saw,0.4297941029071808,True,22894,22012,1.0400690532436854,40.36741249442702,0.9827415496741777
imagenette,data/imagenette2-320/val/n03000684/n03000684_7360.JPEG,n03000684,491,chain saw,jpeg,70,491,chain saw,0.5766237378120422,True,8359,8064,1.0365823412698412,42.42556803050185,0.9915696915359143
imagenette,data/imagenette2-320/val/n03000684/n03000684_7400.JPEG,n03000684,491,chain saw,jpeg,70,491,chain saw,0.4069308936595917,True,18198,17500,1.0398857142857143,39.92509053780721,0.9896910484987531
imagenette,data/imagenette2-320/val/n03000684/n03000684_7460.JPEG,n03000684,491,chain saw,jpeg,70,491,chain saw,0.3058963716030121,True,58144,55305,1.0513335141488112,34.46818434322944,0.982971444943102
imagenette,data/imagenette2-320/val/n03000684/n03000684_7620.JPEG,n03000684,491,chain saw,jpeg,70,491,chain saw,0.6940591931343079,True,34318,33061,1.038020628535132,38.22316695607889,0.98800523084945
imagenette,data/imagenette2-320/val/n03000684/n03000684_7671.JPEG,n03000684,491,chain saw,jpeg,70,491,chain saw,0.23872272670269012,True,24413,23850,1.0236058700209643,43.56508382981242,0.99042469259901
imagenette,data/imagenette2-320/val/n03000684/n03000684_7790.JPEG,n03000684,491,chain saw,jpeg,70,491,chain saw,0.6045792102813721,True,41555,40224,1.0330896976929196,38.68663316316511,0.9919145690192078
imagenette,data/imagenette2-320/val/n03000684/n03000684_7822.JPEG,n03000684,491,chain saw,jpeg,70,491,chain saw,0.3885546326637268,True,25540,24809,1.029465113466887,42.44338527081915,0.9909211282101577
imagenette,data/imagenette2-320/val/n03000684/n03000684_7881.JPEG,n03000684,491,chain saw,jpeg,70,491,chain saw,0.2203473597764969,True,14081,13593,1.0359008313102331,42.69357960739501,0.9943439480160542
imagenette,data/imagenette2-320/val/n03000684/n03000684_7920.JPEG,n03000684,491,chain saw,jpeg,70,491,chain saw,0.20601993799209595,True,12687,12307,1.030876736816446,49.9949090880369,0.9970868161231063
imagenette,data/imagenette2-320/val/n03000684/n03000684_802.JPEG,n03000684,491,chain saw,jpeg,70,491,chain saw,0.8953436613082886,True,39090,37734,1.0359357608522817,37.967954207782185,0.9905836930839437
imagenette,data/imagenette2-320/val/n03000684/n03000684_8071.JPEG,n03000684,491,chain saw,jpeg,70,491,chain saw,0.3333722651004791,True,15414,14891,1.0351218857027735,46.33085979609457,0.9935660453842438
imagenette,data/imagenette2-320/val/n03000684/n03000684_8140.JPEG,n03000684,491,chain saw,jpeg,70,491,chain saw,0.43730247020721436,True,28464,27712,1.0271362586605082,42.879584743013325,0.9910637568714283
imagenette,data/imagenette2-320/val/n03000684/n03000684_8190.JPEG,n03000684,491,chain saw,jpeg,70,491,chain saw,0.5799759030342102,True,53219,51294,1.0375287557998987,34.96306243850892,0.991262338744494
imagenette,data/imagenette2-320/val/n03000684/n03000684_82.JPEG,n03000684,491,chain saw,jpeg,70,491,chain saw,0.18964111804962158,True,38751,37584,1.031050446998723,38.68278979770278,0.9916071340488576
imagenette,data/imagenette2-320/val/n03000684/n03000684_8220.JPEG,n03000684,491,chain saw,jpeg,70,491,chain saw,0.33279550075531006,True,44443,42782,1.0388247393763732,36.51095767812854,0.9907888906486427
imagenette,data/imagenette2-320/val/n03000684/n03000684_8241.JPEG,n03000684,491,chain saw,jpeg,70,491,chain saw,0.49319368600845337,True,28413,27450,1.0350819672131149,39.97309115936933,0.9852749377435437
imagenette,data/imagenette2-320/val/n03000684/n03000684_8411.JPEG,n03000684,491,chain saw,jpeg,70,491,chain saw,0.5392179489135742,True,6714,6469,1.0378729324470553,50.320148679338445,0.997986915368398
imagenette,data/imagenette2-320/val/n03000684/n03000684_8502.JPEG,n03000684,491,chain saw,jpeg,70,491,chain saw,0.12426137179136276,True,25222,24469,1.0307736319424579,41.03599758151603,0.991215608102606
imagenette,data/imagenette2-320/val/n03000684/n03000684_851.JPEG,n03000684,491,chain saw,jpeg,70,491,chain saw,0.15700817108154297,True,18030,17551,1.0272918921998746,43.124025626130866,0.9920233673925085
imagenette,data/imagenette2-320/val/n03000684/n03000684_8522.JPEG,n03000684,491,chain saw,jpeg,70,491,chain saw,0.4338642358779907,True,47796,46061,1.0376674410021494,35.916253052995486,0.9917606527390784
imagenette,data/imagenette2-320/val/n03000684/n03000684_8560.JPEG,n03000684,491,chain saw,jpeg,70,491,chain saw,0.46351325511932373,True,44559,43006,1.0361112402920523,38.9123816439047,0.9926691126491084
imagenette,data/imagenette2-320/val/n03000684/n03000684_8580.JPEG,n03000684,491,chain saw,jpeg,70,491,chain saw,0.2681310176849365,True,19214,18585,1.033844498251278,43.00375645086186,0.9739285634728109
imagenette,data/imagenette2-320/val/n03000684/n03000684_8651.JPEG,n03000684,491,chain saw,jpeg,70,491,chain saw,0.3638959527015686,True,46897,45149,1.0387162506367804,35.85339840164576,0.9920086053388314
imagenette,data/imagenette2-320/val/n03000684/n03000684_8692.JPEG,n03000684,491,chain saw,jpeg,70,491,chain saw,0.2994968295097351,True,34615,33287,1.039895454682008,36.24351453959959,0.9900222782113585
imagenette,data/imagenette2-320/val/n03000684/n03000684_8800.JPEG,n03000684,491,chain saw,jpeg,70,830,stretcher,0.12529368698596954,False,49349,47212,1.045263915953571,36.953709254833655,0.9911723559760076
imagenette,data/imagenette2-320/val/n03000684/n03000684_882.JPEG,n03000684,491,chain saw,jpeg,70,491,chain saw,0.8087827563285828,True,20582,19896,1.0344792923200643,43.959857403324804,0.994725557603832
imagenette,data/imagenette2-320/val/n03000684/n03000684_8831.JPEG,n03000684,491,chain saw,jpeg,70,491,chain saw,0.6374782919883728,True,34816,33843,1.0287504062878587,39.36588815869237,0.9882806572104492
imagenette,data/imagenette2-320/val/n03000684/n03000684_8890.JPEG,n03000684,491,chain saw,jpeg,70,491,chain saw,0.10836328566074371,True,47220,45653,1.0343241408012618,36.29919650462423,0.992286233927001
imagenette,data/imagenette2-320/val/n03000684/n03000684_900.JPEG,n03000684,491,chain saw,jpeg,70,491,chain saw,0.8743723034858704,True,42848,41296,1.037582332429291,35.70061913160159,0.9871658743464717
imagenette,data/imagenette2-320/val/n03000684/n03000684_902.JPEG,n03000684,491,chain saw,jpeg,70,491,chain saw,0.4439491331577301,True,19723,19099,1.032671867637049,46.68016849721269,0.9966667363106153
imagenette,data/imagenette2-320/val/n03000684/n03000684_9182.JPEG,n03000684,491,chain saw,jpeg,70,491,chain saw,0.3377755284309387,True,36759,35649,1.031136918286628,38.96407898978012,0.9898338669090854
imagenette,data/imagenette2-320/val/n03000684/n03000684_9260.JPEG,n03000684,491,chain saw,jpeg,70,491,chain saw,0.30057546496391296,True,49129,47421,1.0360177980219734,36.52075696984687,0.9930867887075703
imagenette,data/imagenette2-320/val/n03000684/n03000684_931.JPEG,n03000684,491,chain saw,jpeg,70,491,chain saw,0.4008914828300476,True,23176,22313,1.0386770044368754,45.095363911389754,0.9952745559324055
imagenette,data/imagenette2-320/val/n03000684/n03000684_9311.JPEG,n03000684,491,chain saw,jpeg,70,491,chain saw,0.3189656734466553,True,33834,32844,1.0301424917793205,39.67210389651376,0.9919243640390031
imagenette,data/imagenette2-320/val/n03000684/n03000684_9390.JPEG,n03000684,491,chain saw,jpeg,70,491,chain saw,0.570344090461731,True,39310,38143,1.030595391028498,38.32515575963985,0.9901085814367141
imagenette,data/imagenette2-320/val/n03000684/n03000684_9440.JPEG,n03000684,491,chain saw,jpeg,70,491,chain saw,0.5619743466377258,True,51219,49708,1.0303975215257102,34.51899690187457,0.9895971344886804
imagenette,data/imagenette2-320/val/n03000684/n03000684_9452.JPEG,n03000684,491,chain saw,jpeg,70,491,chain saw,0.23688434064388275,True,54066,52207,1.0356082517670044,36.19904579541221,0.9916172184212343
imagenette,data/imagenette2-320/val/n03000684/n03000684_9470.JPEG,n03000684,491,chain saw,jpeg,70,491,chain saw,0.5429901480674744,True,21782,21101,1.03227335197384,44.56459918255203,0.9955267659679193
imagenette,data/imagenette2-320/val/n03000684/n03000684_9612.JPEG,n03000684,491,chain saw,jpeg,70,491,chain saw,0.3439498543739319,True,20896,20290,1.029866929521932,43.059801190205405,0.9905183517288364
imagenette,data/imagenette2-320/val/n03000684/n03000684_9741.JPEG,n03000684,491,chain saw,jpeg,70,491,chain saw,0.5918300747871399,True,19498,19076,1.0221220381631368,45.407763289298835,0.992023656608243
imagenette,data/imagenette2-320/val/n03000684/n03000684_9752.JPEG,n03000684,491,chain saw,jpeg,70,491,chain saw,0.36285722255706787,True,44517,43205,1.030366855687999,36.93661949634504,0.9902691571328077
imagenette,data/imagenette2-320/val/n03000684/n03000684_9881.JPEG,n03000684,491,chain saw,jpeg,70,491,chain saw,0.5589826107025146,True,19450,18813,1.0338595651942806,46.95851471781451,0.962649139285269
imagenette,data/imagenette2-320/val/n03000684/n03000684_9942.JPEG,n03000684,491,chain saw,jpeg,70,491,chain saw,0.20503342151641846,True,28991,28057,1.0332893752004848,40.69832021496754,0.990708460961849
imagenette,data/imagenette2-320/val/n03028079/ILSVRC2012_val_00003351.JPEG,n03028079,497,church,jpeg,70,497,church,0.09771972894668579,True,15185,15455,0.9825299255904238,42.70691889065175,0.9934467911581507
imagenette,data/imagenette2-320/val/n03028079/ILSVRC2012_val_00003682.JPEG,n03028079,497,church,jpeg,70,663,monastery,0.16617797315120697,False,31813,30224,1.0525741132874538,36.513270057017294,0.9768165885814967
imagenette,data/imagenette2-320/val/n03028079/ILSVRC2012_val_00004912.JPEG,n03028079,497,church,jpeg,70,497,church,0.18172475695610046,True,21500,20837,1.0318183999616068,41.054472244280824,0.9891496918496641
imagenette,data/imagenette2-320/val/n03028079/ILSVRC2012_val_00007400.JPEG,n03028079,497,church,jpeg,70,406,altar,0.3148959279060364,False,12932,13327,0.9703609214376829,46.444350087133266,0.9945882896877706
imagenette,data/imagenette2-320/val/n03028079/ILSVRC2012_val_00010770.JPEG,n03028079,497,church,jpeg,70,884,vault,0.2439650595188141,False,39342,37791,1.0410415178217036,36.33137896060145,0.9761540185049987
imagenette,data/imagenette2-320/val/n03028079/ILSVRC2012_val_00016542.JPEG,n03028079,497,church,jpeg,70,663,monastery,0.23007254302501678,False,24561,23922,1.026711813393529,41.82466050683095,0.992786346854741
imagenette,data/imagenette2-320/val/n03028079/ILSVRC2012_val_00016832.JPEG,n03028079,497,church,jpeg,70,497,church,0.1300170123577118,True,33534,32517,1.0312759479656795,38.044197038954344,0.991517982486133
imagenette,data/imagenette2-320/val/n03028079/ILSVRC2012_val_00019331.JPEG,n03028079,497,church,jpeg,70,663,monastery,0.34664446115493774,False,41655,40236,1.0352669251416642,36.89659861381767,0.990131467773174
imagenette,data/imagenette2-320/val/n03028079/ILSVRC2012_val_00019711.JPEG,n03028079,497,church,jpeg,70,442,bell cote,0.3923529386520386,False,22971,22274,1.0312920894316244,41.21397500027747,0.992161665466178
imagenette,data/imagenette2-320/val/n03028079/ILSVRC2012_val_00023000.JPEG,n03028079,497,church,jpeg,70,442,bell cote,0.2148609757423401,False,24928,24283,1.0265617922003047,41.51376058505974,0.9896320118763033
imagenette,data/imagenette2-320/val/n03028079/ILSVRC2012_val_00023291.JPEG,n03028079,497,church,jpeg,70,884,vault,0.5609387755393982,False,32028,31080,1.0305019305019305,40.22143749081955,0.9900518324368539
imagenette,data/imagenette2-320/val/n03028079/ILSVRC2012_val_00026451.JPEG,n03028079,497,church,jpeg,70,497,church,0.24612870812416077,True,39297,37904,1.0367507387083157,37.269444942334864,0.9909891934652437
imagenette,data/imagenette2-320/val/n03028079/ILSVRC2012_val_00028310.JPEG,n03028079,497,church,jpeg,70,483,castle,0.3733068108558655,False,30072,28879,1.0413102946777935,37.75408417585871,0.9864430286789193
imagenette,data/imagenette2-320/val/n03028079/ILSVRC2012_val_00029870.JPEG,n03028079,497,church,jpeg,70,497,church,0.19898147881031036,True,31557,30531,1.0336051881694015,40.33126840883716,0.9926933254087688
imagenette,data/imagenette2-320/val/n03028079/ILSVRC2012_val_00034021.JPEG,n03028079,497,church,jpeg,70,483,castle,0.2431420534849167,False,18682,18244,1.0240078930059198,43.93435957150638,0.9924550132962805
imagenette,data/imagenette2-320/val/n03028079/ILSVRC2012_val_00034220.JPEG,n03028079,497,church,jpeg,70,497,church,0.1952098160982132,True,39187,37928,1.0331944737397174,37.8007883678903,0.9917190702707123
imagenette,data/imagenette2-320/val/n03028079/ILSVRC2012_val_00046232.JPEG,n03028079,497,church,jpeg,70,884,vault,0.5257009267807007,False,26243,25544,1.0273645474475415,42.00654536251029,0.9916228435795919
imagenette,data/imagenette2-320/val/n03028079/ILSVRC2012_val_00046550.JPEG,n03028079,497,church,jpeg,70,497,church,0.25470659136772156,True,19981,19422,1.0287817938420347,41.07127434551608,0.9920869222690097
imagenette,data/imagenette2-320/val/n03028079/ILSVRC2012_val_00048382.JPEG,n03028079,497,church,jpeg,70,663,monastery,0.2863178849220276,False,22542,21842,1.0320483472209505,41.437596054575394,0.9715867462186306
imagenette,data/imagenette2-320/val/n03028079/n03028079_1.JPEG,n03028079,497,church,jpeg,70,497,church,0.616762101650238,True,25234,24431,1.0328680774425933,42.459427676647564,0.9880030124429044
imagenette,data/imagenette2-320/val/n03028079/n03028079_1002.JPEG,n03028079,497,church,jpeg,70,442,bell cote,0.168563574552536,False,17434,17008,1.025047036688617,42.61399513139864,0.9920761464299135
imagenette,data/imagenette2-320/val/n03028079/n03028079_10020.JPEG,n03028079,497,church,jpeg,70,663,monastery,0.18842463195323944,False,13381,13000,1.0293076923076923,42.284747019345616,0.9869483563487247
imagenette,data/imagenette2-320/val/n03028079/n03028079_10032.JPEG,n03028079,497,church,jpeg,70,497,church,0.1842433661222458,True,41688,39791,1.0476740971576488,35.45804849738489,0.9824540925776253
imagenette,data/imagenette2-320/val/n03028079/n03028079_10040.JPEG,n03028079,497,church,jpeg,70,406,altar,0.2130199670791626,False,39568,37810,1.0464956360751123,36.72933715084857,0.9822995054647116
imagenette,data/imagenette2-320/val/n03028079/n03028079_10060.JPEG,n03028079,497,church,jpeg,70,497,church,0.12458205223083496,True,47674,45768,1.041644817339626,35.23106420958136,0.9905495718489967
imagenette,data/imagenette2-320/val/n03028079/n03028079_10111.JPEG,n03028079,497,church,jpeg,70,884,vault,0.08328187465667725,False,30460,29330,1.038527105352881,38.10103748408386,0.9790279355057443
imagenette,data/imagenette2-320/val/n03028079/n03028079_10141.JPEG,n03028079,497,church,jpeg,70,970,alp,0.13621702790260315,False,13063,12849,1.0166549926064286,45.30212942652446,0.9903505576089565
imagenette,data/imagenette2-320/val/n03028079/n03028079_10191.JPEG,n03028079,497,church,jpeg,70,663,monastery,0.21347768604755402,False,54477,52159,1.044441036062808,34.42468336262887,0.9883562810231553
imagenette,data/imagenette2-320/val/n03028079/n03028079_102.JPEG,n03028079,497,church,jpeg,70,663,monastery,0.24077706038951874,False,20960,20264,1.0343466245558626,40.489361908041985,0.991076240906987
imagenette,data/imagenette2-320/val/n03028079/n03028079_10230.JPEG,n03028079,497,church,jpeg,70,497,church,0.3300198018550873,True,50494,48487,1.041392538206117,35.494043469074796,0.9886067863709407
imagenette,data/imagenette2-320/val/n03028079/n03028079_10241.JPEG,n03028079,497,church,jpeg,70,497,church,0.2507036030292511,True,21730,21113,1.0292237010372756,41.29894492458263,0.9941544561421778
imagenette,data/imagenette2-320/val/n03028079/n03028079_10410.JPEG,n03028079,497,church,jpeg,70,483,castle,0.14618155360221863,False,10441,10201,1.0235271051857662,46.04939348585412,0.9925451861226834
imagenette,data/imagenette2-320/val/n03028079/n03028079_10451.JPEG,n03028079,497,church,jpeg,70,497,church,0.16057869791984558,True,36469,34935,1.0439101187920423,37.32365663781458,0.9687010012500913
imagenette,data/imagenette2-320/val/n03028079/n03028079_10452.JPEG,n03028079,497,church,jpeg,70,497,church,0.14117304980754852,True,17111,16675,1.0261469265367316,42.92929279952869,0.9892317343321831
imagenette,data/imagenette2-320/val/n03028079/n03028079_10511.JPEG,n03028079,497,church,jpeg,70,442,bell cote,0.16970635950565338,False,30772,29719,1.0354318785961842,39.725575988034,0.9901092486392754
imagenette,data/imagenette2-320/val/n03028079/n03028079_105232.JPEG,n03028079,497,church,jpeg,70,497,church,0.1966899186372757,True,21088,20402,1.0336241544946574,40.82731405895111,0.9917983457188565
imagenette,data/imagenette2-320/val/n03028079/n03028079_10590.JPEG,n03028079,497,church,jpeg,70,497,church,0.39571893215179443,True,19408,18878,1.028075007945757,41.50619514586793,0.9909232609224281
imagenette,data/imagenette2-320/val/n03028079/n03028079_10611.JPEG,n03028079,497,church,jpeg,70,663,monastery,0.19600577652454376,False,28196,27274,1.0338050890958421,38.40615201603804,0.9845569755891556
imagenette,data/imagenette2-320/val/n03028079/n03028079_10631.JPEG,n03028079,497,church,jpeg,70,497,church,0.3693097233772278,True,31522,30407,1.0366691880159173,39.08102348614231,0.9903011877250986
imagenette,data/imagenette2-320/val/n03028079/n03028079_108321.JPEG,n03028079,497,church,jpeg,70,497,church,0.2639918625354767,True,49352,46918,1.051877744149367,33.78067617075597,0.9846307448796471
imagenette,data/imagenette2-320/val/n03028079/n03028079_1090.JPEG,n03028079,497,church,jpeg,70,442,bell cote,0.26666495203971863,False,25971,25134,1.0333015039388875,39.0818137908937,0.9907329494164242
imagenette,data/imagenette2-320/val/n03028079/n03028079_1091.JPEG,n03028079,497,church,jpeg,70,497,church,0.3564574420452118,True,14754,14304,1.0314597315436242,42.873993387648845,0.9916732653463797
imagenette,data/imagenette2-320/val/n03028079/n03028079_1102.JPEG,n03028079,497,church,jpeg,70,497,church,0.4373995065689087,True,20640,19897,1.0373423129114943,41.14184274441605,0.9883029117713571
imagenette,data/imagenette2-320/val/n03028079/n03028079_110420.JPEG,n03028079,497,church,jpeg,70,663,monastery,0.1811017394065857,False,21133,20447,1.03355015405683,39.49092108545808,0.956562171557647
imagenette,data/imagenette2-320/val/n03028079/n03028079_11111.JPEG,n03028079,497,church,jpeg,70,497,church,0.36021098494529724,True,41732,40030,1.0425181114164377,35.08148130346691,0.9809650577007313
imagenette,data/imagenette2-320/val/n03028079/n03028079_11250.JPEG,n03028079,497,church,jpeg,70,497,church,0.34109053015708923,True,12789,12401,1.0312877993710186,43.13235442450043,0.9858094048813308
imagenette,data/imagenette2-320/val/n03028079/n03028079_112802.JPEG,n03028079,497,church,jpeg,70,497,church,0.42480817437171936,True,31423,30519,1.0296208919034044,38.80283039197957,0.9916972241571597
imagenette,data/imagenette2-320/val/n03028079/n03028079_113001.JPEG,n03028079,497,church,jpeg,70,884,vault,0.3340482711791992,False,23219,22564,1.029028541038823,42.545305836042395,0.9916237841765109
imagenette,data/imagenette2-320/val/n03028079/n03028079_11401.JPEG,n03028079,497,church,jpeg,70,663,monastery,0.24571149051189423,False,47050,45434,1.0355680767707003,36.20639268846119,0.9897185830293367
imagenette,data/imagenette2-320/val/n03028079/n03028079_11591.JPEG,n03028079,497,church,jpeg,70,497,church,0.23906725645065308,True,26905,26095,1.0310404292009963,39.6945028802157,0.9905245269665114
imagenette,data/imagenette2-320/val/n03028079/n03028079_116072.JPEG,n03028079,497,church,jpeg,70,497,church,0.4415140151977539,True,26466,26679,0.9920161925109637,41.52091546324101,0.9929822516613278
imagenette,data/imagenette2-320/val/n03028079/n03028079_12061.JPEG,n03028079,497,church,jpeg,70,497,church,0.4222424626350403,True,43796,42399,1.0329488903040167,36.84875960702553,0.9907623745536581
imagenette,data/imagenette2-320/val/n03028079/n03028079_12090.JPEG,n03028079,497,church,jpeg,70,497,church,0.2522105574607849,True,30366,29416,1.0322953494696763,38.69939625145504,0.9908317431518207
imagenette,data/imagenette2-320/val/n03028079/n03028079_122592.JPEG,n03028079,497,church,jpeg,70,977,sandbar,0.06837473809719086,False,15452,15008,1.0295842217484008,43.01038079016224,0.9827436584602941
imagenette,data/imagenette2-320/val/n03028079/n03028079_12330.JPEG,n03028079,497,church,jpeg,70,663,monastery,0.6172595024108887,False,30138,29253,1.030253307353092,40.41016181255678,0.9916794290588727
imagenette,data/imagenette2-320/val/n03028079/n03028079_12681.JPEG,n03028079,497,church,jpeg,70,442,bell cote,0.23071949183940887,False,16494,16009,1.0302954588044224,41.657625953488655,0.9923755916626562
imagenette,data/imagenette2-320/val/n03028079/n03028079_12732.JPEG,n03028079,497,church,jpeg,70,497,church,0.13780786097049713,True,26119,25283,1.0330656963176839,41.498230808636464,0.9924256426770399
imagenette,data/imagenette2-320/val/n03028079/n03028079_12802.JPEG,n03028079,497,church,jpeg,70,497,church,0.6298617124557495,True,35335,35336,0.9999717002490378,39.807916828124256,0.9943321637017831
imagenette,data/imagenette2-320/val/n03028079/n03028079_12812.JPEG,n03028079,497,church,jpeg,70,668,mosque,0.12332203984260559,False,13114,12583,1.04219979337201,41.20690729405237,0.9856213526897409
imagenette,data/imagenette2-320/val/n03028079/n03028079_13002.JPEG,n03028079,497,church,jpeg,70,497,church,0.26517510414123535,True,19110,18551,1.0301331464611072,40.9215309436216,0.9920738989382195
imagenette,data/imagenette2-320/val/n03028079/n03028079_13021.JPEG,n03028079,497,church,jpeg,70,442,bell cote,0.3964730203151703,False,31703,30711,1.0323011298883136,39.083150668761746,0.9923930638531558
imagenette,data/imagenette2-320/val/n03028079/n03028079_13251.JPEG,n03028079,497,church,jpeg,70,497,church,0.4210464656352997,True,16905,16326,1.0354649026093348,41.961161459374836,0.9640568562472928
imagenette,data/imagenette2-320/val/n03028079/n03028079_13311.JPEG,n03028079,497,church,jpeg,70,497,church,0.16342893242835999,True,9726,10354,0.9393471122271586,49.209637028828226,0.9959188263373666
imagenette,data/imagenette2-320/val/n03028079/n03028079_1332.JPEG,n03028079,497,church,jpeg,70,442,bell cote,0.24132390320301056,False,30778,29768,1.0339290513302875,38.86526632848301,0.9868952838453132
imagenette,data/imagenette2-320/val/n03028079/n03028079_13331.JPEG,n03028079,497,church,jpeg,70,406,altar,0.18638338148593903,False,20558,19979,1.0289804294509235,43.69419946462121,0.9912011946570427
imagenette,data/imagenette2-320/val/n03028079/n03028079_1350.JPEG,n03028079,497,church,jpeg,70,406,altar,0.32718926668167114,False,36487,35276,1.034329289035038,38.03416732614494,0.9917274651886375
imagenette,data/imagenette2-320/val/n03028079/n03028079_13530.JPEG,n03028079,497,church,jpeg,70,663,monastery,0.4328954815864563,False,29754,28704,1.0365802675585285,39.260270948776096,0.9894889299180029
imagenette,data/imagenette2-320/val/n03028079/n03028079_13542.JPEG,n03028079,497,church,jpeg,70,497,church,0.2242516577243805,True,26340,25572,1.0300328484279682,38.272046390565045,0.9909021181186591
imagenette,data/imagenette2-320/val/n03028079/n03028079_13580.JPEG,n03028079,497,church,jpeg,70,497,church,0.25215858221054077,True,27352,26564,1.0296642071977111,39.683135828966904,0.990664707357554
imagenette,data/imagenette2-320/val/n03028079/n03028079_13601.JPEG,n03028079,497,church,jpeg,70,442,bell cote,0.3342336416244507,False,31053,30050,1.0333777038269552,39.44292576780744,0.987291343739606
imagenette,data/imagenette2-320/val/n03028079/n03028079_1372.JPEG,n03028079,497,church,jpeg,70,497,church,0.31764623522758484,True,31959,31000,1.0309354838709677,39.17516969041253,0.9891905335015482
imagenette,data/imagenette2-320/val/n03028079/n03028079_13721.JPEG,n03028079,497,church,jpeg,70,442,bell cote,0.21773438155651093,False,20828,20311,1.0254541873861454,42.13192124615321,0.9922917439351578
imagenette,data/imagenette2-320/val/n03028079/n03028079_1381.JPEG,n03028079,497,church,jpeg,70,497,church,0.1865708827972412,True,28111,27158,1.0350909492598865,40.11304548967446,0.9866794578757091
imagenette,data/imagenette2-320/val/n03028079/n03028079_13952.JPEG,n03028079,497,church,jpeg,70,497,church,0.3977573812007904,True,35107,33952,1.0340186145146089,38.967618799410644,0.9849381155397504
imagenette,data/imagenette2-320/val/n03028079/n03028079_13981.JPEG,n03028079,497,church,jpeg,70,442,bell cote,0.16507862508296967,False,28700,27776,1.033266129032258,38.826335618620675,0.9905478404573719
imagenette,data/imagenette2-320/val/n03028079/n03028079_14010.JPEG,n03028079,497,church,jpeg,70,497,church,0.5343440771102905,True,21167,20502,1.0324358599161056,40.13898432267668,0.9925842312466192
imagenette,data/imagenette2-320/val/n03028079/n03028079_14021.JPEG,n03028079,497,church,jpeg,70,497,church,0.31819579005241394,True,27095,26287,1.0307376269638986,39.303228601619864,0.992465311432709
imagenette,data/imagenette2-320/val/n03028079/n03028079_14181.JPEG,n03028079,497,church,jpeg,70,406,altar,0.18638946115970612,False,43872,42327,1.0365015238500248,37.76469256219511,0.9889346023148066
imagenette,data/imagenette2-320/val/n03028079/n03028079_14192.JPEG,n03028079,497,church,jpeg,70,884,vault,0.24805602431297302,False,27806,27039,1.0283664336698843,42.136857929464526,0.9926999833986647
imagenette,data/imagenette2-320/val/n03028079/n03028079_14210.JPEG,n03028079,497,church,jpeg,70,497,church,0.41105812788009644,True,35268,34040,1.036075205640423,38.53989469717072,0.9841715244942026
imagenette,data/imagenette2-320/val/n03028079/n03028079_14310.JPEG,n03028079,497,church,jpeg,70,663,monastery,0.3077331781387329,False,18663,17719,1.053276144251933,37.76930789108364,0.9810949303365928
imagenette,data/imagenette2-320/val/n03028079/n03028079_14371.JPEG,n03028079,497,church,jpeg,70,858,tile roof,0.10365825146436691,False,27686,26561,1.0423553330070403,37.46500504316414,0.9833858941913155
imagenette,data/imagenette2-320/val/n03028079/n03028079_14382.JPEG,n03028079,497,church,jpeg,70,497,church,0.6075254082679749,True,11049,10707,1.0319417203698515,43.17028757031994,0.9310150573324765
imagenette,data/imagenette2-320/val/n03028079/n03028079_14492.JPEG,n03028079,497,church,jpeg,70,497,church,0.19743239879608154,True,40186,38916,1.0326343920238463,37.87183412713576,0.9937768153334727
imagenette,data/imagenette2-320/val/n03028079/n03028079_14582.JPEG,n03028079,497,church,jpeg,70,442,bell cote,0.062359850853681564,False,28172,27381,1.0288886454110515,41.19434541926794,0.9825157618642638
imagenette,data/imagenette2-320/val/n03028079/n03028079_14600.JPEG,n03028079,497,church,jpeg,70,497,church,0.4715288579463959,True,24176,23119,1.045719970586963,38.434298582513655,0.9808119815931174
imagenette,data/imagenette2-320/val/n03028079/n03028079_14621.JPEG,n03028079,497,church,jpeg,70,497,church,0.4859767556190491,True,35750,34526,1.0354515437641199,36.710920132021364,0.991343242759856
imagenette,data/imagenette2-320/val/n03028079/n03028079_14770.JPEG,n03028079,497,church,jpeg,70,442,bell cote,0.2649703621864319,False,27882,26993,1.0329344644907938,39.81373900126355,0.9919228587908124
imagenette,data/imagenette2-320/val/n03028079/n03028079_14860.JPEG,n03028079,497,church,jpeg,70,663,monastery,0.07964508980512619,False,29230,28358,1.0307497002609494,40.768627704431104,0.9902505690603268
imagenette,data/imagenette2-320/val/n03028079/n03028079_14900.JPEG,n03028079,497,church,jpeg,70,681,notebook,0.10073863714933395,False,25542,24626,1.0371964590270446,38.94308806382385,0.9842672522066441
imagenette,data/imagenette2-320/val/n03028079/n03028079_14910.JPEG,n03028079,497,church,jpeg,70,884,vault,0.3885478079319,False,40620,39155,1.0374154003320137,37.61831245760851,0.9911366347856413
imagenette,data/imagenette2-320/val/n03028079/n03028079_14920.JPEG,n03028079,497,church,jpeg,70,663,monastery,0.1763542741537094,False,8434,8254,1.0218076084322754,46.32304172819582,0.9938698311199917
imagenette,data/imagenette2-320/val/n03028079/n03028079_14992.JPEG,n03028079,497,church,jpeg,70,663,monastery,0.16533653438091278,False,27181,26420,1.0288039364118093,39.801845785869126,0.990670695389484
imagenette,data/imagenette2-320/val/n03028079/n03028079_15002.JPEG,n03028079,497,church,jpeg,70,497,church,0.6223086714744568,True,32669,31524,1.036321532800406,39.19920968185589,0.9821586608542501
imagenette,data/imagenette2-320/val/n03028079/n03028079_1501.JPEG,n03028079,497,church,jpeg,70,497,church,0.23854370415210724,True,35007,33896,1.0327767288175596,38.53238111293975,0.9920875138042943
imagenette,data/imagenette2-320/val/n03028079/n03028079_1502.JPEG,n03028079,497,church,jpeg,70,442,bell cote,0.31580352783203125,False,34300,33077,1.0369743326178311,38.868567146161325,0.9931499433024946
imagenette,data/imagenette2-320/val/n03028079/n03028079_15081.JPEG,n03028079,497,church,jpeg,70,442,bell cote,0.20665211975574493,False,15361,14944,1.0279041755888652,44.66262030959997,0.9909723609142707
imagenette,data/imagenette2-320/val/n03028079/n03028079_151.JPEG,n03028079,497,church,jpeg,70,497,church,0.25972139835357666,True,45932,44501,1.0321565807509943,35.915564978494096,0.9916018573707882
imagenette,data/imagenette2-320/val/n03028079/n03028079_15102.JPEG,n03028079,497,church,jpeg,70,497,church,0.3642854690551758,True,28113,27375,1.026958904109589,40.48705304955301,0.9878732888201244
imagenette,data/imagenette2-320/val/n03028079/n03028079_15111.JPEG,n03028079,497,church,jpeg,70,497,church,0.5405562520027161,True,15843,15336,1.033059467918623,41.99317340568231,0.970197036454711
imagenette,data/imagenette2-320/val/n03028079/n03028079_15240.JPEG,n03028079,497,church,jpeg,70,497,church,0.2928186058998108,True,30422,29438,1.033426183844011,39.17405854696918,0.9891092490819995
imagenette,data/imagenette2-320/val/n03028079/n03028079_15262.JPEG,n03028079,497,church,jpeg,70,497,church,0.29511773586273193,True,20133,19514,1.0317208158245363,40.967122679576555,0.9874120784600074
imagenette,data/imagenette2-320/val/n03028079/n03028079_15370.JPEG,n03028079,497,church,jpeg,70,663,monastery,0.19992764294147491,False,24180,23518,1.0281486520962666,41.73652463903072,0.9897188596193343
imagenette,data/imagenette2-320/val/n03028079/n03028079_15381.JPEG,n03028079,497,church,jpeg,70,884,vault,0.23084448277950287,False,23924,24016,0.9961692205196535,43.91790010374187,0.9944645105287203
imagenette,data/imagenette2-320/val/n03028079/n03028079_15392.JPEG,n03028079,497,church,jpeg,70,442,bell cote,0.13077186048030853,False,19107,18556,1.0296938995473162,43.626597330831665,0.9903880464174394
imagenette,data/imagenette2-320/val/n03028079/n03028079_15461.JPEG,n03028079,497,church,jpeg,70,497,church,0.20052388310432434,True,32441,31349,1.034833647006284,39.26912685202276,0.9911578896346853
imagenette,data/imagenette2-320/val/n03028079/n03028079_15602.JPEG,n03028079,497,church,jpeg,70,884,vault,0.13998781144618988,False,29022,28000,1.0365,40.031737170004945,0.9908381885838362
imagenette,data/imagenette2-320/val/n03028079/n03028079_15930.JPEG,n03028079,497,church,jpeg,70,406,altar,0.26517781615257263,False,46677,45100,1.0349667405764966,37.81212619734438,0.9906809329774142
imagenette,data/imagenette2-320/val/n03028079/n03028079_15961.JPEG,n03028079,497,church,jpeg,70,497,church,0.15182673931121826,True,40363,39044,1.0337823993443296,38.76188332772331,0.9907450908575907
imagenette,data/imagenette2-320/val/n03028079/n03028079_16080.JPEG,n03028079,497,church,jpeg,70,497,church,0.22902613878250122,True,37761,36587,1.0320879000737968,38.910328458075234,0.9923774981274128
imagenette,data/imagenette2-320/val/n03028079/n03028079_16111.JPEG,n03028079,497,church,jpeg,70,497,church,0.20498988032341003,True,26893,26151,1.0283736759588544,42.69118555754305,0.9898334834891213
imagenette,data/imagenette2-320/val/n03028079/n03028079_16361.JPEG,n03028079,497,church,jpeg,70,663,monastery,0.45509445667266846,False,30969,29662,1.0440631110511767,35.4349082805481,0.9608756561269275
imagenette,data/imagenette2-320/val/n03028079/n03028079_16501.JPEG,n03028079,497,church,jpeg,70,698,palace,0.18511955440044403,False,45069,43443,1.0374283543954146,36.16891102768753,0.989747725542165
imagenette,data/imagenette2-320/val/n03028079/n03028079_16660.JPEG,n03028079,497,church,jpeg,70,663,monastery,0.4444161057472229,False,21283,20627,1.031802976681049,40.654236909925615,0.9914485896156631
imagenette,data/imagenette2-320/val/n03028079/n03028079_16731.JPEG,n03028079,497,church,jpeg,70,497,church,0.7650066614151001,True,25045,24318,1.0298955506209393,40.05683629401883,0.9928198330611234
imagenette,data/imagenette2-320/val/n03028079/n03028079_16811.JPEG,n03028079,497,church,jpeg,70,497,church,0.19418789446353912,True,26362,25539,1.0322252241669603,40.69862893937773,0.9914538773139334
imagenette,data/imagenette2-320/val/n03028079/n03028079_16820.JPEG,n03028079,497,church,jpeg,70,497,church,0.20032855868339539,True,20386,19760,1.0316801619433198,42.56383262302221,0.989070880458803
imagenette,data/imagenette2-320/val/n03028079/n03028079_16960.JPEG,n03028079,497,church,jpeg,70,497,church,0.19753064215183258,True,17013,16538,1.0287217317692587,43.2847509996096,0.9841929546669789
imagenette,data/imagenette2-320/val/n03028079/n03028079_17171.JPEG,n03028079,497,church,jpeg,70,663,monastery,0.16983412206172943,False,19878,19386,1.0253791395852678,45.143430238767735,0.9929330219745349
imagenette,data/imagenette2-320/val/n03028079/n03028079_17280.JPEG,n03028079,497,church,jpeg,70,497,church,0.20183983445167542,True,30548,29396,1.0391890053068444,38.406554305162686,0.9919456683066527
imagenette,data/imagenette2-320/val/n03028079/n03028079_17302.JPEG,n03028079,497,church,jpeg,70,406,altar,0.2814253866672516,False,50422,48638,1.0366791397672601,35.83998219284739,0.9927384783035974
imagenette,data/imagenette2-320/val/n03028079/n03028079_17351.JPEG,n03028079,497,church,jpeg,70,884,vault,0.24055331945419312,False,46788,44977,1.0402650243457767,36.16550684812528,0.9910398921831572
imagenette,data/imagenette2-320/val/n03028079/n03028079_17432.JPEG,n03028079,497,church,jpeg,70,497,church,0.16418176889419556,True,27933,27092,1.0310423741325854,38.76139362873225,0.9902596299019336
imagenette,data/imagenette2-320/val/n03028079/n03028079_17461.JPEG,n03028079,497,church,jpeg,70,406,altar,0.12631294131278992,False,40195,38499,1.0440530922881113,36.43220066205999,0.9875575513830409
imagenette,data/imagenette2-320/val/n03028079/n03028079_17551.JPEG,n03028079,497,church,jpeg,70,497,church,0.18571026623249054,True,36730,35093,1.046647479554327,36.218884847806564,0.9869352242434322
imagenette,data/imagenette2-320/val/n03028079/n03028079_17561.JPEG,n03028079,497,church,jpeg,70,442,bell cote,0.3747038245201111,False,29241,28266,1.03449373805986,39.93853355592121,0.9906000171148341
imagenette,data/imagenette2-320/val/n03028079/n03028079_17690.JPEG,n03028079,497,church,jpeg,70,442,bell cote,0.2912534475326538,False,23623,22853,1.0336936069662626,37.765471675729955,0.9882905139717516
imagenette,data/imagenette2-320/val/n03028079/n03028079_17831.JPEG,n03028079,497,church,jpeg,70,497,church,0.23681823909282684,True,24825,24068,1.031452551105202,41.3345745158571,0.9860476645469262
imagenette,data/imagenette2-320/val/n03028079/n03028079_17862.JPEG,n03028079,497,church,jpeg,70,497,church,0.4501669406890869,True,35966,35015,1.027159788662002,39.70049988422168,0.9881076184167745
imagenette,data/imagenette2-320/val/n03028079/n03028079_17922.JPEG,n03028079,497,church,jpeg,70,497,church,0.27348417043685913,True,35384,33308,1.0623273688002883,34.533077774750744,0.9798183004285423
imagenette,data/imagenette2-320/val/n03028079/n03028079_18371.JPEG,n03028079,497,church,jpeg,70,497,church,0.22878298163414001,True,23604,22864,1.0323652904128762,41.666902508126995,0.9920337368319553
imagenette,data/imagenette2-320/val/n03028079/n03028079_1870.JPEG,n03028079,497,church,jpeg,70,497,church,0.30920082330703735,True,21751,21214,1.0253134722353163,43.000735486593946,0.9911012565855501
imagenette,data/imagenette2-320/val/n03028079/n03028079_1881.JPEG,n03028079,497,church,jpeg,70,663,monastery,0.11886277049779892,False,34537,33418,1.033484948231492,38.280499863834336,0.9898785777041971
imagenette,data/imagenette2-320/val/n03028079/n03028079_19002.JPEG,n03028079,497,church,jpeg,70,497,church,0.2570126950740814,True,24721,23831,1.0373463136251102,41.47094800626195,0.9856614366789983
imagenette,data/imagenette2-320/val/n03028079/n03028079_19192.JPEG,n03028079,497,church,jpeg,70,442,bell cote,0.1995767205953598,False,21110,20442,1.0326778201741513,42.73089435056554,0.9913878616524827
imagenette,data/imagenette2-320/val/n03028079/n03028079_1922.JPEG,n03028079,497,church,jpeg,70,497,church,0.33208903670310974,True,20383,19739,1.0326257662495568,41.04343115108335,0.989842061320656
imagenette,data/imagenette2-320/val/n03028079/n03028079_19501.JPEG,n03028079,497,church,jpeg,70,497,church,0.14125758409500122,True,28388,27529,1.031203458171383,40.79063871887325,0.9932564346996927
imagenette,data/imagenette2-320/val/n03028079/n03028079_20012.JPEG,n03028079,497,church,jpeg,70,497,church,0.3687248229980469,True,30188,29361,1.0281666155784885,40.43617401057061,0.9906533267687191
imagenette,data/imagenette2-320/val/n03028079/n03028079_20210.JPEG,n03028079,497,church,jpeg,70,497,church,0.3992764353752136,True,21030,20363,1.032755487894711,42.04475499150777,0.9897325889557242
imagenette,data/imagenette2-320/val/n03028079/n03028079_20232.JPEG,n03028079,497,church,jpeg,70,698,palace,0.17486096918582916,False,25204,24417,1.032231641888848,41.033315841004054,0.9915439936351009
imagenette,data/imagenette2-320/val/n03028079/n03028079_20312.JPEG,n03028079,497,church,jpeg,70,663,monastery,0.315714031457901,False,28981,28060,1.0328225231646473,41.23927283432002,0.9905926990937949
imagenette,data/imagenette2-320/val/n03028079/n03028079_2060.JPEG,n03028079,497,church,jpeg,70,497,church,0.29611364006996155,True,41612,40179,1.0356653973468728,36.93737315073156,0.9887819549217052
imagenette,data/imagenette2-320/val/n03028079/n03028079_20670.JPEG,n03028079,497,church,jpeg,70,497,church,0.20384474098682404,True,31058,29753,1.043861123248076,36.638255501324856,0.984218823568189
imagenette,data/imagenette2-320/val/n03028079/n03028079_20910.JPEG,n03028079,497,church,jpeg,70,497,church,0.22413145005702972,True,41050,39241,1.0460997426161414,35.80636068922671,0.9880207748156113
imagenette,data/imagenette2-320/val/n03028079/n03028079_21591.JPEG,n03028079,497,church,jpeg,70,497,church,0.46799784898757935,True,23714,22900,1.0355458515283842,40.97844910139334,0.9605941042972512
imagenette,data/imagenette2-320/val/n03028079/n03028079_21762.JPEG,n03028079,497,church,jpeg,70,698,palace,0.09579339623451233,False,22038,21369,1.0313070335532781,41.28332516356696,0.9937573229640487
imagenette,data/imagenette2-320/val/n03028079/n03028079_22390.JPEG,n03028079,497,church,jpeg,70,497,church,0.380543053150177,True,35035,33862,1.0346406000826887,37.01727168570802,0.9887717089069907
imagenette,data/imagenette2-320/val/n03028079/n03028079_22500.JPEG,n03028079,497,church,jpeg,70,483,castle,0.08522626757621765,False,18407,17886,1.029128927652913,43.93555177365783,0.9917565738240226
imagenette,data/imagenette2-320/val/n03028079/n03028079_2321.JPEG,n03028079,497,church,jpeg,70,497,church,0.14356137812137604,True,34650,33692,1.028434049626024,38.94033837019606,0.990746982689557
imagenette,data/imagenette2-320/val/n03028079/n03028079_23280.JPEG,n03028079,497,church,jpeg,70,497,church,0.3117119073867798,True,20416,19850,1.0285138539042822,46.21317850451221,0.9928153595390127
imagenette,data/imagenette2-320/val/n03028079/n03028079_2342.JPEG,n03028079,497,church,jpeg,70,497,church,0.17704588174819946,True,30888,30905,0.9994499271962466,39.90446074117057,0.9920189827774738
imagenette,data/imagenette2-320/val/n03028079/n03028079_23510.JPEG,n03028079,497,church,jpeg,70,497,church,0.6686163544654846,True,22269,22568,0.9867511520737328,41.392731656862765,0.9763452870479266
imagenette,data/imagenette2-320/val/n03028079/n03028079_23521.JPEG,n03028079,497,church,jpeg,70,663,monastery,0.23563280701637268,False,23257,22505,1.0334147967118419,39.03768927422825,0.9900661500352168
imagenette,data/imagenette2-320/val/n03028079/n03028079_2382.JPEG,n03028079,497,church,jpeg,70,497,church,0.348152220249176,True,33321,32212,1.03442816341736,39.07001869893681,0.9927518731967968
imagenette,data/imagenette2-320/val/n03028079/n03028079_24072.JPEG,n03028079,497,church,jpeg,70,497,church,0.31416669487953186,True,33249,31957,1.0404293269080327,37.89848939397637,0.9890432511306638
imagenette,data/imagenette2-320/val/n03028079/n03028079_24471.JPEG,n03028079,497,church,jpeg,70,497,church,0.2731216549873352,True,31029,30031,1.033232326595851,39.90704430967651,0.9885718297923488
imagenette,data/imagenette2-320/val/n03028079/n03028079_24602.JPEG,n03028079,497,church,jpeg,70,497,church,0.2211260348558426,True,23549,22893,1.0286550473944,41.74171653760478,0.9906840159168339
imagenette,data/imagenette2-320/val/n03028079/n03028079_24642.JPEG,n03028079,497,church,jpeg,70,497,church,0.25752943754196167,True,29755,28720,1.0360376044568245,38.14518813465984,0.9902659167322049
imagenette,data/imagenette2-320/val/n03028079/n03028079_24681.JPEG,n03028079,497,church,jpeg,70,497,church,0.3247094750404358,True,26255,26356,0.9961678555167703,40.25084866340889,0.9938200927228841
imagenette,data/imagenette2-320/val/n03028079/n03028079_2470.JPEG,n03028079,497,church,jpeg,70,497,church,0.28898391127586365,True,20634,20019,1.0307208152255358,42.554750942316836,0.9921048755436398
imagenette,data/imagenette2-320/val/n03028079/n03028079_2510.JPEG,n03028079,497,church,jpeg,70,497,church,0.3653460741043091,True,34199,33021,1.0356742678901305,39.886193862413016,0.990313658945631
imagenette,data/imagenette2-320/val/n03028079/n03028079_25331.JPEG,n03028079,497,church,jpeg,70,663,monastery,0.28205767273902893,False,34324,33275,1.0315251690458302,40.4709395324907,0.9932407088773402
imagenette,data/imagenette2-320/val/n03028079/n03028079_25391.JPEG,n03028079,497,church,jpeg,70,497,church,0.22092251479625702,True,39910,38513,1.0362734661023552,37.17013077788047,0.9884972376687445
imagenette,data/imagenette2-320/val/n03028079/n03028079_25462.JPEG,n03028079,497,church,jpeg,70,497,church,0.13698484003543854,True,32129,31119,1.0324560557858542,38.64424823285529,0.9887489192570263
imagenette,data/imagenette2-320/val/n03028079/n03028079_25542.JPEG,n03028079,497,church,jpeg,70,663,monastery,0.43760278820991516,False,28649,27439,1.0440978169758373,37.28949272802419,0.982277051199833
imagenette,data/imagenette2-320/val/n03028079/n03028079_25612.JPEG,n03028079,497,church,jpeg,70,497,church,0.19921980798244476,True,20045,19414,1.0325023179149069,40.24662108529364,0.9896413404361466
imagenette,data/imagenette2-320/val/n03028079/n03028079_25680.JPEG,n03028079,497,church,jpeg,70,884,vault,0.22598841786384583,False,48743,46784,1.0418732900136798,34.821399521991516,0.9863329481402703
imagenette,data/imagenette2-320/val/n03028079/n03028079_25712.JPEG,n03028079,497,church,jpeg,70,497,church,0.21893106400966644,True,23793,23169,1.0269325391687167,42.1415157106268,0.9910290416407656
imagenette,data/imagenette2-320/val/n03028079/n03028079_25800.JPEG,n03028079,497,church,jpeg,70,442,bell cote,0.2779044210910797,False,23212,22700,1.0225550660792952,41.67400500043758,0.9889703074768587
imagenette,data/imagenette2-320/val/n03028079/n03028079_2592.JPEG,n03028079,497,church,jpeg,70,425,barn,0.1926851123571396,False,36802,35600,1.0337640449438201,38.48634802443141,0.9888007987962805
imagenette,data/imagenette2-320/val/n03028079/n03028079_26110.JPEG,n03028079,497,church,jpeg,70,497,church,0.17371642589569092,True,25433,24533,1.0366852810500142,39.37984289967324,0.9865750521075006
imagenette,data/imagenette2-320/val/n03028079/n03028079_26180.JPEG,n03028079,497,church,jpeg,70,442,bell cote,0.43826574087142944,False,32310,31240,1.0342509603072982,39.507927515139635,0.9919619377117069
imagenette,data/imagenette2-320/val/n03028079/n03028079_26202.JPEG,n03028079,497,church,jpeg,70,497,church,0.24005094170570374,True,27810,26920,1.0330609212481427,40.87079760842759,0.9834960753269577
imagenette,data/imagenette2-320/val/n03028079/n03028079_26221.JPEG,n03028079,497,church,jpeg,70,663,monastery,0.25139984488487244,False,32364,31256,1.0354491937547992,38.70914925248185,0.9925375887038701
imagenette,data/imagenette2-320/val/n03028079/n03028079_26272.JPEG,n03028079,497,church,jpeg,70,538,dome,0.489621639251709,False,14820,14283,1.0375971434572568,41.73352258207916,0.9889259226782872
imagenette,data/imagenette2-320/val/n03028079/n03028079_26291.JPEG,n03028079,497,church,jpeg,70,497,church,0.2880508303642273,True,39144,37575,1.0417564870259481,37.88785966491762,0.9860579899804592
imagenette,data/imagenette2-320/val/n03028079/n03028079_26371.JPEG,n03028079,497,church,jpeg,70,442,bell cote,0.2080698311328888,False,46638,45115,1.0337581735564667,37.06948027700879,0.9905970849399583
imagenette,data/imagenette2-320/val/n03028079/n03028079_26390.JPEG,n03028079,497,church,jpeg,70,663,monastery,0.30645957589149475,False,30201,29266,1.031948335952983,39.37165875250537,0.9921401614614748
imagenette,data/imagenette2-320/val/n03028079/n03028079_26571.JPEG,n03028079,497,church,jpeg,70,497,church,0.4220605194568634,True,26498,25643,1.0333424326326872,40.36482733627839,0.9772873671906331
imagenette,data/imagenette2-320/val/n03028079/n03028079_2660.JPEG,n03028079,497,church,jpeg,70,497,church,0.23746462166309357,True,25004,24375,1.0258051282051281,42.75372162165102,0.992738845710425
imagenette,data/imagenette2-320/val/n03028079/n03028079_26601.JPEG,n03028079,497,church,jpeg,70,497,church,0.3318920433521271,True,21527,20785,1.0356988212653355,40.58602538210415,0.9886388296666854
imagenette,data/imagenette2-320/val/n03028079/n03028079_26810.JPEG,n03028079,497,church,jpeg,70,497,church,0.3352613151073456,True,25036,24141,1.0370738577523715,39.896246450411326,0.9910479761265147
imagenette,data/imagenette2-320/val/n03028079/n03028079_26842.JPEG,n03028079,497,church,jpeg,70,442,bell cote,0.18637213110923767,False,37347,36119,1.0339987264320718,37.53104784072166,0.9898858887023606
imagenette,data/imagenette2-320/val/n03028079/n03028079_26852.JPEG,n03028079,497,church,jpeg,70,442,bell cote,0.2326328307390213,False,22405,21697,1.0326312393418444,41.39933345930501,0.992903156256077
imagenette,data/imagenette2-320/val/n03028079/n03028079_26940.JPEG,n03028079,497,church,jpeg,70,442,bell cote,0.34713244438171387,False,22836,22173,1.0299012312271683,41.41365877361287,0.9913261472311644
imagenette,data/imagenette2-320/val/n03028079/n03028079_26971.JPEG,n03028079,497,church,jpeg,70,497,church,0.22457700967788696,True,24124,23340,1.0335904027420737,40.77893044076845,0.9928445517404986
imagenette,data/imagenette2-320/val/n03028079/n03028079_27060.JPEG,n03028079,497,church,jpeg,70,442,bell cote,0.3034013509750366,False,32989,32137,1.026511497650683,39.61918348616328,0.9896457647498719
imagenette,data/imagenette2-320/val/n03028079/n03028079_2750.JPEG,n03028079,497,church,jpeg,70,884,vault,0.2068205624818802,False,39816,38553,1.0327600964905455,38.975619016874894,0.9919055887854306
imagenette,data/imagenette2-320/val/n03028079/n03028079_27511.JPEG,n03028079,497,church,jpeg,70,497,church,0.1712522953748703,True,21754,21182,1.0270040600509867,40.65319304095128,0.990878182065812
imagenette,data/imagenette2-320/val/n03028079/n03028079_27520.JPEG,n03028079,497,church,jpeg,70,497,church,0.29604876041412354,True,34211,32984,1.0371998544748968,37.75243404369605,0.9868327054988854
imagenette,data/imagenette2-320/val/n03028079/n03028079_27662.JPEG,n03028079,497,church,jpeg,70,442,bell cote,0.09702698886394501,False,25544,24823,1.0290456431535269,40.89161637705579,0.9914937774776527
imagenette,data/imagenette2-320/val/n03028079/n03028079_27781.JPEG,n03028079,497,church,jpeg,70,497,church,0.06639445573091507,True,13684,13337,1.0260178450925996,46.062509230356305,0.9916961520925777
imagenette,data/imagenette2-320/val/n03028079/n03028079_2782.JPEG,n03028079,497,church,jpeg,70,497,church,0.45257294178009033,True,41136,39771,1.0343214905333031,36.849362784185445,0.9930726538749505
imagenette,data/imagenette2-320/val/n03028079/n03028079_27902.JPEG,n03028079,497,church,jpeg,70,442,bell cote,0.2893502116203308,False,20537,19862,1.033984493001712,41.10404176078979,0.9934823709915297
imagenette,data/imagenette2-320/val/n03028079/n03028079_27980.JPEG,n03028079,497,church,jpeg,70,497,church,0.16535383462905884,True,39376,37677,1.0450938238182446,36.71579118514991,0.9888319068754857
imagenette,data/imagenette2-320/val/n03028079/n03028079_28242.JPEG,n03028079,497,church,jpeg,70,483,castle,0.10961759090423584,False,37405,36182,1.0338013376817201,38.231722487903305,0.9922059820864466
imagenette,data/imagenette2-320/val/n03028079/n03028079_28302.JPEG,n03028079,497,church,jpeg,70,497,church,0.32281845808029175,True,24100,23455,1.0274994670645918,42.087803626079896,0.9920054640918811
imagenette,data/imagenette2-320/val/n03028079/n03028079_28352.JPEG,n03028079,497,church,jpeg,70,497,church,0.17378021776676178,True,39866,38471,1.0362610797743754,37.525868956202736,0.981866477638717
imagenette,data/imagenette2-320/val/n03028079/n03028079_2842.JPEG,n03028079,497,church,jpeg,70,663,monastery,0.21700194478034973,False,39071,37667,1.037274006424722,38.20416620693345,0.9902808684426918
imagenette,data/imagenette2-320/val/n03028079/n03028079_28432.JPEG,n03028079,497,church,jpeg,70,497,church,0.5116913914680481,True,25500,24780,1.0290556900726393,39.4824105010547,0.9932775448084294
imagenette,data/imagenette2-320/val/n03028079/n03028079_28521.JPEG,n03028079,497,church,jpeg,70,497,church,0.22328679263591766,True,28126,27341,1.0287114589810176,40.778637356325085,0.9871200937644485
imagenette,data/imagenette2-320/val/n03028079/n03028079_28662.JPEG,n03028079,497,church,jpeg,70,497,church,0.32903701066970825,True,25418,24482,1.0382321705742994,39.6315883213723,0.9856701118967829
imagenette,data/imagenette2-320/val/n03028079/n03028079_29012.JPEG,n03028079,497,church,jpeg,70,497,church,0.18060947954654694,True,19780,19133,1.0338159201379815,40.47128263066888,0.9912660280644906
imagenette,data/imagenette2-320/val/n03028079/n03028079_29062.JPEG,n03028079,497,church,jpeg,70,497,church,0.19142183661460876,True,31291,30316,1.0321612349914238,39.66657702992815,0.9888039296264183
imagenette,data/imagenette2-320/val/n03028079/n03028079_29140.JPEG,n03028079,497,church,jpeg,70,442,bell cote,0.5612473487854004,False,24438,23786,1.0274110821491633,41.593772680540226,0.989728901300119
imagenette,data/imagenette2-320/val/n03028079/n03028079_29362.JPEG,n03028079,497,church,jpeg,70,442,bell cote,0.37822338938713074,False,41626,40232,1.0346490355935574,36.9101646801383,0.9899872297513527
imagenette,data/imagenette2-320/val/n03028079/n03028079_2941.JPEG,n03028079,497,church,jpeg,70,442,bell cote,0.1706223487854004,False,25143,24346,1.0327363838002135,41.2196026920789,0.9919402665025244
imagenette,data/imagenette2-320/val/n03028079/n03028079_29410.JPEG,n03028079,497,church,jpeg,70,663,monastery,0.3316371738910675,False,40439,39071,1.0350131811317858,37.07351784210975,0.9878146716564465
imagenette,data/imagenette2-320/val/n03028079/n03028079_29412.JPEG,n03028079,497,church,jpeg,70,497,church,0.2718029320240021,True,30493,29514,1.0331706986514875,39.88178843719312,0.9901791473076972
imagenette,data/imagenette2-320/val/n03028079/n03028079_2942.JPEG,n03028079,497,church,jpeg,70,442,bell cote,0.5404754281044006,False,24587,23855,1.0306853909033746,42.01110304315258,0.9894620232889584
imagenette,data/imagenette2-320/val/n03028079/n03028079_29461.JPEG,n03028079,497,church,jpeg,70,483,castle,0.19835375249385834,False,38854,37402,1.038821453398214,37.13373619231863,0.9873638867619953
imagenette,data/imagenette2-320/val/n03028079/n03028079_2951.JPEG,n03028079,497,church,jpeg,70,497,church,0.17409521341323853,True,33108,31975,1.0354339327599686,39.834784480432305,0.990634733651043
imagenette,data/imagenette2-320/val/n03028079/n03028079_2952.JPEG,n03028079,497,church,jpeg,70,497,church,0.15710888803005219,True,48290,46187,1.045532292636456,34.00142548117334,0.9877927686383373
imagenette,data/imagenette2-320/val/n03028079/n03028079_29612.JPEG,n03028079,497,church,jpeg,70,497,church,0.14755021035671234,True,37229,36251,1.0269785661085211,38.331350250041446,0.9914369829687483
imagenette,data/imagenette2-320/val/n03028079/n03028079_29670.JPEG,n03028079,497,church,jpeg,70,442,bell cote,0.1560993790626526,False,15771,15163,1.040097606014641,39.11184316281282,0.9808093038868918
imagenette,data/imagenette2-320/val/n03028079/n03028079_29920.JPEG,n03028079,497,church,jpeg,70,497,church,0.3957350254058838,True,19048,18372,1.036795123013281,41.02739797218085,0.9851513019049523
imagenette,data/imagenette2-320/val/n03028079/n03028079_29942.JPEG,n03028079,497,church,jpeg,70,497,church,0.18213628232479095,True,30995,30059,1.0311387604378057,39.37248099634892,0.9917132369498897
imagenette,data/imagenette2-320/val/n03028079/n03028079_3000.JPEG,n03028079,497,church,jpeg,70,497,church,0.24736396968364716,True,21794,21196,1.0282128703528968,41.10910838773667,0.9919845906113682
imagenette,data/imagenette2-320/val/n03028079/n03028079_30011.JPEG,n03028079,497,church,jpeg,70,442,bell cote,0.2630611062049866,False,38688,37164,1.0410074265418146,36.76385916881367,0.9893900363286366
imagenette,data/imagenette2-320/val/n03028079/n03028079_30030.JPEG,n03028079,497,church,jpeg,70,497,church,0.4563770294189453,True,28755,27919,1.029943765894194,41.17259068598743,0.9926079944545249
imagenette,data/imagenette2-320/val/n03028079/n03028079_30181.JPEG,n03028079,497,church,jpeg,70,442,bell cote,0.26646730303764343,False,28127,27268,1.0315021270353528,39.91723246820228,0.9912390728533266
imagenette,data/imagenette2-320/val/n03028079/n03028079_30232.JPEG,n03028079,497,church,jpeg,70,497,church,0.29541197419166565,True,28824,27914,1.0326001289675433,39.65573837194054,0.991340823765069
imagenette,data/imagenette2-320/val/n03028079/n03028079_30381.JPEG,n03028079,497,church,jpeg,70,442,bell cote,0.16321372985839844,False,20716,20115,1.029878200347999,41.2684061606054,0.9901890031448891
imagenette,data/imagenette2-320/val/n03028079/n03028079_3042.JPEG,n03028079,497,church,jpeg,70,497,church,0.15455161035060883,True,25270,24524,1.030419181210243,40.98286871575502,0.9911448327667611
imagenette,data/imagenette2-320/val/n03028079/n03028079_30450.JPEG,n03028079,497,church,jpeg,70,442,bell cote,0.42274317145347595,False,39226,37879,1.0355606008606353,37.16729547528157,0.9893597167215176
imagenette,data/imagenette2-320/val/n03028079/n03028079_30460.JPEG,n03028079,497,church,jpeg,70,406,altar,0.1917370855808258,False,39095,37707,1.0368101413530644,37.5557176693152,0.9924297473440257
imagenette,data/imagenette2-320/val/n03028079/n03028079_30642.JPEG,n03028079,497,church,jpeg,70,497,church,0.2988458573818207,True,23768,22852,1.0400840189042535,37.748171056776194,0.9555985027271944
imagenette,data/imagenette2-320/val/n03028079/n03028079_30751.JPEG,n03028079,497,church,jpeg,70,442,bell cote,0.19310830533504486,False,26917,26037,1.0337980566117448,38.17293302001514,0.9886497323308229
imagenette,data/imagenette2-320/val/n03028079/n03028079_3081.JPEG,n03028079,497,church,jpeg,70,497,church,0.2525826096534729,True,27772,26761,1.0377788572923283,39.27786649491069,0.990078283068707
imagenette,data/imagenette2-320/val/n03028079/n03028079_31082.JPEG,n03028079,497,church,jpeg,70,663,monastery,0.16396750509738922,False,31113,30089,1.0340323706337864,40.85407752315948,0.9923763879425184
imagenette,data/imagenette2-320/val/n03028079/n03028079_31112.JPEG,n03028079,497,church,jpeg,70,497,church,0.24878086149692535,True,35227,34192,1.0302702386523164,38.233398121780326,0.9902751502416375
imagenette,data/imagenette2-320/val/n03028079/n03028079_31481.JPEG,n03028079,497,church,jpeg,70,442,bell cote,0.24942874908447266,False,30502,29591,1.030786387753033,39.27591919229799,0.990799911888682
imagenette,data/imagenette2-320/val/n03028079/n03028079_31571.JPEG,n03028079,497,church,jpeg,70,442,bell cote,0.40251752734184265,False,23715,23017,1.030325411652257,39.513986176237346,0.9898448612163291
imagenette,data/imagenette2-320/val/n03028079/n03028079_31592.JPEG,n03028079,497,church,jpeg,70,912,worm fence,0.06885454803705215,False,43254,41745,1.0361480416816384,36.395000673974955,0.9910345627269569
imagenette,data/imagenette2-320/val/n03028079/n03028079_31602.JPEG,n03028079,497,church,jpeg,70,663,monastery,0.23922215402126312,False,11252,10927,1.0297428388395717,42.36093447059207,0.9934827946435872
imagenette,data/imagenette2-320/val/n03028079/n03028079_3192.JPEG,n03028079,497,church,jpeg,70,698,palace,0.1601046323776245,False,28307,27440,1.0315962099125364,39.37000962815469,0.9907829175747741
imagenette,data/imagenette2-320/val/n03028079/n03028079_32110.JPEG,n03028079,497,church,jpeg,70,497,church,0.18457670509815216,True,11295,11003,1.02653821684995,45.66918349936266,0.9942271799431607
imagenette,data/imagenette2-320/val/n03028079/n03028079_32131.JPEG,n03028079,497,church,jpeg,70,497,church,0.2503981590270996,True,32264,31045,1.039265582219359,37.547077541096996,0.9822646504750253
imagenette,data/imagenette2-320/val/n03028079/n03028079_322.JPEG,n03028079,497,church,jpeg,70,884,vault,0.24225462973117828,False,36189,34892,1.0371718445488938,38.39115977051061,0.9788176466900399
imagenette,data/imagenette2-320/val/n03028079/n03028079_32202.JPEG,n03028079,497,church,jpeg,70,832,stupa,0.529822587966919,False,11131,10902,1.0210053201247478,46.510341892908684,0.990740564621496
imagenette,data/imagenette2-320/val/n03028079/n03028079_32580.JPEG,n03028079,497,church,jpeg,70,497,church,0.2178129106760025,True,47591,45422,1.047752190568447,34.29802574823052,0.9814370559452739
imagenette,data/imagenette2-320/val/n03028079/n03028079_3260.JPEG,n03028079,497,church,jpeg,70,497,church,0.45133742690086365,True,23157,23431,0.988306090222355,42.55587928577082,0.9933977895063683
imagenette,data/imagenette2-320/val/n03028079/n03028079_33001.JPEG,n03028079,497,church,jpeg,70,497,church,0.2629227936267853,True,32294,31309,1.0314606023827015,39.20724640559351,0.9891230755122109
imagenette,data/imagenette2-320/val/n03028079/n03028079_332.JPEG,n03028079,497,church,jpeg,70,497,church,0.20656874775886536,True,46213,44200,1.0455429864253394,37.66550261207951,0.9795264011765173
imagenette,data/imagenette2-320/val/n03028079/n03028079_3320.JPEG,n03028079,497,church,jpeg,70,497,church,0.16824188828468323,True,22065,21376,1.0322324101796407,42.460011303670306,0.9906787764330512
imagenette,data/imagenette2-320/val/n03028079/n03028079_33241.JPEG,n03028079,497,church,jpeg,70,497,church,0.48678353428840637,True,20370,19796,1.028995756718529,42.48804817811681,0.9881987953257507
imagenette,data/imagenette2-320/val/n03028079/n03028079_33260.JPEG,n03028079,497,church,jpeg,70,497,church,0.35715246200561523,True,44503,43042,1.033943589981878,37.309608063334736,0.9914682154329425
imagenette,data/imagenette2-320/val/n03028079/n03028079_3362.JPEG,n03028079,497,church,jpeg,70,497,church,0.39318785071372986,True,17813,18056,0.986541869738591,42.32150932556797,0.9930785281065577
imagenette,data/imagenette2-320/val/n03028079/n03028079_33671.JPEG,n03028079,497,church,jpeg,70,663,monastery,0.28173738718032837,False,24196,23429,1.032737206026719,40.76132385329992,0.9899291504150939
imagenette,data/imagenette2-320/val/n03028079/n03028079_3400.JPEG,n03028079,497,church,jpeg,70,442,bell cote,0.11317375302314758,False,27701,26771,1.0347390833364463,39.912726720396584,0.9875306466151775
imagenette,data/imagenette2-320/val/n03028079/n03028079_34051.JPEG,n03028079,497,church,jpeg,70,975,lakeside,0.19854851067066193,False,30514,29595,1.031052542659233,39.59660200809079,0.990149168054899
imagenette,data/imagenette2-320/val/n03028079/n03028079_3432.JPEG,n03028079,497,church,jpeg,70,497,church,0.35406073927879333,True,37783,36565,1.0333105428688636,35.024442232231905,0.9907369252097796
imagenette,data/imagenette2-320/val/n03028079/n03028079_3441.JPEG,n03028079,497,church,jpeg,70,442,bell cote,0.17720581591129303,False,30136,29230,1.0309955525145398,39.56599514340428,0.9873992066964256
imagenette,data/imagenette2-320/val/n03028079/n03028079_34851.JPEG,n03028079,497,church,jpeg,70,698,palace,0.22735705971717834,False,38873,37859,1.0267835917483292,39.19543685555667,0.9922079911905023
imagenette,data/imagenette2-320/val/n03028079/n03028079_3492.JPEG,n03028079,497,church,jpeg,70,406,altar,0.33040350675582886,False,48331,46688,1.0351910555174777,37.370789598983166,0.9923740548792629
imagenette,data/imagenette2-320/val/n03028079/n03028079_35160.JPEG,n03028079,497,church,jpeg,70,497,church,0.13052621483802795,True,26507,25543,1.0377402810946248,39.56051179008567,0.993757220551196
imagenette,data/imagenette2-320/val/n03028079/n03028079_3540.JPEG,n03028079,497,church,jpeg,70,687,organ,0.35098302364349365,False,30240,29197,1.0357228482378327,39.65715927115541,0.9893093060436642
imagenette,data/imagenette2-320/val/n03028079/n03028079_3542.JPEG,n03028079,497,church,jpeg,70,497,church,0.303314208984375,True,30816,29608,1.0407997838422047,38.09402215439021,0.982698314608295
imagenette,data/imagenette2-320/val/n03028079/n03028079_35911.JPEG,n03028079,497,church,jpeg,70,497,church,0.13674168288707733,True,19983,18950,1.0545118733509236,37.05081745777612,0.978142759175169
imagenette,data/imagenette2-320/val/n03028079/n03028079_3600.JPEG,n03028079,497,church,jpeg,70,442,bell cote,0.27150464057922363,False,33697,32436,1.038876556912073,36.69620749594603,0.9866330435330676
imagenette,data/imagenette2-320/val/n03028079/n03028079_36092.JPEG,n03028079,497,church,jpeg,70,497,church,0.2991025149822235,True,35277,34002,1.0374977942473973,36.97015097334837,0.9750367391547786
imagenette,data/imagenette2-320/val/n03028079/n03028079_362.JPEG,n03028079,497,church,jpeg,70,914,yawl,0.1049530878663063,False,21125,20554,1.0277804806850248,41.64511728053323,0.994069393268871
imagenette,data/imagenette2-320/val/n03028079/n03028079_36351.JPEG,n03028079,497,church,jpeg,70,668,mosque,0.1319693922996521,False,14717,14122,1.0421328423736014,40.200971913786375,0.9616061601113253
imagenette,data/imagenette2-320/val/n03028079/n03028079_3670.JPEG,n03028079,497,church,jpeg,70,663,monastery,0.24804605543613434,False,47640,45898,1.0379537234737897,35.58049669024233,0.9870648066689077
imagenette,data/imagenette2-320/val/n03028079/n03028079_36821.JPEG,n03028079,497,church,jpeg,70,497,church,0.21672587096691132,True,21259,20679,1.0280477779389718,41.77539568521509,0.9919614397790438
imagenette,data/imagenette2-320/val/n03028079/n03028079_3700.JPEG,n03028079,497,church,jpeg,70,497,church,0.2784423828125,True,18514,18005,1.0282699250208276,42.710149068928146,0.9908362585923213
imagenette,data/imagenette2-320/val/n03028079/n03028079_37021.JPEG,n03028079,497,church,jpeg,70,663,monastery,0.09189199656248093,False,16846,16388,1.0279472784964607,42.1354899716814,0.9894036468993921
imagenette,data/imagenette2-320/val/n03028079/n03028079_3732.JPEG,n03028079,497,church,jpeg,70,497,church,0.5210258960723877,True,36236,35072,1.0331888686131387,38.755769470815615,0.9911257479712283
imagenette,data/imagenette2-320/val/n03028079/n03028079_38351.JPEG,n03028079,497,church,jpeg,70,442,bell cote,0.4644756615161896,False,31823,30908,1.0296039860230362,39.60866048237512,0.9906612405726641
imagenette,data/imagenette2-320/val/n03028079/n03028079_38692.JPEG,n03028079,497,church,jpeg,70,497,church,0.28554096817970276,True,39980,38186,1.0469805687948464,34.54230446668343,0.9722326450870608
imagenette,data/imagenette2-320/val/n03028079/n03028079_38700.JPEG,n03028079,497,church,jpeg,70,497,church,0.2689903676509857,True,36878,35686,1.0334024547441574,37.435530511198,0.9918491657214307
imagenette,data/imagenette2-320/val/n03028079/n03028079_3932.JPEG,n03028079,497,church,jpeg,70,663,monastery,0.2778804898262024,False,26928,26089,1.0321591475334433,40.3863140086696,0.992052844020373
imagenette,data/imagenette2-320/val/n03028079/n03028079_39321.JPEG,n03028079,497,church,jpeg,70,497,church,0.12109288573265076,True,45633,44022,1.0365953386942892,37.1091973247177,0.9875110606752807
imagenette,data/imagenette2-320/val/n03028079/n03028079_3972.JPEG,n03028079,497,church,jpeg,70,901,whiskey jug,0.052488505840301514,False,36191,35000,1.0340285714285715,39.24828326495688,0.9914877091857668
imagenette,data/imagenette2-320/val/n03028079/n03028079_40120.JPEG,n03028079,497,church,jpeg,70,442,bell cote,0.15285174548625946,False,20977,20448,1.0258705007824727,42.79540539205294,0.9921451329741964
imagenette,data/imagenette2-320/val/n03028079/n03028079_4022.JPEG,n03028079,497,church,jpeg,70,497,church,0.13875137269496918,True,29497,28598,1.0314357647387928,39.83981946636089,0.991742178330182
imagenette,data/imagenette2-320/val/n03028079/n03028079_40412.JPEG,n03028079,497,church,jpeg,70,406,altar,0.23535257577896118,False,31949,30854,1.035489725805406,39.457738529156664,0.9879039957107202
imagenette,data/imagenette2-320/val/n03028079/n03028079_40510.JPEG,n03028079,497,church,jpeg,70,442,bell cote,0.41242340207099915,False,32026,31069,1.0308024075444977,39.273729667683114,0.9904643794493716
imagenette,data/imagenette2-320/val/n03028079/n03028079_40711.JPEG,n03028079,497,church,jpeg,70,497,church,0.3990268409252167,True,27415,26506,1.0342941220855655,39.83247980823758,0.9889287999522764
imagenette,data/imagenette2-320/val/n03028079/n03028079_41101.JPEG,n03028079,497,church,jpeg,70,562,fountain,0.3653433918952942,False,31507,30473,1.0339316772224592,39.43713048605166,0.9884458244101176
imagenette,data/imagenette2-320/val/n03028079/n03028079_41342.JPEG,n03028079,497,church,jpeg,70,538,dome,0.37470459938049316,False,59652,57004,1.046452880499614,34.517720056857655,0.9934526611824648
imagenette,data/imagenette2-320/val/n03028079/n03028079_41791.JPEG,n03028079,497,church,jpeg,70,497,church,0.4668732285499573,True,20735,19815,1.0464294726217511,38.77480754441013,0.9742772606575332
imagenette,data/imagenette2-320/val/n03028079/n03028079_42222.JPEG,n03028079,497,church,jpeg,70,497,church,0.3096632957458496,True,19809,19213,1.0310206630926977,41.115416067713724,0.9909393982652134
imagenette,data/imagenette2-320/val/n03028079/n03028079_4292.JPEG,n03028079,497,church,jpeg,70,884,vault,0.33005496859550476,False,38948,37786,1.0307521304186735,39.18706189672512,0.9920910822252708
imagenette,data/imagenette2-320/val/n03028079/n03028079_43102.JPEG,n03028079,497,church,jpeg,70,442,bell cote,0.2016797959804535,False,33591,32398,1.0368232606951047,38.07500496734828,0.9878197310295347
imagenette,data/imagenette2-320/val/n03028079/n03028079_4320.JPEG,n03028079,497,church,jpeg,70,442,bell cote,0.14277561008930206,False,30673,29708,1.032482832906961,39.49238801451649,0.9899397874184684
imagenette,data/imagenette2-320/val/n03028079/n03028079_4401.JPEG,n03028079,497,church,jpeg,70,497,church,0.3379092514514923,True,40019,38610,1.0364931364931365,36.80244251639672,0.9905209421929392
imagenette,data/imagenette2-320/val/n03028079/n03028079_4572.JPEG,n03028079,497,church,jpeg,70,663,monastery,0.27179431915283203,False,23456,22707,1.0329854229973137,41.27683837974742,0.9910025952481001
imagenette,data/imagenette2-320/val/n03028079/n03028079_4612.JPEG,n03028079,497,church,jpeg,70,663,monastery,0.3673737347126007,False,39951,38419,1.0398761029698846,36.39736536147369,0.9896562557675672
imagenette,data/imagenette2-320/val/n03028079/n03028079_46322.JPEG,n03028079,497,church,jpeg,70,497,church,0.3080293536186218,True,21645,21110,1.0253434391283751,42.377178944052865,0.9916624858917298
imagenette,data/imagenette2-320/val/n03028079/n03028079_4651.JPEG,n03028079,497,church,jpeg,70,497,church,0.2749563455581665,True,24112,23442,1.0285811790802832,41.83355879696468,0.9916251711910614
imagenette,data/imagenette2-320/val/n03028079/n03028079_4661.JPEG,n03028079,497,church,jpeg,70,884,vault,0.15545694530010223,False,34714,33546,1.0348178620401836,39.96701994603283,0.9879585042816218
imagenette,data/imagenette2-320/val/n03028079/n03028079_4672.JPEG,n03028079,497,church,jpeg,70,884,vault,0.3838347792625427,False,30039,29047,1.0341515474919958,40.050332198646885,0.9887825710962153
imagenette,data/imagenette2-320/val/n03028079/n03028079_46722.JPEG,n03028079,497,church,jpeg,70,442,bell cote,0.34441640973091125,False,33622,32612,1.030970195020238,38.6791709370335,0.9878932771954628
imagenette,data/imagenette2-320/val/n03028079/n03028079_47271.JPEG,n03028079,497,church,jpeg,70,497,church,0.32233625650405884,True,26499,25759,1.0287278232850654,41.48810640546547,0.9916983487201461
imagenette,data/imagenette2-320/val/n03028079/n03028079_4731.JPEG,n03028079,497,church,jpeg,70,497,church,0.16953116655349731,True,26663,25913,1.0289430015822174,41.881468536103135,0.9906085670072571
imagenette,data/imagenette2-320/val/n03028079/n03028079_4821.JPEG,n03028079,497,church,jpeg,70,497,church,0.2018129676580429,True,30812,29904,1.0303638309256287,39.34496862445577,0.9905184027582029
imagenette,data/imagenette2-320/val/n03028079/n03028079_4902.JPEG,n03028079,497,church,jpeg,70,442,bell cote,0.2663167417049408,False,29911,29002,1.031342666023033,38.788932999513726,0.9919653647169898
imagenette,data/imagenette2-320/val/n03028079/n03028079_49041.JPEG,n03028079,497,church,jpeg,70,497,church,0.414424866437912,True,36322,34711,1.046411800293855,36.166089804443985,0.9740638983757289
imagenette,data/imagenette2-320/val/n03028079/n03028079_49281.JPEG,n03028079,497,church,jpeg,70,497,church,0.2644268572330475,True,38724,37450,1.034018691588785,38.112415659434824,0.9917695855586333
imagenette,data/imagenette2-320/val/n03028079/n03028079_50060.JPEG,n03028079,497,church,jpeg,70,825,stone wall,0.16914021968841553,False,42794,41479,1.0317027893632922,37.95228992325529,0.9892701247657367
imagenette,data/imagenette2-320/val/n03028079/n03028079_51072.JPEG,n03028079,497,church,jpeg,70,497,church,0.26458030939102173,True,18660,18248,1.0225778167470407,44.59567261185833,0.9929471429681302
imagenette,data/imagenette2-320/val/n03028079/n03028079_5232.JPEG,n03028079,497,church,jpeg,70,663,monastery,0.21163739264011383,False,37817,36538,1.0350046526903498,38.31545586283329,0.9922518328398945
imagenette,data/imagenette2-320/val/n03028079/n03028079_52470.JPEG,n03028079,497,church,jpeg,70,497,church,0.40700763463974,True,41948,39994,1.04885732859929,35.1610860096483,0.9825157896092548
imagenette,data/imagenette2-320/val/n03028079/n03028079_5260.JPEG,n03028079,497,church,jpeg,70,497,church,0.23275171220302582,True,38813,37499,1.035040934424918,39.22963135842415,0.9896354376815841
imagenette,data/imagenette2-320/val/n03028079/n03028079_5261.JPEG,n03028079,497,church,jpeg,70,663,monastery,0.3860068619251251,False,31020,30095,1.0307360026582488,41.01294783744791,0.9921026877367275
imagenette,data/imagenette2-320/val/n03028079/n03028079_53111.JPEG,n03028079,497,church,jpeg,70,497,church,0.24078106880187988,True,30729,29882,1.02834482297035,38.342682023588736,0.9809513446557142
imagenette,data/imagenette2-320/val/n03028079/n03028079_532.JPEG,n03028079,497,church,jpeg,70,497,church,0.39571908116340637,True,41275,38291,1.0779295395784911,31.103309639964895,0.9628419648511084
imagenette,data/imagenette2-320/val/n03028079/n03028079_53551.JPEG,n03028079,497,church,jpeg,70,497,church,0.2170885056257248,True,45704,44005,1.038609248948983,36.33620429654411,0.9878046633469338
imagenette,data/imagenette2-320/val/n03028079/n03028079_5401.JPEG,n03028079,497,church,jpeg,70,497,church,0.3982163369655609,True,20685,19980,1.0352852852852852,40.54238851390814,0.9874649442723489
imagenette,data/imagenette2-320/val/n03028079/n03028079_5402.JPEG,n03028079,497,church,jpeg,70,497,church,0.37984657287597656,True,20220,19508,1.036497847037113,39.32303601249666,0.9639059571274928
imagenette,data/imagenette2-320/val/n03028079/n03028079_5432.JPEG,n03028079,497,church,jpeg,70,442,bell cote,0.2501905858516693,False,25891,25092,1.0318428184281843,40.64203428620377,0.9906021895758741
imagenette,data/imagenette2-320/val/n03028079/n03028079_54480.JPEG,n03028079,497,church,jpeg,70,497,church,0.12997761368751526,True,29916,29059,1.0294917237344712,39.987039756346626,0.9893345798656968
imagenette,data/imagenette2-320/val/n03028079/n03028079_56741.JPEG,n03028079,497,church,jpeg,70,497,church,0.18347938358783722,True,39728,38102,1.0426749252007768,36.76589892920009,0.9887159678674711
imagenette,data/imagenette2-320/val/n03028079/n03028079_5690.JPEG,n03028079,497,church,jpeg,70,442,bell cote,0.5153967142105103,False,29717,28789,1.0322345340234118,39.016879830671286,0.9908594716604924
imagenette,data/imagenette2-320/val/n03028079/n03028079_57010.JPEG,n03028079,497,church,jpeg,70,442,bell cote,0.20585240423679352,False,24545,23899,1.027030419682832,41.82634032593789,0.9911532894518008
imagenette,data/imagenette2-320/val/n03028079/n03028079_57572.JPEG,n03028079,497,church,jpeg,70,497,church,0.23949739336967468,True,21526,20865,1.0316798466331176,41.566514632017196,0.9920053239688432
imagenette,data/imagenette2-320/val/n03028079/n03028079_5852.JPEG,n03028079,497,church,jpeg,70,406,altar,0.14435850083827972,False,30445,29536,1.0307760021668473,39.28766144668917,0.9885514793957206
imagenette,data/imagenette2-320/val/n03028079/n03028079_58650.JPEG,n03028079,497,church,jpeg,70,497,church,0.20194382965564728,True,29312,28529,1.0274457569490694,41.81013026407656,0.9904820260722893
imagenette,data/imagenette2-320/val/n03028079/n03028079_59261.JPEG,n03028079,497,church,jpeg,70,442,bell cote,0.27574923634529114,False,34802,33517,1.0383387534683892,36.98230248619317,0.9854548621948044
imagenette,data/imagenette2-320/val/n03028079/n03028079_5942.JPEG,n03028079,497,church,jpeg,70,442,bell cote,0.4327819347381592,False,31471,30660,1.0264514024787998,40.54829518536937,0.9894258115130065
imagenette,data/imagenette2-320/val/n03028079/n03028079_6110.JPEG,n03028079,497,church,jpeg,70,497,church,0.29875457286834717,True,45338,43507,1.0420851816948997,35.162158744002014,0.9902282549497979
imagenette,data/imagenette2-320/val/n03028079/n03028079_61951.JPEG,n03028079,497,church,jpeg,70,497,church,0.25079888105392456,True,21866,21294,1.0268620268620268,42.08741576235654,0.9920204329425087
imagenette,data/imagenette2-320/val/n03028079/n03028079_6251.JPEG,n03028079,497,church,jpeg,70,442,bell cote,0.326161652803421,False,16017,15566,1.0289734035718874,42.94758778329333,0.9916241564439159
imagenette,data/imagenette2-320/val/n03028079/n03028079_62551.JPEG,n03028079,497,church,jpeg,70,497,church,0.708675742149353,True,30075,29150,1.0317324185248713,40.15376438703634,0.9933290801387485
imagenette,data/imagenette2-320/val/n03028079/n03028079_6292.JPEG,n03028079,497,church,jpeg,70,497,church,0.3258015513420105,True,26615,25099,1.0604008127813858,34.58565073868237,0.962979559938615
imagenette,data/imagenette2-320/val/n03028079/n03028079_6372.JPEG,n03028079,497,church,jpeg,70,497,church,0.5773018598556519,True,31254,30132,1.0372361608920748,38.15335450567315,0.9832897132133768
imagenette,data/imagenette2-320/val/n03028079/n03028079_6421.JPEG,n03028079,497,church,jpeg,70,663,monastery,0.1908409297466278,False,19406,18919,1.0257413182514932,42.63292565918949,0.9904281823215694
imagenette,data/imagenette2-320/val/n03028079/n03028079_6452.JPEG,n03028079,497,church,jpeg,70,538,dome,0.24878180027008057,False,31473,30531,1.030853886214012,39.00582038931786,0.9903847477464914
imagenette,data/imagenette2-320/val/n03028079/n03028079_6462.JPEG,n03028079,497,church,jpeg,70,442,bell cote,0.5700078010559082,False,26054,25370,1.0269609775325188,40.73219703159947,0.9891803737113527
imagenette,data/imagenette2-320/val/n03028079/n03028079_6491.JPEG,n03028079,497,church,jpeg,70,497,church,0.5693532228469849,True,38928,37525,1.0373884077281812,38.00549588891447,0.9910015204191301
imagenette,data/imagenette2-320/val/n03028079/n03028079_6501.JPEG,n03028079,497,church,jpeg,70,497,church,0.25773704051971436,True,30363,29282,1.0369168772624822,38.29300348611612,0.9884995290194493
imagenette,data/imagenette2-320/val/n03028079/n03028079_6601.JPEG,n03028079,497,church,jpeg,70,497,church,0.20748978853225708,True,22427,21789,1.0292808297764928,42.36498343297689,0.9918847378424825
imagenette,data/imagenette2-320/val/n03028079/n03028079_6720.JPEG,n03028079,497,church,jpeg,70,497,church,0.361562043428421,True,28949,28007,1.0336344485307245,38.43314914344654,0.9686976666064258
imagenette,data/imagenette2-320/val/n03028079/n03028079_6722.JPEG,n03028079,497,church,jpeg,70,497,church,0.16962695121765137,True,20928,19974,1.0477620907179332,37.837494039624225,0.9784635215695631
imagenette,data/imagenette2-320/val/n03028079/n03028079_6831.JPEG,n03028079,497,church,jpeg,70,442,bell cote,0.23094573616981506,False,27803,26971,1.0308479477957806,39.43463353468028,0.9890210942949483
imagenette,data/imagenette2-320/val/n03028079/n03028079_6860.JPEG,n03028079,497,church,jpeg,70,497,church,0.27535131573677063,True,30827,29791,1.0347756033701454,41.549092298100334,0.9946758490151071
imagenette,data/imagenette2-320/val/n03028079/n03028079_6912.JPEG,n03028079,497,church,jpeg,70,497,church,0.2676475942134857,True,24421,23706,1.0301611406395006,41.65458524075356,0.9878317420320593
imagenette,data/imagenette2-320/val/n03028079/n03028079_6971.JPEG,n03028079,497,church,jpeg,70,497,church,0.6133675575256348,True,46699,43863,1.0646558602922738,33.454606952144864,0.9804168487498224
imagenette,data/imagenette2-320/val/n03028079/n03028079_7021.JPEG,n03028079,497,church,jpeg,70,497,church,0.2863698899745941,True,20275,19635,1.032594856124268,41.32170458129393,0.9915278099825594
imagenette,data/imagenette2-320/val/n03028079/n03028079_71550.JPEG,n03028079,497,church,jpeg,70,687,organ,0.4900173544883728,False,32410,31145,1.040616471343715,38.34070023811998,0.9866947716513895
imagenette,data/imagenette2-320/val/n03028079/n03028079_7171.JPEG,n03028079,497,church,jpeg,70,663,monastery,0.18169470131397247,False,26739,25830,1.035191637630662,38.10121868883809,0.9911835258469188
imagenette,data/imagenette2-320/val/n03028079/n03028079_72272.JPEG,n03028079,497,church,jpeg,70,406,altar,0.489890456199646,False,42653,41138,1.0368272643298166,37.80299658430975,0.9924441907298075
imagenette,data/imagenette2-320/val/n03028079/n03028079_72360.JPEG,n03028079,497,church,jpeg,70,884,vault,0.1815292090177536,False,30487,29461,1.0348257017752283,38.669803962229025,0.9891466806404724
imagenette,data/imagenette2-320/val/n03028079/n03028079_72470.JPEG,n03028079,497,church,jpeg,70,497,church,0.40593236684799194,True,28093,28307,0.9924400325007948,41.407053821218305,0.9938588499018955
imagenette,data/imagenette2-320/val/n03028079/n03028079_7250.JPEG,n03028079,497,church,jpeg,70,497,church,0.16148191690444946,True,29193,28159,1.0367200539791896,38.068070357199566,0.990192914104251
imagenette,data/imagenette2-320/val/n03028079/n03028079_7251.JPEG,n03028079,497,church,jpeg,70,663,monastery,0.18712735176086426,False,27366,26385,1.0371802160318362,40.4693307070292,0.9865893036346577
imagenette,data/imagenette2-320/val/n03028079/n03028079_7260.JPEG,n03028079,497,church,jpeg,70,497,church,0.3744637668132782,True,34482,34286,1.0057166190281748,38.82007772930367,0.9941038384698874
imagenette,data/imagenette2-320/val/n03028079/n03028079_7271.JPEG,n03028079,497,church,jpeg,70,663,monastery,0.16544528305530548,False,17426,16896,1.031368371212121,42.830405890186626,0.9922318336220873
imagenette,data/imagenette2-320/val/n03028079/n03028079_7301.JPEG,n03028079,497,church,jpeg,70,497,church,0.4480186104774475,True,33367,32078,1.0401833031984538,37.351520369260726,0.9885974804140218
imagenette,data/imagenette2-320/val/n03028079/n03028079_73142.JPEG,n03028079,497,church,jpeg,70,497,church,0.3744669556617737,True,31609,30164,1.047904787163506,37.75695758331444,0.9809206198999886
imagenette,data/imagenette2-320/val/n03028079/n03028079_73181.JPEG,n03028079,497,church,jpeg,70,406,altar,0.29997801780700684,False,40442,38456,1.0516434366548784,35.293478866443536,0.9802675894739904
imagenette,data/imagenette2-320/val/n03028079/n03028079_732.JPEG,n03028079,497,church,jpeg,70,698,palace,0.22527866065502167,False,31826,30782,1.0339159248911702,39.99605988402512,0.9919885802652394
imagenette,data/imagenette2-320/val/n03028079/n03028079_7392.JPEG,n03028079,497,church,jpeg,70,497,church,0.21276909112930298,True,34299,33122,1.035535293762454,39.891274647577035,0.9908253546223235
imagenette,data/imagenette2-320/val/n03028079/n03028079_74100.JPEG,n03028079,497,church,jpeg,70,497,church,0.4688589572906494,True,30818,29889,1.0310816688413798,39.14598814712805,0.9919617963806662
imagenette,data/imagenette2-320/val/n03028079/n03028079_7422.JPEG,n03028079,497,church,jpeg,70,442,bell cote,0.22394239902496338,False,31590,30483,1.0363153232949514,38.44644385174029,0.9794149940808277
imagenette,data/imagenette2-320/val/n03028079/n03028079_7471.JPEG,n03028079,497,church,jpeg,70,663,monastery,0.6537058353424072,False,30516,29593,1.0311898084006352,40.727993525525136,0.9917617635242154
imagenette,data/imagenette2-320/val/n03028079/n03028079_75880.JPEG,n03028079,497,church,jpeg,70,497,church,0.3161819577217102,True,25716,24680,1.0419773095623988,37.23731131474598,0.9759868427261512
imagenette,data/imagenette2-320/val/n03028079/n03028079_76461.JPEG,n03028079,497,church,jpeg,70,884,vault,0.2302473932504654,False,39755,38502,1.0325437639603137,38.162623134341814,0.9913799103720109
imagenette,data/imagenette2-320/val/n03028079/n03028079_76700.JPEG,n03028079,497,church,jpeg,70,497,church,0.13473360240459442,True,21758,20877,1.042199549743737,38.791850457872805,0.9868807249619272
imagenette,data/imagenette2-320/val/n03028079/n03028079_7730.JPEG,n03028079,497,church,jpeg,70,406,altar,0.23331628739833832,False,40268,38558,1.0443487732766221,37.548033132408854,0.9812290798042383
imagenette,data/imagenette2-320/val/n03028079/n03028079_7752.JPEG,n03028079,497,church,jpeg,70,497,church,0.303254634141922,True,12019,11610,1.0352282515073212,44.516760113886946,0.9884768407862238
imagenette,data/imagenette2-320/val/n03028079/n03028079_77811.JPEG,n03028079,497,church,jpeg,70,538,dome,0.1388593316078186,False,22179,21553,1.0290446805549112,42.13423357628485,0.9908830966007889
imagenette,data/imagenette2-320/val/n03028079/n03028079_7881.JPEG,n03028079,497,church,jpeg,70,497,church,0.26565948128700256,True,25874,25185,1.0273575540996625,41.073070876322184,0.9919607464091053
imagenette,data/imagenette2-320/val/n03028079/n03028079_7882.JPEG,n03028079,497,church,jpeg,70,442,bell cote,0.27747583389282227,False,26076,25356,1.0283956460009465,42.675394200686455,0.992626681312036
imagenette,data/imagenette2-320/val/n03028079/n03028079_79790.JPEG,n03028079,497,church,jpeg,70,497,church,0.27870139479637146,True,13213,12704,1.040066120906801,42.57059147723946,0.9639051929412007
imagenette,data/imagenette2-320/val/n03028079/n03028079_80.JPEG,n03028079,497,church,jpeg,70,497,church,0.30870339274406433,True,35184,34008,1.0345800988002822,38.178142227785045,0.9910861552642322
imagenette,data/imagenette2-320/val/n03028079/n03028079_800.JPEG,n03028079,497,church,jpeg,70,437,beacon,0.26453617215156555,False,22150,21507,1.0298972427581718,41.63914732577239,0.9902163905024096
imagenette,data/imagenette2-320/val/n03028079/n03028079_80352.JPEG,n03028079,497,church,jpeg,70,663,monastery,0.2855478525161743,False,30415,29465,1.0322416426268455,40.67630957139479,0.9921914116378945
imagenette,data/imagenette2-320/val/n03028079/n03028079_8132.JPEG,n03028079,497,church,jpeg,70,538,dome,0.3250158727169037,False,22374,21765,1.0279807029634735,43.53829821074647,0.990782043602413
imagenette,data/imagenette2-320/val/n03028079/n03028079_8151.JPEG,n03028079,497,church,jpeg,70,497,church,0.3319936692714691,True,40050,38502,1.040205703599813,36.10605661479597,0.990628621628593
imagenette,data/imagenette2-320/val/n03028079/n03028079_8161.JPEG,n03028079,497,church,jpeg,70,442,bell cote,0.18530014157295227,False,35069,33956,1.0327777123336082,39.65279237363125,0.9915729844304771
imagenette,data/imagenette2-320/val/n03028079/n03028079_8162.JPEG,n03028079,497,church,jpeg,70,497,church,0.35249394178390503,True,20780,20069,1.0354277741790823,41.84138035083542,0.9907493806246901
imagenette,data/imagenette2-320/val/n03028079/n03028079_8172.JPEG,n03028079,497,church,jpeg,70,663,monastery,0.4716763496398926,False,31983,31031,1.030678998420934,38.2995675554039,0.993050774963583
imagenette,data/imagenette2-320/val/n03028079/n03028079_83412.JPEG,n03028079,497,church,jpeg,70,769,rule,0.06295362859964371,False,27696,26920,1.0288261515601782,41.25149310139052,0.9896272229668602
imagenette,data/imagenette2-320/val/n03028079/n03028079_8360.JPEG,n03028079,497,church,jpeg,70,687,organ,0.40088021755218506,False,31058,29827,1.0412713313440842,37.947649790851955,0.9847051832258139
imagenette,data/imagenette2-320/val/n03028079/n03028079_8361.JPEG,n03028079,497,church,jpeg,70,437,beacon,0.0779867172241211,False,19547,19053,1.0259276754316906,44.610762995302615,0.9868440841394395
imagenette,data/imagenette2-320/val/n03028079/n03028079_8382.JPEG,n03028079,497,church,jpeg,70,442,bell cote,0.2235063761472702,False,47954,46291,1.0359249098096823,37.328428599654,0.9918235162016562
imagenette,data/imagenette2-320/val/n03028079/n03028079_8531.JPEG,n03028079,497,church,jpeg,70,497,church,0.6001167297363281,True,30905,29627,1.043136328349141,39.400322957311246,0.9857273868978904
imagenette,data/imagenette2-320/val/n03028079/n03028079_8572.JPEG,n03028079,497,church,jpeg,70,663,monastery,0.26025909185409546,False,22428,21838,1.0270171261104497,42.44508252064015,0.990471392775604
imagenette,data/imagenette2-320/val/n03028079/n03028079_8611.JPEG,n03028079,497,church,jpeg,70,442,bell cote,0.18934214115142822,False,22017,21195,1.0387827317763623,40.602844936933174,0.9904025205009598
imagenette,data/imagenette2-320/val/n03028079/n03028079_8661.JPEG,n03028079,497,church,jpeg,70,497,church,0.27130332589149475,True,38917,37562,1.0360736914967255,38.0742603468145,0.9896237004384344
imagenette,data/imagenette2-320/val/n03028079/n03028079_8712.JPEG,n03028079,497,church,jpeg,70,442,bell cote,0.1891348510980606,False,23821,23024,1.0346160528144546,40.85943117000465,0.9941925431316792
imagenette,data/imagenette2-320/val/n03028079/n03028079_8720.JPEG,n03028079,497,church,jpeg,70,698,palace,0.09998971968889236,False,19684,19101,1.0305219622009318,41.31884571449601,0.9903803826497191
imagenette,data/imagenette2-320/val/n03028079/n03028079_87780.JPEG,n03028079,497,church,jpeg,70,668,mosque,0.17083635926246643,False,22174,21348,1.0386921491474612,41.18855368100574,0.9876514188439497
imagenette,data/imagenette2-320/val/n03028079/n03028079_8911.JPEG,n03028079,497,church,jpeg,70,663,monastery,0.20266790688037872,False,33369,32311,1.0327442666584135,38.36864075555774,0.9881236510626176
imagenette,data/imagenette2-320/val/n03028079/n03028079_8971.JPEG,n03028079,497,church,jpeg,70,884,vault,0.2470116913318634,False,29984,29013,1.0334677558335919,40.39998233206778,0.9923562676248591
imagenette,data/imagenette2-320/val/n03028079/n03028079_8990.JPEG,n03028079,497,church,jpeg,70,497,church,0.41652509570121765,True,20334,20605,0.9868478524629944,42.30163549755153,0.9732712712197592
imagenette,data/imagenette2-320/val/n03028079/n03028079_901.JPEG,n03028079,497,church,jpeg,70,497,church,0.4683639407157898,True,41633,41087,1.0132888748265876,36.13771989862495,0.9929224342352289
imagenette,data/imagenette2-320/val/n03028079/n03028079_9071.JPEG,n03028079,497,church,jpeg,70,406,altar,0.309321790933609,False,39695,38341,1.0353146761951957,37.115107122557994,0.9898029208650643
imagenette,data/imagenette2-320/val/n03028079/n03028079_9082.JPEG,n03028079,497,church,jpeg,70,663,monastery,0.23699112236499786,False,26311,25502,1.031723002117481,41.95645724815395,0.9928921814971204
imagenette,data/imagenette2-320/val/n03028079/n03028079_9112.JPEG,n03028079,497,church,jpeg,70,497,church,0.20886822044849396,True,32726,31773,1.029994020079942,40.63268887595392,0.9923668360563718
imagenette,data/imagenette2-320/val/n03028079/n03028079_9160.JPEG,n03028079,497,church,jpeg,70,497,church,0.34115853905677795,True,18221,17552,1.0381153144940747,40.14731441552503,0.9851984354150846
imagenette,data/imagenette2-320/val/n03028079/n03028079_9220.JPEG,n03028079,497,church,jpeg,70,497,church,0.20445239543914795,True,12414,12143,1.022317384501359,47.41366115334457,0.9952134971205081
imagenette,data/imagenette2-320/val/n03028079/n03028079_9320.JPEG,n03028079,497,church,jpeg,70,497,church,0.2956540882587433,True,20860,20320,1.0265748031496063,41.57215662758962,0.9895883421667149
imagenette,data/imagenette2-320/val/n03028079/n03028079_9371.JPEG,n03028079,497,church,jpeg,70,912,worm fence,0.3293650448322296,False,35067,33964,1.032475562360146,39.1605766658123,0.9852023336397081
imagenette,data/imagenette2-320/val/n03028079/n03028079_9481.JPEG,n03028079,497,church,jpeg,70,663,monastery,0.19138291478157043,False,26385,25508,1.0343813705504155,38.31732470776847,0.9916828529515053
imagenette,data/imagenette2-320/val/n03028079/n03028079_9500.JPEG,n03028079,497,church,jpeg,70,663,monastery,0.347965806722641,False,14976,14547,1.029490616621984,43.547384807721656,0.941330046162431
imagenette,data/imagenette2-320/val/n03028079/n03028079_9560.JPEG,n03028079,497,church,jpeg,70,884,vault,0.21788829565048218,False,32068,31051,1.0327525683552865,39.63937870612139,0.9883675846108025
imagenette,data/imagenette2-320/val/n03028079/n03028079_9580.JPEG,n03028079,497,church,jpeg,70,497,church,0.25365883111953735,True,31702,30412,1.0424174667894253,38.52854121331732,0.987532806963633
imagenette,data/imagenette2-320/val/n03028079/n03028079_9632.JPEG,n03028079,497,church,jpeg,70,442,bell cote,0.22383710741996765,False,26453,25630,1.0321108076472882,40.02819503250856,0.9903343395576337
imagenette,data/imagenette2-320/val/n03028079/n03028079_9662.JPEG,n03028079,497,church,jpeg,70,442,bell cote,0.48812252283096313,False,29926,29252,1.0230411595788322,40.95053957446676,0.9884391002497736
imagenette,data/imagenette2-320/val/n03028079/n03028079_9682.JPEG,n03028079,497,church,jpeg,70,884,vault,0.12202447652816772,False,13881,13468,1.0306652806652807,44.25298776101393,0.9843693403217847
imagenette,data/imagenette2-320/val/n03028079/n03028079_9702.JPEG,n03028079,497,church,jpeg,70,442,bell cote,0.23505423963069916,False,40860,39385,1.0374508061444712,36.78739329354404,0.9891557159035248
imagenette,data/imagenette2-320/val/n03028079/n03028079_9810.JPEG,n03028079,497,church,jpeg,70,663,monastery,0.10617285966873169,False,19876,19206,1.0348849317921482,40.928613901658444,0.9926859096364145
imagenette,data/imagenette2-320/val/n03028079/n03028079_9821.JPEG,n03028079,497,church,jpeg,70,497,church,0.19387613236904144,True,34240,32843,1.0425357001491946,36.259273430379146,0.989694181052112
imagenette,data/imagenette2-320/val/n03028079/n03028079_9901.JPEG,n03028079,497,church,jpeg,70,663,monastery,0.13410267233848572,False,21015,20471,1.0265741781056128,42.81457792193091,0.9908616937733705
imagenette,data/imagenette2-320/val/n03028079/n03028079_9920.JPEG,n03028079,497,church,jpeg,70,583,guillotine,0.1337893307209015,False,21278,20619,1.031960812842524,43.06982249087224,0.9917754180448494
imagenette,data/imagenette2-320/val/n03028079/n03028079_99351.JPEG,n03028079,497,church,jpeg,70,497,church,0.22035764157772064,True,45551,43398,1.0496105811327712,34.46700331044619,0.9833780520907108
imagenette,data/imagenette2-320/val/n03394916/ILSVRC2012_val_00001492.JPEG,n03394916,566,French horn,jpeg,70,566,French horn,0.4284328520298004,True,27616,26647,1.0363643186850302,39.42106123320269,0.9891514906866297
imagenette,data/imagenette2-320/val/n03394916/ILSVRC2012_val_00003620.JPEG,n03394916,566,French horn,jpeg,70,566,French horn,0.535751223564148,True,25860,25780,1.0031031807602793,39.048273585929174,0.9936303445612792
imagenette,data/imagenette2-320/val/n03394916/ILSVRC2012_val_00004301.JPEG,n03394916,566,French horn,jpeg,70,566,French horn,0.2925424575805664,True,27200,26217,1.037494755311439,39.86139903148944,0.9874256536871231
imagenette,data/imagenette2-320/val/n03394916/ILSVRC2012_val_00007921.JPEG,n03394916,566,French horn,jpeg,70,566,French horn,0.7208021283149719,True,26598,25636,1.037525354969574,40.62331641698725,0.9853039025617064
imagenette,data/imagenette2-320/val/n03394916/ILSVRC2012_val_00009651.JPEG,n03394916,566,French horn,jpeg,70,566,French horn,0.19176892936229706,True,13563,13136,1.0325060901339829,43.97614902605185,0.9876762030823224
imagenette,data/imagenette2-320/val/n03394916/ILSVRC2012_val_00011691.JPEG,n03394916,566,French horn,jpeg,70,875,trombone,0.21932950615882874,False,12674,11967,1.0590791342859531,40.50416176785589,0.9685250253844719
imagenette,data/imagenette2-320/val/n03394916/ILSVRC2012_val_00015542.JPEG,n03394916,566,French horn,jpeg,70,566,French horn,0.5402501821517944,True,22253,22441,0.9916224767167239,44.053138013430235,0.9954745705176586
imagenette,data/imagenette2-320/val/n03394916/ILSVRC2012_val_00025430.JPEG,n03394916,566,French horn,jpeg,70,566,French horn,0.2884747087955475,True,25858,25034,1.0329152352800193,40.79758030560198,0.9883036557219126
imagenette,data/imagenette2-320/val/n03394916/ILSVRC2012_val_00025761.JPEG,n03394916,566,French horn,jpeg,70,513,cornet,0.4371551275253296,False,21700,21973,0.9875756610385473,43.455898001304035,0.9944506009516233
imagenette,data/imagenette2-320/val/n03394916/ILSVRC2012_val_00033682.JPEG,n03394916,566,French horn,jpeg,70,513,cornet,0.22596785426139832,False,33294,32039,1.0391710103311589,39.2589153835296,0.9879053958649721
imagenette,data/imagenette2-320/val/n03394916/ILSVRC2012_val_00037592.JPEG,n03394916,566,French horn,jpeg,70,566,French horn,0.5780084133148193,True,34211,32930,1.0389006984512603,39.06467159561337,0.9882709819819856
imagenette,data/imagenette2-320/val/n03394916/ILSVRC2012_val_00041242.JPEG,n03394916,566,French horn,jpeg,70,461,breastplate,0.04890529066324234,False,41874,40375,1.03712693498452,37.380726958701814,0.9899276536011893
imagenette,data/imagenette2-320/val/n03394916/n03394916_10501.JPEG,n03394916,566,French horn,jpeg,70,566,French horn,0.4541120231151581,True,10283,9984,1.0299479166666667,43.94520453731366,0.9951938701792987
imagenette,data/imagenette2-320/val/n03394916/n03394916_10591.JPEG,n03394916,566,French horn,jpeg,70,566,French horn,0.40679624676704407,True,29417,28504,1.0320305921975863,40.117105070230735,0.9895772121401053
imagenette,data/imagenette2-320/val/n03394916/n03394916_1091.JPEG,n03394916,566,French horn,jpeg,70,566,French horn,0.4313003122806549,True,27341,26603,1.027741232191858,40.914942818817615,0.9904516517574579
imagenette,data/imagenette2-320/val/n03394916/n03394916_11030.JPEG,n03394916,566,French horn,jpeg,70,566,French horn,0.38339918851852417,True,16645,16039,1.0377829041710829,42.76958233517582,0.9950072411366943
imagenette,data/imagenette2-320/val/n03394916/n03394916_1130.JPEG,n03394916,566,French horn,jpeg,70,566,French horn,0.2525380253791809,True,26736,25772,1.0374049355890114,41.397711768882246,0.9910595940326017
imagenette,data/imagenette2-320/val/n03394916/n03394916_11330.JPEG,n03394916,566,French horn,jpeg,70,875,trombone,0.21245302259922028,False,26025,25190,1.0331480746327908,41.239084256518666,0.98824516022681
imagenette,data/imagenette2-320/val/n03394916/n03394916_11571.JPEG,n03394916,566,French horn,jpeg,70,566,French horn,0.6691112518310547,True,16319,15845,1.0299147996213316,43.3479952104592,0.9929381899648856
imagenette,data/imagenette2-320/val/n03394916/n03394916_11582.JPEG,n03394916,566,French horn,jpeg,70,566,French horn,0.5458330512046814,True,32699,31852,1.0265917367826196,39.750927640708206,0.9899035926482984
imagenette,data/imagenette2-320/val/n03394916/n03394916_12292.JPEG,n03394916,566,French horn,jpeg,70,566,French horn,0.5636829137802124,True,37205,36092,1.0308378588052753,38.853904764135734,0.9898257578412611
imagenette,data/imagenette2-320/val/n03394916/n03394916_12430.JPEG,n03394916,566,French horn,jpeg,70,566,French horn,0.2287542074918747,True,25927,24988,1.03757803745798,40.31268908420554,0.9928147161092779
imagenette,data/imagenette2-320/val/n03394916/n03394916_13492.JPEG,n03394916,566,French horn,jpeg,70,875,trombone,0.45830002427101135,False,12817,12469,1.027909214852835,44.75700405079791,0.9923767074735955
imagenette,data/imagenette2-320/val/n03394916/n03394916_14002.JPEG,n03394916,566,French horn,jpeg,70,875,trombone,0.14426545798778534,False,28177,27257,1.0337527974465275,40.28000292986689,0.991271933756353
imagenette,data/imagenette2-320/val/n03394916/n03394916_14162.JPEG,n03394916,566,French horn,jpeg,70,566,French horn,0.44932276010513306,True,20581,19799,1.0394969442901156,42.4294846392756,0.9769359434495715
imagenette,data/imagenette2-320/val/n03394916/n03394916_15352.JPEG,n03394916,566,French horn,jpeg,70,566,French horn,0.518347442150116,True,26573,25734,1.032602782311339,40.308308031755686,0.9929204610457006
imagenette,data/imagenette2-320/val/n03394916/n03394916_15691.JPEG,n03394916,566,French horn,jpeg,70,566,French horn,0.39396631717681885,True,28513,27378,1.0414566440207467,39.64891524702889,0.9881284065980761
imagenette,data/imagenette2-320/val/n03394916/n03394916_1592.JPEG,n03394916,566,French horn,jpeg,70,566,French horn,0.5010438561439514,True,16442,15943,1.0312990026971085,45.420663018713235,0.9943741184663066
imagenette,data/imagenette2-320/val/n03394916/n03394916_16212.JPEG,n03394916,566,French horn,jpeg,70,566,French horn,0.6604011058807373,True,16246,15708,1.0342500636618284,43.90150441316881,0.9943655396479002
imagenette,data/imagenette2-320/val/n03394916/n03394916_16322.JPEG,n03394916,566,French horn,jpeg,70,566,French horn,0.40148502588272095,True,16997,16496,1.0303709990300678,44.24199806946418,0.9924658859977328
imagenette,data/imagenette2-320/val/n03394916/n03394916_16601.JPEG,n03394916,566,French horn,jpeg,70,566,French horn,0.5053302645683289,True,21569,20867,1.0336416351176498,41.99519309711147,0.9885446201645053
imagenette,data/imagenette2-320/val/n03394916/n03394916_16781.JPEG,n03394916,566,French horn,jpeg,70,566,French horn,0.5541244149208069,True,20258,19611,1.0329916883381776,40.353249337173736,0.9919105995452807
imagenette,data/imagenette2-320/val/n03394916/n03394916_17100.JPEG,n03394916,566,French horn,jpeg,70,566,French horn,0.7206454873085022,True,23987,23262,1.0311667096552317,42.97943003377711,0.993623942083493
imagenette,data/imagenette2-320/val/n03394916/n03394916_17141.JPEG,n03394916,566,French horn,jpeg,70,566,French horn,0.37317922711372375,True,22716,22007,1.032217021856682,41.59150270977119,0.991689243538968
imagenette,data/imagenette2-320/val/n03394916/n03394916_17780.JPEG,n03394916,566,French horn,jpeg,70,566,French horn,0.4486883878707886,True,15921,15370,1.0358490566037737,44.95638691390809,0.9948021793302178
imagenette,data/imagenette2-320/val/n03394916/n03394916_17890.JPEG,n03394916,566,French horn,jpeg,70,566,French horn,0.629498302936554,True,26049,25190,1.0341008336641524,39.49902953323485,0.9916550923699363
imagenette,data/imagenette2-320/val/n03394916/n03394916_180.JPEG,n03394916,566,French horn,jpeg,70,566,French horn,0.544492244720459,True,14591,14142,1.0317493989534718,42.310206988070924,0.9915557559769809
imagenette,data/imagenette2-320/val/n03394916/n03394916_18691.JPEG,n03394916,566,French horn,jpeg,70,566,French horn,0.4630146026611328,True,17535,16974,1.0330505478967833,43.54087368400049,0.990876147736619
imagenette,data/imagenette2-320/val/n03394916/n03394916_18901.JPEG,n03394916,566,French horn,jpeg,70,566,French horn,0.42818188667297363,True,15499,15106,1.0260161525221767,44.42280147314704,0.9905734127818734
imagenette,data/imagenette2-320/val/n03394916/n03394916_19491.JPEG,n03394916,566,French horn,jpeg,70,566,French horn,0.4976375102996826,True,16791,16260,1.0326568265682656,43.555181052181666,0.9929273089951746
imagenette,data/imagenette2-320/val/n03394916/n03394916_20281.JPEG,n03394916,566,French horn,jpeg,70,566,French horn,0.6811797022819519,True,24574,23761,1.0342157316611253,39.84466231784327,0.9900936221939881
imagenette,data/imagenette2-320/val/n03394916/n03394916_20420.JPEG,n03394916,566,French horn,jpeg,70,566,French horn,0.4866809546947479,True,31240,30304,1.0308870116156283,41.174508350521364,0.9899091465406076
imagenette,data/imagenette2-320/val/n03394916/n03394916_21040.JPEG,n03394916,566,French horn,jpeg,70,566,French horn,0.7033844590187073,True,41087,39490,1.0404406178779437,37.601547520926644,0.9917815304684595
imagenette,data/imagenette2-320/val/n03394916/n03394916_21092.JPEG,n03394916,566,French horn,jpeg,70,566,French horn,0.25574561953544617,True,26321,25474,1.0332495878150272,41.47629565732921,0.9902168949284178
imagenette,data/imagenette2-320/val/n03394916/n03394916_21272.JPEG,n03394916,566,French horn,jpeg,70,566,French horn,0.5844807624816895,True,21412,20754,1.0317047316180012,43.749456850531104,0.9934952927556328
imagenette,data/imagenette2-320/val/n03394916/n03394916_2151.JPEG,n03394916,566,French horn,jpeg,70,566,French horn,0.4160500764846802,True,28567,27775,1.0285148514851485,40.817623587367784,0.9915214085583912
imagenette,data/imagenette2-320/val/n03394916/n03394916_22661.JPEG,n03394916,566,French horn,jpeg,70,566,French horn,0.5295109748840332,True,10800,10489,1.029650109638669,47.71168765400499,0.9962314522178772
imagenette,data/imagenette2-320/val/n03394916/n03394916_22791.JPEG,n03394916,566,French horn,jpeg,70,566,French horn,0.37721601128578186,True,28118,27167,1.0350057054514668,39.67930136802717,0.9865163809040816
imagenette,data/imagenette2-320/val/n03394916/n03394916_230.JPEG,n03394916,566,French horn,jpeg,70,566,French horn,0.3660474717617035,True,33548,32542,1.0309138958883903,42.120846190896245,0.9919821504164531
imagenette,data/imagenette2-320/val/n03394916/n03394916_23071.JPEG,n03394916,566,French horn,jpeg,70,566,French horn,0.5600308775901794,True,19272,18776,1.0264167021729869,41.87426448231295,0.9910093194559052
imagenette,data/imagenette2-320/val/n03394916/n03394916_23222.JPEG,n03394916,566,French horn,jpeg,70,566,French horn,0.4748634994029999,True,42983,41017,1.0479313455396544,35.55862731093937,0.990645481111846
imagenette,data/imagenette2-320/val/n03394916/n03394916_23411.JPEG,n03394916,566,French horn,jpeg,70,566,French horn,0.5595185160636902,True,41380,40253,1.0279979131990162,38.93801741355353,0.9906583233473599
imagenette,data/imagenette2-320/val/n03394916/n03394916_23742.JPEG,n03394916,566,French horn,jpeg,70,566,French horn,0.47345224022865295,True,34825,33549,1.038033920534144,39.402298652139045,0.992072695122958
imagenette,data/imagenette2-320/val/n03394916/n03394916_23942.JPEG,n03394916,566,French horn,jpeg,70,566,French horn,0.4163252115249634,True,29926,28865,1.0367573185518795,38.298275041043716,0.9903623510425629
imagenette,data/imagenette2-320/val/n03394916/n03394916_24391.JPEG,n03394916,566,French horn,jpeg,70,566,French horn,0.47793155908584595,True,28825,28726,1.003446355218269,39.398345149666135,0.9940036548649814
imagenette,data/imagenette2-320/val/n03394916/n03394916_24420.JPEG,n03394916,566,French horn,jpeg,70,566,French horn,0.4963987171649933,True,17247,16712,1.0320129248444232,41.82098367532055,0.9939387437316588
imagenette,data/imagenette2-320/val/n03394916/n03394916_24532.JPEG,n03394916,566,French horn,jpeg,70,566,French horn,0.3949165344238281,True,20701,20271,1.0212125696808247,42.64049321076137,0.9916926793419836
imagenette,data/imagenette2-320/val/n03394916/n03394916_25580.JPEG,n03394916,566,French horn,jpeg,70,566,French horn,0.674678385257721,True,23851,23088,1.0330474705474706,40.91802295669248,0.9906318014194957
imagenette,data/imagenette2-320/val/n03394916/n03394916_25670.JPEG,n03394916,566,French horn,jpeg,70,566,French horn,0.509227991104126,True,33504,32140,1.0424393279402613,38.79805922935673,0.9894929805671175
imagenette,data/imagenette2-320/val/n03394916/n03394916_25781.JPEG,n03394916,566,French horn,jpeg,70,566,French horn,0.5487695932388306,True,29135,28389,1.0262777836485963,41.11972614326886,0.9917355269020609
imagenette,data/imagenette2-320/val/n03394916/n03394916_25821.JPEG,n03394916,566,French horn,jpeg,70,566,French horn,0.35529041290283203,True,26720,25890,1.0320587099266125,41.57363333318611,0.9925748793376057
imagenette,data/imagenette2-320/val/n03394916/n03394916_25832.JPEG,n03394916,566,French horn,jpeg,70,566,French horn,0.6601820588111877,True,23820,23033,1.0341683671254287,41.09932422061213,0.9901211520613179
imagenette,data/imagenette2-320/val/n03394916/n03394916_26040.JPEG,n03394916,566,French horn,jpeg,70,566,French horn,0.30587291717529297,True,26158,25452,1.0277384881345277,43.11598679681089,0.9916240058265066
imagenette,data/imagenette2-320/val/n03394916/n03394916_26102.JPEG,n03394916,566,French horn,jpeg,70,566,French horn,0.2620088756084442,True,30840,29646,1.040275247925521,37.75426781834713,0.9887299849506421
imagenette,data/imagenette2-320/val/n03394916/n03394916_26252.JPEG,n03394916,566,French horn,jpeg,70,566,French horn,0.32742178440093994,True,29673,28660,1.0353454291695743,40.514694611404806,0.9915690006117597
imagenette,data/imagenette2-320/val/n03394916/n03394916_26260.JPEG,n03394916,566,French horn,jpeg,70,566,French horn,0.32613426446914673,True,30478,29463,1.0344499881206937,41.40855051168741,0.9706865646676803
imagenette,data/imagenette2-320/val/n03394916/n03394916_26270.JPEG,n03394916,566,French horn,jpeg,70,566,French horn,0.3037870228290558,True,21175,20616,1.027114862242918,42.933491884511376,0.9911829687960255
imagenette,data/imagenette2-320/val/n03394916/n03394916_26391.JPEG,n03394916,566,French horn,jpeg,70,566,French horn,0.42594003677368164,True,38827,37462,1.036436922748385,38.924965740182046,0.991211717060367
imagenette,data/imagenette2-320/val/n03394916/n03394916_26422.JPEG,n03394916,566,French horn,jpeg,70,566,French horn,0.4709884822368622,True,27045,26106,1.035968742817743,39.93005293257148,0.9913523864124891
imagenette,data/imagenette2-320/val/n03394916/n03394916_26802.JPEG,n03394916,566,French horn,jpeg,70,566,French horn,0.452049195766449,True,26139,25250,1.0352079207920792,41.32579630121619,0.9899177311643754
imagenette,data/imagenette2-320/val/n03394916/n03394916_26831.JPEG,n03394916,566,French horn,jpeg,70,566,French horn,0.1141904816031456,True,11257,10959,1.027192262067707,44.558312125818425,0.9937934933827378
imagenette,data/imagenette2-320/val/n03394916/n03394916_26940.JPEG,n03394916,566,French horn,jpeg,70,566,French horn,0.6202661395072937,True,22688,21958,1.0332452864559614,41.33148397977524,0.9906052925843984
imagenette,data/imagenette2-320/val/n03394916/n03394916_27071.JPEG,n03394916,566,French horn,jpeg,70,566,French horn,0.5609709620475769,True,21806,21088,1.0340477996965098,42.9953995152879,0.9909191660837369
imagenette,data/imagenette2-320/val/n03394916/n03394916_27241.JPEG,n03394916,566,French horn,jpeg,70,566,French horn,0.3398956060409546,True,26582,25753,1.0321904244165727,41.074963990548746,0.9904001799681685
imagenette,data/imagenette2-320/val/n03394916/n03394916_27560.JPEG,n03394916,566,French horn,jpeg,70,594,harp,0.0745822936296463,False,29370,28334,1.036563845556575,40.25561112653443,0.9903175304928334
imagenette,data/imagenette2-320/val/n03394916/n03394916_27932.JPEG,n03394916,566,French horn,jpeg,70,566,French horn,0.3540192246437073,True,33001,31890,1.0348385073690811,40.11561871141964,0.9908164317186511
imagenette,data/imagenette2-320/val/n03394916/n03394916_28291.JPEG,n03394916,566,French horn,jpeg,70,875,trombone,0.4027177691459656,False,35155,33710,1.0428656185108276,38.827645238254405,0.9878136976541482
imagenette,data/imagenette2-320/val/n03394916/n03394916_28381.JPEG,n03394916,566,French horn,jpeg,70,566,French horn,0.4015370309352875,True,41174,39652,1.0383839402804398,39.239061023395806,0.9796554722140817
imagenette,data/imagenette2-320/val/n03394916/n03394916_28421.JPEG,n03394916,566,French horn,jpeg,70,513,cornet,0.12057117372751236,False,35733,34297,1.041869551272706,33.86396806411031,0.9839549956223514
imagenette,data/imagenette2-320/val/n03394916/n03394916_28431.JPEG,n03394916,566,French horn,jpeg,70,566,French horn,0.132823646068573,True,17003,16371,1.0386048500397043,43.60911963421459,0.9920936786854874
imagenette,data/imagenette2-320/val/n03394916/n03394916_28461.JPEG,n03394916,566,French horn,jpeg,70,875,trombone,0.22194750607013702,False,30599,29810,1.0264676283126468,41.01912973857735,0.9906465655099074
imagenette,data/imagenette2-320/val/n03394916/n03394916_28561.JPEG,n03394916,566,French horn,jpeg,70,566,French horn,0.5584964752197266,True,36016,34680,1.0385236447520185,38.23554263150361,0.986816687986041
imagenette,data/imagenette2-320/val/n03394916/n03394916_28590.JPEG,n03394916,566,French horn,jpeg,70,566,French horn,0.34544509649276733,True,22593,21918,1.0307966055297015,41.2807297259133,0.9904187240048125
imagenette,data/imagenette2-320/val/n03394916/n03394916_28651.JPEG,n03394916,566,French horn,jpeg,70,566,French horn,0.4740716516971588,True,24755,24097,1.027306303689256,44.816718118156864,0.9947152651092015
imagenette,data/imagenette2-320/val/n03394916/n03394916_28830.JPEG,n03394916,566,French horn,jpeg,70,566,French horn,0.4310482144355774,True,18307,17813,1.0277325548756526,42.218265360574996,0.9895493248608679
imagenette,data/imagenette2-320/val/n03394916/n03394916_28971.JPEG,n03394916,566,French horn,jpeg,70,566,French horn,0.14991913735866547,True,18223,17671,1.0312376209608964,42.80354197612869,0.9901702793750954
imagenette,data/imagenette2-320/val/n03394916/n03394916_29091.JPEG,n03394916,566,French horn,jpeg,70,566,French horn,0.6755212545394897,True,19666,19134,1.027803909271454,43.24881747155178,0.9899512495815913
imagenette,data/imagenette2-320/val/n03394916/n03394916_29130.JPEG,n03394916,566,French horn,jpeg,70,566,French horn,0.2155703455209732,True,37553,36388,1.0320160492470045,38.57317646972663,0.9904323960596226
imagenette,data/imagenette2-320/val/n03394916/n03394916_29142.JPEG,n03394916,566,French horn,jpeg,70,566,French horn,0.4458038806915283,True,25076,24169,1.03752741114651,41.27586773088667,0.9896918228101481
imagenette,data/imagenette2-320/val/n03394916/n03394916_292.JPEG,n03394916,566,French horn,jpeg,70,566,French horn,0.4174274504184723,True,38580,37154,1.0383807934542715,37.612818048800165,0.9916177249564001
imagenette,data/imagenette2-320/val/n03394916/n03394916_29311.JPEG,n03394916,566,French horn,jpeg,70,566,French horn,0.3382277190685272,True,20714,19996,1.0359071814362872,40.288457998751085,0.9941727481488728
imagenette,data/imagenette2-320/val/n03394916/n03394916_29412.JPEG,n03394916,566,French horn,jpeg,70,566,French horn,0.6347872614860535,True,24041,23266,1.0333104100404022,40.038744026756376,0.9928717036216815
imagenette,data/imagenette2-320/val/n03394916/n03394916_29480.JPEG,n03394916,566,French horn,jpeg,70,566,French horn,0.4909767508506775,True,48687,46802,1.0402760565787788,36.015408329391406,0.9919211678512213
imagenette,data/imagenette2-320/val/n03394916/n03394916_29500.JPEG,n03394916,566,French horn,jpeg,70,566,French horn,0.5013744831085205,True,26417,25504,1.0357983061480551,40.93634666024552,0.9856840342930658
imagenette,data/imagenette2-320/val/n03394916/n03394916_29530.JPEG,n03394916,566,French horn,jpeg,70,566,French horn,0.5405977964401245,True,23483,22748,1.0323105327940918,41.953409786629535,0.9890960977034874
imagenette,data/imagenette2-320/val/n03394916/n03394916_29541.JPEG,n03394916,566,French horn,jpeg,70,776,sax,0.27944037318229675,False,24501,23764,1.031013297424676,41.28605610605945,0.9897402321721606
imagenette,data/imagenette2-320/val/n03394916/n03394916_29580.JPEG,n03394916,566,French horn,jpeg,70,566,French horn,0.3170332908630371,True,22309,21597,1.0329675417882114,42.161362374844956,0.9890146983364287
imagenette,data/imagenette2-320/val/n03394916/n03394916_29611.JPEG,n03394916,566,French horn,jpeg,70,566,French horn,0.3699190616607666,True,28384,27435,1.034590851102606,39.03858660383098,0.9891746784204027
imagenette,data/imagenette2-320/val/n03394916/n03394916_29622.JPEG,n03394916,566,French horn,jpeg,70,566,French horn,0.3807337284088135,True,25314,24440,1.035761047463175,41.83098129706344,0.9930195431809162
imagenette,data/imagenette2-320/val/n03394916/n03394916_29722.JPEG,n03394916,566,French horn,jpeg,70,566,French horn,0.3272857367992401,True,23696,22852,1.0369333099947489,42.480374684083145,0.991078280723597
imagenette,data/imagenette2-320/val/n03394916/n03394916_29752.JPEG,n03394916,566,French horn,jpeg,70,566,French horn,0.13335388898849487,True,26869,25740,1.0438616938616938,40.30318203238651,0.9587655221320593
imagenette,data/imagenette2-320/val/n03394916/n03394916_29762.JPEG,n03394916,566,French horn,jpeg,70,566,French horn,0.21205827593803406,True,33179,32125,1.0328093385214008,40.22255706772473,0.9899791346825265
imagenette,data/imagenette2-320/val/n03394916/n03394916_29780.JPEG,n03394916,566,French horn,jpeg,70,566,French horn,0.26042449474334717,True,27969,27043,1.0342417631179972,40.77151134562811,0.9921012800020687
imagenette,data/imagenette2-320/val/n03394916/n03394916_29842.JPEG,n03394916,566,French horn,jpeg,70,566,French horn,0.8497335910797119,True,17533,17015,1.0304437261240083,42.40721977264991,0.987525961023354
imagenette,data/imagenette2-320/val/n03394916/n03394916_29861.JPEG,n03394916,566,French horn,jpeg,70,566,French horn,0.4326521158218384,True,35706,34393,1.038176373099177,39.06344424232147,0.9928337959856424
imagenette,data/imagenette2-320/val/n03394916/n03394916_29911.JPEG,n03394916,566,French horn,jpeg,70,566,French horn,0.15805672109127045,True,24858,23922,1.0391271632806622,40.73910234287857,0.9887815913901118
imagenette,data/imagenette2-320/val/n03394916/n03394916_29940.JPEG,n03394916,566,French horn,jpeg,70,566,French horn,0.4029209315776825,True,55381,53246,1.0400969086879766,35.54228293773262,0.989265076779093
imagenette,data/imagenette2-320/val/n03394916/n03394916_30001.JPEG,n03394916,566,French horn,jpeg,70,566,French horn,0.2953219413757324,True,21361,20696,1.0321318129107073,41.80685728121537,0.9907066496035357
imagenette,data/imagenette2-320/val/n03394916/n03394916_30072.JPEG,n03394916,566,French horn,jpeg,70,566,French horn,0.3198795020580292,True,31585,30442,1.0375468103278365,40.0204397838114,0.9911924011322338
imagenette,data/imagenette2-320/val/n03394916/n03394916_30162.JPEG,n03394916,566,French horn,jpeg,70,566,French horn,0.2719785273075104,True,45181,43602,1.03621393514059,36.647153367977275,0.9912949719082921
imagenette,data/imagenette2-320/val/n03394916/n03394916_30222.JPEG,n03394916,566,French horn,jpeg,70,566,French horn,0.32352733612060547,True,29618,28576,1.0364641657334825,39.43673311514499,0.9896390037383943
imagenette,data/imagenette2-320/val/n03394916/n03394916_30231.JPEG,n03394916,566,French horn,jpeg,70,566,French horn,0.2862066924571991,True,25908,24911,1.0400224800289029,39.283521526410325,0.989177501233199
imagenette,data/imagenette2-320/val/n03394916/n03394916_30261.JPEG,n03394916,566,French horn,jpeg,70,566,French horn,0.3703414499759674,True,27767,26870,1.0333829549683662,41.25115987396334,0.9904023551449512
imagenette,data/imagenette2-320/val/n03394916/n03394916_30310.JPEG,n03394916,566,French horn,jpeg,70,566,French horn,0.41647616028785706,True,23561,22783,1.034148268445771,41.38338632791121,0.9901168728912072
imagenette,data/imagenette2-320/val/n03394916/n03394916_30432.JPEG,n03394916,566,French horn,jpeg,70,566,French horn,0.43795162439346313,True,42943,41199,1.0423311245418578,37.23662464884099,0.9918683363216562
imagenette,data/imagenette2-320/val/n03394916/n03394916_30451.JPEG,n03394916,566,French horn,jpeg,70,566,French horn,0.35744306445121765,True,30649,29229,1.0485818878511068,37.52412533140967,0.982317823851628
imagenette,data/imagenette2-320/val/n03394916/n03394916_30460.JPEG,n03394916,566,French horn,jpeg,70,566,French horn,0.2126593440771103,True,25495,24650,1.0342799188640974,40.729745457953754,0.9884581918451483
imagenette,data/imagenette2-320/val/n03394916/n03394916_30500.JPEG,n03394916,566,French horn,jpeg,70,566,French horn,0.5230158567428589,True,18071,17595,1.0270531400966183,44.54901683048091,0.9910999956772919
imagenette,data/imagenette2-320/val/n03394916/n03394916_30631.JPEG,n03394916,566,French horn,jpeg,70,566,French horn,0.485699325799942,True,38214,36774,1.0391581008321096,37.42574765824822,0.9903373459677868
imagenette,data/imagenette2-320/val/n03394916/n03394916_30671.JPEG,n03394916,566,French horn,jpeg,70,566,French horn,0.24797354638576508,True,35248,34124,1.0329386941741883,40.385250640576366,0.9916464315640878
imagenette,data/imagenette2-320/val/n03394916/n03394916_30700.JPEG,n03394916,566,French horn,jpeg,70,566,French horn,0.5775888562202454,True,35352,34087,1.0371109220523953,39.094382462535975,0.992297926387791
imagenette,data/imagenette2-320/val/n03394916/n03394916_30881.JPEG,n03394916,566,French horn,jpeg,70,566,French horn,0.49955442547798157,True,35043,33813,1.0363765415668529,38.846316398150705,0.9921012906537073
imagenette,data/imagenette2-320/val/n03394916/n03394916_31032.JPEG,n03394916,566,French horn,jpeg,70,566,French horn,0.8827446699142456,True,34289,33984,1.0089748116760828,39.944219324371524,0.9766943827158582
imagenette,data/imagenette2-320/val/n03394916/n03394916_31860.JPEG,n03394916,566,French horn,jpeg,70,566,French horn,0.4308081865310669,True,42070,40476,1.0393813617946437,37.863544760738584,0.9872317115187311
imagenette,data/imagenette2-320/val/n03394916/n03394916_31871.JPEG,n03394916,566,French horn,jpeg,70,566,French horn,0.13704991340637207,True,21558,20846,1.0341552336179602,42.25872177778747,0.9918693506924919
imagenette,data/imagenette2-320/val/n03394916/n03394916_32272.JPEG,n03394916,566,French horn,jpeg,70,566,French horn,0.4377475380897522,True,28967,28997,0.9989654102148499,41.86780100848797,0.9902935132929304
imagenette,data/imagenette2-320/val/n03394916/n03394916_32340.JPEG,n03394916,566,French horn,jpeg,70,566,French horn,0.27333950996398926,True,22681,22093,1.0266147648576471,41.26073541189682,0.9880439591820179
imagenette,data/imagenette2-320/val/n03394916/n03394916_32411.JPEG,n03394916,566,French horn,jpeg,70,566,French horn,0.6335159540176392,True,19063,18556,1.0273226988575124,43.489158023381705,0.9921210695403127
imagenette,data/imagenette2-320/val/n03394916/n03394916_32422.JPEG,n03394916,566,French horn,jpeg,70,566,French horn,0.3818025588989258,True,35813,34638,1.033922281886945,38.663958747238865,0.9891394793710325
imagenette,data/imagenette2-320/val/n03394916/n03394916_32520.JPEG,n03394916,566,French horn,jpeg,70,566,French horn,0.3826451599597931,True,20044,19420,1.0321318228630278,42.61366924452443,0.9912958178053076
imagenette,data/imagenette2-320/val/n03394916/n03394916_32522.JPEG,n03394916,566,French horn,jpeg,70,566,French horn,0.46385952830314636,True,34217,33363,1.0255972184755568,39.6167231816077,0.9901441137592216
imagenette,data/imagenette2-320/val/n03394916/n03394916_32550.JPEG,n03394916,566,French horn,jpeg,70,566,French horn,0.33097127079963684,True,22209,21502,1.0328806622639755,42.114220514425625,0.9857751283012046
imagenette,data/imagenette2-320/val/n03394916/n03394916_32582.JPEG,n03394916,566,French horn,jpeg,70,566,French horn,0.2814931869506836,True,26183,25311,1.0344514242819327,41.18600793690461,0.9876801725344969
imagenette,data/imagenette2-320/val/n03394916/n03394916_32661.JPEG,n03394916,566,French horn,jpeg,70,566,French horn,0.1655506044626236,True,22659,21964,1.0316426880349663,41.442565770240314,0.9854852797667698
imagenette,data/imagenette2-320/val/n03394916/n03394916_32730.JPEG,n03394916,566,French horn,jpeg,70,566,French horn,0.13222858309745789,True,24008,23313,1.029811693046798,42.725255100257336,0.9888189768089842
imagenette,data/imagenette2-320/val/n03394916/n03394916_32800.JPEG,n03394916,566,French horn,jpeg,70,566,French horn,0.2965027987957001,True,26471,25604,1.0338618965786597,40.92120045236575,0.9910365945949513
imagenette,data/imagenette2-320/val/n03394916/n03394916_32870.JPEG,n03394916,566,French horn,jpeg,70,566,French horn,0.6092886924743652,True,26185,26447,0.9900933943358415,42.52913427495894,0.9935597229814866
imagenette,data/imagenette2-320/val/n03394916/n03394916_32931.JPEG,n03394916,566,French horn,jpeg,70,566,French horn,0.49201998114585876,True,22058,21329,1.0341788175723194,42.916945212002375,0.9912501345532005
imagenette,data/imagenette2-320/val/n03394916/n03394916_32980.JPEG,n03394916,566,French horn,jpeg,70,566,French horn,0.4352062940597534,True,45650,43645,1.0459388246076298,34.86310019723048,0.9864847568592495
imagenette,data/imagenette2-320/val/n03394916/n03394916_32982.JPEG,n03394916,566,French horn,jpeg,70,566,French horn,0.4564248323440552,True,23137,22401,1.0328556760858891,41.89493839555756,0.9911017538883247
imagenette,data/imagenette2-320/val/n03394916/n03394916_33012.JPEG,n03394916,566,French horn,jpeg,70,566,French horn,0.16413000226020813,True,27372,26488,1.033373603141045,39.737659550917165,0.9901077844095468
imagenette,data/imagenette2-320/val/n03394916/n03394916_33101.JPEG,n03394916,566,French horn,jpeg,70,513,cornet,0.0648001953959465,False,25130,25063,1.0026732633762918,41.89840329473442,0.9955184564203413
imagenette,data/imagenette2-320/val/n03394916/n03394916_33181.JPEG,n03394916,566,French horn,jpeg,70,566,French horn,0.21472233533859253,True,22835,22133,1.03171734514074,44.35778142238446,0.9940074492379186
imagenette,data/imagenette2-320/val/n03394916/n03394916_33200.JPEG,n03394916,566,French horn,jpeg,70,566,French horn,0.6693112850189209,True,25100,24267,1.0343264515597312,41.04338363867984,0.9882400922144523
imagenette,data/imagenette2-320/val/n03394916/n03394916_33221.JPEG,n03394916,566,French horn,jpeg,70,566,French horn,0.10121023654937744,True,27244,26317,1.0352243796785348,42.4395486367715,0.9920170856736261
imagenette,data/imagenette2-320/val/n03394916/n03394916_33222.JPEG,n03394916,566,French horn,jpeg,70,566,French horn,0.3890555202960968,True,26667,25941,1.0279865849427547,42.18625426451487,0.9910977790187537
imagenette,data/imagenette2-320/val/n03394916/n03394916_33260.JPEG,n03394916,566,French horn,jpeg,70,566,French horn,0.36882126331329346,True,30340,29262,1.03683958717791,39.76569995177941,0.991232799474532
imagenette,data/imagenette2-320/val/n03394916/n03394916_33262.JPEG,n03394916,566,French horn,jpeg,70,566,French horn,0.4611017405986786,True,15101,14645,1.0311369067941276,44.15660168395387,0.9925255835034016
imagenette,data/imagenette2-320/val/n03394916/n03394916_33291.JPEG,n03394916,566,French horn,jpeg,70,566,French horn,0.24211685359477997,True,33792,32473,1.0406183598681982,37.100565133044,0.9757432530503712
imagenette,data/imagenette2-320/val/n03394916/n03394916_33341.JPEG,n03394916,566,French horn,jpeg,70,566,French horn,0.6225579380989075,True,35640,34515,1.032594524119948,39.34857812043755,0.9912621328261603
imagenette,data/imagenette2-320/val/n03394916/n03394916_33352.JPEG,n03394916,566,French horn,jpeg,70,776,sax,0.41293996572494507,False,25288,24497,1.0322896681226272,41.290076613113875,0.9906639655933871
imagenette,data/imagenette2-320/val/n03394916/n03394916_33380.JPEG,n03394916,566,French horn,jpeg,70,566,French horn,0.06972385197877884,True,25884,25012,1.0348632656324963,40.81244679112372,0.9884667861470007
imagenette,data/imagenette2-320/val/n03394916/n03394916_33462.JPEG,n03394916,566,French horn,jpeg,70,566,French horn,0.5412841439247131,True,32254,31144,1.03564089391215,39.63886643488922,0.9913144979008006
imagenette,data/imagenette2-320/val/n03394916/n03394916_33481.JPEG,n03394916,566,French horn,jpeg,70,432,bassoon,0.12719674408435822,False,25991,25274,1.0283690749386722,41.206827510828255,0.9903029146012301
imagenette,data/imagenette2-320/val/n03394916/n03394916_33490.JPEG,n03394916,566,French horn,jpeg,70,566,French horn,0.3578483760356903,True,21248,20503,1.036336145929864,43.54813703885099,0.9907364784847345
imagenette,data/imagenette2-320/val/n03394916/n03394916_33662.JPEG,n03394916,566,French horn,jpeg,70,875,trombone,0.2862700819969177,False,22101,21415,1.032033621293486,41.684021914537695,0.9904953922949226
imagenette,data/imagenette2-320/val/n03394916/n03394916_33711.JPEG,n03394916,566,French horn,jpeg,70,566,French horn,0.48260214924812317,True,20803,20180,1.0308721506442022,40.90703408532769,0.9881642747384224
imagenette,data/imagenette2-320/val/n03394916/n03394916_33771.JPEG,n03394916,566,French horn,jpeg,70,566,French horn,0.41175422072410583,True,23221,22380,1.0375781948168008,39.66303647605448,0.9932498432804703
imagenette,data/imagenette2-320/val/n03394916/n03394916_33902.JPEG,n03394916,566,French horn,jpeg,70,566,French horn,0.1457415670156479,True,22844,21653,1.0550039255530412,37.94207014632494,0.9535012216576503
imagenette,data/imagenette2-320/val/n03394916/n03394916_33940.JPEG,n03394916,566,French horn,jpeg,70,566,French horn,0.464719295501709,True,29575,28435,1.040091436609812,39.60600092307391,0.9896254371574901
imagenette,data/imagenette2-320/val/n03394916/n03394916_33942.JPEG,n03394916,566,French horn,jpeg,70,566,French horn,0.28359970450401306,True,28705,27825,1.0316262353998202,41.240095960347425,0.9908913619089281
imagenette,data/imagenette2-320/val/n03394916/n03394916_34012.JPEG,n03394916,566,French horn,jpeg,70,566,French horn,0.2956358790397644,True,29979,28850,1.0391334488734836,39.09920158204085,0.9864902616106184
imagenette,data/imagenette2-320/val/n03394916/n03394916_34051.JPEG,n03394916,566,French horn,jpeg,70,513,cornet,0.3215835690498352,False,29436,28539,1.0314306738147798,40.580379759365684,0.9920096637101933
imagenette,data/imagenette2-320/val/n03394916/n03394916_3422.JPEG,n03394916,566,French horn,jpeg,70,566,French horn,0.7291919589042664,True,29485,28430,1.037108688005628,41.55278478246431,0.9922346541842813
imagenette,data/imagenette2-320/val/n03394916/n03394916_34332.JPEG,n03394916,566,French horn,jpeg,70,566,French horn,0.596178412437439,True,25614,24424,1.048722567965935,39.2297732646102,0.9841129712628761
imagenette,data/imagenette2-320/val/n03394916/n03394916_34492.JPEG,n03394916,566,French horn,jpeg,70,566,French horn,0.3045884966850281,True,27525,26630,1.0336087119789712,40.53065985976638,0.9867482477212853
imagenette,data/imagenette2-320/val/n03394916/n03394916_34532.JPEG,n03394916,566,French horn,jpeg,70,566,French horn,0.42288464307785034,True,23474,22639,1.0368832545607138,41.679112069436364,0.990676384922795
imagenette,data/imagenette2-320/val/n03394916/n03394916_34752.JPEG,n03394916,566,French horn,jpeg,70,566,French horn,0.3333183526992798,True,31443,30469,1.0319669171945256,42.48712808174356,0.9931470836499937
imagenette,data/imagenette2-320/val/n03394916/n03394916_35172.JPEG,n03394916,566,French horn,jpeg,70,566,French horn,0.47879230976104736,True,31898,30782,1.0362549541940096,38.77209474490534,0.988864398930665
imagenette,data/imagenette2-320/val/n03394916/n03394916_35182.JPEG,n03394916,566,French horn,jpeg,70,566,French horn,0.3274742066860199,True,43189,41871,1.0314776336844116,37.95945535652115,0.9915289009560291
imagenette,data/imagenette2-320/val/n03394916/n03394916_35200.JPEG,n03394916,566,French horn,jpeg,70,566,French horn,0.3489431142807007,True,36560,35510,1.0295691354548016,39.28530851511837,0.9919579378093298
imagenette,data/imagenette2-320/val/n03394916/n03394916_3522.JPEG,n03394916,566,French horn,jpeg,70,875,trombone,0.17803268134593964,False,26129,25214,1.0362893630522725,43.727693400761574,0.9938691890163605
imagenette,data/imagenette2-320/val/n03394916/n03394916_35271.JPEG,n03394916,566,French horn,jpeg,70,566,French horn,0.3225020170211792,True,29001,28196,1.028550148957299,41.49663969042065,0.9891311474363004
imagenette,data/imagenette2-320/val/n03394916/n03394916_35292.JPEG,n03394916,566,French horn,jpeg,70,566,French horn,0.46252572536468506,True,35656,33568,1.0622020972354624,34.83903184124393,0.9546021193523805
imagenette,data/imagenette2-320/val/n03394916/n03394916_35320.JPEG,n03394916,566,French horn,jpeg,70,566,French horn,0.33542588353157043,True,43952,42518,1.0337268921397995,37.88005731330601,0.9913713817151635
imagenette,data/imagenette2-320/val/n03394916/n03394916_35360.JPEG,n03394916,566,French horn,jpeg,70,566,French horn,0.47404611110687256,True,15058,14516,1.037338109672086,41.52762850708915,0.9865569228126437
imagenette,data/imagenette2-320/val/n03394916/n03394916_35542.JPEG,n03394916,566,French horn,jpeg,70,566,French horn,0.6953164339065552,True,40450,38728,1.0444639537285685,37.04274499158758,0.9803811613788852
imagenette,data/imagenette2-320/val/n03394916/n03394916_35620.JPEG,n03394916,566,French horn,jpeg,70,566,French horn,0.3546065092086792,True,31037,29858,1.0394869046821622,38.88105655761331,0.9900057775508732
imagenette,data/imagenette2-320/val/n03394916/n03394916_35731.JPEG,n03394916,566,French horn,jpeg,70,566,French horn,0.2814892828464508,True,21805,21149,1.0310180150361719,41.70532973002505,0.9922308265252043
imagenette,data/imagenette2-320/val/n03394916/n03394916_35740.JPEG,n03394916,566,French horn,jpeg,70,566,French horn,0.799949049949646,True,29761,28672,1.0379813058035714,39.18177843708624,0.9908967583203842
imagenette,data/imagenette2-320/val/n03394916/n03394916_35801.JPEG,n03394916,566,French horn,jpeg,70,439,bearskin,0.2589069902896881,False,36748,35428,1.0372586654623461,38.001850937271946,0.9924123909481658
imagenette,data/imagenette2-320/val/n03394916/n03394916_35811.JPEG,n03394916,566,French horn,jpeg,70,566,French horn,0.5579102039337158,True,32913,32744,1.0051612509161985,39.261372330771295,0.9939074195310921
imagenette,data/imagenette2-320/val/n03394916/n03394916_35812.JPEG,n03394916,566,French horn,jpeg,70,566,French horn,0.5811612010002136,True,27043,26113,1.0356144449124958,41.05120247349146,0.9927759986791903
imagenette,data/imagenette2-320/val/n03394916/n03394916_35871.JPEG,n03394916,566,French horn,jpeg,70,566,French horn,0.35739096999168396,True,39129,36614,1.0686895722947507,35.38597618155536,0.982542688325418
imagenette,data/imagenette2-320/val/n03394916/n03394916_36000.JPEG,n03394916,566,French horn,jpeg,70,566,French horn,0.3452244699001312,True,34992,33718,1.0377839729521323,37.809502726691264,0.988688474062713
imagenette,data/imagenette2-320/val/n03394916/n03394916_36002.JPEG,n03394916,566,French horn,jpeg,70,776,sax,0.34283363819122314,False,19400,18744,1.0349978659837815,40.89163498076839,0.9878775553523084
imagenette,data/imagenette2-320/val/n03394916/n03394916_36102.JPEG,n03394916,566,French horn,jpeg,70,566,French horn,0.5228191614151001,True,33871,32597,1.0390833512286406,37.90507146324843,0.9902759426092964
imagenette,data/imagenette2-320/val/n03394916/n03394916_36172.JPEG,n03394916,566,French horn,jpeg,70,566,French horn,0.43697458505630493,True,20238,19631,1.0309204829096836,41.9131730449311,0.9869668298852984
imagenette,data/imagenette2-320/val/n03394916/n03394916_36361.JPEG,n03394916,566,French horn,jpeg,70,566,French horn,0.3049616515636444,True,30299,29276,1.0349432982647904,40.097100130800484,0.9917046004645494
imagenette,data/imagenette2-320/val/n03394916/n03394916_36380.JPEG,n03394916,566,French horn,jpeg,70,566,French horn,0.42434126138687134,True,20209,19621,1.0299678915447734,42.89719270356791,0.991292141124358
imagenette,data/imagenette2-320/val/n03394916/n03394916_36420.JPEG,n03394916,566,French horn,jpeg,70,566,French horn,0.30271458625793457,True,28952,27878,1.038525001793529,40.06653507427001,0.9861850327035903
imagenette,data/imagenette2-320/val/n03394916/n03394916_36432.JPEG,n03394916,566,French horn,jpeg,70,566,French horn,0.4402424097061157,True,33761,32750,1.0308702290076337,39.20030844715713,0.991768256259396
imagenette,data/imagenette2-320/val/n03394916/n03394916_36532.JPEG,n03394916,566,French horn,jpeg,70,566,French horn,0.9062050580978394,True,25142,24260,1.036356141797197,42.026182097742065,0.9778679090023891
imagenette,data/imagenette2-320/val/n03394916/n03394916_36662.JPEG,n03394916,566,French horn,jpeg,70,875,trombone,0.15602098405361176,False,24135,23285,1.0365041872450076,41.49094254273946,0.9903494535255631
imagenette,data/imagenette2-320/val/n03394916/n03394916_36691.JPEG,n03394916,566,French horn,jpeg,70,776,sax,0.2532144784927368,False,13460,13039,1.0322877521282308,43.67606123002085,0.9792598641403738
imagenette,data/imagenette2-320/val/n03394916/n03394916_36732.JPEG,n03394916,566,French horn,jpeg,70,566,French horn,0.6639756560325623,True,27032,26212,1.0312833816572562,40.283815377693095,0.9914939329869262
imagenette,data/imagenette2-320/val/n03394916/n03394916_36752.JPEG,n03394916,566,French horn,jpeg,70,566,French horn,0.5318688154220581,True,15615,15208,1.0267622304050499,44.73041527229412,0.9910681362369981
imagenette,data/imagenette2-320/val/n03394916/n03394916_36771.JPEG,n03394916,566,French horn,jpeg,70,566,French horn,0.40733394026756287,True,25977,25020,1.0382494004796163,40.445986311999256,0.9917189747161199
imagenette,data/imagenette2-320/val/n03394916/n03394916_36772.JPEG,n03394916,566,French horn,jpeg,70,566,French horn,0.25034084916114807,True,23081,22314,1.0343730393474948,39.99980572860909,0.989939154422545
imagenette,data/imagenette2-320/val/n03394916/n03394916_36782.JPEG,n03394916,566,French horn,jpeg,70,566,French horn,0.594955325126648,True,22064,21377,1.0321373438742574,41.949629231714916,0.9919919340049672
imagenette,data/imagenette2-320/val/n03394916/n03394916_36911.JPEG,n03394916,566,French horn,jpeg,70,566,French horn,0.35577765107154846,True,27094,26072,1.0391991408407486,39.463322848711954,0.9822198114546666
imagenette,data/imagenette2-320/val/n03394916/n03394916_36941.JPEG,n03394916,566,French horn,jpeg,70,566,French horn,0.2352626472711563,True,33086,31847,1.0389047634000064,37.881739117634766,0.9895247240286237
imagenette,data/imagenette2-320/val/n03394916/n03394916_36960.JPEG,n03394916,566,French horn,jpeg,70,566,French horn,0.6617094278335571,True,30301,28793,1.052373840864099,35.98497350631505,0.9503666922681165
imagenette,data/imagenette2-320/val/n03394916/n03394916_36982.JPEG,n03394916,566,French horn,jpeg,70,566,French horn,0.2658357322216034,True,40074,38829,1.0320636637564706,37.988865814834256,0.989396215657134
imagenette,data/imagenette2-320/val/n03394916/n03394916_37161.JPEG,n03394916,566,French horn,jpeg,70,566,French horn,0.35182493925094604,True,38965,37631,1.0354494964258192,38.05610864973078,0.9909792868218825
imagenette,data/imagenette2-320/val/n03394916/n03394916_37171.JPEG,n03394916,566,French horn,jpeg,70,566,French horn,0.44039228558540344,True,18128,18285,0.9914137270987148,43.20712899773091,0.9953266986847106
imagenette,data/imagenette2-320/val/n03394916/n03394916_37261.JPEG,n03394916,566,French horn,jpeg,70,566,French horn,0.367767333984375,True,24903,24082,1.0340918528361431,41.39720168605833,0.9914371794915819
imagenette,data/imagenette2-320/val/n03394916/n03394916_3731.JPEG,n03394916,566,French horn,jpeg,70,566,French horn,0.4139763116836548,True,12886,12452,1.0348538387407646,44.091609575554955,0.9968892721934098
imagenette,data/imagenette2-320/val/n03394916/n03394916_37321.JPEG,n03394916,566,French horn,jpeg,70,566,French horn,0.35744303464889526,True,36755,35395,1.0384235061449356,37.65964386241222,0.9880412635556741
imagenette,data/imagenette2-320/val/n03394916/n03394916_37510.JPEG,n03394916,566,French horn,jpeg,70,566,French horn,0.23579354584217072,True,25156,25202,0.9981747480358701,42.037148918954884,0.9951374337721784
imagenette,data/imagenette2-320/val/n03394916/n03394916_37571.JPEG,n03394916,566,French horn,jpeg,70,566,French horn,0.17112506926059723,True,22837,22084,1.0340970838616192,39.53029232026602,0.9862517140759373
imagenette,data/imagenette2-320/val/n03394916/n03394916_37762.JPEG,n03394916,566,French horn,jpeg,70,566,French horn,0.24174673855304718,True,27227,26261,1.0367845855070257,39.8276867141781,0.989379592735768
imagenette,data/imagenette2-320/val/n03394916/n03394916_37852.JPEG,n03394916,566,French horn,jpeg,70,566,French horn,0.292251318693161,True,38809,37571,1.0329509462085118,39.79427151602883,0.9944370633156622
imagenette,data/imagenette2-320/val/n03394916/n03394916_37960.JPEG,n03394916,566,French horn,jpeg,70,566,French horn,0.09582610428333282,True,30759,29918,1.0281101677919646,40.45923950197068,0.98868517137018
imagenette,data/imagenette2-320/val/n03394916/n03394916_37991.JPEG,n03394916,566,French horn,jpeg,70,566,French horn,0.2211533635854721,True,22402,21627,1.035834836084524,41.581278538364046,0.9908303746770614
imagenette,data/imagenette2-320/val/n03394916/n03394916_38041.JPEG,n03394916,566,French horn,jpeg,70,566,French horn,0.18615545332431793,True,23024,22305,1.0322349249047298,41.5530615858394,0.9909317735905013
imagenette,data/imagenette2-320/val/n03394916/n03394916_38050.JPEG,n03394916,566,French horn,jpeg,70,566,French horn,0.29100218415260315,True,24753,23902,1.0356037151702786,40.4867336630247,0.9887919911986153
imagenette,data/imagenette2-320/val/n03394916/n03394916_38071.JPEG,n03394916,566,French horn,jpeg,70,566,French horn,0.483084112405777,True,33203,32104,1.034232494393222,39.945197153410746,0.9880507037803373
imagenette,data/imagenette2-320/val/n03394916/n03394916_38162.JPEG,n03394916,566,French horn,jpeg,70,566,French horn,0.8835105895996094,True,35158,33965,1.0351243927572502,40.69924584061355,0.9938111538363312
imagenette,data/imagenette2-320/val/n03394916/n03394916_38201.JPEG,n03394916,566,French horn,jpeg,70,566,French horn,0.5275611877441406,True,18303,17759,1.0306323554254182,44.182960065144826,0.9927979310425772
imagenette,data/imagenette2-320/val/n03394916/n03394916_38212.JPEG,n03394916,566,French horn,jpeg,70,566,French horn,0.2963516414165497,True,41104,39638,1.0369847116403452,37.677876151825686,0.9920923886751979
imagenette,data/imagenette2-320/val/n03394916/n03394916_38221.JPEG,n03394916,566,French horn,jpeg,70,566,French horn,0.45651379227638245,True,36080,34825,1.036037329504666,39.45491594381765,0.9936763963552883
imagenette,data/imagenette2-320/val/n03394916/n03394916_38320.JPEG,n03394916,566,French horn,jpeg,70,566,French horn,0.30555158853530884,True,34273,32862,1.042937131032804,40.00928585733178,0.9903916332073123
imagenette,data/imagenette2-320/val/n03394916/n03394916_38340.JPEG,n03394916,566,French horn,jpeg,70,566,French horn,0.6766451597213745,True,34653,33103,1.046823550735583,37.16700541214318,0.9874458967480318
imagenette,data/imagenette2-320/val/n03394916/n03394916_38360.JPEG,n03394916,566,French horn,jpeg,70,566,French horn,0.5486544370651245,True,47002,45117,1.0417802602123367,36.3095090986914,0.9806285312392143
imagenette,data/imagenette2-320/val/n03394916/n03394916_38471.JPEG,n03394916,566,French horn,jpeg,70,566,French horn,0.5454227328300476,True,42079,40420,1.041044037605146,36.65449162336876,0.9876549217029779
imagenette,data/imagenette2-320/val/n03394916/n03394916_38481.JPEG,n03394916,566,French horn,jpeg,70,566,French horn,0.5474514961242676,True,43960,42645,1.0308359713917223,37.21241461838535,0.9912134177507693
imagenette,data/imagenette2-320/val/n03394916/n03394916_38530.JPEG,n03394916,566,French horn,jpeg,70,566,French horn,0.6697151064872742,True,21122,20461,1.0323053614192854,42.552410519874655,0.9921644975506304
imagenette,data/imagenette2-320/val/n03394916/n03394916_38581.JPEG,n03394916,566,French horn,jpeg,70,566,French horn,0.31497588753700256,True,33678,32601,1.0330357964479617,39.37906828627922,0.9914582269881872
imagenette,data/imagenette2-320/val/n03394916/n03394916_38680.JPEG,n03394916,566,French horn,jpeg,70,566,French horn,0.2717756927013397,True,24598,23794,1.0337900311002775,41.68807003856347,0.9882584600136578
imagenette,data/imagenette2-320/val/n03394916/n03394916_38702.JPEG,n03394916,566,French horn,jpeg,70,566,French horn,0.18752188980579376,True,19050,18549,1.0270095422933851,42.35399755035223,0.9930450517497312
imagenette,data/imagenette2-320/val/n03394916/n03394916_38782.JPEG,n03394916,566,French horn,jpeg,70,566,French horn,0.28705084323883057,True,38551,37014,1.0415248284432916,38.69553320981354,0.9862427232319643
imagenette,data/imagenette2-320/val/n03394916/n03394916_38830.JPEG,n03394916,566,French horn,jpeg,70,566,French horn,0.3805779814720154,True,24490,23649,1.0355617573681763,40.70984211694308,0.9914432490718221
imagenette,data/imagenette2-320/val/n03394916/n03394916_38841.JPEG,n03394916,566,French horn,jpeg,70,566,French horn,0.6860364675521851,True,27767,26891,1.0325759547804099,41.77333082596647,0.9918625995145917
imagenette,data/imagenette2-320/val/n03394916/n03394916_38861.JPEG,n03394916,566,French horn,jpeg,70,566,French horn,0.534310519695282,True,25275,24448,1.0338268979057592,41.15437055524902,0.9917271325397522
imagenette,data/imagenette2-320/val/n03394916/n03394916_39102.JPEG,n03394916,566,French horn,jpeg,70,513,cornet,0.19694936275482178,False,27458,26558,1.0338880939829806,40.743216620207576,0.99019518643781
imagenette,data/imagenette2-320/val/n03394916/n03394916_39220.JPEG,n03394916,566,French horn,jpeg,70,566,French horn,0.1958749145269394,True,22239,21566,1.031206528795326,40.494307569814545,0.9889777517171705
imagenette,data/imagenette2-320/val/n03394916/n03394916_39500.JPEG,n03394916,566,French horn,jpeg,70,566,French horn,0.5885340571403503,True,28016,27141,1.0322390479348587,41.14467530470626,0.9913600211949879
imagenette,data/imagenette2-320/val/n03394916/n03394916_39880.JPEG,n03394916,566,French horn,jpeg,70,566,French horn,0.3821522891521454,True,26995,26131,1.0330641766484252,39.80063571621888,0.991056550688544
imagenette,data/imagenette2-320/val/n03394916/n03394916_40160.JPEG,n03394916,566,French horn,jpeg,70,566,French horn,0.48328378796577454,True,27041,26156,1.0338354488453891,40.94497754862884,0.9902811250418949
imagenette,data/imagenette2-320/val/n03394916/n03394916_40301.JPEG,n03394916,566,French horn,jpeg,70,566,French horn,0.10375074297189713,True,25856,24957,1.03602195776736,40.68814931879171,0.9900995080215654
imagenette,data/imagenette2-320/val/n03394916/n03394916_40302.JPEG,n03394916,566,French horn,jpeg,70,566,French horn,0.3748449981212616,True,20354,19719,1.0322024443430193,41.784591232180034,0.9904213216941691
imagenette,data/imagenette2-320/val/n03394916/n03394916_40391.JPEG,n03394916,566,French horn,jpeg,70,566,French horn,0.20854009687900543,True,43460,41578,1.0452643224782336,36.48799441949852,0.9866070292019352
imagenette,data/imagenette2-320/val/n03394916/n03394916_40411.JPEG,n03394916,566,French horn,jpeg,70,566,French horn,0.5022501945495605,True,14344,13889,1.0327597379220965,43.31022361379585,0.994137766127364
imagenette,data/imagenette2-320/val/n03394916/n03394916_40501.JPEG,n03394916,566,French horn,jpeg,70,566,French horn,0.2821473181247711,True,28915,27962,1.0340819683856664,40.766858071251015,0.9918625666140387
imagenette,data/imagenette2-320/val/n03394916/n03394916_40741.JPEG,n03394916,566,French horn,jpeg,70,566,French horn,0.5349820852279663,True,26356,25540,1.0319498825371967,40.886042106943,0.9914080148439509
imagenette,data/imagenette2-320/val/n03394916/n03394916_41541.JPEG,n03394916,566,French horn,jpeg,70,513,cornet,0.26617881655693054,False,38764,37375,1.0371638795986622,38.038676401192376,0.9896176525940162
imagenette,data/imagenette2-320/val/n03394916/n03394916_41871.JPEG,n03394916,566,French horn,jpeg,70,566,French horn,0.4800354540348053,True,19564,19077,1.0255281228704722,42.63882634711812,0.9907360086774576
imagenette,data/imagenette2-320/val/n03394916/n03394916_42200.JPEG,n03394916,566,French horn,jpeg,70,566,French horn,0.38741594552993774,True,40064,38801,1.0325507074559934,37.76180718728245,0.9919820700075545
imagenette,data/imagenette2-320/val/n03394916/n03394916_42291.JPEG,n03394916,566,French horn,jpeg,70,566,French horn,0.31690752506256104,True,39854,37448,1.064249092074343,34.79487517074662,0.9533569773485514
imagenette,data/imagenette2-320/val/n03394916/n03394916_42312.JPEG,n03394916,566,French horn,jpeg,70,566,French horn,0.5925695300102234,True,21143,20399,1.0364723760968675,41.515095829713566,0.9905475027506032
imagenette,data/imagenette2-320/val/n03394916/n03394916_42422.JPEG,n03394916,566,French horn,jpeg,70,566,French horn,0.39997830986976624,True,22438,22662,0.9901156120377724,42.83458210863891,0.9955747833772121
imagenette,data/imagenette2-320/val/n03394916/n03394916_42452.JPEG,n03394916,566,French horn,jpeg,70,566,French horn,0.1370999962091446,True,27736,26738,1.0373251552098137,40.52999014872107,0.9905363862655729
imagenette,data/imagenette2-320/val/n03394916/n03394916_4251.JPEG,n03394916,566,French horn,jpeg,70,566,French horn,0.45143774151802063,True,20814,20144,1.033260524225576,43.36677895037337,0.9934689942695053
imagenette,data/imagenette2-320/val/n03394916/n03394916_42550.JPEG,n03394916,566,French horn,jpeg,70,566,French horn,0.39928993582725525,True,14106,13724,1.0278344505974935,45.941654678989224,0.9933372454901369
imagenette,data/imagenette2-320/val/n03394916/n03394916_42671.JPEG,n03394916,566,French horn,jpeg,70,566,French horn,0.6290647387504578,True,40469,39988,1.0120286085825747,38.600420994394575,0.9807897338557193
imagenette,data/imagenette2-320/val/n03394916/n03394916_42690.JPEG,n03394916,566,French horn,jpeg,70,566,French horn,0.5528270602226257,True,28621,27587,1.0374814224091058,39.86749656422904,0.9898825622353095
imagenette,data/imagenette2-320/val/n03394916/n03394916_42702.JPEG,n03394916,566,French horn,jpeg,70,566,French horn,0.43744727969169617,True,32692,31660,1.0325963360707517,39.262759601284614,0.9915124614869951
imagenette,data/imagenette2-320/val/n03394916/n03394916_42721.JPEG,n03394916,566,French horn,jpeg,70,566,French horn,0.27328017354011536,True,28719,27776,1.0339501728110598,39.62930394515562,0.9904103476178249
imagenette,data/imagenette2-320/val/n03394916/n03394916_42732.JPEG,n03394916,566,French horn,jpeg,70,566,French horn,0.46212834119796753,True,26132,25295,1.0330895433880214,40.51450411130523,0.9855005446767797
imagenette,data/imagenette2-320/val/n03394916/n03394916_42912.JPEG,n03394916,566,French horn,jpeg,70,566,French horn,0.3390365242958069,True,18739,17998,1.0411712412490277,42.38308308201269,0.9260855945406367
imagenette,data/imagenette2-320/val/n03394916/n03394916_4301.JPEG,n03394916,566,French horn,jpeg,70,566,French horn,0.6732757091522217,True,27061,26287,1.0294442119678928,41.29171885569071,0.9919649838269408
imagenette,data/imagenette2-320/val/n03394916/n03394916_43022.JPEG,n03394916,566,French horn,jpeg,70,566,French horn,0.5868437886238098,True,16124,15571,1.035514738937769,41.8809524502036,0.9930253967888388
imagenette,data/imagenette2-320/val/n03394916/n03394916_43121.JPEG,n03394916,566,French horn,jpeg,70,566,French horn,0.510611891746521,True,29308,28290,1.0359844468009898,41.11836317013043,0.9932308401328004
imagenette,data/imagenette2-320/val/n03394916/n03394916_43192.JPEG,n03394916,566,French horn,jpeg,70,566,French horn,0.43436694145202637,True,32849,31800,1.0329874213836479,38.57984529678059,0.9905622418559373
imagenette,data/imagenette2-320/val/n03394916/n03394916_43251.JPEG,n03394916,566,French horn,jpeg,70,566,French horn,0.5477710962295532,True,43320,41415,1.0459978268743209,35.44774976463057,0.984361270871681
imagenette,data/imagenette2-320/val/n03394916/n03394916_43322.JPEG,n03394916,566,French horn,jpeg,70,566,French horn,0.3459080159664154,True,27115,26247,1.0330704461462263,40.503550826284695,0.9911261795535014
imagenette,data/imagenette2-320/val/n03394916/n03394916_43381.JPEG,n03394916,566,French horn,jpeg,70,566,French horn,0.5449453592300415,True,21166,20423,1.0363805513391764,39.92223526419114,0.9895366911854916
imagenette,data/imagenette2-320/val/n03394916/n03394916_43382.JPEG,n03394916,566,French horn,jpeg,70,566,French horn,0.36476585268974304,True,20196,20300,0.9948768472906404,42.56841726784826,0.9924397520234152
imagenette,data/imagenette2-320/val/n03394916/n03394916_43422.JPEG,n03394916,566,French horn,jpeg,70,566,French horn,0.47473809123039246,True,36716,35112,1.0456823877876509,37.0610165474766,0.9816334076674238
imagenette,data/imagenette2-320/val/n03394916/n03394916_43441.JPEG,n03394916,566,French horn,jpeg,70,566,French horn,0.3203504681587219,True,28415,27348,1.0390156501389498,38.99293835093352,0.9917571135951729
imagenette,data/imagenette2-320/val/n03394916/n03394916_43532.JPEG,n03394916,566,French horn,jpeg,70,566,French horn,0.2166694849729538,True,25285,24654,1.0255942240610043,41.759988184966126,0.9901924639371208
imagenette,data/imagenette2-320/val/n03394916/n03394916_43980.JPEG,n03394916,566,French horn,jpeg,70,566,French horn,0.37923651933670044,True,31766,30724,1.0339148548366097,40.743106375914586,0.9914667440015211
imagenette,data/imagenette2-320/val/n03394916/n03394916_43991.JPEG,n03394916,566,French horn,jpeg,70,566,French horn,0.7546670436859131,True,20899,20265,1.0312854675548977,41.380678795431,0.9887284596842872
imagenette,data/imagenette2-320/val/n03394916/n03394916_44000.JPEG,n03394916,566,French horn,jpeg,70,566,French horn,0.4232133626937866,True,26235,25261,1.038557460116385,40.37287143512966,0.9893179332025946
imagenette,data/imagenette2-320/val/n03394916/n03394916_44060.JPEG,n03394916,566,French horn,jpeg,70,566,French horn,0.25833138823509216,True,34333,33007,1.040173296573454,37.8856476290903,0.9879463401863186
imagenette,data/imagenette2-320/val/n03394916/n03394916_44440.JPEG,n03394916,566,French horn,jpeg,70,566,French horn,0.2808763086795807,True,24658,23733,1.0389752665065521,39.77019550996742,0.9872485235456333
imagenette,data/imagenette2-320/val/n03394916/n03394916_44580.JPEG,n03394916,566,French horn,jpeg,70,566,French horn,0.47520118951797485,True,30033,28759,1.0442991759101499,38.25897486451017,0.9718194688806113
imagenette,data/imagenette2-320/val/n03394916/n03394916_44670.JPEG,n03394916,566,French horn,jpeg,70,566,French horn,0.39988040924072266,True,31423,30179,1.0412207163921932,39.08021800229805,0.9782171017444138
imagenette,data/imagenette2-320/val/n03394916/n03394916_44800.JPEG,n03394916,566,French horn,jpeg,70,566,French horn,0.4676152467727661,True,27011,26005,1.0386848682945586,39.90900105702552,0.9890096813554251
imagenette,data/imagenette2-320/val/n03394916/n03394916_44831.JPEG,n03394916,566,French horn,jpeg,70,566,French horn,0.41226688027381897,True,39961,38710,1.0323172306897443,38.366105451137585,0.9921804419868506
imagenette,data/imagenette2-320/val/n03394916/n03394916_44882.JPEG,n03394916,566,French horn,jpeg,70,566,French horn,0.5511765480041504,True,23677,23081,1.0258221047614922,43.25427297329563,0.990064824641962
imagenette,data/imagenette2-320/val/n03394916/n03394916_45042.JPEG,n03394916,566,French horn,jpeg,70,566,French horn,0.370400071144104,True,25678,24937,1.0297148815013835,40.058953544331175,0.9894387465801845
imagenette,data/imagenette2-320/val/n03394916/n03394916_45101.JPEG,n03394916,566,French horn,jpeg,70,566,French horn,0.4253489077091217,True,12619,12201,1.034259486927301,42.6112598316842,0.9850131382659072
imagenette,data/imagenette2-320/val/n03394916/n03394916_45190.JPEG,n03394916,566,French horn,jpeg,70,566,French horn,0.34889593720436096,True,25229,24165,1.0440306228015725,39.14515482403333,0.9853657875827402
imagenette,data/imagenette2-320/val/n03394916/n03394916_45202.JPEG,n03394916,566,French horn,jpeg,70,566,French horn,0.5345369577407837,True,27195,26353,1.0319508215383448,40.48535590392789,0.9935799908010098
imagenette,data/imagenette2-320/val/n03394916/n03394916_45631.JPEG,n03394916,566,French horn,jpeg,70,566,French horn,0.6337878704071045,True,36236,34799,1.0412942900658064,37.63252904113629,0.9782547473673514
imagenette,data/imagenette2-320/val/n03394916/n03394916_45760.JPEG,n03394916,566,French horn,jpeg,70,566,French horn,0.05730808526277542,True,23610,22877,1.0320409144555667,41.450556083940604,0.9899634924203992
imagenette,data/imagenette2-320/val/n03394916/n03394916_46260.JPEG,n03394916,566,French horn,jpeg,70,566,French horn,0.6805315017700195,True,36639,35358,1.0362294247412185,37.83401289941414,0.9877913402131843
imagenette,data/imagenette2-320/val/n03394916/n03394916_46391.JPEG,n03394916,566,French horn,jpeg,70,566,French horn,0.14691734313964844,True,20255,19614,1.0326807382481902,41.96022411576208,0.9825047706452982
imagenette,data/imagenette2-320/val/n03394916/n03394916_46411.JPEG,n03394916,566,French horn,jpeg,70,566,French horn,0.39188095927238464,True,17303,16727,1.0344353440545226,43.19306874025419,0.9802941146481867
imagenette,data/imagenette2-320/val/n03394916/n03394916_46521.JPEG,n03394916,566,French horn,jpeg,70,566,French horn,0.3803477883338928,True,30220,29122,1.0377034544330745,39.8679896519982,0.9921952804013822
imagenette,data/imagenette2-320/val/n03394916/n03394916_46670.JPEG,n03394916,566,French horn,jpeg,70,566,French horn,0.1287904977798462,True,27853,26762,1.0407667588371572,37.804202989120924,0.9798633603678236
imagenette,data/imagenette2-320/val/n03394916/n03394916_46672.JPEG,n03394916,566,French horn,jpeg,70,566,French horn,0.5565350651741028,True,20962,20303,1.0324582574003842,41.717097969949855,0.9955861376864271
imagenette,data/imagenette2-320/val/n03394916/n03394916_46700.JPEG,n03394916,566,French horn,jpeg,70,566,French horn,0.3380244970321655,True,36898,35744,1.032285138764548,38.36728590460919,0.990259437150136
imagenette,data/imagenette2-320/val/n03394916/n03394916_46931.JPEG,n03394916,566,French horn,jpeg,70,566,French horn,0.30931738018989563,True,26864,26058,1.0309310000767518,40.92517502288231,0.990469105981402
imagenette,data/imagenette2-320/val/n03394916/n03394916_46941.JPEG,n03394916,566,French horn,jpeg,70,566,French horn,0.6470013856887817,True,32333,31191,1.036613125581097,39.699291334487405,0.9902353476600142
imagenette,data/imagenette2-320/val/n03394916/n03394916_47022.JPEG,n03394916,566,French horn,jpeg,70,566,French horn,0.3880870044231415,True,32776,31689,1.0343021237653445,39.01071422232799,0.9899752766990414
imagenette,data/imagenette2-320/val/n03394916/n03394916_47110.JPEG,n03394916,566,French horn,jpeg,70,566,French horn,0.2909802496433258,True,24960,24067,1.0371047492417003,40.202489689976744,0.9890941097157397
imagenette,data/imagenette2-320/val/n03394916/n03394916_47211.JPEG,n03394916,566,French horn,jpeg,70,566,French horn,0.3972362279891968,True,25550,24843,1.028458720766413,42.8255387884247,0.9908745116949541
imagenette,data/imagenette2-320/val/n03394916/n03394916_47212.JPEG,n03394916,566,French horn,jpeg,70,566,French horn,0.31855663657188416,True,40337,39103,1.031557680996343,38.39226603059628,0.9902395868885003
imagenette,data/imagenette2-320/val/n03394916/n03394916_47241.JPEG,n03394916,566,French horn,jpeg,70,683,oboe,0.3275613486766815,False,25093,24274,1.033739803905413,40.2072713305931,0.9900094264144275
imagenette,data/imagenette2-320/val/n03394916/n03394916_47300.JPEG,n03394916,566,French horn,jpeg,70,566,French horn,0.21504952013492584,True,37761,36303,1.040161970085117,37.567501801752144,0.9864195161900637
imagenette,data/imagenette2-320/val/n03394916/n03394916_47330.JPEG,n03394916,566,French horn,jpeg,70,566,French horn,0.39416754245758057,True,28346,28430,0.9970453746042912,41.52332161901897,0.988184836348463
imagenette,data/imagenette2-320/val/n03394916/n03394916_47462.JPEG,n03394916,566,French horn,jpeg,70,566,French horn,0.6417747735977173,True,31481,30466,1.0333158274798135,39.589548135613114,0.9898960552814678
imagenette,data/imagenette2-320/val/n03394916/n03394916_47472.JPEG,n03394916,566,French horn,jpeg,70,566,French horn,0.6051863431930542,True,34902,33500,1.0418507462686568,37.684687044587136,0.9908455276978687
imagenette,data/imagenette2-320/val/n03394916/n03394916_47560.JPEG,n03394916,566,French horn,jpeg,70,566,French horn,0.7249728441238403,True,36406,35073,1.0380064437031336,38.414778523330504,0.9892414851364006
imagenette,data/imagenette2-320/val/n03394916/n03394916_47651.JPEG,n03394916,566,French horn,jpeg,70,776,sax,0.07935426384210587,False,25231,24518,1.0290806754221389,38.60374255601195,0.990541792672415
imagenette,data/imagenette2-320/val/n03394916/n03394916_47852.JPEG,n03394916,566,French horn,jpeg,70,566,French horn,0.5919148325920105,True,35375,33741,1.0484277288758483,36.75257774267543,0.9783409413805596
imagenette,data/imagenette2-320/val/n03394916/n03394916_47982.JPEG,n03394916,566,French horn,jpeg,70,566,French horn,0.5114678144454956,True,9132,8762,1.0422278018717188,41.872176524926665,0.8940633373505319
imagenette,data/imagenette2-320/val/n03394916/n03394916_48060.JPEG,n03394916,566,French horn,jpeg,70,566,French horn,0.37810957431793213,True,22227,21492,1.0341987716359575,43.832065215475694,0.9690527626323074
imagenette,data/imagenette2-320/val/n03394916/n03394916_48121.JPEG,n03394916,566,French horn,jpeg,70,566,French horn,0.38330355286598206,True,32661,31488,1.037252286585366,40.76565662538911,0.9924308219250914
imagenette,data/imagenette2-320/val/n03394916/n03394916_48491.JPEG,n03394916,566,French horn,jpeg,70,566,French horn,0.5253562927246094,True,24779,23912,1.0362579458012713,40.06727005298464,0.993613230987215
imagenette,data/imagenette2-320/val/n03394916/n03394916_48881.JPEG,n03394916,566,French horn,jpeg,70,566,French horn,0.31027740240097046,True,15888,15341,1.0356560850009777,42.09367347592754,0.9936614715554244
imagenette,data/imagenette2-320/val/n03394916/n03394916_49600.JPEG,n03394916,566,French horn,jpeg,70,566,French horn,0.4854472577571869,True,26589,25700,1.034591439688716,39.9948611564973,0.9937526991225196
imagenette,data/imagenette2-320/val/n03394916/n03394916_49722.JPEG,n03394916,566,French horn,jpeg,70,875,trombone,0.433202862739563,False,30501,29445,1.0358634742740702,42.62170672782915,0.9928637454402129
imagenette,data/imagenette2-320/val/n03394916/n03394916_49731.JPEG,n03394916,566,French horn,jpeg,70,566,French horn,0.6387287974357605,True,30817,29678,1.0383785969404946,40.19609053537841,0.9945166626079752
imagenette,data/imagenette2-320/val/n03394916/n03394916_49952.JPEG,n03394916,566,French horn,jpeg,70,566,French horn,0.6796229481697083,True,32952,31775,1.0370416994492526,39.94657260739156,0.9942805344306073
imagenette,data/imagenette2-320/val/n03394916/n03394916_5011.JPEG,n03394916,566,French horn,jpeg,70,566,French horn,0.09761449694633484,True,30095,29035,1.0365076631651455,37.6385047321806,0.9896520772472103
imagenette,data/imagenette2-320/val/n03394916/n03394916_50380.JPEG,n03394916,566,French horn,jpeg,70,566,French horn,0.3224537670612335,True,26762,25882,1.034000463642686,41.41921647506326,0.9906015390485768
imagenette,data/imagenette2-320/val/n03394916/n03394916_50642.JPEG,n03394916,566,French horn,jpeg,70,566,French horn,0.4288327693939209,True,19368,18750,1.03296,43.914914785298826,0.9921832050849552
imagenette,data/imagenette2-320/val/n03394916/n03394916_50730.JPEG,n03394916,566,French horn,jpeg,70,566,French horn,0.57330721616745,True,20024,19358,1.0344043806178325,40.71497821757467,0.9926380811873651
imagenette,data/imagenette2-320/val/n03394916/n03394916_51071.JPEG,n03394916,566,French horn,jpeg,70,566,French horn,0.42649853229522705,True,27192,26213,1.0373478808224927,39.697117226348226,0.9877825636850525
imagenette,data/imagenette2-320/val/n03394916/n03394916_51112.JPEG,n03394916,566,French horn,jpeg,70,566,French horn,0.6498736143112183,True,21294,20677,1.0298399187503022,43.68615574020932,0.9934777812225506
imagenette,data/imagenette2-320/val/n03394916/n03394916_51130.JPEG,n03394916,566,French horn,jpeg,70,566,French horn,0.36304229497909546,True,30828,29735,1.0367580292584497,41.05953561877958,0.9906862720823987
imagenette,data/imagenette2-320/val/n03394916/n03394916_51161.JPEG,n03394916,566,French horn,jpeg,70,566,French horn,0.4359264373779297,True,27629,26662,1.0362688470482335,42.373739388263445,0.9934646823921073
imagenette,data/imagenette2-320/val/n03394916/n03394916_51440.JPEG,n03394916,566,French horn,jpeg,70,566,French horn,0.444952130317688,True,32338,31101,1.039773640718948,39.30130806148516,0.9917969592955597
imagenette,data/imagenette2-320/val/n03394916/n03394916_51571.JPEG,n03394916,566,French horn,jpeg,70,566,French horn,0.6157562136650085,True,36268,35293,1.0276258748193692,38.90750198633155,0.9904568826925364
imagenette,data/imagenette2-320/val/n03394916/n03394916_51680.JPEG,n03394916,566,French horn,jpeg,70,566,French horn,0.4787423610687256,True,36101,34934,1.0334058510333772,39.41387601529786,0.9929208389325015
imagenette,data/imagenette2-320/val/n03394916/n03394916_51752.JPEG,n03394916,566,French horn,jpeg,70,566,French horn,0.43215352296829224,True,29150,28196,1.0338345864661653,40.94627330447799,0.9908231861682969
imagenette,data/imagenette2-320/val/n03394916/n03394916_51822.JPEG,n03394916,566,French horn,jpeg,70,566,French horn,0.45505985617637634,True,22003,21166,1.0395445525843334,39.415243831055406,0.9897345834353916
imagenette,data/imagenette2-320/val/n03394916/n03394916_5200.JPEG,n03394916,566,French horn,jpeg,70,566,French horn,0.27861952781677246,True,37100,35888,1.0337717342844406,42.40009527365757,0.9921548416530191
imagenette,data/imagenette2-320/val/n03394916/n03394916_52191.JPEG,n03394916,566,French horn,jpeg,70,566,French horn,0.4426780343055725,True,34931,33679,1.0371745004305353,40.48564511545948,0.9921055828879143
imagenette,data/imagenette2-320/val/n03394916/n03394916_52232.JPEG,n03394916,566,French horn,jpeg,70,566,French horn,0.5201840996742249,True,39159,37862,1.0342559822513337,37.214417333800405,0.993218154802476
imagenette,data/imagenette2-320/val/n03394916/n03394916_52422.JPEG,n03394916,566,French horn,jpeg,70,566,French horn,0.22185051441192627,True,24115,23322,1.0340022296544036,39.35883608762597,0.9902867429376587
imagenette,data/imagenette2-320/val/n03394916/n03394916_53401.JPEG,n03394916,566,French horn,jpeg,70,566,French horn,0.6536863446235657,True,27543,26581,1.036191264437004,41.048512356986805,0.9916348072705062
imagenette,data/imagenette2-320/val/n03394916/n03394916_53581.JPEG,n03394916,566,French horn,jpeg,70,566,French horn,0.39627206325531006,True,39360,38093,1.033260704066364,39.229860244644414,0.9923614259455009
imagenette,data/imagenette2-320/val/n03394916/n03394916_53962.JPEG,n03394916,566,French horn,jpeg,70,566,French horn,0.4556986391544342,True,19897,19213,1.03560089522719,43.705646327237204,0.9706309499691282
imagenette,data/imagenette2-320/val/n03394916/n03394916_540.JPEG,n03394916,566,French horn,jpeg,70,566,French horn,0.5078443288803101,True,20890,20255,1.0313502838805233,42.73200810407816,0.9942096244414843
imagenette,data/imagenette2-320/val/n03394916/n03394916_54320.JPEG,n03394916,566,French horn,jpeg,70,566,French horn,0.4067303240299225,True,27441,26536,1.0341046126017486,40.786894272265535,0.9902750747483328
imagenette,data/imagenette2-320/val/n03394916/n03394916_54391.JPEG,n03394916,566,French horn,jpeg,70,566,French horn,0.25803327560424805,True,35256,34233,1.0298834457979142,41.14701216694746,0.9918205483583137
imagenette,data/imagenette2-320/val/n03394916/n03394916_54531.JPEG,n03394916,566,French horn,jpeg,70,566,French horn,0.20169492065906525,True,36243,35129,1.0317116911953088,39.77623339380785,0.990891802210259
imagenette,data/imagenette2-320/val/n03394916/n03394916_54570.JPEG,n03394916,566,French horn,jpeg,70,566,French horn,0.4073919355869293,True,35090,33858,1.03638726445744,41.25576352151337,0.9939648079868784
imagenette,data/imagenette2-320/val/n03394916/n03394916_5461.JPEG,n03394916,566,French horn,jpeg,70,566,French horn,0.6354018449783325,True,19655,19077,1.030298264926351,42.821548098331164,0.9940150879525719
imagenette,data/imagenette2-320/val/n03394916/n03394916_54831.JPEG,n03394916,566,French horn,jpeg,70,566,French horn,0.508967399597168,True,33450,32074,1.0429007919186881,39.06481045443237,0.9910752601369079
imagenette,data/imagenette2-320/val/n03394916/n03394916_5511.JPEG,n03394916,566,French horn,jpeg,70,566,French horn,0.527056872844696,True,17922,17300,1.0359537572254336,41.81755959613845,0.9914586251738803
imagenette,data/imagenette2-320/val/n03394916/n03394916_55411.JPEG,n03394916,566,French horn,jpeg,70,566,French horn,0.48909100890159607,True,37601,36455,1.0314360170072692,40.04401544866688,0.9916546684123588
imagenette,data/imagenette2-320/val/n03394916/n03394916_55552.JPEG,n03394916,566,French horn,jpeg,70,566,French horn,0.33169710636138916,True,33814,32824,1.0301608579088473,40.183678459614015,0.9909475952772637
imagenette,data/imagenette2-320/val/n03394916/n03394916_55610.JPEG,n03394916,566,French horn,jpeg,70,566,French horn,0.49412813782691956,True,26645,25705,1.0365687609414511,39.667473138677124,0.9917850467802353
imagenette,data/imagenette2-320/val/n03394916/n03394916_56022.JPEG,n03394916,566,French horn,jpeg,70,566,French horn,0.5490061044692993,True,24121,23306,1.0349695357418691,41.677806893991814,0.9943515426973674
imagenette,data/imagenette2-320/val/n03394916/n03394916_56850.JPEG,n03394916,566,French horn,jpeg,70,566,French horn,0.31673264503479004,True,36626,36468,1.004332565536909,39.91107061344141,0.9932250450236279
imagenette,data/imagenette2-320/val/n03394916/n03394916_56881.JPEG,n03394916,566,French horn,jpeg,70,566,French horn,0.5858100652694702,True,34905,33636,1.037727434891188,40.93180001556618,0.9942696127572846
imagenette,data/imagenette2-320/val/n03394916/n03394916_57212.JPEG,n03394916,566,French horn,jpeg,70,566,French horn,0.662824273109436,True,16380,15941,1.0275390502477888,42.662787266727165,0.9916183945441803
imagenette,data/imagenette2-320/val/n03394916/n03394916_57410.JPEG,n03394916,566,French horn,jpeg,70,566,French horn,0.48873549699783325,True,29345,28346,1.0352430678049813,42.32926078877979,0.9941822132939029
imagenette,data/imagenette2-320/val/n03394916/n03394916_57530.JPEG,n03394916,566,French horn,jpeg,70,566,French horn,0.30508938431739807,True,27036,26039,1.0382887207650064,40.679128687790474,0.9903791093656101
imagenette,data/imagenette2-320/val/n03394916/n03394916_57922.JPEG,n03394916,566,French horn,jpeg,70,566,French horn,0.3739183843135834,True,35189,33919,1.0374421415725699,40.067320076795895,0.9897228261585482
imagenette,data/imagenette2-320/val/n03394916/n03394916_5811.JPEG,n03394916,566,French horn,jpeg,70,566,French horn,0.6392987966537476,True,42402,40572,1.0451049985211476,36.08742998657031,0.9830779972965197
imagenette,data/imagenette2-320/val/n03394916/n03394916_58180.JPEG,n03394916,566,French horn,jpeg,70,566,French horn,0.4296194314956665,True,31607,30616,1.032368696106611,40.350236341915895,0.991353601199823
imagenette,data/imagenette2-320/val/n03394916/n03394916_58402.JPEG,n03394916,566,French horn,jpeg,70,566,French horn,0.5900379419326782,True,37044,35677,1.0383160019059898,38.66933075515643,0.9916064097505989
imagenette,data/imagenette2-320/val/n03394916/n03394916_59222.JPEG,n03394916,566,French horn,jpeg,70,566,French horn,0.6057009100914001,True,27567,26870,1.025939709713435,42.87193084614688,0.9915576404110326
imagenette,data/imagenette2-320/val/n03394916/n03394916_59361.JPEG,n03394916,566,French horn,jpeg,70,566,French horn,0.6787539124488831,True,28723,27726,1.0359590276274977,40.359496575146885,0.9940136835096766
imagenette,data/imagenette2-320/val/n03394916/n03394916_59430.JPEG,n03394916,566,French horn,jpeg,70,566,French horn,0.5148037672042847,True,37678,36308,1.0377327310785502,40.07852530634936,0.9926195772883988
imagenette,data/imagenette2-320/val/n03394916/n03394916_59452.JPEG,n03394916,566,French horn,jpeg,70,566,French horn,0.5382845401763916,True,31660,30509,1.0377265724868072,41.53555197937582,0.9936719876814801
imagenette,data/imagenette2-320/val/n03394916/n03394916_60232.JPEG,n03394916,566,French horn,jpeg,70,566,French horn,0.49640363454818726,True,27788,26921,1.03220534155492,40.71897463607528,0.9924284750110735
imagenette,data/imagenette2-320/val/n03394916/n03394916_6031.JPEG,n03394916,566,French horn,jpeg,70,566,French horn,0.4780096709728241,True,14954,14466,1.0337342734688235,42.6440029779793,0.9963699637550572
imagenette,data/imagenette2-320/val/n03394916/n03394916_60810.JPEG,n03394916,566,French horn,jpeg,70,566,French horn,0.29411348700523376,True,12646,13063,0.968077776927199,44.695077929980954,0.9942931460800127
imagenette,data/imagenette2-320/val/n03394916/n03394916_60902.JPEG,n03394916,566,French horn,jpeg,70,566,French horn,0.5255442261695862,True,57852,55761,1.0374993274869533,36.99026748802945,0.9930154236412582
imagenette,data/imagenette2-320/val/n03394916/n03394916_61012.JPEG,n03394916,566,French horn,jpeg,70,566,French horn,0.5987808108329773,True,19433,18763,1.035708575387731,40.0139176757805,0.9801509343957123
imagenette,data/imagenette2-320/val/n03394916/n03394916_62451.JPEG,n03394916,566,French horn,jpeg,70,566,French horn,0.5721475481987,True,17537,16946,1.0348754868405523,43.399705462607436,0.9933036314828229
imagenette,data/imagenette2-320/val/n03394916/n03394916_62690.JPEG,n03394916,566,French horn,jpeg,70,566,French horn,0.28418076038360596,True,23871,22943,1.0404480669485245,40.53808209891215,0.9839266962608275
imagenette,data/imagenette2-320/val/n03394916/n03394916_63390.JPEG,n03394916,566,French horn,jpeg,70,566,French horn,0.5174107551574707,True,31382,30355,1.0338329764453962,40.21599990817943,0.9920457820328309
imagenette,data/imagenette2-320/val/n03394916/n03394916_63471.JPEG,n03394916,566,French horn,jpeg,70,566,French horn,0.5236288905143738,True,20392,19815,1.0291193540247288,41.774848288565,0.9944223730892098
imagenette,data/imagenette2-320/val/n03394916/n03394916_66070.JPEG,n03394916,566,French horn,jpeg,70,566,French horn,0.46833083033561707,True,28778,27386,1.050828890674067,37.92909898500127,0.9882723635855788
imagenette,data/imagenette2-320/val/n03394916/n03394916_6742.JPEG,n03394916,566,French horn,jpeg,70,566,French horn,0.5376963019371033,True,21031,20170,1.0426871591472484,40.98340050832243,0.9928652852891885
imagenette,data/imagenette2-320/val/n03394916/n03394916_6830.JPEG,n03394916,566,French horn,jpeg,70,566,French horn,0.2695452868938446,True,28365,27477,1.0323179386395895,41.44939841273232,0.9906676557362086
imagenette,data/imagenette2-320/val/n03394916/n03394916_68382.JPEG,n03394916,566,French horn,jpeg,70,566,French horn,0.5118709802627563,True,30740,29714,1.0345291781651746,40.286403184696304,0.9924423777115962
imagenette,data/imagenette2-320/val/n03394916/n03394916_68551.JPEG,n03394916,566,French horn,jpeg,70,566,French horn,0.07931927591562271,True,30731,29581,1.0388763057367905,39.92860527205644,0.9856466363711119
imagenette,data/imagenette2-320/val/n03394916/n03394916_69060.JPEG,n03394916,566,French horn,jpeg,70,566,French horn,0.19484226405620575,True,34460,33182,1.0385148574528358,39.05578844039281,0.9908102032548579
imagenette,data/imagenette2-320/val/n03394916/n03394916_69132.JPEG,n03394916,566,French horn,jpeg,70,566,French horn,0.482332319021225,True,27365,26420,1.035768357305072,41.55791496003627,0.9900847988880864
imagenette,data/imagenette2-320/val/n03394916/n03394916_7000.JPEG,n03394916,566,French horn,jpeg,70,453,bookcase,0.09845808893442154,False,25094,24262,1.0342923089605145,41.70431770868207,0.9927604175745864
imagenette,data/imagenette2-320/val/n03394916/n03394916_71910.JPEG,n03394916,566,French horn,jpeg,70,566,French horn,0.492450475692749,True,16939,16477,1.0280390847848515,44.44296486543593,0.9923878215944167
imagenette,data/imagenette2-320/val/n03394916/n03394916_7292.JPEG,n03394916,566,French horn,jpeg,70,566,French horn,0.22457744181156158,True,28383,27063,1.0487750803680302,38.00847108731731,0.9759920171680848
imagenette,data/imagenette2-320/val/n03394916/n03394916_73490.JPEG,n03394916,566,French horn,jpeg,70,566,French horn,0.4345957040786743,True,32211,31143,1.0342934206723822,39.33921139423154,0.9890994549842262
imagenette,data/imagenette2-320/val/n03394916/n03394916_7522.JPEG,n03394916,566,French horn,jpeg,70,566,French horn,0.4238449037075043,True,15617,15119,1.0329386864210597,41.448437608855514,0.9936416667987622
imagenette,data/imagenette2-320/val/n03394916/n03394916_7602.JPEG,n03394916,566,French horn,jpeg,70,566,French horn,0.535239040851593,True,23949,23281,1.0286929255616168,43.990498992234926,0.9937536820819615
imagenette,data/imagenette2-320/val/n03394916/n03394916_7620.JPEG,n03394916,566,French horn,jpeg,70,566,French horn,0.3530508577823639,True,34629,33516,1.0332080200501252,43.78106081442617,0.9933758298278991
imagenette,data/imagenette2-320/val/n03394916/n03394916_7951.JPEG,n03394916,566,French horn,jpeg,70,566,French horn,0.47922930121421814,True,18291,17739,1.0311178758667343,43.294563323124926,0.9937342148311444
imagenette,data/imagenette2-320/val/n03394916/n03394916_8060.JPEG,n03394916,566,French horn,jpeg,70,566,French horn,0.5397908687591553,True,23632,22792,1.0368550368550369,40.75777569557068,0.9897000295568682
imagenette,data/imagenette2-320/val/n03394916/n03394916_8120.JPEG,n03394916,566,French horn,jpeg,70,566,French horn,0.8391885757446289,True,38091,36719,1.0373648519839864,40.16376659680474,0.9955079458043367
imagenette,data/imagenette2-320/val/n03394916/n03394916_8602.JPEG,n03394916,566,French horn,jpeg,70,566,French horn,0.44187694787979126,True,20456,19708,1.0379541303024153,41.80688761605715,0.9927485715132379
imagenette,data/imagenette2-320/val/n03394916/n03394916_8640.JPEG,n03394916,566,French horn,jpeg,70,566,French horn,0.33441588282585144,True,25580,24386,1.0489625194783891,36.1991543982539,0.9819805685121316
imagenette,data/imagenette2-320/val/n03394916/n03394916_9451.JPEG,n03394916,566,French horn,jpeg,70,566,French horn,0.7014339566230774,True,32067,30927,1.0368609952468717,39.97497840848452,0.9935863178232607
imagenette,data/imagenette2-320/val/n03394916/n03394916_9580.JPEG,n03394916,566,French horn,jpeg,70,566,French horn,0.5752745270729065,True,23964,23145,1.0353856124432923,43.42732728565921,0.9940521947924154
imagenette,data/imagenette2-320/val/n03394916/n03394916_9851.JPEG,n03394916,566,French horn,jpeg,70,566,French horn,0.592688798904419,True,30242,29162,1.0370344969480831,40.13523589920367,0.9907756793756398
imagenette,data/imagenette2-320/val/n03417042/ILSVRC2012_val_00002210.JPEG,n03417042,569,garbage truck,jpeg,70,569,garbage truck,0.39585745334625244,True,20299,19787,1.025875574872391,43.31997752432492,0.9907568777777556
imagenette,data/imagenette2-320/val/n03417042/ILSVRC2012_val_00006922.JPEG,n03417042,569,garbage truck,jpeg,70,569,garbage truck,0.44197770953178406,True,31511,30289,1.0403446795866487,39.142811696363815,0.9852693839723122
imagenette,data/imagenette2-320/val/n03417042/ILSVRC2012_val_00008430.JPEG,n03417042,569,garbage truck,jpeg,70,569,garbage truck,0.5998300313949585,True,38910,37573,1.03558406302398,37.90437615722466,0.9918996215089183
imagenette,data/imagenette2-320/val/n03417042/ILSVRC2012_val_00022172.JPEG,n03417042,569,garbage truck,jpeg,70,569,garbage truck,0.4047600328922272,True,24569,23868,1.0293698676051617,41.81606272793066,0.9921815566448017
imagenette,data/imagenette2-320/val/n03417042/ILSVRC2012_val_00024560.JPEG,n03417042,569,garbage truck,jpeg,70,569,garbage truck,0.48878559470176697,True,17858,17469,1.0222680176312324,44.65897850194875,0.9928822207807206
imagenette,data/imagenette2-320/val/n03417042/ILSVRC2012_val_00027110.JPEG,n03417042,569,garbage truck,jpeg,70,569,garbage truck,0.2373083531856537,True,30375,29343,1.0351702279930477,39.59748095422016,0.9913135323284236
imagenette,data/imagenette2-320/val/n03417042/ILSVRC2012_val_00027150.JPEG,n03417042,569,garbage truck,jpeg,70,569,garbage truck,0.3829534947872162,True,31964,30962,1.0323622505006136,40.46439732137176,0.9907344569603062
imagenette,data/imagenette2-320/val/n03417042/ILSVRC2012_val_00028190.JPEG,n03417042,569,garbage truck,jpeg,70,569,garbage truck,0.527587890625,True,40553,39205,1.03438336946818,38.02740655546109,0.9921672790284005
imagenette,data/imagenette2-320/val/n03417042/ILSVRC2012_val_00032800.JPEG,n03417042,569,garbage truck,jpeg,70,803,snowplow,0.14529366791248322,False,29062,28251,1.0287069484266043,41.1394948807263,0.9906934957168785
imagenette,data/imagenette2-320/val/n03417042/ILSVRC2012_val_00033842.JPEG,n03417042,569,garbage truck,jpeg,70,569,garbage truck,0.40894120931625366,True,34106,32967,1.0345497012163678,38.29564671626643,0.9878832953923128
imagenette,data/imagenette2-320/val/n03417042/ILSVRC2012_val_00034001.JPEG,n03417042,569,garbage truck,jpeg,70,569,garbage truck,0.30887743830680847,True,16620,16196,1.0261793035317361,45.2389777735427,0.9920837693653167
imagenette,data/imagenette2-320/val/n03417042/ILSVRC2012_val_00042802.JPEG,n03417042,569,garbage truck,jpeg,70,569,garbage truck,0.4738059341907501,True,18746,18198,1.030113199252665,43.188285005315834,0.9920912934731206
imagenette,data/imagenette2-320/val/n03417042/n03417042_1000.JPEG,n03417042,569,garbage truck,jpeg,70,569,garbage truck,0.5462070107460022,True,30857,29886,1.032490129157465,39.73979082722106,0.9899761169854114
imagenette,data/imagenette2-320/val/n03417042/n03417042_10121.JPEG,n03417042,569,garbage truck,jpeg,70,569,garbage truck,0.3676789104938507,True,33012,31809,1.0378194850514006,37.442860750001536,0.9857975593119224
imagenette,data/imagenette2-320/val/n03417042/n03417042_10141.JPEG,n03417042,569,garbage truck,jpeg,70,569,garbage truck,0.5787385702133179,True,24926,24159,1.0317480028146861,42.59162710422761,0.9893330373572634
imagenette,data/imagenette2-320/val/n03417042/n03417042_10150.JPEG,n03417042,569,garbage truck,jpeg,70,569,garbage truck,0.5113827586174011,True,18131,17605,1.0298778756035216,43.07994104135956,0.9914636442026968
imagenette,data/imagenette2-320/val/n03417042/n03417042_1022.JPEG,n03417042,569,garbage truck,jpeg,70,569,garbage truck,0.33110806345939636,True,26713,25670,1.040631086871835,37.75809094538552,0.9895574072677391
imagenette,data/imagenette2-320/val/n03417042/n03417042_10280.JPEG,n03417042,569,garbage truck,jpeg,70,569,garbage truck,0.442048579454422,True,24109,23339,1.0329919876601397,40.265719092165554,0.9904061215379368
imagenette,data/imagenette2-320/val/n03417042/n03417042_10300.JPEG,n03417042,569,garbage truck,jpeg,70,569,garbage truck,0.27202922105789185,True,21380,20729,1.0314052776303728,42.07101987119483,0.9907025663418064
imagenette,data/imagenette2-320/val/n03417042/n03417042_1031.JPEG,n03417042,569,garbage truck,jpeg,70,569,garbage truck,0.5194137096405029,True,37379,36061,1.0365491805551703,37.82608507225128,0.990169885502152
imagenette,data/imagenette2-320/val/n03417042/n03417042_10331.JPEG,n03417042,569,garbage truck,jpeg,70,569,garbage truck,0.47846677899360657,True,17066,16525,1.0327382753403933,42.83880608459714,0.9929170950680416
imagenette,data/imagenette2-320/val/n03417042/n03417042_10362.JPEG,n03417042,569,garbage truck,jpeg,70,569,garbage truck,0.46945539116859436,True,13594,13173,1.0319593107113034,42.79714905959367,0.9833475928589245
imagenette,data/imagenette2-320/val/n03417042/n03417042_10401.JPEG,n03417042,569,garbage truck,jpeg,70,569,garbage truck,0.463412880897522,True,19834,19272,1.0291614777916147,43.20287557508622,0.9913486152595671
imagenette,data/imagenette2-320/val/n03417042/n03417042_10402.JPEG,n03417042,569,garbage truck,jpeg,70,569,garbage truck,0.7072449326515198,True,29595,28485,1.038967877830437,40.237144360811854,0.9906519176801841
imagenette,data/imagenette2-320/val/n03417042/n03417042_10442.JPEG,n03417042,569,garbage truck,jpeg,70,569,garbage truck,0.2392808347940445,True,23610,22939,1.02925149309037,41.76299778708084,0.9923798630419972
imagenette,data/imagenette2-320/val/n03417042/n03417042_10462.JPEG,n03417042,569,garbage truck,jpeg,70,569,garbage truck,0.39499348402023315,True,23021,22338,1.0305757005998746,42.2531457312807,0.9904638912896315
imagenette,data/imagenette2-320/val/n03417042/n03417042_1051.JPEG,n03417042,569,garbage truck,jpeg,70,569,garbage truck,0.3737778663635254,True,33407,32200,1.0374844720496894,38.22476537403622,0.9901393924582583
imagenette,data/imagenette2-320/val/n03417042/n03417042_10520.JPEG,n03417042,569,garbage truck,jpeg,70,569,garbage truck,0.45680660009384155,True,34473,33347,1.0337661558760909,39.509003067780554,0.9915553839401081
imagenette,data/imagenette2-320/val/n03417042/n03417042_10612.JPEG,n03417042,569,garbage truck,jpeg,70,569,garbage truck,0.5973477959632874,True,36055,34842,1.0348143045749383,38.51318764361486,0.9898973698927668
imagenette,data/imagenette2-320/val/n03417042/n03417042_10642.JPEG,n03417042,569,garbage truck,jpeg,70,569,garbage truck,0.3758084774017334,True,17331,16810,1.0309934562760261,43.77583322399598,0.9924752128999071
imagenette,data/imagenette2-320/val/n03417042/n03417042_10751.JPEG,n03417042,569,garbage truck,jpeg,70,569,garbage truck,0.24894754588603973,True,24611,23810,1.0336413271734566,41.1136991080742,0.9873900608582803
imagenette,data/imagenette2-320/val/n03417042/n03417042_10752.JPEG,n03417042,569,garbage truck,jpeg,70,569,garbage truck,0.39122411608695984,True,31642,30577,1.0348301010563496,39.20117870334623,0.9908621859513262
imagenette,data/imagenette2-320/val/n03417042/n03417042_10802.JPEG,n03417042,569,garbage truck,jpeg,70,569,garbage truck,0.5811853408813477,True,17031,16537,1.0298724073290197,43.861242987876636,0.9920518777426657
imagenette,data/imagenette2-320/val/n03417042/n03417042_11.JPEG,n03417042,569,garbage truck,jpeg,70,569,garbage truck,0.627580463886261,True,18127,17582,1.030997611193266,42.285171101950674,0.9922238628079976
imagenette,data/imagenette2-320/val/n03417042/n03417042_11000.JPEG,n03417042,569,garbage truck,jpeg,70,569,garbage truck,0.12190290540456772,True,24168,23480,1.0293015332197615,42.16823836598991,0.9920183468014555
imagenette,data/imagenette2-320/val/n03417042/n03417042_11031.JPEG,n03417042,569,garbage truck,jpeg,70,569,garbage truck,0.33174973726272583,True,33285,32058,1.0382743776904362,37.982426626611485,0.9879948330739624
imagenette,data/imagenette2-320/val/n03417042/n03417042_11062.JPEG,n03417042,569,garbage truck,jpeg,70,569,garbage truck,0.5668326616287231,True,32332,31252,1.0345577883015487,39.11637655859324,0.9907121439859438
imagenette,data/imagenette2-320/val/n03417042/n03417042_11072.JPEG,n03417042,569,garbage truck,jpeg,70,569,garbage truck,0.5955148935317993,True,29373,28416,1.0336782094594594,41.95529818655449,0.9933220570965986
imagenette,data/imagenette2-320/val/n03417042/n03417042_11091.JPEG,n03417042,569,garbage truck,jpeg,70,569,garbage truck,0.3603789806365967,True,31416,30372,1.0343737653101541,40.091794239632144,0.990318865871464
imagenette,data/imagenette2-320/val/n03417042/n03417042_11222.JPEG,n03417042,569,garbage truck,jpeg,70,569,garbage truck,0.2542251944541931,True,26695,25862,1.0322094192251179,41.71977584735668,0.9924086203804948
imagenette,data/imagenette2-320/val/n03417042/n03417042_11441.JPEG,n03417042,569,garbage truck,jpeg,70,569,garbage truck,0.8370121717453003,True,31127,30074,1.035013633038505,40.05836755132226,0.9899653702622385
imagenette,data/imagenette2-320/val/n03417042/n03417042_11452.JPEG,n03417042,569,garbage truck,jpeg,70,569,garbage truck,0.27325117588043213,True,28611,27575,1.0375702629193109,39.57260971584218,0.9901496588660396
imagenette,data/imagenette2-320/val/n03417042/n03417042_11511.JPEG,n03417042,569,garbage truck,jpeg,70,569,garbage truck,0.23133890330791473,True,28893,28006,1.031671784617582,41.24037426886429,0.9898899528811343
imagenette,data/imagenette2-320/val/n03417042/n03417042_11552.JPEG,n03417042,569,garbage truck,jpeg,70,569,garbage truck,0.3795543909072876,True,26122,25115,1.0400955604220585,38.1920919134411,0.9821321835804399
imagenette,data/imagenette2-320/val/n03417042/n03417042_11602.JPEG,n03417042,569,garbage truck,jpeg,70,569,garbage truck,0.5269672870635986,True,35736,34554,1.0342073276610522,38.59987692623075,0.992053497831626
imagenette,data/imagenette2-320/val/n03417042/n03417042_11611.JPEG,n03417042,569,garbage truck,jpeg,70,569,garbage truck,0.38148823380470276,True,29752,28885,1.0300155790202528,40.55868021180415,0.9917029178534514
imagenette,data/imagenette2-320/val/n03417042/n03417042_1182.JPEG,n03417042,569,garbage truck,jpeg,70,569,garbage truck,0.3120167553424835,True,21048,20284,1.0376651548018143,40.211760371640054,0.9851726431294358
imagenette,data/imagenette2-320/val/n03417042/n03417042_11871.JPEG,n03417042,569,garbage truck,jpeg,70,569,garbage truck,0.7959946393966675,True,35333,34096,1.036279915532614,38.49763740157193,0.9911128261969425
imagenette,data/imagenette2-320/val/n03417042/n03417042_12002.JPEG,n03417042,569,garbage truck,jpeg,70,569,garbage truck,0.5941147208213806,True,37402,36160,1.0343473451327434,38.43489831825654,0.9910124456942239
imagenette,data/imagenette2-320/val/n03417042/n03417042_12031.JPEG,n03417042,569,garbage truck,jpeg,70,569,garbage truck,0.3940454423427582,True,26920,26104,1.0312595770763102,41.600937468934745,0.9905626448291555
imagenette,data/imagenette2-320/val/n03417042/n03417042_12050.JPEG,n03417042,569,garbage truck,jpeg,70,569,garbage truck,0.21950018405914307,True,27957,27114,1.031090949325072,40.08656312906318,0.9908768828251647
imagenette,data/imagenette2-320/val/n03417042/n03417042_1211.JPEG,n03417042,569,garbage truck,jpeg,70,569,garbage truck,0.19526010751724243,True,34163,33051,1.0336449729206378,40.8228179357791,0.992153937974162
imagenette,data/imagenette2-320/val/n03417042/n03417042_12170.JPEG,n03417042,569,garbage truck,jpeg,70,569,garbage truck,0.5243303775787354,True,33145,32003,1.0356841546105053,38.357646235056855,0.9901187972371867
imagenette,data/imagenette2-320/val/n03417042/n03417042_12190.JPEG,n03417042,569,garbage truck,jpeg,70,569,garbage truck,0.6973584294319153,True,43475,41621,1.0445448211239519,36.5987930471669,0.9816196841675658
imagenette,data/imagenette2-320/val/n03417042/n03417042_12232.JPEG,n03417042,569,garbage truck,jpeg,70,569,garbage truck,0.2722398042678833,True,44520,43041,1.0343625845124416,37.74150748272668,0.991027728001172
imagenette,data/imagenette2-320/val/n03417042/n03417042_12291.JPEG,n03417042,569,garbage truck,jpeg,70,569,garbage truck,0.36024221777915955,True,30001,29046,1.0328788817737382,39.973615943832684,0.9913122940631686
imagenette,data/imagenette2-320/val/n03417042/n03417042_12300.JPEG,n03417042,569,garbage truck,jpeg,70,569,garbage truck,0.8590438365936279,True,40288,38980,1.0335556695741406,37.55710829685124,0.9920964824183768
imagenette,data/imagenette2-320/val/n03417042/n03417042_12322.JPEG,n03417042,569,garbage truck,jpeg,70,569,garbage truck,0.7042500376701355,True,27110,26238,1.0332342404146657,41.39122208316798,0.9912191759346403
imagenette,data/imagenette2-320/val/n03417042/n03417042_12400.JPEG,n03417042,569,garbage truck,jpeg,70,569,garbage truck,0.3928582966327667,True,30469,29366,1.0375604440509432,41.54772042469979,0.9921264949275043
imagenette,data/imagenette2-320/val/n03417042/n03417042_12531.JPEG,n03417042,569,garbage truck,jpeg,70,569,garbage truck,0.5408759713172913,True,34540,33392,1.0343794920939147,41.63959362970203,0.9935276854553003
imagenette,data/imagenette2-320/val/n03417042/n03417042_12560.JPEG,n03417042,569,garbage truck,jpeg,70,569,garbage truck,0.46107354760169983,True,34209,33173,1.0312302173454315,41.64975979054678,0.9920897880957056
imagenette,data/imagenette2-320/val/n03417042/n03417042_12601.JPEG,n03417042,569,garbage truck,jpeg,70,569,garbage truck,0.4258527159690857,True,19856,19400,1.0235051546391754,43.72926943753181,0.9931503629992333
imagenette,data/imagenette2-320/val/n03417042/n03417042_1262.JPEG,n03417042,569,garbage truck,jpeg,70,569,garbage truck,0.1366475224494934,True,45053,43614,1.0329939927546201,37.47790131569962,0.9921520877937305
imagenette,data/imagenette2-320/val/n03417042/n03417042_1271.JPEG,n03417042,569,garbage truck,jpeg,70,569,garbage truck,0.10702896118164062,True,40563,39152,1.0360390273804658,37.191474424131584,0.9895520042852649
imagenette,data/imagenette2-320/val/n03417042/n03417042_12711.JPEG,n03417042,569,garbage truck,jpeg,70,569,garbage truck,0.5894008278846741,True,18832,18262,1.0312123535209725,42.49876631243593,0.9908082012040076
imagenette,data/imagenette2-320/val/n03417042/n03417042_12790.JPEG,n03417042,569,garbage truck,jpeg,70,569,garbage truck,0.44118255376815796,True,22856,22271,1.0262673431817162,42.71124044799518,0.9898022327423291
imagenette,data/imagenette2-320/val/n03417042/n03417042_1280.JPEG,n03417042,569,garbage truck,jpeg,70,569,garbage truck,0.47322937846183777,True,19989,19428,1.028875849289685,43.07891888618826,0.9921074423717876
imagenette,data/imagenette2-320/val/n03417042/n03417042_1282.JPEG,n03417042,569,garbage truck,jpeg,70,569,garbage truck,0.5245710611343384,True,34179,33022,1.0350372478953425,39.91400572437692,0.9915857604286367
imagenette,data/imagenette2-320/val/n03417042/n03417042_130.JPEG,n03417042,569,garbage truck,jpeg,70,569,garbage truck,0.17580412328243256,True,15382,15052,1.021923996811055,45.15969059612793,0.9910559535477123
imagenette,data/imagenette2-320/val/n03417042/n03417042_1311.JPEG,n03417042,569,garbage truck,jpeg,70,569,garbage truck,0.4111749529838562,True,25530,24663,1.035153874224547,40.64842083846119,0.9913108793443812
imagenette,data/imagenette2-320/val/n03417042/n03417042_13151.JPEG,n03417042,569,garbage truck,jpeg,70,569,garbage truck,0.28767767548561096,True,21467,20737,1.035202777643825,38.843507124880965,0.9882435090686719
imagenette,data/imagenette2-320/val/n03417042/n03417042_1330.JPEG,n03417042,569,garbage truck,jpeg,70,569,garbage truck,0.4334017038345337,True,30385,29412,1.0330817353461172,40.11775106150825,0.9923027389172048
imagenette,data/imagenette2-320/val/n03417042/n03417042_1332.JPEG,n03417042,569,garbage truck,jpeg,70,569,garbage truck,0.6708250045776367,True,25474,24783,1.0278820158979947,42.59250375564051,0.992848788339696
imagenette,data/imagenette2-320/val/n03417042/n03417042_13651.JPEG,n03417042,569,garbage truck,jpeg,70,569,garbage truck,0.6733067631721497,True,26768,25999,1.029578060694642,42.16725564630217,0.9928609284027562
imagenette,data/imagenette2-320/val/n03417042/n03417042_13871.JPEG,n03417042,569,garbage truck,jpeg,70,569,garbage truck,0.594169020652771,True,36582,35017,1.0446925778907388,37.6021907553793,0.9800294277457442
imagenette,data/imagenette2-320/val/n03417042/n03417042_14000.JPEG,n03417042,569,garbage truck,jpeg,70,569,garbage truck,0.11899606883525848,True,19395,18820,1.0305526036131776,44.945185178479136,0.9937970049755839
imagenette,data/imagenette2-320/val/n03417042/n03417042_14261.JPEG,n03417042,569,garbage truck,jpeg,70,569,garbage truck,0.22779417037963867,True,28122,27237,1.0324925652604913,40.67067179538684,0.9913976991649774
imagenette,data/imagenette2-320/val/n03417042/n03417042_14381.JPEG,n03417042,569,garbage truck,jpeg,70,569,garbage truck,0.43936094641685486,True,28656,27824,1.0299022426682,40.913820405773976,0.9913961029373984
imagenette,data/imagenette2-320/val/n03417042/n03417042_14500.JPEG,n03417042,569,garbage truck,jpeg,70,569,garbage truck,0.3832595944404602,True,28967,27967,1.0357564272177924,40.07886795391669,0.9911937288190217
imagenette,data/imagenette2-320/val/n03417042/n03417042_14690.JPEG,n03417042,569,garbage truck,jpeg,70,569,garbage truck,0.5325618386268616,True,34926,33775,1.034078460399704,38.949071462497386,0.9910588028819861
imagenette,data/imagenette2-320/val/n03417042/n03417042_14712.JPEG,n03417042,569,garbage truck,jpeg,70,569,garbage truck,0.4228210747241974,True,28858,27926,1.0333739167800615,40.55779806545512,0.990807960749129
imagenette,data/imagenette2-320/val/n03417042/n03417042_14861.JPEG,n03417042,569,garbage truck,jpeg,70,569,garbage truck,0.40851694345474243,True,30116,29159,1.032820055557461,39.77627203635109,0.9913474201342544
imagenette,data/imagenette2-320/val/n03417042/n03417042_1492.JPEG,n03417042,569,garbage truck,jpeg,70,569,garbage truck,0.23519769310951233,True,24213,23434,1.033242297516429,41.22279399720912,0.9918548399566086
imagenette,data/imagenette2-320/val/n03417042/n03417042_152.JPEG,n03417042,569,garbage truck,jpeg,70,569,garbage truck,0.3216663599014282,True,33551,32268,1.0397607536878641,38.39758537075926,0.9849061443437255
imagenette,data/imagenette2-320/val/n03417042/n03417042_15482.JPEG,n03417042,569,garbage truck,jpeg,70,569,garbage truck,0.4010630249977112,True,18713,18192,1.0286389621811785,43.47818341059551,0.9915886125999007
imagenette,data/imagenette2-320/val/n03417042/n03417042_15592.JPEG,n03417042,569,garbage truck,jpeg,70,569,garbage truck,0.6300840973854065,True,29606,28650,1.033368237347295,39.69402036774459,0.9892945662178917
imagenette,data/imagenette2-320/val/n03417042/n03417042_1561.JPEG,n03417042,569,garbage truck,jpeg,70,569,garbage truck,0.42052406072616577,True,32419,31266,1.0368771189151154,38.224627871031096,0.9890700762570263
imagenette,data/imagenette2-320/val/n03417042/n03417042_15970.JPEG,n03417042,569,garbage truck,jpeg,70,569,garbage truck,0.467726469039917,True,24586,23736,1.0358105830805528,40.71997880901263,0.9919220012707908
imagenette,data/imagenette2-320/val/n03417042/n03417042_16000.JPEG,n03417042,569,garbage truck,jpeg,70,569,garbage truck,0.5594363212585449,True,35873,34707,1.0335955282795979,39.002401886265076,0.992415365185139
imagenette,data/imagenette2-320/val/n03417042/n03417042_1601.JPEG,n03417042,569,garbage truck,jpeg,70,569,garbage truck,0.18186698853969574,True,38211,36874,1.036258610402994,37.52974290335392,0.9880700460175301
imagenette,data/imagenette2-320/val/n03417042/n03417042_1611.JPEG,n03417042,569,garbage truck,jpeg,70,569,garbage truck,0.6083310842514038,True,29262,28327,1.033007378119815,39.86356986076479,0.9901880840239469
imagenette,data/imagenette2-320/val/n03417042/n03417042_1631.JPEG,n03417042,569,garbage truck,jpeg,70,569,garbage truck,0.5001066327095032,True,22434,21758,1.0310690320801543,42.204422947553766,0.9930986669518678
imagenette,data/imagenette2-320/val/n03417042/n03417042_16370.JPEG,n03417042,569,garbage truck,jpeg,70,569,garbage truck,0.4771495461463928,True,23896,23115,1.0337875838200303,41.1426585363483,0.988554312765288
imagenette,data/imagenette2-320/val/n03417042/n03417042_1651.JPEG,n03417042,569,garbage truck,jpeg,70,675,moving van,0.16704042255878448,False,30442,29407,1.035195701703676,40.1988558780097,0.9912289336826207
imagenette,data/imagenette2-320/val/n03417042/n03417042_16871.JPEG,n03417042,569,garbage truck,jpeg,70,569,garbage truck,0.5861375331878662,True,24504,23792,1.0299260255548084,42.18174541671558,0.9924695222835135
imagenette,data/imagenette2-320/val/n03417042/n03417042_17142.JPEG,n03417042,569,garbage truck,jpeg,70,569,garbage truck,0.5480380654335022,True,28068,27148,1.0338883158980403,42.85813438457954,0.9926430611715619
imagenette,data/imagenette2-320/val/n03417042/n03417042_17470.JPEG,n03417042,569,garbage truck,jpeg,70,569,garbage truck,0.7672248482704163,True,25676,24884,1.0318276804372288,42.452763320115764,0.9930441263420396
imagenette,data/imagenette2-320/val/n03417042/n03417042_1770.JPEG,n03417042,569,garbage truck,jpeg,70,690,oxcart,0.1829291135072708,False,35988,34845,1.0328024106758502,39.15348700398241,0.9915467635975137
imagenette,data/imagenette2-320/val/n03417042/n03417042_17862.JPEG,n03417042,569,garbage truck,jpeg,70,569,garbage truck,0.493554025888443,True,18166,17625,1.030695035460993,44.92371149707751,0.9924221752286208
imagenette,data/imagenette2-320/val/n03417042/n03417042_1790.JPEG,n03417042,569,garbage truck,jpeg,70,569,garbage truck,0.6015499830245972,True,24733,23943,1.0329950298625903,41.163912417866584,0.9901911423825038
imagenette,data/imagenette2-320/val/n03417042/n03417042_17911.JPEG,n03417042,569,garbage truck,jpeg,70,569,garbage truck,0.36898157000541687,True,23389,22579,1.0358740422516497,41.102914382753475,0.9908414164373532
imagenette,data/imagenette2-320/val/n03417042/n03417042_18042.JPEG,n03417042,569,garbage truck,jpeg,70,569,garbage truck,0.510810136795044,True,33418,32082,1.0416432890717537,37.80434490636699,0.9830558706130805
imagenette,data/imagenette2-320/val/n03417042/n03417042_18072.JPEG,n03417042,569,garbage truck,jpeg,70,569,garbage truck,0.27230924367904663,True,20028,19431,1.0307241006638876,42.30133089199677,0.9931654697892421
imagenette,data/imagenette2-320/val/n03417042/n03417042_18152.JPEG,n03417042,569,garbage truck,jpeg,70,569,garbage truck,0.43909120559692383,True,19511,18926,1.030909859452605,41.7317698901629,0.9609375796085979
imagenette,data/imagenette2-320/val/n03417042/n03417042_18232.JPEG,n03417042,569,garbage truck,jpeg,70,569,garbage truck,0.49370139837265015,True,21656,20975,1.032467222884386,43.02874474312667,0.9881528445541168
imagenette,data/imagenette2-320/val/n03417042/n03417042_1840.JPEG,n03417042,569,garbage truck,jpeg,70,569,garbage truck,0.21852348744869232,True,35661,34583,1.0311713847844317,38.97626103544975,0.9911723425476024
imagenette,data/imagenette2-320/val/n03417042/n03417042_1841.JPEG,n03417042,569,garbage truck,jpeg,70,569,garbage truck,0.21411575376987457,True,15396,14892,1.0338436744560837,41.556313635007456,0.9903314416023196
imagenette,data/imagenette2-320/val/n03417042/n03417042_18450.JPEG,n03417042,569,garbage truck,jpeg,70,569,garbage truck,0.4624978303909302,True,22880,22174,1.0318390908270947,41.17497681714197,0.9916070561437738
imagenette,data/imagenette2-320/val/n03417042/n03417042_1850.JPEG,n03417042,569,garbage truck,jpeg,70,569,garbage truck,0.12311076372861862,True,19015,18484,1.028727548149751,44.03820960849223,0.991646147416509
imagenette,data/imagenette2-320/val/n03417042/n03417042_18551.JPEG,n03417042,569,garbage truck,jpeg,70,569,garbage truck,0.44617000222206116,True,24004,23299,1.030258809390961,41.84268107128077,0.9931492402066285
imagenette,data/imagenette2-320/val/n03417042/n03417042_18582.JPEG,n03417042,569,garbage truck,jpeg,70,569,garbage truck,0.4177098572254181,True,37126,35830,1.0361708065866593,37.70960656729504,0.9918035440759317
imagenette,data/imagenette2-320/val/n03417042/n03417042_18590.JPEG,n03417042,569,garbage truck,jpeg,70,569,garbage truck,0.6922909617424011,True,24437,23682,1.0318807533147538,41.87336097805093,0.9924191634702407
imagenette,data/imagenette2-320/val/n03417042/n03417042_18601.JPEG,n03417042,569,garbage truck,jpeg,70,569,garbage truck,0.45816513895988464,True,28848,27900,1.0339784946236559,40.31854352172151,0.9915279291852542
imagenette,data/imagenette2-320/val/n03417042/n03417042_18622.JPEG,n03417042,569,garbage truck,jpeg,70,569,garbage truck,0.9443106651306152,True,43382,41928,1.0346784964701392,37.51454907113144,0.9923396603147244
imagenette,data/imagenette2-320/val/n03417042/n03417042_18722.JPEG,n03417042,569,garbage truck,jpeg,70,569,garbage truck,0.5041019916534424,True,19781,19189,1.0308510083902236,42.81404449434326,0.9918308274088918
imagenette,data/imagenette2-320/val/n03417042/n03417042_18932.JPEG,n03417042,569,garbage truck,jpeg,70,569,garbage truck,0.5877792835235596,True,36798,35528,1.0357464535014635,38.104773461550614,0.989272184292948
imagenette,data/imagenette2-320/val/n03417042/n03417042_18981.JPEG,n03417042,569,garbage truck,jpeg,70,569,garbage truck,0.439534991979599,True,22540,21870,1.0306355738454505,41.24339635627126,0.9900631944999067
imagenette,data/imagenette2-320/val/n03417042/n03417042_19020.JPEG,n03417042,569,garbage truck,jpeg,70,569,garbage truck,0.6272042989730835,True,12011,11744,1.0227350136239781,47.201045803698875,0.9926228381912301
imagenette,data/imagenette2-320/val/n03417042/n03417042_19472.JPEG,n03417042,569,garbage truck,jpeg,70,569,garbage truck,0.3798578381538391,True,25077,24323,1.0309994655264565,41.247003202355394,0.9913362003466889
imagenette,data/imagenette2-320/val/n03417042/n03417042_19481.JPEG,n03417042,569,garbage truck,jpeg,70,569,garbage truck,0.6742882132530212,True,28730,27850,1.0315978456014363,40.72421006370827,0.9911560934150497
imagenette,data/imagenette2-320/val/n03417042/n03417042_19531.JPEG,n03417042,569,garbage truck,jpeg,70,569,garbage truck,0.6391853094100952,True,27007,25956,1.0404916011712129,39.012250250904835,0.987040574100647
imagenette,data/imagenette2-320/val/n03417042/n03417042_19650.JPEG,n03417042,569,garbage truck,jpeg,70,569,garbage truck,0.5440710186958313,True,25740,24904,1.0335689045936396,41.18555405460286,0.9912447070819477
imagenette,data/imagenette2-320/val/n03417042/n03417042_1981.JPEG,n03417042,569,garbage truck,jpeg,70,864,tow truck,0.10756140202283859,False,26541,25769,1.0299584772400947,42.4734359927458,0.992281376595031
imagenette,data/imagenette2-320/val/n03417042/n03417042_19812.JPEG,n03417042,569,garbage truck,jpeg,70,569,garbage truck,0.1951550394296646,True,23896,23250,1.0277849462365591,42.33629728891656,0.9919377041411104
imagenette,data/imagenette2-320/val/n03417042/n03417042_19842.JPEG,n03417042,569,garbage truck,jpeg,70,569,garbage truck,0.29208746552467346,True,29159,28116,1.0370963152653294,39.31613602721478,0.9888725549065939
imagenette,data/imagenette2-320/val/n03417042/n03417042_19862.JPEG,n03417042,569,garbage truck,jpeg,70,569,garbage truck,0.452371746301651,True,21961,21218,1.035017438024319,40.986788127735096,0.9909847670628138
imagenette,data/imagenette2-320/val/n03417042/n03417042_1991.JPEG,n03417042,569,garbage truck,jpeg,70,569,garbage truck,0.4852280020713806,True,26975,26236,1.028167403567617,40.43675186625543,0.9907398137072098
imagenette,data/imagenette2-320/val/n03417042/n03417042_19912.JPEG,n03417042,569,garbage truck,jpeg,70,569,garbage truck,0.40274766087532043,True,20389,19674,1.0363423808071566,40.39047592783217,0.9890129182138173
imagenette,data/imagenette2-320/val/n03417042/n03417042_20021.JPEG,n03417042,569,garbage truck,jpeg,70,569,garbage truck,0.21473824977874756,True,31684,30644,1.0339381281816995,39.990719648728415,0.9934380988351236
imagenette,data/imagenette2-320/val/n03417042/n03417042_201.JPEG,n03417042,569,garbage truck,jpeg,70,569,garbage truck,0.4203970730304718,True,18596,18014,1.0323082047296548,42.64539142167156,0.9909189819442336
imagenette,data/imagenette2-320/val/n03417042/n03417042_20280.JPEG,n03417042,569,garbage truck,jpeg,70,569,garbage truck,0.43227097392082214,True,19430,18963,1.024626905025576,44.74741184581169,0.9926889322985147
imagenette,data/imagenette2-320/val/n03417042/n03417042_20340.JPEG,n03417042,569,garbage truck,jpeg,70,569,garbage truck,0.18921300768852234,True,36959,35601,1.0381449959270808,36.891074511298164,0.9874141105690758
imagenette,data/imagenette2-320/val/n03417042/n03417042_20382.JPEG,n03417042,569,garbage truck,jpeg,70,569,garbage truck,0.513825535774231,True,33600,32504,1.0337189269013045,39.21637030119414,0.9905013894870924
imagenette,data/imagenette2-320/val/n03417042/n03417042_20591.JPEG,n03417042,569,garbage truck,jpeg,70,569,garbage truck,0.41247111558914185,True,22022,21368,1.030606514414077,41.444660105299825,0.9913797560759744
imagenette,data/imagenette2-320/val/n03417042/n03417042_2060.JPEG,n03417042,569,garbage truck,jpeg,70,569,garbage truck,0.4085719585418701,True,25724,24935,1.0316422699017445,42.275694330561116,0.9927575222241986
imagenette,data/imagenette2-320/val/n03417042/n03417042_2062.JPEG,n03417042,569,garbage truck,jpeg,70,569,garbage truck,0.12382826209068298,True,24052,23352,1.0299760191846523,41.701150059156504,0.9911013484669473
imagenette,data/imagenette2-320/val/n03417042/n03417042_20650.JPEG,n03417042,569,garbage truck,jpeg,70,569,garbage truck,0.3555099666118622,True,31486,30311,1.0387648048563227,38.39813911206917,0.9882674331095395
imagenette,data/imagenette2-320/val/n03417042/n03417042_20892.JPEG,n03417042,569,garbage truck,jpeg,70,569,garbage truck,0.39839643239974976,True,23750,23006,1.0323393897244197,42.06714346968154,0.9925362940176269
imagenette,data/imagenette2-320/val/n03417042/n03417042_20962.JPEG,n03417042,569,garbage truck,jpeg,70,569,garbage truck,0.408934086561203,True,20239,19680,1.0284044715447154,43.69092409657383,0.9929700067148914
imagenette,data/imagenette2-320/val/n03417042/n03417042_2110.JPEG,n03417042,569,garbage truck,jpeg,70,569,garbage truck,0.46568527817726135,True,33308,32110,1.0373092494549985,38.368303309102586,0.9906486338682513
imagenette,data/imagenette2-320/val/n03417042/n03417042_21102.JPEG,n03417042,569,garbage truck,jpeg,70,569,garbage truck,0.2737192213535309,True,29753,28673,1.037666097025076,40.38521666512051,0.9905673531150821
imagenette,data/imagenette2-320/val/n03417042/n03417042_212.JPEG,n03417042,569,garbage truck,jpeg,70,569,garbage truck,0.23207345604896545,True,23221,22514,1.0314026827751621,41.81148274625643,0.9913963509267978
imagenette,data/imagenette2-320/val/n03417042/n03417042_21210.JPEG,n03417042,569,garbage truck,jpeg,70,569,garbage truck,0.5701704621315002,True,22766,22129,1.028785756247458,41.688305069371694,0.9911082970808082
imagenette,data/imagenette2-320/val/n03417042/n03417042_21270.JPEG,n03417042,569,garbage truck,jpeg,70,569,garbage truck,0.11491438001394272,True,25496,24606,1.0361700398276843,39.976519280412255,0.9905167066489948
imagenette,data/imagenette2-320/val/n03417042/n03417042_2132.JPEG,n03417042,569,garbage truck,jpeg,70,569,garbage truck,0.22182439267635345,True,33535,32465,1.03295857076852,38.270045960454986,0.9893987296064551
imagenette,data/imagenette2-320/val/n03417042/n03417042_21361.JPEG,n03417042,569,garbage truck,jpeg,70,569,garbage truck,0.2675406336784363,True,27751,26746,1.0375757122560383,40.04865226050156,0.9905796601716529
imagenette,data/imagenette2-320/val/n03417042/n03417042_2141.JPEG,n03417042,569,garbage truck,jpeg,70,569,garbage truck,0.3780960142612457,True,17172,16596,1.03470715835141,44.47841089618639,0.9931442117322561
imagenette,data/imagenette2-320/val/n03417042/n03417042_2150.JPEG,n03417042,569,garbage truck,jpeg,70,569,garbage truck,0.37042272090911865,True,30039,29040,1.034400826446281,39.85009094325845,0.9910819505146509
imagenette,data/imagenette2-320/val/n03417042/n03417042_2170.JPEG,n03417042,569,garbage truck,jpeg,70,569,garbage truck,0.5188050270080566,True,23210,22523,1.0305021533543488,41.147741566369845,0.9904752021961002
imagenette,data/imagenette2-320/val/n03417042/n03417042_21862.JPEG,n03417042,569,garbage truck,jpeg,70,569,garbage truck,0.2813864052295685,True,22125,21392,1.0342651458489154,41.945923541342026,0.9902104832686373
imagenette,data/imagenette2-320/val/n03417042/n03417042_22.JPEG,n03417042,569,garbage truck,jpeg,70,569,garbage truck,0.3998047411441803,True,32195,31248,1.030305939580133,39.78782630512939,0.9920819590296058
imagenette,data/imagenette2-320/val/n03417042/n03417042_2211.JPEG,n03417042,569,garbage truck,jpeg,70,569,garbage truck,0.1197022870182991,True,30912,29887,1.0342958476929769,38.87771826027635,0.989699558808003
imagenette,data/imagenette2-320/val/n03417042/n03417042_22152.JPEG,n03417042,569,garbage truck,jpeg,70,569,garbage truck,0.21220776438713074,True,29870,28909,1.0332422429001349,40.44805805248473,0.9922398605523597
imagenette,data/imagenette2-320/val/n03417042/n03417042_2230.JPEG,n03417042,569,garbage truck,jpeg,70,569,garbage truck,0.5868858098983765,True,32546,31365,1.037653435357883,38.91944285208269,0.9918711213393836
imagenette,data/imagenette2-320/val/n03417042/n03417042_2231.JPEG,n03417042,569,garbage truck,jpeg,70,569,garbage truck,0.21065738797187805,True,31650,30646,1.0327612086406057,42.2861977300395,0.9919991477133246
imagenette,data/imagenette2-320/val/n03417042/n03417042_2241.JPEG,n03417042,569,garbage truck,jpeg,70,569,garbage truck,0.5576069951057434,True,38191,36801,1.0377707127523708,37.04594361898461,0.98808850792628
imagenette,data/imagenette2-320/val/n03417042/n03417042_22482.JPEG,n03417042,569,garbage truck,jpeg,70,569,garbage truck,0.2104276716709137,True,24974,24245,1.0300680552691277,42.05541438711264,0.9917173590411913
imagenette,data/imagenette2-320/val/n03417042/n03417042_22532.JPEG,n03417042,569,garbage truck,jpeg,70,569,garbage truck,0.4273030757904053,True,30259,29219,1.0355932783462816,41.50532513519757,0.9914190114737584
imagenette,data/imagenette2-320/val/n03417042/n03417042_23272.JPEG,n03417042,569,garbage truck,jpeg,70,569,garbage truck,0.3944093883037567,True,29570,28636,1.0326162871909486,40.201828276894354,0.9924921458260489
imagenette,data/imagenette2-320/val/n03417042/n03417042_23440.JPEG,n03417042,569,garbage truck,jpeg,70,569,garbage truck,0.5837316513061523,True,21070,20398,1.0329444063143445,42.286543342476214,0.9931011615927252
imagenette,data/imagenette2-320/val/n03417042/n03417042_23541.JPEG,n03417042,569,garbage truck,jpeg,70,569,garbage truck,0.2926172912120819,True,28698,27814,1.031782555547566,40.78360901134402,0.990730954247688
imagenette,data/imagenette2-320/val/n03417042/n03417042_23771.JPEG,n03417042,569,garbage truck,jpeg,70,569,garbage truck,0.4351741671562195,True,32120,31107,1.0325650175201724,39.36402990590392,0.9917484129147764
imagenette,data/imagenette2-320/val/n03417042/n03417042_23802.JPEG,n03417042,569,garbage truck,jpeg,70,569,garbage truck,0.24015086889266968,True,27089,26079,1.0387284788527167,37.73916133639443,0.9890859915080353
imagenette,data/imagenette2-320/val/n03417042/n03417042_24020.JPEG,n03417042,569,garbage truck,jpeg,70,569,garbage truck,0.6832311749458313,True,22971,22068,1.0409189777052745,38.37976285777757,0.9886222266150635
imagenette,data/imagenette2-320/val/n03417042/n03417042_24100.JPEG,n03417042,569,garbage truck,jpeg,70,569,garbage truck,0.32891541719436646,True,28444,27486,1.0348541075456597,41.66806969396095,0.989891202143812
imagenette,data/imagenette2-320/val/n03417042/n03417042_2491.JPEG,n03417042,569,garbage truck,jpeg,70,569,garbage truck,0.5103574395179749,True,39524,38222,1.0340641515357647,38.7286163717508,0.9921213622007511
imagenette,data/imagenette2-320/val/n03417042/n03417042_24980.JPEG,n03417042,569,garbage truck,jpeg,70,569,garbage truck,0.32344505190849304,True,35908,34761,1.0329967492304595,40.15472176445435,0.9907876019866318
imagenette,data/imagenette2-320/val/n03417042/n03417042_25212.JPEG,n03417042,569,garbage truck,jpeg,70,569,garbage truck,0.36259913444519043,True,28703,27711,1.0357980585327127,39.00135844698253,0.9910744259567617
imagenette,data/imagenette2-320/val/n03417042/n03417042_25411.JPEG,n03417042,569,garbage truck,jpeg,70,569,garbage truck,0.44417184591293335,True,23786,23097,1.029830713945534,42.81707339252915,0.9925931609857717
imagenette,data/imagenette2-320/val/n03417042/n03417042_25940.JPEG,n03417042,569,garbage truck,jpeg,70,569,garbage truck,0.5014637112617493,True,25473,24707,1.031003359371838,42.523462632702206,0.9928006555961622
imagenette,data/imagenette2-320/val/n03417042/n03417042_25992.JPEG,n03417042,569,garbage truck,jpeg,70,569,garbage truck,0.46368637681007385,True,31783,30749,1.0336271098247098,39.18198258534457,0.991346260172412
imagenette,data/imagenette2-320/val/n03417042/n03417042_26102.JPEG,n03417042,569,garbage truck,jpeg,70,569,garbage truck,0.37270426750183105,True,32585,31431,1.0367153447233624,38.41769977483607,0.9909531205562531
imagenette,data/imagenette2-320/val/n03417042/n03417042_2671.JPEG,n03417042,569,garbage truck,jpeg,70,569,garbage truck,0.42950883507728577,True,41590,40226,1.0339084174414557,37.73601067716384,0.987008496551935
imagenette,data/imagenette2-320/val/n03417042/n03417042_26782.JPEG,n03417042,569,garbage truck,jpeg,70,569,garbage truck,0.1778137981891632,True,26688,25810,1.0340178225493994,39.90731819730297,0.9906872238112504
imagenette,data/imagenette2-320/val/n03417042/n03417042_26850.JPEG,n03417042,569,garbage truck,jpeg,70,569,garbage truck,0.3048846423625946,True,23176,22434,1.0330747971828476,43.33659361594818,0.9930403775033022
imagenette,data/imagenette2-320/val/n03417042/n03417042_26951.JPEG,n03417042,569,garbage truck,jpeg,70,569,garbage truck,0.4341276288032532,True,27360,26518,1.0317520174975487,41.866976619684294,0.9926430756804568
imagenette,data/imagenette2-320/val/n03417042/n03417042_26960.JPEG,n03417042,569,garbage truck,jpeg,70,569,garbage truck,0.4557693898677826,True,20451,19859,1.029810161639559,42.323989490842365,0.9935919686108496
imagenette,data/imagenette2-320/val/n03417042/n03417042_26971.JPEG,n03417042,569,garbage truck,jpeg,70,569,garbage truck,0.5005751252174377,True,18958,18483,1.0256992912405996,43.531287927240854,0.9911852341769132
imagenette,data/imagenette2-320/val/n03417042/n03417042_27022.JPEG,n03417042,569,garbage truck,jpeg,70,569,garbage truck,0.576960563659668,True,20105,19559,1.027915537604172,43.306857565240506,0.9909513466720705
imagenette,data/imagenette2-320/val/n03417042/n03417042_27151.JPEG,n03417042,569,garbage truck,jpeg,70,569,garbage truck,0.5421938300132751,True,38083,36763,1.0359056660229036,39.92330691069239,0.9898730554480833
imagenette,data/imagenette2-320/val/n03417042/n03417042_27231.JPEG,n03417042,569,garbage truck,jpeg,70,569,garbage truck,0.4078714847564697,True,37067,35571,1.042056731607208,36.67348233136464,0.9858703157906213
imagenette,data/imagenette2-320/val/n03417042/n03417042_27320.JPEG,n03417042,569,garbage truck,jpeg,70,569,garbage truck,0.43486011028289795,True,28012,27112,1.0331956329300678,40.16802252845203,0.9926458688935975
imagenette,data/imagenette2-320/val/n03417042/n03417042_27361.JPEG,n03417042,569,garbage truck,jpeg,70,569,garbage truck,0.3276422619819641,True,38529,37050,1.039919028340081,38.192799862049924,0.9907811779800383
imagenette,data/imagenette2-320/val/n03417042/n03417042_27581.JPEG,n03417042,569,garbage truck,jpeg,70,569,garbage truck,0.36928674578666687,True,25786,25049,1.0294223322288314,40.7855065920553,0.9909964754812984
imagenette,data/imagenette2-320/val/n03417042/n03417042_27602.JPEG,n03417042,569,garbage truck,jpeg,70,569,garbage truck,0.3705935776233673,True,25921,25116,1.0320512820512822,41.25075898381289,0.9924857447557658
imagenette,data/imagenette2-320/val/n03417042/n03417042_27630.JPEG,n03417042,569,garbage truck,jpeg,70,569,garbage truck,0.31966349482536316,True,22843,22185,1.0296596799639397,41.86978005472589,0.9910703980402502
imagenette,data/imagenette2-320/val/n03417042/n03417042_27680.JPEG,n03417042,569,garbage truck,jpeg,70,569,garbage truck,0.2396971732378006,True,30426,29319,1.037757085848767,39.17156934314531,0.9900241924303138
imagenette,data/imagenette2-320/val/n03417042/n03417042_27780.JPEG,n03417042,569,garbage truck,jpeg,70,569,garbage truck,0.24317151308059692,True,43039,41368,1.0403935409011797,36.77516799453117,0.9864166542346311
imagenette,data/imagenette2-320/val/n03417042/n03417042_27840.JPEG,n03417042,569,garbage truck,jpeg,70,569,garbage truck,0.6492152214050293,True,19318,18789,1.028154771408803,43.54926660773815,0.9922468586058661
imagenette,data/imagenette2-320/val/n03417042/n03417042_27850.JPEG,n03417042,569,garbage truck,jpeg,70,569,garbage truck,0.5608755350112915,True,22844,22197,1.0291480830742894,41.99718774153779,0.9914844510198355
imagenette,data/imagenette2-320/val/n03417042/n03417042_27861.JPEG,n03417042,569,garbage truck,jpeg,70,569,garbage truck,0.4808918535709381,True,32600,31567,1.0327240472645485,40.62834700907467,0.9889816238482951
imagenette,data/imagenette2-320/val/n03417042/n03417042_27862.JPEG,n03417042,569,garbage truck,jpeg,70,569,garbage truck,0.4349445700645447,True,21560,20971,1.0280864050355252,42.977899445254124,0.992079250581208
imagenette,data/imagenette2-320/val/n03417042/n03417042_27931.JPEG,n03417042,569,garbage truck,jpeg,70,569,garbage truck,0.44139984250068665,True,23889,22988,1.03919436227597,38.792691386471716,0.9860527419082362
imagenette,data/imagenette2-320/val/n03417042/n03417042_27982.JPEG,n03417042,569,garbage truck,jpeg,70,569,garbage truck,0.6382575631141663,True,30147,29134,1.0347703713873824,40.214292407787504,0.9930380013721436
imagenette,data/imagenette2-320/val/n03417042/n03417042_28062.JPEG,n03417042,569,garbage truck,jpeg,70,569,garbage truck,0.5140148401260376,True,21056,20544,1.0249221183800623,42.880574273521724,0.9913212970804041
imagenette,data/imagenette2-320/val/n03417042/n03417042_2812.JPEG,n03417042,569,garbage truck,jpeg,70,569,garbage truck,0.5370587706565857,True,38023,36725,1.0353437712729747,38.114931031868245,0.9910362135396328
imagenette,data/imagenette2-320/val/n03417042/n03417042_28122.JPEG,n03417042,569,garbage truck,jpeg,70,569,garbage truck,0.5120511651039124,True,20688,20012,1.0337797321607036,41.7418921422697,0.9922410972186411
imagenette,data/imagenette2-320/val/n03417042/n03417042_2822.JPEG,n03417042,569,garbage truck,jpeg,70,569,garbage truck,0.2838689088821411,True,19519,18950,1.0300263852242744,43.33846374037928,0.9916187871434338
imagenette,data/imagenette2-320/val/n03417042/n03417042_28261.JPEG,n03417042,569,garbage truck,jpeg,70,569,garbage truck,0.4271777868270874,True,16137,15758,1.0240512755425815,45.123940415093614,0.9928339749114525
imagenette,data/imagenette2-320/val/n03417042/n03417042_28400.JPEG,n03417042,569,garbage truck,jpeg,70,912,worm fence,0.08636490255594254,False,37351,36087,1.0350264638235376,37.814402066787,0.9910814485418644
imagenette,data/imagenette2-320/val/n03417042/n03417042_28552.JPEG,n03417042,569,garbage truck,jpeg,70,569,garbage truck,0.3661447763442993,True,19983,19501,1.0247166811958361,45.15595776536044,0.9923326776070057
imagenette,data/imagenette2-320/val/n03417042/n03417042_28600.JPEG,n03417042,569,garbage truck,jpeg,70,569,garbage truck,0.4362025260925293,True,23764,22975,1.034341675734494,40.810590326560856,0.9904818074908676
imagenette,data/imagenette2-320/val/n03417042/n03417042_28610.JPEG,n03417042,569,garbage truck,jpeg,70,569,garbage truck,0.3652665317058563,True,25741,24992,1.0299695902688861,41.49203846341449,0.9912040960269252
imagenette,data/imagenette2-320/val/n03417042/n03417042_28700.JPEG,n03417042,569,garbage truck,jpeg,70,569,garbage truck,0.3601917028427124,True,30928,29876,1.0352122104699424,39.731936479499375,0.9890133489441385
imagenette,data/imagenette2-320/val/n03417042/n03417042_28702.JPEG,n03417042,569,garbage truck,jpeg,70,569,garbage truck,0.5405991077423096,True,26177,25381,1.031362042472716,41.015524212901795,0.9905625517651283
imagenette,data/imagenette2-320/val/n03417042/n03417042_28742.JPEG,n03417042,569,garbage truck,jpeg,70,569,garbage truck,0.25044187903404236,True,30687,29733,1.032085561497326,40.30071766018051,0.9923791603290212
imagenette,data/imagenette2-320/val/n03417042/n03417042_28762.JPEG,n03417042,569,garbage truck,jpeg,70,569,garbage truck,0.41489145159721375,True,29997,29014,1.0338801957675605,39.662029593484625,0.9903472366776257
imagenette,data/imagenette2-320/val/n03417042/n03417042_28832.JPEG,n03417042,569,garbage truck,jpeg,70,569,garbage truck,0.5083923935890198,True,18250,17671,1.0327655480731142,44.50055012394622,0.9924160538919186
imagenette,data/imagenette2-320/val/n03417042/n03417042_29231.JPEG,n03417042,569,garbage truck,jpeg,70,569,garbage truck,0.469667911529541,True,31940,30835,1.035835900762121,38.90418116886133,0.9888627175714181
imagenette,data/imagenette2-320/val/n03417042/n03417042_29310.JPEG,n03417042,569,garbage truck,jpeg,70,569,garbage truck,0.29757198691368103,True,21967,21277,1.032429383841707,42.87442852264482,0.9914547811810834
imagenette,data/imagenette2-320/val/n03417042/n03417042_29342.JPEG,n03417042,569,garbage truck,jpeg,70,569,garbage truck,0.37522226572036743,True,32640,31664,1.030823648307226,39.77036312146035,0.9910170512517116
imagenette,data/imagenette2-320/val/n03417042/n03417042_29361.JPEG,n03417042,569,garbage truck,jpeg,70,569,garbage truck,0.41764384508132935,True,22252,21681,1.0263364235966976,42.95098042318153,0.9900275524118406
imagenette,data/imagenette2-320/val/n03417042/n03417042_29412.JPEG,n03417042,569,garbage truck,jpeg,70,569,garbage truck,0.3576629161834717,True,18705,18189,1.0283687943262412,42.99877615303764,0.9904204386955971
imagenette,data/imagenette2-320/val/n03417042/n03417042_29480.JPEG,n03417042,569,garbage truck,jpeg,70,569,garbage truck,0.3806160092353821,True,29368,28267,1.0389500123819295,39.16389246166768,0.9909923631578827
imagenette,data/imagenette2-320/val/n03417042/n03417042_2960.JPEG,n03417042,569,garbage truck,jpeg,70,569,garbage truck,0.4469522535800934,True,35245,34123,1.0328810479735075,37.913499064668784,0.9875027668619438
imagenette,data/imagenette2-320/val/n03417042/n03417042_29722.JPEG,n03417042,569,garbage truck,jpeg,70,569,garbage truck,0.43968456983566284,True,36368,35277,1.030926666099725,42.211227570676975,0.9898340105255182
imagenette,data/imagenette2-320/val/n03417042/n03417042_2981.JPEG,n03417042,569,garbage truck,jpeg,70,569,garbage truck,0.4342734217643738,True,34801,33662,1.0338363733586833,39.014985545540284,0.989602713858496
imagenette,data/imagenette2-320/val/n03417042/n03417042_2991.JPEG,n03417042,569,garbage truck,jpeg,70,569,garbage truck,0.5999419689178467,True,27703,26916,1.0292391142814683,42.03397781375418,0.9919599321455538
imagenette,data/imagenette2-320/val/n03417042/n03417042_29941.JPEG,n03417042,569,garbage truck,jpeg,70,569,garbage truck,0.28403279185295105,True,25672,24772,1.0363313418375586,40.35763786528608,0.987799523668933
imagenette,data/imagenette2-320/val/n03417042/n03417042_30.JPEG,n03417042,569,garbage truck,jpeg,70,569,garbage truck,0.3419067859649658,True,29760,28827,1.0323654906858153,40.7149253021742,0.9921889537588159
imagenette,data/imagenette2-320/val/n03417042/n03417042_3011.JPEG,n03417042,569,garbage truck,jpeg,70,569,garbage truck,0.480363130569458,True,20486,19838,1.0326645831232988,41.631251103559144,0.990051564742276
imagenette,data/imagenette2-320/val/n03417042/n03417042_3101.JPEG,n03417042,569,garbage truck,jpeg,70,569,garbage truck,0.481326162815094,True,23298,22610,1.0304290137107475,41.28187916205468,0.9899237807929055
imagenette,data/imagenette2-320/val/n03417042/n03417042_3140.JPEG,n03417042,569,garbage truck,jpeg,70,569,garbage truck,0.3704538345336914,True,10769,10564,1.0194055282090118,44.85710432329796,0.9933930265110135
imagenette,data/imagenette2-320/val/n03417042/n03417042_3141.JPEG,n03417042,569,garbage truck,jpeg,70,569,garbage truck,0.3098388910293579,True,26227,25381,1.0333320200149718,39.29371904485369,0.9890228933450395
imagenette,data/imagenette2-320/val/n03417042/n03417042_3171.JPEG,n03417042,569,garbage truck,jpeg,70,569,garbage truck,0.37667331099510193,True,35253,34153,1.032208005153281,37.61261729004753,0.9909254124791782
imagenette,data/imagenette2-320/val/n03417042/n03417042_3192.JPEG,n03417042,569,garbage truck,jpeg,70,675,moving van,0.4770987629890442,False,27690,26833,1.031938284947639,41.38796049701625,0.9921303716350769
imagenette,data/imagenette2-320/val/n03417042/n03417042_3231.JPEG,n03417042,569,garbage truck,jpeg,70,569,garbage truck,0.13704228401184082,True,33584,32483,1.0338946525875072,39.826018539045876,0.9921061292910647
imagenette,data/imagenette2-320/val/n03417042/n03417042_3242.JPEG,n03417042,569,garbage truck,jpeg,70,569,garbage truck,0.20807766914367676,True,12111,11786,1.0275750890887494,45.14189077336536,0.9932951842475178
imagenette,data/imagenette2-320/val/n03417042/n03417042_3272.JPEG,n03417042,569,garbage truck,jpeg,70,569,garbage truck,0.1457790732383728,True,36576,35360,1.0343891402714933,37.62228264343669,0.9895089564358827
imagenette,data/imagenette2-320/val/n03417042/n03417042_3280.JPEG,n03417042,569,garbage truck,jpeg,70,569,garbage truck,0.08562792837619781,True,19591,19115,1.0249019094951608,45.51520829715724,0.9919040311170999
imagenette,data/imagenette2-320/val/n03417042/n03417042_3300.JPEG,n03417042,569,garbage truck,jpeg,70,569,garbage truck,0.3106834888458252,True,36106,34701,1.0404887467219965,37.80608244069565,0.9871284070599394
imagenette,data/imagenette2-320/val/n03417042/n03417042_3331.JPEG,n03417042,569,garbage truck,jpeg,70,569,garbage truck,0.7611392736434937,True,45763,44278,1.0335381001851935,40.90344903608013,0.9919584387188839
imagenette,data/imagenette2-320/val/n03417042/n03417042_3350.JPEG,n03417042,569,garbage truck,jpeg,70,569,garbage truck,0.3711385130882263,True,28598,27668,1.0336128379355212,40.12771988972973,0.9889666237653385
imagenette,data/imagenette2-320/val/n03417042/n03417042_3351.JPEG,n03417042,569,garbage truck,jpeg,70,569,garbage truck,0.49843066930770874,True,28869,27800,1.038453237410072,38.72842507584183,0.9855799122522297
imagenette,data/imagenette2-320/val/n03417042/n03417042_3390.JPEG,n03417042,569,garbage truck,jpeg,70,517,crane,0.2030610591173172,False,42514,41042,1.0358656985527022,37.462820570264164,0.9916523292163558
imagenette,data/imagenette2-320/val/n03417042/n03417042_3422.JPEG,n03417042,569,garbage truck,jpeg,70,569,garbage truck,0.6170035004615784,True,31601,30475,1.0369483182936834,39.14044509568445,0.9886554342417938
imagenette,data/imagenette2-320/val/n03417042/n03417042_3482.JPEG,n03417042,569,garbage truck,jpeg,70,569,garbage truck,0.8749337792396545,True,24208,23506,1.0298647153918148,43.627296638209486,0.993977432198699
imagenette,data/imagenette2-320/val/n03417042/n03417042_3592.JPEG,n03417042,569,garbage truck,jpeg,70,569,garbage truck,0.6657363772392273,True,22594,21949,1.0293863046152445,42.8451268360616,0.9912804296790537
imagenette,data/imagenette2-320/val/n03417042/n03417042_3600.JPEG,n03417042,569,garbage truck,jpeg,70,569,garbage truck,0.37351885437965393,True,26708,25786,1.0357558365004267,40.107486979783914,0.9895256836628871
imagenette,data/imagenette2-320/val/n03417042/n03417042_3710.JPEG,n03417042,569,garbage truck,jpeg,70,569,garbage truck,0.24401244521141052,True,27237,26455,1.0295596295596297,43.66607335301457,0.9935675311403979
imagenette,data/imagenette2-320/val/n03417042/n03417042_3731.JPEG,n03417042,569,garbage truck,jpeg,70,569,garbage truck,0.20994199812412262,True,32272,31318,1.0304617153074909,39.48866378824566,0.9917535851019101
imagenette,data/imagenette2-320/val/n03417042/n03417042_3752.JPEG,n03417042,569,garbage truck,jpeg,70,569,garbage truck,0.28051847219467163,True,30121,29181,1.0322127411671977,39.99097062250891,0.9906970075626188
imagenette,data/imagenette2-320/val/n03417042/n03417042_3771.JPEG,n03417042,569,garbage truck,jpeg,70,569,garbage truck,0.3239908516407013,True,29482,28627,1.029866908862263,40.88334482808673,0.9930733322095256
imagenette,data/imagenette2-320/val/n03417042/n03417042_3792.JPEG,n03417042,569,garbage truck,jpeg,70,569,garbage truck,0.41984426975250244,True,23470,22682,1.0347412044793227,41.4017594550214,0.9924363930332619
imagenette,data/imagenette2-320/val/n03417042/n03417042_3821.JPEG,n03417042,569,garbage truck,jpeg,70,569,garbage truck,0.9438038468360901,True,32001,30958,1.0336908068996704,39.769302166486625,0.9920085552915929
imagenette,data/imagenette2-320/val/n03417042/n03417042_3842.JPEG,n03417042,569,garbage truck,jpeg,70,569,garbage truck,0.6071960926055908,True,51990,50087,1.0379938906303032,39.17210617562301,0.9890971338358719
imagenette,data/imagenette2-320/val/n03417042/n03417042_3861.JPEG,n03417042,569,garbage truck,jpeg,70,569,garbage truck,0.1909775584936142,True,37187,35803,1.0386559785492835,38.45042631146822,0.9919635021240221
imagenette,data/imagenette2-320/val/n03417042/n03417042_3862.JPEG,n03417042,569,garbage truck,jpeg,70,569,garbage truck,0.3920878767967224,True,18889,18347,1.0295416144328773,44.6442721599724,0.9934965712873218
imagenette,data/imagenette2-320/val/n03417042/n03417042_3940.JPEG,n03417042,569,garbage truck,jpeg,70,569,garbage truck,0.5467410683631897,True,27220,26114,1.0423527609711265,39.47043771810557,0.9889104395249083
imagenette,data/imagenette2-320/val/n03417042/n03417042_3952.JPEG,n03417042,569,garbage truck,jpeg,70,569,garbage truck,0.6667460799217224,True,36358,34899,1.041806355482965,38.18559172647026,0.9908234710949569
imagenette,data/imagenette2-320/val/n03417042/n03417042_4072.JPEG,n03417042,569,garbage truck,jpeg,70,569,garbage truck,0.2908473610877991,True,24855,24098,1.0314133953025146,44.65919548255167,0.9921418199784698
imagenette,data/imagenette2-320/val/n03417042/n03417042_411.JPEG,n03417042,569,garbage truck,jpeg,70,569,garbage truck,0.503609836101532,True,24212,23514,1.0296844433103682,42.42665101955923,0.992490346022674
imagenette,data/imagenette2-320/val/n03417042/n03417042_4200.JPEG,n03417042,569,garbage truck,jpeg,70,569,garbage truck,0.31134194135665894,True,32397,31290,1.035378715244487,40.53358593316558,0.9913078854342503
imagenette,data/imagenette2-320/val/n03417042/n03417042_422.JPEG,n03417042,569,garbage truck,jpeg,70,569,garbage truck,0.6791085600852966,True,18799,18283,1.0282229393425586,43.43689457922788,0.9907071033197491
imagenette,data/imagenette2-320/val/n03417042/n03417042_4232.JPEG,n03417042,569,garbage truck,jpeg,70,569,garbage truck,0.47568997740745544,True,31426,30387,1.0341922532661993,39.556089483867225,0.9908132539082986
imagenette,data/imagenette2-320/val/n03417042/n03417042_4292.JPEG,n03417042,569,garbage truck,jpeg,70,569,garbage truck,0.2932933568954468,True,25874,24955,1.036826287317171,39.99808377101893,0.9887683675854703
imagenette,data/imagenette2-320/val/n03417042/n03417042_4391.JPEG,n03417042,569,garbage truck,jpeg,70,569,garbage truck,0.5580652952194214,True,40120,38492,1.042294502753819,37.47175087896392,0.9867306708704403
imagenette,data/imagenette2-320/val/n03417042/n03417042_441.JPEG,n03417042,569,garbage truck,jpeg,70,569,garbage truck,0.5425435900688171,True,29166,28221,1.0334857021367068,41.41090970797065,0.9930663480566415
imagenette,data/imagenette2-320/val/n03417042/n03417042_4420.JPEG,n03417042,569,garbage truck,jpeg,70,569,garbage truck,0.26075834035873413,True,28864,27804,1.0381240109336787,39.41219537368276,0.9747852353032979
imagenette,data/imagenette2-320/val/n03417042/n03417042_4462.JPEG,n03417042,569,garbage truck,jpeg,70,569,garbage truck,0.2237280309200287,True,35299,34084,1.0356472245041661,39.78818816677265,0.9912349829152213
imagenette,data/imagenette2-320/val/n03417042/n03417042_4470.JPEG,n03417042,569,garbage truck,jpeg,70,569,garbage truck,0.6609820127487183,True,25656,24929,1.0291628224156604,42.679879912554114,0.9922858798236973
imagenette,data/imagenette2-320/val/n03417042/n03417042_4491.JPEG,n03417042,569,garbage truck,jpeg,70,569,garbage truck,0.38539838790893555,True,28207,27211,1.0366028444379112,40.33492181261076,0.9842051932975785
imagenette,data/imagenette2-320/val/n03417042/n03417042_4511.JPEG,n03417042,569,garbage truck,jpeg,70,569,garbage truck,0.11121995747089386,True,26075,25224,1.0337377101173486,39.82703572008662,0.9916264860122016
imagenette,data/imagenette2-320/val/n03417042/n03417042_4520.JPEG,n03417042,569,garbage truck,jpeg,70,569,garbage truck,0.39981043338775635,True,26335,25513,1.0322188688119782,41.74346802407831,0.9921206445156195
imagenette,data/imagenette2-320/val/n03417042/n03417042_4542.JPEG,n03417042,569,garbage truck,jpeg,70,569,garbage truck,0.48000967502593994,True,27302,26419,1.033422915326091,40.86529475075317,0.9921450100515711
imagenette,data/imagenette2-320/val/n03417042/n03417042_4551.JPEG,n03417042,569,garbage truck,jpeg,70,569,garbage truck,0.2818703353404999,True,43025,41609,1.0340310990410728,36.82143274208816,0.9919241033104509
imagenette,data/imagenette2-320/val/n03417042/n03417042_4552.JPEG,n03417042,569,garbage truck,jpeg,70,569,garbage truck,0.2389431595802307,True,41468,39995,1.0368296037004625,36.60507627061543,0.9881311359096379
imagenette,data/imagenette2-320/val/n03417042/n03417042_4560.JPEG,n03417042,569,garbage truck,jpeg,70,569,garbage truck,0.4771508574485779,True,37605,36221,1.0382098782474256,37.55086329821181,0.9913616631016483
imagenette,data/imagenette2-320/val/n03417042/n03417042_4600.JPEG,n03417042,569,garbage truck,jpeg,70,569,garbage truck,0.3387632369995117,True,24170,23566,1.0256301451243317,42.48635770799006,0.9908025135521266
imagenette,data/imagenette2-320/val/n03417042/n03417042_4752.JPEG,n03417042,569,garbage truck,jpeg,70,569,garbage truck,0.5887171030044556,True,27268,26519,1.02824390059957,41.419671634531106,0.9912791363682997
imagenette,data/imagenette2-320/val/n03417042/n03417042_4761.JPEG,n03417042,569,garbage truck,jpeg,70,569,garbage truck,0.5657441020011902,True,42642,41058,1.0385795703638756,37.640278844578525,0.9832162240301141
imagenette,data/imagenette2-320/val/n03417042/n03417042_4790.JPEG,n03417042,569,garbage truck,jpeg,70,569,garbage truck,0.5572278499603271,True,26264,25483,1.0306478829023271,42.050674539194006,0.9926478059222316
imagenette,data/imagenette2-320/val/n03417042/n03417042_4900.JPEG,n03417042,569,garbage truck,jpeg,70,569,garbage truck,0.42148369550704956,True,21461,20747,1.0344146141610835,41.52651285613249,0.9920937785709306
imagenette,data/imagenette2-320/val/n03417042/n03417042_4980.JPEG,n03417042,569,garbage truck,jpeg,70,569,garbage truck,0.5918884873390198,True,30146,29175,1.0332819194515852,42.25517535005781,0.9907472733776124
imagenette,data/imagenette2-320/val/n03417042/n03417042_5090.JPEG,n03417042,569,garbage truck,jpeg,70,569,garbage truck,0.5135881304740906,True,26754,25957,1.0307046268829219,42.52513723158613,0.9927628608647644
imagenette,data/imagenette2-320/val/n03417042/n03417042_5110.JPEG,n03417042,569,garbage truck,jpeg,70,864,tow truck,0.3211556077003479,False,24860,24035,1.034324942791762,41.21479299610524,0.9902409239589868
imagenette,data/imagenette2-320/val/n03417042/n03417042_5180.JPEG,n03417042,569,garbage truck,jpeg,70,569,garbage truck,0.38824382424354553,True,33753,32818,1.0284904625510392,39.831928301731736,0.9907772885909242
imagenette,data/imagenette2-320/val/n03417042/n03417042_5221.JPEG,n03417042,569,garbage truck,jpeg,70,569,garbage truck,0.4715312421321869,True,30205,29317,1.0302895930688678,39.278536751559436,0.9897097234979141
imagenette,data/imagenette2-320/val/n03417042/n03417042_5232.JPEG,n03417042,569,garbage truck,jpeg,70,569,garbage truck,0.41504356265068054,True,32644,31573,1.0339213885281728,40.932006927844135,0.9926659733077402
imagenette,data/imagenette2-320/val/n03417042/n03417042_5301.JPEG,n03417042,569,garbage truck,jpeg,70,569,garbage truck,0.4834384322166443,True,37813,36661,1.031423038105889,37.86312172557626,0.9899873618297829
imagenette,data/imagenette2-320/val/n03417042/n03417042_5320.JPEG,n03417042,569,garbage truck,jpeg,70,569,garbage truck,0.47823411226272583,True,33277,32045,1.038445935403339,37.79164774945178,0.9870568271080898
imagenette,data/imagenette2-320/val/n03417042/n03417042_5331.JPEG,n03417042,569,garbage truck,jpeg,70,569,garbage truck,0.4424671530723572,True,34290,32973,1.0399417705395324,38.61110449979199,0.9876051875379864
imagenette,data/imagenette2-320/val/n03417042/n03417042_5362.JPEG,n03417042,569,garbage truck,jpeg,70,569,garbage truck,0.308086633682251,True,30947,29761,1.0398508114646685,38.911263821848834,0.9909350071718919
imagenette,data/imagenette2-320/val/n03417042/n03417042_5371.JPEG,n03417042,569,garbage truck,jpeg,70,468,cab,0.2786363363265991,False,32043,30896,1.0371245468669084,39.1620386860038,0.9898087650323549
imagenette,data/imagenette2-320/val/n03417042/n03417042_5380.JPEG,n03417042,569,garbage truck,jpeg,70,569,garbage truck,0.3086705207824707,True,37957,36829,1.0306280376876917,39.060125343427906,0.9920361771058926
imagenette,data/imagenette2-320/val/n03417042/n03417042_5381.JPEG,n03417042,569,garbage truck,jpeg,70,569,garbage truck,0.5367551445960999,True,38788,37539,1.0332720637203974,38.63277327197951,0.9907856434529282
imagenette,data/imagenette2-320/val/n03417042/n03417042_5510.JPEG,n03417042,569,garbage truck,jpeg,70,569,garbage truck,0.3894214928150177,True,30745,29742,1.0337233541792752,39.70521719340011,0.9916049236145784
imagenette,data/imagenette2-320/val/n03417042/n03417042_5600.JPEG,n03417042,569,garbage truck,jpeg,70,569,garbage truck,0.350913941860199,True,29269,28269,1.03537443843079,39.601190582634814,0.989603052099172
imagenette,data/imagenette2-320/val/n03417042/n03417042_5631.JPEG,n03417042,569,garbage truck,jpeg,70,569,garbage truck,0.419883668422699,True,24090,23334,1.0323990743121625,40.839810761509774,0.9907152914576062
imagenette,data/imagenette2-320/val/n03417042/n03417042_5670.JPEG,n03417042,569,garbage truck,jpeg,70,569,garbage truck,0.4477272033691406,True,26619,25765,1.0331457403454298,41.541829664894586,0.9935587166062833
imagenette,data/imagenette2-320/val/n03417042/n03417042_5682.JPEG,n03417042,569,garbage truck,jpeg,70,569,garbage truck,0.6050366163253784,True,37361,36107,1.0347301077353421,38.99105512285039,0.9901309311466396
imagenette,data/imagenette2-320/val/n03417042/n03417042_5691.JPEG,n03417042,569,garbage truck,jpeg,70,569,garbage truck,0.373540461063385,True,38501,37241,1.0338336779356085,37.10271437963048,0.9910095057413529
imagenette,data/imagenette2-320/val/n03417042/n03417042_5750.JPEG,n03417042,569,garbage truck,jpeg,70,569,garbage truck,0.30733245611190796,True,32590,31524,1.0338155056464915,39.5532615934099,0.9899333688681167
imagenette,data/imagenette2-320/val/n03417042/n03417042_5752.JPEG,n03417042,569,garbage truck,jpeg,70,569,garbage truck,0.2833852171897888,True,30337,29425,1.0309940526762957,38.678380149771144,0.992298857718179
imagenette,data/imagenette2-320/val/n03417042/n03417042_581.JPEG,n03417042,569,garbage truck,jpeg,70,569,garbage truck,0.20638759434223175,True,35520,34020,1.0440917107583774,36.23175981714857,0.9884826085330083
imagenette,data/imagenette2-320/val/n03417042/n03417042_5852.JPEG,n03417042,569,garbage truck,jpeg,70,569,garbage truck,0.4363727867603302,True,21349,20703,1.0312032072646475,43.036230456389724,0.9915169224102393
imagenette,data/imagenette2-320/val/n03417042/n03417042_5920.JPEG,n03417042,569,garbage truck,jpeg,70,569,garbage truck,0.22111913561820984,True,34379,33186,1.035948894111975,41.44039379694157,0.9940020382051653
imagenette,data/imagenette2-320/val/n03417042/n03417042_5952.JPEG,n03417042,569,garbage truck,jpeg,70,569,garbage truck,0.4184384047985077,True,24992,24234,1.0312783692333085,40.773232518468504,0.9917276936694828
imagenette,data/imagenette2-320/val/n03417042/n03417042_6050.JPEG,n03417042,569,garbage truck,jpeg,70,569,garbage truck,0.3468887507915497,True,33151,31947,1.0376874197890256,39.08613475959286,0.9903167956249073
imagenette,data/imagenette2-320/val/n03417042/n03417042_6081.JPEG,n03417042,569,garbage truck,jpeg,70,569,garbage truck,0.4770216941833496,True,28738,27650,1.0393490054249548,38.446657021168434,0.9867090668558497
imagenette,data/imagenette2-320/val/n03417042/n03417042_6130.JPEG,n03417042,569,garbage truck,jpeg,70,569,garbage truck,0.31470388174057007,True,31445,30417,1.033796889897097,40.028363588805185,0.9909599861930957
imagenette,data/imagenette2-320/val/n03417042/n03417042_620.JPEG,n03417042,569,garbage truck,jpeg,70,569,garbage truck,0.4432612359523773,True,26816,26011,1.030948444888701,42.61757141547983,0.9927246819506182
imagenette,data/imagenette2-320/val/n03417042/n03417042_6241.JPEG,n03417042,569,garbage truck,jpeg,70,569,garbage truck,0.4395565986633301,True,22377,21692,1.0315784621058455,42.28975523281221,0.9919168842717462
imagenette,data/imagenette2-320/val/n03417042/n03417042_6250.JPEG,n03417042,569,garbage truck,jpeg,70,569,garbage truck,0.4332268238067627,True,27045,26213,1.0317399763476138,41.38942485903506,0.9909761606513697
imagenette,data/imagenette2-320/val/n03417042/n03417042_6272.JPEG,n03417042,569,garbage truck,jpeg,70,569,garbage truck,0.3146091401576996,True,25193,24402,1.0324153757888697,42.25409241328095,0.9915707574845185
imagenette,data/imagenette2-320/val/n03417042/n03417042_6312.JPEG,n03417042,569,garbage truck,jpeg,70,569,garbage truck,0.5585880279541016,True,18467,17935,1.029662670755506,42.53811900190741,0.9929547073491891
imagenette,data/imagenette2-320/val/n03417042/n03417042_6410.JPEG,n03417042,569,garbage truck,jpeg,70,569,garbage truck,0.35422831773757935,True,22201,21436,1.0356876282888599,42.361887131353086,0.9928094686394959
imagenette,data/imagenette2-320/val/n03417042/n03417042_642.JPEG,n03417042,569,garbage truck,jpeg,70,569,garbage truck,0.4780483543872833,True,18443,17787,1.0368808680496993,43.03098406305125,0.9941541173777125
imagenette,data/imagenette2-320/val/n03417042/n03417042_6420.JPEG,n03417042,569,garbage truck,jpeg,70,569,garbage truck,0.4995086193084717,True,26603,25879,1.0279763514818965,40.75034835111171,0.9892981709052059
imagenette,data/imagenette2-320/val/n03417042/n03417042_6442.JPEG,n03417042,569,garbage truck,jpeg,70,569,garbage truck,0.32306042313575745,True,31357,30311,1.0345089241529477,40.21586774598954,0.9912162190056298
imagenette,data/imagenette2-320/val/n03417042/n03417042_6472.JPEG,n03417042,569,garbage truck,jpeg,70,569,garbage truck,0.23367376625537872,True,27015,26217,1.03043826524774,40.81113359990453,0.9891055484118626
imagenette,data/imagenette2-320/val/n03417042/n03417042_6480.JPEG,n03417042,569,garbage truck,jpeg,70,569,garbage truck,0.8216661214828491,True,28394,27498,1.0325841879409412,39.023362619097966,0.9894850960683058
imagenette,data/imagenette2-320/val/n03417042/n03417042_652.JPEG,n03417042,569,garbage truck,jpeg,70,569,garbage truck,0.6037357449531555,True,36233,34838,1.0400424823468626,37.46739304141965,0.9894791193430789
imagenette,data/imagenette2-320/val/n03417042/n03417042_6521.JPEG,n03417042,569,garbage truck,jpeg,70,569,garbage truck,0.40117356181144714,True,25688,24823,1.0348467147403617,43.47005684833316,0.9934808489172419
imagenette,data/imagenette2-320/val/n03417042/n03417042_6581.JPEG,n03417042,569,garbage truck,jpeg,70,569,garbage truck,0.37091848254203796,True,34790,33403,1.0415232164775619,38.59243675032104,0.9888408605712075
imagenette,data/imagenette2-320/val/n03417042/n03417042_6602.JPEG,n03417042,569,garbage truck,jpeg,70,569,garbage truck,0.35839250683784485,True,33024,31934,1.0341328991044028,39.47677723554144,0.9913371388956453
imagenette,data/imagenette2-320/val/n03417042/n03417042_6662.JPEG,n03417042,569,garbage truck,jpeg,70,569,garbage truck,0.5823177695274353,True,38706,37538,1.0311151366615163,38.2626450871183,0.9912543122650134
imagenette,data/imagenette2-320/val/n03417042/n03417042_6691.JPEG,n03417042,569,garbage truck,jpeg,70,569,garbage truck,0.3174443542957306,True,37006,35866,1.031784977415937,37.70529958508436,0.9915176345184765
imagenette,data/imagenette2-320/val/n03417042/n03417042_6780.JPEG,n03417042,569,garbage truck,jpeg,70,569,garbage truck,0.6104087829589844,True,24743,23930,1.033974091099039,42.11636471018149,0.9921286383328471
imagenette,data/imagenette2-320/val/n03417042/n03417042_6811.JPEG,n03417042,569,garbage truck,jpeg,70,569,garbage truck,0.21888510882854462,True,26128,25287,1.0332581959109424,40.75996491304828,0.9930928253342787
imagenette,data/imagenette2-320/val/n03417042/n03417042_6881.JPEG,n03417042,569,garbage truck,jpeg,70,569,garbage truck,0.46645882725715637,True,29872,28953,1.0317410976410044,40.37677082291583,0.9894880747482833
imagenette,data/imagenette2-320/val/n03417042/n03417042_690.JPEG,n03417042,569,garbage truck,jpeg,70,569,garbage truck,0.6944427490234375,True,20228,19657,1.029048176222211,43.25620821494045,0.9916617934173401
imagenette,data/imagenette2-320/val/n03417042/n03417042_6941.JPEG,n03417042,569,garbage truck,jpeg,70,569,garbage truck,0.23125354945659637,True,32418,31274,1.036579906631707,38.32078682729908,0.9872954991536914
imagenette,data/imagenette2-320/val/n03417042/n03417042_6981.JPEG,n03417042,569,garbage truck,jpeg,70,569,garbage truck,0.42127466201782227,True,24710,23960,1.0313021702838063,42.62556472168989,0.9912981793220778
imagenette,data/imagenette2-320/val/n03417042/n03417042_7002.JPEG,n03417042,569,garbage truck,jpeg,70,569,garbage truck,0.32791200280189514,True,20682,19952,1.03658781074579,42.227535081235274,0.9889729122576195
imagenette,data/imagenette2-320/val/n03417042/n03417042_7021.JPEG,n03417042,569,garbage truck,jpeg,70,569,garbage truck,0.6045666337013245,True,34770,33381,1.0416104969893052,37.26353303956068,0.9877614136589056
imagenette,data/imagenette2-320/val/n03417042/n03417042_7061.JPEG,n03417042,569,garbage truck,jpeg,70,569,garbage truck,0.27150067687034607,True,27063,26281,1.0297553365549257,42.91048324534457,0.9924689532813108
imagenette,data/imagenette2-320/val/n03417042/n03417042_7080.JPEG,n03417042,569,garbage truck,jpeg,70,569,garbage truck,0.46703124046325684,True,23295,22630,1.0293857711003094,41.590786770891874,0.9915870901549749
imagenette,data/imagenette2-320/val/n03417042/n03417042_7111.JPEG,n03417042,569,garbage truck,jpeg,70,569,garbage truck,0.0909603089094162,True,29938,28812,1.039080938497848,39.36646258598259,0.9898719748883305
imagenette,data/imagenette2-320/val/n03417042/n03417042_7160.JPEG,n03417042,569,garbage truck,jpeg,70,569,garbage truck,0.6200492978096008,True,24675,23975,1.0291970802919708,40.38363505286487,0.9916431450910821
imagenette,data/imagenette2-320/val/n03417042/n03417042_7191.JPEG,n03417042,569,garbage truck,jpeg,70,569,garbage truck,0.47296950221061707,True,26990,25985,1.038676159322686,38.98059895971774,0.9900977911500406
imagenette,data/imagenette2-320/val/n03417042/n03417042_7212.JPEG,n03417042,569,garbage truck,jpeg,70,569,garbage truck,0.1647394895553589,True,24613,23796,1.0343335014288115,42.258485522283735,0.9921478796031656
imagenette,data/imagenette2-320/val/n03417042/n03417042_7310.JPEG,n03417042,569,garbage truck,jpeg,70,569,garbage truck,0.45115333795547485,True,28697,27782,1.03293499388093,41.36495195318133,0.9936754717252457
imagenette,data/imagenette2-320/val/n03417042/n03417042_7371.JPEG,n03417042,569,garbage truck,jpeg,70,569,garbage truck,0.3104950785636902,True,23693,22926,1.033455465410451,42.06266477376791,0.9816784584163543
imagenette,data/imagenette2-320/val/n03417042/n03417042_742.JPEG,n03417042,569,garbage truck,jpeg,70,569,garbage truck,0.2413991540670395,True,30044,29188,1.0293271207345485,40.05583864709256,0.9919745885731746
imagenette,data/imagenette2-320/val/n03417042/n03417042_7422.JPEG,n03417042,569,garbage truck,jpeg,70,569,garbage truck,0.45096221566200256,True,37406,36018,1.0385362874118496,40.659256262552304,0.9884393088125915
imagenette,data/imagenette2-320/val/n03417042/n03417042_7472.JPEG,n03417042,569,garbage truck,jpeg,70,569,garbage truck,0.356355220079422,True,24803,23896,1.0379561432875795,39.929512998551814,0.9876862547414261
imagenette,data/imagenette2-320/val/n03417042/n03417042_750.JPEG,n03417042,569,garbage truck,jpeg,70,569,garbage truck,0.4399305582046509,True,27394,26477,1.0346338331381955,39.03029968482136,0.9897958884896858
imagenette,data/imagenette2-320/val/n03417042/n03417042_751.JPEG,n03417042,569,garbage truck,jpeg,70,569,garbage truck,0.2580720782279968,True,29478,28639,1.029295715632529,40.39460641628848,0.9907618499186475
imagenette,data/imagenette2-320/val/n03417042/n03417042_7521.JPEG,n03417042,569,garbage truck,jpeg,70,569,garbage truck,0.47031277418136597,True,25514,24777,1.029745328328692,40.34733402070094,0.9906668848395667
imagenette,data/imagenette2-320/val/n03417042/n03417042_7530.JPEG,n03417042,569,garbage truck,jpeg,70,569,garbage truck,0.14874304831027985,True,33600,32405,1.0368770251504398,38.85265437200472,0.9900687879296756
imagenette,data/imagenette2-320/val/n03417042/n03417042_7581.JPEG,n03417042,569,garbage truck,jpeg,70,569,garbage truck,0.28492528200149536,True,20674,20173,1.024835175729936,42.775008430641165,0.9928313716651119
imagenette,data/imagenette2-320/val/n03417042/n03417042_7621.JPEG,n03417042,569,garbage truck,jpeg,70,569,garbage truck,0.3732713460922241,True,33167,32097,1.0333364488893042,39.19905277300776,0.9914245706291562
imagenette,data/imagenette2-320/val/n03417042/n03417042_7670.JPEG,n03417042,569,garbage truck,jpeg,70,569,garbage truck,0.43742606043815613,True,30006,30106,0.996678402976151,39.901592565874644,0.9940157827301147
imagenette,data/imagenette2-320/val/n03417042/n03417042_7682.JPEG,n03417042,569,garbage truck,jpeg,70,569,garbage truck,0.5848013162612915,True,24258,23587,1.028447873828804,42.03564808434593,0.9932521512486653
imagenette,data/imagenette2-320/val/n03417042/n03417042_802.JPEG,n03417042,569,garbage truck,jpeg,70,569,garbage truck,0.6039809584617615,True,25288,24531,1.0308589132118544,40.953332090329454,0.9919384638798473
imagenette,data/imagenette2-320/val/n03417042/n03417042_8030.JPEG,n03417042,569,garbage truck,jpeg,70,569,garbage truck,0.17590205371379852,True,21744,21158,1.0276963796200018,42.22378329131104,0.9906074290015868
imagenette,data/imagenette2-320/val/n03417042/n03417042_8051.JPEG,n03417042,569,garbage truck,jpeg,70,569,garbage truck,0.2947256565093994,True,21100,20418,1.033401900284063,40.75896972233352,0.9888129595794481
imagenette,data/imagenette2-320/val/n03417042/n03417042_8081.JPEG,n03417042,569,garbage truck,jpeg,70,803,snowplow,0.11711953580379486,False,43200,41759,1.0345075313106156,37.748799904391895,0.9924966597179828
imagenette,data/imagenette2-320/val/n03417042/n03417042_8121.JPEG,n03417042,569,garbage truck,jpeg,70,569,garbage truck,0.6609274744987488,True,28122,27100,1.0377121771217712,40.136922791753804,0.9881154598886331
imagenette,data/imagenette2-320/val/n03417042/n03417042_8192.JPEG,n03417042,569,garbage truck,jpeg,70,864,tow truck,0.11539848893880844,False,29377,28516,1.0301935755365408,40.70789212945833,0.9921228250868879
imagenette,data/imagenette2-320/val/n03417042/n03417042_820.JPEG,n03417042,569,garbage truck,jpeg,70,569,garbage truck,0.5341596603393555,True,21859,21188,1.031668869171229,43.05884321705807,0.9921062948972718
imagenette,data/imagenette2-320/val/n03417042/n03417042_8202.JPEG,n03417042,569,garbage truck,jpeg,70,569,garbage truck,0.5181259512901306,True,30750,29841,1.0304614456620087,41.56256391981622,0.9914399247760274
imagenette,data/imagenette2-320/val/n03417042/n03417042_8241.JPEG,n03417042,569,garbage truck,jpeg,70,569,garbage truck,0.42693883180618286,True,30523,29494,1.0348884518885197,39.89590282484326,0.9920066253497737
imagenette,data/imagenette2-320/val/n03417042/n03417042_8361.JPEG,n03417042,569,garbage truck,jpeg,70,569,garbage truck,0.3953256607055664,True,29747,28923,1.0284894374719082,40.71615994940827,0.9906485642187227
imagenette,data/imagenette2-320/val/n03417042/n03417042_8501.JPEG,n03417042,569,garbage truck,jpeg,70,569,garbage truck,0.3981276750564575,True,25285,24474,1.0331372068317397,42.039090744784616,0.9906921862750099
imagenette,data/imagenette2-320/val/n03417042/n03417042_8552.JPEG,n03417042,569,garbage truck,jpeg,70,569,garbage truck,0.42220011353492737,True,39465,38052,1.0371333964049196,37.30697137376924,0.9909391234721262
imagenette,data/imagenette2-320/val/n03417042/n03417042_8581.JPEG,n03417042,569,garbage truck,jpeg,70,569,garbage truck,0.3992081582546234,True,21520,20872,1.0310463779225758,42.33663011430668,0.9934673751869584
imagenette,data/imagenette2-320/val/n03417042/n03417042_8602.JPEG,n03417042,569,garbage truck,jpeg,70,830,stretcher,0.29161664843559265,False,40869,39640,1.0310040363269424,38.175256176656006,0.9897854989630953
imagenette,data/imagenette2-320/val/n03417042/n03417042_8630.JPEG,n03417042,569,garbage truck,jpeg,70,867,trailer truck,0.19746610522270203,False,28803,27894,1.0325876532587652,39.837510172802936,0.9928617905607734
imagenette,data/imagenette2-320/val/n03417042/n03417042_8690.JPEG,n03417042,569,garbage truck,jpeg,70,569,garbage truck,0.3703484535217285,True,33585,32395,1.03673406389875,38.65047111978074,0.9904149669234341
imagenette,data/imagenette2-320/val/n03417042/n03417042_8700.JPEG,n03417042,569,garbage truck,jpeg,70,569,garbage truck,0.4133133888244629,True,18641,18111,1.0292639832146209,42.40924146830228,0.9904083504455848
imagenette,data/imagenette2-320/val/n03417042/n03417042_8822.JPEG,n03417042,569,garbage truck,jpeg,70,569,garbage truck,0.40853506326675415,True,26069,25072,1.0397654754307595,39.498031814850016,0.9805004019818289
imagenette,data/imagenette2-320/val/n03417042/n03417042_8872.JPEG,n03417042,569,garbage truck,jpeg,70,569,garbage truck,0.33734065294265747,True,33580,32486,1.0336760450655667,39.23454525665797,0.9925831746246033
imagenette,data/imagenette2-320/val/n03417042/n03417042_8891.JPEG,n03417042,569,garbage truck,jpeg,70,569,garbage truck,0.549292802810669,True,25431,24721,1.028720521014522,42.04126253954505,0.990376525474888
imagenette,data/imagenette2-320/val/n03417042/n03417042_8912.JPEG,n03417042,569,garbage truck,jpeg,70,569,garbage truck,0.7364426851272583,True,40527,38944,1.0406481101068201,37.816091276445704,0.9883613235710307
imagenette,data/imagenette2-320/val/n03417042/n03417042_90.JPEG,n03417042,569,garbage truck,jpeg,70,569,garbage truck,0.40438568592071533,True,28147,27171,1.0359206506937544,39.33542980148755,0.9894000541496979
imagenette,data/imagenette2-320/val/n03417042/n03417042_9021.JPEG,n03417042,569,garbage truck,jpeg,70,569,garbage truck,0.33321061730384827,True,33395,32204,1.036982983480313,38.919231248746435,0.9916869303073163
imagenette,data/imagenette2-320/val/n03417042/n03417042_9052.JPEG,n03417042,569,garbage truck,jpeg,70,569,garbage truck,0.1669277846813202,True,25365,24494,1.0355597289132032,40.90580570275961,0.9910937531125747
imagenette,data/imagenette2-320/val/n03417042/n03417042_9062.JPEG,n03417042,569,garbage truck,jpeg,70,569,garbage truck,0.30280962586402893,True,40605,39161,1.0368734199841678,37.30393297741849,0.9913116041400544
imagenette,data/imagenette2-320/val/n03417042/n03417042_91.JPEG,n03417042,569,garbage truck,jpeg,70,569,garbage truck,0.2994042932987213,True,23638,22904,1.0320468040516941,40.32400024654963,0.9923642583029095
imagenette,data/imagenette2-320/val/n03417042/n03417042_910.JPEG,n03417042,569,garbage truck,jpeg,70,569,garbage truck,0.284255713224411,True,31721,30618,1.0360245607159186,39.20286932293691,0.9907457200396625
imagenette,data/imagenette2-320/val/n03417042/n03417042_9121.JPEG,n03417042,569,garbage truck,jpeg,70,569,garbage truck,0.5037946701049805,True,27441,26680,1.0285232383808096,41.792892422123664,0.9915285497577581
imagenette,data/imagenette2-320/val/n03417042/n03417042_9132.JPEG,n03417042,569,garbage truck,jpeg,70,569,garbage truck,0.4195689857006073,True,19352,18742,1.0325472201472627,42.72913789542713,0.9938842419770917
imagenette,data/imagenette2-320/val/n03417042/n03417042_9152.JPEG,n03417042,569,garbage truck,jpeg,70,569,garbage truck,0.5124871134757996,True,27623,26721,1.0337562216982898,40.375658304037515,0.9929021943340044
imagenette,data/imagenette2-320/val/n03417042/n03417042_9170.JPEG,n03417042,569,garbage truck,jpeg,70,569,garbage truck,0.26796993613243103,True,26624,25681,1.036719753903664,41.17087408857607,0.9924524215450825
imagenette,data/imagenette2-320/val/n03417042/n03417042_9240.JPEG,n03417042,569,garbage truck,jpeg,70,569,garbage truck,0.25464195013046265,True,33575,32519,1.032473323287924,38.39242035083774,0.9905747376976067
imagenette,data/imagenette2-320/val/n03417042/n03417042_9311.JPEG,n03417042,569,garbage truck,jpeg,70,569,garbage truck,0.525871753692627,True,28600,27592,1.0365323282110757,39.79437270147685,0.9902591744333614
imagenette,data/imagenette2-320/val/n03417042/n03417042_9441.JPEG,n03417042,569,garbage truck,jpeg,70,569,garbage truck,0.3412597179412842,True,31708,30705,1.0326656896270965,39.542073891377946,0.9925444957971852
imagenette,data/imagenette2-320/val/n03417042/n03417042_9480.JPEG,n03417042,569,garbage truck,jpeg,70,569,garbage truck,0.4277615249156952,True,29672,28640,1.0360335195530725,38.858458140115054,0.9901589609013156
imagenette,data/imagenette2-320/val/n03417042/n03417042_9511.JPEG,n03417042,569,garbage truck,jpeg,70,569,garbage truck,0.5043370127677917,True,22310,21644,1.0307706523747922,43.26883608225083,0.993000280345698
imagenette,data/imagenette2-320/val/n03417042/n03417042_9552.JPEG,n03417042,569,garbage truck,jpeg,70,569,garbage truck,0.5306568741798401,True,26931,26026,1.034772919388304,40.60905437417068,0.9906916477000348
imagenette,data/imagenette2-320/val/n03417042/n03417042_9580.JPEG,n03417042,569,garbage truck,jpeg,70,569,garbage truck,0.5337506532669067,True,36785,35579,1.0338963995615391,38.008720999719806,0.9905477087031634
imagenette,data/imagenette2-320/val/n03417042/n03417042_9592.JPEG,n03417042,569,garbage truck,jpeg,70,569,garbage truck,0.474874347448349,True,12691,12379,1.0252039744728976,45.792408518931495,0.994530842806343
imagenette,data/imagenette2-320/val/n03417042/n03417042_9601.JPEG,n03417042,569,garbage truck,jpeg,70,569,garbage truck,0.5688037276268005,True,31025,30125,1.029875518672199,43.66423761144078,0.9926490877339104
imagenette,data/imagenette2-320/val/n03417042/n03417042_9610.JPEG,n03417042,569,garbage truck,jpeg,70,569,garbage truck,0.5095593929290771,True,30510,29488,1.034658166033641,39.66862953794826,0.9905437955007389
imagenette,data/imagenette2-320/val/n03417042/n03417042_9620.JPEG,n03417042,569,garbage truck,jpeg,70,569,garbage truck,0.33911511301994324,True,30000,28984,1.0350538227987855,38.873848265317974,0.9816238861406319
imagenette,data/imagenette2-320/val/n03417042/n03417042_992.JPEG,n03417042,569,garbage truck,jpeg,70,569,garbage truck,0.38389816880226135,True,15221,14777,1.0300466941869122,46.454918980544235,0.993695970309496
imagenette,data/imagenette2-320/val/n03417042/n03417042_9941.JPEG,n03417042,569,garbage truck,jpeg,70,569,garbage truck,0.34939321875572205,True,34936,33800,1.0336094674556213,39.26511306814,0.9915011832481642
imagenette,data/imagenette2-320/val/n03425413/ILSVRC2012_val_00000732.JPEG,n03425413,571,gas pump,jpeg,70,571,gas pump,0.4649665653705597,True,21517,20801,1.034421422047017,40.902535605161184,0.989129270575361
imagenette,data/imagenette2-320/val/n03425413/ILSVRC2012_val_00001432.JPEG,n03425413,571,gas pump,jpeg,70,571,gas pump,0.2949371039867401,True,37571,36185,1.0383031642945972,37.47959343260893,0.990186132752645
imagenette,data/imagenette2-320/val/n03425413/ILSVRC2012_val_00004452.JPEG,n03425413,571,gas pump,jpeg,70,571,gas pump,0.31786197423934937,True,35784,34485,1.0376685515441497,38.30643893521155,0.9907792423279832
imagenette,data/imagenette2-320/val/n03425413/ILSVRC2012_val_00004860.JPEG,n03425413,571,gas pump,jpeg,70,571,gas pump,0.4858740568161011,True,31093,30173,1.03049083617804,39.78075248092082,0.9897746596354561
imagenette,data/imagenette2-320/val/n03425413/ILSVRC2012_val_00007471.JPEG,n03425413,571,gas pump,jpeg,70,886,vending machine,0.3861292898654938,False,27186,26243,1.0359333917616127,39.71757983687322,0.9847199579002072
imagenette,data/imagenette2-320/val/n03425413/ILSVRC2012_val_00009821.JPEG,n03425413,571,gas pump,jpeg,70,571,gas pump,0.2972170114517212,True,29033,28143,1.0316242049532744,39.69558530350291,0.988191100985636
imagenette,data/imagenette2-320/val/n03425413/ILSVRC2012_val_00017350.JPEG,n03425413,571,gas pump,jpeg,70,571,gas pump,0.17679204046726227,True,37169,35476,1.0477224038786785,35.937636643632686,0.9853757926687033
imagenette,data/imagenette2-320/val/n03425413/ILSVRC2012_val_00020951.JPEG,n03425413,571,gas pump,jpeg,70,571,gas pump,0.22057974338531494,True,25968,25209,1.0301082946566702,40.27278902779684,0.988147221008493
imagenette,data/imagenette2-320/val/n03425413/ILSVRC2012_val_00022252.JPEG,n03425413,571,gas pump,jpeg,70,571,gas pump,0.6581144332885742,True,30254,29224,1.035245004106214,39.06570067037918,0.9861480277363398
imagenette,data/imagenette2-320/val/n03425413/ILSVRC2012_val_00031412.JPEG,n03425413,571,gas pump,jpeg,70,456,bow,0.2027614414691925,False,22995,22263,1.0328796658132327,41.88440124920654,0.9912472131487027
imagenette,data/imagenette2-320/val/n03425413/ILSVRC2012_val_00032250.JPEG,n03425413,571,gas pump,jpeg,70,571,gas pump,0.45824527740478516,True,18680,18213,1.0256410256410255,44.641387005332895,0.9904112189501958
imagenette,data/imagenette2-320/val/n03425413/ILSVRC2012_val_00035211.JPEG,n03425413,571,gas pump,jpeg,70,571,gas pump,0.26867157220840454,True,26036,25251,1.0310878777078136,40.86480644227797,0.9906521228666666
imagenette,data/imagenette2-320/val/n03425413/ILSVRC2012_val_00035242.JPEG,n03425413,571,gas pump,jpeg,70,571,gas pump,0.23238921165466309,True,29979,29054,1.031837268534453,39.62650073955925,0.9903975593727455
imagenette,data/imagenette2-320/val/n03425413/ILSVRC2012_val_00044370.JPEG,n03425413,571,gas pump,jpeg,70,571,gas pump,0.4693966507911682,True,29701,28695,1.0350583725387699,40.13601611529754,0.9894524917933807
imagenette,data/imagenette2-320/val/n03425413/n03425413_10022.JPEG,n03425413,571,gas pump,jpeg,70,571,gas pump,0.8046503067016602,True,30681,29430,1.0425076452599389,37.32094812144294,0.9851320902068773
imagenette,data/imagenette2-320/val/n03425413/n03425413_10251.JPEG,n03425413,571,gas pump,jpeg,70,571,gas pump,0.22886589169502258,True,23165,22568,1.0264533853243532,42.7813212438259,0.9921656970928302
imagenette,data/imagenette2-320/val/n03425413/n03425413_10350.JPEG,n03425413,571,gas pump,jpeg,70,571,gas pump,0.40813732147216797,True,49737,47843,1.0395878184896432,38.7540624451293,0.9883210941293209
imagenette,data/imagenette2-320/val/n03425413/n03425413_10410.JPEG,n03425413,571,gas pump,jpeg,70,571,gas pump,0.24120260775089264,True,23430,22651,1.0343914175974571,41.26748492407559,0.990731684375589
imagenette,data/imagenette2-320/val/n03425413/n03425413_10450.JPEG,n03425413,571,gas pump,jpeg,70,571,gas pump,0.22789011895656586,True,22896,22233,1.029820537039536,42.42925033850362,0.9911673080795554
imagenette,data/imagenette2-320/val/n03425413/n03425413_10572.JPEG,n03425413,571,gas pump,jpeg,70,571,gas pump,0.4077465832233429,True,20761,20097,1.0330397571776881,42.26559529358581,0.9899544657773872
imagenette,data/imagenette2-320/val/n03425413/n03425413_10621.JPEG,n03425413,571,gas pump,jpeg,70,571,gas pump,0.35756540298461914,True,33038,31983,1.0329862739580402,42.56198167429659,0.9901292042167172
imagenette,data/imagenette2-320/val/n03425413/n03425413_10771.JPEG,n03425413,571,gas pump,jpeg,70,571,gas pump,0.36687368154525757,True,24744,23880,1.0361809045226131,40.03152166500254,0.988794674428248
imagenette,data/imagenette2-320/val/n03425413/n03425413_10792.JPEG,n03425413,571,gas pump,jpeg,70,571,gas pump,0.30835190415382385,True,30853,29744,1.0372848305540614,37.38345981627604,0.9861425890279188
imagenette,data/imagenette2-320/val/n03425413/n03425413_10882.JPEG,n03425413,571,gas pump,jpeg,70,571,gas pump,0.32849547266960144,True,29977,29012,1.033262098442024,40.63280786493912,0.9914093216387955
imagenette,data/imagenette2-320/val/n03425413/n03425413_10942.JPEG,n03425413,571,gas pump,jpeg,70,571,gas pump,0.38888075947761536,True,23070,22308,1.034158149542765,41.17686175484353,0.9890956231908795
imagenette,data/imagenette2-320/val/n03425413/n03425413_11061.JPEG,n03425413,571,gas pump,jpeg,70,571,gas pump,0.26494574546813965,True,23479,22800,1.029780701754386,43.340065720700395,0.9878434186320876
imagenette,data/imagenette2-320/val/n03425413/n03425413_11092.JPEG,n03425413,571,gas pump,jpeg,70,571,gas pump,0.6871703863143921,True,30179,29188,1.0339523091681513,40.6696449695967,0.990926978599015
imagenette,data/imagenette2-320/val/n03425413/n03425413_11102.JPEG,n03425413,571,gas pump,jpeg,70,571,gas pump,0.34854787588119507,True,22146,21350,1.0372833723653396,44.42665043758079,0.9960144808262266
imagenette,data/imagenette2-320/val/n03425413/n03425413_11161.JPEG,n03425413,571,gas pump,jpeg,70,571,gas pump,0.75140380859375,True,18528,18052,1.026368269443829,44.15072098194804,0.9913814785139684
imagenette,data/imagenette2-320/val/n03425413/n03425413_11180.JPEG,n03425413,571,gas pump,jpeg,70,571,gas pump,0.3950931429862976,True,40168,38765,1.036192441635496,41.89738715919514,0.992201732082232
imagenette,data/imagenette2-320/val/n03425413/n03425413_11311.JPEG,n03425413,571,gas pump,jpeg,70,571,gas pump,0.20920567214488983,True,28642,27623,1.036889548564602,38.99050934636555,0.9879330933794513
imagenette,data/imagenette2-320/val/n03425413/n03425413_11370.JPEG,n03425413,571,gas pump,jpeg,70,571,gas pump,0.42111989855766296,True,27295,26262,1.0393343995126039,38.101040648169864,0.9878686699425487
imagenette,data/imagenette2-320/val/n03425413/n03425413_11460.JPEG,n03425413,571,gas pump,jpeg,70,571,gas pump,0.17036394774913788,True,25017,24267,1.0309061688713068,46.334771731997705,0.994010011406035
imagenette,data/imagenette2-320/val/n03425413/n03425413_11470.JPEG,n03425413,571,gas pump,jpeg,70,571,gas pump,0.4259786307811737,True,26590,25694,1.0348719545419165,39.748860160874486,0.9887324534816829
imagenette,data/imagenette2-320/val/n03425413/n03425413_11592.JPEG,n03425413,571,gas pump,jpeg,70,571,gas pump,0.4325610399246216,True,38164,36906,1.0340865983850864,37.575172187261224,0.9893314010708063
imagenette,data/imagenette2-320/val/n03425413/n03425413_11650.JPEG,n03425413,571,gas pump,jpeg,70,571,gas pump,0.36140069365501404,True,36248,35220,1.0291879613855763,38.65863109886604,0.9900176176423446
imagenette,data/imagenette2-320/val/n03425413/n03425413_1172.JPEG,n03425413,571,gas pump,jpeg,70,571,gas pump,0.4068780243396759,True,24598,23589,1.0427741744033237,37.22068181582951,0.9789943814516224
imagenette,data/imagenette2-320/val/n03425413/n03425413_11731.JPEG,n03425413,571,gas pump,jpeg,70,571,gas pump,0.4920812249183655,True,17182,16563,1.0373724566805531,40.44461696475213,0.9851576425941606
imagenette,data/imagenette2-320/val/n03425413/n03425413_11910.JPEG,n03425413,571,gas pump,jpeg,70,571,gas pump,0.45413723587989807,True,18623,18006,1.0342663556592246,43.38107067368803,0.9882920367178419
imagenette,data/imagenette2-320/val/n03425413/n03425413_12092.JPEG,n03425413,571,gas pump,jpeg,70,571,gas pump,0.33687731623649597,True,13344,13843,0.963952900382865,46.4145288135782,0.9912724814972013
imagenette,data/imagenette2-320/val/n03425413/n03425413_12270.JPEG,n03425413,571,gas pump,jpeg,70,571,gas pump,0.7375528216362,True,25147,24288,1.0353672595520422,43.131237076501236,0.9926109307418938
imagenette,data/imagenette2-320/val/n03425413/n03425413_1242.JPEG,n03425413,571,gas pump,jpeg,70,571,gas pump,0.3727452754974365,True,26505,25612,1.03486646884273,41.953263827368936,0.9936763156097116
imagenette,data/imagenette2-320/val/n03425413/n03425413_12672.JPEG,n03425413,571,gas pump,jpeg,70,571,gas pump,0.8348056674003601,True,20570,19974,1.0298387904275559,41.43267002841533,0.9913685512418716
imagenette,data/imagenette2-320/val/n03425413/n03425413_12701.JPEG,n03425413,571,gas pump,jpeg,70,571,gas pump,0.5854554176330566,True,34980,33721,1.0373357848225142,38.25243889628946,0.9871326349252704
imagenette,data/imagenette2-320/val/n03425413/n03425413_12710.JPEG,n03425413,571,gas pump,jpeg,70,571,gas pump,0.4254227876663208,True,26466,25380,1.042789598108747,37.75906855726106,0.98009468782272
imagenette,data/imagenette2-320/val/n03425413/n03425413_12711.JPEG,n03425413,571,gas pump,jpeg,70,571,gas pump,0.42182657122612,True,23587,23017,1.0247643046443933,42.0175407588789,0.9872175226172185
imagenette,data/imagenette2-320/val/n03425413/n03425413_12712.JPEG,n03425413,571,gas pump,jpeg,70,571,gas pump,0.5319191217422485,True,33156,33054,1.003085859502632,38.98161804603548,0.9928368293533724
imagenette,data/imagenette2-320/val/n03425413/n03425413_12722.JPEG,n03425413,571,gas pump,jpeg,70,571,gas pump,0.5110592246055603,True,37467,36287,1.0325185328078927,38.866823542320354,0.9917522576492966
imagenette,data/imagenette2-320/val/n03425413/n03425413_12761.JPEG,n03425413,571,gas pump,jpeg,70,571,gas pump,0.39382925629615784,True,30487,29583,1.0305580907953893,38.73490195405508,0.9914704690169884
imagenette,data/imagenette2-320/val/n03425413/n03425413_12861.JPEG,n03425413,571,gas pump,jpeg,70,571,gas pump,0.35953330993652344,True,28455,27680,1.0279985549132948,40.407954651380976,0.989383298961355
imagenette,data/imagenette2-320/val/n03425413/n03425413_12921.JPEG,n03425413,571,gas pump,jpeg,70,571,gas pump,0.7116672992706299,True,28847,27998,1.0303235945424674,41.57826630664742,0.9902728132958184
imagenette,data/imagenette2-320/val/n03425413/n03425413_12951.JPEG,n03425413,571,gas pump,jpeg,70,571,gas pump,0.4330734312534332,True,20370,19592,1.0397100857492854,39.82778326108117,0.9848382326656919
imagenette,data/imagenette2-320/val/n03425413/n03425413_12962.JPEG,n03425413,571,gas pump,jpeg,70,571,gas pump,0.2783457338809967,True,19791,19200,1.03078125,42.89849722242734,0.9919599031505624
imagenette,data/imagenette2-320/val/n03425413/n03425413_12980.JPEG,n03425413,571,gas pump,jpeg,70,571,gas pump,0.558064341545105,True,45588,45384,1.0044949762030673,38.40995438600934,0.9932182307572414
imagenette,data/imagenette2-320/val/n03425413/n03425413_12982.JPEG,n03425413,571,gas pump,jpeg,70,571,gas pump,0.4145525395870209,True,17022,16566,1.0275262586019558,43.609273888501406,0.9922371701498425
imagenette,data/imagenette2-320/val/n03425413/n03425413_13012.JPEG,n03425413,571,gas pump,jpeg,70,571,gas pump,0.19060145318508148,True,38886,37532,1.0360758819141,36.87446074261503,0.9885334936980931
imagenette,data/imagenette2-320/val/n03425413/n03425413_13060.JPEG,n03425413,571,gas pump,jpeg,70,571,gas pump,0.1265467405319214,True,26870,26100,1.0295019157088123,39.31691450447438,0.9895631194902608
imagenette,data/imagenette2-320/val/n03425413/n03425413_13072.JPEG,n03425413,571,gas pump,jpeg,70,571,gas pump,0.4678788185119629,True,36454,36432,1.0006038647342994,40.14757520382949,0.9931824518642524
imagenette,data/imagenette2-320/val/n03425413/n03425413_13080.JPEG,n03425413,571,gas pump,jpeg,70,571,gas pump,0.778156578540802,True,35040,33821,1.036042695366784,38.95434221446115,0.9912206715572598
imagenette,data/imagenette2-320/val/n03425413/n03425413_13100.JPEG,n03425413,571,gas pump,jpeg,70,571,gas pump,0.5798649191856384,True,36953,35680,1.0356782511210763,38.46115223742285,0.9891881028905978
imagenette,data/imagenette2-320/val/n03425413/n03425413_13120.JPEG,n03425413,571,gas pump,jpeg,70,571,gas pump,0.3907175064086914,True,15237,14788,1.0303624560454423,44.574860848257515,0.9938518679334222
imagenette,data/imagenette2-320/val/n03425413/n03425413_13170.JPEG,n03425413,571,gas pump,jpeg,70,571,gas pump,0.7620013356208801,True,28556,27559,1.036176929496716,40.2322953490884,0.9915506530750576
imagenette,data/imagenette2-320/val/n03425413/n03425413_13180.JPEG,n03425413,571,gas pump,jpeg,70,571,gas pump,0.6019942164421082,True,51548,49790,1.035308294838321,35.073791099468245,0.9908550111393563
imagenette,data/imagenette2-320/val/n03425413/n03425413_13200.JPEG,n03425413,571,gas pump,jpeg,70,571,gas pump,0.5996177792549133,True,28178,27247,1.0341688993283664,39.713910159761284,0.9882608804579077
imagenette,data/imagenette2-320/val/n03425413/n03425413_13230.JPEG,n03425413,571,gas pump,jpeg,70,571,gas pump,0.9698455333709717,True,21620,20923,1.0333126224728768,42.62931885655263,0.9916671982024585
imagenette,data/imagenette2-320/val/n03425413/n03425413_13231.JPEG,n03425413,571,gas pump,jpeg,70,571,gas pump,0.23027043044567108,True,37132,36026,1.030700049963915,39.49735598780866,0.9929733072475679
imagenette,data/imagenette2-320/val/n03425413/n03425413_13232.JPEG,n03425413,571,gas pump,jpeg,70,571,gas pump,0.6085081100463867,True,16125,15531,1.0382460884682247,42.05639388352937,0.9815291088259661
imagenette,data/imagenette2-320/val/n03425413/n03425413_13270.JPEG,n03425413,571,gas pump,jpeg,70,571,gas pump,0.5876868367195129,True,17069,16447,1.0378184471332157,42.038175000469465,0.9848917092768875
imagenette,data/imagenette2-320/val/n03425413/n03425413_13381.JPEG,n03425413,571,gas pump,jpeg,70,571,gas pump,0.5059627890586853,True,22730,23026,0.9871449665595414,42.21763860729244,0.9934020893093058
imagenette,data/imagenette2-320/val/n03425413/n03425413_13382.JPEG,n03425413,571,gas pump,jpeg,70,571,gas pump,0.2027295082807541,True,28988,28010,1.0349161013923598,39.840159463933034,0.9866364644266831
imagenette,data/imagenette2-320/val/n03425413/n03425413_13390.JPEG,n03425413,571,gas pump,jpeg,70,571,gas pump,0.8492252826690674,True,24814,24988,0.9930366575956459,42.114442938477964,0.9932692155533833
imagenette,data/imagenette2-320/val/n03425413/n03425413_1342.JPEG,n03425413,571,gas pump,jpeg,70,856,thresher,0.1317344307899475,False,29812,28871,1.0325932596723355,39.90734857186732,0.9897234198727349
imagenette,data/imagenette2-320/val/n03425413/n03425413_13502.JPEG,n03425413,571,gas pump,jpeg,70,571,gas pump,0.6601254940032959,True,23845,23041,1.0348943188229678,40.9457565270431,0.9869322579614176
imagenette,data/imagenette2-320/val/n03425413/n03425413_1351.JPEG,n03425413,571,gas pump,jpeg,70,688,oscilloscope,0.11619765311479568,False,17246,16691,1.033251452878797,42.740127331924825,0.9895857738488889
imagenette,data/imagenette2-320/val/n03425413/n03425413_13572.JPEG,n03425413,571,gas pump,jpeg,70,571,gas pump,0.5433481335639954,True,25736,25045,1.0275903373926931,41.919878744093786,0.9922314689692283
imagenette,data/imagenette2-320/val/n03425413/n03425413_13581.JPEG,n03425413,571,gas pump,jpeg,70,571,gas pump,0.4512459337711334,True,30307,29385,1.0313765526629233,39.46713984566007,0.9912530321391594
imagenette,data/imagenette2-320/val/n03425413/n03425413_13582.JPEG,n03425413,571,gas pump,jpeg,70,571,gas pump,0.5818666815757751,True,23904,23236,1.0287484937166467,41.383635613512304,0.9884407627806535
imagenette,data/imagenette2-320/val/n03425413/n03425413_13600.JPEG,n03425413,571,gas pump,jpeg,70,571,gas pump,0.5687861442565918,True,27382,26467,1.0345713530056297,40.03294485390877,0.990240621764303
imagenette,data/imagenette2-320/val/n03425413/n03425413_13620.JPEG,n03425413,571,gas pump,jpeg,70,571,gas pump,0.19384963810443878,True,34102,33012,1.033018296377075,38.88204139173243,0.9909274862910977
imagenette,data/imagenette2-320/val/n03425413/n03425413_13642.JPEG,n03425413,571,gas pump,jpeg,70,571,gas pump,0.43611136078834534,True,33342,32309,1.0319725153981862,39.034055368293316,0.9904135075491641
imagenette,data/imagenette2-320/val/n03425413/n03425413_13672.JPEG,n03425413,571,gas pump,jpeg,70,571,gas pump,0.4996362626552582,True,25848,25015,1.0333000199880071,40.65900457824035,0.9907183096148677
imagenette,data/imagenette2-320/val/n03425413/n03425413_13702.JPEG,n03425413,571,gas pump,jpeg,70,571,gas pump,0.2286003828048706,True,26492,25681,1.031579767143024,41.2915266406856,0.9874468733690337
imagenette,data/imagenette2-320/val/n03425413/n03425413_13741.JPEG,n03425413,571,gas pump,jpeg,70,571,gas pump,0.14911773800849915,True,29339,28353,1.0347758614608684,40.21593640117062,0.9912515333984363
imagenette,data/imagenette2-320/val/n03425413/n03425413_13751.JPEG,n03425413,571,gas pump,jpeg,70,571,gas pump,0.34976932406425476,True,33474,32471,1.0308891010440084,39.23427055960464,0.9909092348399072
imagenette,data/imagenette2-320/val/n03425413/n03425413_13752.JPEG,n03425413,571,gas pump,jpeg,70,571,gas pump,0.5494091510772705,True,28667,27828,1.0301494897225816,39.884361533797815,0.9883138050954882
imagenette,data/imagenette2-320/val/n03425413/n03425413_13770.JPEG,n03425413,571,gas pump,jpeg,70,571,gas pump,0.5661477446556091,True,20751,20243,1.0250950946006028,43.78374414842342,0.99146412873976
imagenette,data/imagenette2-320/val/n03425413/n03425413_13772.JPEG,n03425413,571,gas pump,jpeg,70,557,flagpole,0.16496023535728455,False,29025,28137,1.031559867789743,40.30505514279413,0.9913494211724942
imagenette,data/imagenette2-320/val/n03425413/n03425413_1381.JPEG,n03425413,571,gas pump,jpeg,70,571,gas pump,0.9527948498725891,True,28306,27350,1.0349542961608775,40.708172788617595,0.9903013094989155
imagenette,data/imagenette2-320/val/n03425413/n03425413_13811.JPEG,n03425413,571,gas pump,jpeg,70,571,gas pump,0.39659982919692993,True,25193,24444,1.0306414662084764,43.0432842426827,0.9927646405524525
imagenette,data/imagenette2-320/val/n03425413/n03425413_13821.JPEG,n03425413,571,gas pump,jpeg,70,571,gas pump,0.5728512406349182,True,26938,25981,1.0368346099072399,39.330327452883495,0.9907738507169
imagenette,data/imagenette2-320/val/n03425413/n03425413_13831.JPEG,n03425413,571,gas pump,jpeg,70,571,gas pump,0.5021253824234009,True,32949,31851,1.034473014975982,38.965710094905376,0.9858079718123411
imagenette,data/imagenette2-320/val/n03425413/n03425413_13862.JPEG,n03425413,571,gas pump,jpeg,70,571,gas pump,0.5851784944534302,True,24493,23542,1.040395888199813,38.67809809711215,0.9812292426110146
imagenette,data/imagenette2-320/val/n03425413/n03425413_13922.JPEG,n03425413,571,gas pump,jpeg,70,571,gas pump,0.32930830121040344,True,32338,31353,1.0314164513762638,39.88194990783283,0.988851609525261
imagenette,data/imagenette2-320/val/n03425413/n03425413_13970.JPEG,n03425413,571,gas pump,jpeg,70,571,gas pump,0.39552000164985657,True,17675,17002,1.039583578402541,41.15422746264838,0.9702450275699022
imagenette,data/imagenette2-320/val/n03425413/n03425413_13971.JPEG,n03425413,571,gas pump,jpeg,70,571,gas pump,0.6358421444892883,True,24417,24598,0.9926416781852183,41.25401551818907,0.9753782456390647
imagenette,data/imagenette2-320/val/n03425413/n03425413_1400.JPEG,n03425413,571,gas pump,jpeg,70,571,gas pump,0.47160130739212036,True,29055,28216,1.0297349021831586,41.22931752166251,0.9915947469970675
imagenette,data/imagenette2-320/val/n03425413/n03425413_14012.JPEG,n03425413,571,gas pump,jpeg,70,571,gas pump,0.1565922200679779,True,27963,27140,1.0303242446573324,41.197535157075855,0.9891764922670127
imagenette,data/imagenette2-320/val/n03425413/n03425413_14030.JPEG,n03425413,571,gas pump,jpeg,70,571,gas pump,0.41919007897377014,True,18084,17461,1.0356795143462574,42.21292597464264,0.9898315659482381
imagenette,data/imagenette2-320/val/n03425413/n03425413_14040.JPEG,n03425413,571,gas pump,jpeg,70,571,gas pump,0.7300268411636353,True,19522,18983,1.0283938260548913,44.33741677890147,0.9921502677111835
imagenette,data/imagenette2-320/val/n03425413/n03425413_14081.JPEG,n03425413,571,gas pump,jpeg,70,571,gas pump,0.6276561617851257,True,14676,14246,1.03018391127334,44.86886428508481,0.9918103732201061
imagenette,data/imagenette2-320/val/n03425413/n03425413_1421.JPEG,n03425413,571,gas pump,jpeg,70,571,gas pump,0.5444376468658447,True,21347,20719,1.03031034316328,43.14952955963908,0.9907478685934997
imagenette,data/imagenette2-320/val/n03425413/n03425413_14280.JPEG,n03425413,571,gas pump,jpeg,70,571,gas pump,0.1398862898349762,True,37727,36554,1.0320895114077804,37.63090848569007,0.9903811563489892
imagenette,data/imagenette2-320/val/n03425413/n03425413_14302.JPEG,n03425413,571,gas pump,jpeg,70,571,gas pump,0.7770761847496033,True,21906,21195,1.0335456475583864,40.441417977651064,0.9916154562206286
imagenette,data/imagenette2-320/val/n03425413/n03425413_14351.JPEG,n03425413,571,gas pump,jpeg,70,571,gas pump,0.6963668465614319,True,27396,26408,1.0374129051802483,39.500433025710684,0.9900371280500343
imagenette,data/imagenette2-320/val/n03425413/n03425413_14361.JPEG,n03425413,571,gas pump,jpeg,70,571,gas pump,0.4205986261367798,True,26754,25785,1.0375799883653287,38.611236236740744,0.9883282915373334
imagenette,data/imagenette2-320/val/n03425413/n03425413_14381.JPEG,n03425413,571,gas pump,jpeg,70,571,gas pump,0.2881326377391815,True,35848,34667,1.0340669801251912,38.26937516787186,0.9874471922074424
imagenette,data/imagenette2-320/val/n03425413/n03425413_14410.JPEG,n03425413,571,gas pump,jpeg,70,571,gas pump,0.7523994445800781,True,42953,41638,1.0315817282290216,37.39991570313201,0.9909175251079594
imagenette,data/imagenette2-320/val/n03425413/n03425413_14411.JPEG,n03425413,571,gas pump,jpeg,70,571,gas pump,0.32274430990219116,True,39556,38214,1.0351180195739782,37.64384334004505,0.9890609903677889
imagenette,data/imagenette2-320/val/n03425413/n03425413_14420.JPEG,n03425413,571,gas pump,jpeg,70,733,pole,0.15948393940925598,False,28502,27547,1.0346680219261626,39.206380411879664,0.9907893483743857
imagenette,data/imagenette2-320/val/n03425413/n03425413_14501.JPEG,n03425413,571,gas pump,jpeg,70,571,gas pump,0.7117438316345215,True,22684,21889,1.036319612590799,40.1785129659557,0.9825765674021816
imagenette,data/imagenette2-320/val/n03425413/n03425413_14510.JPEG,n03425413,571,gas pump,jpeg,70,571,gas pump,0.5915659666061401,True,31025,29434,1.054053135829313,36.189872188657816,0.98057590394341
imagenette,data/imagenette2-320/val/n03425413/n03425413_14552.JPEG,n03425413,571,gas pump,jpeg,70,571,gas pump,0.3702956736087799,True,24345,23649,1.0294304198909046,41.660528105600434,0.989991446171561
imagenette,data/imagenette2-320/val/n03425413/n03425413_14570.JPEG,n03425413,571,gas pump,jpeg,70,571,gas pump,0.7154282331466675,True,24101,23354,1.0319859552967372,41.48584065641338,0.9874463413222463
imagenette,data/imagenette2-320/val/n03425413/n03425413_14590.JPEG,n03425413,571,gas pump,jpeg,70,571,gas pump,0.20237785577774048,True,24571,23675,1.0378458289334742,42.04268774577896,0.9901274334777521
imagenette,data/imagenette2-320/val/n03425413/n03425413_14600.JPEG,n03425413,571,gas pump,jpeg,70,571,gas pump,0.39229661226272583,True,32918,31804,1.035027040623821,39.25303137418101,0.9899163245788686
imagenette,data/imagenette2-320/val/n03425413/n03425413_14612.JPEG,n03425413,571,gas pump,jpeg,70,571,gas pump,0.8662444353103638,True,30566,29494,1.036346375534007,39.61177245080293,0.9905926184579258
imagenette,data/imagenette2-320/val/n03425413/n03425413_14622.JPEG,n03425413,571,gas pump,jpeg,70,571,gas pump,0.6791380047798157,True,18588,17996,1.0328961991553678,42.11435790045818,0.9872608634205559
imagenette,data/imagenette2-320/val/n03425413/n03425413_14650.JPEG,n03425413,571,gas pump,jpeg,70,571,gas pump,0.1352088749408722,True,23277,22378,1.0401733845741352,38.65472774370061,0.985253453987092
imagenette,data/imagenette2-320/val/n03425413/n03425413_14670.JPEG,n03425413,571,gas pump,jpeg,70,571,gas pump,0.5035263895988464,True,27539,26485,1.03979611100623,40.270133587290644,0.9901122098751672
imagenette,data/imagenette2-320/val/n03425413/n03425413_14672.JPEG,n03425413,571,gas pump,jpeg,70,571,gas pump,0.4916924834251404,True,27403,26800,1.0225,42.0025325132428,0.9912992069630544
imagenette,data/imagenette2-320/val/n03425413/n03425413_14681.JPEG,n03425413,571,gas pump,jpeg,70,571,gas pump,0.11099765449762344,True,20073,19344,1.0376861042183623,44.08843417631695,0.9736354647800796
imagenette,data/imagenette2-320/val/n03425413/n03425413_14682.JPEG,n03425413,571,gas pump,jpeg,70,571,gas pump,0.32641810178756714,True,35303,33998,1.0383846108594623,37.40931418547984,0.9853279476640439
imagenette,data/imagenette2-320/val/n03425413/n03425413_14691.JPEG,n03425413,571,gas pump,jpeg,70,571,gas pump,0.6185558438301086,True,30274,29321,1.0325023021042938,40.308702540073995,0.99062761418537
imagenette,data/imagenette2-320/val/n03425413/n03425413_14712.JPEG,n03425413,571,gas pump,jpeg,70,571,gas pump,0.4098539650440216,True,24393,23545,1.0360161393077087,40.533473266640726,0.9894272759682291
imagenette,data/imagenette2-320/val/n03425413/n03425413_1472.JPEG,n03425413,571,gas pump,jpeg,70,571,gas pump,0.6947954893112183,True,26948,26019,1.0357046773511664,38.99135079862613,0.9902097397286252
imagenette,data/imagenette2-320/val/n03425413/n03425413_14720.JPEG,n03425413,571,gas pump,jpeg,70,571,gas pump,0.6264065504074097,True,34651,33585,1.031740360279887,39.77375490263168,0.9921727447066179
imagenette,data/imagenette2-320/val/n03425413/n03425413_14722.JPEG,n03425413,571,gas pump,jpeg,70,571,gas pump,0.3406071960926056,True,26272,26429,0.9940595557909871,41.94586618786096,0.9931024811861708
imagenette,data/imagenette2-320/val/n03425413/n03425413_14740.JPEG,n03425413,571,gas pump,jpeg,70,571,gas pump,0.48482465744018555,True,25861,25028,1.0332827233498483,40.52356101314578,0.9885743524046923
imagenette,data/imagenette2-320/val/n03425413/n03425413_14752.JPEG,n03425413,571,gas pump,jpeg,70,571,gas pump,0.19111934304237366,True,27099,26304,1.0302235401459854,40.733665237017725,0.9906154334274225
imagenette,data/imagenette2-320/val/n03425413/n03425413_14792.JPEG,n03425413,571,gas pump,jpeg,70,571,gas pump,0.20043598115444183,True,21817,21110,1.0334912363808622,42.27200846362862,0.989945888850461
imagenette,data/imagenette2-320/val/n03425413/n03425413_14870.JPEG,n03425413,571,gas pump,jpeg,70,571,gas pump,0.5614790320396423,True,22172,21618,1.0256267924877418,42.42314323511807,0.9917237071465425
imagenette,data/imagenette2-320/val/n03425413/n03425413_14891.JPEG,n03425413,571,gas pump,jpeg,70,530,digital clock,0.2571578919887543,False,17252,16683,1.034106575555955,43.1409641348654,0.9910619115963623
imagenette,data/imagenette2-320/val/n03425413/n03425413_1491.JPEG,n03425413,571,gas pump,jpeg,70,571,gas pump,0.6023053526878357,True,26726,25774,1.0369364475828353,39.68061596178083,0.9907539991536899
imagenette,data/imagenette2-320/val/n03425413/n03425413_14940.JPEG,n03425413,571,gas pump,jpeg,70,571,gas pump,0.28497686982154846,True,23632,22838,1.0347666170417724,39.98391466391021,0.990238405308283
imagenette,data/imagenette2-320/val/n03425413/n03425413_14952.JPEG,n03425413,571,gas pump,jpeg,70,571,gas pump,0.26923641562461853,True,38757,37606,1.0306068180609478,44.65995104315639,0.992267925581785
imagenette,data/imagenette2-320/val/n03425413/n03425413_15000.JPEG,n03425413,571,gas pump,jpeg,70,571,gas pump,0.5812674760818481,True,28801,27861,1.0337389182010697,40.86341755469766,0.990528651920918
imagenette,data/imagenette2-320/val/n03425413/n03425413_15002.JPEG,n03425413,571,gas pump,jpeg,70,571,gas pump,0.6203018426895142,True,26624,25848,1.030021665119158,40.255653090012856,0.990912117980515
imagenette,data/imagenette2-320/val/n03425413/n03425413_15050.JPEG,n03425413,571,gas pump,jpeg,70,571,gas pump,0.4915468692779541,True,20723,19954,1.0385386388693996,40.72523667748173,0.9888477561677682
imagenette,data/imagenette2-320/val/n03425413/n03425413_15070.JPEG,n03425413,571,gas pump,jpeg,70,571,gas pump,0.4242493510246277,True,32121,31056,1.034292890262751,39.21385534303067,0.9910116631623858
imagenette,data/imagenette2-320/val/n03425413/n03425413_15082.JPEG,n03425413,571,gas pump,jpeg,70,571,gas pump,0.2972122132778168,True,26115,25221,1.0354466515998573,40.1189761919737,0.9897826846297085
imagenette,data/imagenette2-320/val/n03425413/n03425413_15130.JPEG,n03425413,571,gas pump,jpeg,70,571,gas pump,0.2659146785736084,True,29841,28776,1.0370100083402836,39.47682211677445,0.9903651231949452
imagenette,data/imagenette2-320/val/n03425413/n03425413_15131.JPEG,n03425413,571,gas pump,jpeg,70,571,gas pump,0.4777943789958954,True,35829,34337,1.0434516702099776,35.75389554372037,0.9808801360697103
imagenette,data/imagenette2-320/val/n03425413/n03425413_15291.JPEG,n03425413,571,gas pump,jpeg,70,571,gas pump,0.44866159558296204,True,33120,31932,1.0372040586245772,39.2091051764891,0.9851566319788906
imagenette,data/imagenette2-320/val/n03425413/n03425413_15312.JPEG,n03425413,571,gas pump,jpeg,70,571,gas pump,0.37673571705818176,True,21815,22201,0.9826133957929823,44.018740081960566,0.993898156824993
imagenette,data/imagenette2-320/val/n03425413/n03425413_15321.JPEG,n03425413,571,gas pump,jpeg,70,571,gas pump,0.727704644203186,True,29438,28583,1.029912885281461,40.196934649810856,0.9901416416336674
imagenette,data/imagenette2-320/val/n03425413/n03425413_15332.JPEG,n03425413,571,gas pump,jpeg,70,571,gas pump,0.7997421622276306,True,19907,19222,1.0356362501300593,42.29160907085402,0.9866444602215898
imagenette,data/imagenette2-320/val/n03425413/n03425413_15340.JPEG,n03425413,571,gas pump,jpeg,70,571,gas pump,0.7927671074867249,True,27061,25800,1.048875968992248,38.11698100579255,0.9801292152793398
imagenette,data/imagenette2-320/val/n03425413/n03425413_15531.JPEG,n03425413,571,gas pump,jpeg,70,571,gas pump,0.8268582224845886,True,16867,16358,1.0311162733830541,43.409844665170795,0.9923808837943646
imagenette,data/imagenette2-320/val/n03425413/n03425413_15571.JPEG,n03425413,571,gas pump,jpeg,70,571,gas pump,0.19498711824417114,True,23510,22824,1.030056081317911,42.24043629064492,0.9925701108410602
imagenette,data/imagenette2-320/val/n03425413/n03425413_15601.JPEG,n03425413,571,gas pump,jpeg,70,800,slot,0.4521010220050812,False,20861,20201,1.0326716499183208,41.43311466512883,0.9893903303833679
imagenette,data/imagenette2-320/val/n03425413/n03425413_15602.JPEG,n03425413,571,gas pump,jpeg,70,571,gas pump,0.43246889114379883,True,25782,24924,1.0344246509388542,40.29990213002602,0.9908248569735116
imagenette,data/imagenette2-320/val/n03425413/n03425413_15622.JPEG,n03425413,571,gas pump,jpeg,70,571,gas pump,0.5466455221176147,True,28883,27924,1.0343432173041112,40.156032247009634,0.9910870320208778
imagenette,data/imagenette2-320/val/n03425413/n03425413_15630.JPEG,n03425413,571,gas pump,jpeg,70,571,gas pump,0.3994884788990021,True,29098,29110,0.9995877705255926,40.08313415407095,0.9934043778459011
imagenette,data/imagenette2-320/val/n03425413/n03425413_15671.JPEG,n03425413,571,gas pump,jpeg,70,571,gas pump,0.4992937445640564,True,20943,20381,1.0275747019282666,42.732211308466155,0.9924615624357767
imagenette,data/imagenette2-320/val/n03425413/n03425413_15700.JPEG,n03425413,571,gas pump,jpeg,70,571,gas pump,0.5815166234970093,True,35142,34025,1.0328288023512124,38.216799814950484,0.9903091526559158
imagenette,data/imagenette2-320/val/n03425413/n03425413_15701.JPEG,n03425413,571,gas pump,jpeg,70,571,gas pump,0.3165189027786255,True,34222,33114,1.0334601679048137,39.306707143591694,0.9888072486056713
imagenette,data/imagenette2-320/val/n03425413/n03425413_15772.JPEG,n03425413,571,gas pump,jpeg,70,571,gas pump,0.3007791042327881,True,27063,26231,1.031718196027601,41.93249806295601,0.9914697722866982
imagenette,data/imagenette2-320/val/n03425413/n03425413_15792.JPEG,n03425413,571,gas pump,jpeg,70,571,gas pump,0.4959854483604431,True,27723,26975,1.0277293790546802,41.44809678604125,0.9905638155081403
imagenette,data/imagenette2-320/val/n03425413/n03425413_15862.JPEG,n03425413,571,gas pump,jpeg,70,571,gas pump,0.3345162272453308,True,25707,25076,1.0251635029510289,42.01991413536388,0.9903046046210632
imagenette,data/imagenette2-320/val/n03425413/n03425413_15871.JPEG,n03425413,571,gas pump,jpeg,70,571,gas pump,0.21648357808589935,True,29806,28918,1.030707517808977,39.678591522883615,0.9882434530160378
imagenette,data/imagenette2-320/val/n03425413/n03425413_15950.JPEG,n03425413,571,gas pump,jpeg,70,571,gas pump,0.4069769084453583,True,20450,19808,1.0324111470113086,41.891330749636566,0.9921107472166008
imagenette,data/imagenette2-320/val/n03425413/n03425413_16031.JPEG,n03425413,571,gas pump,jpeg,70,571,gas pump,0.4193183481693268,True,23571,22592,1.043333923512748,39.0416764237808,0.981405815617579
imagenette,data/imagenette2-320/val/n03425413/n03425413_16080.JPEG,n03425413,571,gas pump,jpeg,70,571,gas pump,0.34928277134895325,True,24468,23673,1.0335825624128754,41.959204332982615,0.9904234237010868
imagenette,data/imagenette2-320/val/n03425413/n03425413_1610.JPEG,n03425413,571,gas pump,jpeg,70,571,gas pump,0.32372039556503296,True,27883,27100,1.0288929889298892,40.80972831486156,0.9906940139081608
imagenette,data/imagenette2-320/val/n03425413/n03425413_16190.JPEG,n03425413,571,gas pump,jpeg,70,571,gas pump,0.5559569597244263,True,28601,27559,1.037809789905294,40.55506747280195,0.9899680054168577
imagenette,data/imagenette2-320/val/n03425413/n03425413_16202.JPEG,n03425413,571,gas pump,jpeg,70,571,gas pump,0.550135612487793,True,19809,18896,1.0483171041490262,40.581331851273745,0.9565968828874065
imagenette,data/imagenette2-320/val/n03425413/n03425413_16220.JPEG,n03425413,571,gas pump,jpeg,70,571,gas pump,0.32409605383872986,True,16959,16535,1.0256425763531902,44.21686009653853,0.9910623162444484
imagenette,data/imagenette2-320/val/n03425413/n03425413_16221.JPEG,n03425413,571,gas pump,jpeg,70,571,gas pump,0.39552128314971924,True,43598,42291,1.0309049206687002,38.443857607401384,0.9917383049897706
imagenette,data/imagenette2-320/val/n03425413/n03425413_16300.JPEG,n03425413,571,gas pump,jpeg,70,571,gas pump,0.35915952920913696,True,28350,27157,1.0439297418713407,38.29552648753178,0.9825724333164646
imagenette,data/imagenette2-320/val/n03425413/n03425413_1631.JPEG,n03425413,571,gas pump,jpeg,70,571,gas pump,0.45799165964126587,True,31071,29942,1.0377062320486274,38.98503999863978,0.9883211036026859
imagenette,data/imagenette2-320/val/n03425413/n03425413_16400.JPEG,n03425413,571,gas pump,jpeg,70,571,gas pump,0.538876473903656,True,29963,28990,1.0335632976888582,39.809922085877275,0.987641507994427
imagenette,data/imagenette2-320/val/n03425413/n03425413_16420.JPEG,n03425413,571,gas pump,jpeg,70,571,gas pump,0.5698904395103455,True,25340,24388,1.0390355912743972,39.96314078563381,0.9884120005146984
imagenette,data/imagenette2-320/val/n03425413/n03425413_16421.JPEG,n03425413,571,gas pump,jpeg,70,571,gas pump,0.5761513113975525,True,31807,30853,1.030920818072797,40.26098615967828,0.9911084360043002
imagenette,data/imagenette2-320/val/n03425413/n03425413_16551.JPEG,n03425413,571,gas pump,jpeg,70,571,gas pump,0.5196729302406311,True,28410,27547,1.0313282753112862,40.876541025941066,0.9910819784992735
imagenette,data/imagenette2-320/val/n03425413/n03425413_16581.JPEG,n03425413,571,gas pump,jpeg,70,571,gas pump,0.47995641827583313,True,25110,24300,1.0333333333333334,42.153244657632484,0.9912385083020144
imagenette,data/imagenette2-320/val/n03425413/n03425413_16661.JPEG,n03425413,571,gas pump,jpeg,70,571,gas pump,0.7453916668891907,True,31891,30787,1.0358592912592977,39.80460114003916,0.9900630453536031
imagenette,data/imagenette2-320/val/n03425413/n03425413_16681.JPEG,n03425413,571,gas pump,jpeg,70,571,gas pump,0.7074728608131409,True,38162,37001,1.0313775303370178,37.5187391423013,0.9886538463231856
imagenette,data/imagenette2-320/val/n03425413/n03425413_1670.JPEG,n03425413,571,gas pump,jpeg,70,571,gas pump,0.6557488441467285,True,13009,12662,1.0274048333596588,46.23612808023463,0.994550395004484
imagenette,data/imagenette2-320/val/n03425413/n03425413_16712.JPEG,n03425413,571,gas pump,jpeg,70,571,gas pump,0.5776908993721008,True,30689,29707,1.033056182044636,40.29825544035433,0.9878693913357055
imagenette,data/imagenette2-320/val/n03425413/n03425413_1672.JPEG,n03425413,571,gas pump,jpeg,70,571,gas pump,0.6643251180648804,True,22989,22245,1.0334457181389076,40.7435416255841,0.9880891256594211
imagenette,data/imagenette2-320/val/n03425413/n03425413_16782.JPEG,n03425413,571,gas pump,jpeg,70,571,gas pump,0.7119134664535522,True,25993,25043,1.037934752226171,39.15994932140769,0.988377982281841
imagenette,data/imagenette2-320/val/n03425413/n03425413_16822.JPEG,n03425413,571,gas pump,jpeg,70,571,gas pump,0.5059826970100403,True,33162,31977,1.037057885355099,38.531436541403565,0.9877954116292482
imagenette,data/imagenette2-320/val/n03425413/n03425413_16911.JPEG,n03425413,571,gas pump,jpeg,70,571,gas pump,0.5846500396728516,True,28842,27950,1.0319141323792487,41.03862865290153,0.989116118377356
imagenette,data/imagenette2-320/val/n03425413/n03425413_16920.JPEG,n03425413,571,gas pump,jpeg,70,571,gas pump,0.5155643820762634,True,27699,26898,1.0297791657372295,40.728858779786435,0.9893426201985189
imagenette,data/imagenette2-320/val/n03425413/n03425413_16962.JPEG,n03425413,571,gas pump,jpeg,70,571,gas pump,0.3491242527961731,True,27636,26719,1.0343201467120775,39.9961530492186,0.9870100394981448
imagenette,data/imagenette2-320/val/n03425413/n03425413_16972.JPEG,n03425413,571,gas pump,jpeg,70,571,gas pump,0.612431526184082,True,28725,27736,1.0356576290741275,39.295387411430085,0.9832821648447517
imagenette,data/imagenette2-320/val/n03425413/n03425413_16992.JPEG,n03425413,571,gas pump,jpeg,70,571,gas pump,0.3393929600715637,True,33309,32074,1.0385047078630667,39.167259516417744,0.9905077133365144
imagenette,data/imagenette2-320/val/n03425413/n03425413_17000.JPEG,n03425413,571,gas pump,jpeg,70,571,gas pump,0.3764987587928772,True,24109,23290,1.035165306998712,41.38709115236681,0.9922077124104886
imagenette,data/imagenette2-320/val/n03425413/n03425413_17001.JPEG,n03425413,571,gas pump,jpeg,70,571,gas pump,0.504507303237915,True,49361,47719,1.0344097738846163,36.53133813206834,0.9931116069402958
imagenette,data/imagenette2-320/val/n03425413/n03425413_17060.JPEG,n03425413,571,gas pump,jpeg,70,571,gas pump,0.8399735689163208,True,23820,23002,1.035562125032606,40.647192328220505,0.9830600046558967
imagenette,data/imagenette2-320/val/n03425413/n03425413_17072.JPEG,n03425413,571,gas pump,jpeg,70,571,gas pump,0.5013151168823242,True,33849,32604,1.0381854987118144,37.78986325389211,0.9867008106634673
imagenette,data/imagenette2-320/val/n03425413/n03425413_17100.JPEG,n03425413,571,gas pump,jpeg,70,571,gas pump,0.33415234088897705,True,35732,34614,1.0322990697405674,38.39699182163737,0.9898964546093542
imagenette,data/imagenette2-320/val/n03425413/n03425413_17110.JPEG,n03425413,571,gas pump,jpeg,70,571,gas pump,0.19847603142261505,True,32099,31169,1.0298373383810837,41.011638911651744,0.9914888555532269
imagenette,data/imagenette2-320/val/n03425413/n03425413_17111.JPEG,n03425413,571,gas pump,jpeg,70,571,gas pump,0.5598644018173218,True,26557,25741,1.0317004001398546,39.12541751360089,0.9853691076346927
imagenette,data/imagenette2-320/val/n03425413/n03425413_17210.JPEG,n03425413,571,gas pump,jpeg,70,571,gas pump,0.3508622944355011,True,26373,25469,1.0354941301189682,38.892989588416576,0.984270031585738
imagenette,data/imagenette2-320/val/n03425413/n03425413_17212.JPEG,n03425413,571,gas pump,jpeg,70,571,gas pump,0.31153592467308044,True,26968,26167,1.0306110750181527,40.35480257374603,0.9903570079216975
imagenette,data/imagenette2-320/val/n03425413/n03425413_17220.JPEG,n03425413,571,gas pump,jpeg,70,571,gas pump,0.31966909766197205,True,21721,20776,1.0454851752021563,38.08357209689711,0.9830027445781292
imagenette,data/imagenette2-320/val/n03425413/n03425413_17262.JPEG,n03425413,571,gas pump,jpeg,70,571,gas pump,0.5135635733604431,True,18168,17617,1.0312766078219902,44.09837669831851,0.9916314776613356
imagenette,data/imagenette2-320/val/n03425413/n03425413_17322.JPEG,n03425413,571,gas pump,jpeg,70,571,gas pump,0.45906496047973633,True,28698,27852,1.0303748384317104,40.5838605750838,0.9905829133508998
imagenette,data/imagenette2-320/val/n03425413/n03425413_17441.JPEG,n03425413,571,gas pump,jpeg,70,571,gas pump,0.47617796063423157,True,40458,38562,1.049167574295939,35.792390466778656,0.9788954065716654
imagenette,data/imagenette2-320/val/n03425413/n03425413_17521.JPEG,n03425413,571,gas pump,jpeg,70,571,gas pump,0.3725542724132538,True,25997,25142,1.0340068411423116,41.23851296374919,0.9911169898178258
imagenette,data/imagenette2-320/val/n03425413/n03425413_17591.JPEG,n03425413,571,gas pump,jpeg,70,571,gas pump,0.4574887156486511,True,15619,15081,1.0356740269212916,42.33166825944399,0.9867485723588404
imagenette,data/imagenette2-320/val/n03425413/n03425413_17701.JPEG,n03425413,571,gas pump,jpeg,70,571,gas pump,0.8144412636756897,True,12726,12357,1.0298616168973052,44.7695406256323,0.9925121375917004
imagenette,data/imagenette2-320/val/n03425413/n03425413_17802.JPEG,n03425413,571,gas pump,jpeg,70,571,gas pump,0.5165137052536011,True,27942,27084,1.0316792202038103,40.71524908295014,0.9907461761316781
imagenette,data/imagenette2-320/val/n03425413/n03425413_17851.JPEG,n03425413,571,gas pump,jpeg,70,571,gas pump,0.6569780111312866,True,21447,20782,1.0319988451544606,41.971832298722575,0.9920720154537389
imagenette,data/imagenette2-320/val/n03425413/n03425413_1792.JPEG,n03425413,571,gas pump,jpeg,70,571,gas pump,0.40869009494781494,True,21878,21307,1.0267987046510536,43.671365430038726,0.9926456322471866
imagenette,data/imagenette2-320/val/n03425413/n03425413_17961.JPEG,n03425413,571,gas pump,jpeg,70,571,gas pump,0.6013376712799072,True,22361,21719,1.0295593719784522,43.14603298498227,0.9920559604146222
imagenette,data/imagenette2-320/val/n03425413/n03425413_17980.JPEG,n03425413,571,gas pump,jpeg,70,571,gas pump,0.34233060479164124,True,16787,16096,1.0429299204771372,38.59875057626641,0.9858960429703152
imagenette,data/imagenette2-320/val/n03425413/n03425413_18040.JPEG,n03425413,571,gas pump,jpeg,70,571,gas pump,0.5786946415901184,True,33671,32581,1.0334550811822842,39.621165140079725,0.9889984860355144
imagenette,data/imagenette2-320/val/n03425413/n03425413_18132.JPEG,n03425413,571,gas pump,jpeg,70,571,gas pump,0.44679659605026245,True,31414,30292,1.0370394823715832,38.95272621486314,0.9882681778956813
imagenette,data/imagenette2-320/val/n03425413/n03425413_18191.JPEG,n03425413,571,gas pump,jpeg,70,571,gas pump,0.2940472364425659,True,31268,30308,1.0316748053319256,40.73255217135018,0.9919037254179871
imagenette,data/imagenette2-320/val/n03425413/n03425413_18252.JPEG,n03425413,571,gas pump,jpeg,70,571,gas pump,0.7356613278388977,True,30364,29404,1.0326486192354782,39.469483685707615,0.9911220632329495
imagenette,data/imagenette2-320/val/n03425413/n03425413_18330.JPEG,n03425413,571,gas pump,jpeg,70,571,gas pump,0.9407904744148254,True,24912,23963,1.0396027208613279,38.954725464845254,0.9872730774922589
imagenette,data/imagenette2-320/val/n03425413/n03425413_18360.JPEG,n03425413,571,gas pump,jpeg,70,571,gas pump,0.5860265493392944,True,23279,22525,1.0334739178690344,41.44848203259614,0.9920066945770237
imagenette,data/imagenette2-320/val/n03425413/n03425413_18382.JPEG,n03425413,571,gas pump,jpeg,70,571,gas pump,0.3461374044418335,True,31468,30486,1.0322115069212097,39.66671731937746,0.9909391521996284
imagenette,data/imagenette2-320/val/n03425413/n03425413_18390.JPEG,n03425413,571,gas pump,jpeg,70,571,gas pump,0.2433880865573883,True,21650,20901,1.0358356059518683,39.739670465333596,0.9922047369642538
imagenette,data/imagenette2-320/val/n03425413/n03425413_18430.JPEG,n03425413,571,gas pump,jpeg,70,571,gas pump,0.8243760466575623,True,21712,21058,1.0310570804444867,42.26071947465187,0.990579681367045
imagenette,data/imagenette2-320/val/n03425413/n03425413_18562.JPEG,n03425413,571,gas pump,jpeg,70,571,gas pump,0.21463695168495178,True,34812,33646,1.034654936693812,39.99449879020962,0.9878548095302588
imagenette,data/imagenette2-320/val/n03425413/n03425413_18571.JPEG,n03425413,571,gas pump,jpeg,70,571,gas pump,0.5034881234169006,True,35261,34083,1.0345626852096352,39.67153507847149,0.9909063731793067
imagenette,data/imagenette2-320/val/n03425413/n03425413_18750.JPEG,n03425413,571,gas pump,jpeg,70,571,gas pump,0.5121055841445923,True,23827,23045,1.0339336081579518,40.305044630939236,0.9870476698434225
imagenette,data/imagenette2-320/val/n03425413/n03425413_18752.JPEG,n03425413,571,gas pump,jpeg,70,571,gas pump,0.4287150800228119,True,21184,20486,1.0340720492043347,41.55861597300023,0.989678067786798
imagenette,data/imagenette2-320/val/n03425413/n03425413_18830.JPEG,n03425413,571,gas pump,jpeg,70,919,street sign,0.4102669656276703,False,26062,25272,1.0312598923710035,40.997585298735245,0.9917638843749247
imagenette,data/imagenette2-320/val/n03425413/n03425413_18871.JPEG,n03425413,571,gas pump,jpeg,70,571,gas pump,0.49645236134529114,True,29790,28834,1.0331553027675662,39.47451495374545,0.987211537646603
imagenette,data/imagenette2-320/val/n03425413/n03425413_18910.JPEG,n03425413,571,gas pump,jpeg,70,571,gas pump,0.2750841975212097,True,25656,24720,1.0378640776699029,40.95095699847568,0.9781493750005256
imagenette,data/imagenette2-320/val/n03425413/n03425413_18942.JPEG,n03425413,571,gas pump,jpeg,70,571,gas pump,0.38639411330223083,True,26704,25832,1.033756580984825,40.34142211959562,0.9907694112168856
imagenette,data/imagenette2-320/val/n03425413/n03425413_18981.JPEG,n03425413,571,gas pump,jpeg,70,571,gas pump,0.5847090482711792,True,23380,22465,1.0407300244825284,38.902568644973215,0.9886074741627998
imagenette,data/imagenette2-320/val/n03425413/n03425413_19020.JPEG,n03425413,571,gas pump,jpeg,70,860,tobacco shop,0.4233182966709137,False,35256,33654,1.0476020681048315,35.63961001558156,0.9786437302841922
imagenette,data/imagenette2-320/val/n03425413/n03425413_19050.JPEG,n03425413,571,gas pump,jpeg,70,866,tractor,0.16099584102630615,False,39794,38425,1.0356278464541315,37.53591683911608,0.9888111590197495
imagenette,data/imagenette2-320/val/n03425413/n03425413_19060.JPEG,n03425413,571,gas pump,jpeg,70,571,gas pump,0.6402884125709534,True,19103,18321,1.0426832596473992,39.59021831024125,0.9859685505354615
imagenette,data/imagenette2-320/val/n03425413/n03425413_19092.JPEG,n03425413,571,gas pump,jpeg,70,571,gas pump,0.7341157793998718,True,19377,18893,1.0256179537394803,43.98866970640366,0.9912144258264136
imagenette,data/imagenette2-320/val/n03425413/n03425413_19102.JPEG,n03425413,571,gas pump,jpeg,70,571,gas pump,0.5798551440238953,True,17697,17116,1.0339448469268522,41.749616012056485,0.9893294985611479
imagenette,data/imagenette2-320/val/n03425413/n03425413_1911.JPEG,n03425413,571,gas pump,jpeg,70,571,gas pump,0.755237340927124,True,22310,21462,1.0395116950889944,40.49743557978397,0.9892139601329134
imagenette,data/imagenette2-320/val/n03425413/n03425413_19131.JPEG,n03425413,571,gas pump,jpeg,70,571,gas pump,0.10331066697835922,True,30990,29994,1.0332066413282657,39.253905493927725,0.9897731940838767
imagenette,data/imagenette2-320/val/n03425413/n03425413_19221.JPEG,n03425413,571,gas pump,jpeg,70,571,gas pump,0.38689443469047546,True,24300,23609,1.029268499301114,42.01588042651639,0.9908353400657385
imagenette,data/imagenette2-320/val/n03425413/n03425413_19250.JPEG,n03425413,571,gas pump,jpeg,70,571,gas pump,0.4526815414428711,True,31021,29965,1.0352411146337395,39.061936983609236,0.9842654667584251
imagenette,data/imagenette2-320/val/n03425413/n03425413_19251.JPEG,n03425413,571,gas pump,jpeg,70,571,gas pump,0.20497190952301025,True,23836,24013,0.9926289926289926,42.97021622064091,0.9936629601574941
imagenette,data/imagenette2-320/val/n03425413/n03425413_19261.JPEG,n03425413,571,gas pump,jpeg,70,571,gas pump,0.38408005237579346,True,31423,30232,1.0393953426832496,38.47789714903415,0.9851307347536226
imagenette,data/imagenette2-320/val/n03425413/n03425413_19271.JPEG,n03425413,571,gas pump,jpeg,70,571,gas pump,0.40037402510643005,True,24504,24939,0.9825574401539757,42.313409333457884,0.9936419178280659
imagenette,data/imagenette2-320/val/n03425413/n03425413_19282.JPEG,n03425413,571,gas pump,jpeg,70,571,gas pump,0.22015613317489624,True,22819,21783,1.0475600238718266,39.081487488764274,0.9686390871322366
imagenette,data/imagenette2-320/val/n03425413/n03425413_1932.JPEG,n03425413,571,gas pump,jpeg,70,571,gas pump,0.5267528295516968,True,35200,34133,1.03126007089913,37.91539244245171,0.9898910223352532
imagenette,data/imagenette2-320/val/n03425413/n03425413_19350.JPEG,n03425413,571,gas pump,jpeg,70,571,gas pump,0.43542128801345825,True,28014,27202,1.0298507462686568,41.235965869203646,0.9904201929948409
imagenette,data/imagenette2-320/val/n03425413/n03425413_19401.JPEG,n03425413,571,gas pump,jpeg,70,571,gas pump,0.2936538755893707,True,25642,24824,1.0329519819529487,40.65442430114524,0.9906580437763784
imagenette,data/imagenette2-320/val/n03425413/n03425413_19580.JPEG,n03425413,571,gas pump,jpeg,70,571,gas pump,0.40145501494407654,True,38896,37477,1.0378632227766362,38.02467159433668,0.9911929015025188
imagenette,data/imagenette2-320/val/n03425413/n03425413_19611.JPEG,n03425413,571,gas pump,jpeg,70,571,gas pump,0.5874587893486023,True,30495,29721,1.0260421923892198,43.257811382084306,0.9929948184622873
imagenette,data/imagenette2-320/val/n03425413/n03425413_19760.JPEG,n03425413,571,gas pump,jpeg,70,571,gas pump,0.3552342653274536,True,23704,23044,1.0286408609616386,42.42076403271039,0.9905838959057367
imagenette,data/imagenette2-320/val/n03425413/n03425413_19901.JPEG,n03425413,571,gas pump,jpeg,70,571,gas pump,0.3398246169090271,True,31384,30383,1.0329460553599052,39.56874843385719,0.9904614981952821
imagenette,data/imagenette2-320/val/n03425413/n03425413_20042.JPEG,n03425413,571,gas pump,jpeg,70,571,gas pump,0.8319563865661621,True,46701,45095,1.0356137044018183,35.999664619444275,0.990323457929209
imagenette,data/imagenette2-320/val/n03425413/n03425413_20121.JPEG,n03425413,571,gas pump,jpeg,70,571,gas pump,0.6395078897476196,True,25664,24743,1.037222648829972,40.51100126347229,0.9917309615393869
imagenette,data/imagenette2-320/val/n03425413/n03425413_20122.JPEG,n03425413,571,gas pump,jpeg,70,571,gas pump,0.36947014927864075,True,37611,36390,1.033553173948887,38.29776895226658,0.9890555687317932
imagenette,data/imagenette2-320/val/n03425413/n03425413_20130.JPEG,n03425413,571,gas pump,jpeg,70,62,rock python,0.05882806330919266,False,34478,33401,1.0322445435765397,39.89228046964547,0.9932343544460004
imagenette,data/imagenette2-320/val/n03425413/n03425413_20210.JPEG,n03425413,571,gas pump,jpeg,70,571,gas pump,0.43003717064857483,True,31528,30321,1.0398073942152304,38.17243351229393,0.9868725118593296
imagenette,data/imagenette2-320/val/n03425413/n03425413_20262.JPEG,n03425413,571,gas pump,jpeg,70,571,gas pump,0.33071327209472656,True,24666,23835,1.0348646947765892,41.52799069060177,0.9903006046421557
imagenette,data/imagenette2-320/val/n03425413/n03425413_20301.JPEG,n03425413,571,gas pump,jpeg,70,571,gas pump,0.3694334626197815,True,42850,41195,1.0401747784925355,36.376863703020696,0.9891087863270153
imagenette,data/imagenette2-320/val/n03425413/n03425413_20312.JPEG,n03425413,571,gas pump,jpeg,70,571,gas pump,0.24488236010074615,True,32148,30961,1.0383385549562352,38.48481708254816,0.9870720024480194
imagenette,data/imagenette2-320/val/n03425413/n03425413_20360.JPEG,n03425413,571,gas pump,jpeg,70,571,gas pump,0.4699828326702118,True,39253,39041,1.0054301887759023,38.267091379005834,0.9928986916084694
imagenette,data/imagenette2-320/val/n03425413/n03425413_20371.JPEG,n03425413,571,gas pump,jpeg,70,571,gas pump,0.6676307320594788,True,27646,26872,1.0288032152426316,41.7080750045578,0.9911937076860239
imagenette,data/imagenette2-320/val/n03425413/n03425413_20500.JPEG,n03425413,571,gas pump,jpeg,70,571,gas pump,0.584592342376709,True,29200,28355,1.0298007406101217,40.22707117392349,0.9899962051987853
imagenette,data/imagenette2-320/val/n03425413/n03425413_20530.JPEG,n03425413,571,gas pump,jpeg,70,571,gas pump,0.38693851232528687,True,28954,27985,1.0346256923351795,38.85762630697046,0.9864805159282964
imagenette,data/imagenette2-320/val/n03425413/n03425413_20562.JPEG,n03425413,571,gas pump,jpeg,70,571,gas pump,0.6871304512023926,True,27325,26294,1.0392104662660684,39.30445577975517,0.9875551829893398
imagenette,data/imagenette2-320/val/n03425413/n03425413_20651.JPEG,n03425413,571,gas pump,jpeg,70,571,gas pump,0.46477439999580383,True,26142,25398,1.029293645168911,40.96193843671425,0.9907468488487452
imagenette,data/imagenette2-320/val/n03425413/n03425413_20680.JPEG,n03425413,571,gas pump,jpeg,70,571,gas pump,0.42611855268478394,True,32926,31834,1.0343029465351512,39.654263134091224,0.9921880814316109
imagenette,data/imagenette2-320/val/n03425413/n03425413_20690.JPEG,n03425413,571,gas pump,jpeg,70,571,gas pump,0.5219526290893555,True,38418,36547,1.0511943524776315,35.809209204109564,0.9844783105951297
imagenette,data/imagenette2-320/val/n03425413/n03425413_20691.JPEG,n03425413,571,gas pump,jpeg,70,571,gas pump,0.3007218837738037,True,35413,34249,1.0339863937633216,38.14032804210236,0.9877396795383552
imagenette,data/imagenette2-320/val/n03425413/n03425413_20700.JPEG,n03425413,571,gas pump,jpeg,70,571,gas pump,0.5996232628822327,True,32723,31672,1.0331838848193988,38.48703617422261,0.9905946683861017
imagenette,data/imagenette2-320/val/n03425413/n03425413_20711.JPEG,n03425413,571,gas pump,jpeg,70,571,gas pump,0.2287909984588623,True,24830,23953,1.0366133678453637,39.62366190255928,0.9851358941160474
imagenette,data/imagenette2-320/val/n03425413/n03425413_20741.JPEG,n03425413,571,gas pump,jpeg,70,571,gas pump,0.162178635597229,True,26106,25256,1.0336553690212227,39.83919778037741,0.9892836846690015
imagenette,data/imagenette2-320/val/n03425413/n03425413_20742.JPEG,n03425413,571,gas pump,jpeg,70,865,toyshop,0.20553116500377655,False,47816,45257,1.0565437390900856,33.31610255753992,0.9775867935196675
imagenette,data/imagenette2-320/val/n03425413/n03425413_20751.JPEG,n03425413,571,gas pump,jpeg,70,571,gas pump,0.42905741930007935,True,28486,27536,1.0345002905287624,40.57536552929679,0.9910211254266512
imagenette,data/imagenette2-320/val/n03425413/n03425413_20872.JPEG,n03425413,571,gas pump,jpeg,70,571,gas pump,0.6511679887771606,True,55225,53113,1.0397642761659105,33.83357060870951,0.9888564606732038
imagenette,data/imagenette2-320/val/n03425413/n03425413_20892.JPEG,n03425413,571,gas pump,jpeg,70,571,gas pump,0.4297020733356476,True,29413,28372,1.0366911039052586,39.22144827423803,0.9918050650697502
imagenette,data/imagenette2-320/val/n03425413/n03425413_20992.JPEG,n03425413,571,gas pump,jpeg,70,571,gas pump,0.4929932653903961,True,30697,29672,1.0345443515772446,37.83008456832245,0.9908258413791967
imagenette,data/imagenette2-320/val/n03425413/n03425413_21032.JPEG,n03425413,571,gas pump,jpeg,70,571,gas pump,0.28818678855895996,True,19163,18580,1.0313778256189452,43.82420465818535,0.9923338552498701
imagenette,data/imagenette2-320/val/n03425413/n03425413_21040.JPEG,n03425413,571,gas pump,jpeg,70,571,gas pump,0.6123507022857666,True,38395,37038,1.0366380474107673,37.04080344381796,0.9903874711762016
imagenette,data/imagenette2-320/val/n03425413/n03425413_21051.JPEG,n03425413,571,gas pump,jpeg,70,571,gas pump,0.3588162660598755,True,17070,16619,1.027137613574824,44.567693214563455,0.9913739599530534
imagenette,data/imagenette2-320/val/n03425413/n03425413_21151.JPEG,n03425413,571,gas pump,jpeg,70,571,gas pump,0.4330575466156006,True,26694,25927,1.029583060130366,40.84093246148277,0.9897935815009483
imagenette,data/imagenette2-320/val/n03425413/n03425413_21162.JPEG,n03425413,571,gas pump,jpeg,70,571,gas pump,0.7299755215644836,True,19920,19358,1.0290319247856183,42.70047962787981,0.9924138739273678
imagenette,data/imagenette2-320/val/n03425413/n03425413_21180.JPEG,n03425413,571,gas pump,jpeg,70,571,gas pump,0.37050676345825195,True,21062,20279,1.038611371369397,40.69767005184965,0.9898056860930883
imagenette,data/imagenette2-320/val/n03425413/n03425413_212.JPEG,n03425413,571,gas pump,jpeg,70,571,gas pump,0.39256739616394043,True,29296,28277,1.0360363546345086,40.17005247115269,0.9910339491559156
imagenette,data/imagenette2-320/val/n03425413/n03425413_21202.JPEG,n03425413,571,gas pump,jpeg,70,571,gas pump,0.2592242658138275,True,31874,30601,1.041599947714127,37.723164179981715,0.9890154197749013
imagenette,data/imagenette2-320/val/n03425413/n03425413_21211.JPEG,n03425413,571,gas pump,jpeg,70,571,gas pump,0.2066289633512497,True,31467,30338,1.0372140549805524,39.03669549903881,0.9924277316654978
imagenette,data/imagenette2-320/val/n03425413/n03425413_21270.JPEG,n03425413,571,gas pump,jpeg,70,571,gas pump,0.4774620532989502,True,32581,31523,1.0335627954192177,38.44393292115959,0.9903072608212988
imagenette,data/imagenette2-320/val/n03425413/n03425413_21282.JPEG,n03425413,571,gas pump,jpeg,70,571,gas pump,0.4264742136001587,True,25923,25030,1.0356771873751498,39.43367156608843,0.9840095192689985
imagenette,data/imagenette2-320/val/n03425413/n03425413_21301.JPEG,n03425413,571,gas pump,jpeg,70,571,gas pump,0.8102811574935913,True,33513,32421,1.0336818728601833,39.04327970598462,0.9913627261785174
imagenette,data/imagenette2-320/val/n03425413/n03425413_21332.JPEG,n03425413,571,gas pump,jpeg,70,571,gas pump,0.5158670544624329,True,28688,27749,1.0338390572633247,39.49002718814498,0.9884987155131583
imagenette,data/imagenette2-320/val/n03425413/n03425413_21341.JPEG,n03425413,571,gas pump,jpeg,70,571,gas pump,0.5430470705032349,True,34362,33165,1.0360922659430123,38.82182384451709,0.9900157475219259
imagenette,data/imagenette2-320/val/n03425413/n03425413_21350.JPEG,n03425413,571,gas pump,jpeg,70,571,gas pump,0.3505491614341736,True,26849,25991,1.0330114270324342,40.12998429096066,0.989456698786772
imagenette,data/imagenette2-320/val/n03425413/n03425413_21352.JPEG,n03425413,571,gas pump,jpeg,70,571,gas pump,0.4441193640232086,True,32510,31408,1.0350866021395824,39.3677909754335,0.9919626616670779
imagenette,data/imagenette2-320/val/n03425413/n03425413_21362.JPEG,n03425413,571,gas pump,jpeg,70,571,gas pump,0.3727693259716034,True,20830,20222,1.0300662644644447,42.109845302549694,0.9850463346187018
imagenette,data/imagenette2-320/val/n03425413/n03425413_2141.JPEG,n03425413,571,gas pump,jpeg,70,571,gas pump,0.4948555827140808,True,57474,55059,1.0438620389037214,36.01723487546382,0.9881479148085681
imagenette,data/imagenette2-320/val/n03425413/n03425413_2151.JPEG,n03425413,571,gas pump,jpeg,70,571,gas pump,0.579777181148529,True,24472,23686,1.033184159419066,41.316829566399065,0.9899737793738264
imagenette,data/imagenette2-320/val/n03425413/n03425413_21562.JPEG,n03425413,571,gas pump,jpeg,70,571,gas pump,0.782924473285675,True,25641,24727,1.0369636429813565,40.612294992156215,0.9889453437517481
imagenette,data/imagenette2-320/val/n03425413/n03425413_21591.JPEG,n03425413,571,gas pump,jpeg,70,571,gas pump,0.5502508878707886,True,37197,36075,1.0311018711018711,38.2041437531715,0.989698791035539
imagenette,data/imagenette2-320/val/n03425413/n03425413_21592.JPEG,n03425413,571,gas pump,jpeg,70,571,gas pump,0.44235914945602417,True,26822,25831,1.0383647555263056,39.16302582956651,0.9844995841115768
imagenette,data/imagenette2-320/val/n03425413/n03425413_2170.JPEG,n03425413,571,gas pump,jpeg,70,571,gas pump,0.22328554093837738,True,23355,22652,1.031034787215257,42.81331667764447,0.9933342806659707
imagenette,data/imagenette2-320/val/n03425413/n03425413_21730.JPEG,n03425413,571,gas pump,jpeg,70,571,gas pump,0.6516526937484741,True,29506,28620,1.0309573724668064,41.61268113086879,0.9914543785400308
imagenette,data/imagenette2-320/val/n03425413/n03425413_21880.JPEG,n03425413,571,gas pump,jpeg,70,571,gas pump,0.10849524289369583,True,31071,29674,1.0470782503201457,37.61876487892187,0.9820961614416929
imagenette,data/imagenette2-320/val/n03425413/n03425413_21911.JPEG,n03425413,571,gas pump,jpeg,70,571,gas pump,0.7029175162315369,True,40411,39135,1.0326050849623098,37.23466735548823,0.991815272372382
imagenette,data/imagenette2-320/val/n03425413/n03425413_22071.JPEG,n03425413,571,gas pump,jpeg,70,571,gas pump,0.2468707263469696,True,45149,42771,1.0555984194898413,35.068021788305195,0.9814992314069628
imagenette,data/imagenette2-320/val/n03425413/n03425413_22092.JPEG,n03425413,571,gas pump,jpeg,70,571,gas pump,0.6730620265007019,True,34251,33204,1.031532345500542,38.59633270901377,0.9928189325197924
imagenette,data/imagenette2-320/val/n03425413/n03425413_2210.JPEG,n03425413,571,gas pump,jpeg,70,571,gas pump,0.3624337613582611,True,26810,25929,1.0339773998225925,40.90214963066532,0.990542733829557
imagenette,data/imagenette2-320/val/n03425413/n03425413_2300.JPEG,n03425413,571,gas pump,jpeg,70,571,gas pump,0.8601292967796326,True,25091,24204,1.0366468352338456,40.218119127343485,0.9868317383072857
imagenette,data/imagenette2-320/val/n03425413/n03425413_2311.JPEG,n03425413,571,gas pump,jpeg,70,571,gas pump,0.4543091654777527,True,25493,24801,1.027902100721745,41.33283560531187,0.990295895783828
imagenette,data/imagenette2-320/val/n03425413/n03425413_23251.JPEG,n03425413,571,gas pump,jpeg,70,571,gas pump,0.31654730439186096,True,29273,28243,1.036469213610452,39.0661811467545,0.9898405495799004
imagenette,data/imagenette2-320/val/n03425413/n03425413_23312.JPEG,n03425413,571,gas pump,jpeg,70,571,gas pump,0.12809062004089355,True,37409,36270,1.0314033636614282,39.484299317322,0.99334422133493
imagenette,data/imagenette2-320/val/n03425413/n03425413_23321.JPEG,n03425413,571,gas pump,jpeg,70,571,gas pump,0.3734322190284729,True,24089,23340,1.0320908311910884,41.327407238313455,0.9904138946583071
imagenette,data/imagenette2-320/val/n03425413/n03425413_23451.JPEG,n03425413,571,gas pump,jpeg,70,571,gas pump,0.3682902455329895,True,36486,35285,1.0340371262576165,38.999150880152484,0.9897149583261373
imagenette,data/imagenette2-320/val/n03425413/n03425413_2361.JPEG,n03425413,571,gas pump,jpeg,70,571,gas pump,0.5916087627410889,True,27433,26617,1.0306570988466017,40.00682763848809,0.9895848955997426
imagenette,data/imagenette2-320/val/n03425413/n03425413_2390.JPEG,n03425413,571,gas pump,jpeg,70,571,gas pump,0.6584259271621704,True,33443,32209,1.038312272967183,38.988925261382,0.9881814584024217
imagenette,data/imagenette2-320/val/n03425413/n03425413_23912.JPEG,n03425413,571,gas pump,jpeg,70,571,gas pump,0.4100264310836792,True,18541,17929,1.0341346421997881,42.49284170985426,0.9906448962638329
imagenette,data/imagenette2-320/val/n03425413/n03425413_241.JPEG,n03425413,571,gas pump,jpeg,70,571,gas pump,0.6112844944000244,True,21729,21118,1.0289326640780376,42.26155509773787,0.991066899162737
imagenette,data/imagenette2-320/val/n03425413/n03425413_24352.JPEG,n03425413,571,gas pump,jpeg,70,571,gas pump,0.38771697878837585,True,24218,23455,1.032530377318269,41.06536370198802,0.9898033173048554
imagenette,data/imagenette2-320/val/n03425413/n03425413_24461.JPEG,n03425413,571,gas pump,jpeg,70,571,gas pump,0.6246235370635986,True,21670,20964,1.033676779240603,42.24167847114616,0.990554964365416
imagenette,data/imagenette2-320/val/n03425413/n03425413_24522.JPEG,n03425413,571,gas pump,jpeg,70,571,gas pump,0.3979381322860718,True,34419,33329,1.0327042515527018,39.54792829027366,0.9929399165944459
imagenette,data/imagenette2-320/val/n03425413/n03425413_24552.JPEG,n03425413,571,gas pump,jpeg,70,571,gas pump,0.38623830676078796,True,34189,32675,1.0463351185921959,37.609439163093576,0.9801827540287565
imagenette,data/imagenette2-320/val/n03425413/n03425413_24881.JPEG,n03425413,571,gas pump,jpeg,70,571,gas pump,0.464618444442749,True,17884,17244,1.0371143586174902,42.4829951934077,0.9854716034100558
imagenette,data/imagenette2-320/val/n03425413/n03425413_251.JPEG,n03425413,571,gas pump,jpeg,70,661,Model T,0.3146338164806366,False,31103,31110,0.9997749919639987,40.75613665053024,0.9937020481781174
imagenette,data/imagenette2-320/val/n03425413/n03425413_25410.JPEG,n03425413,571,gas pump,jpeg,70,571,gas pump,0.6573774218559265,True,37419,36159,1.0348460964075334,38.30239272216302,0.9882072520541293
imagenette,data/imagenette2-320/val/n03425413/n03425413_2590.JPEG,n03425413,571,gas pump,jpeg,70,571,gas pump,0.7031422853469849,True,27258,26299,1.0364652648389672,40.62498601635873,0.991430131228891
imagenette,data/imagenette2-320/val/n03425413/n03425413_260.JPEG,n03425413,571,gas pump,jpeg,70,571,gas pump,0.5232374668121338,True,19932,19317,1.0318372418077342,42.750763106673475,0.9903408823755484
imagenette,data/imagenette2-320/val/n03425413/n03425413_26470.JPEG,n03425413,571,gas pump,jpeg,70,571,gas pump,0.8172420263290405,True,22412,21797,1.0282148919576088,43.03456225847008,0.9908947698588252
imagenette,data/imagenette2-320/val/n03425413/n03425413_26601.JPEG,n03425413,571,gas pump,jpeg,70,856,thresher,0.18298642337322235,False,26261,25359,1.0355692259158484,40.94963987052512,0.9892156406834941
imagenette,data/imagenette2-320/val/n03425413/n03425413_2671.JPEG,n03425413,571,gas pump,jpeg,70,571,gas pump,0.9689792990684509,True,21192,20349,1.0414270971546513,41.33699435959063,0.9762323702463581
imagenette,data/imagenette2-320/val/n03425413/n03425413_2681.JPEG,n03425413,571,gas pump,jpeg,70,571,gas pump,0.5383355021476746,True,25248,24452,1.0325535743497465,41.71998912369487,0.9891535293667165
imagenette,data/imagenette2-320/val/n03425413/n03425413_27000.JPEG,n03425413,571,gas pump,jpeg,70,571,gas pump,0.5292506217956543,True,22778,22012,1.0347992004361257,41.704592133180256,0.9888504913547912
imagenette,data/imagenette2-320/val/n03425413/n03425413_27010.JPEG,n03425413,571,gas pump,jpeg,70,571,gas pump,0.27517154812812805,True,30537,29533,1.0339958690278672,41.113367843761964,0.9892339877947692
imagenette,data/imagenette2-320/val/n03425413/n03425413_27052.JPEG,n03425413,571,gas pump,jpeg,70,571,gas pump,0.37240901589393616,True,22483,22860,0.9835083114610673,44.02564538285852,0.9931839448660011
imagenette,data/imagenette2-320/val/n03425413/n03425413_27300.JPEG,n03425413,571,gas pump,jpeg,70,571,gas pump,0.5587690472602844,True,21724,20971,1.035906728339135,40.41608721499051,0.9870216465589152
imagenette,data/imagenette2-320/val/n03425413/n03425413_27392.JPEG,n03425413,571,gas pump,jpeg,70,571,gas pump,0.6392842531204224,True,27965,27159,1.0296770867852276,42.848694026738514,0.9922055415169755
imagenette,data/imagenette2-320/val/n03425413/n03425413_27462.JPEG,n03425413,571,gas pump,jpeg,70,571,gas pump,0.43119245767593384,True,24507,23589,1.0389164441053034,41.6411738559264,0.992613309634038
imagenette,data/imagenette2-320/val/n03425413/n03425413_27571.JPEG,n03425413,571,gas pump,jpeg,70,571,gas pump,0.3650016486644745,True,32211,31219,1.0317755213171467,41.31825316689551,0.9919465664689756
imagenette,data/imagenette2-320/val/n03425413/n03425413_27810.JPEG,n03425413,571,gas pump,jpeg,70,571,gas pump,0.6793543696403503,True,27054,26164,1.0340162054731692,41.11097885924437,0.9906642834033218
imagenette,data/imagenette2-320/val/n03425413/n03425413_28350.JPEG,n03425413,571,gas pump,jpeg,70,571,gas pump,0.617944598197937,True,20834,20179,1.0324594875861044,41.78824276402913,0.990280697099676
imagenette,data/imagenette2-320/val/n03425413/n03425413_2840.JPEG,n03425413,571,gas pump,jpeg,70,571,gas pump,0.2909747064113617,True,19675,19052,1.0326999790048288,42.94543251821359,0.9899817375718659
imagenette,data/imagenette2-320/val/n03425413/n03425413_28542.JPEG,n03425413,571,gas pump,jpeg,70,571,gas pump,0.33957961201667786,True,39953,38709,1.0321372290681754,38.209214576626266,0.9884523086610693
imagenette,data/imagenette2-320/val/n03425413/n03425413_28881.JPEG,n03425413,571,gas pump,jpeg,70,571,gas pump,0.5834881067276001,True,38843,37411,1.0382775119617225,37.88165488660609,0.9906741207393726
imagenette,data/imagenette2-320/val/n03425413/n03425413_29331.JPEG,n03425413,571,gas pump,jpeg,70,571,gas pump,0.1641063392162323,True,21078,20412,1.0326278659611994,42.73298486615375,0.9907596656406801
imagenette,data/imagenette2-320/val/n03425413/n03425413_2951.JPEG,n03425413,571,gas pump,jpeg,70,571,gas pump,0.45350342988967896,True,29372,28466,1.0318274432656502,42.79204982279226,0.9911941933447381
imagenette,data/imagenette2-320/val/n03425413/n03425413_29642.JPEG,n03425413,571,gas pump,jpeg,70,571,gas pump,0.4585157632827759,True,28894,28018,1.0312656149618102,40.36113380409653,0.9902949823276818
imagenette,data/imagenette2-320/val/n03425413/n03425413_29761.JPEG,n03425413,571,gas pump,jpeg,70,571,gas pump,0.5483472943305969,True,27103,26414,1.0260846520784432,43.15011722424393,0.9913793465589956
imagenette,data/imagenette2-320/val/n03425413/n03425413_3021.JPEG,n03425413,571,gas pump,jpeg,70,571,gas pump,0.40002456307411194,True,28968,28009,1.0342389946088757,39.864920056225436,0.9874062560076334
imagenette,data/imagenette2-320/val/n03425413/n03425413_31111.JPEG,n03425413,571,gas pump,jpeg,70,571,gas pump,0.6670970320701599,True,34470,33256,1.0365046908828481,37.70289412001841,0.9868659600501782
imagenette,data/imagenette2-320/val/n03425413/n03425413_31710.JPEG,n03425413,571,gas pump,jpeg,70,571,gas pump,0.45934855937957764,True,44549,42693,1.0434731689035672,36.53324647419466,0.9884887993574926
imagenette,data/imagenette2-320/val/n03425413/n03425413_31961.JPEG,n03425413,571,gas pump,jpeg,70,571,gas pump,0.8815696835517883,True,15977,15340,1.0415254237288136,40.67180114447026,0.9687549713680118
imagenette,data/imagenette2-320/val/n03425413/n03425413_3240.JPEG,n03425413,571,gas pump,jpeg,70,571,gas pump,0.3339807391166687,True,29865,28929,1.0323550762210931,42.062003763845446,0.9881262511115674
imagenette,data/imagenette2-320/val/n03425413/n03425413_3241.JPEG,n03425413,571,gas pump,jpeg,70,571,gas pump,0.42650124430656433,True,17670,17087,1.0341195060572366,42.95988102860585,0.9923674653014692
imagenette,data/imagenette2-320/val/n03425413/n03425413_3260.JPEG,n03425413,571,gas pump,jpeg,70,571,gas pump,0.3953589200973511,True,31091,29538,1.0525763423386825,38.561924386322495,0.9784452280685157
imagenette,data/imagenette2-320/val/n03425413/n03425413_32871.JPEG,n03425413,571,gas pump,jpeg,70,571,gas pump,0.6240304708480835,True,29438,28435,1.0352734306312643,39.81004876915844,0.9915371745189341
imagenette,data/imagenette2-320/val/n03425413/n03425413_33031.JPEG,n03425413,571,gas pump,jpeg,70,571,gas pump,0.8414051532745361,True,20207,19554,1.0333947018512837,42.125269410899975,0.988423328006207
imagenette,data/imagenette2-320/val/n03425413/n03425413_3471.JPEG,n03425413,571,gas pump,jpeg,70,571,gas pump,0.6410418152809143,True,35643,34673,1.0279756582931965,37.897609467256636,0.9911353831397637
imagenette,data/imagenette2-320/val/n03425413/n03425413_3602.JPEG,n03425413,571,gas pump,jpeg,70,571,gas pump,0.23759137094020844,True,35837,34608,1.0355120203421175,39.919373009411835,0.990985840952299
imagenette,data/imagenette2-320/val/n03425413/n03425413_4012.JPEG,n03425413,571,gas pump,jpeg,70,571,gas pump,0.2185429185628891,True,35311,34170,1.03339186420837,38.59024086334006,0.9894596949720792
imagenette,data/imagenette2-320/val/n03425413/n03425413_4130.JPEG,n03425413,571,gas pump,jpeg,70,571,gas pump,0.48469775915145874,True,28650,27670,1.0354174195880015,39.91156790403088,0.991622713369129
imagenette,data/imagenette2-320/val/n03425413/n03425413_430.JPEG,n03425413,571,gas pump,jpeg,70,571,gas pump,0.7373822927474976,True,18440,17863,1.0323014051391144,45.5606118808428,0.9939775888925203
imagenette,data/imagenette2-320/val/n03425413/n03425413_4400.JPEG,n03425413,571,gas pump,jpeg,70,571,gas pump,0.4448712170124054,True,27798,26875,1.0343441860465117,40.21889131871254,0.9885852821714481
imagenette,data/imagenette2-320/val/n03425413/n03425413_4511.JPEG,n03425413,571,gas pump,jpeg,70,571,gas pump,0.23756375908851624,True,28047,27055,1.03666605063759,40.13260850265521,0.9896599136032816
imagenette,data/imagenette2-320/val/n03425413/n03425413_4532.JPEG,n03425413,571,gas pump,jpeg,70,571,gas pump,0.2579634189605713,True,34924,33969,1.0281138685271864,38.728323932182754,0.9901090991891723
imagenette,data/imagenette2-320/val/n03425413/n03425413_4661.JPEG,n03425413,571,gas pump,jpeg,70,571,gas pump,0.4687347412109375,True,14478,14044,1.0309028766733124,44.14626919949221,0.991478724395214
imagenette,data/imagenette2-320/val/n03425413/n03425413_4750.JPEG,n03425413,571,gas pump,jpeg,70,571,gas pump,0.3489501476287842,True,39475,38294,1.0308403405233195,37.69317191976279,0.990132016184461
imagenette,data/imagenette2-320/val/n03425413/n03425413_4792.JPEG,n03425413,571,gas pump,jpeg,70,571,gas pump,0.45770686864852905,True,32396,31200,1.0383333333333333,38.45986330175567,0.9889834379323136
imagenette,data/imagenette2-320/val/n03425413/n03425413_4802.JPEG,n03425413,571,gas pump,jpeg,70,571,gas pump,0.5258472561836243,True,12275,11848,1.0360398379473328,42.67248753297111,0.9934488251165398
imagenette,data/imagenette2-320/val/n03425413/n03425413_492.JPEG,n03425413,571,gas pump,jpeg,70,571,gas pump,0.3838989734649658,True,13703,13271,1.0325521814482708,43.20850840833711,0.9924616801265108
imagenette,data/imagenette2-320/val/n03425413/n03425413_5071.JPEG,n03425413,571,gas pump,jpeg,70,571,gas pump,0.5537923574447632,True,37957,36480,1.0404879385964911,36.93279288977345,0.9823355746672059
imagenette,data/imagenette2-320/val/n03425413/n03425413_5072.JPEG,n03425413,571,gas pump,jpeg,70,571,gas pump,0.46209269762039185,True,36326,35230,1.0311098495600342,37.80577149085717,0.9870003476193937
imagenette,data/imagenette2-320/val/n03425413/n03425413_5092.JPEG,n03425413,571,gas pump,jpeg,70,571,gas pump,0.5322879552841187,True,31533,30657,1.0285742244838048,41.83916495372426,0.989756204660149
imagenette,data/imagenette2-320/val/n03425413/n03425413_5301.JPEG,n03425413,571,gas pump,jpeg,70,571,gas pump,0.3408278524875641,True,23771,22850,1.0403063457330415,42.043199901153116,0.9906312740856432
imagenette,data/imagenette2-320/val/n03425413/n03425413_5362.JPEG,n03425413,571,gas pump,jpeg,70,571,gas pump,0.21406491100788116,True,27886,26948,1.0348077779427045,38.092442502211426,0.9878179758609061
imagenette,data/imagenette2-320/val/n03425413/n03425413_5732.JPEG,n03425413,571,gas pump,jpeg,70,571,gas pump,0.2611321210861206,True,23808,23028,1.0338718082334548,40.51908265468274,0.9896055865253878
imagenette,data/imagenette2-320/val/n03425413/n03425413_602.JPEG,n03425413,571,gas pump,jpeg,70,571,gas pump,0.7042023539543152,True,22270,21513,1.035188025844838,40.534228587569444,0.9873132529510947
imagenette,data/imagenette2-320/val/n03425413/n03425413_6170.JPEG,n03425413,571,gas pump,jpeg,70,571,gas pump,0.5396625995635986,True,28023,27068,1.0352815132259494,39.76321713881964,0.9892627907611686
imagenette,data/imagenette2-320/val/n03425413/n03425413_6271.JPEG,n03425413,571,gas pump,jpeg,70,626,lighter,0.26444920897483826,False,28609,27700,1.0328158844765343,41.9334945303342,0.9921701979016543
imagenette,data/imagenette2-320/val/n03425413/n03425413_6490.JPEG,n03425413,571,gas pump,jpeg,70,571,gas pump,0.26409846544265747,True,29791,28604,1.0414976926304014,37.56867444851004,0.9812229908929065
imagenette,data/imagenette2-320/val/n03425413/n03425413_652.JPEG,n03425413,571,gas pump,jpeg,70,571,gas pump,0.7232478857040405,True,24390,23488,1.0384025885558583,41.72590710276937,0.9895025744396735
imagenette,data/imagenette2-320/val/n03425413/n03425413_6540.JPEG,n03425413,571,gas pump,jpeg,70,571,gas pump,0.6920790076255798,True,36939,35673,1.035489025313262,37.15577420897454,0.9875461239939954
imagenette,data/imagenette2-320/val/n03425413/n03425413_6772.JPEG,n03425413,571,gas pump,jpeg,70,571,gas pump,0.4114920496940613,True,40764,39351,1.035907600823359,36.431374905609225,0.9844953673854064
imagenette,data/imagenette2-320/val/n03425413/n03425413_6851.JPEG,n03425413,571,gas pump,jpeg,70,571,gas pump,0.7492943406105042,True,36706,35271,1.0406849819965411,37.47466478854968,0.9864910863692683
imagenette,data/imagenette2-320/val/n03425413/n03425413_6882.JPEG,n03425413,571,gas pump,jpeg,70,571,gas pump,0.6715468764305115,True,31839,30824,1.0329288865818842,40.0681046242606,0.9906891664757099
imagenette,data/imagenette2-320/val/n03425413/n03425413_691.JPEG,n03425413,571,gas pump,jpeg,70,571,gas pump,0.3916948139667511,True,23658,22983,1.0293695340033937,42.49900149034633,0.9894619159076603
imagenette,data/imagenette2-320/val/n03425413/n03425413_70.JPEG,n03425413,571,gas pump,jpeg,70,571,gas pump,0.4149688184261322,True,35345,34188,1.0338422838422838,38.99650517225827,0.9917088781961194
imagenette,data/imagenette2-320/val/n03425413/n03425413_7022.JPEG,n03425413,571,gas pump,jpeg,70,571,gas pump,0.3657512664794922,True,22218,22340,0.9945389435989257,43.300082509244895,0.994513077191835
imagenette,data/imagenette2-320/val/n03425413/n03425413_7091.JPEG,n03425413,571,gas pump,jpeg,70,571,gas pump,0.5759482383728027,True,22146,21456,1.032158836689038,42.18505919007809,0.9897244830037127
imagenette,data/imagenette2-320/val/n03425413/n03425413_7262.JPEG,n03425413,571,gas pump,jpeg,70,571,gas pump,0.2929356098175049,True,27904,26821,1.0403788076507214,39.919452759059915,0.985126536490123
imagenette,data/imagenette2-320/val/n03425413/n03425413_7292.JPEG,n03425413,571,gas pump,jpeg,70,571,gas pump,0.5614966154098511,True,24013,23264,1.032195667125172,40.019751680059215,0.990740827480459
imagenette,data/imagenette2-320/val/n03425413/n03425413_732.JPEG,n03425413,571,gas pump,jpeg,70,571,gas pump,0.44341638684272766,True,22769,22119,1.029386500293865,40.74550789309143,0.9920663561932791
imagenette,data/imagenette2-320/val/n03425413/n03425413_7320.JPEG,n03425413,571,gas pump,jpeg,70,571,gas pump,0.30472826957702637,True,37956,36726,1.033491259598105,39.27985383744283,0.990057506611647
imagenette,data/imagenette2-320/val/n03425413/n03425413_7371.JPEG,n03425413,571,gas pump,jpeg,70,571,gas pump,0.39633262157440186,True,36942,35874,1.0297708646930925,38.46131848994054,0.9903496732973377
imagenette,data/imagenette2-320/val/n03425413/n03425413_7372.JPEG,n03425413,571,gas pump,jpeg,70,571,gas pump,0.39039573073387146,True,27019,26128,1.034101347213717,40.673378717434865,0.9911468822305286
imagenette,data/imagenette2-320/val/n03425413/n03425413_7412.JPEG,n03425413,571,gas pump,jpeg,70,571,gas pump,0.3404945433139801,True,15019,14521,1.0342951587356242,44.183000063921696,0.9908276342146637
imagenette,data/imagenette2-320/val/n03425413/n03425413_7471.JPEG,n03425413,571,gas pump,jpeg,70,571,gas pump,0.37207335233688354,True,33242,32185,1.0328413857386982,41.1930383294973,0.992939016274081
imagenette,data/imagenette2-320/val/n03425413/n03425413_7582.JPEG,n03425413,571,gas pump,jpeg,70,571,gas pump,0.5795468091964722,True,29268,27901,1.048994659689617,36.439193712144295,0.978932704576411
imagenette,data/imagenette2-320/val/n03425413/n03425413_7730.JPEG,n03425413,571,gas pump,jpeg,70,571,gas pump,0.6576467156410217,True,23697,22953,1.0324140635211083,41.307504432276374,0.9902042480105847
imagenette,data/imagenette2-320/val/n03425413/n03425413_7731.JPEG,n03425413,571,gas pump,jpeg,70,571,gas pump,0.30917707085609436,True,24790,24061,1.0302979926021363,41.55486900887503,0.991225652981373
imagenette,data/imagenette2-320/val/n03425413/n03425413_7740.JPEG,n03425413,571,gas pump,jpeg,70,571,gas pump,0.4591326117515564,True,30862,29968,1.0298318206086492,44.56396758325535,0.9915522341516988
imagenette,data/imagenette2-320/val/n03425413/n03425413_7741.JPEG,n03425413,571,gas pump,jpeg,70,571,gas pump,0.5848696231842041,True,22792,21984,1.0367540029112081,40.68420920966667,0.9897036445142091
imagenette,data/imagenette2-320/val/n03425413/n03425413_7772.JPEG,n03425413,571,gas pump,jpeg,70,571,gas pump,0.36070069670677185,True,24121,23383,1.0315613907539665,42.262352388055234,0.9919243400003959
imagenette,data/imagenette2-320/val/n03425413/n03425413_7912.JPEG,n03425413,571,gas pump,jpeg,70,571,gas pump,0.44797849655151367,True,24697,23834,1.0362087773768567,42.136248599519064,0.9927331521817121
imagenette,data/imagenette2-320/val/n03425413/n03425413_8012.JPEG,n03425413,571,gas pump,jpeg,70,571,gas pump,0.45308050513267517,True,21295,20704,1.0285452086553324,42.8096910798699,0.9889215475426208
imagenette,data/imagenette2-320/val/n03425413/n03425413_8062.JPEG,n03425413,571,gas pump,jpeg,70,571,gas pump,0.2743312120437622,True,35997,34527,1.0425753757928578,36.72930948393504,0.9862672389097037
imagenette,data/imagenette2-320/val/n03425413/n03425413_8302.JPEG,n03425413,571,gas pump,jpeg,70,571,gas pump,0.5803697109222412,True,50558,48707,1.0380027511445993,35.470108400775494,0.9920841108572168
imagenette,data/imagenette2-320/val/n03425413/n03425413_8390.JPEG,n03425413,571,gas pump,jpeg,70,475,car mirror,0.314466267824173,False,17740,17217,1.0303769530115583,43.91220435049972,0.9930360548797622
imagenette,data/imagenette2-320/val/n03425413/n03425413_8412.JPEG,n03425413,571,gas pump,jpeg,70,454,bookshop,0.20571410655975342,False,39612,38096,1.0397942041159176,37.79671877305519,0.9872366257538016
imagenette,data/imagenette2-320/val/n03425413/n03425413_8420.JPEG,n03425413,571,gas pump,jpeg,70,571,gas pump,0.7778478860855103,True,21445,20744,1.033792903972233,41.65109985303374,0.9876203793513675
imagenette,data/imagenette2-320/val/n03425413/n03425413_8441.JPEG,n03425413,571,gas pump,jpeg,70,571,gas pump,0.4219912886619568,True,8243,7981,1.032827966420248,44.807076603034446,0.9959466535957673
imagenette,data/imagenette2-320/val/n03425413/n03425413_8542.JPEG,n03425413,571,gas pump,jpeg,70,571,gas pump,0.43035393953323364,True,39964,38641,1.0342382443518543,37.226483390265905,0.988788535071925
imagenette,data/imagenette2-320/val/n03425413/n03425413_8622.JPEG,n03425413,571,gas pump,jpeg,70,571,gas pump,0.9355948567390442,True,18356,17768,1.0330932012606935,45.41085565458353,0.9931993882081541
imagenette,data/imagenette2-320/val/n03425413/n03425413_8641.JPEG,n03425413,571,gas pump,jpeg,70,571,gas pump,0.5420452952384949,True,16614,16066,1.0341092991410432,43.30369854642946,0.9919941209043451
imagenette,data/imagenette2-320/val/n03425413/n03425413_8660.JPEG,n03425413,571,gas pump,jpeg,70,571,gas pump,0.3568176031112671,True,29888,29031,1.029520168096173,39.56961444631299,0.9908309927467863
imagenette,data/imagenette2-320/val/n03425413/n03425413_8661.JPEG,n03425413,571,gas pump,jpeg,70,571,gas pump,0.9309855699539185,True,21928,21348,1.0271688214352632,43.0673038077805,0.9892481304241264
imagenette,data/imagenette2-320/val/n03425413/n03425413_8670.JPEG,n03425413,571,gas pump,jpeg,70,571,gas pump,0.4190007150173187,True,11980,11616,1.03133608815427,45.990354813282266,0.9960934902682239
imagenette,data/imagenette2-320/val/n03425413/n03425413_8761.JPEG,n03425413,571,gas pump,jpeg,70,571,gas pump,0.5586690306663513,True,22871,22007,1.0392602353796518,39.802068675773235,0.9898839271366188
imagenette,data/imagenette2-320/val/n03425413/n03425413_8801.JPEG,n03425413,571,gas pump,jpeg,70,571,gas pump,0.5843871235847473,True,18764,17963,1.0445916606357513,40.248011781178974,0.9830256845932976
imagenette,data/imagenette2-320/val/n03425413/n03425413_8901.JPEG,n03425413,571,gas pump,jpeg,70,571,gas pump,0.45334357023239136,True,30589,29330,1.0429253324241392,37.112174141178336,0.9816480123291106
imagenette,data/imagenette2-320/val/n03425413/n03425413_8992.JPEG,n03425413,571,gas pump,jpeg,70,571,gas pump,0.687245786190033,True,18849,18321,1.0288193875880138,44.535261772967594,0.9925686350599762
imagenette,data/imagenette2-320/val/n03425413/n03425413_9051.JPEG,n03425413,571,gas pump,jpeg,70,475,car mirror,0.13263416290283203,False,26970,26146,1.0315153369540273,41.906153708328766,0.9930549262945917
imagenette,data/imagenette2-320/val/n03425413/n03425413_9241.JPEG,n03425413,571,gas pump,jpeg,70,571,gas pump,0.381672739982605,True,31699,30689,1.0329108149499822,39.73342298474704,0.9912618199981494
imagenette,data/imagenette2-320/val/n03425413/n03425413_9391.JPEG,n03425413,571,gas pump,jpeg,70,571,gas pump,0.5567979216575623,True,31028,30064,1.032064928153273,38.61141535202432,0.9895434938406433
imagenette,data/imagenette2-320/val/n03425413/n03425413_9421.JPEG,n03425413,571,gas pump,jpeg,70,571,gas pump,0.39284321665763855,True,31813,30668,1.0373353332463806,38.702774844357634,0.987838861885554
imagenette,data/imagenette2-320/val/n03425413/n03425413_9652.JPEG,n03425413,571,gas pump,jpeg,70,571,gas pump,0.4683654010295868,True,28784,27719,1.0384212994696778,39.14966793317176,0.9891902201030495
imagenette,data/imagenette2-320/val/n03425413/n03425413_9791.JPEG,n03425413,571,gas pump,jpeg,70,571,gas pump,0.6194770336151123,True,23765,23080,1.0296793760831888,41.593301261834846,0.9890484387734667
imagenette,data/imagenette2-320/val/n03425413/n03425413_9940.JPEG,n03425413,571,gas pump,jpeg,70,571,gas pump,0.5721543431282043,True,16437,15964,1.029629165622651,45.321392775799836,0.9925251111258758
imagenette,data/imagenette2-320/val/n03445777/ILSVRC2012_val_00008161.JPEG,n03445777,574,golf ball,jpeg,70,574,golf ball,0.5876691341400146,True,28515,28022,1.0175933195346514,41.284648709818576,0.9871586992310233
imagenette,data/imagenette2-320/val/n03445777/ILSVRC2012_val_00009902.JPEG,n03445777,574,golf ball,jpeg,70,574,golf ball,0.6977235078811646,True,37526,36002,1.0423309816121327,38.94628675698274,0.9897915174851989
imagenette,data/imagenette2-320/val/n03445777/ILSVRC2012_val_00011431.JPEG,n03445777,574,golf ball,jpeg,70,574,golf ball,0.49727320671081543,True,10356,10074,1.0279928528886242,46.39370006097909,0.9858749699450063
imagenette,data/imagenette2-320/val/n03445777/ILSVRC2012_val_00011581.JPEG,n03445777,574,golf ball,jpeg,70,773,saltshaker,0.050380781292915344,False,15797,15347,1.029321691535805,45.46457173806211,0.9902602778341129
imagenette,data/imagenette2-320/val/n03445777/ILSVRC2012_val_00014102.JPEG,n03445777,574,golf ball,jpeg,70,574,golf ball,0.4889131188392639,True,24759,23991,1.032012004501688,40.15037324973854,0.9897697059303528
imagenette,data/imagenette2-320/val/n03445777/ILSVRC2012_val_00020502.JPEG,n03445777,574,golf ball,jpeg,70,574,golf ball,0.18355314433574677,True,24322,23749,1.0241273316771233,43.488111452884596,0.9908165522877758
imagenette,data/imagenette2-320/val/n03445777/ILSVRC2012_val_00020781.JPEG,n03445777,574,golf ball,jpeg,70,574,golf ball,0.39942628145217896,True,16122,15647,1.030357256982169,44.04419802168347,0.990970872273013
imagenette,data/imagenette2-320/val/n03445777/ILSVRC2012_val_00022792.JPEG,n03445777,574,golf ball,jpeg,70,574,golf ball,0.4575062096118927,True,12232,11936,1.024798927613941,46.59080130315478,0.9935378922308589
imagenette,data/imagenette2-320/val/n03445777/ILSVRC2012_val_00025591.JPEG,n03445777,574,golf ball,jpeg,70,574,golf ball,0.3785909116268158,True,12769,13312,0.9592097355769231,43.66577663258327,0.9951322431909201
imagenette,data/imagenette2-320/val/n03445777/ILSVRC2012_val_00036171.JPEG,n03445777,574,golf ball,jpeg,70,574,golf ball,0.5270671248435974,True,18599,18078,1.0288195596858059,43.89064653126645,0.9920112767607058
imagenette,data/imagenette2-320/val/n03445777/ILSVRC2012_val_00038790.JPEG,n03445777,574,golf ball,jpeg,70,574,golf ball,0.610267698764801,True,13302,13003,1.0229946935322618,46.33316175748199,0.9931222520042174
imagenette,data/imagenette2-320/val/n03445777/ILSVRC2012_val_00041672.JPEG,n03445777,574,golf ball,jpeg,70,574,golf ball,0.37739625573158264,True,36338,35161,1.033474588322289,38.692228780070806,0.9849533461112884
imagenette,data/imagenette2-320/val/n03445777/ILSVRC2012_val_00042350.JPEG,n03445777,574,golf ball,jpeg,70,574,golf ball,0.28646373748779297,True,18567,18105,1.0255178127589064,44.37262009447294,0.9922789373577153
imagenette,data/imagenette2-320/val/n03445777/n03445777_1002.JPEG,n03445777,574,golf ball,jpeg,70,574,golf ball,0.5423721671104431,True,13382,13024,1.027487714987715,46.92835189453659,0.994590384949373
imagenette,data/imagenette2-320/val/n03445777/n03445777_10030.JPEG,n03445777,574,golf ball,jpeg,70,574,golf ball,0.5270422101020813,True,18018,17319,1.0403602979386801,41.47814123412183,0.9849377055813022
imagenette,data/imagenette2-320/val/n03445777/n03445777_10042.JPEG,n03445777,574,golf ball,jpeg,70,574,golf ball,0.7886323928833008,True,47762,46047,1.0372445544769475,35.63068738435259,0.9887980382412658
imagenette,data/imagenette2-320/val/n03445777/n03445777_10071.JPEG,n03445777,574,golf ball,jpeg,70,574,golf ball,0.48336341977119446,True,30460,29561,1.0304116910794627,40.599967610752586,0.9907960530899151
imagenette,data/imagenette2-320/val/n03445777/n03445777_101.JPEG,n03445777,574,golf ball,jpeg,70,574,golf ball,0.3718552589416504,True,26295,25438,1.0336897554839217,40.63174481278012,0.9880248628283458
imagenette,data/imagenette2-320/val/n03445777/n03445777_10141.JPEG,n03445777,574,golf ball,jpeg,70,574,golf ball,0.5519305467605591,True,20413,19776,1.0322107605177993,42.08626484484587,0.991114487275087
imagenette,data/imagenette2-320/val/n03445777/n03445777_10401.JPEG,n03445777,574,golf ball,jpeg,70,574,golf ball,0.5476657152175903,True,17867,17274,1.0343290494384625,41.13371045630007,0.9778300658484502
imagenette,data/imagenette2-320/val/n03445777/n03445777_10410.JPEG,n03445777,574,golf ball,jpeg,70,574,golf ball,0.5191546082496643,True,25526,24850,1.0272032193158953,44.33225055067608,0.9930621320243316
imagenette,data/imagenette2-320/val/n03445777/n03445777_10442.JPEG,n03445777,574,golf ball,jpeg,70,574,golf ball,0.4171481132507324,True,12930,12609,1.0254580061860576,46.897257546029884,0.9919790960726648
imagenette,data/imagenette2-320/val/n03445777/n03445777_10520.JPEG,n03445777,574,golf ball,jpeg,70,574,golf ball,0.32751595973968506,True,10141,9878,1.0266248228386312,47.31938059274792,0.9920114665696792
imagenette,data/imagenette2-320/val/n03445777/n03445777_10550.JPEG,n03445777,574,golf ball,jpeg,70,574,golf ball,0.47631001472473145,True,35395,34129,1.0370945530194262,40.229586322413425,0.992407339002568
imagenette,data/imagenette2-320/val/n03445777/n03445777_10560.JPEG,n03445777,574,golf ball,jpeg,70,574,golf ball,0.530029296875,True,19485,18818,1.0354447869061536,43.12573584778014,0.9530326150727126
imagenette,data/imagenette2-320/val/n03445777/n03445777_10581.JPEG,n03445777,574,golf ball,jpeg,70,574,golf ball,0.7574641108512878,True,30523,29469,1.0357663985883472,37.01888391966783,0.982908636844889
imagenette,data/imagenette2-320/val/n03445777/n03445777_10592.JPEG,n03445777,574,golf ball,jpeg,70,574,golf ball,0.3133634328842163,True,20490,19923,1.0284595693419665,42.4127451253209,0.9908935536224285
imagenette,data/imagenette2-320/val/n03445777/n03445777_10622.JPEG,n03445777,574,golf ball,jpeg,70,574,golf ball,0.5381743311882019,True,15220,14792,1.0289345592212007,45.664087000944626,0.9928242033482868
imagenette,data/imagenette2-320/val/n03445777/n03445777_10632.JPEG,n03445777,574,golf ball,jpeg,70,574,golf ball,0.5751531720161438,True,17403,16908,1.0292760823278921,43.23724294748577,0.9456892695410063
imagenette,data/imagenette2-320/val/n03445777/n03445777_10671.JPEG,n03445777,574,golf ball,jpeg,70,574,golf ball,0.5120609402656555,True,22742,21896,1.038637194008038,41.49334910917961,0.9866014264250861
imagenette,data/imagenette2-320/val/n03445777/n03445777_1072.JPEG,n03445777,574,golf ball,jpeg,70,574,golf ball,0.5135620832443237,True,45802,44225,1.0356585641605427,36.34257349776253,0.9903775445977487
imagenette,data/imagenette2-320/val/n03445777/n03445777_10721.JPEG,n03445777,574,golf ball,jpeg,70,574,golf ball,0.4862701892852783,True,43506,41958,1.036894036894037,37.47997827579317,0.9897361596056413
imagenette,data/imagenette2-320/val/n03445777/n03445777_10750.JPEG,n03445777,574,golf ball,jpeg,70,574,golf ball,0.5992666482925415,True,25580,24915,1.0266907485450532,41.640286060808364,0.9912912450593833
imagenette,data/imagenette2-320/val/n03445777/n03445777_10760.JPEG,n03445777,574,golf ball,jpeg,70,574,golf ball,0.5381661653518677,True,21736,21141,1.0281443640319758,44.37391260889477,0.9926672601086737
imagenette,data/imagenette2-320/val/n03445777/n03445777_10762.JPEG,n03445777,574,golf ball,jpeg,70,574,golf ball,0.5530015826225281,True,35588,34197,1.0406760826973127,36.416300300881986,0.985777300594941
imagenette,data/imagenette2-320/val/n03445777/n03445777_10782.JPEG,n03445777,574,golf ball,jpeg,70,574,golf ball,0.6653177738189697,True,10210,9957,1.025409259817214,48.00806230685062,0.9938200247334478
imagenette,data/imagenette2-320/val/n03445777/n03445777_10862.JPEG,n03445777,574,golf ball,jpeg,70,574,golf ball,0.4831257462501526,True,24862,24222,1.0264222607546858,44.606232388972565,0.9906945352762436
imagenette,data/imagenette2-320/val/n03445777/n03445777_1091.JPEG,n03445777,574,golf ball,jpeg,70,574,golf ball,0.5469508171081543,True,12458,12082,1.03112067538487,45.18965852138915,0.9846081728466727
imagenette,data/imagenette2-320/val/n03445777/n03445777_110.JPEG,n03445777,574,golf ball,jpeg,70,574,golf ball,0.48333418369293213,True,11407,11079,1.0296055600685983,45.8561042026634,0.9936418368721066
imagenette,data/imagenette2-320/val/n03445777/n03445777_11011.JPEG,n03445777,574,golf ball,jpeg,70,574,golf ball,0.6834677457809448,True,9805,9546,1.0271317829457365,46.48220411681511,0.9947653128607555
imagenette,data/imagenette2-320/val/n03445777/n03445777_11122.JPEG,n03445777,574,golf ball,jpeg,70,574,golf ball,0.3843346834182739,True,9635,9314,1.0344642473695511,43.32533795201253,0.9948283183464542
imagenette,data/imagenette2-320/val/n03445777/n03445777_11150.JPEG,n03445777,574,golf ball,jpeg,70,574,golf ball,0.45130810141563416,True,42077,40859,1.0298098338187425,37.29918473637266,0.9917461788189499
imagenette,data/imagenette2-320/val/n03445777/n03445777_11162.JPEG,n03445777,574,golf ball,jpeg,70,574,golf ball,0.5630778074264526,True,23092,22247,1.0379826493459792,42.685222762729026,0.9851474053921553
imagenette,data/imagenette2-320/val/n03445777/n03445777_11171.JPEG,n03445777,574,golf ball,jpeg,70,574,golf ball,0.48145779967308044,True,19660,19043,1.0324003570865934,42.72554512161908,0.9903706720543605
imagenette,data/imagenette2-320/val/n03445777/n03445777_1132.JPEG,n03445777,574,golf ball,jpeg,70,574,golf ball,0.4870908856391907,True,16942,16493,1.0272236706481537,45.27257260907639,0.9922644541391966
imagenette,data/imagenette2-320/val/n03445777/n03445777_11401.JPEG,n03445777,574,golf ball,jpeg,70,574,golf ball,0.7350308299064636,True,34364,33256,1.0333172961270147,38.990716199054354,0.9887192554834637
imagenette,data/imagenette2-320/val/n03445777/n03445777_11481.JPEG,n03445777,574,golf ball,jpeg,70,574,golf ball,0.578859806060791,True,19204,18773,1.0229585042348053,45.34380335729682,0.9928863542588654
imagenette,data/imagenette2-320/val/n03445777/n03445777_1152.JPEG,n03445777,574,golf ball,jpeg,70,574,golf ball,0.5558061599731445,True,25401,24631,1.0312614185376152,39.45663900329179,0.9897344666039536
imagenette,data/imagenette2-320/val/n03445777/n03445777_11642.JPEG,n03445777,574,golf ball,jpeg,70,574,golf ball,0.4080987572669983,True,13703,13270,1.032629992464205,42.2788053679724,0.9906108807545589
imagenette,data/imagenette2-320/val/n03445777/n03445777_11690.JPEG,n03445777,574,golf ball,jpeg,70,574,golf ball,0.5967684984207153,True,24323,23590,1.031072488342518,42.36831277549967,0.9854273144375352
imagenette,data/imagenette2-320/val/n03445777/n03445777_11822.JPEG,n03445777,574,golf ball,jpeg,70,574,golf ball,0.4673917591571808,True,20835,20157,1.0336359577318053,43.352029538871065,0.9906084739250652
imagenette,data/imagenette2-320/val/n03445777/n03445777_12030.JPEG,n03445777,574,golf ball,jpeg,70,574,golf ball,0.34525883197784424,True,23624,22883,1.0323821177293186,42.25059899225578,0.9884957947022853
imagenette,data/imagenette2-320/val/n03445777/n03445777_12172.JPEG,n03445777,574,golf ball,jpeg,70,574,golf ball,0.3699277341365814,True,19526,18943,1.0307765401467561,43.88118408757087,0.9928339502845533
imagenette,data/imagenette2-320/val/n03445777/n03445777_12202.JPEG,n03445777,574,golf ball,jpeg,70,574,golf ball,0.44935500621795654,True,8419,8184,1.0287145650048877,48.00197844614254,0.994630985764081
imagenette,data/imagenette2-320/val/n03445777/n03445777_12262.JPEG,n03445777,574,golf ball,jpeg,70,574,golf ball,0.5727139115333557,True,12378,12069,1.0256027839920456,45.36276888077996,0.9925594796087179
imagenette,data/imagenette2-320/val/n03445777/n03445777_12480.JPEG,n03445777,574,golf ball,jpeg,70,574,golf ball,0.5475479960441589,True,11732,11346,1.0340208002820377,45.596724641208226,0.9912712463919062
imagenette,data/imagenette2-320/val/n03445777/n03445777_12490.JPEG,n03445777,574,golf ball,jpeg,70,574,golf ball,0.4877474308013916,True,37790,36398,1.0382438595527226,40.55785029717576,0.9942142486563655
imagenette,data/imagenette2-320/val/n03445777/n03445777_12500.JPEG,n03445777,574,golf ball,jpeg,70,574,golf ball,0.9581937789916992,True,15099,14725,1.0253989813242785,45.48488491554267,0.9926428093512011
imagenette,data/imagenette2-320/val/n03445777/n03445777_1252.JPEG,n03445777,574,golf ball,jpeg,70,574,golf ball,0.4295383393764496,True,24797,24209,1.0242884877524887,42.475307908825684,0.9917082321003506
imagenette,data/imagenette2-320/val/n03445777/n03445777_12640.JPEG,n03445777,574,golf ball,jpeg,70,574,golf ball,0.5201786756515503,True,9101,8861,1.0270849791219954,47.67817246381568,0.9953728333306356
imagenette,data/imagenette2-320/val/n03445777/n03445777_12772.JPEG,n03445777,574,golf ball,jpeg,70,574,golf ball,0.525250256061554,True,16438,15962,1.029820824458088,45.62657033221966,0.9917058660937997
imagenette,data/imagenette2-320/val/n03445777/n03445777_1281.JPEG,n03445777,574,golf ball,jpeg,70,574,golf ball,0.4904561936855316,True,35037,34023,1.0298033683096728,39.49904161692637,0.9907375265213177
imagenette,data/imagenette2-320/val/n03445777/n03445777_12830.JPEG,n03445777,574,golf ball,jpeg,70,574,golf ball,0.4611538052558899,True,41730,39978,1.0438241032567912,37.855808203122834,0.9902338591406016
imagenette,data/imagenette2-320/val/n03445777/n03445777_12862.JPEG,n03445777,574,golf ball,jpeg,70,574,golf ball,0.5539179444313049,True,17880,17552,1.0186873290793073,44.77843440929942,0.9897844681323407
imagenette,data/imagenette2-320/val/n03445777/n03445777_12882.JPEG,n03445777,574,golf ball,jpeg,70,574,golf ball,0.9628517627716064,True,27715,26699,1.0380538596951197,40.64545632302088,0.9922600278098183
imagenette,data/imagenette2-320/val/n03445777/n03445777_1291.JPEG,n03445777,574,golf ball,jpeg,70,574,golf ball,0.4246314465999603,True,21693,21032,1.0314282997337392,43.66112213298415,0.9905565553738835
imagenette,data/imagenette2-320/val/n03445777/n03445777_1292.JPEG,n03445777,574,golf ball,jpeg,70,574,golf ball,0.5424006581306458,True,27182,26386,1.0301675130751156,41.70803451737865,0.992339367732709
imagenette,data/imagenette2-320/val/n03445777/n03445777_12920.JPEG,n03445777,574,golf ball,jpeg,70,574,golf ball,0.7293972969055176,True,10666,10393,1.0262676801693447,47.252963749550716,0.9929498417722925
imagenette,data/imagenette2-320/val/n03445777/n03445777_13011.JPEG,n03445777,574,golf ball,jpeg,70,574,golf ball,0.6014519929885864,True,18545,17985,1.0311370586599944,45.22626910720692,0.9934020647102052
imagenette,data/imagenette2-320/val/n03445777/n03445777_1311.JPEG,n03445777,574,golf ball,jpeg,70,574,golf ball,0.5392918586730957,True,18133,17597,1.030459737455248,43.59941691814777,0.9900315036874074
imagenette,data/imagenette2-320/val/n03445777/n03445777_13161.JPEG,n03445777,574,golf ball,jpeg,70,574,golf ball,0.49461108446121216,True,22284,21337,1.044382996672447,42.04208096031255,0.9829774430223513
imagenette,data/imagenette2-320/val/n03445777/n03445777_13311.JPEG,n03445777,574,golf ball,jpeg,70,574,golf ball,0.5807846784591675,True,20638,19994,1.0322096628988697,42.97429407492653,0.994466408451402
imagenette,data/imagenette2-320/val/n03445777/n03445777_13462.JPEG,n03445777,574,golf ball,jpeg,70,574,golf ball,0.5569037199020386,True,19352,18736,1.0328778821520068,43.812220554483154,0.9888076167058667
imagenette,data/imagenette2-320/val/n03445777/n03445777_13480.JPEG,n03445777,574,golf ball,jpeg,70,574,golf ball,0.43680182099342346,True,12833,12502,1.0264757638777795,46.77751668569651,0.9920016901865437
imagenette,data/imagenette2-320/val/n03445777/n03445777_13490.JPEG,n03445777,574,golf ball,jpeg,70,574,golf ball,0.5531257390975952,True,24826,23881,1.0395712072358778,41.24743848885559,0.9803087895499258
imagenette,data/imagenette2-320/val/n03445777/n03445777_13570.JPEG,n03445777,574,golf ball,jpeg,70,574,golf ball,0.6021942496299744,True,17433,16902,1.0314164004259851,46.44362358719676,0.9949191069591191
imagenette,data/imagenette2-320/val/n03445777/n03445777_13640.JPEG,n03445777,574,golf ball,jpeg,70,574,golf ball,0.5553411245346069,True,13120,12755,1.0286162289298315,46.40146625899527,0.9928107729425785
imagenette,data/imagenette2-320/val/n03445777/n03445777_13671.JPEG,n03445777,574,golf ball,jpeg,70,574,golf ball,0.5017235279083252,True,16397,15744,1.0414761178861789,41.7154144360611,0.9898306511776868
imagenette,data/imagenette2-320/val/n03445777/n03445777_13672.JPEG,n03445777,574,golf ball,jpeg,70,574,golf ball,0.2629145383834839,True,16773,16341,1.0264365705893153,45.86022214965838,0.991852267270006
imagenette,data/imagenette2-320/val/n03445777/n03445777_13680.JPEG,n03445777,574,golf ball,jpeg,70,574,golf ball,0.40576496720314026,True,58622,56106,1.044843688732043,35.6393064830208,0.9927126930868025
imagenette,data/imagenette2-320/val/n03445777/n03445777_13831.JPEG,n03445777,574,golf ball,jpeg,70,574,golf ball,0.8992155194282532,True,14602,14139,1.032746304547705,43.18399566045847,0.9927349416879602
imagenette,data/imagenette2-320/val/n03445777/n03445777_1390.JPEG,n03445777,574,golf ball,jpeg,70,574,golf ball,0.3942813575267792,True,15552,15108,1.029388403494837,44.08330739129142,0.9887233616912617
imagenette,data/imagenette2-320/val/n03445777/n03445777_13911.JPEG,n03445777,574,golf ball,jpeg,70,574,golf ball,0.5919813513755798,True,11134,10845,1.0266482249884739,45.161464069524925,0.9944402847954136
imagenette,data/imagenette2-320/val/n03445777/n03445777_13960.JPEG,n03445777,574,golf ball,jpeg,70,574,golf ball,0.45784541964530945,True,26314,25569,1.029136845398725,43.15121943676458,0.989475201810292
imagenette,data/imagenette2-320/val/n03445777/n03445777_1401.JPEG,n03445777,574,golf ball,jpeg,70,574,golf ball,0.7555443048477173,True,13141,12788,1.027604003753519,47.13766760256614,0.9936930171618007
imagenette,data/imagenette2-320/val/n03445777/n03445777_14051.JPEG,n03445777,574,golf ball,jpeg,70,574,golf ball,0.5147892236709595,True,23558,22862,1.0304435307497157,43.39123888609292,0.9921310321790773
imagenette,data/imagenette2-320/val/n03445777/n03445777_14112.JPEG,n03445777,574,golf ball,jpeg,70,574,golf ball,0.42393559217453003,True,15787,15357,1.0280002604675393,48.85212836353547,0.9951865837778668
imagenette,data/imagenette2-320/val/n03445777/n03445777_14232.JPEG,n03445777,574,golf ball,jpeg,70,574,golf ball,0.41573819518089294,True,22097,21516,1.0270031604387433,42.90719628303251,0.9898990596875845
imagenette,data/imagenette2-320/val/n03445777/n03445777_14281.JPEG,n03445777,574,golf ball,jpeg,70,574,golf ball,0.5556061863899231,True,29608,28535,1.0376029437532854,39.003548597635834,0.9905727787445301
imagenette,data/imagenette2-320/val/n03445777/n03445777_14301.JPEG,n03445777,574,golf ball,jpeg,70,574,golf ball,0.5307634472846985,True,9697,9416,1.0298428207306711,44.90568995770367,0.9901656236382053
imagenette,data/imagenette2-320/val/n03445777/n03445777_14362.JPEG,n03445777,574,golf ball,jpeg,70,574,golf ball,0.4520436227321625,True,25002,24174,1.0342516753536857,41.421837583615606,0.9907897489049748
imagenette,data/imagenette2-320/val/n03445777/n03445777_14381.JPEG,n03445777,574,golf ball,jpeg,70,574,golf ball,0.5352409482002258,True,18164,17549,1.0350447318935552,44.58760335381414,0.9888949575652592
imagenette,data/imagenette2-320/val/n03445777/n03445777_1452.JPEG,n03445777,574,golf ball,jpeg,70,574,golf ball,0.5479202270507812,True,25497,24575,1.0375178026449643,38.012969180213375,0.976729598703824
imagenette,data/imagenette2-320/val/n03445777/n03445777_14531.JPEG,n03445777,574,golf ball,jpeg,70,574,golf ball,0.4962114989757538,True,12878,12541,1.0268718602982219,46.27159633907909,0.9951256443272153
imagenette,data/imagenette2-320/val/n03445777/n03445777_1460.JPEG,n03445777,574,golf ball,jpeg,70,574,golf ball,0.6219412684440613,True,19923,19356,1.0292932424054557,42.591183626885,0.9923177989327985
imagenette,data/imagenette2-320/val/n03445777/n03445777_14720.JPEG,n03445777,574,golf ball,jpeg,70,574,golf ball,0.6598026752471924,True,22259,21526,1.0340518442813342,43.69271473729061,0.9933607839623116
imagenette,data/imagenette2-320/val/n03445777/n03445777_14731.JPEG,n03445777,574,golf ball,jpeg,70,574,golf ball,0.41507017612457275,True,26223,25496,1.028514276749294,42.126940619189604,0.9909470483877977
imagenette,data/imagenette2-320/val/n03445777/n03445777_1482.JPEG,n03445777,574,golf ball,jpeg,70,574,golf ball,0.6455068588256836,True,17040,16508,1.0322267991276957,44.97167387508292,0.9884563344367027
imagenette,data/imagenette2-320/val/n03445777/n03445777_15110.JPEG,n03445777,574,golf ball,jpeg,70,574,golf ball,0.29854732751846313,True,36777,35439,1.0377550156607127,40.36318482706843,0.9939469781245548
imagenette,data/imagenette2-320/val/n03445777/n03445777_15131.JPEG,n03445777,574,golf ball,jpeg,70,574,golf ball,0.4829395115375519,True,27329,26506,1.0310495736814307,41.81740516450624,0.9904415249847162
imagenette,data/imagenette2-320/val/n03445777/n03445777_15152.JPEG,n03445777,574,golf ball,jpeg,70,574,golf ball,0.23163479566574097,True,31145,30116,1.0341678841811661,40.724085409485504,0.9904109790894401
imagenette,data/imagenette2-320/val/n03445777/n03445777_15162.JPEG,n03445777,574,golf ball,jpeg,70,574,golf ball,0.5880869030952454,True,17130,16735,1.023603226770242,44.70345000512408,0.9920288589502428
imagenette,data/imagenette2-320/val/n03445777/n03445777_1530.JPEG,n03445777,574,golf ball,jpeg,70,574,golf ball,0.38992953300476074,True,8863,8625,1.0275942028985507,46.66102233512995,0.9856610558017898
imagenette,data/imagenette2-320/val/n03445777/n03445777_15510.JPEG,n03445777,574,golf ball,jpeg,70,574,golf ball,0.43748652935028076,True,37445,35644,1.05052743799798,36.6660036849383,0.9861974559530436
imagenette,data/imagenette2-320/val/n03445777/n03445777_15692.JPEG,n03445777,574,golf ball,jpeg,70,574,golf ball,0.4845830202102661,True,24893,24215,1.0279991740656618,43.27525590619152,0.9918018092018409
imagenette,data/imagenette2-320/val/n03445777/n03445777_15810.JPEG,n03445777,574,golf ball,jpeg,70,574,golf ball,0.2880190312862396,True,57822,55405,1.0436242216406462,34.468150117002395,0.9925327547785162
imagenette,data/imagenette2-320/val/n03445777/n03445777_15820.JPEG,n03445777,574,golf ball,jpeg,70,574,golf ball,0.4451499283313751,True,30314,29017,1.0446979356928696,37.92225097193591,0.988466609025084
imagenette,data/imagenette2-320/val/n03445777/n03445777_15880.JPEG,n03445777,574,golf ball,jpeg,70,574,golf ball,0.7892521023750305,True,16720,16231,1.030127533731748,43.178316346547675,0.9919578529811109
imagenette,data/imagenette2-320/val/n03445777/n03445777_15950.JPEG,n03445777,574,golf ball,jpeg,70,574,golf ball,0.3920384347438812,True,19984,19327,1.0339938945516636,40.283109166504296,0.989896263909991
imagenette,data/imagenette2-320/val/n03445777/n03445777_16051.JPEG,n03445777,574,golf ball,jpeg,70,574,golf ball,0.526715874671936,True,14868,14462,1.0280735721200387,45.78999340299391,0.9901852863146866
imagenette,data/imagenette2-320/val/n03445777/n03445777_16150.JPEG,n03445777,574,golf ball,jpeg,70,895,warplane,0.1649554967880249,False,19934,19351,1.0301276419823264,42.405247322937036,0.9932843651058554
imagenette,data/imagenette2-320/val/n03445777/n03445777_16192.JPEG,n03445777,574,golf ball,jpeg,70,574,golf ball,0.499656617641449,True,17214,16646,1.0341223116664664,44.23788502576456,0.9939197927256601
imagenette,data/imagenette2-320/val/n03445777/n03445777_16220.JPEG,n03445777,574,golf ball,jpeg,70,574,golf ball,0.38849741220474243,True,18704,18205,1.0274100521834661,44.77492752600842,0.9927272942152948
imagenette,data/imagenette2-320/val/n03445777/n03445777_16320.JPEG,n03445777,574,golf ball,jpeg,70,574,golf ball,0.5670278072357178,True,26158,25300,1.0339130434782609,42.12112212840174,0.9939536476490822
imagenette,data/imagenette2-320/val/n03445777/n03445777_16321.JPEG,n03445777,574,golf ball,jpeg,70,574,golf ball,0.5642859935760498,True,16679,16149,1.03281936962041,44.01812228053242,0.9894115415218089
imagenette,data/imagenette2-320/val/n03445777/n03445777_16331.JPEG,n03445777,574,golf ball,jpeg,70,574,golf ball,0.5804257988929749,True,11808,11502,1.02660406885759,44.325920405602986,0.9928955937128352
imagenette,data/imagenette2-320/val/n03445777/n03445777_16332.JPEG,n03445777,574,golf ball,jpeg,70,574,golf ball,0.6856927275657654,True,20210,19558,1.0333367419981594,43.514472729522275,0.9920663065630707
imagenette,data/imagenette2-320/val/n03445777/n03445777_16360.JPEG,n03445777,574,golf ball,jpeg,70,574,golf ball,0.4629797637462616,True,57707,55951,1.0313846043859807,35.06573255808544,0.9887854430945623
imagenette,data/imagenette2-320/val/n03445777/n03445777_16392.JPEG,n03445777,574,golf ball,jpeg,70,574,golf ball,0.3899547755718231,True,33895,32300,1.0493808049535605,37.87476951405825,0.9764567011866552
imagenette,data/imagenette2-320/val/n03445777/n03445777_16491.JPEG,n03445777,574,golf ball,jpeg,70,574,golf ball,0.49925580620765686,True,29688,28793,1.0310839440141701,42.53748621551716,0.9933636217459781
imagenette,data/imagenette2-320/val/n03445777/n03445777_17042.JPEG,n03445777,574,golf ball,jpeg,70,574,golf ball,0.5223280787467957,True,12474,12148,1.0268356931182088,45.22854878972336,0.9901865309987409
imagenette,data/imagenette2-320/val/n03445777/n03445777_172.JPEG,n03445777,574,golf ball,jpeg,70,574,golf ball,0.4403284788131714,True,12465,12122,1.0282956607820493,46.809524344013475,0.9920882836643404
imagenette,data/imagenette2-320/val/n03445777/n03445777_17221.JPEG,n03445777,574,golf ball,jpeg,70,574,golf ball,0.34505078196525574,True,6530,6372,1.024795982423101,50.69501191654392,0.9967023167545275
imagenette,data/imagenette2-320/val/n03445777/n03445777_17311.JPEG,n03445777,574,golf ball,jpeg,70,574,golf ball,0.4379558861255646,True,18132,17601,1.0301687404124766,42.6856502824043,0.9907568698553316
imagenette,data/imagenette2-320/val/n03445777/n03445777_17492.JPEG,n03445777,574,golf ball,jpeg,70,574,golf ball,0.4696894884109497,True,34295,33350,1.028335832083958,41.25326264631629,0.9920488961067742
imagenette,data/imagenette2-320/val/n03445777/n03445777_1750.JPEG,n03445777,574,golf ball,jpeg,70,574,golf ball,0.533963680267334,True,19912,19470,1.0227015921931175,44.3003175241122,0.9907186994124467
imagenette,data/imagenette2-320/val/n03445777/n03445777_17511.JPEG,n03445777,574,golf ball,jpeg,70,574,golf ball,0.4819087088108063,True,12707,12312,1.0320825211176088,45.1134480946434,0.9890927540218123
imagenette,data/imagenette2-320/val/n03445777/n03445777_1781.JPEG,n03445777,574,golf ball,jpeg,70,574,golf ball,0.4757533073425293,True,35894,34552,1.0388400092614032,40.508361646752824,0.9841340805329774
imagenette,data/imagenette2-320/val/n03445777/n03445777_18292.JPEG,n03445777,574,golf ball,jpeg,70,574,golf ball,0.5875827670097351,True,14986,14554,1.0296825614951217,43.821311363327865,0.9922647755555666
imagenette,data/imagenette2-320/val/n03445777/n03445777_18412.JPEG,n03445777,574,golf ball,jpeg,70,574,golf ball,0.46363571286201477,True,34098,32820,1.0389396709323584,39.660787160842034,0.9895029015798675
imagenette,data/imagenette2-320/val/n03445777/n03445777_18491.JPEG,n03445777,574,golf ball,jpeg,70,574,golf ball,0.6015333533287048,True,19410,18834,1.0305829882128066,44.30533372506065,0.9905209724556648
imagenette,data/imagenette2-320/val/n03445777/n03445777_18531.JPEG,n03445777,574,golf ball,jpeg,70,574,golf ball,0.4725340008735657,True,10558,10300,1.0250485436893204,45.11487515800758,0.9638914103855488
imagenette,data/imagenette2-320/val/n03445777/n03445777_18631.JPEG,n03445777,574,golf ball,jpeg,70,574,golf ball,0.3388723134994507,True,11270,11005,1.024079963652885,47.5564424318961,0.9948918314521712
imagenette,data/imagenette2-320/val/n03445777/n03445777_19001.JPEG,n03445777,574,golf ball,jpeg,70,574,golf ball,0.4348355829715729,True,23426,22795,1.0276815091028735,43.57333641907623,0.9926008758065091
imagenette,data/imagenette2-320/val/n03445777/n03445777_1922.JPEG,n03445777,574,golf ball,jpeg,70,574,golf ball,0.7077306509017944,True,33202,32319,1.0273213898944893,39.780179558146756,0.9896357591872279
imagenette,data/imagenette2-320/val/n03445777/n03445777_1962.JPEG,n03445777,574,golf ball,jpeg,70,574,golf ball,0.4166102409362793,True,10490,10255,1.022915650901999,47.84155753400701,0.9754106765222866
imagenette,data/imagenette2-320/val/n03445777/n03445777_1971.JPEG,n03445777,574,golf ball,jpeg,70,574,golf ball,0.45779070258140564,True,15529,15061,1.031073633888852,44.793482523459915,0.9913204997608708
imagenette,data/imagenette2-320/val/n03445777/n03445777_200.JPEG,n03445777,574,golf ball,jpeg,70,574,golf ball,0.41983798146247864,True,12675,12372,1.024490785645005,46.169563225407224,0.9717007801481685
imagenette,data/imagenette2-320/val/n03445777/n03445777_20061.JPEG,n03445777,574,golf ball,jpeg,70,574,golf ball,0.42942702770233154,True,14787,14324,1.0323233733593968,43.327037613599444,0.9891367585634491
imagenette,data/imagenette2-320/val/n03445777/n03445777_2031.JPEG,n03445777,574,golf ball,jpeg,70,574,golf ball,0.34843775629997253,True,16701,16192,1.0314352766798418,44.41550909333764,0.9896472096686253
imagenette,data/imagenette2-320/val/n03445777/n03445777_20352.JPEG,n03445777,574,golf ball,jpeg,70,574,golf ball,0.46434926986694336,True,14245,13891,1.0254841264127852,45.90350909659857,0.9919620466966571
imagenette,data/imagenette2-320/val/n03445777/n03445777_20400.JPEG,n03445777,574,golf ball,jpeg,70,574,golf ball,0.5111034512519836,True,25076,24166,1.0376562112058263,42.014054534086114,0.9913948423098767
imagenette,data/imagenette2-320/val/n03445777/n03445777_2041.JPEG,n03445777,574,golf ball,jpeg,70,574,golf ball,0.45528391003608704,True,13529,13108,1.032117790662191,42.593039685807966,0.9886480732087574
imagenette,data/imagenette2-320/val/n03445777/n03445777_20572.JPEG,n03445777,574,golf ball,jpeg,70,574,golf ball,0.15505081415176392,True,20406,19858,1.0275959311108873,47.023613319020725,0.9937600874008942
imagenette,data/imagenette2-320/val/n03445777/n03445777_2070.JPEG,n03445777,574,golf ball,jpeg,70,574,golf ball,0.4469873905181885,True,12235,11887,1.0292756793135358,45.202647847923565,0.9812670564112999
imagenette,data/imagenette2-320/val/n03445777/n03445777_2071.JPEG,n03445777,574,golf ball,jpeg,70,574,golf ball,0.45099684596061707,True,20068,19387,1.0351266312477434,41.729493006426786,0.9895812004885475
imagenette,data/imagenette2-320/val/n03445777/n03445777_210.JPEG,n03445777,574,golf ball,jpeg,70,574,golf ball,0.26137179136276245,True,18745,18116,1.0347206888937956,40.982150951034725,0.9877585745357359
imagenette,data/imagenette2-320/val/n03445777/n03445777_2151.JPEG,n03445777,574,golf ball,jpeg,70,574,golf ball,0.5442019104957581,True,14328,14863,0.9640045751194241,47.852547824332945,0.9954012742971696
imagenette,data/imagenette2-320/val/n03445777/n03445777_2251.JPEG,n03445777,574,golf ball,jpeg,70,574,golf ball,0.8513312935829163,True,15266,14819,1.030163978676024,43.00868271538998,0.9889704269279848
imagenette,data/imagenette2-320/val/n03445777/n03445777_2262.JPEG,n03445777,574,golf ball,jpeg,70,574,golf ball,0.7605769038200378,True,10461,10192,1.0263932496075354,46.39115237641943,0.99226627083966
imagenette,data/imagenette2-320/val/n03445777/n03445777_2270.JPEG,n03445777,574,golf ball,jpeg,70,574,golf ball,0.14882265031337738,True,30024,29110,1.0313981449673653,40.2839250408603,0.9916786439133074
imagenette,data/imagenette2-320/val/n03445777/n03445777_230.JPEG,n03445777,574,golf ball,jpeg,70,574,golf ball,0.48769962787628174,True,33449,32229,1.0378541065500015,41.23302428849573,0.9946878852317665
imagenette,data/imagenette2-320/val/n03445777/n03445777_2312.JPEG,n03445777,574,golf ball,jpeg,70,574,golf ball,0.5302994251251221,True,16029,15615,1.0265129682997118,46.42883413562246,0.9940209029972036
imagenette,data/imagenette2-320/val/n03445777/n03445777_2332.JPEG,n03445777,574,golf ball,jpeg,70,574,golf ball,0.42516088485717773,True,17617,17044,1.0336188688101384,43.62123762855773,0.9921872343552781
imagenette,data/imagenette2-320/val/n03445777/n03445777_2360.JPEG,n03445777,574,golf ball,jpeg,70,574,golf ball,0.5141157507896423,True,22944,22252,1.0310983282401582,41.24617845409073,0.990190411804583
imagenette,data/imagenette2-320/val/n03445777/n03445777_2362.JPEG,n03445777,574,golf ball,jpeg,70,574,golf ball,0.4114651381969452,True,22085,21279,1.0378777198176605,40.00585567883806,0.9894848098795461
imagenette,data/imagenette2-320/val/n03445777/n03445777_2412.JPEG,n03445777,574,golf ball,jpeg,70,574,golf ball,0.42744195461273193,True,15484,15088,1.0262460233297985,46.03572688253906,0.9938393239738029
imagenette,data/imagenette2-320/val/n03445777/n03445777_2432.JPEG,n03445777,574,golf ball,jpeg,70,574,golf ball,0.38575318455696106,True,21330,20774,1.0267642245114086,43.78789777244698,0.9919652104816844
imagenette,data/imagenette2-320/val/n03445777/n03445777_2441.JPEG,n03445777,574,golf ball,jpeg,70,574,golf ball,0.5500432848930359,True,18475,17884,1.0330462983672557,45.05146581404319,0.9925940448178098
imagenette,data/imagenette2-320/val/n03445777/n03445777_2511.JPEG,n03445777,574,golf ball,jpeg,70,574,golf ball,0.7768198251724243,True,33067,32118,1.0295472943520767,41.00353769961452,0.9914401697250321
imagenette,data/imagenette2-320/val/n03445777/n03445777_2530.JPEG,n03445777,574,golf ball,jpeg,70,574,golf ball,0.6882832646369934,True,17590,16958,1.0372685458190825,43.7815132452732,0.9907555723771578
imagenette,data/imagenette2-320/val/n03445777/n03445777_261.JPEG,n03445777,574,golf ball,jpeg,70,574,golf ball,0.6939038634300232,True,23339,22882,1.0199720304169215,42.392436644559986,0.9859605278114945
imagenette,data/imagenette2-320/val/n03445777/n03445777_2611.JPEG,n03445777,574,golf ball,jpeg,70,574,golf ball,0.3857188820838928,True,29633,28834,1.0277103419574114,42.204367125929934,0.992365557852966
imagenette,data/imagenette2-320/val/n03445777/n03445777_2770.JPEG,n03445777,574,golf ball,jpeg,70,574,golf ball,0.5323880314826965,True,8316,8110,1.0254007398273737,47.626547838962,0.9946859233711166
imagenette,data/imagenette2-320/val/n03445777/n03445777_2822.JPEG,n03445777,574,golf ball,jpeg,70,574,golf ball,0.5292762517929077,True,20742,20429,1.0153213568946107,43.56818158617121,0.9876972461256864
imagenette,data/imagenette2-320/val/n03445777/n03445777_2860.JPEG,n03445777,574,golf ball,jpeg,70,574,golf ball,0.5012375116348267,True,16328,15753,1.0365009839395671,41.02486391730996,0.9896512507759877
imagenette,data/imagenette2-320/val/n03445777/n03445777_2881.JPEG,n03445777,574,golf ball,jpeg,70,574,golf ball,0.5350959300994873,True,18407,17757,1.0366052824238328,41.09832811326967,0.9923141169234029
imagenette,data/imagenette2-320/val/n03445777/n03445777_2951.JPEG,n03445777,574,golf ball,jpeg,70,574,golf ball,0.4498606026172638,True,23591,22609,1.0434340306957406,39.077259077006204,0.9882474353401179
imagenette,data/imagenette2-320/val/n03445777/n03445777_3011.JPEG,n03445777,574,golf ball,jpeg,70,574,golf ball,0.5333488583564758,True,17921,17590,1.0188175099488346,45.905357431788204,0.9921568083519142
imagenette,data/imagenette2-320/val/n03445777/n03445777_3030.JPEG,n03445777,574,golf ball,jpeg,70,574,golf ball,0.390823096036911,True,59033,57041,1.0349222489086798,35.69788357203297,0.9929229602778898
imagenette,data/imagenette2-320/val/n03445777/n03445777_3060.JPEG,n03445777,574,golf ball,jpeg,70,574,golf ball,0.8359216451644897,True,23479,22452,1.0457420274363085,38.67368414501494,0.9686308739637027
imagenette,data/imagenette2-320/val/n03445777/n03445777_3090.JPEG,n03445777,574,golf ball,jpeg,70,574,golf ball,0.8342984318733215,True,22865,22203,1.02981579065892,43.71311835996461,0.9924115206515167
imagenette,data/imagenette2-320/val/n03445777/n03445777_3122.JPEG,n03445777,574,golf ball,jpeg,70,574,golf ball,0.527976930141449,True,26910,26074,1.0320625910869066,40.79817656394382,0.9902530342071746
imagenette,data/imagenette2-320/val/n03445777/n03445777_3132.JPEG,n03445777,574,golf ball,jpeg,70,574,golf ball,0.6277663111686707,True,12310,11973,1.0281466633258165,46.48312089164523,0.9931709066795263
imagenette,data/imagenette2-320/val/n03445777/n03445777_3142.JPEG,n03445777,574,golf ball,jpeg,70,574,golf ball,0.19472764432430267,True,27908,26895,1.0376649934932143,40.87587022290192,0.9826714633352301
imagenette,data/imagenette2-320/val/n03445777/n03445777_3171.JPEG,n03445777,574,golf ball,jpeg,70,574,golf ball,0.4132716953754425,True,13693,13276,1.03141006327207,45.63861214165779,0.9936212044578397
imagenette,data/imagenette2-320/val/n03445777/n03445777_3192.JPEG,n03445777,574,golf ball,jpeg,70,574,golf ball,0.29914215207099915,True,48384,46665,1.0368370298939247,36.717432232503995,0.9898772215701871
imagenette,data/imagenette2-320/val/n03445777/n03445777_3222.JPEG,n03445777,574,golf ball,jpeg,70,574,golf ball,0.7398167252540588,True,25363,24499,1.0352667455814524,41.09942926828953,0.9873135442095632
imagenette,data/imagenette2-320/val/n03445777/n03445777_3252.JPEG,n03445777,574,golf ball,jpeg,70,574,golf ball,0.6977389454841614,True,14121,13818,1.021927920104212,46.40365587976817,0.9940934467999819
imagenette,data/imagenette2-320/val/n03445777/n03445777_3260.JPEG,n03445777,574,golf ball,jpeg,70,574,golf ball,0.42619383335113525,True,14142,13748,1.028658713994763,45.18954076849055,0.9891691451754386
imagenette,data/imagenette2-320/val/n03445777/n03445777_3291.JPEG,n03445777,574,golf ball,jpeg,70,574,golf ball,0.4059793949127197,True,13811,13378,1.0323665719838542,41.154383337639004,0.9873043927468456
imagenette,data/imagenette2-320/val/n03445777/n03445777_3301.JPEG,n03445777,574,golf ball,jpeg,70,574,golf ball,0.5448411703109741,True,23581,22815,1.033574402805172,41.39773802371394,0.9892933695666261
imagenette,data/imagenette2-320/val/n03445777/n03445777_3311.JPEG,n03445777,574,golf ball,jpeg,70,574,golf ball,0.3740484118461609,True,50849,48954,1.0387098092086449,36.819020132336966,0.9903809200833472
imagenette,data/imagenette2-320/val/n03445777/n03445777_3321.JPEG,n03445777,574,golf ball,jpeg,70,574,golf ball,0.3822866976261139,True,19596,18992,1.0318028643639428,44.066718640891914,0.9924578436825371
imagenette,data/imagenette2-320/val/n03445777/n03445777_3391.JPEG,n03445777,574,golf ball,jpeg,70,574,golf ball,0.21288567781448364,True,50358,48632,1.0354910347096562,35.655297396297094,0.9914127011158332
imagenette,data/imagenette2-320/val/n03445777/n03445777_340.JPEG,n03445777,574,golf ball,jpeg,70,574,golf ball,0.7379823327064514,True,13699,13258,1.0332629355860612,42.29264025241495,0.9864041453548839
imagenette,data/imagenette2-320/val/n03445777/n03445777_3410.JPEG,n03445777,574,golf ball,jpeg,70,574,golf ball,0.4170711934566498,True,16849,16416,1.0263767056530215,45.18567885805423,0.9914984828149439
imagenette,data/imagenette2-320/val/n03445777/n03445777_3421.JPEG,n03445777,574,golf ball,jpeg,70,574,golf ball,0.557294487953186,True,33273,31850,1.0446781789638933,37.67097029951259,0.9924666396112394
imagenette,data/imagenette2-320/val/n03445777/n03445777_3440.JPEG,n03445777,574,golf ball,jpeg,70,574,golf ball,0.34000828862190247,True,38827,37654,1.0311520688373081,42.29896184111263,0.9926421204368031
imagenette,data/imagenette2-320/val/n03445777/n03445777_3462.JPEG,n03445777,574,golf ball,jpeg,70,574,golf ball,0.6243637800216675,True,12495,12172,1.026536312849162,45.40624309625816,0.994790024062225
imagenette,data/imagenette2-320/val/n03445777/n03445777_3471.JPEG,n03445777,574,golf ball,jpeg,70,574,golf ball,0.37578096985816956,True,22139,20927,1.0579156114110957,38.52730660018713,0.9745994630724423
imagenette,data/imagenette2-320/val/n03445777/n03445777_3530.JPEG,n03445777,574,golf ball,jpeg,70,574,golf ball,0.5816722512245178,True,14621,14206,1.0292130085879205,45.67695990561114,0.9881851885255326
imagenette,data/imagenette2-320/val/n03445777/n03445777_3540.JPEG,n03445777,574,golf ball,jpeg,70,574,golf ball,0.45769447088241577,True,17646,17232,1.024025069637883,44.50674878449935,0.9910963248661311
imagenette,data/imagenette2-320/val/n03445777/n03445777_360.JPEG,n03445777,574,golf ball,jpeg,70,574,golf ball,0.38876843452453613,True,15194,14720,1.0322010869565217,42.14004585920743,0.9903055487937878
imagenette,data/imagenette2-320/val/n03445777/n03445777_3612.JPEG,n03445777,574,golf ball,jpeg,70,574,golf ball,0.5764859318733215,True,28573,27769,1.0289531491951456,41.52213677159929,0.9906059406628773
imagenette,data/imagenette2-320/val/n03445777/n03445777_3651.JPEG,n03445777,574,golf ball,jpeg,70,574,golf ball,0.3218742907047272,True,25293,24538,1.0307686037981905,41.89489967717339,0.9903340255692298
imagenette,data/imagenette2-320/val/n03445777/n03445777_3722.JPEG,n03445777,574,golf ball,jpeg,70,574,golf ball,0.4445793628692627,True,9130,8889,1.0271121610979863,47.27133254087583,0.9936049643961704
imagenette,data/imagenette2-320/val/n03445777/n03445777_3761.JPEG,n03445777,574,golf ball,jpeg,70,574,golf ball,0.24620026350021362,True,21928,21343,1.027409455090662,43.55114404425555,0.9913342761917324
imagenette,data/imagenette2-320/val/n03445777/n03445777_3780.JPEG,n03445777,574,golf ball,jpeg,70,574,golf ball,0.5354214310646057,True,23162,22602,1.0247765684452703,43.48140771759911,0.989578900177916
imagenette,data/imagenette2-320/val/n03445777/n03445777_3800.JPEG,n03445777,574,golf ball,jpeg,70,574,golf ball,0.47020813822746277,True,8081,7878,1.0257679614115258,49.90979991995927,0.9970788889605605
imagenette,data/imagenette2-320/val/n03445777/n03445777_3890.JPEG,n03445777,574,golf ball,jpeg,70,574,golf ball,0.4344523847103119,True,29619,28566,1.0368620037807184,41.68266547654791,0.99110974846985
imagenette,data/imagenette2-320/val/n03445777/n03445777_3892.JPEG,n03445777,574,golf ball,jpeg,70,574,golf ball,0.3551604151725769,True,38990,37422,1.0419004863449308,36.41568540893984,0.9776856567940803
imagenette,data/imagenette2-320/val/n03445777/n03445777_3900.JPEG,n03445777,574,golf ball,jpeg,70,574,golf ball,0.45088183879852295,True,13066,12690,1.0296296296296297,44.82471749403442,0.9945662698458495
imagenette,data/imagenette2-320/val/n03445777/n03445777_392.JPEG,n03445777,574,golf ball,jpeg,70,574,golf ball,0.45146995782852173,True,10794,10456,1.0323259372609028,45.04280451668705,0.9178753632125854
imagenette,data/imagenette2-320/val/n03445777/n03445777_3922.JPEG,n03445777,574,golf ball,jpeg,70,574,golf ball,0.5881312489509583,True,11468,11174,1.0263110792912118,46.55791024160031,0.9927916439664303
imagenette,data/imagenette2-320/val/n03445777/n03445777_3970.JPEG,n03445777,574,golf ball,jpeg,70,574,golf ball,0.48140111565589905,True,19828,19160,1.0348643006263047,41.96145900732677,0.9883690126149484
imagenette,data/imagenette2-320/val/n03445777/n03445777_3981.JPEG,n03445777,574,golf ball,jpeg,70,574,golf ball,0.451996386051178,True,15104,14665,1.0299352199113536,44.91513463544145,0.9932205752451019
imagenette,data/imagenette2-320/val/n03445777/n03445777_3992.JPEG,n03445777,574,golf ball,jpeg,70,574,golf ball,0.41939106583595276,True,16981,16524,1.0276567417090292,45.69182545496152,0.9923950460183525
imagenette,data/imagenette2-320/val/n03445777/n03445777_4042.JPEG,n03445777,574,golf ball,jpeg,70,574,golf ball,0.40654975175857544,True,17559,17057,1.0294307322506888,44.12650832464439,0.9864968467573182
imagenette,data/imagenette2-320/val/n03445777/n03445777_4061.JPEG,n03445777,574,golf ball,jpeg,70,574,golf ball,0.6684535145759583,True,18167,17715,1.0255151001975726,42.369521044173325,0.9915041148600693
imagenette,data/imagenette2-320/val/n03445777/n03445777_4062.JPEG,n03445777,574,golf ball,jpeg,70,574,golf ball,0.6217533349990845,True,23391,22757,1.0278595596959177,41.10987587948476,0.9889335693225046
imagenette,data/imagenette2-320/val/n03445777/n03445777_4070.JPEG,n03445777,574,golf ball,jpeg,70,574,golf ball,0.5870552062988281,True,30601,29429,1.03982466274763,37.66893492163349,0.9878367857000404
imagenette,data/imagenette2-320/val/n03445777/n03445777_4082.JPEG,n03445777,574,golf ball,jpeg,70,574,golf ball,0.600368857383728,True,28000,26988,1.0374981473247369,39.79808433358443,0.9785774095555513
imagenette,data/imagenette2-320/val/n03445777/n03445777_4101.JPEG,n03445777,574,golf ball,jpeg,70,574,golf ball,0.32031524181365967,True,22352,21776,1.0264511388684792,43.087115754244664,0.9921059766039221
imagenette,data/imagenette2-320/val/n03445777/n03445777_4131.JPEG,n03445777,574,golf ball,jpeg,70,574,golf ball,0.4402811825275421,True,13824,13465,1.0266617155588562,45.76284489665541,0.99189160975996
imagenette,data/imagenette2-320/val/n03445777/n03445777_4162.JPEG,n03445777,574,golf ball,jpeg,70,574,golf ball,0.2695848047733307,True,42214,41104,1.0270046710782406,39.47191899789357,0.9901420777161402
imagenette,data/imagenette2-320/val/n03445777/n03445777_4172.JPEG,n03445777,574,golf ball,jpeg,70,901,whiskey jug,0.06278133392333984,False,30694,29794,1.0302074243136201,41.97319765463567,0.9925498985357257
imagenette,data/imagenette2-320/val/n03445777/n03445777_4211.JPEG,n03445777,574,golf ball,jpeg,70,574,golf ball,0.32864370942115784,True,42347,40947,1.0341905389894253,36.6004749899025,0.9891947700544753
imagenette,data/imagenette2-320/val/n03445777/n03445777_4220.JPEG,n03445777,574,golf ball,jpeg,70,574,golf ball,0.5476181507110596,True,31027,29847,1.0395349616376854,38.952503118204525,0.9837571034594204
imagenette,data/imagenette2-320/val/n03445777/n03445777_4290.JPEG,n03445777,574,golf ball,jpeg,70,574,golf ball,0.5776371359825134,True,19332,18705,1.0335204490777867,43.090917810211565,0.9895886226503771
imagenette,data/imagenette2-320/val/n03445777/n03445777_4291.JPEG,n03445777,574,golf ball,jpeg,70,574,golf ball,0.5201879143714905,True,35787,34511,1.0369737185245285,42.97630205014652,0.9870649088445144
imagenette,data/imagenette2-320/val/n03445777/n03445777_4352.JPEG,n03445777,574,golf ball,jpeg,70,574,golf ball,0.4844207167625427,True,46646,45247,1.0309191769620085,36.687000878053425,0.9899710302319061
imagenette,data/imagenette2-320/val/n03445777/n03445777_4371.JPEG,n03445777,574,golf ball,jpeg,70,574,golf ball,0.6459903717041016,True,15412,14928,1.032422293676313,44.70555841466101,0.9908790598458165
imagenette,data/imagenette2-320/val/n03445777/n03445777_4382.JPEG,n03445777,574,golf ball,jpeg,70,574,golf ball,0.41633370518684387,True,33368,32169,1.0372719077372625,40.15498617275574,0.9904530959471725
imagenette,data/imagenette2-320/val/n03445777/n03445777_4390.JPEG,n03445777,574,golf ball,jpeg,70,574,golf ball,0.4898283779621124,True,26315,25863,1.0174767041719832,43.45441370512468,0.9905619617028698
imagenette,data/imagenette2-320/val/n03445777/n03445777_451.JPEG,n03445777,574,golf ball,jpeg,70,574,golf ball,0.16201290488243103,True,31858,31033,1.026584603486611,41.40936638214299,0.990602950992994
imagenette,data/imagenette2-320/val/n03445777/n03445777_4512.JPEG,n03445777,574,golf ball,jpeg,70,574,golf ball,0.46863269805908203,True,35270,34232,1.0303225052582379,40.18803415295315,0.9911641324695952
imagenette,data/imagenette2-320/val/n03445777/n03445777_4520.JPEG,n03445777,574,golf ball,jpeg,70,471,cannon,0.10521480441093445,False,25116,24670,1.018078638021889,42.08307616426276,0.9882799190837132
imagenette,data/imagenette2-320/val/n03445777/n03445777_4561.JPEG,n03445777,574,golf ball,jpeg,70,574,golf ball,0.501676619052887,True,20947,20285,1.0326349519349274,43.640580656255096,0.9866743728873875
imagenette,data/imagenette2-320/val/n03445777/n03445777_461.JPEG,n03445777,574,golf ball,jpeg,70,574,golf ball,0.569231390953064,True,48189,46668,1.032591925944973,36.57361604161501,0.9908672218662243
imagenette,data/imagenette2-320/val/n03445777/n03445777_4622.JPEG,n03445777,574,golf ball,jpeg,70,574,golf ball,0.6313123106956482,True,11839,11544,1.0255544005544006,46.37375114619854,0.9923564152606826
imagenette,data/imagenette2-320/val/n03445777/n03445777_4641.JPEG,n03445777,574,golf ball,jpeg,70,574,golf ball,0.7348222136497498,True,27082,26179,1.0344932961534055,41.09256854710523,0.9889808098882517
imagenette,data/imagenette2-320/val/n03445777/n03445777_4650.JPEG,n03445777,574,golf ball,jpeg,70,574,golf ball,0.3653004765510559,True,9591,9331,1.0278641088843639,47.3833944313083,0.9952228844595311
imagenette,data/imagenette2-320/val/n03445777/n03445777_4671.JPEG,n03445777,574,golf ball,jpeg,70,574,golf ball,0.48195046186447144,True,29401,28423,1.034408753474299,40.1966202236414,0.9887014398869068
imagenette,data/imagenette2-320/val/n03445777/n03445777_471.JPEG,n03445777,574,golf ball,jpeg,70,574,golf ball,0.4262232780456543,True,14737,14368,1.0256820712694878,44.78203136872576,0.990464252236193
imagenette,data/imagenette2-320/val/n03445777/n03445777_4711.JPEG,n03445777,574,golf ball,jpeg,70,574,golf ball,0.18418525159358978,True,13928,13540,1.028655834564254,45.20708682541588,0.9931727990559596
imagenette,data/imagenette2-320/val/n03445777/n03445777_4731.JPEG,n03445777,574,golf ball,jpeg,70,574,golf ball,0.4985542595386505,True,13323,12930,1.0303944315545244,45.43032368289806,0.9925492939700792
imagenette,data/imagenette2-320/val/n03445777/n03445777_482.JPEG,n03445777,574,golf ball,jpeg,70,574,golf ball,0.47859880328178406,True,28229,27140,1.0401252763448785,40.35314755708265,0.991182716588514
imagenette,data/imagenette2-320/val/n03445777/n03445777_4832.JPEG,n03445777,574,golf ball,jpeg,70,574,golf ball,0.4168148338794708,True,31205,30258,1.0312975080970321,39.41164975433098,0.9912160059069963
imagenette,data/imagenette2-320/val/n03445777/n03445777_4852.JPEG,n03445777,574,golf ball,jpeg,70,574,golf ball,0.5344692468643188,True,18158,17558,1.0341724569996582,44.326000667019024,0.9922510537539386
imagenette,data/imagenette2-320/val/n03445777/n03445777_4872.JPEG,n03445777,574,golf ball,jpeg,70,574,golf ball,0.545048177242279,True,20865,20093,1.0384213407654408,41.91423714732608,0.9905496497824333
imagenette,data/imagenette2-320/val/n03445777/n03445777_490.JPEG,n03445777,574,golf ball,jpeg,70,574,golf ball,0.5536175966262817,True,8867,8635,1.0268674001158078,48.163764350846435,0.9932238133812743
imagenette,data/imagenette2-320/val/n03445777/n03445777_4901.JPEG,n03445777,574,golf ball,jpeg,70,574,golf ball,0.5454893112182617,True,8955,8737,1.0249513563007897,46.15151322783522,0.992220886398798
imagenette,data/imagenette2-320/val/n03445777/n03445777_4930.JPEG,n03445777,574,golf ball,jpeg,70,574,golf ball,0.8617613911628723,True,16611,16088,1.0325087021382398,46.120352231675426,0.9947154093165428
imagenette,data/imagenette2-320/val/n03445777/n03445777_501.JPEG,n03445777,574,golf ball,jpeg,70,574,golf ball,0.5173065662384033,True,19992,19322,1.0346754994307008,42.82080209149961,0.9907754335742088
imagenette,data/imagenette2-320/val/n03445777/n03445777_5031.JPEG,n03445777,574,golf ball,jpeg,70,574,golf ball,0.5158467888832092,True,22878,22202,1.0304477074137466,42.86937764893935,0.991007763083135
imagenette,data/imagenette2-320/val/n03445777/n03445777_5092.JPEG,n03445777,574,golf ball,jpeg,70,574,golf ball,0.801738440990448,True,19262,18685,1.0308803853358308,46.203636046583995,0.9939835875237586
imagenette,data/imagenette2-320/val/n03445777/n03445777_5131.JPEG,n03445777,574,golf ball,jpeg,70,574,golf ball,0.5617583394050598,True,23212,22537,1.0299507476594045,42.275391566800444,0.986331147410212
imagenette,data/imagenette2-320/val/n03445777/n03445777_520.JPEG,n03445777,574,golf ball,jpeg,70,574,golf ball,0.44389256834983826,True,40166,38615,1.0401657387025767,36.03629461285402,0.9898995588872722
imagenette,data/imagenette2-320/val/n03445777/n03445777_5222.JPEG,n03445777,574,golf ball,jpeg,70,574,golf ball,0.5980535745620728,True,14227,13819,1.0295245676242855,43.503857836444475,0.9904819073366219
imagenette,data/imagenette2-320/val/n03445777/n03445777_5240.JPEG,n03445777,574,golf ball,jpeg,70,574,golf ball,0.35013705492019653,True,27121,26253,1.0330628880508894,41.61033778350786,0.9858903385156458
imagenette,data/imagenette2-320/val/n03445777/n03445777_5270.JPEG,n03445777,574,golf ball,jpeg,70,574,golf ball,0.47742173075675964,True,29421,28366,1.037192413452725,41.05923989746786,0.9958628403130558
imagenette,data/imagenette2-320/val/n03445777/n03445777_5280.JPEG,n03445777,574,golf ball,jpeg,70,574,golf ball,0.4191536605358124,True,10278,9944,1.0335880933226067,45.13481282984465,0.9271195589301032
imagenette,data/imagenette2-320/val/n03445777/n03445777_5300.JPEG,n03445777,574,golf ball,jpeg,70,574,golf ball,0.6845759749412537,True,17178,16601,1.0347569423528704,40.56162590520672,0.9860621285746053
imagenette,data/imagenette2-320/val/n03445777/n03445777_531.JPEG,n03445777,574,golf ball,jpeg,70,574,golf ball,0.2804175615310669,True,13915,13498,1.030893465698622,44.05193969199219,0.9881231170819588
imagenette,data/imagenette2-320/val/n03445777/n03445777_5310.JPEG,n03445777,574,golf ball,jpeg,70,574,golf ball,0.5045449137687683,True,12180,11768,1.0350101971447994,44.971810486486305,0.9871304810928058
imagenette,data/imagenette2-320/val/n03445777/n03445777_5312.JPEG,n03445777,574,golf ball,jpeg,70,574,golf ball,0.3552255630493164,True,24697,23961,1.030716581110972,46.12632894439626,0.9958048539344814
imagenette,data/imagenette2-320/val/n03445777/n03445777_532.JPEG,n03445777,574,golf ball,jpeg,70,574,golf ball,0.4496229887008667,True,21516,20891,1.0299171892202383,43.27088902540652,0.9904817279369565
imagenette,data/imagenette2-320/val/n03445777/n03445777_5342.JPEG,n03445777,574,golf ball,jpeg,70,574,golf ball,0.48069414496421814,True,26538,25851,1.0265753742601833,41.684754743657884,0.9906884708355829
imagenette,data/imagenette2-320/val/n03445777/n03445777_5382.JPEG,n03445777,574,golf ball,jpeg,70,574,golf ball,0.5070365071296692,True,20785,20119,1.033103036930265,45.42259596678,0.9939102848362239
imagenette,data/imagenette2-320/val/n03445777/n03445777_5462.JPEG,n03445777,574,golf ball,jpeg,70,574,golf ball,0.3927138149738312,True,12981,12599,1.0303198666560838,45.86373076631225,0.9924851142816676
imagenette,data/imagenette2-320/val/n03445777/n03445777_5492.JPEG,n03445777,574,golf ball,jpeg,70,574,golf ball,0.23568502068519592,True,16239,15747,1.0312440464850448,44.81593116463935,0.9920580765934872
imagenette,data/imagenette2-320/val/n03445777/n03445777_551.JPEG,n03445777,574,golf ball,jpeg,70,574,golf ball,0.5869271755218506,True,24330,23845,1.0203396938561544,42.215876456644025,0.9871512863443606
imagenette,data/imagenette2-320/val/n03445777/n03445777_5582.JPEG,n03445777,574,golf ball,jpeg,70,574,golf ball,0.4225049316883087,True,14929,14379,1.038250226024063,43.74876096736714,0.9924999401931759
imagenette,data/imagenette2-320/val/n03445777/n03445777_5590.JPEG,n03445777,574,golf ball,jpeg,70,574,golf ball,0.5430006384849548,True,17168,16536,1.0382196419932268,41.904610717210474,0.9865249263535384
imagenette,data/imagenette2-320/val/n03445777/n03445777_5592.JPEG,n03445777,574,golf ball,jpeg,70,574,golf ball,0.5450304746627808,True,30176,29229,1.0323993294330973,42.304425358521954,0.9932573335493694
imagenette,data/imagenette2-320/val/n03445777/n03445777_5670.JPEG,n03445777,574,golf ball,jpeg,70,574,golf ball,0.6686994433403015,True,10565,10295,1.0262263234579894,46.44764498433284,0.9934454637345821
imagenette,data/imagenette2-320/val/n03445777/n03445777_5712.JPEG,n03445777,574,golf ball,jpeg,70,574,golf ball,0.4345644414424896,True,18638,18040,1.033148558758315,42.8625419896986,0.9933725320794645
imagenette,data/imagenette2-320/val/n03445777/n03445777_5720.JPEG,n03445777,574,golf ball,jpeg,70,574,golf ball,0.6980218887329102,True,39630,38428,1.0312792755282607,39.591814236249384,0.9913928093089991
imagenette,data/imagenette2-320/val/n03445777/n03445777_5790.JPEG,n03445777,574,golf ball,jpeg,70,574,golf ball,0.5337951183319092,True,18331,17844,1.0272920869760143,42.78102239520979,0.9911499277350329
imagenette,data/imagenette2-320/val/n03445777/n03445777_5810.JPEG,n03445777,574,golf ball,jpeg,70,574,golf ball,0.4712241590023041,True,21880,21161,1.0339776003024432,43.26776835468847,0.9913785754260278
imagenette,data/imagenette2-320/val/n03445777/n03445777_5812.JPEG,n03445777,574,golf ball,jpeg,70,574,golf ball,0.5468271374702454,True,18739,18222,1.0283722972231368,43.712399519420444,0.992298623970486
imagenette,data/imagenette2-320/val/n03445777/n03445777_5851.JPEG,n03445777,574,golf ball,jpeg,70,574,golf ball,0.6088813543319702,True,17186,16674,1.0307064891447764,41.51064135176149,0.9912799985144644
imagenette,data/imagenette2-320/val/n03445777/n03445777_5861.JPEG,n03445777,574,golf ball,jpeg,70,574,golf ball,0.539666473865509,True,12690,12330,1.0291970802919708,46.8925210535627,0.9836654204075558
imagenette,data/imagenette2-320/val/n03445777/n03445777_5862.JPEG,n03445777,574,golf ball,jpeg,70,574,golf ball,0.5439736247062683,True,18755,18267,1.0267148409700553,44.814781607370655,0.9892432010064512
imagenette,data/imagenette2-320/val/n03445777/n03445777_5901.JPEG,n03445777,574,golf ball,jpeg,70,574,golf ball,0.5160983204841614,True,38707,37136,1.042303963808703,37.69477038003493,0.983587451982897
imagenette,data/imagenette2-320/val/n03445777/n03445777_5912.JPEG,n03445777,574,golf ball,jpeg,70,574,golf ball,0.5000118017196655,True,31268,30327,1.0310284564909158,38.99355358634494,0.9907588336110221
imagenette,data/imagenette2-320/val/n03445777/n03445777_5932.JPEG,n03445777,574,golf ball,jpeg,70,574,golf ball,0.2238679975271225,True,30413,29330,1.036924650528469,42.8354129795924,0.9942736295855438
imagenette,data/imagenette2-320/val/n03445777/n03445777_5941.JPEG,n03445777,574,golf ball,jpeg,70,574,golf ball,0.45693349838256836,True,24817,24056,1.031634519454606,43.04387017396003,0.991781660853342
imagenette,data/imagenette2-320/val/n03445777/n03445777_5971.JPEG,n03445777,574,golf ball,jpeg,70,574,golf ball,0.4048245847225189,True,25464,24818,1.0260294947215731,42.216934767569896,0.9910274969934932
imagenette,data/imagenette2-320/val/n03445777/n03445777_5991.JPEG,n03445777,574,golf ball,jpeg,70,574,golf ball,0.5312188863754272,True,8758,8542,1.0252868180753922,47.81213173441983,0.994463363332098
imagenette,data/imagenette2-320/val/n03445777/n03445777_5992.JPEG,n03445777,574,golf ball,jpeg,70,574,golf ball,0.4299580156803131,True,11577,11266,1.0276051837386828,46.644613181031566,0.9934616353279856
imagenette,data/imagenette2-320/val/n03445777/n03445777_602.JPEG,n03445777,574,golf ball,jpeg,70,574,golf ball,0.6629502773284912,True,22086,21493,1.0275903782626903,43.802770948637566,0.9925679516205822
imagenette,data/imagenette2-320/val/n03445777/n03445777_6042.JPEG,n03445777,574,golf ball,jpeg,70,574,golf ball,0.6292417645454407,True,29625,28577,1.0366728487944852,41.97312824230755,0.9937069664568415
imagenette,data/imagenette2-320/val/n03445777/n03445777_6052.JPEG,n03445777,574,golf ball,jpeg,70,574,golf ball,0.5358940362930298,True,17414,16967,1.0263452584428596,46.16172765783574,0.9944749523938755
imagenette,data/imagenette2-320/val/n03445777/n03445777_6071.JPEG,n03445777,574,golf ball,jpeg,70,574,golf ball,0.5244741439819336,True,10994,10721,1.0254640425333457,46.66714210587578,0.993260368168615
imagenette,data/imagenette2-320/val/n03445777/n03445777_6080.JPEG,n03445777,574,golf ball,jpeg,70,574,golf ball,0.5885375142097473,True,6794,6653,1.0211934465654593,50.914566222148885,0.9963237003874504
imagenette,data/imagenette2-320/val/n03445777/n03445777_6081.JPEG,n03445777,574,golf ball,jpeg,70,574,golf ball,0.7016154527664185,True,18435,17802,1.0355578024941017,40.89391284845302,0.9921576289250061
imagenette,data/imagenette2-320/val/n03445777/n03445777_6091.JPEG,n03445777,574,golf ball,jpeg,70,574,golf ball,0.46758344769477844,True,15301,14805,1.0335021952043228,42.40435617750673,0.9907874328752916
imagenette,data/imagenette2-320/val/n03445777/n03445777_6101.JPEG,n03445777,574,golf ball,jpeg,70,574,golf ball,0.4133793115615845,True,14887,14429,1.03174163143669,43.1746539082603,0.9889343073332283
imagenette,data/imagenette2-320/val/n03445777/n03445777_6162.JPEG,n03445777,574,golf ball,jpeg,70,574,golf ball,0.8314721584320068,True,26263,25459,1.0315801877528574,42.05004626483585,0.9923331054334422
imagenette,data/imagenette2-320/val/n03445777/n03445777_6181.JPEG,n03445777,574,golf ball,jpeg,70,574,golf ball,0.5743522644042969,True,20032,19337,1.0359414593783938,41.219689362366964,0.9867748575218172
imagenette,data/imagenette2-320/val/n03445777/n03445777_6201.JPEG,n03445777,574,golf ball,jpeg,70,574,golf ball,0.42922717332839966,True,19844,19246,1.0310713914579652,43.57015715147638,0.9897398121595117
imagenette,data/imagenette2-320/val/n03445777/n03445777_622.JPEG,n03445777,574,golf ball,jpeg,70,574,golf ball,0.6250500082969666,True,20041,19408,1.0326154163231658,43.05759079474082,0.9906052915816795
imagenette,data/imagenette2-320/val/n03445777/n03445777_6242.JPEG,n03445777,574,golf ball,jpeg,70,574,golf ball,0.09584497660398483,True,12930,12679,1.0197965139206562,45.21621920784345,0.9914700993332216
imagenette,data/imagenette2-320/val/n03445777/n03445777_6350.JPEG,n03445777,574,golf ball,jpeg,70,574,golf ball,0.47778305411338806,True,29559,28739,1.02853265597272,41.94174096378431,0.9915192857564552
imagenette,data/imagenette2-320/val/n03445777/n03445777_6360.JPEG,n03445777,574,golf ball,jpeg,70,574,golf ball,0.4027029573917389,True,54465,50891,1.0702285276374996,32.62677306969043,0.9610394652888474
imagenette,data/imagenette2-320/val/n03445777/n03445777_6380.JPEG,n03445777,574,golf ball,jpeg,70,574,golf ball,0.4794214069843292,True,10398,10145,1.0249383932971907,47.90079897718445,0.9923492700057146
imagenette,data/imagenette2-320/val/n03445777/n03445777_6421.JPEG,n03445777,574,golf ball,jpeg,70,574,golf ball,0.5895906090736389,True,16749,16200,1.0338888888888889,43.871801296796,0.9804003152848312
imagenette,data/imagenette2-320/val/n03445777/n03445777_6432.JPEG,n03445777,574,golf ball,jpeg,70,429,baseball,0.11461109668016434,False,30824,29875,1.031765690376569,39.54849088673784,0.9856591313422576
imagenette,data/imagenette2-320/val/n03445777/n03445777_6441.JPEG,n03445777,574,golf ball,jpeg,70,574,golf ball,0.27863746881484985,True,26078,25280,1.0315664556962025,40.93357990884315,0.9904181940344996
imagenette,data/imagenette2-320/val/n03445777/n03445777_6451.JPEG,n03445777,574,golf ball,jpeg,70,574,golf ball,0.4439142346382141,True,17012,16492,1.0315304390007276,44.48946455084439,0.9902252397332534
imagenette,data/imagenette2-320/val/n03445777/n03445777_6551.JPEG,n03445777,574,golf ball,jpeg,70,574,golf ball,0.5697913765907288,True,11820,11505,1.0273794002607561,46.711892061748344,0.9931654141098897
imagenette,data/imagenette2-320/val/n03445777/n03445777_6590.JPEG,n03445777,574,golf ball,jpeg,70,574,golf ball,0.6997676491737366,True,26289,25321,1.0382291378697523,41.40038043377214,0.9724269158790014
imagenette,data/imagenette2-320/val/n03445777/n03445777_6621.JPEG,n03445777,574,golf ball,jpeg,70,574,golf ball,0.5587289929389954,True,10455,10170,1.028023598820059,46.60818253653491,0.9939843506137751
imagenette,data/imagenette2-320/val/n03445777/n03445777_6721.JPEG,n03445777,574,golf ball,jpeg,70,574,golf ball,0.7415628433227539,True,24038,23236,1.034515407126872,42.880235080144885,0.991750542898652
imagenette,data/imagenette2-320/val/n03445777/n03445777_6752.JPEG,n03445777,574,golf ball,jpeg,70,574,golf ball,0.6756206154823303,True,60472,56272,1.0746374751208416,31.411327440819328,0.9798940734483373
imagenette,data/imagenette2-320/val/n03445777/n03445777_6761.JPEG,n03445777,574,golf ball,jpeg,70,574,golf ball,0.35188227891921997,True,8852,8571,1.0327849725819624,46.16775691286609,0.9821570200286649
imagenette,data/imagenette2-320/val/n03445777/n03445777_6881.JPEG,n03445777,574,golf ball,jpeg,70,574,golf ball,0.5123916268348694,True,28073,27124,1.0349874649756674,42.4376473352629,0.9933396465489972
imagenette,data/imagenette2-320/val/n03445777/n03445777_6882.JPEG,n03445777,574,golf ball,jpeg,70,574,golf ball,0.5815964937210083,True,23178,22498,1.0302249088807893,43.242521912061974,0.9920418758082126
imagenette,data/imagenette2-320/val/n03445777/n03445777_70.JPEG,n03445777,574,golf ball,jpeg,70,574,golf ball,0.5395957827568054,True,21227,20456,1.0376906531091123,39.816947435278294,0.9874630927181803
imagenette,data/imagenette2-320/val/n03445777/n03445777_7001.JPEG,n03445777,574,golf ball,jpeg,70,574,golf ball,0.42974355816841125,True,13810,13401,1.0305201104395194,45.13219669831432,0.9920471281973824
imagenette,data/imagenette2-320/val/n03445777/n03445777_7011.JPEG,n03445777,574,golf ball,jpeg,70,574,golf ball,0.7616928815841675,True,15249,14855,1.0265230562100303,44.73247781709766,0.9922129044925739
imagenette,data/imagenette2-320/val/n03445777/n03445777_7090.JPEG,n03445777,574,golf ball,jpeg,70,574,golf ball,0.7801278829574585,True,27502,26554,1.0357008360322362,40.866935470715084,0.9895465460419092
imagenette,data/imagenette2-320/val/n03445777/n03445777_7091.JPEG,n03445777,574,golf ball,jpeg,70,574,golf ball,0.4836021363735199,True,18115,17587,1.0300221754705179,44.08145227460457,0.9923595589755755
imagenette,data/imagenette2-320/val/n03445777/n03445777_71.JPEG,n03445777,574,golf ball,jpeg,70,574,golf ball,0.423618346452713,True,20472,19791,1.0344095801121722,42.187878255414816,0.9869060582024409
imagenette,data/imagenette2-320/val/n03445777/n03445777_711.JPEG,n03445777,574,golf ball,jpeg,70,574,golf ball,0.49625375866889954,True,33440,32176,1.0392839383391348,39.22624929190205,0.9867939438414176
imagenette,data/imagenette2-320/val/n03445777/n03445777_7152.JPEG,n03445777,574,golf ball,jpeg,70,574,golf ball,0.71616131067276,True,17228,16726,1.030013153174698,43.18713156893913,0.9904986331653641
imagenette,data/imagenette2-320/val/n03445777/n03445777_7181.JPEG,n03445777,574,golf ball,jpeg,70,574,golf ball,0.44442018866539,True,22688,21952,1.033527696793003,43.00897872894404,0.9831623979599261
imagenette,data/imagenette2-320/val/n03445777/n03445777_7212.JPEG,n03445777,574,golf ball,jpeg,70,574,golf ball,0.13602770864963531,True,26474,25690,1.0305177111716621,40.58402116794759,0.9873619492702055
imagenette,data/imagenette2-320/val/n03445777/n03445777_7242.JPEG,n03445777,574,golf ball,jpeg,70,574,golf ball,0.758526623249054,True,30411,29385,1.034915773353752,41.37666205181866,0.9910645097680922
imagenette,data/imagenette2-320/val/n03445777/n03445777_7251.JPEG,n03445777,574,golf ball,jpeg,70,574,golf ball,0.207088902592659,True,28327,27760,1.0204250720461094,41.738737218623655,0.9891384191625426
imagenette,data/imagenette2-320/val/n03445777/n03445777_7310.JPEG,n03445777,574,golf ball,jpeg,70,574,golf ball,0.4220157563686371,True,15363,14917,1.0298987732117717,44.586682918013324,0.9910511819353885
imagenette,data/imagenette2-320/val/n03445777/n03445777_7372.JPEG,n03445777,574,golf ball,jpeg,70,574,golf ball,0.5621547698974609,True,18249,17779,1.0264356825468248,44.211982403013714,0.9779330271871851
imagenette,data/imagenette2-320/val/n03445777/n03445777_7382.JPEG,n03445777,574,golf ball,jpeg,70,574,golf ball,0.3994734585285187,True,42150,40349,1.0446355547845052,36.83344804117133,0.980625246804529
imagenette,data/imagenette2-320/val/n03445777/n03445777_7442.JPEG,n03445777,574,golf ball,jpeg,70,574,golf ball,0.5076170563697815,True,11713,11414,1.0261958997722096,47.083240743470995,0.9920032102271322
imagenette,data/imagenette2-320/val/n03445777/n03445777_7480.JPEG,n03445777,574,golf ball,jpeg,70,574,golf ball,0.49687257409095764,True,24222,23543,1.0288408444123518,42.20274115273536,0.9915088080827285
imagenette,data/imagenette2-320/val/n03445777/n03445777_752.JPEG,n03445777,574,golf ball,jpeg,70,574,golf ball,0.38940656185150146,True,11027,10714,1.02921411237633,46.10194421556146,0.9941937960724964
imagenette,data/imagenette2-320/val/n03445777/n03445777_7552.JPEG,n03445777,574,golf ball,jpeg,70,574,golf ball,0.42890816926956177,True,40669,39227,1.0367603946261503,37.680853157452795,0.9928142348768727
imagenette,data/imagenette2-320/val/n03445777/n03445777_7580.JPEG,n03445777,574,golf ball,jpeg,70,574,golf ball,0.505703330039978,True,27925,27149,1.0285830048988913,39.56687743841174,0.9921392229648937
imagenette,data/imagenette2-320/val/n03445777/n03445777_7601.JPEG,n03445777,574,golf ball,jpeg,70,574,golf ball,0.5437014102935791,True,25717,24891,1.0331846852275923,43.05766470852841,0.9677923985439509
imagenette,data/imagenette2-320/val/n03445777/n03445777_7630.JPEG,n03445777,574,golf ball,jpeg,70,574,golf ball,0.6786723136901855,True,10609,10338,1.0262139678854711,47.37149124072943,0.9927721000740863
imagenette,data/imagenette2-320/val/n03445777/n03445777_7641.JPEG,n03445777,574,golf ball,jpeg,70,574,golf ball,0.3152903914451599,True,24198,23482,1.030491440252108,41.80095907891298,0.9918904119414208
imagenette,data/imagenette2-320/val/n03445777/n03445777_7650.JPEG,n03445777,574,golf ball,jpeg,70,574,golf ball,0.4858267307281494,True,21412,20850,1.0269544364508394,43.583797262403856,0.9911945278269622
imagenette,data/imagenette2-320/val/n03445777/n03445777_7652.JPEG,n03445777,574,golf ball,jpeg,70,574,golf ball,0.5285223722457886,True,23408,22890,1.0226299694189602,41.6991698487997,0.9888297613950624
imagenette,data/imagenette2-320/val/n03445777/n03445777_7670.JPEG,n03445777,574,golf ball,jpeg,70,574,golf ball,0.6385068893432617,True,7551,7353,1.0269277845777234,48.29578287381233,0.9948362187886887
imagenette,data/imagenette2-320/val/n03445777/n03445777_7691.JPEG,n03445777,574,golf ball,jpeg,70,574,golf ball,0.5333384275436401,True,20089,19556,1.027255062384946,44.15538468377187,0.9924341658606847
imagenette,data/imagenette2-320/val/n03445777/n03445777_7711.JPEG,n03445777,574,golf ball,jpeg,70,574,golf ball,0.4235800504684448,True,7486,7381,1.0142257146728086,47.53579934095114,0.9958034966580814
imagenette,data/imagenette2-320/val/n03445777/n03445777_7791.JPEG,n03445777,574,golf ball,jpeg,70,574,golf ball,0.49181661009788513,True,12733,12406,1.0263582137675318,46.835623051379606,0.9917543152938298
imagenette,data/imagenette2-320/val/n03445777/n03445777_790.JPEG,n03445777,574,golf ball,jpeg,70,574,golf ball,0.41828930377960205,True,33280,31869,1.0442750007844614,38.253507551109784,0.9887288615586871
imagenette,data/imagenette2-320/val/n03445777/n03445777_7902.JPEG,n03445777,574,golf ball,jpeg,70,574,golf ball,0.5410869717597961,True,26756,26055,1.0269046248320859,41.343758498659426,0.9919742774123187
imagenette,data/imagenette2-320/val/n03445777/n03445777_7930.JPEG,n03445777,574,golf ball,jpeg,70,574,golf ball,0.4736637771129608,True,45405,43797,1.0367148434824303,37.86828588933578,0.9937477521054876
imagenette,data/imagenette2-320/val/n03445777/n03445777_7931.JPEG,n03445777,574,golf ball,jpeg,70,574,golf ball,0.4881567060947418,True,10263,9956,1.0308356769787064,45.07481554308511,0.991559365901832
imagenette,data/imagenette2-320/val/n03445777/n03445777_7991.JPEG,n03445777,574,golf ball,jpeg,70,574,golf ball,0.5042120218276978,True,11950,11635,1.0270734851740437,45.53178477923873,0.9915911580365774
imagenette,data/imagenette2-320/val/n03445777/n03445777_8010.JPEG,n03445777,574,golf ball,jpeg,70,574,golf ball,0.4128798246383667,True,17058,16461,1.0362675414616367,41.83428176776013,0.9887570036349
imagenette,data/imagenette2-320/val/n03445777/n03445777_8060.JPEG,n03445777,574,golf ball,jpeg,70,574,golf ball,0.5300353169441223,True,32328,31271,1.0338012855361198,41.190754192737806,0.9894467699830236
imagenette,data/imagenette2-320/val/n03445777/n03445777_8091.JPEG,n03445777,574,golf ball,jpeg,70,574,golf ball,0.5810879468917847,True,39393,38057,1.03510523688152,38.74914330247993,0.9936414066153242
imagenette,data/imagenette2-320/val/n03445777/n03445777_8192.JPEG,n03445777,574,golf ball,jpeg,70,574,golf ball,0.7541123628616333,True,33860,32439,1.0438052960942077,39.11157961498118,0.9847475692485727
imagenette,data/imagenette2-320/val/n03445777/n03445777_8242.JPEG,n03445777,574,golf ball,jpeg,70,574,golf ball,0.4494963586330414,True,44550,42583,1.0461921424042457,35.53591159030783,0.9855081544463061
imagenette,data/imagenette2-320/val/n03445777/n03445777_832.JPEG,n03445777,574,golf ball,jpeg,70,574,golf ball,0.4783267676830292,True,16761,16272,1.0300516224188792,44.42438713525399,0.9892193557240043
imagenette,data/imagenette2-320/val/n03445777/n03445777_8332.JPEG,n03445777,574,golf ball,jpeg,70,574,golf ball,0.3265972137451172,True,38423,37559,1.0230038073431136,39.46547149702511,0.9889871123296
imagenette,data/imagenette2-320/val/n03445777/n03445777_8380.JPEG,n03445777,574,golf ball,jpeg,70,574,golf ball,0.7193067073822021,True,29861,29106,1.0259396687968116,40.48910187128261,0.991105444434647
imagenette,data/imagenette2-320/val/n03445777/n03445777_850.JPEG,n03445777,574,golf ball,jpeg,70,574,golf ball,0.5459216833114624,True,20198,19514,1.0350517577124116,43.14435057635013,0.9908395631166967
imagenette,data/imagenette2-320/val/n03445777/n03445777_8541.JPEG,n03445777,574,golf ball,jpeg,70,574,golf ball,0.35295361280441284,True,23847,23140,1.030553154710458,40.904204535520876,0.9897553287690487
imagenette,data/imagenette2-320/val/n03445777/n03445777_8550.JPEG,n03445777,574,golf ball,jpeg,70,574,golf ball,0.7329087257385254,True,30499,29650,1.0286340640809444,42.28089452579696,0.9918117372156546
imagenette,data/imagenette2-320/val/n03445777/n03445777_8552.JPEG,n03445777,574,golf ball,jpeg,70,574,golf ball,0.46891772747039795,True,20227,19756,1.0238408584733751,39.885117732948785,0.9856355973679424
imagenette,data/imagenette2-320/val/n03445777/n03445777_8610.JPEG,n03445777,574,golf ball,jpeg,70,574,golf ball,0.7168342471122742,True,12025,11708,1.0270755039289374,46.92191338353052,0.9921586603035859
imagenette,data/imagenette2-320/val/n03445777/n03445777_8620.JPEG,n03445777,574,golf ball,jpeg,70,574,golf ball,0.374383807182312,True,26725,25716,1.0392362731373463,39.666429708472975,0.9848100983053129
imagenette,data/imagenette2-320/val/n03445777/n03445777_8641.JPEG,n03445777,574,golf ball,jpeg,70,574,golf ball,0.29144275188446045,True,33756,32576,1.0362229862475443,37.9455275823897,0.9825211378549339
imagenette,data/imagenette2-320/val/n03445777/n03445777_8681.JPEG,n03445777,574,golf ball,jpeg,70,574,golf ball,0.3638928234577179,True,19127,18580,1.0294402583423035,44.19740229042169,0.991628068307126
imagenette,data/imagenette2-320/val/n03445777/n03445777_8712.JPEG,n03445777,574,golf ball,jpeg,70,574,golf ball,0.1973535269498825,True,24994,24040,1.039683860232945,41.91556874362724,0.9801044221824003
imagenette,data/imagenette2-320/val/n03445777/n03445777_8732.JPEG,n03445777,574,golf ball,jpeg,70,574,golf ball,0.47564929723739624,True,20288,19663,1.0317855871433657,43.49210367691303,0.9916867693707223
imagenette,data/imagenette2-320/val/n03445777/n03445777_8790.JPEG,n03445777,574,golf ball,jpeg,70,574,golf ball,0.7042043209075928,True,13665,13229,1.0329578955325422,42.849875774446424,0.9910066818716349
imagenette,data/imagenette2-320/val/n03445777/n03445777_882.JPEG,n03445777,574,golf ball,jpeg,70,574,golf ball,0.26110148429870605,True,39619,38641,1.025309903987992,38.17901507481863,0.9884520598426129
imagenette,data/imagenette2-320/val/n03445777/n03445777_8820.JPEG,n03445777,574,golf ball,jpeg,70,574,golf ball,0.4479239284992218,True,20854,20178,1.0335018336802457,40.915918621307334,0.9915871460977731
imagenette,data/imagenette2-320/val/n03445777/n03445777_8840.JPEG,n03445777,574,golf ball,jpeg,70,574,golf ball,0.36348840594291687,True,13755,13385,1.0276428838251774,45.780066906686365,0.992108109628833
imagenette,data/imagenette2-320/val/n03445777/n03445777_8842.JPEG,n03445777,574,golf ball,jpeg,70,574,golf ball,0.5590683817863464,True,24121,23467,1.0278689223164443,44.09810344701089,0.9904731452792003
imagenette,data/imagenette2-320/val/n03445777/n03445777_8861.JPEG,n03445777,574,golf ball,jpeg,70,574,golf ball,0.44567370414733887,True,27811,26941,1.0322927879440258,40.271708452596314,0.991662705847118
imagenette,data/imagenette2-320/val/n03445777/n03445777_8971.JPEG,n03445777,574,golf ball,jpeg,70,574,golf ball,0.5310486555099487,True,15784,16379,0.9636729959093961,48.08447835439709,0.994839014612188
imagenette,data/imagenette2-320/val/n03445777/n03445777_8980.JPEG,n03445777,574,golf ball,jpeg,70,574,golf ball,0.5995462536811829,True,15360,15073,1.019040668745439,45.46297422208706,0.9917134723336924
imagenette,data/imagenette2-320/val/n03445777/n03445777_9000.JPEG,n03445777,574,golf ball,jpeg,70,574,golf ball,0.4545917510986328,True,21131,20638,1.0238879736408566,43.30431914553108,0.9879796312370085
imagenette,data/imagenette2-320/val/n03445777/n03445777_9090.JPEG,n03445777,574,golf ball,jpeg,70,574,golf ball,0.8300975561141968,True,25712,25088,1.0248724489795917,42.30505350604878,0.9896491880372053
imagenette,data/imagenette2-320/val/n03445777/n03445777_9102.JPEG,n03445777,574,golf ball,jpeg,70,574,golf ball,0.4788820743560791,True,19546,18913,1.0334690424575688,43.82645454406237,0.9846345023768936
imagenette,data/imagenette2-320/val/n03445777/n03445777_9120.JPEG,n03445777,574,golf ball,jpeg,70,574,golf ball,0.3925442099571228,True,15231,14843,1.026140268139864,45.08972790623035,0.9907442487435323
imagenette,data/imagenette2-320/val/n03445777/n03445777_9151.JPEG,n03445777,574,golf ball,jpeg,70,574,golf ball,0.4840608537197113,True,64536,61925,1.0421639079531693,34.104316027931226,0.9893768447168477
imagenette,data/imagenette2-320/val/n03445777/n03445777_9171.JPEG,n03445777,574,golf ball,jpeg,70,574,golf ball,0.4022108018398285,True,16934,16491,1.0268631374689225,43.48207034350185,0.9923066795950337
imagenette,data/imagenette2-320/val/n03445777/n03445777_9220.JPEG,n03445777,574,golf ball,jpeg,70,574,golf ball,0.5902222394943237,True,19348,18858,1.0259836674090572,43.1309650455982,0.9936222877621401
imagenette,data/imagenette2-320/val/n03445777/n03445777_9270.JPEG,n03445777,574,golf ball,jpeg,70,574,golf ball,0.5178960561752319,True,46922,45096,1.0404913961326947,36.24160812688458,0.9937230066555539
imagenette,data/imagenette2-320/val/n03445777/n03445777_9292.JPEG,n03445777,574,golf ball,jpeg,70,574,golf ball,0.4160865545272827,True,11966,12629,0.9475017816137461,48.88124299022796,0.9882892696571769
imagenette,data/imagenette2-320/val/n03445777/n03445777_9300.JPEG,n03445777,574,golf ball,jpeg,70,574,golf ball,0.35128793120384216,True,9937,9655,1.029207664422579,46.70319585754405,0.9930939043486918
imagenette,data/imagenette2-320/val/n03445777/n03445777_9330.JPEG,n03445777,574,golf ball,jpeg,70,574,golf ball,0.47947654128074646,True,20395,19803,1.0298944604352875,43.905046976189,0.9936237024179316
imagenette,data/imagenette2-320/val/n03445777/n03445777_9340.JPEG,n03445777,574,golf ball,jpeg,70,574,golf ball,0.3657882511615753,True,23539,22623,1.040489767051231,41.19327976765548,0.9855044946919511
imagenette,data/imagenette2-320/val/n03445777/n03445777_9380.JPEG,n03445777,574,golf ball,jpeg,70,574,golf ball,0.46894583106040955,True,13129,12747,1.0299678355691535,45.195913766793225,0.9835063787613709
imagenette,data/imagenette2-320/val/n03445777/n03445777_9381.JPEG,n03445777,574,golf ball,jpeg,70,574,golf ball,0.29992276430130005,True,18344,17804,1.0303302628622781,43.580862179495156,0.993301112932416
imagenette,data/imagenette2-320/val/n03445777/n03445777_9411.JPEG,n03445777,574,golf ball,jpeg,70,574,golf ball,0.6975189447402954,True,42314,40642,1.0411397076915505,36.99723251763801,0.987972487314258
imagenette,data/imagenette2-320/val/n03445777/n03445777_9442.JPEG,n03445777,574,golf ball,jpeg,70,574,golf ball,0.2525063455104828,True,39126,37865,1.033302522118051,40.10968359206382,0.9917237440678329
imagenette,data/imagenette2-320/val/n03445777/n03445777_9552.JPEG,n03445777,574,golf ball,jpeg,70,574,golf ball,0.4108423590660095,True,20632,20047,1.0291814236544121,42.716100108149405,0.9904693130954371
imagenette,data/imagenette2-320/val/n03445777/n03445777_9572.JPEG,n03445777,574,golf ball,jpeg,70,574,golf ball,0.5165789127349854,True,36924,35399,1.0430803130031923,39.46881123686674,0.9887180382339117
imagenette,data/imagenette2-320/val/n03445777/n03445777_9740.JPEG,n03445777,574,golf ball,jpeg,70,574,golf ball,0.507660448551178,True,24173,23442,1.0311833461308761,42.34135394955399,0.9898313873564737
imagenette,data/imagenette2-320/val/n03445777/n03445777_9762.JPEG,n03445777,574,golf ball,jpeg,70,574,golf ball,0.8626039624214172,True,11272,10912,1.032991202346041,44.067570047996554,0.9824849164703086
imagenette,data/imagenette2-320/val/n03445777/n03445777_9771.JPEG,n03445777,574,golf ball,jpeg,70,574,golf ball,0.3863604664802551,True,18606,18007,1.033264841450547,43.251264694046526,0.9916938793047865
imagenette,data/imagenette2-320/val/n03445777/n03445777_980.JPEG,n03445777,574,golf ball,jpeg,70,574,golf ball,0.5795344114303589,True,16045,15628,1.0266828768876375,45.19651621810732,0.9805110361271135
imagenette,data/imagenette2-320/val/n03445777/n03445777_9850.JPEG,n03445777,574,golf ball,jpeg,70,574,golf ball,0.49214687943458557,True,9290,9037,1.0279960163771162,47.1246998726643,0.9960808852800248
imagenette,data/imagenette2-320/val/n03445777/n03445777_9880.JPEG,n03445777,574,golf ball,jpeg,70,574,golf ball,0.6509833931922913,True,8658,9301,0.9308676486399312,48.9634846384008,0.995872150730659
imagenette,data/imagenette2-320/val/n03445777/n03445777_9892.JPEG,n03445777,574,golf ball,jpeg,70,574,golf ball,0.3850284814834595,True,20934,20320,1.0302165354330708,45.03642334236015,0.9933560735496435
imagenette,data/imagenette2-320/val/n03445777/n03445777_9900.JPEG,n03445777,574,golf ball,jpeg,70,574,golf ball,0.3787112236022949,True,20268,19634,1.0322909239075073,42.00618316059174,0.9914176362511132
imagenette,data/imagenette2-320/val/n03445777/n03445777_992.JPEG,n03445777,574,golf ball,jpeg,70,574,golf ball,0.4973287880420685,True,20450,19779,1.033924869811416,44.01970854423481,0.9916782983435867
imagenette,data/imagenette2-320/val/n03445777/n03445777_9921.JPEG,n03445777,574,golf ball,jpeg,70,574,golf ball,0.45239463448524475,True,8265,8071,1.024036674513691,47.186405864192835,0.9721157898868693
imagenette,data/imagenette2-320/val/n03445777/n03445777_9971.JPEG,n03445777,574,golf ball,jpeg,70,574,golf ball,0.48781344294548035,True,13596,13224,1.028130671506352,45.06293110857684,0.990765299122765
imagenette,data/imagenette2-320/val/n03888257/ILSVRC2012_val_00001440.JPEG,n03888257,701,parachute,jpeg,70,701,parachute,0.6082031726837158,True,9029,8680,1.0402073732718895,42.46125487861816,0.9920669503343097
imagenette,data/imagenette2-320/val/n03888257/ILSVRC2012_val_00002990.JPEG,n03888257,701,parachute,jpeg,70,975,lakeside,0.09353864192962646,False,26356,25593,1.0298128394482866,39.44920329466306,0.9898007495244849
imagenette,data/imagenette2-320/val/n03888257/ILSVRC2012_val_00006561.JPEG,n03888257,701,parachute,jpeg,70,701,parachute,0.3604285418987274,True,13831,13194,1.0482795209943914,40.10578981148882,0.9854071116275231
imagenette,data/imagenette2-320/val/n03888257/ILSVRC2012_val_00009370.JPEG,n03888257,701,parachute,jpeg,70,701,parachute,0.5679824948310852,True,18181,17550,1.035954415954416,41.56001062668785,0.9779556460565445
imagenette,data/imagenette2-320/val/n03888257/ILSVRC2012_val_00010460.JPEG,n03888257,701,parachute,jpeg,70,701,parachute,0.481062114238739,True,25863,24877,1.0396350042207663,39.333332392985454,0.9835690705912338
imagenette,data/imagenette2-320/val/n03888257/ILSVRC2012_val_00014381.JPEG,n03888257,701,parachute,jpeg,70,701,parachute,0.4419105648994446,True,16666,16194,1.029146597505249,41.556697165541536,0.9854836107932275
imagenette,data/imagenette2-320/val/n03888257/ILSVRC2012_val_00017020.JPEG,n03888257,701,parachute,jpeg,70,701,parachute,0.4335404932498932,True,19452,18505,1.0511753580113483,36.32757401292167,0.9699711906863687
imagenette,data/imagenette2-320/val/n03888257/ILSVRC2012_val_00024340.JPEG,n03888257,701,parachute,jpeg,70,701,parachute,0.556008517742157,True,16411,15808,1.0381452429149798,39.58533882641417,0.9884239893328811
imagenette,data/imagenette2-320/val/n03888257/ILSVRC2012_val_00025121.JPEG,n03888257,701,parachute,jpeg,70,701,parachute,0.8879776000976562,True,17818,17353,1.0267965193338329,42.81325279315314,0.9928036040960437
imagenette,data/imagenette2-320/val/n03888257/ILSVRC2012_val_00032482.JPEG,n03888257,701,parachute,jpeg,70,701,parachute,0.4570140540599823,True,15457,14895,1.0377307821416584,39.86866739408701,0.986007000518217
imagenette,data/imagenette2-320/val/n03888257/ILSVRC2012_val_00037770.JPEG,n03888257,701,parachute,jpeg,70,701,parachute,0.5722820162773132,True,16143,15310,1.0544088830829523,38.82274114358731,0.9775106603442851
imagenette,data/imagenette2-320/val/n03888257/ILSVRC2012_val_00038942.JPEG,n03888257,701,parachute,jpeg,70,701,parachute,0.3059220016002655,True,19236,18789,1.0237905157272873,43.881075499543726,0.9902371537169886
imagenette,data/imagenette2-320/val/n03888257/ILSVRC2012_val_00042262.JPEG,n03888257,701,parachute,jpeg,70,701,parachute,0.3878679871559143,True,8228,7993,1.0294007256349305,43.85362938762441,0.9954173959768541
imagenette,data/imagenette2-320/val/n03888257/ILSVRC2012_val_00044850.JPEG,n03888257,701,parachute,jpeg,70,701,parachute,0.6568320989608765,True,7762,7402,1.04863550391786,41.18317625638682,0.9739478238107552
imagenette,data/imagenette2-320/val/n03888257/n03888257_10050.JPEG,n03888257,701,parachute,jpeg,70,701,parachute,0.3859788179397583,True,16601,16174,1.0264003956967973,43.358670803573276,0.9890235347690074
imagenette,data/imagenette2-320/val/n03888257/n03888257_10092.JPEG,n03888257,701,parachute,jpeg,70,701,parachute,0.42574384808540344,True,9345,9096,1.0273746701846966,45.17168378859833,0.9954979934352645
imagenette,data/imagenette2-320/val/n03888257/n03888257_10210.JPEG,n03888257,701,parachute,jpeg,70,701,parachute,0.4346996545791626,True,12315,11906,1.034352427347556,43.64213077882561,0.9937455195682524
imagenette,data/imagenette2-320/val/n03888257/n03888257_10271.JPEG,n03888257,701,parachute,jpeg,70,701,parachute,0.4907931387424469,True,8296,8085,1.0260977118119976,45.13341594565425,0.9921608349287324
imagenette,data/imagenette2-320/val/n03888257/n03888257_10341.JPEG,n03888257,701,parachute,jpeg,70,701,parachute,0.4399990439414978,True,35859,34640,1.035190531177829,37.308156511580954,0.9869734387939483
imagenette,data/imagenette2-320/val/n03888257/n03888257_10380.JPEG,n03888257,701,parachute,jpeg,70,701,parachute,0.608976423740387,True,8356,8172,1.0225159079784631,47.24425311185594,0.9933224223368851
imagenette,data/imagenette2-320/val/n03888257/n03888257_10402.JPEG,n03888257,701,parachute,jpeg,70,701,parachute,0.6907845735549927,True,28327,27321,1.036821492624721,40.46613776391595,0.9897740563340275
imagenette,data/imagenette2-320/val/n03888257/n03888257_10661.JPEG,n03888257,701,parachute,jpeg,70,701,parachute,0.7684260010719299,True,13518,13245,1.0206115515288787,45.12552808729802,0.9910163224791692
imagenette,data/imagenette2-320/val/n03888257/n03888257_10680.JPEG,n03888257,701,parachute,jpeg,70,701,parachute,0.4638485312461853,True,19186,18515,1.0362408857682959,39.41024737045078,0.9873470968851841
imagenette,data/imagenette2-320/val/n03888257/n03888257_10721.JPEG,n03888257,701,parachute,jpeg,70,701,parachute,0.5282045602798462,True,17510,16948,1.033160254897333,44.15723115603881,0.9933302447302851
imagenette,data/imagenette2-320/val/n03888257/n03888257_10892.JPEG,n03888257,701,parachute,jpeg,70,701,parachute,0.5109941959381104,True,15076,14677,1.0271853921101042,45.01230423521595,0.9919860086046063
imagenette,data/imagenette2-320/val/n03888257/n03888257_10980.JPEG,n03888257,701,parachute,jpeg,70,701,parachute,0.9024539589881897,True,27914,27020,1.0330866025166543,41.01368305217267,0.9911464823438797
imagenette,data/imagenette2-320/val/n03888257/n03888257_1100.JPEG,n03888257,701,parachute,jpeg,70,701,parachute,0.4956912100315094,True,15804,15429,1.0243048804199884,45.20886016461708,0.9855793723649692
imagenette,data/imagenette2-320/val/n03888257/n03888257_11042.JPEG,n03888257,701,parachute,jpeg,70,701,parachute,0.4045308530330658,True,6462,6316,1.0231158961367954,47.41291013957844,0.9942891979121359
imagenette,data/imagenette2-320/val/n03888257/n03888257_11081.JPEG,n03888257,701,parachute,jpeg,70,701,parachute,0.5909033417701721,True,21903,21314,1.0276344186919395,40.28832617916762,0.9903208431421852
imagenette,data/imagenette2-320/val/n03888257/n03888257_11210.JPEG,n03888257,701,parachute,jpeg,70,701,parachute,0.65096116065979,True,9249,9024,1.024933510638298,46.051309953711915,0.9904362601612505
imagenette,data/imagenette2-320/val/n03888257/n03888257_11222.JPEG,n03888257,701,parachute,jpeg,70,701,parachute,0.40554746985435486,True,9743,9520,1.023424369747899,47.14497394604812,0.9940961279060302
imagenette,data/imagenette2-320/val/n03888257/n03888257_11282.JPEG,n03888257,701,parachute,jpeg,70,701,parachute,0.9407917261123657,True,26639,25991,1.0249317071293909,41.89528909019435,0.9901405434656952
imagenette,data/imagenette2-320/val/n03888257/n03888257_11450.JPEG,n03888257,701,parachute,jpeg,70,701,parachute,0.4145195782184601,True,18763,18288,1.0259733158355206,43.91156418897496,0.990622808464333
imagenette,data/imagenette2-320/val/n03888257/n03888257_11452.JPEG,n03888257,701,parachute,jpeg,70,701,parachute,0.5565423369407654,True,17157,16612,1.03280760895738,42.2086503825469,0.9923509469935993
imagenette,data/imagenette2-320/val/n03888257/n03888257_11491.JPEG,n03888257,701,parachute,jpeg,70,701,parachute,0.517755389213562,True,16880,16276,1.0371098550012288,42.73884632984989,0.9868010961461952
imagenette,data/imagenette2-320/val/n03888257/n03888257_11561.JPEG,n03888257,701,parachute,jpeg,70,701,parachute,0.7084737420082092,True,26823,26131,1.0264819562971184,42.3863786424601,0.9907267459687282
imagenette,data/imagenette2-320/val/n03888257/n03888257_11580.JPEG,n03888257,701,parachute,jpeg,70,701,parachute,0.49512237310409546,True,16305,15771,1.033859615750428,41.79862423882874,0.98334303737738
imagenette,data/imagenette2-320/val/n03888257/n03888257_1171.JPEG,n03888257,701,parachute,jpeg,70,701,parachute,0.5793111324310303,True,17998,17579,1.0238352579782695,45.07852651117071,0.9919659627001893
imagenette,data/imagenette2-320/val/n03888257/n03888257_11730.JPEG,n03888257,701,parachute,jpeg,70,701,parachute,0.4263623356819153,True,24746,23743,1.0422440298193152,37.97127775916921,0.9769223135778726
imagenette,data/imagenette2-320/val/n03888257/n03888257_11802.JPEG,n03888257,701,parachute,jpeg,70,701,parachute,0.4768029451370239,True,10893,10427,1.0446916658674594,38.983336227641146,0.9871381047536857
imagenette,data/imagenette2-320/val/n03888257/n03888257_11901.JPEG,n03888257,701,parachute,jpeg,70,701,parachute,0.9134172201156616,True,29911,29094,1.028081391352169,41.640947402683935,0.9912787190311395
imagenette,data/imagenette2-320/val/n03888257/n03888257_11912.JPEG,n03888257,701,parachute,jpeg,70,179,Staffordshire bullterrier,0.07375337928533554,False,16507,16140,1.0227385377943,45.03597746064208,0.9911603804292702
imagenette,data/imagenette2-320/val/n03888257/n03888257_11931.JPEG,n03888257,701,parachute,jpeg,70,701,parachute,0.8012913465499878,True,25672,24874,1.0320816917263005,41.78779814201532,0.9902888972166837
imagenette,data/imagenette2-320/val/n03888257/n03888257_12.JPEG,n03888257,701,parachute,jpeg,70,701,parachute,0.4973267912864685,True,16110,15667,1.0282759941277846,45.26232966421184,0.9919212862368373
imagenette,data/imagenette2-320/val/n03888257/n03888257_12070.JPEG,n03888257,701,parachute,jpeg,70,701,parachute,0.2344769835472107,True,17437,16926,1.0301902398676592,43.39152892295324,0.9911695214810381
imagenette,data/imagenette2-320/val/n03888257/n03888257_121.JPEG,n03888257,701,parachute,jpeg,70,701,parachute,0.4774230122566223,True,6728,6596,1.0200121285627652,46.29990560104153,0.9962055751731521
imagenette,data/imagenette2-320/val/n03888257/n03888257_12212.JPEG,n03888257,701,parachute,jpeg,70,819,stage,0.05117453262209892,False,22048,21378,1.0313406305547759,41.57517401177717,0.9900084964858706
imagenette,data/imagenette2-320/val/n03888257/n03888257_1222.JPEG,n03888257,701,parachute,jpeg,70,701,parachute,0.6265133023262024,True,9720,9483,1.024992091110408,45.645742625288115,0.9951034834450602
imagenette,data/imagenette2-320/val/n03888257/n03888257_12301.JPEG,n03888257,701,parachute,jpeg,70,701,parachute,0.32697927951812744,True,9914,9680,1.0241735537190082,47.41264149680076,0.9870452234689716
imagenette,data/imagenette2-320/val/n03888257/n03888257_12331.JPEG,n03888257,701,parachute,jpeg,70,701,parachute,0.3539145290851593,True,18422,17708,1.0403207589789925,40.12060551353635,0.983935859031046
imagenette,data/imagenette2-320/val/n03888257/n03888257_12400.JPEG,n03888257,701,parachute,jpeg,70,701,parachute,0.36796361207962036,True,6762,6611,1.022840720012101,48.40898444964388,0.9956735136011255
imagenette,data/imagenette2-320/val/n03888257/n03888257_12401.JPEG,n03888257,701,parachute,jpeg,70,701,parachute,0.3405677378177643,True,38913,37735,1.031217702398304,39.51136482201751,0.9912498974681743
imagenette,data/imagenette2-320/val/n03888257/n03888257_12491.JPEG,n03888257,701,parachute,jpeg,70,701,parachute,0.8820135593414307,True,9237,8983,1.028275631748859,45.97683445857068,0.9929306636539144
imagenette,data/imagenette2-320/val/n03888257/n03888257_12501.JPEG,n03888257,701,parachute,jpeg,70,171,Italian greyhound,0.06758367270231247,False,23856,23212,1.0277442702050663,43.08791837814897,0.9906788737450795
imagenette,data/imagenette2-320/val/n03888257/n03888257_1251.JPEG,n03888257,701,parachute,jpeg,70,701,parachute,0.4256894290447235,True,16132,15601,1.0340362797256586,43.63679707746246,0.9844837815773024
imagenette,data/imagenette2-320/val/n03888257/n03888257_12560.JPEG,n03888257,701,parachute,jpeg,70,701,parachute,0.7124102711677551,True,25047,24285,1.0313773934527486,43.007993354067615,0.9891191321127093
imagenette,data/imagenette2-320/val/n03888257/n03888257_12641.JPEG,n03888257,701,parachute,jpeg,70,895,warplane,0.2413768172264099,False,20533,19994,1.0269580874262279,42.90804969433232,0.9899877643507127
imagenette,data/imagenette2-320/val/n03888257/n03888257_12752.JPEG,n03888257,701,parachute,jpeg,70,701,parachute,0.36537694931030273,True,10976,10645,1.0310944105213715,44.62878206673527,0.994103246745837
imagenette,data/imagenette2-320/val/n03888257/n03888257_12801.JPEG,n03888257,701,parachute,jpeg,70,701,parachute,0.30374595522880554,True,13673,13331,1.0256544895356687,45.172885556185946,0.9925784460560033
imagenette,data/imagenette2-320/val/n03888257/n03888257_12811.JPEG,n03888257,701,parachute,jpeg,70,701,parachute,0.06727622449398041,True,26791,25870,1.0356010823347506,40.11958049316856,0.9906764976151471
imagenette,data/imagenette2-320/val/n03888257/n03888257_12831.JPEG,n03888257,701,parachute,jpeg,70,701,parachute,0.44459256529808044,True,19547,19092,1.0238319715063902,43.477553814008225,0.9850068154065331
imagenette,data/imagenette2-320/val/n03888257/n03888257_12842.JPEG,n03888257,701,parachute,jpeg,70,701,parachute,0.465424120426178,True,8913,8731,1.0208452640018326,46.702744479908844,0.9899117341454478
imagenette,data/imagenette2-320/val/n03888257/n03888257_12900.JPEG,n03888257,701,parachute,jpeg,70,701,parachute,0.37928667664527893,True,14000,13681,1.0233170089905708,46.08028192073462,0.9924940576746897
imagenette,data/imagenette2-320/val/n03888257/n03888257_1291.JPEG,n03888257,701,parachute,jpeg,70,701,parachute,0.41810983419418335,True,11536,11253,1.02514884919577,45.441515384352975,0.9912586610227052
imagenette,data/imagenette2-320/val/n03888257/n03888257_13072.JPEG,n03888257,701,parachute,jpeg,70,701,parachute,0.5102387070655823,True,41356,40210,1.0285003730415319,38.417770240188574,0.9904177691373555
imagenette,data/imagenette2-320/val/n03888257/n03888257_13100.JPEG,n03888257,701,parachute,jpeg,70,701,parachute,0.5507151484489441,True,14621,14171,1.0317549925905016,42.69619697743085,0.9928026179492456
imagenette,data/imagenette2-320/val/n03888257/n03888257_13242.JPEG,n03888257,701,parachute,jpeg,70,701,parachute,0.45802050828933716,True,11109,10844,1.0244374769457765,44.937421700802,0.9901208571087392
imagenette,data/imagenette2-320/val/n03888257/n03888257_13290.JPEG,n03888257,701,parachute,jpeg,70,701,parachute,0.811603844165802,True,19086,18658,1.0229392217815414,44.11740786322979,0.9931863435455162
imagenette,data/imagenette2-320/val/n03888257/n03888257_13321.JPEG,n03888257,701,parachute,jpeg,70,701,parachute,0.9060670733451843,True,28212,27351,1.031479653394757,40.69577911473981,0.9905598719574429
imagenette,data/imagenette2-320/val/n03888257/n03888257_13410.JPEG,n03888257,701,parachute,jpeg,70,701,parachute,0.4761068820953369,True,14086,13421,1.0495492139184859,38.9897248551797,0.9851548518095538
imagenette,data/imagenette2-320/val/n03888257/n03888257_13600.JPEG,n03888257,701,parachute,jpeg,70,701,parachute,0.3404325842857361,True,11908,11548,1.0311742293037756,44.783426307298356,0.9927641700132156
imagenette,data/imagenette2-320/val/n03888257/n03888257_13681.JPEG,n03888257,701,parachute,jpeg,70,701,parachute,0.8466717600822449,True,24286,23614,1.0284576945879562,41.71486843028028,0.9913164624461247
imagenette,data/imagenette2-320/val/n03888257/n03888257_13790.JPEG,n03888257,701,parachute,jpeg,70,701,parachute,0.33737480640411377,True,14765,14237,1.037086464845122,39.3832909529599,0.9841382312405179
imagenette,data/imagenette2-320/val/n03888257/n03888257_14090.JPEG,n03888257,701,parachute,jpeg,70,701,parachute,0.6634286642074585,True,8582,8369,1.02545106942287,44.93425898130582,0.9946989611099707
imagenette,data/imagenette2-320/val/n03888257/n03888257_142.JPEG,n03888257,701,parachute,jpeg,70,701,parachute,0.3688993453979492,True,17891,17533,1.0204186391376262,45.10072604529614,0.9916135252392492
imagenette,data/imagenette2-320/val/n03888257/n03888257_1421.JPEG,n03888257,701,parachute,jpeg,70,701,parachute,0.4459608197212219,True,17212,16786,1.0253782914333374,44.42123203895917,0.9922079962009073
imagenette,data/imagenette2-320/val/n03888257/n03888257_1430.JPEG,n03888257,701,parachute,jpeg,70,701,parachute,0.48790645599365234,True,12079,11792,1.0243385345997287,46.301054686828394,0.9935547064455218
imagenette,data/imagenette2-320/val/n03888257/n03888257_14472.JPEG,n03888257,701,parachute,jpeg,70,701,parachute,0.5236701369285583,True,11471,11121,1.0314719899289633,43.35520035453003,0.9897215809825166
imagenette,data/imagenette2-320/val/n03888257/n03888257_14530.JPEG,n03888257,701,parachute,jpeg,70,701,parachute,0.3624722957611084,True,14770,14367,1.0280503932623373,45.02653455524359,0.9934356620377502
imagenette,data/imagenette2-320/val/n03888257/n03888257_14901.JPEG,n03888257,701,parachute,jpeg,70,701,parachute,0.5970522165298462,True,34524,33334,1.0356992860142797,38.384872704181,0.9876244980330756
imagenette,data/imagenette2-320/val/n03888257/n03888257_15312.JPEG,n03888257,701,parachute,jpeg,70,701,parachute,0.4329260587692261,True,9897,9574,1.0337372049300189,43.2742207893266,0.9909820194681102
imagenette,data/imagenette2-320/val/n03888257/n03888257_15382.JPEG,n03888257,701,parachute,jpeg,70,701,parachute,0.43145838379859924,True,15459,14984,1.0317004805125467,41.79159336121763,0.9870283890447832
imagenette,data/imagenette2-320/val/n03888257/n03888257_15491.JPEG,n03888257,701,parachute,jpeg,70,701,parachute,0.5131793022155762,True,14174,13828,1.0250216951113682,45.475771230922525,0.990507076361733
imagenette,data/imagenette2-320/val/n03888257/n03888257_15840.JPEG,n03888257,701,parachute,jpeg,70,701,parachute,0.4224216043949127,True,16679,16175,1.031159196290572,42.653679289012764,0.991692722971273
imagenette,data/imagenette2-320/val/n03888257/n03888257_16081.JPEG,n03888257,701,parachute,jpeg,70,701,parachute,0.3318788707256317,True,11921,11584,1.0290918508287292,44.9932250017105,0.9943529589770531
imagenette,data/imagenette2-320/val/n03888257/n03888257_16112.JPEG,n03888257,701,parachute,jpeg,70,701,parachute,0.34411734342575073,True,28815,27250,1.0574311926605504,37.08841610516715,0.9588841236024409
imagenette,data/imagenette2-320/val/n03888257/n03888257_16211.JPEG,n03888257,701,parachute,jpeg,70,970,alp,0.1425013542175293,False,10519,10294,1.021857392655916,46.73117250144385,0.9929376295806134
imagenette,data/imagenette2-320/val/n03888257/n03888257_16542.JPEG,n03888257,701,parachute,jpeg,70,701,parachute,0.5601825714111328,True,9859,9577,1.0294455466221155,45.46632141922374,0.9942200495967431
imagenette,data/imagenette2-320/val/n03888257/n03888257_16741.JPEG,n03888257,701,parachute,jpeg,70,701,parachute,0.550650417804718,True,22536,21774,1.0349958666299257,41.05376964497473,0.9875850819259681
imagenette,data/imagenette2-320/val/n03888257/n03888257_16912.JPEG,n03888257,701,parachute,jpeg,70,701,parachute,0.8172934651374817,True,23407,22285,1.0503477675566524,36.84384708055253,0.9687201906240283
imagenette,data/imagenette2-320/val/n03888257/n03888257_16991.JPEG,n03888257,701,parachute,jpeg,70,701,parachute,0.3840199112892151,True,25652,24734,1.0371149025632733,43.07996361113632,0.9895502819923627
imagenette,data/imagenette2-320/val/n03888257/n03888257_17031.JPEG,n03888257,701,parachute,jpeg,70,978,seashore,0.24800829589366913,False,16614,16175,1.0271406491499226,43.47654669909146,0.9895533224498928
imagenette,data/imagenette2-320/val/n03888257/n03888257_171.JPEG,n03888257,701,parachute,jpeg,70,701,parachute,0.5922178030014038,True,13448,13139,1.0235177715199026,45.16672430608097,0.9874418255171326
imagenette,data/imagenette2-320/val/n03888257/n03888257_17340.JPEG,n03888257,701,parachute,jpeg,70,701,parachute,0.6781198978424072,True,22047,21500,1.0254418604651163,42.33697804728877,0.9917516118980222
imagenette,data/imagenette2-320/val/n03888257/n03888257_17380.JPEG,n03888257,701,parachute,jpeg,70,701,parachute,0.43479302525520325,True,13070,12625,1.0352475247524753,42.20363104908855,0.9916750411214706
imagenette,data/imagenette2-320/val/n03888257/n03888257_17421.JPEG,n03888257,701,parachute,jpeg,70,701,parachute,0.4861489534378052,True,6774,6598,1.0266747499242195,46.690325299876896,0.9959294620270739
imagenette,data/imagenette2-320/val/n03888257/n03888257_17542.JPEG,n03888257,701,parachute,jpeg,70,701,parachute,0.5532964468002319,True,27515,26588,1.0348653527907326,40.6223109241121,0.992586779593491
imagenette,data/imagenette2-320/val/n03888257/n03888257_17641.JPEG,n03888257,701,parachute,jpeg,70,701,parachute,0.2971038818359375,True,8426,8067,1.0445022932936656,41.51939017484637,0.9951642839713415
imagenette,data/imagenette2-320/val/n03888257/n03888257_17690.JPEG,n03888257,701,parachute,jpeg,70,701,parachute,0.7189691066741943,True,12733,12377,1.0287630281974631,44.480728186026106,0.9913556747324357
imagenette,data/imagenette2-320/val/n03888257/n03888257_17801.JPEG,n03888257,701,parachute,jpeg,70,701,parachute,0.5275769829750061,True,13254,12900,1.0274418604651163,45.27067703385718,0.9939734946114892
imagenette,data/imagenette2-320/val/n03888257/n03888257_17851.JPEG,n03888257,701,parachute,jpeg,70,701,parachute,0.38329824805259705,True,33493,32354,1.0352043024046487,38.133130961462065,0.9874536858664472
imagenette,data/imagenette2-320/val/n03888257/n03888257_17872.JPEG,n03888257,701,parachute,jpeg,70,701,parachute,0.76372891664505,True,32464,31602,1.0272767546357826,40.301415753281404,0.9910528338899626
imagenette,data/imagenette2-320/val/n03888257/n03888257_17970.JPEG,n03888257,701,parachute,jpeg,70,701,parachute,0.5104417204856873,True,13659,13323,1.0252195451474893,46.21459374482038,0.9920039128150169
imagenette,data/imagenette2-320/val/n03888257/n03888257_18002.JPEG,n03888257,701,parachute,jpeg,70,701,parachute,0.5941900610923767,True,17320,16596,1.0436249698722584,41.79355231311581,0.9854841772438507
imagenette,data/imagenette2-320/val/n03888257/n03888257_18031.JPEG,n03888257,701,parachute,jpeg,70,977,sandbar,0.5956995487213135,False,25308,24582,1.029533805223334,42.08046683868773,0.9929229525888944
imagenette,data/imagenette2-320/val/n03888257/n03888257_18052.JPEG,n03888257,701,parachute,jpeg,70,701,parachute,0.7526825666427612,True,22983,22213,1.034664385720074,39.87774200191793,0.9815215685387497
imagenette,data/imagenette2-320/val/n03888257/n03888257_18181.JPEG,n03888257,701,parachute,jpeg,70,701,parachute,0.4208613336086273,True,26266,25184,1.042963786531131,37.47737285438214,0.9857542308457193
imagenette,data/imagenette2-320/val/n03888257/n03888257_18360.JPEG,n03888257,701,parachute,jpeg,70,701,parachute,0.6896964907646179,True,11212,10930,1.0258005489478499,45.24364477527412,0.9928397749932555
imagenette,data/imagenette2-320/val/n03888257/n03888257_18382.JPEG,n03888257,701,parachute,jpeg,70,701,parachute,0.2768615782260895,True,11336,11058,1.0251401700126606,47.00702523243721,0.9943578893378132
imagenette,data/imagenette2-320/val/n03888257/n03888257_18441.JPEG,n03888257,701,parachute,jpeg,70,701,parachute,0.29090428352355957,True,10108,9805,1.0309026007139215,45.65193618933656,0.9965511733789434
imagenette,data/imagenette2-320/val/n03888257/n03888257_18560.JPEG,n03888257,701,parachute,jpeg,70,701,parachute,0.6854487061500549,True,13419,13049,1.0283546631925817,43.90027293423189,0.9910275572237799
imagenette,data/imagenette2-320/val/n03888257/n03888257_18742.JPEG,n03888257,701,parachute,jpeg,70,701,parachute,0.45480453968048096,True,14508,14112,1.028061224489796,43.644417372045716,0.9915143005573338
imagenette,data/imagenette2-320/val/n03888257/n03888257_18921.JPEG,n03888257,701,parachute,jpeg,70,701,parachute,0.2252405881881714,True,10185,9948,1.0238238841978287,45.773063769086576,0.9882097321375154
imagenette,data/imagenette2-320/val/n03888257/n03888257_19162.JPEG,n03888257,701,parachute,jpeg,70,701,parachute,0.823788583278656,True,25900,25098,1.0319547374292772,42.11256524810879,0.9913368887098888
imagenette,data/imagenette2-320/val/n03888257/n03888257_19211.JPEG,n03888257,701,parachute,jpeg,70,701,parachute,0.2481052428483963,True,24362,23722,1.0269791754489503,42.00160341268792,0.9898930003986228
imagenette,data/imagenette2-320/val/n03888257/n03888257_19260.JPEG,n03888257,701,parachute,jpeg,70,701,parachute,0.4097612500190735,True,6920,6672,1.0371702637889688,43.31008659477486,0.9949292758829156
imagenette,data/imagenette2-320/val/n03888257/n03888257_19451.JPEG,n03888257,701,parachute,jpeg,70,701,parachute,0.38231703639030457,True,6280,6151,1.0209721996423347,49.380106019708464,0.9960879865259908
imagenette,data/imagenette2-320/val/n03888257/n03888257_19462.JPEG,n03888257,701,parachute,jpeg,70,701,parachute,0.4540043771266937,True,7976,7704,1.035306334371755,42.37034702455864,0.9907867837067533
imagenette,data/imagenette2-320/val/n03888257/n03888257_19471.JPEG,n03888257,701,parachute,jpeg,70,701,parachute,0.37874606251716614,True,22189,21545,1.0298909259689022,41.18157500759064,0.9897515505377474
imagenette,data/imagenette2-320/val/n03888257/n03888257_19531.JPEG,n03888257,701,parachute,jpeg,70,701,parachute,0.8912886381149292,True,17689,17285,1.023372866647382,45.28413157551395,0.9930570902198045
imagenette,data/imagenette2-320/val/n03888257/n03888257_19570.JPEG,n03888257,701,parachute,jpeg,70,701,parachute,0.5283153653144836,True,7075,6944,1.0188652073732718,50.35452501777047,0.9965807443881096
imagenette,data/imagenette2-320/val/n03888257/n03888257_19580.JPEG,n03888257,701,parachute,jpeg,70,701,parachute,0.7107945084571838,True,26425,25863,1.0217298843908287,42.993470163495495,0.990182246459094
imagenette,data/imagenette2-320/val/n03888257/n03888257_19702.JPEG,n03888257,701,parachute,jpeg,70,701,parachute,0.4856264889240265,True,9879,9652,1.0235184417737258,46.48804321306423,0.9917840622837021
imagenette,data/imagenette2-320/val/n03888257/n03888257_19792.JPEG,n03888257,701,parachute,jpeg,70,701,parachute,0.41906610131263733,True,9150,8942,1.023261015432789,47.08732946489729,0.9935168782618046
imagenette,data/imagenette2-320/val/n03888257/n03888257_19830.JPEG,n03888257,701,parachute,jpeg,70,701,parachute,0.46998220682144165,True,6911,6754,1.0232454841575362,47.224007379401726,0.9950363231733982
imagenette,data/imagenette2-320/val/n03888257/n03888257_19921.JPEG,n03888257,701,parachute,jpeg,70,701,parachute,0.4880716800689697,True,5532,5415,1.021606648199446,48.92811608990846,0.9970572286371423
imagenette,data/imagenette2-320/val/n03888257/n03888257_19960.JPEG,n03888257,701,parachute,jpeg,70,701,parachute,0.4218749403953552,True,9141,8909,1.0260410820518577,47.44374277426461,0.9955613579366092
imagenette,data/imagenette2-320/val/n03888257/n03888257_20012.JPEG,n03888257,701,parachute,jpeg,70,701,parachute,0.6585632562637329,True,11638,11338,1.0264596930675605,45.37121051312941,0.9878474782587955
imagenette,data/imagenette2-320/val/n03888257/n03888257_20151.JPEG,n03888257,701,parachute,jpeg,70,701,parachute,0.7185758948326111,True,32767,31752,1.0319664902998236,40.509826628505714,0.9910085801377712
imagenette,data/imagenette2-320/val/n03888257/n03888257_20300.JPEG,n03888257,701,parachute,jpeg,70,701,parachute,0.39793169498443604,True,10273,10004,1.026889244302279,42.233670493531406,0.9860140075791071
imagenette,data/imagenette2-320/val/n03888257/n03888257_20352.JPEG,n03888257,701,parachute,jpeg,70,701,parachute,0.6085088849067688,True,9515,9297,1.0234484242228676,45.04045292169426,0.9921352634959253
imagenette,data/imagenette2-320/val/n03888257/n03888257_20450.JPEG,n03888257,701,parachute,jpeg,70,701,parachute,0.324060320854187,True,17691,17213,1.0277697089409168,43.718869207225346,0.99324362383777
imagenette,data/imagenette2-320/val/n03888257/n03888257_20572.JPEG,n03888257,701,parachute,jpeg,70,701,parachute,0.28957781195640564,True,9559,9311,1.0266351627107722,44.70388468532118,0.9914918618891275
imagenette,data/imagenette2-320/val/n03888257/n03888257_21150.JPEG,n03888257,701,parachute,jpeg,70,701,parachute,0.40479913353919983,True,14499,14098,1.0284437508866506,45.04826953434895,0.9919031033471937
imagenette,data/imagenette2-320/val/n03888257/n03888257_21201.JPEG,n03888257,701,parachute,jpeg,70,701,parachute,0.17514489591121674,True,9208,8962,1.0274492300825708,45.35495517425902,0.9938974425110088
imagenette,data/imagenette2-320/val/n03888257/n03888257_2122.JPEG,n03888257,701,parachute,jpeg,70,701,parachute,0.3511559069156647,True,14165,13797,1.0266724650286294,43.59629846650109,0.9918170068694572
imagenette,data/imagenette2-320/val/n03888257/n03888257_21432.JPEG,n03888257,701,parachute,jpeg,70,701,parachute,0.4337642788887024,True,12845,12438,1.0327223026210002,43.62817262090735,0.9923132571843185
imagenette,data/imagenette2-320/val/n03888257/n03888257_21552.JPEG,n03888257,701,parachute,jpeg,70,701,parachute,0.6751662492752075,True,30267,29149,1.0383546605372398,39.012056059047424,0.984801892537931
imagenette,data/imagenette2-320/val/n03888257/n03888257_21651.JPEG,n03888257,701,parachute,jpeg,70,701,parachute,0.3140949308872223,True,9709,9436,1.0289317507418398,44.77979292990959,0.9944198538970559
imagenette,data/imagenette2-320/val/n03888257/n03888257_21912.JPEG,n03888257,701,parachute,jpeg,70,701,parachute,0.41379427909851074,True,21936,21395,1.0252862818415518,43.82777763357757,0.9919824264223415
imagenette,data/imagenette2-320/val/n03888257/n03888257_21932.JPEG,n03888257,701,parachute,jpeg,70,701,parachute,0.656166136264801,True,29164,28254,1.0322078289799674,42.104481756866974,0.9906381522507108
imagenette,data/imagenette2-320/val/n03888257/n03888257_22061.JPEG,n03888257,701,parachute,jpeg,70,701,parachute,0.7249252796173096,True,47982,46141,1.0398994386770986,37.06945388254966,0.9861087375746598
imagenette,data/imagenette2-320/val/n03888257/n03888257_22211.JPEG,n03888257,701,parachute,jpeg,70,701,parachute,0.6815578937530518,True,15730,15447,1.0183207095228848,45.79585188624407,0.9923425221458877
imagenette,data/imagenette2-320/val/n03888257/n03888257_22212.JPEG,n03888257,701,parachute,jpeg,70,701,parachute,0.5241928100585938,True,10442,10156,1.0281606931862939,43.716969700213895,0.9876777421939446
imagenette,data/imagenette2-320/val/n03888257/n03888257_2222.JPEG,n03888257,701,parachute,jpeg,70,701,parachute,0.5261437892913818,True,18632,18160,1.0259911894273128,42.49563740820861,0.9880169174840088
imagenette,data/imagenette2-320/val/n03888257/n03888257_22302.JPEG,n03888257,701,parachute,jpeg,70,701,parachute,0.5840653777122498,True,13717,13332,1.028877887788779,43.796747438694226,0.9929053240928857
imagenette,data/imagenette2-320/val/n03888257/n03888257_22330.JPEG,n03888257,701,parachute,jpeg,70,701,parachute,0.6393247842788696,True,15634,15237,1.0260549977029598,45.97966783152338,0.9911569897467545
imagenette,data/imagenette2-320/val/n03888257/n03888257_22540.JPEG,n03888257,701,parachute,jpeg,70,701,parachute,0.4064874053001404,True,13089,12756,1.0261053621825023,45.65488363354533,0.9917862202583606
imagenette,data/imagenette2-320/val/n03888257/n03888257_22972.JPEG,n03888257,701,parachute,jpeg,70,701,parachute,0.5477138757705688,True,7444,7290,1.0211248285322359,47.21268430649488,0.9964327694943703
imagenette,data/imagenette2-320/val/n03888257/n03888257_23192.JPEG,n03888257,701,parachute,jpeg,70,701,parachute,0.4690822958946228,True,11030,10702,1.0306484769202018,44.39380345823041,0.9903547452632692
imagenette,data/imagenette2-320/val/n03888257/n03888257_23350.JPEG,n03888257,701,parachute,jpeg,70,701,parachute,0.5615880489349365,True,14977,14603,1.0256111757857975,44.89162241277617,0.9901290805564678
imagenette,data/imagenette2-320/val/n03888257/n03888257_23372.JPEG,n03888257,701,parachute,jpeg,70,701,parachute,0.5930643081665039,True,10547,10294,1.0245774237419856,44.71099833159961,0.9900076210245902
imagenette,data/imagenette2-320/val/n03888257/n03888257_23421.JPEG,n03888257,701,parachute,jpeg,70,701,parachute,0.4337078928947449,True,15813,15389,1.0275521476379232,44.644131578755115,0.9894318869843378
imagenette,data/imagenette2-320/val/n03888257/n03888257_23571.JPEG,n03888257,701,parachute,jpeg,70,701,parachute,0.6798086762428284,True,9408,9207,1.0218312153796025,45.69164505069027,0.9895019369067327
imagenette,data/imagenette2-320/val/n03888257/n03888257_23680.JPEG,n03888257,701,parachute,jpeg,70,701,parachute,0.3435910940170288,True,8749,8539,1.02459304368193,46.32678522888351,0.9924697655828766
imagenette,data/imagenette2-320/val/n03888257/n03888257_23801.JPEG,n03888257,701,parachute,jpeg,70,701,parachute,0.5096839070320129,True,5015,4925,1.0182741116751268,49.488750893650334,0.9954099747237368
imagenette,data/imagenette2-320/val/n03888257/n03888257_24470.JPEG,n03888257,701,parachute,jpeg,70,701,parachute,0.39197638630867004,True,13022,12509,1.041010472459829,40.827256573344144,0.9889516635246153
imagenette,data/imagenette2-320/val/n03888257/n03888257_25150.JPEG,n03888257,701,parachute,jpeg,70,701,parachute,0.6090494990348816,True,21615,20998,1.0293837508334127,42.08674714718561,0.9877787710613948
imagenette,data/imagenette2-320/val/n03888257/n03888257_2520.JPEG,n03888257,701,parachute,jpeg,70,701,parachute,0.5450141429901123,True,14508,14057,1.0320836593867824,43.6781906497929,0.9870587874101955
imagenette,data/imagenette2-320/val/n03888257/n03888257_25420.JPEG,n03888257,701,parachute,jpeg,70,701,parachute,0.46395331621170044,True,10439,10124,1.0311141841169498,42.50113901623908,0.991579791906501
imagenette,data/imagenette2-320/val/n03888257/n03888257_25460.JPEG,n03888257,701,parachute,jpeg,70,701,parachute,0.5070326328277588,True,9796,9527,1.0282355410937336,45.462852780316894,0.9951967287939439
imagenette,data/imagenette2-320/val/n03888257/n03888257_25611.JPEG,n03888257,701,parachute,jpeg,70,701,parachute,0.3586580157279968,True,10536,10285,1.0244044725328147,45.96944773803196,0.9916325141104929
imagenette,data/imagenette2-320/val/n03888257/n03888257_25810.JPEG,n03888257,701,parachute,jpeg,70,701,parachute,0.5751436948776245,True,26048,25282,1.0302982358990587,39.522379983302926,0.9925365887133238
imagenette,data/imagenette2-320/val/n03888257/n03888257_26182.JPEG,n03888257,701,parachute,jpeg,70,701,parachute,0.5703201293945312,True,7083,6867,1.0314547837483616,43.667658355568825,0.9959349888914475
imagenette,data/imagenette2-320/val/n03888257/n03888257_26651.JPEG,n03888257,701,parachute,jpeg,70,701,parachute,0.4929463565349579,True,8638,8394,1.029068382177746,45.03974354420659,0.9963431920867136
imagenette,data/imagenette2-320/val/n03888257/n03888257_26672.JPEG,n03888257,701,parachute,jpeg,70,701,parachute,0.1992102861404419,True,18967,18376,1.0321615150195909,41.76517036577288,0.9917766340869646
imagenette,data/imagenette2-320/val/n03888257/n03888257_26931.JPEG,n03888257,701,parachute,jpeg,70,701,parachute,0.5588565468788147,True,12950,12427,1.042085780960811,41.171967965354135,0.9920072009528244
imagenette,data/imagenette2-320/val/n03888257/n03888257_27102.JPEG,n03888257,701,parachute,jpeg,70,701,parachute,0.412130206823349,True,8976,8738,1.027237354085603,46.27820665291171,0.9915872748071007
imagenette,data/imagenette2-320/val/n03888257/n03888257_2740.JPEG,n03888257,701,parachute,jpeg,70,701,parachute,0.34236377477645874,True,27885,27037,1.0313644265266118,45.68547647425888,0.9937435021899019
imagenette,data/imagenette2-320/val/n03888257/n03888257_2760.JPEG,n03888257,701,parachute,jpeg,70,701,parachute,0.3456989824771881,True,17183,16688,1.0296620325982742,40.64920249629516,0.9847379808482449
imagenette,data/imagenette2-320/val/n03888257/n03888257_27671.JPEG,n03888257,701,parachute,jpeg,70,701,parachute,0.10640958696603775,True,11245,10941,1.0277853943880815,43.89238201599224,0.9949176398920168
imagenette,data/imagenette2-320/val/n03888257/n03888257_2791.JPEG,n03888257,701,parachute,jpeg,70,701,parachute,0.47141069173812866,True,13257,12903,1.027435480120902,42.007281640859205,0.9812822768747349
imagenette,data/imagenette2-320/val/n03888257/n03888257_28011.JPEG,n03888257,701,parachute,jpeg,70,701,parachute,0.5339124798774719,True,9456,9148,1.0336685614341932,43.73474947753651,0.9962328581617204
imagenette,data/imagenette2-320/val/n03888257/n03888257_28352.JPEG,n03888257,701,parachute,jpeg,70,701,parachute,0.8445372581481934,True,18381,17812,1.0319447563440378,43.84538341242585,0.9905903554273517
imagenette,data/imagenette2-320/val/n03888257/n03888257_28482.JPEG,n03888257,701,parachute,jpeg,70,701,parachute,0.38767722249031067,True,9765,9456,1.0326776649746192,43.165939642367306,0.9923224167155649
imagenette,data/imagenette2-320/val/n03888257/n03888257_28581.JPEG,n03888257,701,parachute,jpeg,70,701,parachute,0.6220642328262329,True,35300,33959,1.0394887953119938,37.52273124734799,0.9861315373689651
imagenette,data/imagenette2-320/val/n03888257/n03888257_28610.JPEG,n03888257,701,parachute,jpeg,70,701,parachute,0.10873649269342422,True,22553,21679,1.0403155127081507,38.407266849095436,0.9891485287583214
imagenette,data/imagenette2-320/val/n03888257/n03888257_29050.JPEG,n03888257,701,parachute,jpeg,70,701,parachute,0.7417628169059753,True,17818,17219,1.0347871537255358,42.036328746989746,0.9910745243625302
imagenette,data/imagenette2-320/val/n03888257/n03888257_29090.JPEG,n03888257,701,parachute,jpeg,70,701,parachute,0.6067472696304321,True,11038,10706,1.0310106482346348,45.59386547082464,0.9944631232901925
imagenette,data/imagenette2-320/val/n03888257/n03888257_29170.JPEG,n03888257,701,parachute,jpeg,70,701,parachute,0.4444657266139984,True,11473,11120,1.0317446043165468,42.78446397513565,0.9904737636363797
imagenette,data/imagenette2-320/val/n03888257/n03888257_29191.JPEG,n03888257,701,parachute,jpeg,70,701,parachute,0.4563142955303192,True,10873,10455,1.0399808703969393,40.99568518509799,0.9918011352059452
imagenette,data/imagenette2-320/val/n03888257/n03888257_29201.JPEG,n03888257,701,parachute,jpeg,70,701,parachute,0.5694968104362488,True,23283,22603,1.030084502057249,40.41697160721904,0.9919524692906799
imagenette,data/imagenette2-320/val/n03888257/n03888257_29390.JPEG,n03888257,701,parachute,jpeg,70,701,parachute,0.44870999455451965,True,18553,17859,1.0388599585643092,40.298196031833314,0.9851992595069946
imagenette,data/imagenette2-320/val/n03888257/n03888257_29500.JPEG,n03888257,701,parachute,jpeg,70,701,parachute,0.2249494045972824,True,36972,36921,1.001381327699683,40.010169641512014,0.9927033513777938
imagenette,data/imagenette2-320/val/n03888257/n03888257_29512.JPEG,n03888257,701,parachute,jpeg,70,701,parachute,0.6044763326644897,True,7384,7242,1.0196078431372548,49.01664763500577,0.9971518702265647
imagenette,data/imagenette2-320/val/n03888257/n03888257_29712.JPEG,n03888257,701,parachute,jpeg,70,701,parachute,0.5738776326179504,True,12449,12122,1.0269757465764726,45.7476903575429,0.9913978794849229
imagenette,data/imagenette2-320/val/n03888257/n03888257_29762.JPEG,n03888257,701,parachute,jpeg,70,701,parachute,0.3989333510398865,True,41906,40410,1.0370205394704282,37.390750666904644,0.9893831279080006
imagenette,data/imagenette2-320/val/n03888257/n03888257_29910.JPEG,n03888257,701,parachute,jpeg,70,701,parachute,0.4251468777656555,True,23073,22185,1.040027045300879,39.21319600275892,0.9877293874515894
imagenette,data/imagenette2-320/val/n03888257/n03888257_30032.JPEG,n03888257,701,parachute,jpeg,70,701,parachute,0.4368405044078827,True,13638,13331,1.023029030080264,43.49731500520151,0.9926664810873277
imagenette,data/imagenette2-320/val/n03888257/n03888257_30042.JPEG,n03888257,701,parachute,jpeg,70,701,parachute,0.49999743700027466,True,14735,14397,1.0234771132874905,45.94994983955886,0.9918544356413229
imagenette,data/imagenette2-320/val/n03888257/n03888257_30270.JPEG,n03888257,701,parachute,jpeg,70,701,parachute,0.552659273147583,True,21333,20450,1.0431784841075795,39.7236902279286,0.9805390128614905
imagenette,data/imagenette2-320/val/n03888257/n03888257_30332.JPEG,n03888257,701,parachute,jpeg,70,701,parachute,0.42348629236221313,True,6611,6440,1.026552795031056,46.73905289509926,0.996754090784921
imagenette,data/imagenette2-320/val/n03888257/n03888257_30382.JPEG,n03888257,701,parachute,jpeg,70,701,parachute,0.38936683535575867,True,14835,13870,1.06957462148522,36.34344780312715,0.9767038412648104
imagenette,data/imagenette2-320/val/n03888257/n03888257_30402.JPEG,n03888257,701,parachute,jpeg,70,701,parachute,0.11628764122724533,True,23645,22811,1.0365613081408092,40.15785613750408,0.989114541027167
imagenette,data/imagenette2-320/val/n03888257/n03888257_30412.JPEG,n03888257,701,parachute,jpeg,70,701,parachute,0.5343639254570007,True,16004,15549,1.029262331982764,42.38857121116891,0.9911704251042156
imagenette,data/imagenette2-320/val/n03888257/n03888257_30521.JPEG,n03888257,701,parachute,jpeg,70,701,parachute,0.6648768186569214,True,28390,27492,1.032664047722974,39.847945268813376,0.9862865214690085
imagenette,data/imagenette2-320/val/n03888257/n03888257_30680.JPEG,n03888257,701,parachute,jpeg,70,701,parachute,0.6867985725402832,True,20138,19031,1.0581682517996953,37.107045791602566,0.9742908130988442
imagenette,data/imagenette2-320/val/n03888257/n03888257_30682.JPEG,n03888257,701,parachute,jpeg,70,701,parachute,0.9075479507446289,True,10750,10468,1.026939243408483,44.94938191038712,0.9904168990027696
imagenette,data/imagenette2-320/val/n03888257/n03888257_30691.JPEG,n03888257,701,parachute,jpeg,70,701,parachute,0.3692375123500824,True,23389,22706,1.0300801550251035,42.02360984625295,0.9903398735772918
imagenette,data/imagenette2-320/val/n03888257/n03888257_30712.JPEG,n03888257,701,parachute,jpeg,70,701,parachute,0.4980713427066803,True,20880,20330,1.0270536153467782,43.69277393108946,0.9904845967272408
imagenette,data/imagenette2-320/val/n03888257/n03888257_3072.JPEG,n03888257,701,parachute,jpeg,70,701,parachute,0.5644826292991638,True,8878,8688,1.0218692449355433,46.75835067300106,0.9948456932833426
imagenette,data/imagenette2-320/val/n03888257/n03888257_30911.JPEG,n03888257,701,parachute,jpeg,70,701,parachute,0.5368905067443848,True,6341,6203,1.0222472996936967,46.397789326333516,0.995074960028204
imagenette,data/imagenette2-320/val/n03888257/n03888257_31010.JPEG,n03888257,701,parachute,jpeg,70,701,parachute,0.4821743369102478,True,14678,14120,1.0395184135977338,39.25303463423749,0.9846167888375369
imagenette,data/imagenette2-320/val/n03888257/n03888257_31180.JPEG,n03888257,701,parachute,jpeg,70,701,parachute,0.37445512413978577,True,17058,16544,1.0310686653771761,42.43103362821223,0.99193862365054
imagenette,data/imagenette2-320/val/n03888257/n03888257_31301.JPEG,n03888257,701,parachute,jpeg,70,701,parachute,0.26433584094047546,True,22324,21617,1.0327057408521072,41.18380140044208,0.9908671522791731
imagenette,data/imagenette2-320/val/n03888257/n03888257_31370.JPEG,n03888257,701,parachute,jpeg,70,701,parachute,0.4687903821468353,True,18675,18236,1.024073261680193,41.49459379804088,0.990146181479782
imagenette,data/imagenette2-320/val/n03888257/n03888257_3142.JPEG,n03888257,701,parachute,jpeg,70,701,parachute,0.41282573342323303,True,10110,9661,1.0464755201324916,38.43444669154268,0.9794840110552848
imagenette,data/imagenette2-320/val/n03888257/n03888257_31742.JPEG,n03888257,701,parachute,jpeg,70,701,parachute,0.5549562573432922,True,9151,8932,1.0245185848634124,47.041625645091116,0.9947681318196188
imagenette,data/imagenette2-320/val/n03888257/n03888257_31790.JPEG,n03888257,701,parachute,jpeg,70,701,parachute,0.4896199703216553,True,29475,28521,1.033449037551278,40.05328788514541,0.989223474032704
imagenette,data/imagenette2-320/val/n03888257/n03888257_31921.JPEG,n03888257,701,parachute,jpeg,70,701,parachute,0.5989230871200562,True,21181,20257,1.0456138618749073,37.655241932383895,0.9710125273630413
imagenette,data/imagenette2-320/val/n03888257/n03888257_32001.JPEG,n03888257,701,parachute,jpeg,70,701,parachute,0.3991510570049286,True,14796,14467,1.0227414114882145,44.202072544636394,0.9910505830610674
imagenette,data/imagenette2-320/val/n03888257/n03888257_32032.JPEG,n03888257,701,parachute,jpeg,70,701,parachute,0.36229559779167175,True,10481,10205,1.0270455658990691,46.30249445533252,0.99454026951256
imagenette,data/imagenette2-320/val/n03888257/n03888257_32042.JPEG,n03888257,701,parachute,jpeg,70,701,parachute,0.5023967623710632,True,17746,17254,1.0285151269270894,44.188196276698235,0.9857982102347765
imagenette,data/imagenette2-320/val/n03888257/n03888257_32141.JPEG,n03888257,701,parachute,jpeg,70,701,parachute,0.6989784836769104,True,15278,14767,1.0346041850071104,42.18409202797355,0.9899816509215557
imagenette,data/imagenette2-320/val/n03888257/n03888257_32350.JPEG,n03888257,701,parachute,jpeg,70,701,parachute,0.4624740779399872,True,12972,12509,1.0370133503877208,42.0725429412377,0.989055060037704
imagenette,data/imagenette2-320/val/n03888257/n03888257_32391.JPEG,n03888257,701,parachute,jpeg,70,701,parachute,0.4691217839717865,True,12644,12265,1.030900937627395,43.73388683750606,0.9931543785127968
imagenette,data/imagenette2-320/val/n03888257/n03888257_32520.JPEG,n03888257,701,parachute,jpeg,70,701,parachute,0.33819493651390076,True,17521,16805,1.042606367152633,39.5530303263642,0.986827760228985
imagenette,data/imagenette2-320/val/n03888257/n03888257_32670.JPEG,n03888257,701,parachute,jpeg,70,701,parachute,0.5195316672325134,True,19346,18657,1.0369298386664523,40.62385042943302,0.9817634446671165
imagenette,data/imagenette2-320/val/n03888257/n03888257_32682.JPEG,n03888257,701,parachute,jpeg,70,701,parachute,0.439407080411911,True,16383,15673,1.045300835832323,39.163788393327394,0.9911160680476866
imagenette,data/imagenette2-320/val/n03888257/n03888257_32911.JPEG,n03888257,701,parachute,jpeg,70,701,parachute,0.4022938013076782,True,8349,8047,1.0375295141046352,42.19849904130704,0.9925077142035342
imagenette,data/imagenette2-320/val/n03888257/n03888257_32970.JPEG,n03888257,701,parachute,jpeg,70,701,parachute,0.6200104355812073,True,26417,25573,1.0330035584405428,39.909935818237024,0.9888193533398469
imagenette,data/imagenette2-320/val/n03888257/n03888257_33021.JPEG,n03888257,701,parachute,jpeg,70,557,flagpole,0.2948746383190155,False,6745,6581,1.0249202248898344,48.26798603504847,0.9955280824387108
imagenette,data/imagenette2-320/val/n03888257/n03888257_33070.JPEG,n03888257,701,parachute,jpeg,70,842,swimming trunks,0.05367613583803177,False,15902,15368,1.034747527329516,42.128065466519764,0.9832150235735718
imagenette,data/imagenette2-320/val/n03888257/n03888257_33170.JPEG,n03888257,701,parachute,jpeg,70,915,yurt,0.19011907279491425,False,27168,26381,1.029832076115386,41.584294948263654,0.9895837030473033
imagenette,data/imagenette2-320/val/n03888257/n03888257_33182.JPEG,n03888257,701,parachute,jpeg,70,701,parachute,0.5349217653274536,True,11473,11243,1.020457173352308,45.71107334092225,0.9914642075904422
imagenette,data/imagenette2-320/val/n03888257/n03888257_33250.JPEG,n03888257,701,parachute,jpeg,70,701,parachute,0.7195215821266174,True,31061,29708,1.0455432880032314,36.653613622173715,0.980578684701385
imagenette,data/imagenette2-320/val/n03888257/n03888257_33471.JPEG,n03888257,701,parachute,jpeg,70,701,parachute,0.6460800766944885,True,11546,11191,1.0317219193995175,43.30734762495556,0.9934265881764567
imagenette,data/imagenette2-320/val/n03888257/n03888257_33481.JPEG,n03888257,701,parachute,jpeg,70,701,parachute,0.259948194026947,True,14339,13944,1.0283275960986804,43.237417592394536,0.9925410898045515
imagenette,data/imagenette2-320/val/n03888257/n03888257_33801.JPEG,n03888257,701,parachute,jpeg,70,701,parachute,0.8858655095100403,True,12293,11939,1.0296507245162911,44.01683503356625,0.9932145094938468
imagenette,data/imagenette2-320/val/n03888257/n03888257_33931.JPEG,n03888257,701,parachute,jpeg,70,701,parachute,0.45393607020378113,True,12570,12243,1.026709139916687,45.38680230969514,0.991597458937536
imagenette,data/imagenette2-320/val/n03888257/n03888257_34031.JPEG,n03888257,701,parachute,jpeg,70,701,parachute,0.6066871881484985,True,13475,13100,1.0286259541984732,44.15515648631195,0.9905939922583843
imagenette,data/imagenette2-320/val/n03888257/n03888257_34081.JPEG,n03888257,701,parachute,jpeg,70,701,parachute,0.24119369685649872,True,16662,16054,1.0378721813878162,38.34433047140658,0.9821670560073458
imagenette,data/imagenette2-320/val/n03888257/n03888257_34162.JPEG,n03888257,701,parachute,jpeg,70,701,parachute,0.8524436950683594,True,25322,24602,1.0292659133403788,40.16577547553892,0.9907821201658575
imagenette,data/imagenette2-320/val/n03888257/n03888257_34280.JPEG,n03888257,701,parachute,jpeg,70,701,parachute,0.4928426146507263,True,12465,12186,1.0228951255539143,45.886538671401325,0.9907154129623771
imagenette,data/imagenette2-320/val/n03888257/n03888257_34320.JPEG,n03888257,701,parachute,jpeg,70,701,parachute,0.5221919417381287,True,10945,10633,1.0293426126210854,43.7171042226919,0.9910867492752228
imagenette,data/imagenette2-320/val/n03888257/n03888257_34452.JPEG,n03888257,701,parachute,jpeg,70,701,parachute,0.3759627938270569,True,4552,4471,1.0181167524043837,49.60166277169188,0.9946855390692327
imagenette,data/imagenette2-320/val/n03888257/n03888257_34632.JPEG,n03888257,701,parachute,jpeg,70,701,parachute,0.5542386174201965,True,28398,27660,1.0266811279826464,42.35111194067311,0.9901901844962566
imagenette,data/imagenette2-320/val/n03888257/n03888257_3492.JPEG,n03888257,701,parachute,jpeg,70,701,parachute,0.37543541193008423,True,13748,13379,1.0275805366619328,45.036729343970386,0.9928828647587542
imagenette,data/imagenette2-320/val/n03888257/n03888257_35020.JPEG,n03888257,701,parachute,jpeg,70,701,parachute,0.4437338709831238,True,9762,9489,1.0287701549162187,45.32649326739317,0.9954001909967309
imagenette,data/imagenette2-320/val/n03888257/n03888257_35241.JPEG,n03888257,701,parachute,jpeg,70,701,parachute,0.5764492154121399,True,11989,11637,1.0302483457935894,43.54247979036364,0.9900627721942828
imagenette,data/imagenette2-320/val/n03888257/n03888257_35621.JPEG,n03888257,701,parachute,jpeg,70,701,parachute,0.5152235627174377,True,17387,16673,1.0428237269837461,40.17582191716862,0.9890322447263956
imagenette,data/imagenette2-320/val/n03888257/n03888257_35800.JPEG,n03888257,701,parachute,jpeg,70,701,parachute,0.509117066860199,True,6355,6196,1.0256617172369271,46.32710070912391,0.996656436594041
imagenette,data/imagenette2-320/val/n03888257/n03888257_35890.JPEG,n03888257,701,parachute,jpeg,70,701,parachute,0.4912504255771637,True,7682,7497,1.0246765372815794,46.48555827030252,0.9901285485432788
imagenette,data/imagenette2-320/val/n03888257/n03888257_35962.JPEG,n03888257,701,parachute,jpeg,70,701,parachute,0.5592575073242188,True,9358,9084,1.0301629238221048,44.60452524728457,0.991599221070195
imagenette,data/imagenette2-320/val/n03888257/n03888257_3632.JPEG,n03888257,701,parachute,jpeg,70,701,parachute,0.5302444100379944,True,5213,5085,1.025172074729597,46.5880646456779,0.9964145911705727
imagenette,data/imagenette2-320/val/n03888257/n03888257_36371.JPEG,n03888257,701,parachute,jpeg,70,701,parachute,0.5561481714248657,True,11621,11186,1.0388878955837655,42.78491761996878,0.9922095372409071
imagenette,data/imagenette2-320/val/n03888257/n03888257_36390.JPEG,n03888257,701,parachute,jpeg,70,701,parachute,0.3066265285015106,True,7774,7603,1.0224911219255557,46.246477871368015,0.9944403263643271
imagenette,data/imagenette2-320/val/n03888257/n03888257_3642.JPEG,n03888257,701,parachute,jpeg,70,701,parachute,0.5218051075935364,True,6732,6613,1.0179948586118253,48.24590410338266,0.995343402179774
imagenette,data/imagenette2-320/val/n03888257/n03888257_3651.JPEG,n03888257,701,parachute,jpeg,70,701,parachute,0.18713447451591492,True,16760,16311,1.0275274354729937,45.17593208062813,0.9940810667033947
imagenette,data/imagenette2-320/val/n03888257/n03888257_36541.JPEG,n03888257,701,parachute,jpeg,70,701,parachute,0.39144283533096313,True,25127,24405,1.0295841016185208,40.66977645322949,0.9921892880332991
imagenette,data/imagenette2-320/val/n03888257/n03888257_36631.JPEG,n03888257,701,parachute,jpeg,70,701,parachute,0.5357559323310852,True,9297,9010,1.0318534961154273,41.42389776582731,0.9865662702401045
imagenette,data/imagenette2-320/val/n03888257/n03888257_36831.JPEG,n03888257,701,parachute,jpeg,70,701,parachute,0.3538060784339905,True,16459,15746,1.0452813412930269,40.10096276210531,0.9834551911810158
imagenette,data/imagenette2-320/val/n03888257/n03888257_36971.JPEG,n03888257,701,parachute,jpeg,70,701,parachute,0.7452968955039978,True,20707,20083,1.0310710551212467,41.06333544668007,0.9879562134941686
imagenette,data/imagenette2-320/val/n03888257/n03888257_3720.JPEG,n03888257,701,parachute,jpeg,70,701,parachute,0.701448917388916,True,5393,5276,1.0221758908263836,48.21743553229453,0.9961222384162417
imagenette,data/imagenette2-320/val/n03888257/n03888257_37270.JPEG,n03888257,701,parachute,jpeg,70,978,seashore,0.2505631446838379,False,24059,23272,1.0338174630457202,40.21626836705788,0.9879093905281229
imagenette,data/imagenette2-320/val/n03888257/n03888257_37362.JPEG,n03888257,701,parachute,jpeg,70,701,parachute,0.2681580185890198,True,14182,13717,1.0338995407159,41.1476096853277,0.9912118244290823
imagenette,data/imagenette2-320/val/n03888257/n03888257_37561.JPEG,n03888257,701,parachute,jpeg,70,701,parachute,0.3857174217700958,True,36638,35515,1.0316204420667323,38.24404027294678,0.9884037589411646
imagenette,data/imagenette2-320/val/n03888257/n03888257_37950.JPEG,n03888257,701,parachute,jpeg,70,701,parachute,0.4684334695339203,True,10832,10469,1.0346737988346546,42.351847765875455,0.9883705633757432
imagenette,data/imagenette2-320/val/n03888257/n03888257_38102.JPEG,n03888257,701,parachute,jpeg,70,701,parachute,0.6610942482948303,True,12887,12521,1.0292308921012698,43.51896533105325,0.9887876532620566
imagenette,data/imagenette2-320/val/n03888257/n03888257_38200.JPEG,n03888257,701,parachute,jpeg,70,701,parachute,0.6202039122581482,True,8046,7822,1.0286371771925338,44.096164252025645,0.9899950607362052
imagenette,data/imagenette2-320/val/n03888257/n03888257_38391.JPEG,n03888257,701,parachute,jpeg,70,701,parachute,0.4039173424243927,True,19788,19241,1.0284288758380542,42.13956471401376,0.9898774741044373
imagenette,data/imagenette2-320/val/n03888257/n03888257_38501.JPEG,n03888257,701,parachute,jpeg,70,701,parachute,0.7870495915412903,True,33451,32419,1.0318331842438075,40.95727272259171,0.9921871559539244
imagenette,data/imagenette2-320/val/n03888257/n03888257_38560.JPEG,n03888257,701,parachute,jpeg,70,701,parachute,0.6019808650016785,True,28424,27428,1.0363132565261777,37.7053697765183,0.9900865869908048
imagenette,data/imagenette2-320/val/n03888257/n03888257_39021.JPEG,n03888257,701,parachute,jpeg,70,701,parachute,0.4485614597797394,True,16138,15641,1.0317754619269868,42.04482602642987,0.9878073633772738
imagenette,data/imagenette2-320/val/n03888257/n03888257_39031.JPEG,n03888257,701,parachute,jpeg,70,701,parachute,0.4920872151851654,True,9298,9097,1.0220951962185336,46.73265802345795,0.9934168955183709
imagenette,data/imagenette2-320/val/n03888257/n03888257_3932.JPEG,n03888257,701,parachute,jpeg,70,701,parachute,0.6056362390518188,True,6177,6024,1.025398406374502,49.12121573767716,0.9977038991589883
imagenette,data/imagenette2-320/val/n03888257/n03888257_39402.JPEG,n03888257,701,parachute,jpeg,70,701,parachute,0.4520878195762634,True,31779,31002,1.0250628991677957,40.108331677420644,0.9871312379656919
imagenette,data/imagenette2-320/val/n03888257/n03888257_39511.JPEG,n03888257,701,parachute,jpeg,70,701,parachute,0.6502327919006348,True,20297,19680,1.03135162601626,42.79023577381416,0.9932494030817648
imagenette,data/imagenette2-320/val/n03888257/n03888257_39552.JPEG,n03888257,701,parachute,jpeg,70,701,parachute,0.5963549017906189,True,12979,12518,1.0368269691644032,42.195665528845076,0.9839575142033338
imagenette,data/imagenette2-320/val/n03888257/n03888257_400.JPEG,n03888257,701,parachute,jpeg,70,701,parachute,0.43304499983787537,True,21759,21148,1.0288916209570644,42.93990133265383,0.991220519053082
imagenette,data/imagenette2-320/val/n03888257/n03888257_4042.JPEG,n03888257,701,parachute,jpeg,70,701,parachute,0.8498542308807373,True,14477,14044,1.0308316718883508,44.30917864513961,0.9917942445330521
imagenette,data/imagenette2-320/val/n03888257/n03888257_4052.JPEG,n03888257,701,parachute,jpeg,70,701,parachute,0.744002103805542,True,28452,27543,1.0330029408561159,39.44713164444969,0.9884435166018917
imagenette,data/imagenette2-320/val/n03888257/n03888257_40951.JPEG,n03888257,701,parachute,jpeg,70,701,parachute,0.4372345805168152,True,13227,12827,1.0311842207842832,44.83440430845267,0.9948881929347304
imagenette,data/imagenette2-320/val/n03888257/n03888257_41091.JPEG,n03888257,701,parachute,jpeg,70,701,parachute,0.635134220123291,True,15004,14712,1.0198477433387712,45.484232450227545,0.9909449686528998
imagenette,data/imagenette2-320/val/n03888257/n03888257_41260.JPEG,n03888257,701,parachute,jpeg,70,701,parachute,0.4429759085178375,True,12120,11698,1.0360745426568645,42.27571105198657,0.9915232855511196
imagenette,data/imagenette2-320/val/n03888257/n03888257_41391.JPEG,n03888257,701,parachute,jpeg,70,701,parachute,0.3925817310810089,True,32964,31996,1.0302537817227153,41.41779930417727,0.9922480034462159
imagenette,data/imagenette2-320/val/n03888257/n03888257_42.JPEG,n03888257,701,parachute,jpeg,70,701,parachute,0.4721193313598633,True,22609,21929,1.0310091659446394,40.32147927194029,0.9869934366085426
imagenette,data/imagenette2-320/val/n03888257/n03888257_42680.JPEG,n03888257,701,parachute,jpeg,70,701,parachute,0.7588091492652893,True,20422,19871,1.0277288510895275,43.39425202691451,0.9914509953669975
imagenette,data/imagenette2-320/val/n03888257/n03888257_4311.JPEG,n03888257,701,parachute,jpeg,70,701,parachute,0.6858811974525452,True,28744,27973,1.0275622922103458,41.87335919988097,0.9899949263334397
imagenette,data/imagenette2-320/val/n03888257/n03888257_43260.JPEG,n03888257,701,parachute,jpeg,70,701,parachute,0.5223500728607178,True,9943,9686,1.026533140615321,45.06093763848639,0.9946513577506314
imagenette,data/imagenette2-320/val/n03888257/n03888257_43782.JPEG,n03888257,701,parachute,jpeg,70,701,parachute,0.5726395845413208,True,7254,7093,1.0226984350768362,46.51394242144474,0.9973692985413726
imagenette,data/imagenette2-320/val/n03888257/n03888257_43982.JPEG,n03888257,701,parachute,jpeg,70,701,parachute,0.8830848932266235,True,14385,13942,1.031774494333668,44.677531561989355,0.994923257899958
imagenette,data/imagenette2-320/val/n03888257/n03888257_44112.JPEG,n03888257,701,parachute,jpeg,70,701,parachute,0.32746461033821106,True,16721,16313,1.025010727640532,44.089800965884855,0.9947930912022723
imagenette,data/imagenette2-320/val/n03888257/n03888257_44391.JPEG,n03888257,701,parachute,jpeg,70,701,parachute,0.46320945024490356,True,33734,32808,1.0282248232138502,40.04107184938565,0.9897428018405044
imagenette,data/imagenette2-320/val/n03888257/n03888257_4512.JPEG,n03888257,701,parachute,jpeg,70,701,parachute,0.5918905735015869,True,12888,12545,1.0273415703467517,44.741910504963016,0.9940311114626424
imagenette,data/imagenette2-320/val/n03888257/n03888257_4561.JPEG,n03888257,701,parachute,jpeg,70,701,parachute,0.5370392799377441,True,17733,17096,1.0372601778193729,39.99527482156873,0.9861331327772516
imagenette,data/imagenette2-320/val/n03888257/n03888257_4580.JPEG,n03888257,701,parachute,jpeg,70,701,parachute,0.6835326552391052,True,7582,7426,1.0210072717479128,49.02283703992508,0.9952339734219754
imagenette,data/imagenette2-320/val/n03888257/n03888257_46572.JPEG,n03888257,701,parachute,jpeg,70,701,parachute,0.4440459907054901,True,11190,10793,1.0367831001575094,42.425374715516035,0.9898705327128865
imagenette,data/imagenette2-320/val/n03888257/n03888257_46621.JPEG,n03888257,701,parachute,jpeg,70,701,parachute,0.760246217250824,True,12756,12368,1.0313712807244502,45.45743088339457,0.995578591055415
imagenette,data/imagenette2-320/val/n03888257/n03888257_4682.JPEG,n03888257,701,parachute,jpeg,70,701,parachute,0.5913884043693542,True,17789,17322,1.0269599353423393,43.631444051402426,0.9914527168531827
imagenette,data/imagenette2-320/val/n03888257/n03888257_46870.JPEG,n03888257,701,parachute,jpeg,70,701,parachute,0.4756617546081543,True,9573,9202,1.0403173223212345,42.3175683894469,0.9909214647295949
imagenette,data/imagenette2-320/val/n03888257/n03888257_4732.JPEG,n03888257,701,parachute,jpeg,70,701,parachute,0.5409117937088013,True,40382,38775,1.041444229529336,40.35611635638794,0.9958548214243161
imagenette,data/imagenette2-320/val/n03888257/n03888257_482.JPEG,n03888257,701,parachute,jpeg,70,701,parachute,0.5472555756568909,True,14001,13677,1.0236894055713972,45.07083995154876,0.994097326678372
imagenette,data/imagenette2-320/val/n03888257/n03888257_4842.JPEG,n03888257,701,parachute,jpeg,70,701,parachute,0.5997304320335388,True,5172,5057,1.0227407553885703,49.12612475668337,0.9974000231773266
imagenette,data/imagenette2-320/val/n03888257/n03888257_48910.JPEG,n03888257,701,parachute,jpeg,70,701,parachute,0.31994500756263733,True,13933,13506,1.0316155782615135,42.92048177060912,0.9906150559132888
imagenette,data/imagenette2-320/val/n03888257/n03888257_49081.JPEG,n03888257,701,parachute,jpeg,70,701,parachute,0.5316192507743835,True,23214,22624,1.0260785007072135,42.92786511472617,0.9917381902995858
imagenette,data/imagenette2-320/val/n03888257/n03888257_49381.JPEG,n03888257,701,parachute,jpeg,70,701,parachute,0.5658032298088074,True,15404,16137,0.9545764392390159,47.115445392195376,0.995184070419271
imagenette,data/imagenette2-320/val/n03888257/n03888257_4952.JPEG,n03888257,701,parachute,jpeg,70,701,parachute,0.43345123529434204,True,19206,18625,1.0311946308724833,42.49357285368265,0.9883944071615227
imagenette,data/imagenette2-320/val/n03888257/n03888257_50102.JPEG,n03888257,701,parachute,jpeg,70,701,parachute,0.5177091360092163,True,27651,27013,1.0236182578758375,42.821936690241245,0.9924467737428525
imagenette,data/imagenette2-320/val/n03888257/n03888257_50392.JPEG,n03888257,701,parachute,jpeg,70,701,parachute,0.4493647515773773,True,10494,10161,1.032772364924712,42.66607585714215,0.9956377946780658
imagenette,data/imagenette2-320/val/n03888257/n03888257_50622.JPEG,n03888257,701,parachute,jpeg,70,701,parachute,0.6235349774360657,True,12738,12458,1.022475517739605,46.024928686252565,0.9932282080864477
imagenette,data/imagenette2-320/val/n03888257/n03888257_50880.JPEG,n03888257,701,parachute,jpeg,70,701,parachute,0.4673232138156891,True,8368,8180,1.0229828850855747,46.67671898082634,0.9943089129165852
imagenette,data/imagenette2-320/val/n03888257/n03888257_510.JPEG,n03888257,701,parachute,jpeg,70,701,parachute,0.09890774637460709,True,19941,19244,1.0362190812720848,39.01446420681222,0.9886220791566712
imagenette,data/imagenette2-320/val/n03888257/n03888257_5140.JPEG,n03888257,701,parachute,jpeg,70,701,parachute,0.4346787631511688,True,7748,7566,1.0240549828178693,45.52684424047801,0.9958280210430411
imagenette,data/imagenette2-320/val/n03888257/n03888257_51522.JPEG,n03888257,701,parachute,jpeg,70,701,parachute,0.4380364716053009,True,12746,12253,1.040235044478903,43.122646768409425,0.9937111820754919
imagenette,data/imagenette2-320/val/n03888257/n03888257_51872.JPEG,n03888257,701,parachute,jpeg,70,701,parachute,0.3203539550304413,True,15211,14700,1.0347619047619048,41.74908412851218,0.9915613294910481
imagenette,data/imagenette2-320/val/n03888257/n03888257_5281.JPEG,n03888257,701,parachute,jpeg,70,701,parachute,0.38038912415504456,True,14024,13536,1.0360520094562649,41.27309063878726,0.9892016427475095
imagenette,data/imagenette2-320/val/n03888257/n03888257_5442.JPEG,n03888257,701,parachute,jpeg,70,701,parachute,0.3976631462574005,True,6316,6175,1.022834008097166,48.386175093057446,0.9957225487813685
imagenette,data/imagenette2-320/val/n03888257/n03888257_5501.JPEG,n03888257,701,parachute,jpeg,70,701,parachute,0.681507408618927,True,4620,4540,1.0176211453744493,51.30104894385184,0.9985480397642429
imagenette,data/imagenette2-320/val/n03888257/n03888257_55090.JPEG,n03888257,701,parachute,jpeg,70,701,parachute,0.5976438522338867,True,36383,34620,1.0509243212016175,36.147119546857866,0.9819897199714439
imagenette,data/imagenette2-320/val/n03888257/n03888257_5551.JPEG,n03888257,701,parachute,jpeg,70,701,parachute,0.7010711431503296,True,37482,35911,1.0437470412965386,37.49079389510927,0.9789999885245725
imagenette,data/imagenette2-320/val/n03888257/n03888257_5621.JPEG,n03888257,701,parachute,jpeg,70,701,parachute,0.5651456117630005,True,14972,14509,1.0319112275139568,41.62990168383849,0.9849222951479479
imagenette,data/imagenette2-320/val/n03888257/n03888257_5662.JPEG,n03888257,701,parachute,jpeg,70,917,comic book,0.37862494587898254,False,25958,25072,1.035338225909381,40.68966893714908,0.9888750981948626
imagenette,data/imagenette2-320/val/n03888257/n03888257_5692.JPEG,n03888257,701,parachute,jpeg,70,701,parachute,0.42817413806915283,True,9042,8796,1.0279672578444747,46.217987103317995,0.9947352283962122
imagenette,data/imagenette2-320/val/n03888257/n03888257_57010.JPEG,n03888257,701,parachute,jpeg,70,701,parachute,0.42240986227989197,True,11515,11081,1.0391661402400505,42.08719427876319,0.9885564829537336
imagenette,data/imagenette2-320/val/n03888257/n03888257_5722.JPEG,n03888257,701,parachute,jpeg,70,701,parachute,0.6509137749671936,True,13259,12902,1.027670128662223,44.67957095915929,0.9946518298184844
imagenette,data/imagenette2-320/val/n03888257/n03888257_57570.JPEG,n03888257,701,parachute,jpeg,70,701,parachute,0.37938934564590454,True,12354,12019,1.027872535152675,43.955733486511974,0.989935464708385
imagenette,data/imagenette2-320/val/n03888257/n03888257_5812.JPEG,n03888257,701,parachute,jpeg,70,701,parachute,0.36701780557632446,True,17354,16638,1.0430340185118403,40.410629013227336,0.9781003802720486
imagenette,data/imagenette2-320/val/n03888257/n03888257_5820.JPEG,n03888257,701,parachute,jpeg,70,701,parachute,0.5918717384338379,True,8115,7949,1.0208831299534533,44.84921831731164,0.9909850728605648
imagenette,data/imagenette2-320/val/n03888257/n03888257_58270.JPEG,n03888257,701,parachute,jpeg,70,701,parachute,0.29285573959350586,True,10387,10054,1.033121145812612,43.714857907239036,0.9937819007456872
imagenette,data/imagenette2-320/val/n03888257/n03888257_58392.JPEG,n03888257,701,parachute,jpeg,70,701,parachute,0.26330530643463135,True,18384,17935,1.0250348480624478,44.79739811762102,0.9898963000285743
imagenette,data/imagenette2-320/val/n03888257/n03888257_59412.JPEG,n03888257,701,parachute,jpeg,70,701,parachute,0.458149790763855,True,26230,25435,1.031256143109888,41.823916717653844,0.9905622900686039
imagenette,data/imagenette2-320/val/n03888257/n03888257_59442.JPEG,n03888257,701,parachute,jpeg,70,701,parachute,0.3630530536174774,True,38778,37569,1.0321807873512736,38.329081653315114,0.9876272391653892
imagenette,data/imagenette2-320/val/n03888257/n03888257_61350.JPEG,n03888257,701,parachute,jpeg,70,701,parachute,0.3821953535079956,True,23978,23327,1.0279075749131907,43.10480487367144,0.9893559127489707
imagenette,data/imagenette2-320/val/n03888257/n03888257_61581.JPEG,n03888257,701,parachute,jpeg,70,701,parachute,0.6603497266769409,True,28869,27659,1.043747062438989,37.73097397037129,0.982155901423841
imagenette,data/imagenette2-320/val/n03888257/n03888257_621.JPEG,n03888257,701,parachute,jpeg,70,701,parachute,0.5221990346908569,True,11794,11510,1.024674196350999,46.02456747734436,0.9918457069681571
imagenette,data/imagenette2-320/val/n03888257/n03888257_6230.JPEG,n03888257,701,parachute,jpeg,70,701,parachute,0.6281856894493103,True,34879,33962,1.0270007655615099,42.79770707197692,0.9908770598298845
imagenette,data/imagenette2-320/val/n03888257/n03888257_6250.JPEG,n03888257,701,parachute,jpeg,70,701,parachute,0.48209747672080994,True,6234,6115,1.019460343417825,49.04776777090185,0.9957825617103392
imagenette,data/imagenette2-320/val/n03888257/n03888257_6331.JPEG,n03888257,701,parachute,jpeg,70,701,parachute,0.33115333318710327,True,17193,16690,1.030137807070102,43.08461533395902,0.9889665975056076
imagenette,data/imagenette2-320/val/n03888257/n03888257_6402.JPEG,n03888257,701,parachute,jpeg,70,701,parachute,0.4355430603027344,True,17523,17077,1.0261169994729753,43.741908649349874,0.9690903147802287
imagenette,data/imagenette2-320/val/n03888257/n03888257_64711.JPEG,n03888257,701,parachute,jpeg,70,701,parachute,0.8382927775382996,True,17905,17115,1.0461583406368682,39.78607916029337,0.9789714996381355
imagenette,data/imagenette2-320/val/n03888257/n03888257_6491.JPEG,n03888257,701,parachute,jpeg,70,701,parachute,0.38485226035118103,True,13463,13083,1.0290453259955668,44.58281042004237,0.9917414411858756
imagenette,data/imagenette2-320/val/n03888257/n03888257_6541.JPEG,n03888257,701,parachute,jpeg,70,701,parachute,0.34319034218788147,True,26203,25449,1.0296278832174153,41.319123896210684,0.9892342367610131
imagenette,data/imagenette2-320/val/n03888257/n03888257_65922.JPEG,n03888257,701,parachute,jpeg,70,701,parachute,0.5423112511634827,True,18005,17509,1.0283282883088698,43.274353788597665,0.9911774616107852
imagenette,data/imagenette2-320/val/n03888257/n03888257_66102.JPEG,n03888257,701,parachute,jpeg,70,701,parachute,0.8439404964447021,True,36314,35245,1.0303305433394807,39.0200856670057,0.990538023813868
imagenette,data/imagenette2-320/val/n03888257/n03888257_66361.JPEG,n03888257,701,parachute,jpeg,70,701,parachute,0.6408380270004272,True,9902,9713,1.0194584577370533,46.37171981304515,0.9872087830256362
imagenette,data/imagenette2-320/val/n03888257/n03888257_66552.JPEG,n03888257,701,parachute,jpeg,70,701,parachute,0.4153994023799896,True,15828,15323,1.0329569927559876,40.79827874512119,0.984727615415873
imagenette,data/imagenette2-320/val/n03888257/n03888257_6662.JPEG,n03888257,701,parachute,jpeg,70,701,parachute,0.5613306164741516,True,9601,9226,1.0406460004335574,43.66412358539144,0.9935266486150337
imagenette,data/imagenette2-320/val/n03888257/n03888257_66961.JPEG,n03888257,701,parachute,jpeg,70,701,parachute,0.5160212516784668,True,17556,16470,1.0659380692167577,37.098022013042076,0.9656800001934971
imagenette,data/imagenette2-320/val/n03888257/n03888257_67221.JPEG,n03888257,701,parachute,jpeg,70,701,parachute,0.4540001451969147,True,15843,15381,1.0300370587087966,43.63066267536357,0.9906837532729713
imagenette,data/imagenette2-320/val/n03888257/n03888257_67480.JPEG,n03888257,701,parachute,jpeg,70,701,parachute,0.4976973831653595,True,19249,18631,1.0331705222478664,40.59429480323019,0.9830188488948863
imagenette,data/imagenette2-320/val/n03888257/n03888257_68660.JPEG,n03888257,701,parachute,jpeg,70,701,parachute,0.5628215670585632,True,15193,14648,1.0372064445658111,41.657847213204775,0.9920700711444717
imagenette,data/imagenette2-320/val/n03888257/n03888257_6912.JPEG,n03888257,701,parachute,jpeg,70,701,parachute,0.4266848862171173,True,18875,18358,1.0281621091622182,44.33460246819447,0.9909907664699976
imagenette,data/imagenette2-320/val/n03888257/n03888257_69371.JPEG,n03888257,701,parachute,jpeg,70,701,parachute,0.3239761292934418,True,13358,12862,1.038563209454206,42.50255714479888,0.9910382183111454
imagenette,data/imagenette2-320/val/n03888257/n03888257_7011.JPEG,n03888257,701,parachute,jpeg,70,701,parachute,0.21471355855464935,True,5113,4985,1.02567703109328,48.05821354141023,0.9973930814604522
imagenette,data/imagenette2-320/val/n03888257/n03888257_7061.JPEG,n03888257,701,parachute,jpeg,70,701,parachute,0.5797578692436218,True,12958,12587,1.0294748550091364,45.99184047847483,0.9954968468992588
imagenette,data/imagenette2-320/val/n03888257/n03888257_70632.JPEG,n03888257,701,parachute,jpeg,70,701,parachute,0.599826991558075,True,13675,13244,1.0325430383569918,43.98600282112796,0.9953255956751064
imagenette,data/imagenette2-320/val/n03888257/n03888257_7130.JPEG,n03888257,701,parachute,jpeg,70,701,parachute,0.5239172577857971,True,8808,8598,1.0244242847173761,45.56800571895069,0.9937688342898113
imagenette,data/imagenette2-320/val/n03888257/n03888257_7210.JPEG,n03888257,701,parachute,jpeg,70,701,parachute,0.45439428091049194,True,8524,8278,1.0297173230248853,45.691306008947606,0.9949179974261062
imagenette,data/imagenette2-320/val/n03888257/n03888257_7231.JPEG,n03888257,701,parachute,jpeg,70,701,parachute,0.2610623240470886,True,6903,6763,1.020700872393908,48.14440721409491,0.9934132662109768
imagenette,data/imagenette2-320/val/n03888257/n03888257_72591.JPEG,n03888257,701,parachute,jpeg,70,701,parachute,0.46014389395713806,True,12564,12333,1.018730235952323,46.32317006085948,0.9915404055914431
imagenette,data/imagenette2-320/val/n03888257/n03888257_72911.JPEG,n03888257,701,parachute,jpeg,70,701,parachute,0.4592108130455017,True,15691,15204,1.0320310444619838,42.76347978022098,0.9930028050991672
imagenette,data/imagenette2-320/val/n03888257/n03888257_72982.JPEG,n03888257,701,parachute,jpeg,70,701,parachute,0.5274010896682739,True,17780,16881,1.0532551389135714,38.802264724598714,0.9764670991471194
imagenette,data/imagenette2-320/val/n03888257/n03888257_7311.JPEG,n03888257,701,parachute,jpeg,70,701,parachute,0.9489612579345703,True,33248,32086,1.0362151717259864,40.872240482680255,0.99070102847821
imagenette,data/imagenette2-320/val/n03888257/n03888257_7331.JPEG,n03888257,701,parachute,jpeg,70,701,parachute,0.4180524945259094,True,13420,12824,1.046475358702433,39.64222054276705,0.9874678724022264
imagenette,data/imagenette2-320/val/n03888257/n03888257_73320.JPEG,n03888257,701,parachute,jpeg,70,701,parachute,0.4589393436908722,True,11049,10800,1.0230555555555556,46.13205758755275,0.9926022243294662
imagenette,data/imagenette2-320/val/n03888257/n03888257_760.JPEG,n03888257,701,parachute,jpeg,70,701,parachute,0.1783326119184494,True,17586,17060,1.0308323563892146,43.0261644652649,0.9897873333160628
imagenette,data/imagenette2-320/val/n03888257/n03888257_7610.JPEG,n03888257,701,parachute,jpeg,70,701,parachute,0.1970045119524002,True,7720,7555,1.0218398411647915,47.74753990683227,0.993159541527339
imagenette,data/imagenette2-320/val/n03888257/n03888257_76121.JPEG,n03888257,701,parachute,jpeg,70,701,parachute,0.4979287087917328,True,11727,11323,1.0356795902146074,43.72935495655042,0.9931356236565021
imagenette,data/imagenette2-320/val/n03888257/n03888257_76331.JPEG,n03888257,701,parachute,jpeg,70,701,parachute,0.5926080346107483,True,10471,10059,1.040958345760016,41.205496369057215,0.9898707393239089
imagenette,data/imagenette2-320/val/n03888257/n03888257_76721.JPEG,n03888257,701,parachute,jpeg,70,701,parachute,0.35226017236709595,True,10435,10106,1.032554917870572,44.03066565863929,0.9944032814535869
imagenette,data/imagenette2-320/val/n03888257/n03888257_7831.JPEG,n03888257,701,parachute,jpeg,70,701,parachute,0.47918108105659485,True,8387,8157,1.0281966409219077,46.56536867374221,0.9928221249970574
imagenette,data/imagenette2-320/val/n03888257/n03888257_7921.JPEG,n03888257,701,parachute,jpeg,70,701,parachute,0.5987169146537781,True,10489,10327,1.0156870339885737,46.77972270871865,0.9895983075422515
imagenette,data/imagenette2-320/val/n03888257/n03888257_7960.JPEG,n03888257,701,parachute,jpeg,70,701,parachute,0.44468292593955994,True,11882,11594,1.0248404347076074,45.64147354939483,0.9906732711510747
imagenette,data/imagenette2-320/val/n03888257/n03888257_7982.JPEG,n03888257,701,parachute,jpeg,70,701,parachute,0.7948012351989746,True,20333,19880,1.0227867203219316,43.87116576640374,0.9888123805908503
imagenette,data/imagenette2-320/val/n03888257/n03888257_80.JPEG,n03888257,701,parachute,jpeg,70,701,parachute,0.33849796652793884,True,16146,15826,1.0202198913180842,43.76390094316701,0.9882666422020101
imagenette,data/imagenette2-320/val/n03888257/n03888257_8001.JPEG,n03888257,701,parachute,jpeg,70,701,parachute,0.5724964737892151,True,34059,32899,1.035259430377823,37.37134907631872,0.990718074253095
imagenette,data/imagenette2-320/val/n03888257/n03888257_8080.JPEG,n03888257,701,parachute,jpeg,70,701,parachute,0.3866167664527893,True,8286,8040,1.0305970149253731,52.12497860113061,0.9980077445104513
imagenette,data/imagenette2-320/val/n03888257/n03888257_8100.JPEG,n03888257,701,parachute,jpeg,70,701,parachute,0.5670765042304993,True,20416,19588,1.0422707780273637,40.34622284788292,0.9848028007706131
imagenette,data/imagenette2-320/val/n03888257/n03888257_8112.JPEG,n03888257,701,parachute,jpeg,70,701,parachute,0.4914892017841339,True,13969,13506,1.0342810602695098,41.59354275230136,0.9903277493880903
imagenette,data/imagenette2-320/val/n03888257/n03888257_8160.JPEG,n03888257,701,parachute,jpeg,70,414,backpack,0.09796777367591858,False,22077,21343,1.0343906667291383,41.845374107956594,0.9898859269814441
imagenette,data/imagenette2-320/val/n03888257/n03888257_8381.JPEG,n03888257,701,parachute,jpeg,70,701,parachute,0.5596678853034973,True,9126,8883,1.027355623100304,45.603379481462525,0.9949286758936965
imagenette,data/imagenette2-320/val/n03888257/n03888257_8391.JPEG,n03888257,701,parachute,jpeg,70,701,parachute,0.6567781567573547,True,14413,14083,1.0234325072782788,44.975131465226056,0.9945332141383956
imagenette,data/imagenette2-320/val/n03888257/n03888257_850.JPEG,n03888257,701,parachute,jpeg,70,701,parachute,0.5509551763534546,True,10485,10229,1.0250268843484212,46.07898169031777,0.9944515893294129
imagenette,data/imagenette2-320/val/n03888257/n03888257_8502.JPEG,n03888257,701,parachute,jpeg,70,701,parachute,0.33343660831451416,True,17009,16663,1.020764568205005,44.11980084587083,0.9917561839933043
imagenette,data/imagenette2-320/val/n03888257/n03888257_880.JPEG,n03888257,701,parachute,jpeg,70,701,parachute,0.8436823487281799,True,26029,25304,1.02865159658552,42.92656948401092,0.9899456681276623
imagenette,data/imagenette2-320/val/n03888257/n03888257_8882.JPEG,n03888257,701,parachute,jpeg,70,701,parachute,0.5122829675674438,True,10177,9718,1.0472319407285449,40.209593384761384,0.9931085741558974
imagenette,data/imagenette2-320/val/n03888257/n03888257_8982.JPEG,n03888257,701,parachute,jpeg,70,701,parachute,0.4791105091571808,True,12116,11784,1.028173794976239,44.260903025253654,0.9860736811627326
imagenette,data/imagenette2-320/val/n03888257/n03888257_9082.JPEG,n03888257,701,parachute,jpeg,70,701,parachute,0.46944859623908997,True,22712,21983,1.0331619888095347,41.42153352955273,0.9923687434367937
imagenette,data/imagenette2-320/val/n03888257/n03888257_912.JPEG,n03888257,701,parachute,jpeg,70,701,parachute,0.6344701647758484,True,11566,11267,1.0265376764001064,44.00490737407223,0.9925562723043834
imagenette,data/imagenette2-320/val/n03888257/n03888257_9301.JPEG,n03888257,701,parachute,jpeg,70,701,parachute,0.4339260458946228,True,17889,17602,1.0163049653448473,46.17698480164694,0.990574310833206
imagenette,data/imagenette2-320/val/n03888257/n03888257_9371.JPEG,n03888257,701,parachute,jpeg,70,701,parachute,0.1942141056060791,True,40389,38798,1.0410072684158977,36.848220661799985,0.9875261104241044
imagenette,data/imagenette2-320/val/n03888257/n03888257_9552.JPEG,n03888257,701,parachute,jpeg,70,701,parachute,0.6655144691467285,True,10341,10102,1.023658681449218,46.13550982243474,0.9942208804510262
imagenette,data/imagenette2-320/val/n03888257/n03888257_9640.JPEG,n03888257,701,parachute,jpeg,70,701,parachute,0.43076658248901367,True,18132,17601,1.0301687404124766,42.12930019498511,0.9901448435464465
imagenette,data/imagenette2-320/val/n03888257/n03888257_9650.JPEG,n03888257,701,parachute,jpeg,70,701,parachute,0.470110148191452,True,14167,13771,1.0287560816207972,43.047429877271966,0.9870907309112177
imagenette,data/imagenette2-320/val/n03888257/n03888257_9671.JPEG,n03888257,701,parachute,jpeg,70,701,parachute,0.5983002185821533,True,17155,16567,1.0354922436168286,42.7391299319762,0.9899282511491861
imagenette,data/imagenette2-320/val/n03888257/n03888257_9770.JPEG,n03888257,701,parachute,jpeg,70,895,warplane,0.2510855793952942,False,23772,23144,1.0271344624956793,43.21663945874124,0.9924849218995734
imagenette,data/imagenette2-320/val/n03888257/n03888257_9771.JPEG,n03888257,701,parachute,jpeg,70,701,parachute,0.5808269381523132,True,8113,7903,1.0265721877767937,48.251484273047616,0.9949207871859628
imagenette,data/imagenette2-320/val/n03888257/n03888257_9812.JPEG,n03888257,701,parachute,jpeg,70,701,parachute,0.39123502373695374,True,11789,11522,1.0231730602325986,45.973092050752726,0.9911413086087096
imagenette,data/imagenette2-320/val/n03888257/n03888257_9932.JPEG,n03888257,701,parachute,jpeg,70,701,parachute,0.09378264844417572,True,31003,30987,1.000516345564269,39.35351198455928,0.9937409165995533
