dataset,path,class_id,target_index,target_label,codec,quality,predicted_index,predicted_class,top1_confidence,is_correct,original_size_bytes,compressed_size_bytes,compression_ratio,psnr,ssim
imagenette,data/imagenette2-320/val/n01440764/ILSVRC2012_val_00009111.JPEG,n01440764,0,tench,webp,77,0,tench,0.7017450332641602,True,34065,29336,1.1612012544314154,35.36196005660241,0.968551060317908
imagenette,data/imagenette2-320/val/n01440764/ILSVRC2012_val_00009191.JPEG,n01440764,0,tench,webp,77,0,tench,0.5323442816734314,True,37836,35550,1.0643037974683545,34.755434255970655,0.9700392250456839
imagenette,data/imagenette2-320/val/n01440764/ILSVRC2012_val_00017472.JPEG,n01440764,0,tench,webp,77,0,tench,0.36365771293640137,True,29470,25688,1.1472282777950795,36.14990913438117,0.9590565546803128
imagenette,data/imagenette2-320/val/n01440764/ILSVRC2012_val_00017700.JPEG,n01440764,0,tench,webp,77,0,tench,0.49499115347862244,True,27741,23022,1.204977847276518,35.99064196333264,0.9577619109364585
imagenette,data/imagenette2-320/val/n01440764/ILSVRC2012_val_00021740.JPEG,n01440764,0,tench,webp,77,0,tench,0.5366436839103699,True,40286,37942,1.0617785040324705,35.272521469070846,0.9789015290475994
imagenette,data/imagenette2-320/val/n01440764/ILSVRC2012_val_00029930.JPEG,n01440764,0,tench,webp,77,0,tench,0.37543562054634094,True,51788,52834,0.9802021425597154,31.932934376305,0.9750521540832934
imagenette,data/imagenette2-320/val/n01440764/ILSVRC2012_val_00030740.JPEG,n01440764,0,tench,webp,77,0,tench,0.5795508623123169,True,19499,12470,1.563672814755413,37.93941206101632,0.957321424075535
imagenette,data/imagenette2-320/val/n01440764/ILSVRC2012_val_00037861.JPEG,n01440764,0,tench,webp,77,0,tench,0.4615378975868225,True,38394,36982,1.0381807365745497,34.55962585082975,0.9689425991228634
imagenette,data/imagenette2-320/val/n01440764/ILSVRC2012_val_00045880.JPEG,n01440764,0,tench,webp,77,0,tench,0.33869415521621704,True,41226,40122,1.0275160759682966,34.24194678078556,0.971098057796954
imagenette,data/imagenette2-320/val/n01440764/ILSVRC2012_val_00046252.JPEG,n01440764,0,tench,webp,77,0,tench,0.5019408464431763,True,40858,40028,1.0207354851603878,34.143499626657324,0.9687766208958418
imagenette,data/imagenette2-320/val/n01440764/n01440764_10040.JPEG,n01440764,0,tench,webp,77,0,tench,0.41869133710861206,True,27185,22110,1.229534147444595,35.90823250450732,0.960300703700152
imagenette,data/imagenette2-320/val/n01440764/n01440764_10042.JPEG,n01440764,0,tench,webp,77,391,coho,0.23039372265338898,False,20797,14048,1.4804242596810935,37.7061270472081,0.9667039769111799
imagenette,data/imagenette2-320/val/n01440764/n01440764_10110.JPEG,n01440764,0,tench,webp,77,0,tench,0.44160524010658264,True,42233,40194,1.0507289645220679,34.07655110884625,0.9786791949711281
imagenette,data/imagenette2-320/val/n01440764/n01440764_10120.JPEG,n01440764,0,tench,webp,77,0,tench,0.4060499668121338,True,17864,11142,1.6033028181655,38.693352371216044,0.960394108844313
imagenette,data/imagenette2-320/val/n01440764/n01440764_10150.JPEG,n01440764,0,tench,webp,77,0,tench,0.584532618522644,True,28171,24172,1.1654393513155716,35.21873500591259,0.9587949353657551
imagenette,data/imagenette2-320/val/n01440764/n01440764_10162.JPEG,n01440764,0,tench,webp,77,0,tench,0.439540833234787,True,58855,62246,0.9455226038620955,34.21280222505283,0.9860600720293089
imagenette,data/imagenette2-320/val/n01440764/n01440764_10211.JPEG,n01440764,0,tench,webp,77,0,tench,0.22642573714256287,True,26911,21584,1.2468031875463306,36.140009179239094,0.9656290969865212
imagenette,data/imagenette2-320/val/n01440764/n01440764_10251.JPEG,n01440764,0,tench,webp,77,0,tench,0.5265865921974182,True,36410,33876,1.0748022198606684,34.73831101355182,0.9723979965705798
imagenette,data/imagenette2-320/val/n01440764/n01440764_10281.JPEG,n01440764,0,tench,webp,77,0,tench,0.5236684083938599,True,35692,31776,1.1232376636455186,34.632753155826286,0.9699078064664374
imagenette,data/imagenette2-320/val/n01440764/n01440764_10290.JPEG,n01440764,0,tench,webp,77,0,tench,0.6588867902755737,True,33837,30596,1.1059288795921036,34.773906149921004,0.959414236771933
imagenette,data/imagenette2-320/val/n01440764/n01440764_10320.JPEG,n01440764,0,tench,webp,77,0,tench,0.43457621335983276,True,17586,11582,1.518390606112934,37.93280106080991,0.9569941247254706
imagenette,data/imagenette2-320/val/n01440764/n01440764_10331.JPEG,n01440764,0,tench,webp,77,394,sturgeon,0.2565844655036926,False,29247,21752,1.3445660169179845,36.41023330410712,0.9636672917094472
imagenette,data/imagenette2-320/val/n01440764/n01440764_10342.JPEG,n01440764,0,tench,webp,77,0,tench,0.5411978363990784,True,54309,49094,1.106224793253758,35.45362084146681,0.9625493593693469
imagenette,data/imagenette2-320/val/n01440764/n01440764_10361.JPEG,n01440764,0,tench,webp,77,0,tench,0.4836523234844208,True,35585,32192,1.1053988568588469,35.016616868473555,0.9742669433042105
imagenette,data/imagenette2-320/val/n01440764/n01440764_10380.JPEG,n01440764,0,tench,webp,77,0,tench,0.37494897842407227,True,31023,24520,1.2652120717781403,35.52618370267816,0.9649292887014743
imagenette,data/imagenette2-320/val/n01440764/n01440764_10382.JPEG,n01440764,0,tench,webp,77,0,tench,0.48929542303085327,True,29788,24130,1.2344799005387483,36.72516389220372,0.9658383755540335
imagenette,data/imagenette2-320/val/n01440764/n01440764_10410.JPEG,n01440764,0,tench,webp,77,0,tench,0.49412965774536133,True,23142,15376,1.505072840790843,37.33404723103955,0.955341134164495
imagenette,data/imagenette2-320/val/n01440764/n01440764_10462.JPEG,n01440764,0,tench,webp,77,0,tench,0.49519556760787964,True,20674,14282,1.4475563646548102,36.69597104407759,0.9490651252828629
imagenette,data/imagenette2-320/val/n01440764/n01440764_10470.JPEG,n01440764,0,tench,webp,77,0,tench,0.4543442130088806,True,30801,25940,1.1873939861218197,35.56159951140295,0.9658727199609052
imagenette,data/imagenette2-320/val/n01440764/n01440764_10482.JPEG,n01440764,0,tench,webp,77,0,tench,0.5436597466468811,True,23850,16776,1.4216738197424892,36.69608727427687,0.9614015761462512
imagenette,data/imagenette2-320/val/n01440764/n01440764_10491.JPEG,n01440764,0,tench,webp,77,0,tench,0.5180709362030029,True,28623,23890,1.1981163666806196,35.49744521956229,0.9596050547463069
imagenette,data/imagenette2-320/val/n01440764/n01440764_10531.JPEG,n01440764,0,tench,webp,77,0,tench,0.49148666858673096,True,32913,27352,1.2033123720386079,35.64345879109285,0.9668097559315955
imagenette,data/imagenette2-320/val/n01440764/n01440764_10542.JPEG,n01440764,0,tench,webp,77,0,tench,0.36686575412750244,True,27080,19674,1.3764359052556674,37.30908549475032,0.9651303044966614
imagenette,data/imagenette2-320/val/n01440764/n01440764_10550.JPEG,n01440764,0,tench,webp,77,0,tench,0.37949854135513306,True,44040,43274,1.0177011600499144,34.540938965133,0.9777195603620602
imagenette,data/imagenette2-320/val/n01440764/n01440764_10592.JPEG,n01440764,0,tench,webp,77,0,tench,0.7346841096878052,True,25319,16224,1.5605892504930967,37.23252739896801,0.9732395101234923
imagenette,data/imagenette2-320/val/n01440764/n01440764_10740.JPEG,n01440764,0,tench,webp,77,0,tench,0.42321687936782837,True,30075,23722,1.2678104712924712,35.32987125730661,0.9680216517404195
imagenette,data/imagenette2-320/val/n01440764/n01440764_10792.JPEG,n01440764,0,tench,webp,77,0,tench,0.4821526110172272,True,19579,13190,1.484382107657316,38.145374431522036,0.9577737338663126
imagenette,data/imagenette2-320/val/n01440764/n01440764_10812.JPEG,n01440764,0,tench,webp,77,0,tench,0.6389902234077454,True,29882,24588,1.215308280462014,35.24416133436712,0.9573218154236733
imagenette,data/imagenette2-320/val/n01440764/n01440764_10822.JPEG,n01440764,0,tench,webp,77,0,tench,0.5190035700798035,True,24802,18872,1.3142221280203477,36.5990014824444,0.9567160621520104
imagenette,data/imagenette2-320/val/n01440764/n01440764_10852.JPEG,n01440764,0,tench,webp,77,0,tench,0.4100933074951172,True,25645,22042,1.1634606660012703,35.10729135993928,0.9654644472638937
imagenette,data/imagenette2-320/val/n01440764/n01440764_1091.JPEG,n01440764,0,tench,webp,77,0,tench,0.27627071738243103,True,18105,10994,1.6468073494633437,37.56259355668685,0.9456028028864368
imagenette,data/imagenette2-320/val/n01440764/n01440764_10910.JPEG,n01440764,0,tench,webp,77,0,tench,0.4309135973453522,True,49190,46328,1.0617768951821793,34.225247777570516,0.9782707864296268
imagenette,data/imagenette2-320/val/n01440764/n01440764_11011.JPEG,n01440764,0,tench,webp,77,0,tench,0.5764908790588379,True,27752,21446,1.2940408467779538,35.7851620809901,0.9606787477994878
imagenette,data/imagenette2-320/val/n01440764/n01440764_11151.JPEG,n01440764,0,tench,webp,77,0,tench,0.44373971223831177,True,21501,13944,1.5419535283993115,37.78667921480202,0.9664853028541355
imagenette,data/imagenette2-320/val/n01440764/n01440764_11170.JPEG,n01440764,0,tench,webp,77,0,tench,0.5259678959846497,True,58536,59200,0.9887837837837837,33.88417321068568,0.9811994335205387
imagenette,data/imagenette2-320/val/n01440764/n01440764_11190.JPEG,n01440764,0,tench,webp,77,0,tench,0.5399051904678345,True,32385,27712,1.1686273094688222,35.42802289100574,0.9730140353002884
imagenette,data/imagenette2-320/val/n01440764/n01440764_11211.JPEG,n01440764,0,tench,webp,77,0,tench,0.529064416885376,True,15459,8850,1.7467796610169493,38.61239096093258,0.9588098115311667
imagenette,data/imagenette2-320/val/n01440764/n01440764_11281.JPEG,n01440764,0,tench,webp,77,0,tench,0.45277026295661926,True,18783,12278,1.5298094152142043,37.80289624134481,0.9606216630188568
imagenette,data/imagenette2-320/val/n01440764/n01440764_11331.JPEG,n01440764,0,tench,webp,77,0,tench,0.4331054091453552,True,41909,39810,1.0527254458678723,34.088916505046626,0.9706458435082684
imagenette,data/imagenette2-320/val/n01440764/n01440764_11350.JPEG,n01440764,0,tench,webp,77,0,tench,0.49263855814933777,True,22255,14494,1.535462950186284,37.34460811543861,0.9599412703717863
imagenette,data/imagenette2-320/val/n01440764/n01440764_11400.JPEG,n01440764,0,tench,webp,77,0,tench,0.5350277423858643,True,30843,28206,1.093490746649649,34.94362176982881,0.967308406582537
imagenette,data/imagenette2-320/val/n01440764/n01440764_1141.JPEG,n01440764,0,tench,webp,77,0,tench,0.24534237384796143,True,23838,16344,1.458516886930984,36.59495832754955,0.9626822491740317
imagenette,data/imagenette2-320/val/n01440764/n01440764_11420.JPEG,n01440764,0,tench,webp,77,0,tench,0.44250303506851196,True,30469,25448,1.1973043068217541,35.052230445669,0.9583095408010393
imagenette,data/imagenette2-320/val/n01440764/n01440764_11570.JPEG,n01440764,0,tench,webp,77,0,tench,0.5447179079055786,True,33308,29184,1.1413103070175439,35.5334860535237,0.9454890994687467
imagenette,data/imagenette2-320/val/n01440764/n01440764_11590.JPEG,n01440764,0,tench,webp,77,0,tench,0.5444027781486511,True,24549,17350,1.41492795389049,36.61776245401082,0.9562626867388625
imagenette,data/imagenette2-320/val/n01440764/n01440764_11602.JPEG,n01440764,0,tench,webp,77,0,tench,0.6245635747909546,True,20003,13298,1.504211159572868,37.60798262666882,0.9612978667432955
imagenette,data/imagenette2-320/val/n01440764/n01440764_11612.JPEG,n01440764,0,tench,webp,77,0,tench,0.7429825663566589,True,28297,22106,1.2800597122953044,35.694421032343264,0.9572933352117223
imagenette,data/imagenette2-320/val/n01440764/n01440764_11650.JPEG,n01440764,0,tench,webp,77,0,tench,0.4988165497779846,True,25703,21988,1.1689557940694923,36.06085078103624,0.9629233664643854
imagenette,data/imagenette2-320/val/n01440764/n01440764_11652.JPEG,n01440764,0,tench,webp,77,0,tench,0.5516328811645508,True,34315,30842,1.1126061863692367,35.21245805838048,0.969771857886224
imagenette,data/imagenette2-320/val/n01440764/n01440764_11750.JPEG,n01440764,0,tench,webp,77,0,tench,0.37756240367889404,True,28761,22480,1.2794039145907474,35.88939004833569,0.9546417147602049
imagenette,data/imagenette2-320/val/n01440764/n01440764_11762.JPEG,n01440764,0,tench,webp,77,0,tench,0.4702882170677185,True,24974,17810,1.4022459292532286,36.977492342285785,0.9620943823149628
imagenette,data/imagenette2-320/val/n01440764/n01440764_11830.JPEG,n01440764,0,tench,webp,77,0,tench,0.4505351781845093,True,38565,35924,1.0735163122146754,34.611906144400464,0.9718803599455272
imagenette,data/imagenette2-320/val/n01440764/n01440764_11841.JPEG,n01440764,0,tench,webp,77,0,tench,0.5120537281036377,True,21216,14614,1.4517585876556727,37.10199980685929,0.9592729889092895
imagenette,data/imagenette2-320/val/n01440764/n01440764_11881.JPEG,n01440764,0,tench,webp,77,0,tench,0.49279165267944336,True,24952,20708,1.2049449488120534,35.881844208254904,0.9743299302980778
imagenette,data/imagenette2-320/val/n01440764/n01440764_11930.JPEG,n01440764,0,tench,webp,77,0,tench,0.4682813584804535,True,41482,41996,0.9877607391180112,34.22326945404888,0.9702867475677065
imagenette,data/imagenette2-320/val/n01440764/n01440764_11972.JPEG,n01440764,0,tench,webp,77,0,tench,0.596335768699646,True,26842,20360,1.318369351669941,36.13930755393263,0.9614304809112307
imagenette,data/imagenette2-320/val/n01440764/n01440764_12021.JPEG,n01440764,0,tench,webp,77,0,tench,0.5175899863243103,True,16994,11074,1.5345855156221782,37.18607125151334,0.9553580396124429
imagenette,data/imagenette2-320/val/n01440764/n01440764_12040.JPEG,n01440764,0,tench,webp,77,0,tench,0.42840680480003357,True,38532,35742,1.0780594258855127,34.75541912288532,0.9757399997644475
imagenette,data/imagenette2-320/val/n01440764/n01440764_12090.JPEG,n01440764,0,tench,webp,77,0,tench,0.4998740255832672,True,20393,15370,1.3268054651919323,36.28269582792049,0.9527002473623059
imagenette,data/imagenette2-320/val/n01440764/n01440764_12100.JPEG,n01440764,0,tench,webp,77,0,tench,0.458955317735672,True,29504,26152,1.1281737534414193,36.12869696449435,0.9597420184218057
imagenette,data/imagenette2-320/val/n01440764/n01440764_12111.JPEG,n01440764,0,tench,webp,77,0,tench,0.39243119955062866,True,17776,10908,1.6296296296296295,37.86139970519865,0.951586982821242
imagenette,data/imagenette2-320/val/n01440764/n01440764_12131.JPEG,n01440764,0,tench,webp,77,0,tench,0.5036117434501648,True,24036,18202,1.3205142292055818,37.33214079086764,0.9680901798420409
imagenette,data/imagenette2-320/val/n01440764/n01440764_12151.JPEG,n01440764,0,tench,webp,77,0,tench,0.4606282413005829,True,24868,19748,1.2592667611910067,35.77010807106494,0.9626779240278357
imagenette,data/imagenette2-320/val/n01440764/n01440764_12182.JPEG,n01440764,0,tench,webp,77,0,tench,0.5985996723175049,True,32912,28590,1.1511717383700595,35.17136499851571,0.9670177869290622
imagenette,data/imagenette2-320/val/n01440764/n01440764_12211.JPEG,n01440764,0,tench,webp,77,0,tench,0.5313378572463989,True,17225,10990,1.567333939945405,37.95911999201917,0.9626215823577682
imagenette,data/imagenette2-320/val/n01440764/n01440764_12241.JPEG,n01440764,0,tench,webp,77,0,tench,0.44851425290107727,True,18078,9912,1.8238498789346247,38.05702778782147,0.9516376877782854
imagenette,data/imagenette2-320/val/n01440764/n01440764_12250.JPEG,n01440764,0,tench,webp,77,0,tench,0.44864600896835327,True,22244,17726,1.2548798375267969,35.88028973455279,0.958535632568554
imagenette,data/imagenette2-320/val/n01440764/n01440764_12291.JPEG,n01440764,0,tench,webp,77,0,tench,0.7488945126533508,True,37480,29642,1.2644221037716754,35.94082308805805,0.9617357966656908
imagenette,data/imagenette2-320/val/n01440764/n01440764_1232.JPEG,n01440764,0,tench,webp,77,0,tench,0.42567741870880127,True,27752,20012,1.386767939236458,36.40429388606749,0.9612611520683051
imagenette,data/imagenette2-320/val/n01440764/n01440764_12362.JPEG,n01440764,0,tench,webp,77,0,tench,0.603429913520813,True,22195,15420,1.4393644617380026,36.414169992268285,0.9519377962485119
imagenette,data/imagenette2-320/val/n01440764/n01440764_12502.JPEG,n01440764,0,tench,webp,77,0,tench,0.627572238445282,True,30107,24578,1.2249572788672798,35.14998061118285,0.9632145612728933
imagenette,data/imagenette2-320/val/n01440764/n01440764_12571.JPEG,n01440764,0,tench,webp,77,0,tench,0.5764468312263489,True,23209,16172,1.4351348008904279,37.150629168046514,0.9647533282980524
imagenette,data/imagenette2-320/val/n01440764/n01440764_12572.JPEG,n01440764,0,tench,webp,77,0,tench,0.39839017391204834,True,26103,22158,1.178039534253994,35.17933903098942,0.9441132167508943
imagenette,data/imagenette2-320/val/n01440764/n01440764_12620.JPEG,n01440764,0,tench,webp,77,0,tench,0.4794706702232361,True,15882,10294,1.5428404896055954,38.14344217749506,0.9639727638726345
imagenette,data/imagenette2-320/val/n01440764/n01440764_12632.JPEG,n01440764,0,tench,webp,77,0,tench,0.4106922745704651,True,14170,7876,1.7991366175723718,38.90095815242744,0.9658391698556676
imagenette,data/imagenette2-320/val/n01440764/n01440764_12702.JPEG,n01440764,0,tench,webp,77,0,tench,0.5595136880874634,True,39090,36422,1.0732524298500905,34.599687591120535,0.9747990800766285
imagenette,data/imagenette2-320/val/n01440764/n01440764_1272.JPEG,n01440764,0,tench,webp,77,0,tench,0.44068771600723267,True,32973,29616,1.1133508914100487,35.129878024567645,0.9639292747414152
imagenette,data/imagenette2-320/val/n01440764/n01440764_12732.JPEG,n01440764,0,tench,webp,77,0,tench,0.5400785803794861,True,28374,21194,1.3387751250353874,36.62665679226766,0.9677438327240768
imagenette,data/imagenette2-320/val/n01440764/n01440764_12881.JPEG,n01440764,0,tench,webp,77,0,tench,0.4351695775985718,True,26630,19292,1.3803649181007671,36.42708680945645,0.9524527501761613
imagenette,data/imagenette2-320/val/n01440764/n01440764_12950.JPEG,n01440764,0,tench,webp,77,0,tench,0.4787391424179077,True,23386,16960,1.3788915094339622,36.29884894770703,0.9424362380014135
imagenette,data/imagenette2-320/val/n01440764/n01440764_12971.JPEG,n01440764,0,tench,webp,77,0,tench,0.2895351052284241,True,20060,13312,1.5069110576923077,37.4214070607366,0.9484682473261931
imagenette,data/imagenette2-320/val/n01440764/n01440764_12972.JPEG,n01440764,0,tench,webp,77,0,tench,0.3461351692676544,True,33514,29898,1.1209445447856043,35.21721315634858,0.9665268079003595
imagenette,data/imagenette2-320/val/n01440764/n01440764_1302.JPEG,n01440764,0,tench,webp,77,0,tench,0.24701111018657684,True,24061,15342,1.5683092165297876,37.53032317416666,0.9457634598003123
imagenette,data/imagenette2-320/val/n01440764/n01440764_13051.JPEG,n01440764,0,tench,webp,77,0,tench,0.42758840322494507,True,17269,10476,1.648434516991218,38.541898987101206,0.9299110246844311
imagenette,data/imagenette2-320/val/n01440764/n01440764_1310.JPEG,n01440764,0,tench,webp,77,0,tench,0.4503929913043976,True,16139,11994,1.3455894613973653,37.57265561695196,0.9693017420459306
imagenette,data/imagenette2-320/val/n01440764/n01440764_13122.JPEG,n01440764,0,tench,webp,77,0,tench,0.3421550691127777,True,35479,29370,1.2080013619339462,35.668007000217905,0.9663001487046077
imagenette,data/imagenette2-320/val/n01440764/n01440764_13161.JPEG,n01440764,0,tench,webp,77,0,tench,0.4018556773662567,True,20535,14866,1.3813399704022602,37.01621628325341,0.9552250765120126
imagenette,data/imagenette2-320/val/n01440764/n01440764_13251.JPEG,n01440764,0,tench,webp,77,0,tench,0.5790237784385681,True,20614,15534,1.327024591219261,36.00755564469302,0.9685730855045961
imagenette,data/imagenette2-320/val/n01440764/n01440764_13360.JPEG,n01440764,0,tench,webp,77,0,tench,0.37841179966926575,True,27010,20252,1.3336954374876555,37.13230403515662,0.9672988388098217
imagenette,data/imagenette2-320/val/n01440764/n01440764_13452.JPEG,n01440764,0,tench,webp,77,0,tench,0.5222216844558716,True,45364,43102,1.052480163333488,34.14283627211253,0.979234700974339
imagenette,data/imagenette2-320/val/n01440764/n01440764_13581.JPEG,n01440764,0,tench,webp,77,0,tench,0.443200021982193,True,41737,39348,1.060714648775033,33.73117975330717,0.9736292936887833
imagenette,data/imagenette2-320/val/n01440764/n01440764_13602.JPEG,n01440764,0,tench,webp,77,0,tench,0.3703448474407196,True,17090,10574,1.616228484963117,38.30962224933031,0.9600477670135517
imagenette,data/imagenette2-320/val/n01440764/n01440764_13702.JPEG,n01440764,0,tench,webp,77,0,tench,0.5007773637771606,True,28425,21574,1.3175581718735514,35.86714225208543,0.9359584867086254
imagenette,data/imagenette2-320/val/n01440764/n01440764_13751.JPEG,n01440764,0,tench,webp,77,0,tench,0.3887261748313904,True,27888,21666,1.2871780670174466,36.381552423008785,0.9653905493886583
imagenette,data/imagenette2-320/val/n01440764/n01440764_13770.JPEG,n01440764,0,tench,webp,77,0,tench,0.4284231662750244,True,38126,36372,1.0482239085010447,34.529251595960474,0.969480103411169
imagenette,data/imagenette2-320/val/n01440764/n01440764_13801.JPEG,n01440764,0,tench,webp,77,0,tench,0.3708803057670593,True,33544,26950,1.2446753246753246,36.076686149551634,0.9710187483488856
imagenette,data/imagenette2-320/val/n01440764/n01440764_13821.JPEG,n01440764,0,tench,webp,77,0,tench,0.45807844400405884,True,22653,17648,1.2836015412511332,36.62822422227767,0.9657965687256093
imagenette,data/imagenette2-320/val/n01440764/n01440764_13842.JPEG,n01440764,0,tench,webp,77,0,tench,0.40960338711738586,True,28525,22618,1.2611636749491555,35.97005492284203,0.9600775238138711
imagenette,data/imagenette2-320/val/n01440764/n01440764_13860.JPEG,n01440764,0,tench,webp,77,0,tench,0.36900806427001953,True,24724,19398,1.2745643880812454,35.71232823582791,0.9541953561264888
imagenette,data/imagenette2-320/val/n01440764/n01440764_141.JPEG,n01440764,0,tench,webp,77,0,tench,0.40728864073753357,True,33537,30392,1.1034811792576993,35.10877647250729,0.9655105708326649
imagenette,data/imagenette2-320/val/n01440764/n01440764_14150.JPEG,n01440764,0,tench,webp,77,0,tench,0.48524343967437744,True,47722,48904,0.9758301979388189,34.0723950532815,0.9786886383691579
imagenette,data/imagenette2-320/val/n01440764/n01440764_14162.JPEG,n01440764,0,tench,webp,77,0,tench,0.35877910256385803,True,23473,18428,1.273768178858259,35.92673365027962,0.94299219044377
imagenette,data/imagenette2-320/val/n01440764/n01440764_14172.JPEG,n01440764,0,tench,webp,77,0,tench,0.5422989130020142,True,16245,10798,1.504445267642156,37.54129882282318,0.9468918832987411
imagenette,data/imagenette2-320/val/n01440764/n01440764_14190.JPEG,n01440764,0,tench,webp,77,389,barracouta,0.12941136956214905,False,24700,16448,1.5017023346303502,36.794265845014465,0.9651211975161683
imagenette,data/imagenette2-320/val/n01440764/n01440764_14232.JPEG,n01440764,0,tench,webp,77,0,tench,0.6547983288764954,True,19116,11784,1.6221995926680244,38.074804768490324,0.9568082611893538
imagenette,data/imagenette2-320/val/n01440764/n01440764_14280.JPEG,n01440764,0,tench,webp,77,0,tench,0.5053497552871704,True,29573,23204,1.2744785381830719,35.845559244748685,0.9522392148671962
imagenette,data/imagenette2-320/val/n01440764/n01440764_14310.JPEG,n01440764,0,tench,webp,77,0,tench,0.5303896069526672,True,24283,19420,1.2504119464469619,36.609868754035396,0.9644154957057905
imagenette,data/imagenette2-320/val/n01440764/n01440764_14341.JPEG,n01440764,0,tench,webp,77,0,tench,0.49328258633613586,True,21300,13774,1.5463917525773196,37.70213751522837,0.9513342982250856
imagenette,data/imagenette2-320/val/n01440764/n01440764_14342.JPEG,n01440764,0,tench,webp,77,0,tench,0.42241114377975464,True,36146,33120,1.091364734299517,35.00857423765114,0.972421039925022
imagenette,data/imagenette2-320/val/n01440764/n01440764_14402.JPEG,n01440764,0,tench,webp,77,0,tench,0.4312252700328827,True,35873,24354,1.4729818510306316,36.76017605895809,0.939569803985607
imagenette,data/imagenette2-320/val/n01440764/n01440764_14411.JPEG,n01440764,0,tench,webp,77,0,tench,0.5027713179588318,True,30009,24574,1.2211687149019288,35.55733287372479,0.966289927297479
imagenette,data/imagenette2-320/val/n01440764/n01440764_14490.JPEG,n01440764,0,tench,webp,77,0,tench,0.47453051805496216,True,26643,20244,1.3160936573799644,36.40760551196449,0.9570344813422037
imagenette,data/imagenette2-320/val/n01440764/n01440764_14530.JPEG,n01440764,0,tench,webp,77,0,tench,0.4851057529449463,True,20128,13280,1.5156626506024096,38.7524276754103,0.9738882344199175
imagenette,data/imagenette2-320/val/n01440764/n01440764_14650.JPEG,n01440764,0,tench,webp,77,0,tench,0.2850361466407776,True,27433,22130,1.2396294622684139,36.10831974537593,0.9530096560899373
imagenette,data/imagenette2-320/val/n01440764/n01440764_14731.JPEG,n01440764,0,tench,webp,77,0,tench,0.4320555031299591,True,31925,26904,1.186626523936961,35.57168090234406,0.9593185571768093
imagenette,data/imagenette2-320/val/n01440764/n01440764_14771.JPEG,n01440764,0,tench,webp,77,0,tench,0.39196333289146423,True,38366,34722,1.1049478716663788,34.669449490149795,0.9780327153437317
imagenette,data/imagenette2-320/val/n01440764/n01440764_14790.JPEG,n01440764,0,tench,webp,77,0,tench,0.4248170256614685,True,32938,29216,1.127395947426068,35.16146602133673,0.9587123279112534
imagenette,data/imagenette2-320/val/n01440764/n01440764_14802.JPEG,n01440764,0,tench,webp,77,0,tench,0.4396524727344513,True,38038,34856,1.0912898783566674,34.91049243725432,0.9665153965829978
imagenette,data/imagenette2-320/val/n01440764/n01440764_14891.JPEG,n01440764,0,tench,webp,77,0,tench,0.6366303563117981,True,29678,22344,1.3282312925170068,35.74554640047582,0.9665238313980798
imagenette,data/imagenette2-320/val/n01440764/n01440764_15071.JPEG,n01440764,0,tench,webp,77,0,tench,0.5152060389518738,True,24780,18414,1.3457152166829587,36.33622808924393,0.9560329106392448
imagenette,data/imagenette2-320/val/n01440764/n01440764_15081.JPEG,n01440764,0,tench,webp,77,0,tench,0.532579779624939,True,32780,30612,1.0708218999085326,34.56431523645989,0.9757871765807323
imagenette,data/imagenette2-320/val/n01440764/n01440764_1552.JPEG,n01440764,0,tench,webp,77,0,tench,0.592318594455719,True,25458,19026,1.338063702302113,35.791329572982555,0.9567191122196311
imagenette,data/imagenette2-320/val/n01440764/n01440764_15560.JPEG,n01440764,0,tench,webp,77,0,tench,0.580442488193512,True,41293,38414,1.074946634039673,36.277056467189695,0.9852027656350543
imagenette,data/imagenette2-320/val/n01440764/n01440764_1561.JPEG,n01440764,0,tench,webp,77,0,tench,0.47052186727523804,True,31845,27620,1.1529688631426502,35.31929917063992,0.9635807893000164
imagenette,data/imagenette2-320/val/n01440764/n01440764_16051.JPEG,n01440764,0,tench,webp,77,0,tench,0.4766480326652527,True,32994,28748,1.1476972311117295,35.588562671205715,0.9467227687701515
imagenette,data/imagenette2-320/val/n01440764/n01440764_16072.JPEG,n01440764,0,tench,webp,77,0,tench,0.5027008056640625,True,39679,36264,1.0941705272446502,34.686425861519524,0.9667801214208591
imagenette,data/imagenette2-320/val/n01440764/n01440764_16090.JPEG,n01440764,0,tench,webp,77,0,tench,0.49022501707077026,True,29106,22132,1.3151093439363817,35.55489156189984,0.9578021994666872
imagenette,data/imagenette2-320/val/n01440764/n01440764_16192.JPEG,n01440764,0,tench,webp,77,0,tench,0.3786855936050415,True,55834,56026,0.9965730196694392,34.041828173902594,0.9877236726483914
imagenette,data/imagenette2-320/val/n01440764/n01440764_16220.JPEG,n01440764,0,tench,webp,77,0,tench,0.4547896683216095,True,33501,29126,1.1502094348691891,35.191455891546596,0.9645090203738741
imagenette,data/imagenette2-320/val/n01440764/n01440764_16982.JPEG,n01440764,0,tench,webp,77,0,tench,0.4884529411792755,True,43812,35728,1.2262651141961487,34.93039766212329,0.9599435139126417
imagenette,data/imagenette2-320/val/n01440764/n01440764_17050.JPEG,n01440764,0,tench,webp,77,0,tench,0.6340335011482239,True,30548,24708,1.2363606928929902,35.1142771345205,0.9642239765882744
imagenette,data/imagenette2-320/val/n01440764/n01440764_172.JPEG,n01440764,0,tench,webp,77,0,tench,0.42858511209487915,True,24333,17068,1.4256503398172018,37.59699750050996,0.9598439504868996
imagenette,data/imagenette2-320/val/n01440764/n01440764_17501.JPEG,n01440764,0,tench,webp,77,0,tench,0.48791342973709106,True,51909,52902,0.981229443121243,34.01931638447731,0.9772187164257566
imagenette,data/imagenette2-320/val/n01440764/n01440764_1770.JPEG,n01440764,0,tench,webp,77,0,tench,0.4355733096599579,True,27499,20960,1.3119751908396946,36.0991319405249,0.955536875820603
imagenette,data/imagenette2-320/val/n01440764/n01440764_17782.JPEG,n01440764,0,tench,webp,77,0,tench,0.3765137493610382,True,28165,21336,1.320069366329209,36.32352465779584,0.9496107238028347
imagenette,data/imagenette2-320/val/n01440764/n01440764_17921.JPEG,n01440764,0,tench,webp,77,0,tench,0.589985728263855,True,25878,19310,1.3401346452615226,36.403920575284275,0.9453082619715762
imagenette,data/imagenette2-320/val/n01440764/n01440764_18220.JPEG,n01440764,0,tench,webp,77,0,tench,0.4379946291446686,True,26732,20050,1.3332668329177058,36.45261743503398,0.9656497824249356
imagenette,data/imagenette2-320/val/n01440764/n01440764_18592.JPEG,n01440764,0,tench,webp,77,0,tench,0.5174766778945923,True,38021,35950,1.0576077885952713,34.88510670515178,0.9756644632872585
imagenette,data/imagenette2-320/val/n01440764/n01440764_190.JPEG,n01440764,0,tench,webp,77,0,tench,0.5569142699241638,True,13793,8024,1.7189680957128615,40.075250625619454,0.9752830825501825
imagenette,data/imagenette2-320/val/n01440764/n01440764_192.JPEG,n01440764,0,tench,webp,77,0,tench,0.5158400535583496,True,28016,23846,1.1748720959490062,35.61353891196623,0.9566548069586279
imagenette,data/imagenette2-320/val/n01440764/n01440764_19302.JPEG,n01440764,0,tench,webp,77,0,tench,0.4329969882965088,True,33179,29060,1.1417412250516172,35.72157856213605,0.9649499673238805
imagenette,data/imagenette2-320/val/n01440764/n01440764_1951.JPEG,n01440764,0,tench,webp,77,0,tench,0.2536616623401642,True,11196,5710,1.96077057793345,41.61545134606159,0.9712387717686327
imagenette,data/imagenette2-320/val/n01440764/n01440764_19661.JPEG,n01440764,0,tench,webp,77,0,tench,0.45782506465911865,True,29775,23416,1.2715664502903998,35.97923403344148,0.9555724432487263
imagenette,data/imagenette2-320/val/n01440764/n01440764_1980.JPEG,n01440764,0,tench,webp,77,0,tench,0.48414310812950134,True,29544,25392,1.16351606805293,35.697444619179045,0.9595827900631747
imagenette,data/imagenette2-320/val/n01440764/n01440764_200.JPEG,n01440764,0,tench,webp,77,0,tench,0.5063002705574036,True,35712,33806,1.0563805241673077,34.72640076818021,0.9644425898706114
imagenette,data/imagenette2-320/val/n01440764/n01440764_2001.JPEG,n01440764,0,tench,webp,77,0,tench,0.5923677086830139,True,38393,35836,1.0713528295568702,34.178059786147955,0.9698265170153547
imagenette,data/imagenette2-320/val/n01440764/n01440764_2002.JPEG,n01440764,0,tench,webp,77,0,tench,0.649369478225708,True,16891,10064,1.678358505564388,37.99242501672776,0.9497256400239809
imagenette,data/imagenette2-320/val/n01440764/n01440764_20451.JPEG,n01440764,0,tench,webp,77,0,tench,0.33220174908638,True,49563,49240,1.0065597075548334,34.34191050535099,0.9683160733182731
imagenette,data/imagenette2-320/val/n01440764/n01440764_20592.JPEG,n01440764,0,tench,webp,77,0,tench,0.3137494623661041,True,35271,31732,1.1115277952855163,35.22630970817632,0.976688889426878
imagenette,data/imagenette2-320/val/n01440764/n01440764_20650.JPEG,n01440764,0,tench,webp,77,0,tench,0.5149877071380615,True,56412,57072,0.9884356602186711,33.91337404850632,0.9828616476497712
imagenette,data/imagenette2-320/val/n01440764/n01440764_20922.JPEG,n01440764,0,tench,webp,77,0,tench,0.41928768157958984,True,15135,8802,1.7194955691888207,38.90990443355703,0.9560075249836065
imagenette,data/imagenette2-320/val/n01440764/n01440764_2102.JPEG,n01440764,0,tench,webp,77,0,tench,0.42793628573417664,True,16611,11032,1.505710659898477,38.666777604064045,0.9671835393183837
imagenette,data/imagenette2-320/val/n01440764/n01440764_21052.JPEG,n01440764,0,tench,webp,77,0,tench,0.2728320360183716,True,27791,22168,1.2536539155539517,35.712546240179975,0.9553299847921958
imagenette,data/imagenette2-320/val/n01440764/n01440764_21161.JPEG,n01440764,0,tench,webp,77,0,tench,0.4358211159706116,True,45619,43480,1.049195032198712,33.988931596471545,0.9747374989383766
imagenette,data/imagenette2-320/val/n01440764/n01440764_21191.JPEG,n01440764,0,tench,webp,77,0,tench,0.3674635887145996,True,36209,33240,1.0893200962695548,34.65231470182475,0.9706240831510576
imagenette,data/imagenette2-320/val/n01440764/n01440764_2121.JPEG,n01440764,0,tench,webp,77,0,tench,0.5151355862617493,True,26420,20822,1.268850254538469,35.94048604496667,0.9499751162849349
imagenette,data/imagenette2-320/val/n01440764/n01440764_2162.JPEG,n01440764,0,tench,webp,77,0,tench,0.7195695042610168,True,16565,10164,1.6297717434081072,38.46916586080357,0.949733899111196
imagenette,data/imagenette2-320/val/n01440764/n01440764_21790.JPEG,n01440764,0,tench,webp,77,0,tench,0.5660119652748108,True,29025,22732,1.2768344184409643,35.97876967898118,0.9550730100895154
imagenette,data/imagenette2-320/val/n01440764/n01440764_2221.JPEG,n01440764,0,tench,webp,77,0,tench,0.45996198058128357,True,28310,23756,1.191698939215356,35.98887897834246,0.9551260011492476
imagenette,data/imagenette2-320/val/n01440764/n01440764_2271.JPEG,n01440764,0,tench,webp,77,0,tench,0.4999498128890991,True,51293,50588,1.0139361113307503,33.6491154557474,0.9847926021555446
imagenette,data/imagenette2-320/val/n01440764/n01440764_2290.JPEG,n01440764,0,tench,webp,77,0,tench,0.5272333025932312,True,30134,25664,1.1741739401496258,35.47495005828071,0.959292207957735
imagenette,data/imagenette2-320/val/n01440764/n01440764_23111.JPEG,n01440764,0,tench,webp,77,0,tench,0.6191695928573608,True,29510,23794,1.240228629066151,34.28277978584053,0.9459737469500006
imagenette,data/imagenette2-320/val/n01440764/n01440764_24502.JPEG,n01440764,0,tench,webp,77,0,tench,0.5105957388877869,True,49716,51408,0.9670868347338936,34.493032948712596,0.9787371903186127
imagenette,data/imagenette2-320/val/n01440764/n01440764_2490.JPEG,n01440764,0,tench,webp,77,0,tench,0.5541152358055115,True,39102,36034,1.0851418105122939,34.27680276592463,0.9778313188004795
imagenette,data/imagenette2-320/val/n01440764/n01440764_25090.JPEG,n01440764,0,tench,webp,77,0,tench,0.3837493062019348,True,18037,10984,1.642115804806992,37.50689578136737,0.9444315907265174
imagenette,data/imagenette2-320/val/n01440764/n01440764_25361.JPEG,n01440764,0,tench,webp,77,0,tench,0.5161912441253662,True,25321,19058,1.3286283975233497,36.66023563128488,0.9602137237128957
imagenette,data/imagenette2-320/val/n01440764/n01440764_25370.JPEG,n01440764,0,tench,webp,77,0,tench,0.4562453329563141,True,28293,21458,1.3185292198713767,36.454051596820285,0.9480145793582829
imagenette,data/imagenette2-320/val/n01440764/n01440764_261.JPEG,n01440764,0,tench,webp,77,0,tench,0.5772101879119873,True,38185,29856,1.278972400857449,35.51831389539965,0.9630401333327238
imagenette,data/imagenette2-320/val/n01440764/n01440764_26320.JPEG,n01440764,0,tench,webp,77,0,tench,0.5610418319702148,True,44462,42826,1.038201092794097,34.58918267075993,0.9712331702404291
imagenette,data/imagenette2-320/val/n01440764/n01440764_26541.JPEG,n01440764,0,tench,webp,77,0,tench,0.47911953926086426,True,30177,25264,1.194466434452185,35.50474987269183,0.9655929626971135
imagenette,data/imagenette2-320/val/n01440764/n01440764_26631.JPEG,n01440764,0,tench,webp,77,0,tench,0.5179658532142639,True,35997,29350,1.2264735945485519,35.343792939147214,0.9662336043676353
imagenette,data/imagenette2-320/val/n01440764/n01440764_26892.JPEG,n01440764,0,tench,webp,77,0,tench,0.44983717799186707,True,27406,20196,1.3570013864131512,36.20691116005493,0.9497495530264274
imagenette,data/imagenette2-320/val/n01440764/n01440764_2690.JPEG,n01440764,0,tench,webp,77,0,tench,0.5161813497543335,True,44757,43292,1.0338399704333363,33.644602147326715,0.9755097388169652
imagenette,data/imagenette2-320/val/n01440764/n01440764_27042.JPEG,n01440764,0,tench,webp,77,0,tench,0.5476174354553223,True,40791,40214,1.0143482369324115,34.21014456930057,0.9728174888871224
imagenette,data/imagenette2-320/val/n01440764/n01440764_2742.JPEG,n01440764,0,tench,webp,77,0,tench,0.6448194980621338,True,25610,20176,1.2693298969072164,36.84335653807951,0.956245563171907
imagenette,data/imagenette2-320/val/n01440764/n01440764_27422.JPEG,n01440764,0,tench,webp,77,0,tench,0.4655257761478424,True,19374,12594,1.5383515959980942,37.61216490997543,0.9315957169588246
imagenette,data/imagenette2-320/val/n01440764/n01440764_27451.JPEG,n01440764,0,tench,webp,77,0,tench,0.46709388494491577,True,25809,19734,1.30784432958346,35.860591578787925,0.9352830743318153
imagenette,data/imagenette2-320/val/n01440764/n01440764_2751.JPEG,n01440764,0,tench,webp,77,0,tench,0.5894821286201477,True,32437,32468,0.999045213748922,35.23548641747075,0.9587488084392145
imagenette,data/imagenette2-320/val/n01440764/n01440764_27530.JPEG,n01440764,0,tench,webp,77,389,barracouta,0.18773123621940613,False,45865,44402,1.0329489662627809,34.1360645612682,0.9767212999375005
imagenette,data/imagenette2-320/val/n01440764/n01440764_27811.JPEG,n01440764,0,tench,webp,77,0,tench,0.19655710458755493,True,32194,25954,1.240425367958696,35.9991328586731,0.9694396075252413
imagenette,data/imagenette2-320/val/n01440764/n01440764_292.JPEG,n01440764,0,tench,webp,77,0,tench,0.37304890155792236,True,35722,32884,1.0863033694197786,34.98026977517096,0.9629891861049056
imagenette,data/imagenette2-320/val/n01440764/n01440764_2920.JPEG,n01440764,0,tench,webp,77,0,tench,0.5885156989097595,True,40345,31032,1.3001095643207012,35.0104083317155,0.958689527740123
imagenette,data/imagenette2-320/val/n01440764/n01440764_2921.JPEG,n01440764,0,tench,webp,77,0,tench,0.5166019797325134,True,49813,46720,1.0662029109589042,35.003591434562146,0.9660947588205487
imagenette,data/imagenette2-320/val/n01440764/n01440764_29551.JPEG,n01440764,0,tench,webp,77,0,tench,0.5045665502548218,True,54230,54308,0.9985637475141784,33.99557235019309,0.9855773645796795
imagenette,data/imagenette2-320/val/n01440764/n01440764_29670.JPEG,n01440764,0,tench,webp,77,0,tench,0.6694381833076477,True,17134,10384,1.6500385208012327,37.73228406190289,0.9438004888916192
imagenette,data/imagenette2-320/val/n01440764/n01440764_29681.JPEG,n01440764,0,tench,webp,77,0,tench,0.34977632761001587,True,30139,23092,1.3051706218603845,36.34442344922058,0.9601212749527076
imagenette,data/imagenette2-320/val/n01440764/n01440764_29712.JPEG,n01440764,0,tench,webp,77,0,tench,0.5876492261886597,True,41196,40632,1.013880685174247,34.80591819382517,0.9750048866160705
imagenette,data/imagenette2-320/val/n01440764/n01440764_29731.JPEG,n01440764,0,tench,webp,77,0,tench,0.5920882225036621,True,31338,25458,1.2309686542540654,35.4857199831846,0.9697091012806137
imagenette,data/imagenette2-320/val/n01440764/n01440764_3011.JPEG,n01440764,0,tench,webp,77,0,tench,0.5836668014526367,True,43474,38078,1.1417091233783287,35.31671804674227,0.9698609083921249
imagenette,data/imagenette2-320/val/n01440764/n01440764_30331.JPEG,n01440764,0,tench,webp,77,0,tench,0.508793830871582,True,48306,46498,1.0388833928341004,33.71429488337527,0.9769147787365857
imagenette,data/imagenette2-320/val/n01440764/n01440764_3070.JPEG,n01440764,0,tench,webp,77,0,tench,0.5419859290122986,True,11698,5958,1.9634105404498154,39.51977487966742,0.9515702429750249
imagenette,data/imagenette2-320/val/n01440764/n01440764_30782.JPEG,n01440764,0,tench,webp,77,0,tench,0.5730337500572205,True,33136,29596,1.119610758210569,34.986581374260524,0.9589650718519862
imagenette,data/imagenette2-320/val/n01440764/n01440764_31170.JPEG,n01440764,0,tench,webp,77,0,tench,0.5483934283256531,True,22642,15858,1.4277966956741077,37.48975376083771,0.9542564539532301
imagenette,data/imagenette2-320/val/n01440764/n01440764_3151.JPEG,n01440764,0,tench,webp,77,0,tench,0.48692774772644043,True,38236,35506,1.0768884132259335,34.769217473119994,0.9705594506354638
imagenette,data/imagenette2-320/val/n01440764/n01440764_3172.JPEG,n01440764,0,tench,webp,77,0,tench,0.4732311964035034,True,27215,24416,1.1146379423328965,34.90449109822793,0.9641678722622119
imagenette,data/imagenette2-320/val/n01440764/n01440764_320.JPEG,n01440764,0,tench,webp,77,0,tench,0.42917394638061523,True,36675,33696,1.0884081196581197,34.7371914075044,0.9704405776999055
imagenette,data/imagenette2-320/val/n01440764/n01440764_3202.JPEG,n01440764,0,tench,webp,77,0,tench,0.5467395186424255,True,16627,9632,1.7262250830564785,38.443888909478325,0.9594048945273261
imagenette,data/imagenette2-320/val/n01440764/n01440764_32420.JPEG,n01440764,0,tench,webp,77,0,tench,0.5504574179649353,True,27795,22476,1.236652429257875,35.989169744579556,0.9520236933146377
imagenette,data/imagenette2-320/val/n01440764/n01440764_3251.JPEG,n01440764,0,tench,webp,77,0,tench,0.32231926918029785,True,42321,42450,0.9969611307420495,34.63444518243482,0.9766500318953861
imagenette,data/imagenette2-320/val/n01440764/n01440764_3271.JPEG,n01440764,0,tench,webp,77,0,tench,0.4137049615383148,True,25785,17910,1.4396984924623115,36.36239251132822,0.9623385407746851
imagenette,data/imagenette2-320/val/n01440764/n01440764_3281.JPEG,n01440764,0,tench,webp,77,0,tench,0.5506476759910583,True,26585,19692,1.3500406256347754,36.311023044204646,0.9490978928887404
imagenette,data/imagenette2-320/val/n01440764/n01440764_341.JPEG,n01440764,0,tench,webp,77,0,tench,0.5500232577323914,True,21971,13790,1.5932559825960841,37.07876014331083,0.9437294316071719
imagenette,data/imagenette2-320/val/n01440764/n01440764_3421.JPEG,n01440764,0,tench,webp,77,0,tench,0.2789992392063141,True,24906,18648,1.3355855855855856,36.28312032348716,0.9541267523552507
imagenette,data/imagenette2-320/val/n01440764/n01440764_3432.JPEG,n01440764,0,tench,webp,77,0,tench,0.5242288112640381,True,28555,23144,1.233797096439682,36.19419907067327,0.9595989500467187
imagenette,data/imagenette2-320/val/n01440764/n01440764_3560.JPEG,n01440764,0,tench,webp,77,0,tench,0.5043814182281494,True,16461,9684,1.699814126394052,37.09202383210733,0.9433009286891494
imagenette,data/imagenette2-320/val/n01440764/n01440764_3712.JPEG,n01440764,0,tench,webp,77,0,tench,0.40184471011161804,True,50884,50694,1.0037479780644651,34.335859161244905,0.9800250897279982
imagenette,data/imagenette2-320/val/n01440764/n01440764_3760.JPEG,n01440764,0,tench,webp,77,0,tench,0.635211706161499,True,17416,10754,1.6194904221684954,37.18378617926818,0.9452613008710121
imagenette,data/imagenette2-320/val/n01440764/n01440764_3761.JPEG,n01440764,0,tench,webp,77,0,tench,0.553918719291687,True,18100,11596,1.5608830631252155,37.563083665738404,0.9590164343439594
imagenette,data/imagenette2-320/val/n01440764/n01440764_3781.JPEG,n01440764,0,tench,webp,77,0,tench,0.3914905786514282,True,26092,20318,1.2841815139285362,36.1699859203268,0.9557458621749415
imagenette,data/imagenette2-320/val/n01440764/n01440764_3782.JPEG,n01440764,0,tench,webp,77,0,tench,0.5533156394958496,True,18537,13370,1.3864622288706059,36.87466070960413,0.9647913153212095
imagenette,data/imagenette2-320/val/n01440764/n01440764_421.JPEG,n01440764,0,tench,webp,77,0,tench,0.5479039549827576,True,40108,31576,1.2702052191537876,35.88021937623063,0.963768812009843
imagenette,data/imagenette2-320/val/n01440764/n01440764_4221.JPEG,n01440764,0,tench,webp,77,0,tench,0.18303798139095306,True,47167,46556,1.013123979723344,33.85763584836244,0.976982053190786
imagenette,data/imagenette2-320/val/n01440764/n01440764_4260.JPEG,n01440764,0,tench,webp,77,0,tench,0.5578567981719971,True,27049,21136,1.2797596517789553,35.594142473352846,0.9600150201790939
imagenette,data/imagenette2-320/val/n01440764/n01440764_4341.JPEG,n01440764,0,tench,webp,77,0,tench,0.5326244235038757,True,33583,28910,1.1616395710826704,35.01585562479824,0.9618227223792482
imagenette,data/imagenette2-320/val/n01440764/n01440764_4360.JPEG,n01440764,0,tench,webp,77,0,tench,0.4804915487766266,True,21553,15264,1.4120151991614256,37.14502303129286,0.9601719489948168
imagenette,data/imagenette2-320/val/n01440764/n01440764_4490.JPEG,n01440764,0,tench,webp,77,0,tench,0.47645771503448486,True,29754,23348,1.274370395751242,35.8784028004972,0.959347158022107
imagenette,data/imagenette2-320/val/n01440764/n01440764_451.JPEG,n01440764,0,tench,webp,77,0,tench,0.5972530245780945,True,28517,20852,1.3675906387876462,37.37841259752676,0.9493636833719897
imagenette,data/imagenette2-320/val/n01440764/n01440764_4510.JPEG,n01440764,0,tench,webp,77,0,tench,0.5006198883056641,True,17998,12346,1.457800097197473,36.82599538851683,0.9662797875390815
imagenette,data/imagenette2-320/val/n01440764/n01440764_4512.JPEG,n01440764,0,tench,webp,77,0,tench,0.4056697189807892,True,18294,10782,1.6967167501391207,37.87485461282186,0.956529025782268
imagenette,data/imagenette2-320/val/n01440764/n01440764_4540.JPEG,n01440764,0,tench,webp,77,0,tench,0.35451841354370117,True,52498,51744,1.0145717377860235,33.49608852425584,0.9799680314956171
imagenette,data/imagenette2-320/val/n01440764/n01440764_4562.JPEG,n01440764,0,tench,webp,77,0,tench,0.5287179350852966,True,49995,48304,1.0350074527989401,34.01076676397937,0.9778182768259125
imagenette,data/imagenette2-320/val/n01440764/n01440764_4611.JPEG,n01440764,0,tench,webp,77,0,tench,0.5398967266082764,True,26218,21092,1.2430305329034705,36.32858429963751,0.9639050984623573
imagenette,data/imagenette2-320/val/n01440764/n01440764_4681.JPEG,n01440764,0,tench,webp,77,0,tench,0.4909745156764984,True,27421,23218,1.1810233439572746,35.88261938740252,0.968415847314195
imagenette,data/imagenette2-320/val/n01440764/n01440764_4852.JPEG,n01440764,0,tench,webp,77,0,tench,0.5694692134857178,True,26847,20922,1.2831947232578147,36.015980587766286,0.96047738934465
imagenette,data/imagenette2-320/val/n01440764/n01440764_490.JPEG,n01440764,0,tench,webp,77,0,tench,0.46085402369499207,True,34623,29970,1.1552552552552553,35.04295296927603,0.9566448984368913
imagenette,data/imagenette2-320/val/n01440764/n01440764_4942.JPEG,n01440764,0,tench,webp,77,0,tench,0.34238922595977783,True,34051,28842,1.1806046737396851,35.40721547069995,0.974444205637651
imagenette,data/imagenette2-320/val/n01440764/n01440764_4962.JPEG,n01440764,0,tench,webp,77,58,water snake,0.18044017255306244,False,30559,21334,1.43240836223868,36.43179581504875,0.9502884764675358
imagenette,data/imagenette2-320/val/n01440764/n01440764_4980.JPEG,n01440764,0,tench,webp,77,0,tench,0.46368613839149475,True,23028,16072,1.4328023892483823,36.9349000592435,0.9599747819237564
imagenette,data/imagenette2-320/val/n01440764/n01440764_5081.JPEG,n01440764,0,tench,webp,77,0,tench,0.3844654858112335,True,18724,11802,1.5865107608879851,38.14153502151925,0.9473676000099053
imagenette,data/imagenette2-320/val/n01440764/n01440764_5091.JPEG,n01440764,0,tench,webp,77,0,tench,0.38863036036491394,True,24070,16920,1.4225768321513002,36.40468196905174,0.9432285033508627
imagenette,data/imagenette2-320/val/n01440764/n01440764_5112.JPEG,n01440764,0,tench,webp,77,0,tench,0.6077038645744324,True,15892,10254,1.5498342110395944,38.71108343875554,0.971677140275462
imagenette,data/imagenette2-320/val/n01440764/n01440764_522.JPEG,n01440764,0,tench,webp,77,0,tench,0.362800657749176,True,27663,22694,1.2189565523927028,36.344960900443894,0.9650106906527434
imagenette,data/imagenette2-320/val/n01440764/n01440764_5232.JPEG,n01440764,0,tench,webp,77,0,tench,0.5785620212554932,True,21120,14144,1.493212669683258,37.43041044802476,0.9512019894112749
imagenette,data/imagenette2-320/val/n01440764/n01440764_5361.JPEG,n01440764,0,tench,webp,77,0,tench,0.47563499212265015,True,14680,8274,1.7742325356538555,39.36099194196893,0.9440865598519269
imagenette,data/imagenette2-320/val/n01440764/n01440764_5410.JPEG,n01440764,0,tench,webp,77,0,tench,0.4105275869369507,True,16482,9330,1.7665594855305466,38.40023060939543,0.9600703871914139
imagenette,data/imagenette2-320/val/n01440764/n01440764_5432.JPEG,n01440764,0,tench,webp,77,0,tench,0.6333524584770203,True,30413,25570,1.189401642549863,35.85517136889034,0.9626564999831143
imagenette,data/imagenette2-320/val/n01440764/n01440764_5481.JPEG,n01440764,0,tench,webp,77,0,tench,0.44674021005630493,True,24569,18490,1.3287723093564088,35.66132033396192,0.9484672399734281
imagenette,data/imagenette2-320/val/n01440764/n01440764_5490.JPEG,n01440764,0,tench,webp,77,0,tench,0.5193120241165161,True,33530,29544,1.134917411318711,35.41099133381303,0.9703440769607689
imagenette,data/imagenette2-320/val/n01440764/n01440764_5501.JPEG,n01440764,0,tench,webp,77,0,tench,0.5215156078338623,True,39647,36024,1.1005718409948924,34.277775991715636,0.9669537546554161
imagenette,data/imagenette2-320/val/n01440764/n01440764_5642.JPEG,n01440764,0,tench,webp,77,0,tench,0.46173620223999023,True,26843,20534,1.3072465179701958,36.127249561178246,0.956747904712559
imagenette,data/imagenette2-320/val/n01440764/n01440764_5680.JPEG,n01440764,0,tench,webp,77,0,tench,0.5721418261528015,True,19237,10120,1.900889328063241,39.23559762041077,0.9394203359813598
imagenette,data/imagenette2-320/val/n01440764/n01440764_5690.JPEG,n01440764,0,tench,webp,77,390,eel,0.35488831996917725,False,12445,6328,1.9666561314791404,39.37804291803322,0.9631230246178393
imagenette,data/imagenette2-320/val/n01440764/n01440764_5731.JPEG,n01440764,0,tench,webp,77,389,barracouta,0.34455305337905884,False,23861,16808,1.4196216087577345,36.681123831675194,0.9540234291427249
imagenette,data/imagenette2-320/val/n01440764/n01440764_5781.JPEG,n01440764,0,tench,webp,77,0,tench,0.45214563608169556,True,29522,25082,1.1770193764452594,35.294806170591514,0.9596402973888233
imagenette,data/imagenette2-320/val/n01440764/n01440764_5802.JPEG,n01440764,0,tench,webp,77,0,tench,0.4345867931842804,True,21430,15060,1.4229747675962816,37.55520204363152,0.9621361489072525
imagenette,data/imagenette2-320/val/n01440764/n01440764_5861.JPEG,n01440764,0,tench,webp,77,0,tench,0.5940296649932861,True,31036,27226,1.1399397634613972,35.38425525396313,0.9574804960956248
imagenette,data/imagenette2-320/val/n01440764/n01440764_5902.JPEG,n01440764,0,tench,webp,77,0,tench,0.41656771302223206,True,46366,44814,1.0346320346320346,33.678384369194355,0.9799693428513395
imagenette,data/imagenette2-320/val/n01440764/n01440764_5911.JPEG,n01440764,0,tench,webp,77,389,barracouta,0.3603803217411041,False,13278,7402,1.793839502837071,39.03576412078832,0.9480353374880944
imagenette,data/imagenette2-320/val/n01440764/n01440764_5941.JPEG,n01440764,0,tench,webp,77,0,tench,0.46648865938186646,True,22934,17124,1.3392898855407616,36.632272534229074,0.9594459343442495
imagenette,data/imagenette2-320/val/n01440764/n01440764_5990.JPEG,n01440764,0,tench,webp,77,0,tench,0.5047338008880615,True,29701,23546,1.2614032107364308,36.11580567535611,0.9658585859568686
imagenette,data/imagenette2-320/val/n01440764/n01440764_600.JPEG,n01440764,0,tench,webp,77,0,tench,0.4382348358631134,True,23981,19696,1.2175568643379366,36.22439026688788,0.9698756165841854
imagenette,data/imagenette2-320/val/n01440764/n01440764_6021.JPEG,n01440764,0,tench,webp,77,0,tench,0.4503210186958313,True,25720,19010,1.3529721199368754,37.00396244817096,0.9666956210072785
imagenette,data/imagenette2-320/val/n01440764/n01440764_6052.JPEG,n01440764,0,tench,webp,77,0,tench,0.5722038745880127,True,31588,26822,1.1776899560062635,35.80593487761271,0.9619821097547271
imagenette,data/imagenette2-320/val/n01440764/n01440764_6130.JPEG,n01440764,0,tench,webp,77,0,tench,0.5306574702262878,True,13979,8056,1.7352284011916583,39.58854773605965,0.9693466340826912
imagenette,data/imagenette2-320/val/n01440764/n01440764_6190.JPEG,n01440764,0,tench,webp,77,0,tench,0.37610647082328796,True,46221,46230,0.999805321219987,34.30303786312656,0.9818114969843927
imagenette,data/imagenette2-320/val/n01440764/n01440764_622.JPEG,n01440764,0,tench,webp,77,0,tench,0.45810943841934204,True,30823,26356,1.1694870238275914,35.69797708130147,0.9633023752115156
imagenette,data/imagenette2-320/val/n01440764/n01440764_6301.JPEG,n01440764,0,tench,webp,77,0,tench,0.47337114810943604,True,39433,36540,1.0791735084838534,34.248345515434934,0.9739878581310961
imagenette,data/imagenette2-320/val/n01440764/n01440764_6341.JPEG,n01440764,0,tench,webp,77,0,tench,0.5208170413970947,True,15534,9256,1.6782627484874675,38.78368090768254,0.9571374997730495
imagenette,data/imagenette2-320/val/n01440764/n01440764_6361.JPEG,n01440764,0,tench,webp,77,0,tench,0.48544302582740784,True,35732,30262,1.1807547419205604,35.23733880195763,0.9665126560211995
imagenette,data/imagenette2-320/val/n01440764/n01440764_6380.JPEG,n01440764,0,tench,webp,77,0,tench,0.36577108502388,True,14482,8572,1.6894540363975734,38.407997810361366,0.9628867033892771
imagenette,data/imagenette2-320/val/n01440764/n01440764_6391.JPEG,n01440764,0,tench,webp,77,0,tench,0.5689192414283752,True,29233,22732,1.285984515220834,35.04536338150276,0.9422149991390434
imagenette,data/imagenette2-320/val/n01440764/n01440764_6410.JPEG,n01440764,0,tench,webp,77,0,tench,0.6043484807014465,True,24830,18500,1.3421621621621622,36.3308240130339,0.9622853300977283
imagenette,data/imagenette2-320/val/n01440764/n01440764_6421.JPEG,n01440764,0,tench,webp,77,0,tench,0.4491034150123596,True,36976,34750,1.0640575539568344,35.0110163215322,0.9691004377250572
imagenette,data/imagenette2-320/val/n01440764/n01440764_6432.JPEG,n01440764,0,tench,webp,77,0,tench,0.5599598288536072,True,13683,7892,1.7337810440952863,39.38682976347023,0.9528413558419809
imagenette,data/imagenette2-320/val/n01440764/n01440764_6471.JPEG,n01440764,0,tench,webp,77,0,tench,0.4045438766479492,True,42360,40558,1.044430198727748,34.74437769435643,0.9771634748879788
imagenette,data/imagenette2-320/val/n01440764/n01440764_650.JPEG,n01440764,0,tench,webp,77,0,tench,0.515648603439331,True,26109,22124,1.18012113541855,36.184023808135436,0.9609640518272413
imagenette,data/imagenette2-320/val/n01440764/n01440764_6500.JPEG,n01440764,0,tench,webp,77,0,tench,0.39021286368370056,True,53644,54426,0.9856318671223312,33.887315822693125,0.9851063054288803
imagenette,data/imagenette2-320/val/n01440764/n01440764_6501.JPEG,n01440764,0,tench,webp,77,0,tench,0.3245711028575897,True,28385,23638,1.2008207124122177,35.76243245569599,0.9582444797403885
imagenette,data/imagenette2-320/val/n01440764/n01440764_6550.JPEG,n01440764,0,tench,webp,77,0,tench,0.3917611837387085,True,20068,13646,1.4706140993697787,37.811657108023496,0.9644138888094194
imagenette,data/imagenette2-320/val/n01440764/n01440764_6570.JPEG,n01440764,0,tench,webp,77,0,tench,0.5931746959686279,True,24422,15400,1.5858441558441558,37.12624836174732,0.9576178370277825
imagenette,data/imagenette2-320/val/n01440764/n01440764_6572.JPEG,n01440764,0,tench,webp,77,0,tench,0.5302656292915344,True,31168,26348,1.1829360862304539,35.679783664812305,0.9696140403065971
imagenette,data/imagenette2-320/val/n01440764/n01440764_6641.JPEG,n01440764,0,tench,webp,77,0,tench,0.3899490535259247,True,24796,17348,1.4293290292829144,36.74960921231926,0.960834942377809
imagenette,data/imagenette2-320/val/n01440764/n01440764_6642.JPEG,n01440764,0,tench,webp,77,0,tench,0.4882549047470093,True,24182,20498,1.1797248512049956,35.64169383568696,0.9651667831606359
imagenette,data/imagenette2-320/val/n01440764/n01440764_6672.JPEG,n01440764,0,tench,webp,77,0,tench,0.5247994661331177,True,32700,26322,1.2423068155915205,36.10822580799673,0.969409094756228
imagenette,data/imagenette2-320/val/n01440764/n01440764_6751.JPEG,n01440764,0,tench,webp,77,0,tench,0.550316572189331,True,33438,30666,1.0903932694189005,35.1146976142294,0.9666590499733555
imagenette,data/imagenette2-320/val/n01440764/n01440764_6760.JPEG,n01440764,0,tench,webp,77,0,tench,0.38091763854026794,True,26787,19514,1.3727067746233474,36.42608870104097,0.9664264616765802
imagenette,data/imagenette2-320/val/n01440764/n01440764_6812.JPEG,n01440764,0,tench,webp,77,0,tench,0.5180677771568298,True,25060,17712,1.4148599819331527,37.24231758271938,0.963158962994736
imagenette,data/imagenette2-320/val/n01440764/n01440764_6831.JPEG,n01440764,0,tench,webp,77,0,tench,0.6378025412559509,True,23821,15782,1.5093777721454822,37.1510319007284,0.9597581753730463
imagenette,data/imagenette2-320/val/n01440764/n01440764_6852.JPEG,n01440764,0,tench,webp,77,0,tench,0.35166460275650024,True,19231,12722,1.5116333909762616,37.38465660818051,0.9475656306586725
imagenette,data/imagenette2-320/val/n01440764/n01440764_6870.JPEG,n01440764,0,tench,webp,77,0,tench,0.549074649810791,True,38086,36678,1.0383881345765855,34.786216933163026,0.9700129352540459
imagenette,data/imagenette2-320/val/n01440764/n01440764_6962.JPEG,n01440764,0,tench,webp,77,0,tench,0.37739405035972595,True,18943,14160,1.3377824858757061,36.38023289555235,0.9547735338843459
imagenette,data/imagenette2-320/val/n01440764/n01440764_6990.JPEG,n01440764,0,tench,webp,77,0,tench,0.45219480991363525,True,15031,9288,1.6183247200689062,38.73500813287036,0.9629638085479123
imagenette,data/imagenette2-320/val/n01440764/n01440764_7030.JPEG,n01440764,0,tench,webp,77,0,tench,0.48824548721313477,True,37021,34580,1.07058993637941,34.740107570281765,0.9707517505204953
imagenette,data/imagenette2-320/val/n01440764/n01440764_7040.JPEG,n01440764,0,tench,webp,77,0,tench,0.4940636456012726,True,30609,24806,1.233935338224623,36.52019050501338,0.9589203177787292
imagenette,data/imagenette2-320/val/n01440764/n01440764_710.JPEG,n01440764,0,tench,webp,77,0,tench,0.534564733505249,True,24180,17310,1.3968804159445407,36.374362127713134,0.9548636396947264
imagenette,data/imagenette2-320/val/n01440764/n01440764_7131.JPEG,n01440764,0,tench,webp,77,0,tench,0.7608660459518433,True,32356,29086,1.1124252217561714,34.43137794408307,0.9659539985739051
imagenette,data/imagenette2-320/val/n01440764/n01440764_7142.JPEG,n01440764,0,tench,webp,77,0,tench,0.4812890887260437,True,26054,19960,1.305310621242485,36.2753057208662,0.9510126616891093
imagenette,data/imagenette2-320/val/n01440764/n01440764_7160.JPEG,n01440764,0,tench,webp,77,0,tench,0.40726467967033386,True,28560,21376,1.3360778443113772,35.91720122729694,0.9680348756724387
imagenette,data/imagenette2-320/val/n01440764/n01440764_7210.JPEG,n01440764,0,tench,webp,77,0,tench,0.4711320102214813,True,31391,28438,1.1038399324847035,34.845723418004525,0.9710148961790667
imagenette,data/imagenette2-320/val/n01440764/n01440764_7230.JPEG,n01440764,0,tench,webp,77,0,tench,0.5938119888305664,True,32788,29390,1.1156175569921742,35.43195037935553,0.9698742910474453
imagenette,data/imagenette2-320/val/n01440764/n01440764_7272.JPEG,n01440764,0,tench,webp,77,0,tench,0.5579187273979187,True,43848,41244,1.0631364562118126,34.64544882880226,0.9777053271856447
imagenette,data/imagenette2-320/val/n01440764/n01440764_7302.JPEG,n01440764,0,tench,webp,77,0,tench,0.5110040307044983,True,30809,26298,1.1715339569549015,35.5813449530199,0.9657313958523496
imagenette,data/imagenette2-320/val/n01440764/n01440764_7362.JPEG,n01440764,0,tench,webp,77,0,tench,0.3655313551425934,True,52170,54736,0.9531204326220404,33.64184632161342,0.9829087769500889
imagenette,data/imagenette2-320/val/n01440764/n01440764_7411.JPEG,n01440764,0,tench,webp,77,0,tench,0.44824689626693726,True,45205,42748,1.0574763731636567,34.29503647815559,0.9826488599595283
imagenette,data/imagenette2-320/val/n01440764/n01440764_7462.JPEG,n01440764,0,tench,webp,77,0,tench,0.6371057033538818,True,29306,24970,1.1736483780536644,36.01116214040213,0.9554951610747491
imagenette,data/imagenette2-320/val/n01440764/n01440764_7492.JPEG,n01440764,0,tench,webp,77,389,barracouta,0.31272509694099426,False,24243,16664,1.454812770043207,37.20476272389538,0.961543064022841
imagenette,data/imagenette2-320/val/n01440764/n01440764_7501.JPEG,n01440764,0,tench,webp,77,0,tench,0.5215962529182434,True,42930,41396,1.0370567204560828,34.51781995205687,0.9782339426845871
imagenette,data/imagenette2-320/val/n01440764/n01440764_752.JPEG,n01440764,0,tench,webp,77,0,tench,0.5358595252037048,True,25665,19724,1.3012066517947678,36.72462955843596,0.961234289231034
imagenette,data/imagenette2-320/val/n01440764/n01440764_7521.JPEG,n01440764,0,tench,webp,77,0,tench,0.5365777015686035,True,31316,25014,1.2519389142080435,35.35234276158656,0.9661488237093949
imagenette,data/imagenette2-320/val/n01440764/n01440764_7531.JPEG,n01440764,0,tench,webp,77,0,tench,0.5144302845001221,True,22855,16800,1.3604166666666666,36.832964790611086,0.957366466590451
imagenette,data/imagenette2-320/val/n01440764/n01440764_7562.JPEG,n01440764,0,tench,webp,77,389,barracouta,0.6054996848106384,False,28925,22978,1.2588127774392897,36.86181057542686,0.9675503876938986
imagenette,data/imagenette2-320/val/n01440764/n01440764_7571.JPEG,n01440764,0,tench,webp,77,0,tench,0.5033922791481018,True,21530,15104,1.4254502118644068,36.80114892713446,0.9627266560003668
imagenette,data/imagenette2-320/val/n01440764/n01440764_7591.JPEG,n01440764,0,tench,webp,77,0,tench,0.573087215423584,True,30384,20390,1.4901422265816577,37.625740312599675,0.9757420974243755
imagenette,data/imagenette2-320/val/n01440764/n01440764_7610.JPEG,n01440764,0,tench,webp,77,0,tench,0.36534184217453003,True,33568,30092,1.1155124285524392,35.06063248470961,0.9658515712071495
imagenette,data/imagenette2-320/val/n01440764/n01440764_762.JPEG,n01440764,0,tench,webp,77,0,tench,0.4714723825454712,True,28409,22794,1.2463367552864788,36.12392047518829,0.9581568046144153
imagenette,data/imagenette2-320/val/n01440764/n01440764_7632.JPEG,n01440764,0,tench,webp,77,0,tench,0.49047204852104187,True,29556,23732,1.2454070453396258,35.91977192849828,0.9579139443963481
imagenette,data/imagenette2-320/val/n01440764/n01440764_7671.JPEG,n01440764,0,tench,webp,77,0,tench,0.44023457169532776,True,24793,19696,1.2587835093419983,36.707347979826665,0.9554239930895223
imagenette,data/imagenette2-320/val/n01440764/n01440764_7701.JPEG,n01440764,0,tench,webp,77,0,tench,0.3790169954299927,True,25350,20398,1.242768898911658,36.617904976259695,0.95547627814165
imagenette,data/imagenette2-320/val/n01440764/n01440764_7752.JPEG,n01440764,0,tench,webp,77,0,tench,0.5558192133903503,True,16855,11748,1.4347122914538646,37.357492167486875,0.9520645561224677
imagenette,data/imagenette2-320/val/n01440764/n01440764_7772.JPEG,n01440764,0,tench,webp,77,0,tench,0.6026390790939331,True,23063,17054,1.3523513545209336,37.025646713957784,0.9681394030537036
imagenette,data/imagenette2-320/val/n01440764/n01440764_7792.JPEG,n01440764,0,tench,webp,77,0,tench,0.46023228764533997,True,13829,7608,1.8176919032597265,37.96427337687903,0.9717074594424818
imagenette,data/imagenette2-320/val/n01440764/n01440764_7820.JPEG,n01440764,0,tench,webp,77,0,tench,0.5596849322319031,True,33308,28364,1.1743054576223382,35.73347993925029,0.9752098303556863
imagenette,data/imagenette2-320/val/n01440764/n01440764_7922.JPEG,n01440764,0,tench,webp,77,0,tench,0.5254300236701965,True,24192,19436,1.244700555669891,35.85904761000233,0.9709733633244616
imagenette,data/imagenette2-320/val/n01440764/n01440764_7950.JPEG,n01440764,0,tench,webp,77,0,tench,0.5574477314949036,True,27632,20596,1.3416197319867935,35.68749852066007,0.9624880968789831
imagenette,data/imagenette2-320/val/n01440764/n01440764_7982.JPEG,n01440764,0,tench,webp,77,0,tench,0.5566518306732178,True,33137,29488,1.1237452523060227,35.16962133215047,0.956723604281025
imagenette,data/imagenette2-320/val/n01440764/n01440764_8012.JPEG,n01440764,0,tench,webp,77,0,tench,0.5118969678878784,True,27687,22962,1.2057747582963156,35.059785451363545,0.9753037645432037
imagenette,data/imagenette2-320/val/n01440764/n01440764_8030.JPEG,n01440764,0,tench,webp,77,0,tench,0.5278488397598267,True,25024,19018,1.315806078451993,36.10221945256146,0.9495992658193181
imagenette,data/imagenette2-320/val/n01440764/n01440764_8052.JPEG,n01440764,0,tench,webp,77,0,tench,0.5411789417266846,True,25650,19932,1.28687537627935,36.42947461714366,0.9507121710404247
imagenette,data/imagenette2-320/val/n01440764/n01440764_8082.JPEG,n01440764,0,tench,webp,77,0,tench,0.534288763999939,True,16794,10532,1.5945689327763009,38.295624655698816,0.9529910893335097
imagenette,data/imagenette2-320/val/n01440764/n01440764_8112.JPEG,n01440764,0,tench,webp,77,0,tench,0.4120984375476837,True,43914,43980,0.9984993178717599,34.18916529216001,0.9761980120297021
imagenette,data/imagenette2-320/val/n01440764/n01440764_8142.JPEG,n01440764,0,tench,webp,77,0,tench,0.5564397573471069,True,23504,17896,1.3133661153330354,36.39942060968995,0.9514953017397897
imagenette,data/imagenette2-320/val/n01440764/n01440764_8150.JPEG,n01440764,0,tench,webp,77,0,tench,0.5985374450683594,True,23022,16414,1.4025831607164616,37.78579082131539,0.9670721207241048
imagenette,data/imagenette2-320/val/n01440764/n01440764_8160.JPEG,n01440764,0,tench,webp,77,0,tench,0.5024903416633606,True,41381,39972,1.0352496747723405,34.65481815261161,0.9791823891690843
imagenette,data/imagenette2-320/val/n01440764/n01440764_8191.JPEG,n01440764,0,tench,webp,77,0,tench,0.5887426733970642,True,30559,23888,1.2792615539182852,36.697030827187255,0.9669233766750579
imagenette,data/imagenette2-320/val/n01440764/n01440764_8210.JPEG,n01440764,0,tench,webp,77,0,tench,0.498329758644104,True,17915,11730,1.5272804774083546,38.507443469465585,0.9677571127514518
imagenette,data/imagenette2-320/val/n01440764/n01440764_8221.JPEG,n01440764,0,tench,webp,77,0,tench,0.4416755139827728,True,35183,29764,1.1820655825829862,35.80821323283704,0.9691244094655463
imagenette,data/imagenette2-320/val/n01440764/n01440764_8240.JPEG,n01440764,0,tench,webp,77,0,tench,0.4100792407989502,True,39213,39014,1.00510073307018,34.4207558744155,0.9679908874716964
imagenette,data/imagenette2-320/val/n01440764/n01440764_8250.JPEG,n01440764,0,tench,webp,77,0,tench,0.35198861360549927,True,38106,35946,1.0600901352028043,34.08264887561343,0.9690016382021102
imagenette,data/imagenette2-320/val/n01440764/n01440764_8260.JPEG,n01440764,0,tench,webp,77,0,tench,0.5880717039108276,True,14516,9076,1.5993829881004848,38.13600337312132,0.9466240831175865
imagenette,data/imagenette2-320/val/n01440764/n01440764_8302.JPEG,n01440764,0,tench,webp,77,0,tench,0.5285263061523438,True,23586,17034,1.3846424797463897,37.31936664992239,0.9674522449293178
imagenette,data/imagenette2-320/val/n01440764/n01440764_8311.JPEG,n01440764,0,tench,webp,77,1,goldfish,0.1510435938835144,False,19842,11878,1.6704832463377672,37.472968817772966,0.9266068585530002
imagenette,data/imagenette2-320/val/n01440764/n01440764_8312.JPEG,n01440764,0,tench,webp,77,0,tench,0.4278079569339752,True,34147,29478,1.1583893072800053,35.146295169221474,0.9687458104482745
imagenette,data/imagenette2-320/val/n01440764/n01440764_8421.JPEG,n01440764,0,tench,webp,77,0,tench,0.6572710871696472,True,30681,23224,1.3210902514640028,35.77725966007422,0.9519952477445393
imagenette,data/imagenette2-320/val/n01440764/n01440764_8442.JPEG,n01440764,0,tench,webp,77,0,tench,0.4713842570781708,True,28321,24324,1.1643233020884722,35.73032937584135,0.9687063598043893
imagenette,data/imagenette2-320/val/n01440764/n01440764_8451.JPEG,n01440764,0,tench,webp,77,0,tench,0.5279495120048523,True,43001,39150,1.0983652618135378,35.23980891871921,0.9570060431404249
imagenette,data/imagenette2-320/val/n01440764/n01440764_8521.JPEG,n01440764,0,tench,webp,77,0,tench,0.6024680733680725,True,39409,39554,0.9963341254993174,34.40264843941575,0.9710479046932431
imagenette,data/imagenette2-320/val/n01440764/n01440764_8531.JPEG,n01440764,0,tench,webp,77,0,tench,0.6050421595573425,True,19819,13364,1.483014067644418,37.12776383384796,0.9559058185425525
imagenette,data/imagenette2-320/val/n01440764/n01440764_8572.JPEG,n01440764,0,tench,webp,77,0,tench,0.5468100309371948,True,37435,34850,1.0741750358680058,35.00711212918415,0.9746774217009774
imagenette,data/imagenette2-320/val/n01440764/n01440764_8580.JPEG,n01440764,0,tench,webp,77,0,tench,0.3902539908885956,True,22128,16440,1.345985401459854,36.963521332842,0.9566817962997867
imagenette,data/imagenette2-320/val/n01440764/n01440764_8600.JPEG,n01440764,0,tench,webp,77,0,tench,0.5074589848518372,True,26018,20008,1.3003798480607758,36.49042987731396,0.9666720829662839
imagenette,data/imagenette2-320/val/n01440764/n01440764_8601.JPEG,n01440764,0,tench,webp,77,0,tench,0.4414888620376587,True,37895,36032,1.0517040408525755,34.68180186645108,0.9706061199934425
imagenette,data/imagenette2-320/val/n01440764/n01440764_8610.JPEG,n01440764,0,tench,webp,77,0,tench,0.5030526518821716,True,32427,28054,1.1558779496684966,34.480232280742065,0.9674476494826566
imagenette,data/imagenette2-320/val/n01440764/n01440764_8611.JPEG,n01440764,0,tench,webp,77,0,tench,0.4771296977996826,True,36445,34210,1.0653317743349897,35.117425092622376,0.9697949751313598
imagenette,data/imagenette2-320/val/n01440764/n01440764_8622.JPEG,n01440764,0,tench,webp,77,0,tench,0.26579350233078003,True,41794,30830,1.3556276354200454,37.07610046491602,0.9646794955029642
imagenette,data/imagenette2-320/val/n01440764/n01440764_8710.JPEG,n01440764,0,tench,webp,77,0,tench,0.5249849557876587,True,23505,17302,1.3585134666512542,36.58460134623521,0.9552769402956666
imagenette,data/imagenette2-320/val/n01440764/n01440764_8771.JPEG,n01440764,0,tench,webp,77,0,tench,0.3969479203224182,True,24035,18006,1.3348328334999444,36.45963253184049,0.9604656848665224
imagenette,data/imagenette2-320/val/n01440764/n01440764_8782.JPEG,n01440764,0,tench,webp,77,0,tench,0.5251651406288147,True,29166,23524,1.2398401632375446,35.4693937072973,0.9652157027392588
imagenette,data/imagenette2-320/val/n01440764/n01440764_8801.JPEG,n01440764,0,tench,webp,77,0,tench,0.6146285533905029,True,20213,15660,1.2907407407407407,36.36511904042106,0.959417421995106
imagenette,data/imagenette2-320/val/n01440764/n01440764_8852.JPEG,n01440764,0,tench,webp,77,0,tench,0.6293544769287109,True,33718,30368,1.1103134878819811,35.13886474535761,0.9645175152447617
imagenette,data/imagenette2-320/val/n01440764/n01440764_8910.JPEG,n01440764,0,tench,webp,77,0,tench,0.7425333857536316,True,25648,20152,1.2727272727272727,36.19980278132023,0.9607715728487071
imagenette,data/imagenette2-320/val/n01440764/n01440764_8992.JPEG,n01440764,0,tench,webp,77,0,tench,0.4537862241268158,True,18066,13308,1.3575293056807936,37.022108821639826,0.9689387042747857
imagenette,data/imagenette2-320/val/n01440764/n01440764_9020.JPEG,n01440764,0,tench,webp,77,0,tench,0.4935375154018402,True,37934,34136,1.1112608389969534,34.91063089839714,0.9728866077870055
imagenette,data/imagenette2-320/val/n01440764/n01440764_9031.JPEG,n01440764,0,tench,webp,77,0,tench,0.518278956413269,True,16653,10950,1.5208219178082192,37.91561679269997,0.963391257598277
imagenette,data/imagenette2-320/val/n01440764/n01440764_9091.JPEG,n01440764,0,tench,webp,77,0,tench,0.5601997971534729,True,26139,22006,1.1878124147959648,36.39296320531272,0.963216330393478
imagenette,data/imagenette2-320/val/n01440764/n01440764_910.JPEG,n01440764,0,tench,webp,77,0,tench,0.4325357973575592,True,27404,21124,1.2972921795114563,36.00716838470292,0.9601139941371808
imagenette,data/imagenette2-320/val/n01440764/n01440764_9152.JPEG,n01440764,0,tench,webp,77,0,tench,0.5652347803115845,True,17225,11060,1.5574141048824592,38.254139793432635,0.9624897413376153
imagenette,data/imagenette2-320/val/n01440764/n01440764_9191.JPEG,n01440764,0,tench,webp,77,0,tench,0.49795424938201904,True,22955,17474,1.3136660180840105,36.84640986480578,0.9543382193729969
imagenette,data/imagenette2-320/val/n01440764/n01440764_921.JPEG,n01440764,0,tench,webp,77,0,tench,0.4953441023826599,True,31232,25744,1.2131758856432566,35.23644938270166,0.9662436042428241
imagenette,data/imagenette2-320/val/n01440764/n01440764_9212.JPEG,n01440764,0,tench,webp,77,0,tench,0.4960721731185913,True,20098,13482,1.4907283785788459,37.62505828484781,0.959640348514586
imagenette,data/imagenette2-320/val/n01440764/n01440764_9292.JPEG,n01440764,0,tench,webp,77,0,tench,0.20127186179161072,True,22510,16892,1.3325834714657827,37.00904660938324,0.9635259381600592
imagenette,data/imagenette2-320/val/n01440764/n01440764_9390.JPEG,n01440764,0,tench,webp,77,389,barracouta,0.3075650632381439,False,23932,16012,1.4946290282288284,37.693788420098656,0.9618007189719694
imagenette,data/imagenette2-320/val/n01440764/n01440764_9442.JPEG,n01440764,0,tench,webp,77,0,tench,0.35127371549606323,True,16792,9930,1.6910372608257804,39.11503150335715,0.9687175488058827
imagenette,data/imagenette2-320/val/n01440764/n01440764_9471.JPEG,n01440764,0,tench,webp,77,0,tench,0.4912094175815582,True,37787,33346,1.1331793918311042,35.38326460381012,0.9827040512655557
imagenette,data/imagenette2-320/val/n01440764/n01440764_9491.JPEG,n01440764,0,tench,webp,77,0,tench,0.38003090023994446,True,54599,54974,0.9931785935169353,33.52270826825452,0.98501387951583
imagenette,data/imagenette2-320/val/n01440764/n01440764_9572.JPEG,n01440764,0,tench,webp,77,0,tench,0.4165114164352417,True,26254,20140,1.3035749751737835,36.851502463217884,0.969759379022308
imagenette,data/imagenette2-320/val/n01440764/n01440764_9621.JPEG,n01440764,0,tench,webp,77,0,tench,0.45537373423576355,True,28813,23690,1.216251582946391,36.32094255446397,0.9655973176025454
imagenette,data/imagenette2-320/val/n01440764/n01440764_9642.JPEG,n01440764,0,tench,webp,77,0,tench,0.2869647145271301,True,16354,9714,1.68354951616224,37.82057197647107,0.9593980565923594
imagenette,data/imagenette2-320/val/n01440764/n01440764_9720.JPEG,n01440764,0,tench,webp,77,0,tench,0.4981953799724579,True,34340,33222,1.0336523990127024,34.473913710055285,0.9807131329098583
imagenette,data/imagenette2-320/val/n01440764/n01440764_9772.JPEG,n01440764,0,tench,webp,77,389,barracouta,0.31722012162208557,False,30804,25976,1.1858638743455496,35.92688198557116,0.9662389256594807
imagenette,data/imagenette2-320/val/n01440764/n01440764_9780.JPEG,n01440764,0,tench,webp,77,0,tench,0.3995663821697235,True,31418,22322,1.407490368246573,37.18813336958563,0.9686042793883257
imagenette,data/imagenette2-320/val/n01440764/n01440764_9811.JPEG,n01440764,0,tench,webp,77,0,tench,0.5159088373184204,True,31147,26696,1.1667290979922085,35.53985253243886,0.9640704134105446
imagenette,data/imagenette2-320/val/n01440764/n01440764_9861.JPEG,n01440764,0,tench,webp,77,0,tench,0.5521169304847717,True,17786,9620,1.848856548856549,40.178649990139654,0.962816075110339
imagenette,data/imagenette2-320/val/n01440764/n01440764_9890.JPEG,n01440764,0,tench,webp,77,0,tench,0.6544944047927856,True,28140,22078,1.274571972098922,36.005565160832155,0.9569887007572176
imagenette,data/imagenette2-320/val/n01440764/n01440764_9931.JPEG,n01440764,0,tench,webp,77,0,tench,0.4737962484359741,True,45066,41718,1.080253128146124,34.71751551633798,0.9738990909888173
imagenette,data/imagenette2-320/val/n01440764/n01440764_9940.JPEG,n01440764,0,tench,webp,77,0,tench,0.4396827220916748,True,17342,10520,1.6484790874524715,37.82869448457506,0.9472285669146397
imagenette,data/imagenette2-320/val/n01440764/n01440764_9962.JPEG,n01440764,0,tench,webp,77,0,tench,0.4853249490261078,True,27105,20838,1.3007486323063633,36.06801171625266,0.95930858413805
imagenette,data/imagenette2-320/val/n01440764/n01440764_9981.JPEG,n01440764,0,tench,webp,77,0,tench,0.6433724164962769,True,30998,26316,1.1779145766833865,35.69132940824624,0.9683950951015284
imagenette,data/imagenette2-320/val/n02102040/ILSVRC2012_val_00004650.JPEG,n02102040,217,English springer,webp,77,217,English springer,0.5505506992340088,True,34231,30380,1.1267610269914416,35.018075957699686,0.9702077253760999
imagenette,data/imagenette2-320/val/n02102040/ILSVRC2012_val_00007032.JPEG,n02102040,217,English springer,webp,77,217,English springer,0.4005809426307678,True,30104,25526,1.1793465486170962,35.77490794478094,0.9645224267905572
imagenette,data/imagenette2-320/val/n02102040/ILSVRC2012_val_00008162.JPEG,n02102040,217,English springer,webp,77,217,English springer,0.38464418053627014,True,21505,14320,1.5017458100558658,37.205562640254904,0.9470679091158201
imagenette,data/imagenette2-320/val/n02102040/ILSVRC2012_val_00014280.JPEG,n02102040,217,English springer,webp,77,217,English springer,0.40204542875289917,True,30751,24566,1.2517707400472198,36.20305224586754,0.9634651959044654
imagenette,data/imagenette2-320/val/n02102040/ILSVRC2012_val_00016582.JPEG,n02102040,217,English springer,webp,77,217,English springer,0.2841421663761139,True,20951,14242,1.4710714787248982,37.25505690484399,0.9588213004226867
imagenette,data/imagenette2-320/val/n02102040/ILSVRC2012_val_00017370.JPEG,n02102040,217,English springer,webp,77,217,English springer,0.5528534650802612,True,15005,7950,1.8874213836477987,39.19599543182925,0.9540935473272252
imagenette,data/imagenette2-320/val/n02102040/ILSVRC2012_val_00022412.JPEG,n02102040,217,English springer,webp,77,217,English springer,0.37662002444267273,True,24736,19630,1.2601120733571065,36.571023563633744,0.952496063148761
imagenette,data/imagenette2-320/val/n02102040/ILSVRC2012_val_00023242.JPEG,n02102040,217,English springer,webp,77,217,English springer,0.2055351436138153,True,37658,35578,1.058463095171173,34.33036886205523,0.9703294605826085
imagenette,data/imagenette2-320/val/n02102040/ILSVRC2012_val_00023440.JPEG,n02102040,217,English springer,webp,77,217,English springer,0.12018068879842758,True,44367,44016,1.007974372955289,34.13050748429024,0.9738335496553194
imagenette,data/imagenette2-320/val/n02102040/ILSVRC2012_val_00025442.JPEG,n02102040,217,English springer,webp,77,217,English springer,0.3438388705253601,True,14462,7882,1.8348134991119005,38.8262862971585,0.9562925123346672
imagenette,data/imagenette2-320/val/n02102040/ILSVRC2012_val_00026521.JPEG,n02102040,217,English springer,webp,77,246,Great Dane,0.3232882618904114,False,47130,44924,1.0491051553735198,34.53437083575049,0.9758483200383953
imagenette,data/imagenette2-320/val/n02102040/ILSVRC2012_val_00027182.JPEG,n02102040,217,English springer,webp,77,217,English springer,0.22021378576755524,True,21658,14216,1.523494653911086,37.18896540325859,0.9465718840798317
imagenette,data/imagenette2-320/val/n02102040/ILSVRC2012_val_00036282.JPEG,n02102040,217,English springer,webp,77,217,English springer,0.5248881578445435,True,13952,8378,1.6653139174027214,38.563143773818474,0.957351494926502
imagenette,data/imagenette2-320/val/n02102040/ILSVRC2012_val_00037182.JPEG,n02102040,217,English springer,webp,77,217,English springer,0.3647302985191345,True,21560,16040,1.344139650872818,36.55233330800357,0.9517331704831137
imagenette,data/imagenette2-320/val/n02102040/ILSVRC2012_val_00040140.JPEG,n02102040,217,English springer,webp,77,217,English springer,0.2750556766986847,True,32960,29216,1.1281489594742606,34.94740429769341,0.9665686502035964
imagenette,data/imagenette2-320/val/n02102040/n02102040_1011.JPEG,n02102040,217,English springer,webp,77,217,English springer,0.27957698702812195,True,17764,10470,1.6966571155682904,38.19959595122941,0.9328000073090895
imagenette,data/imagenette2-320/val/n02102040/n02102040_1022.JPEG,n02102040,217,English springer,webp,77,217,English springer,0.3879079818725586,True,21123,16356,1.2914526779163609,37.36197223403474,0.9657301519018778
imagenette,data/imagenette2-320/val/n02102040/n02102040_1030.JPEG,n02102040,217,English springer,webp,77,217,English springer,0.47400689125061035,True,26473,19740,1.3410840932117527,37.01993029045485,0.9594734472877126
imagenette,data/imagenette2-320/val/n02102040/n02102040_1081.JPEG,n02102040,217,English springer,webp,77,797,sleeping bag,0.3480316996574402,False,21973,14886,1.4760849119978503,36.7922899286226,0.9302269389273624
imagenette,data/imagenette2-320/val/n02102040/n02102040_1082.JPEG,n02102040,217,English springer,webp,77,217,English springer,0.2930850088596344,True,29648,25870,1.1460378817162737,35.09977986923843,0.9750145751103468
imagenette,data/imagenette2-320/val/n02102040/n02102040_1091.JPEG,n02102040,217,English springer,webp,77,217,English springer,0.21190980076789856,True,30878,25808,1.1964507129572226,35.99433615764238,0.9515540140766113
imagenette,data/imagenette2-320/val/n02102040/n02102040_1092.JPEG,n02102040,217,English springer,webp,77,217,English springer,0.3893952965736389,True,42710,39830,1.0723073060507156,33.22667337347908,0.9755931211388206
imagenette,data/imagenette2-320/val/n02102040/n02102040_1100.JPEG,n02102040,217,English springer,webp,77,217,English springer,0.3278037905693054,True,17133,10864,1.5770434462444771,38.232101672153235,0.9603809194342062
imagenette,data/imagenette2-320/val/n02102040/n02102040_1102.JPEG,n02102040,217,English springer,webp,77,217,English springer,0.4333675503730774,True,25569,18596,1.3749731124973112,37.25534780917084,0.9513796896107446
imagenette,data/imagenette2-320/val/n02102040/n02102040_1110.JPEG,n02102040,217,English springer,webp,77,217,English springer,0.26412448287010193,True,14949,8294,1.8023872679045092,38.94215862229723,0.9429185016328931
imagenette,data/imagenette2-320/val/n02102040/n02102040_1112.JPEG,n02102040,217,English springer,webp,77,217,English springer,0.37840431928634644,True,46204,45926,1.0060532160431999,34.364067683208155,0.9818777835588192
imagenette,data/imagenette2-320/val/n02102040/n02102040_1121.JPEG,n02102040,217,English springer,webp,77,218,Welsh springer spaniel,0.19369517266750336,False,31027,30048,1.0325812034078807,34.62675324523669,0.970232381782874
imagenette,data/imagenette2-320/val/n02102040/n02102040_1122.JPEG,n02102040,217,English springer,webp,77,217,English springer,0.20288223028182983,True,17296,10864,1.5920471281296023,38.19395263697083,0.950551384448676
imagenette,data/imagenette2-320/val/n02102040/n02102040_1130.JPEG,n02102040,217,English springer,webp,77,217,English springer,0.22838479280471802,True,29379,24958,1.1771375911531372,35.12013750643835,0.9730932534669474
imagenette,data/imagenette2-320/val/n02102040/n02102040_1151.JPEG,n02102040,217,English springer,webp,77,217,English springer,0.31513580679893494,True,46457,46990,0.988657161098106,34.26739555948143,0.9711799811525573
imagenette,data/imagenette2-320/val/n02102040/n02102040_1160.JPEG,n02102040,217,English springer,webp,77,217,English springer,0.2864021062850952,True,38689,35016,1.1048949051862007,34.659146603116,0.9696356216973849
imagenette,data/imagenette2-320/val/n02102040/n02102040_1172.JPEG,n02102040,217,English springer,webp,77,219,cocker spaniel,0.1768999695777893,False,39662,37024,1.071251080380294,34.75180772904818,0.9767725088035254
imagenette,data/imagenette2-320/val/n02102040/n02102040_1181.JPEG,n02102040,217,English springer,webp,77,217,English springer,0.3341436982154846,True,28408,22514,1.2617926623434308,36.57371643795686,0.9542914746513783
imagenette,data/imagenette2-320/val/n02102040/n02102040_1200.JPEG,n02102040,217,English springer,webp,77,217,English springer,0.28949758410453796,True,29369,28116,1.0445653720301609,34.98060581234335,0.970483275934534
imagenette,data/imagenette2-320/val/n02102040/n02102040_1201.JPEG,n02102040,217,English springer,webp,77,217,English springer,0.47202950716018677,True,27418,22364,1.2259881953138974,36.51587139994697,0.961418115263014
imagenette,data/imagenette2-320/val/n02102040/n02102040_1210.JPEG,n02102040,217,English springer,webp,77,217,English springer,0.40396934747695923,True,24423,19024,1.2837994112699749,36.50579164603661,0.9441362931197954
imagenette,data/imagenette2-320/val/n02102040/n02102040_1222.JPEG,n02102040,217,English springer,webp,77,217,English springer,0.2949892282485962,True,27468,22262,1.23385140598329,36.45284744294797,0.9621231891371392
imagenette,data/imagenette2-320/val/n02102040/n02102040_1230.JPEG,n02102040,217,English springer,webp,77,217,English springer,0.27953511476516724,True,20023,12914,1.5504878426513862,38.10689477952606,0.9576869510464828
imagenette,data/imagenette2-320/val/n02102040/n02102040_1241.JPEG,n02102040,217,English springer,webp,77,217,English springer,0.3601081073284149,True,18903,10936,1.7285113386978785,38.487445145066836,0.9606631587390279
imagenette,data/imagenette2-320/val/n02102040/n02102040_1252.JPEG,n02102040,217,English springer,webp,77,233,Bouvier des Flandres,0.1977720856666565,False,25845,19430,1.3301595470921255,36.46544640503618,0.9509868475421385
imagenette,data/imagenette2-320/val/n02102040/n02102040_1260.JPEG,n02102040,217,English springer,webp,77,267,standard poodle,0.1070309728384018,False,30212,28944,1.0438087341072415,34.990410936007734,0.9694439521577364
imagenette,data/imagenette2-320/val/n02102040/n02102040_1261.JPEG,n02102040,217,English springer,webp,77,217,English springer,0.23695285618305206,True,48978,48642,1.0069076107067967,34.08819341659449,0.972444469632948
imagenette,data/imagenette2-320/val/n02102040/n02102040_1272.JPEG,n02102040,217,English springer,webp,77,247,Saint Bernard,0.0648881047964096,False,43586,41586,1.0480931082575866,34.20697813446514,0.9757725626648335
imagenette,data/imagenette2-320/val/n02102040/n02102040_1292.JPEG,n02102040,217,English springer,webp,77,217,English springer,0.3120766878128052,True,18331,12904,1.4205672659640423,36.888913401178044,0.9561858793720237
imagenette,data/imagenette2-320/val/n02102040/n02102040_1300.JPEG,n02102040,217,English springer,webp,77,217,English springer,0.30609607696533203,True,51043,50326,1.014247108850296,33.31872151151784,0.9857312952561533
imagenette,data/imagenette2-320/val/n02102040/n02102040_1301.JPEG,n02102040,217,English springer,webp,77,842,swimming trunks,0.11831729114055634,False,32747,28812,1.1365750381785367,34.99353587859944,0.9782531246839556
imagenette,data/imagenette2-320/val/n02102040/n02102040_1302.JPEG,n02102040,217,English springer,webp,77,217,English springer,0.3823927342891693,True,42113,40014,1.0524566401759383,34.7336709071929,0.9746215221933179
imagenette,data/imagenette2-320/val/n02102040/n02102040_1310.JPEG,n02102040,217,English springer,webp,77,217,English springer,0.3254994750022888,True,26876,22200,1.2106306306306307,36.55486765553959,0.9550332936616819
imagenette,data/imagenette2-320/val/n02102040/n02102040_132.JPEG,n02102040,217,English springer,webp,77,217,English springer,0.10437793284654617,True,38575,36474,1.057602675878708,34.510695385193316,0.968646736980272
imagenette,data/imagenette2-320/val/n02102040/n02102040_142.JPEG,n02102040,217,English springer,webp,77,217,English springer,0.18787124752998352,True,28963,21632,1.3388960798816567,35.703170176210506,0.9536571939895789
imagenette,data/imagenette2-320/val/n02102040/n02102040_1430.JPEG,n02102040,217,English springer,webp,77,217,English springer,0.3820298910140991,True,40237,39064,1.0300276469383576,35.15756220826303,0.9689722857943494
imagenette,data/imagenette2-320/val/n02102040/n02102040_1442.JPEG,n02102040,217,English springer,webp,77,217,English springer,0.4478483498096466,True,33657,28516,1.1802847524196942,35.21215056440721,0.9674615582700022
imagenette,data/imagenette2-320/val/n02102040/n02102040_1450.JPEG,n02102040,217,English springer,webp,77,217,English springer,0.20071354508399963,True,40127,37216,1.078219045571797,33.929258080565525,0.9694733523067902
imagenette,data/imagenette2-320/val/n02102040/n02102040_150.JPEG,n02102040,217,English springer,webp,77,217,English springer,0.4019014239311218,True,35929,32084,1.1198416656277272,34.268183158886075,0.9655642330490134
imagenette,data/imagenette2-320/val/n02102040/n02102040_1512.JPEG,n02102040,217,English springer,webp,77,217,English springer,0.37826091051101685,True,21729,12738,1.7058407913330194,37.8201974500749,0.9565082572895904
imagenette,data/imagenette2-320/val/n02102040/n02102040_1552.JPEG,n02102040,217,English springer,webp,77,217,English springer,0.4433645009994507,True,22398,16532,1.354827002177595,37.034518301705454,0.9576257695595399
imagenette,data/imagenette2-320/val/n02102040/n02102040_1590.JPEG,n02102040,217,English springer,webp,77,217,English springer,0.4547719657421112,True,19526,13296,1.4685619735258724,37.3154806642224,0.9591669725052171
imagenette,data/imagenette2-320/val/n02102040/n02102040_1592.JPEG,n02102040,217,English springer,webp,77,217,English springer,0.17102012038230896,True,24905,17364,1.43428933425478,36.788768895810655,0.9469921975857974
imagenette,data/imagenette2-320/val/n02102040/n02102040_1612.JPEG,n02102040,217,English springer,webp,77,217,English springer,0.24592070281505585,True,17413,10344,1.6833913379737047,38.04618368510945,0.940301324504888
imagenette,data/imagenette2-320/val/n02102040/n02102040_1620.JPEG,n02102040,217,English springer,webp,77,217,English springer,0.4958582818508148,True,24916,18122,1.3749034322922415,36.91526761592862,0.9567513101943614
imagenette,data/imagenette2-320/val/n02102040/n02102040_1632.JPEG,n02102040,217,English springer,webp,77,217,English springer,0.14503848552703857,True,19051,12876,1.4795744019881951,37.475846422481894,0.9522503081736842
imagenette,data/imagenette2-320/val/n02102040/n02102040_1642.JPEG,n02102040,217,English springer,webp,77,217,English springer,0.3442215621471405,True,29487,24664,1.1955481673694452,35.639645740867614,0.9627515100507363
imagenette,data/imagenette2-320/val/n02102040/n02102040_1660.JPEG,n02102040,217,English springer,webp,77,217,English springer,0.5200127959251404,True,25349,18620,1.3613856068743286,36.85595080100497,0.9543008045217611
imagenette,data/imagenette2-320/val/n02102040/n02102040_171.JPEG,n02102040,217,English springer,webp,77,217,English springer,0.33007746934890747,True,22298,16094,1.3854852740151609,37.39785024340768,0.9573123074633448
imagenette,data/imagenette2-320/val/n02102040/n02102040_1720.JPEG,n02102040,217,English springer,webp,77,217,English springer,0.2680598497390747,True,38843,35458,1.095465057250832,34.69272985043696,0.9756452112684366
imagenette,data/imagenette2-320/val/n02102040/n02102040_1740.JPEG,n02102040,217,English springer,webp,77,217,English springer,0.24945653975009918,True,32223,25748,1.2514758427839054,36.13805554350262,0.9656744160565133
imagenette,data/imagenette2-320/val/n02102040/n02102040_1760.JPEG,n02102040,217,English springer,webp,77,217,English springer,0.38377246260643005,True,38154,35678,1.069398508885027,34.326901958228234,0.9702631305065945
imagenette,data/imagenette2-320/val/n02102040/n02102040_1770.JPEG,n02102040,217,English springer,webp,77,217,English springer,0.45338547229766846,True,25801,19788,1.3038710329492622,36.18531278032444,0.9588481470256007
imagenette,data/imagenette2-320/val/n02102040/n02102040_1771.JPEG,n02102040,217,English springer,webp,77,217,English springer,0.36072784662246704,True,27316,20860,1.3094918504314477,36.65157385042207,0.9469552464844421
imagenette,data/imagenette2-320/val/n02102040/n02102040_1781.JPEG,n02102040,217,English springer,webp,77,217,English springer,0.2591841220855713,True,30223,25616,1.1798485321673953,35.4783543600213,0.9712662904531909
imagenette,data/imagenette2-320/val/n02102040/n02102040_1782.JPEG,n02102040,217,English springer,webp,77,217,English springer,0.1708139330148697,True,23613,15744,1.4998094512195121,36.31535968182553,0.9494677040054601
imagenette,data/imagenette2-320/val/n02102040/n02102040_1791.JPEG,n02102040,217,English springer,webp,77,217,English springer,0.38930773735046387,True,24399,16994,1.4357420265976226,37.1265319588072,0.950611001884354
imagenette,data/imagenette2-320/val/n02102040/n02102040_182.JPEG,n02102040,217,English springer,webp,77,217,English springer,0.39132508635520935,True,39999,37486,1.0670383609881022,34.48765535515086,0.9739779309266927
imagenette,data/imagenette2-320/val/n02102040/n02102040_1822.JPEG,n02102040,217,English springer,webp,77,217,English springer,0.34217140078544617,True,20617,12752,1.6167659974905897,37.85955324769746,0.9468778955782803
imagenette,data/imagenette2-320/val/n02102040/n02102040_1830.JPEG,n02102040,217,English springer,webp,77,217,English springer,0.3714822232723236,True,35257,32102,1.098280480966918,35.05411097721817,0.9659863583829873
imagenette,data/imagenette2-320/val/n02102040/n02102040_1840.JPEG,n02102040,217,English springer,webp,77,217,English springer,0.303322434425354,True,16841,11014,1.5290539313600873,37.523357952507,0.9542632268900398
imagenette,data/imagenette2-320/val/n02102040/n02102040_1841.JPEG,n02102040,217,English springer,webp,77,217,English springer,0.4578533172607422,True,17224,10460,1.6466539196940726,37.93243323701592,0.9361117839234185
imagenette,data/imagenette2-320/val/n02102040/n02102040_1842.JPEG,n02102040,217,English springer,webp,77,217,English springer,0.21351167559623718,True,28264,22904,1.2340202584701363,36.06830795243963,0.9650959751536456
imagenette,data/imagenette2-320/val/n02102040/n02102040_1870.JPEG,n02102040,217,English springer,webp,77,217,English springer,0.25671401619911194,True,51075,50962,1.0022173384090107,33.99922646921795,0.9777126573663596
imagenette,data/imagenette2-320/val/n02102040/n02102040_1910.JPEG,n02102040,217,English springer,webp,77,217,English springer,0.25644931197166443,True,51838,52556,0.986338381916432,32.676337612537495,0.973233927034271
imagenette,data/imagenette2-320/val/n02102040/n02102040_1961.JPEG,n02102040,217,English springer,webp,77,217,English springer,0.21651257574558258,True,41616,38830,1.071748647952614,34.397828527298365,0.9746961423222232
imagenette,data/imagenette2-320/val/n02102040/n02102040_1980.JPEG,n02102040,217,English springer,webp,77,217,English springer,0.4953773319721222,True,10521,5394,1.9505005561735262,41.870644231867274,0.9733169042437054
imagenette,data/imagenette2-320/val/n02102040/n02102040_2000.JPEG,n02102040,217,English springer,webp,77,217,English springer,0.31081801652908325,True,11114,5438,2.0437660904744392,40.09011918457916,0.962099329868491
imagenette,data/imagenette2-320/val/n02102040/n02102040_201.JPEG,n02102040,217,English springer,webp,77,217,English springer,0.22389355301856995,True,30325,25200,1.2033730158730158,35.485618334280225,0.9668542796949845
imagenette,data/imagenette2-320/val/n02102040/n02102040_202.JPEG,n02102040,217,English springer,webp,77,217,English springer,0.2796115279197693,True,17793,12082,1.4726866412845556,37.872443459561644,0.9647576365133919
imagenette,data/imagenette2-320/val/n02102040/n02102040_2021.JPEG,n02102040,217,English springer,webp,77,217,English springer,0.34859025478363037,True,18556,11356,1.6340260655160268,37.98210813416529,0.9483647679803254
imagenette,data/imagenette2-320/val/n02102040/n02102040_2032.JPEG,n02102040,217,English springer,webp,77,217,English springer,0.3035648465156555,True,25460,18420,1.3821932681867535,36.27805943896174,0.963542781929371
imagenette,data/imagenette2-320/val/n02102040/n02102040_2051.JPEG,n02102040,217,English springer,webp,77,217,English springer,0.18073581159114838,True,22862,16552,1.3812228129531174,36.69887608113484,0.9679676311486173
imagenette,data/imagenette2-320/val/n02102040/n02102040_2082.JPEG,n02102040,217,English springer,webp,77,232,Border collie,0.14828456938266754,False,42389,37454,1.1317616275965183,34.909760173234524,0.9751940131900527
imagenette,data/imagenette2-320/val/n02102040/n02102040_2102.JPEG,n02102040,217,English springer,webp,77,217,English springer,0.5210489630699158,True,40260,37090,1.0854677810730655,35.10133498944923,0.9697459959326699
imagenette,data/imagenette2-320/val/n02102040/n02102040_2110.JPEG,n02102040,217,English springer,webp,77,217,English springer,0.19676481187343597,True,21141,12692,1.6656949259375984,38.04779483203471,0.9367540169094477
imagenette,data/imagenette2-320/val/n02102040/n02102040_2111.JPEG,n02102040,217,English springer,webp,77,212,English setter,0.12270153313875198,False,28147,22616,1.2445613724796605,36.45427233466404,0.971532572778535
imagenette,data/imagenette2-320/val/n02102040/n02102040_2112.JPEG,n02102040,217,English springer,webp,77,217,English springer,0.38378629088401794,True,16794,10396,1.6154290111581378,39.386963253972546,0.9719623132008742
imagenette,data/imagenette2-320/val/n02102040/n02102040_2122.JPEG,n02102040,217,English springer,webp,77,217,English springer,0.29889777302742004,True,19465,13516,1.4401450133175495,38.41940568652656,0.9574192085715175
imagenette,data/imagenette2-320/val/n02102040/n02102040_2142.JPEG,n02102040,217,English springer,webp,77,217,English springer,0.32273557782173157,True,17519,11228,1.5602956893480584,37.294573251852945,0.9536594434451947
imagenette,data/imagenette2-320/val/n02102040/n02102040_2280.JPEG,n02102040,217,English springer,webp,77,217,English springer,0.338255912065506,True,28737,25728,1.116954291044776,35.76687051130519,0.9507866581368932
imagenette,data/imagenette2-320/val/n02102040/n02102040_2302.JPEG,n02102040,217,English springer,webp,77,217,English springer,0.17309343814849854,True,38142,35314,1.0800815540578808,34.41075515779207,0.9758620840125342
imagenette,data/imagenette2-320/val/n02102040/n02102040_2312.JPEG,n02102040,217,English springer,webp,77,217,English springer,0.47844812273979187,True,28272,22526,1.255083015182456,35.48855151462336,0.9506461429668125
imagenette,data/imagenette2-320/val/n02102040/n02102040_2321.JPEG,n02102040,217,English springer,webp,77,217,English springer,0.5020291805267334,True,23904,17432,1.3712712253327215,36.73033318998434,0.9537603607223545
imagenette,data/imagenette2-320/val/n02102040/n02102040_2340.JPEG,n02102040,217,English springer,webp,77,217,English springer,0.35830339789390564,True,32063,27054,1.1851482220743699,36.00513328584054,0.9623343431835258
imagenette,data/imagenette2-320/val/n02102040/n02102040_2391.JPEG,n02102040,217,English springer,webp,77,217,English springer,0.5206828117370605,True,21041,15082,1.3951067497679353,37.47612133087638,0.9620495917337896
imagenette,data/imagenette2-320/val/n02102040/n02102040_2462.JPEG,n02102040,217,English springer,webp,77,219,cocker spaniel,0.2927321195602417,False,22709,16108,1.4097963744723119,37.53761547018112,0.9651369947763561
imagenette,data/imagenette2-320/val/n02102040/n02102040_2470.JPEG,n02102040,217,English springer,webp,77,217,English springer,0.45940425992012024,True,17850,11156,1.6000358551452134,38.04307604705389,0.94835578582639
imagenette,data/imagenette2-320/val/n02102040/n02102040_2480.JPEG,n02102040,217,English springer,webp,77,217,English springer,0.44866612553596497,True,19439,13140,1.4793759512937594,37.80586313143057,0.9542325327040851
imagenette,data/imagenette2-320/val/n02102040/n02102040_2481.JPEG,n02102040,217,English springer,webp,77,217,English springer,0.25869452953338623,True,21480,15010,1.431045969353764,37.89591497073893,0.9673536279756717
imagenette,data/imagenette2-320/val/n02102040/n02102040_251.JPEG,n02102040,217,English springer,webp,77,217,English springer,0.5009739995002747,True,26272,20764,1.2652668079368137,36.172112067922384,0.9556412094973948
imagenette,data/imagenette2-320/val/n02102040/n02102040_2530.JPEG,n02102040,217,English springer,webp,77,217,English springer,0.3179796040058136,True,21848,16516,1.3228384596754663,36.71179053260025,0.9595682176069898
imagenette,data/imagenette2-320/val/n02102040/n02102040_2572.JPEG,n02102040,217,English springer,webp,77,217,English springer,0.09603364765644073,True,15275,9010,1.695338512763596,38.513445408759864,0.9454238770952607
imagenette,data/imagenette2-320/val/n02102040/n02102040_2641.JPEG,n02102040,217,English springer,webp,77,217,English springer,0.484097957611084,True,23012,17282,1.3315588473556301,36.307818064836496,0.9553315291609111
imagenette,data/imagenette2-320/val/n02102040/n02102040_2652.JPEG,n02102040,217,English springer,webp,77,217,English springer,0.4428049325942993,True,24159,16554,1.4594055817325118,37.58827076814845,0.9600027004150237
imagenette,data/imagenette2-320/val/n02102040/n02102040_2700.JPEG,n02102040,217,English springer,webp,77,217,English springer,0.41545745730400085,True,44784,43996,1.0179107191562868,34.39249934237673,0.980244605781559
imagenette,data/imagenette2-320/val/n02102040/n02102040_2702.JPEG,n02102040,217,English springer,webp,77,220,Sussex spaniel,0.19897601008415222,False,31636,25708,1.2305896997043722,35.53015508000048,0.9668485229061
imagenette,data/imagenette2-320/val/n02102040/n02102040_2730.JPEG,n02102040,217,English springer,webp,77,217,English springer,0.1847309172153473,True,27474,21574,1.2734773338277556,35.791920412467235,0.9639484340525234
imagenette,data/imagenette2-320/val/n02102040/n02102040_2750.JPEG,n02102040,217,English springer,webp,77,212,English setter,0.3126358091831207,False,19191,13262,1.4470668074196953,38.069747983137994,0.9612640612990849
imagenette,data/imagenette2-320/val/n02102040/n02102040_2762.JPEG,n02102040,217,English springer,webp,77,217,English springer,0.42958787083625793,True,31069,24358,1.2755152311355613,36.2441414244385,0.959832365732506
imagenette,data/imagenette2-320/val/n02102040/n02102040_2790.JPEG,n02102040,217,English springer,webp,77,217,English springer,0.32262834906578064,True,36096,32620,1.1065603923973022,35.79720363429097,0.9678023716443368
imagenette,data/imagenette2-320/val/n02102040/n02102040_2792.JPEG,n02102040,217,English springer,webp,77,217,English springer,0.46756359934806824,True,24715,19056,1.2969668345927792,36.53146450166887,0.9484560447258942
imagenette,data/imagenette2-320/val/n02102040/n02102040_281.JPEG,n02102040,217,English springer,webp,77,217,English springer,0.24773156642913818,True,21177,13832,1.531015037593985,37.70684867068443,0.9542793665103749
imagenette,data/imagenette2-320/val/n02102040/n02102040_2830.JPEG,n02102040,217,English springer,webp,77,217,English springer,0.21837465465068817,True,32573,28918,1.1263918666574453,35.760181956850936,0.9701642470670954
imagenette,data/imagenette2-320/val/n02102040/n02102040_2842.JPEG,n02102040,217,English springer,webp,77,217,English springer,0.31369549036026,True,18463,12812,1.4410708710583828,37.307814114273945,0.9603175786388377
imagenette,data/imagenette2-320/val/n02102040/n02102040_2852.JPEG,n02102040,217,English springer,webp,77,217,English springer,0.3283056914806366,True,16142,9262,1.742820125242928,38.11102954824818,0.9558844685062575
imagenette,data/imagenette2-320/val/n02102040/n02102040_2890.JPEG,n02102040,217,English springer,webp,77,217,English springer,0.23469719290733337,True,44783,44786,0.999933014781405,34.136642775546036,0.9878208792711353
imagenette,data/imagenette2-320/val/n02102040/n02102040_290.JPEG,n02102040,217,English springer,webp,77,217,English springer,0.37134850025177,True,20432,12564,1.6262336835402738,37.49612760059782,0.9456845720706148
imagenette,data/imagenette2-320/val/n02102040/n02102040_2920.JPEG,n02102040,217,English springer,webp,77,217,English springer,0.34187763929367065,True,28678,23266,1.2326141150176222,35.48799102062164,0.9634974707804328
imagenette,data/imagenette2-320/val/n02102040/n02102040_2930.JPEG,n02102040,217,English springer,webp,77,250,Siberian husky,0.09869997203350067,False,29668,22598,1.312859545092486,36.32644213339978,0.9616221623690154
imagenette,data/imagenette2-320/val/n02102040/n02102040_2941.JPEG,n02102040,217,English springer,webp,77,217,English springer,0.4513446092605591,True,25159,19454,1.2932558856790377,37.026237849897825,0.9604544652596111
imagenette,data/imagenette2-320/val/n02102040/n02102040_2950.JPEG,n02102040,217,English springer,webp,77,217,English springer,0.5544988512992859,True,19442,11368,1.7102392681210414,38.02872821214946,0.9221203442216956
imagenette,data/imagenette2-320/val/n02102040/n02102040_2951.JPEG,n02102040,217,English springer,webp,77,218,Welsh springer spaniel,0.1818719357252121,False,35434,31630,1.1202655706607652,35.22435802671996,0.9667277693137034
imagenette,data/imagenette2-320/val/n02102040/n02102040_2961.JPEG,n02102040,217,English springer,webp,77,217,English springer,0.31106752157211304,True,52046,51988,1.0011156420712473,33.691643548566944,0.9845629549002473
imagenette,data/imagenette2-320/val/n02102040/n02102040_2991.JPEG,n02102040,217,English springer,webp,77,217,English springer,0.3166320025920868,True,18931,12094,1.5653216470977345,37.007471343852345,0.9314505338409296
imagenette,data/imagenette2-320/val/n02102040/n02102040_30.JPEG,n02102040,217,English springer,webp,77,217,English springer,0.468406617641449,True,23173,16586,1.397142168093573,36.929720862147654,0.9629804929637107
imagenette,data/imagenette2-320/val/n02102040/n02102040_3012.JPEG,n02102040,217,English springer,webp,77,217,English springer,0.3233415186405182,True,32427,28342,1.1441323830357772,35.53866145541984,0.9663697519912876
imagenette,data/imagenette2-320/val/n02102040/n02102040_3022.JPEG,n02102040,217,English springer,webp,77,217,English springer,0.49804559350013733,True,16599,9466,1.753538981618424,38.76524405219996,0.955907128305514
imagenette,data/imagenette2-320/val/n02102040/n02102040_3030.JPEG,n02102040,217,English springer,webp,77,217,English springer,0.31897035241127014,True,20157,12666,1.5914258645191852,38.3554985795578,0.9508508210114893
imagenette,data/imagenette2-320/val/n02102040/n02102040_3052.JPEG,n02102040,217,English springer,webp,77,217,English springer,0.3828592896461487,True,38092,34882,1.0920245398773005,35.08827808867563,0.9651728368732165
imagenette,data/imagenette2-320/val/n02102040/n02102040_3061.JPEG,n02102040,217,English springer,webp,77,217,English springer,0.570304811000824,True,39207,34544,1.134987262621584,34.93408178797805,0.9726139772457304
imagenette,data/imagenette2-320/val/n02102040/n02102040_3062.JPEG,n02102040,217,English springer,webp,77,217,English springer,0.5491530895233154,True,16383,11306,1.4490535998584821,37.699873944958526,0.9498769534764037
imagenette,data/imagenette2-320/val/n02102040/n02102040_3091.JPEG,n02102040,217,English springer,webp,77,217,English springer,0.23913387954235077,True,23830,16410,1.4521633150517976,37.45942559221942,0.9439481508284505
imagenette,data/imagenette2-320/val/n02102040/n02102040_3112.JPEG,n02102040,217,English springer,webp,77,217,English springer,0.48939311504364014,True,28342,24284,1.16710591335859,35.78377993669305,0.9482663259086793
imagenette,data/imagenette2-320/val/n02102040/n02102040_312.JPEG,n02102040,217,English springer,webp,77,217,English springer,0.322501003742218,True,21650,13602,1.5916776944566975,37.789540668755905,0.9494375052738221
imagenette,data/imagenette2-320/val/n02102040/n02102040_3141.JPEG,n02102040,217,English springer,webp,77,217,English springer,0.34109756350517273,True,49281,49854,0.9885064388012998,34.02847928667115,0.9797246403390271
imagenette,data/imagenette2-320/val/n02102040/n02102040_3160.JPEG,n02102040,217,English springer,webp,77,217,English springer,0.5209357142448425,True,23424,16086,1.4561730697500932,36.545659039756735,0.9427505400891855
imagenette,data/imagenette2-320/val/n02102040/n02102040_3161.JPEG,n02102040,217,English springer,webp,77,217,English springer,0.3426362872123718,True,26190,21008,1.2466679360243718,36.24203644661107,0.9666626103503771
imagenette,data/imagenette2-320/val/n02102040/n02102040_3162.JPEG,n02102040,217,English springer,webp,77,217,English springer,0.3024061620235443,True,16463,10002,1.6459708058388323,39.13750677353849,0.9614129030150292
imagenette,data/imagenette2-320/val/n02102040/n02102040_3180.JPEG,n02102040,217,English springer,webp,77,217,English springer,0.4371638596057892,True,41986,38328,1.0954393654769359,34.95486421326284,0.9770351425063298
imagenette,data/imagenette2-320/val/n02102040/n02102040_3190.JPEG,n02102040,217,English springer,webp,77,217,English springer,0.4660262167453766,True,32570,26566,1.2260031619363096,35.74427069995105,0.9461372761566662
imagenette,data/imagenette2-320/val/n02102040/n02102040_3201.JPEG,n02102040,217,English springer,webp,77,217,English springer,0.3648732304573059,True,38613,35250,1.095404255319149,34.5629435567943,0.9714805429189487
imagenette,data/imagenette2-320/val/n02102040/n02102040_3212.JPEG,n02102040,217,English springer,webp,77,217,English springer,0.19375991821289062,True,40780,38292,1.0649744071868799,34.74968942747674,0.9782414047535086
imagenette,data/imagenette2-320/val/n02102040/n02102040_3221.JPEG,n02102040,217,English springer,webp,77,217,English springer,0.418401837348938,True,23481,17796,1.319453809844909,36.687854708249006,0.942317013672001
imagenette,data/imagenette2-320/val/n02102040/n02102040_3260.JPEG,n02102040,217,English springer,webp,77,217,English springer,0.25576165318489075,True,18546,11242,1.649706457925636,37.97865632801254,0.9587669497333983
imagenette,data/imagenette2-320/val/n02102040/n02102040_3290.JPEG,n02102040,217,English springer,webp,77,217,English springer,0.5804226994514465,True,29224,23206,1.2593294837542015,35.910744902700024,0.9581647162176278
imagenette,data/imagenette2-320/val/n02102040/n02102040_3300.JPEG,n02102040,217,English springer,webp,77,217,English springer,0.37667909264564514,True,42001,38922,1.0791069318123427,33.672181693189884,0.9712850513565071
imagenette,data/imagenette2-320/val/n02102040/n02102040_3311.JPEG,n02102040,217,English springer,webp,77,217,English springer,0.22130393981933594,True,36361,32802,1.1084994817389184,35.36763842492353,0.9706787508528577
imagenette,data/imagenette2-320/val/n02102040/n02102040_332.JPEG,n02102040,217,English springer,webp,77,217,English springer,0.6578177809715271,True,26688,21962,1.2151898734177216,36.52209195214956,0.9621976968887012
imagenette,data/imagenette2-320/val/n02102040/n02102040_3371.JPEG,n02102040,217,English springer,webp,77,217,English springer,0.2826414406299591,True,24610,18844,1.3059859902356188,36.61461166000865,0.9597509516827394
imagenette,data/imagenette2-320/val/n02102040/n02102040_3372.JPEG,n02102040,217,English springer,webp,77,217,English springer,0.25383228063583374,True,32813,28472,1.1524655802191628,35.81407489770585,0.9720983776695724
imagenette,data/imagenette2-320/val/n02102040/n02102040_3381.JPEG,n02102040,217,English springer,webp,77,217,English springer,0.4159170985221863,True,44318,43552,1.0175881704628948,34.5656946005316,0.9742866923586156
imagenette,data/imagenette2-320/val/n02102040/n02102040_341.JPEG,n02102040,217,English springer,webp,77,217,English springer,0.5813429355621338,True,22542,16470,1.3686703096539161,37.24737653132815,0.9675306285479782
imagenette,data/imagenette2-320/val/n02102040/n02102040_3420.JPEG,n02102040,217,English springer,webp,77,217,English springer,0.33611804246902466,True,28545,24348,1.1723755544603254,35.92668636119854,0.9529648746019351
imagenette,data/imagenette2-320/val/n02102040/n02102040_3450.JPEG,n02102040,217,English springer,webp,77,215,Brittany spaniel,0.1455516219139099,False,35230,30394,1.1591103507271172,35.420152547534094,0.9615936872667697
imagenette,data/imagenette2-320/val/n02102040/n02102040_3452.JPEG,n02102040,217,English springer,webp,77,218,Welsh springer spaniel,0.2751200497150421,False,41005,39130,1.0479171990799898,34.36270729861435,0.9775372678238988
imagenette,data/imagenette2-320/val/n02102040/n02102040_3462.JPEG,n02102040,217,English springer,webp,77,217,English springer,0.42446914315223694,True,31607,27532,1.1480095888420747,35.39621417823969,0.9563920974532364
imagenette,data/imagenette2-320/val/n02102040/n02102040_3472.JPEG,n02102040,217,English springer,webp,77,217,English springer,0.20391152799129486,True,26228,22504,1.1654816921436189,35.93746784310437,0.9619321108111499
imagenette,data/imagenette2-320/val/n02102040/n02102040_350.JPEG,n02102040,217,English springer,webp,77,217,English springer,0.44734352827072144,True,22382,14798,1.5125016894174887,37.781972571178166,0.9494611016321656
imagenette,data/imagenette2-320/val/n02102040/n02102040_3502.JPEG,n02102040,217,English springer,webp,77,217,English springer,0.5624626874923706,True,21285,15146,1.4053215370394825,37.31756881518422,0.9525293477562893
imagenette,data/imagenette2-320/val/n02102040/n02102040_352.JPEG,n02102040,217,English springer,webp,77,217,English springer,0.3771215081214905,True,28811,22396,1.2864350776924451,36.47969793350915,0.9676574868160603
imagenette,data/imagenette2-320/val/n02102040/n02102040_3530.JPEG,n02102040,217,English springer,webp,77,217,English springer,0.381114661693573,True,26234,19612,1.3376504181113604,36.76146621629295,0.958657047960164
imagenette,data/imagenette2-320/val/n02102040/n02102040_3532.JPEG,n02102040,217,English springer,webp,77,217,English springer,0.5358478426933289,True,20216,14912,1.35568669527897,36.807170280168606,0.9419688808393974
imagenette,data/imagenette2-320/val/n02102040/n02102040_3562.JPEG,n02102040,217,English springer,webp,77,217,English springer,0.2327696681022644,True,37130,34594,1.0733075099728278,34.85351576146451,0.9716226767770361
imagenette,data/imagenette2-320/val/n02102040/n02102040_3582.JPEG,n02102040,217,English springer,webp,77,217,English springer,0.35929110646247864,True,26323,22170,1.1873252142534958,36.363898851316506,0.9493903068057973
imagenette,data/imagenette2-320/val/n02102040/n02102040_3601.JPEG,n02102040,217,English springer,webp,77,217,English springer,0.2807920575141907,True,27162,24022,1.1307135126134378,36.37602633279044,0.952088103932783
imagenette,data/imagenette2-320/val/n02102040/n02102040_3610.JPEG,n02102040,217,English springer,webp,77,217,English springer,0.08411028236150742,True,24042,19200,1.2521875,36.6720620508692,0.9617495112245255
imagenette,data/imagenette2-320/val/n02102040/n02102040_362.JPEG,n02102040,217,English springer,webp,77,217,English springer,0.3703092336654663,True,17207,9840,1.748678861788618,38.151303984742356,0.9585353167430614
imagenette,data/imagenette2-320/val/n02102040/n02102040_3621.JPEG,n02102040,217,English springer,webp,77,217,English springer,0.41779160499572754,True,23769,18802,1.2641740240399957,36.41925857182566,0.9569650013082828
imagenette,data/imagenette2-320/val/n02102040/n02102040_3640.JPEG,n02102040,217,English springer,webp,77,215,Brittany spaniel,0.23796188831329346,False,18765,11654,1.6101767633430581,37.590116759073446,0.9273477181914881
imagenette,data/imagenette2-320/val/n02102040/n02102040_3660.JPEG,n02102040,217,English springer,webp,77,217,English springer,0.39229410886764526,True,41080,37494,1.0956419693817678,35.11374636854444,0.9765855696916335
imagenette,data/imagenette2-320/val/n02102040/n02102040_3681.JPEG,n02102040,217,English springer,webp,77,217,English springer,0.4482680559158325,True,30562,26230,1.165154403354937,36.11765810395306,0.955824313197347
imagenette,data/imagenette2-320/val/n02102040/n02102040_3691.JPEG,n02102040,217,English springer,webp,77,217,English springer,0.3642294406890869,True,17903,11414,1.5685123532503942,38.326466227613324,0.9598208913875723
imagenette,data/imagenette2-320/val/n02102040/n02102040_371.JPEG,n02102040,217,English springer,webp,77,217,English springer,0.4080564081668854,True,17894,10450,1.7123444976076554,38.11343305683883,0.9351847123463545
imagenette,data/imagenette2-320/val/n02102040/n02102040_372.JPEG,n02102040,217,English springer,webp,77,217,English springer,0.5817022919654846,True,19951,13694,1.4569154374178472,37.670787438638044,0.9604379604780209
imagenette,data/imagenette2-320/val/n02102040/n02102040_3792.JPEG,n02102040,217,English springer,webp,77,217,English springer,0.2206982970237732,True,26985,19582,1.378051271575937,35.731799578287315,0.9140343954874379
imagenette,data/imagenette2-320/val/n02102040/n02102040_3891.JPEG,n02102040,217,English springer,webp,77,217,English springer,0.278766930103302,True,22575,16330,1.3824249846907533,37.7174294278766,0.9614152200677433
imagenette,data/imagenette2-320/val/n02102040/n02102040_390.JPEG,n02102040,217,English springer,webp,77,217,English springer,0.5282860398292542,True,33347,29194,1.1422552579297116,35.35974504760239,0.965260405352514
imagenette,data/imagenette2-320/val/n02102040/n02102040_3931.JPEG,n02102040,217,English springer,webp,77,217,English springer,0.25150567293167114,True,32636,27664,1.179728166570272,35.14756342224904,0.9714936562055495
imagenette,data/imagenette2-320/val/n02102040/n02102040_3941.JPEG,n02102040,217,English springer,webp,77,217,English springer,0.4698220193386078,True,21178,15682,1.350465501849254,37.41321214988014,0.9538927265938665
imagenette,data/imagenette2-320/val/n02102040/n02102040_3950.JPEG,n02102040,217,English springer,webp,77,217,English springer,0.5688376426696777,True,35400,32734,1.0814443697684364,35.12090986635927,0.9697559523397059
imagenette,data/imagenette2-320/val/n02102040/n02102040_3960.JPEG,n02102040,217,English springer,webp,77,217,English springer,0.31369584798812866,True,53012,52050,1.0184822286263209,34.2757692927879,0.9892086997216855
imagenette,data/imagenette2-320/val/n02102040/n02102040_4020.JPEG,n02102040,217,English springer,webp,77,217,English springer,0.46244266629219055,True,44871,45278,0.9910110870621494,33.932240130153644,0.9807831760172214
imagenette,data/imagenette2-320/val/n02102040/n02102040_4070.JPEG,n02102040,217,English springer,webp,77,217,English springer,0.478398859500885,True,19535,13330,1.4654913728432108,39.597131990042975,0.9710454098991578
imagenette,data/imagenette2-320/val/n02102040/n02102040_4090.JPEG,n02102040,217,English springer,webp,77,217,English springer,0.45879045128822327,True,36114,33562,1.0760383767355939,35.83624672497885,0.9601287435996789
imagenette,data/imagenette2-320/val/n02102040/n02102040_4111.JPEG,n02102040,217,English springer,webp,77,217,English springer,0.18408071994781494,True,23669,16998,1.3924579362277916,36.50510578902656,0.9503768393155179
imagenette,data/imagenette2-320/val/n02102040/n02102040_421.JPEG,n02102040,217,English springer,webp,77,217,English springer,0.15681102871894836,True,22131,15200,1.455986842105263,37.464029042063835,0.9383505806023363
imagenette,data/imagenette2-320/val/n02102040/n02102040_4241.JPEG,n02102040,217,English springer,webp,77,217,English springer,0.3516750931739807,True,20186,10588,1.9064979221760483,38.686349610911805,0.961726736784418
imagenette,data/imagenette2-320/val/n02102040/n02102040_4250.JPEG,n02102040,217,English springer,webp,77,217,English springer,0.39792853593826294,True,50503,50754,0.9950545769791543,33.71834001640091,0.9799778058170677
imagenette,data/imagenette2-320/val/n02102040/n02102040_4262.JPEG,n02102040,217,English springer,webp,77,217,English springer,0.22759909927845,True,26904,20870,1.2891231432678485,36.13272920654733,0.9497365671644357
imagenette,data/imagenette2-320/val/n02102040/n02102040_4272.JPEG,n02102040,217,English springer,webp,77,217,English springer,0.2948259711265564,True,25710,19352,1.3285448532451427,36.57510237982877,0.9615540320611865
imagenette,data/imagenette2-320/val/n02102040/n02102040_430.JPEG,n02102040,217,English springer,webp,77,217,English springer,0.23723679780960083,True,21332,14392,1.482212340188994,37.0873125767518,0.9561445977910008
imagenette,data/imagenette2-320/val/n02102040/n02102040_4320.JPEG,n02102040,217,English springer,webp,77,217,English springer,0.34521976113319397,True,32396,27858,1.162897551870199,36.03075533384386,0.9644178012635315
imagenette,data/imagenette2-320/val/n02102040/n02102040_4342.JPEG,n02102040,217,English springer,webp,77,217,English springer,0.18251022696495056,True,17502,10800,1.6205555555555555,38.368230982112635,0.9657305481978528
imagenette,data/imagenette2-320/val/n02102040/n02102040_4350.JPEG,n02102040,217,English springer,webp,77,217,English springer,0.5397841930389404,True,20337,14142,1.43805685193042,36.90505572108812,0.9310183592451969
imagenette,data/imagenette2-320/val/n02102040/n02102040_4352.JPEG,n02102040,217,English springer,webp,77,217,English springer,0.29623258113861084,True,17326,11462,1.5116035595882045,36.6732502512444,0.9603623572886253
imagenette,data/imagenette2-320/val/n02102040/n02102040_4392.JPEG,n02102040,217,English springer,webp,77,218,Welsh springer spaniel,0.16160568594932556,False,22948,16564,1.3854141511712146,37.26467477177031,0.9629672811991717
imagenette,data/imagenette2-320/val/n02102040/n02102040_440.JPEG,n02102040,217,English springer,webp,77,217,English springer,0.3418727517127991,True,32126,26338,1.2197585238059079,35.03793246470218,0.9546889088290409
imagenette,data/imagenette2-320/val/n02102040/n02102040_4410.JPEG,n02102040,217,English springer,webp,77,217,English springer,0.4219933748245239,True,27923,23082,1.2097305259509574,35.94926747144679,0.9555418441121598
imagenette,data/imagenette2-320/val/n02102040/n02102040_4411.JPEG,n02102040,217,English springer,webp,77,215,Brittany spaniel,0.17805860936641693,False,39409,37204,1.0592678206644446,34.42510363242745,0.9706957169229725
imagenette,data/imagenette2-320/val/n02102040/n02102040_4440.JPEG,n02102040,217,English springer,webp,77,217,English springer,0.25586605072021484,True,23916,18024,1.3268974700399467,37.00392083019121,0.9559690228327131
imagenette,data/imagenette2-320/val/n02102040/n02102040_4450.JPEG,n02102040,217,English springer,webp,77,217,English springer,0.2268112152814865,True,43093,41464,1.0392870924175188,34.77507288368325,0.9721505255593185
imagenette,data/imagenette2-320/val/n02102040/n02102040_4481.JPEG,n02102040,217,English springer,webp,77,217,English springer,0.6122484803199768,True,18645,11424,1.6320903361344539,37.38967342196776,0.9428683332750692
imagenette,data/imagenette2-320/val/n02102040/n02102040_4492.JPEG,n02102040,217,English springer,webp,77,217,English springer,0.2922356426715851,True,30767,25880,1.1888330757341576,35.554599330414426,0.9676268751574089
imagenette,data/imagenette2-320/val/n02102040/n02102040_450.JPEG,n02102040,217,English springer,webp,77,217,English springer,0.34364521503448486,True,20443,14246,1.434999298048575,37.62846139415917,0.9594100495014342
imagenette,data/imagenette2-320/val/n02102040/n02102040_451.JPEG,n02102040,217,English springer,webp,77,217,English springer,0.4289097487926483,True,38914,36372,1.0698889255471242,34.80077620209216,0.9631139372091816
imagenette,data/imagenette2-320/val/n02102040/n02102040_4560.JPEG,n02102040,217,English springer,webp,77,217,English springer,0.378826767206192,True,24616,16756,1.4690857006445452,36.703112849842576,0.9446574268328939
imagenette,data/imagenette2-320/val/n02102040/n02102040_4582.JPEG,n02102040,217,English springer,webp,77,217,English springer,0.22039422392845154,True,22995,16008,1.4364692653673163,37.479552850258045,0.9571080668032473
imagenette,data/imagenette2-320/val/n02102040/n02102040_460.JPEG,n02102040,217,English springer,webp,77,217,English springer,0.27650701999664307,True,20368,12884,1.5808755045017076,37.6985918635335,0.9430237604898336
imagenette,data/imagenette2-320/val/n02102040/n02102040_4650.JPEG,n02102040,217,English springer,webp,77,218,Welsh springer spaniel,0.21520207822322845,False,23886,17350,1.37671469740634,37.27021984456605,0.9517035126485235
imagenette,data/imagenette2-320/val/n02102040/n02102040_4670.JPEG,n02102040,217,English springer,webp,77,212,English setter,0.26470908522605896,False,28677,23388,1.2261416110826064,36.43230411154788,0.9616566254036437
imagenette,data/imagenette2-320/val/n02102040/n02102040_4701.JPEG,n02102040,217,English springer,webp,77,217,English springer,0.1282552182674408,True,34241,30622,1.1181830056821893,35.509102002232176,0.9662988327675638
imagenette,data/imagenette2-320/val/n02102040/n02102040_4702.JPEG,n02102040,217,English springer,webp,77,217,English springer,0.47097912430763245,True,23455,17296,1.3560938945420906,37.21233554170057,0.9455688058163295
imagenette,data/imagenette2-320/val/n02102040/n02102040_4722.JPEG,n02102040,217,English springer,webp,77,217,English springer,0.3286888301372528,True,31671,28194,1.1233241115130879,34.74010951606279,0.9647756971812221
imagenette,data/imagenette2-320/val/n02102040/n02102040_4732.JPEG,n02102040,217,English springer,webp,77,217,English springer,0.2031642496585846,True,40291,40226,1.0016158703326208,34.502728966185245,0.9719618598724967
imagenette,data/imagenette2-320/val/n02102040/n02102040_4742.JPEG,n02102040,217,English springer,webp,77,217,English springer,0.3620496392250061,True,20602,13466,1.529927224120006,38.006269771829686,0.9471727981069531
imagenette,data/imagenette2-320/val/n02102040/n02102040_4780.JPEG,n02102040,217,English springer,webp,77,217,English springer,0.19672653079032898,True,22026,16666,1.3216128645145806,37.74227266308049,0.9724606567973316
imagenette,data/imagenette2-320/val/n02102040/n02102040_4801.JPEG,n02102040,217,English springer,webp,77,217,English springer,0.32165512442588806,True,16334,8682,1.8813637410734854,39.26349553434624,0.9424448719513964
imagenette,data/imagenette2-320/val/n02102040/n02102040_4821.JPEG,n02102040,217,English springer,webp,77,217,English springer,0.29458773136138916,True,37868,36720,1.0312636165577342,34.82024664543505,0.9795394111091144
imagenette,data/imagenette2-320/val/n02102040/n02102040_4851.JPEG,n02102040,217,English springer,webp,77,156,Blenheim spaniel,0.06798335909843445,False,32983,27442,1.2019167699147293,35.82103812290926,0.9736459344850247
imagenette,data/imagenette2-320/val/n02102040/n02102040_4872.JPEG,n02102040,217,English springer,webp,77,217,English springer,0.2607424259185791,True,41352,39422,1.048957434934808,34.41836860384554,0.9782093792065604
imagenette,data/imagenette2-320/val/n02102040/n02102040_4901.JPEG,n02102040,217,English springer,webp,77,217,English springer,0.4290846288204193,True,37870,33976,1.1146103131622322,34.78646594229542,0.9563221100185336
imagenette,data/imagenette2-320/val/n02102040/n02102040_491.JPEG,n02102040,217,English springer,webp,77,217,English springer,0.3570822775363922,True,34773,30704,1.1325234497133925,34.831438829463764,0.966529656321089
imagenette,data/imagenette2-320/val/n02102040/n02102040_4952.JPEG,n02102040,217,English springer,webp,77,217,English springer,0.488412469625473,True,13827,7620,1.8145669291338582,39.7612272725883,0.9733969295420543
imagenette,data/imagenette2-320/val/n02102040/n02102040_4960.JPEG,n02102040,217,English springer,webp,77,217,English springer,0.3369532823562622,True,25348,19096,1.3273984080435692,36.08474609405124,0.9649693052602398
imagenette,data/imagenette2-320/val/n02102040/n02102040_4972.JPEG,n02102040,217,English springer,webp,77,217,English springer,0.3861957788467407,True,23441,16250,1.442523076923077,36.693616693759765,0.952251549947228
imagenette,data/imagenette2-320/val/n02102040/n02102040_4980.JPEG,n02102040,217,English springer,webp,77,217,English springer,0.3853031098842621,True,27155,21384,1.2698746726524504,35.818016639844174,0.9536945241202613
imagenette,data/imagenette2-320/val/n02102040/n02102040_4990.JPEG,n02102040,217,English springer,webp,77,217,English springer,0.3685060143470764,True,34501,31882,1.082146665830249,35.238704952880404,0.9703901615949092
imagenette,data/imagenette2-320/val/n02102040/n02102040_5030.JPEG,n02102040,217,English springer,webp,77,217,English springer,0.35886579751968384,True,26328,20350,1.2937592137592138,35.803691925076116,0.9531493312042508
imagenette,data/imagenette2-320/val/n02102040/n02102040_5060.JPEG,n02102040,217,English springer,webp,77,217,English springer,0.27023282647132874,True,24420,19168,1.2739983305509182,36.45339103835726,0.9403865625731687
imagenette,data/imagenette2-320/val/n02102040/n02102040_5061.JPEG,n02102040,217,English springer,webp,77,217,English springer,0.25724703073501587,True,32608,30668,1.0632581192122081,34.555028108698416,0.9755850913199184
imagenette,data/imagenette2-320/val/n02102040/n02102040_5070.JPEG,n02102040,217,English springer,webp,77,217,English springer,0.3636874556541443,True,16166,11394,1.4188169211865895,37.74466104413323,0.9565143428957148
imagenette,data/imagenette2-320/val/n02102040/n02102040_5091.JPEG,n02102040,217,English springer,webp,77,220,Sussex spaniel,0.16823256015777588,False,28455,22880,1.2436625874125875,36.252768676297535,0.9716106693090104
imagenette,data/imagenette2-320/val/n02102040/n02102040_5101.JPEG,n02102040,217,English springer,webp,77,217,English springer,0.4522053003311157,True,23143,15696,1.4744520897043834,36.970275064618214,0.9566684760358809
imagenette,data/imagenette2-320/val/n02102040/n02102040_5120.JPEG,n02102040,217,English springer,webp,77,217,English springer,0.33722347021102905,True,20543,12474,1.6468654801988136,38.328623938742126,0.9616201391560312
imagenette,data/imagenette2-320/val/n02102040/n02102040_5170.JPEG,n02102040,217,English springer,webp,77,217,English springer,0.2742942273616791,True,42857,42728,1.0030190975472757,33.84070420874459,0.9720873084748808
imagenette,data/imagenette2-320/val/n02102040/n02102040_521.JPEG,n02102040,217,English springer,webp,77,217,English springer,0.21416272222995758,True,20755,14042,1.4780658025922233,37.481868250176475,0.9465881018768186
imagenette,data/imagenette2-320/val/n02102040/n02102040_5272.JPEG,n02102040,217,English springer,webp,77,232,Border collie,0.20099036395549774,False,17855,12030,1.4842061512884455,38.023125737607316,0.9481265844880132
imagenette,data/imagenette2-320/val/n02102040/n02102040_5311.JPEG,n02102040,217,English springer,webp,77,217,English springer,0.2147815078496933,True,23875,18716,1.2756465056636033,36.54995908040832,0.9650611146140714
imagenette,data/imagenette2-320/val/n02102040/n02102040_5370.JPEG,n02102040,217,English springer,webp,77,217,English springer,0.3963598906993866,True,21934,13800,1.5894202898550724,37.833234966210334,0.9576617085606323
imagenette,data/imagenette2-320/val/n02102040/n02102040_5390.JPEG,n02102040,217,English springer,webp,77,217,English springer,0.18740983307361603,True,25544,19636,1.3008759421470768,36.529691054893945,0.9609918084152417
imagenette,data/imagenette2-320/val/n02102040/n02102040_5442.JPEG,n02102040,217,English springer,webp,77,217,English springer,0.22582769393920898,True,48855,49612,0.9847415947754575,34.119264138536536,0.9800645366884063
imagenette,data/imagenette2-320/val/n02102040/n02102040_5502.JPEG,n02102040,217,English springer,webp,77,217,English springer,0.2851993441581726,True,33793,29046,1.1634304207119741,35.40098743084828,0.9629943016057342
imagenette,data/imagenette2-320/val/n02102040/n02102040_551.JPEG,n02102040,217,English springer,webp,77,217,English springer,0.4148179888725281,True,32278,29182,1.1060927969296142,35.046277133930396,0.9674001651043604
imagenette,data/imagenette2-320/val/n02102040/n02102040_5580.JPEG,n02102040,217,English springer,webp,77,217,English springer,0.18635821342468262,True,39507,37852,1.0437229208496248,34.23464113666786,0.973217711193819
imagenette,data/imagenette2-320/val/n02102040/n02102040_562.JPEG,n02102040,217,English springer,webp,77,217,English springer,0.1439906358718872,True,54333,54264,1.0012715612560814,33.622975992539125,0.9836508003880425
imagenette,data/imagenette2-320/val/n02102040/n02102040_5620.JPEG,n02102040,217,English springer,webp,77,217,English springer,0.2625856399536133,True,24421,17260,1.4148899188876014,36.832714366068075,0.9675000317833337
imagenette,data/imagenette2-320/val/n02102040/n02102040_5641.JPEG,n02102040,217,English springer,webp,77,217,English springer,0.2988283336162567,True,20531,13730,1.4953386744355426,38.290504534891234,0.9661337300400791
imagenette,data/imagenette2-320/val/n02102040/n02102040_5681.JPEG,n02102040,217,English springer,webp,77,217,English springer,0.3171747624874115,True,23414,16734,1.3991872833751644,36.861283831798104,0.9418471372527574
imagenette,data/imagenette2-320/val/n02102040/n02102040_571.JPEG,n02102040,217,English springer,webp,77,217,English springer,0.31622374057769775,True,50557,50710,0.9969828436205876,34.439547733604336,0.980058899180679
imagenette,data/imagenette2-320/val/n02102040/n02102040_5712.JPEG,n02102040,217,English springer,webp,77,217,English springer,0.4114261865615845,True,26432,19874,1.3299788668612258,36.55060503508969,0.9311985418397986
imagenette,data/imagenette2-320/val/n02102040/n02102040_5790.JPEG,n02102040,217,English springer,webp,77,217,English springer,0.3471381366252899,True,39783,35880,1.1087792642140468,35.275075720348696,0.9790167582058183
imagenette,data/imagenette2-320/val/n02102040/n02102040_580.JPEG,n02102040,217,English springer,webp,77,217,English springer,0.3590378761291504,True,28005,21666,1.2925782331764055,36.11193613741315,0.9579690814857846
imagenette,data/imagenette2-320/val/n02102040/n02102040_5802.JPEG,n02102040,217,English springer,webp,77,217,English springer,0.24914123117923737,True,19667,12352,1.5922117875647668,38.29393301290246,0.9574567958595289
imagenette,data/imagenette2-320/val/n02102040/n02102040_5810.JPEG,n02102040,217,English springer,webp,77,217,English springer,0.5695775747299194,True,25531,19602,1.3024691358024691,36.481808729986064,0.9582045301133494
imagenette,data/imagenette2-320/val/n02102040/n02102040_5850.JPEG,n02102040,217,English springer,webp,77,219,cocker spaniel,0.1907002180814743,False,27264,21882,1.2459555799287085,35.957496217080156,0.9454541226419537
imagenette,data/imagenette2-320/val/n02102040/n02102040_5851.JPEG,n02102040,217,English springer,webp,77,217,English springer,0.11982015520334244,True,23462,17066,1.3747802648540959,37.244085819812966,0.9526197617586228
imagenette,data/imagenette2-320/val/n02102040/n02102040_5871.JPEG,n02102040,217,English springer,webp,77,232,Border collie,0.25326764583587646,False,40195,37630,1.0681636991761891,34.059042267632,0.9760383305173251
imagenette,data/imagenette2-320/val/n02102040/n02102040_5881.JPEG,n02102040,217,English springer,webp,77,217,English springer,0.2174873948097229,True,19159,12432,1.5411036036036037,38.73722768124359,0.954986608226848
imagenette,data/imagenette2-320/val/n02102040/n02102040_5890.JPEG,n02102040,217,English springer,webp,77,217,English springer,0.400531530380249,True,21198,14756,1.4365681756573596,37.54199199560757,0.9556360223038388
imagenette,data/imagenette2-320/val/n02102040/n02102040_5900.JPEG,n02102040,217,English springer,webp,77,217,English springer,0.29500633478164673,True,19338,9628,2.0085168259243873,38.94745077468746,0.9594468708925278
imagenette,data/imagenette2-320/val/n02102040/n02102040_5941.JPEG,n02102040,217,English springer,webp,77,217,English springer,0.1510542333126068,True,37506,33452,1.1211885686954441,34.943348534752786,0.9646997957500593
imagenette,data/imagenette2-320/val/n02102040/n02102040_5942.JPEG,n02102040,217,English springer,webp,77,217,English springer,0.271085262298584,True,19558,12434,1.5729451503940808,38.462252734740225,0.9627359371896063
imagenette,data/imagenette2-320/val/n02102040/n02102040_5950.JPEG,n02102040,217,English springer,webp,77,217,English springer,0.3537186086177826,True,27117,21358,1.2696413521865344,35.808044882987666,0.954785618686758
imagenette,data/imagenette2-320/val/n02102040/n02102040_5960.JPEG,n02102040,217,English springer,webp,77,217,English springer,0.5846889615058899,True,26020,20456,1.271998435666797,36.736628516666954,0.9567794727526796
imagenette,data/imagenette2-320/val/n02102040/n02102040_602.JPEG,n02102040,217,English springer,webp,77,217,English springer,0.4881109297275543,True,45360,42182,1.0753401924991703,34.145997664425664,0.9753797190359547
imagenette,data/imagenette2-320/val/n02102040/n02102040_6050.JPEG,n02102040,217,English springer,webp,77,217,English springer,0.26405030488967896,True,18442,11182,1.649257735646575,38.52634595909136,0.9614942678678422
imagenette,data/imagenette2-320/val/n02102040/n02102040_6060.JPEG,n02102040,217,English springer,webp,77,217,English springer,0.28323832154273987,True,27345,20612,1.3266543760915972,36.393575902695304,0.959487059486997
imagenette,data/imagenette2-320/val/n02102040/n02102040_6072.JPEG,n02102040,217,English springer,webp,77,210,German short-haired pointer,0.13743066787719727,False,48625,46792,1.0391733629680286,33.9514131432183,0.9837001175300445
imagenette,data/imagenette2-320/val/n02102040/n02102040_6081.JPEG,n02102040,217,English springer,webp,77,212,English setter,0.21220043301582336,False,34027,30562,1.113376087952359,35.230478734076996,0.967185504004464
imagenette,data/imagenette2-320/val/n02102040/n02102040_6082.JPEG,n02102040,217,English springer,webp,77,217,English springer,0.46604377031326294,True,30530,24216,1.2607367030062768,36.432578260521225,0.9614127975837251
imagenette,data/imagenette2-320/val/n02102040/n02102040_610.JPEG,n02102040,217,English springer,webp,77,217,English springer,0.6818336844444275,True,25394,17776,1.4285553555355535,36.98949535784484,0.93628216689615
imagenette,data/imagenette2-320/val/n02102040/n02102040_6152.JPEG,n02102040,217,English springer,webp,77,217,English springer,0.3931119740009308,True,17024,10510,1.619790675547098,38.923946299708135,0.9549453954056033
imagenette,data/imagenette2-320/val/n02102040/n02102040_6180.JPEG,n02102040,217,English springer,webp,77,217,English springer,0.17897458374500275,True,27079,20306,1.3335467349551857,36.208608588901036,0.9569077954914323
imagenette,data/imagenette2-320/val/n02102040/n02102040_620.JPEG,n02102040,217,English springer,webp,77,217,English springer,0.31398969888687134,True,17817,11052,1.6121064060803474,38.153065914877416,0.9444707644239833
imagenette,data/imagenette2-320/val/n02102040/n02102040_6201.JPEG,n02102040,217,English springer,webp,77,218,Welsh springer spaniel,0.2784740924835205,False,20234,12672,1.5967487373737375,37.47319912574397,0.9445103430641514
imagenette,data/imagenette2-320/val/n02102040/n02102040_621.JPEG,n02102040,217,English springer,webp,77,217,English springer,0.17464464902877808,True,47806,48266,0.9904694816226743,34.15741406030469,0.9790249249030136
imagenette,data/imagenette2-320/val/n02102040/n02102040_622.JPEG,n02102040,217,English springer,webp,77,217,English springer,0.106800876557827,True,25540,19972,1.2787903064290007,36.47125977210704,0.970280603520393
imagenette,data/imagenette2-320/val/n02102040/n02102040_6232.JPEG,n02102040,217,English springer,webp,77,217,English springer,0.15116509795188904,True,22720,15830,1.4352495262160454,36.737468275257264,0.950250333549044
imagenette,data/imagenette2-320/val/n02102040/n02102040_6240.JPEG,n02102040,217,English springer,webp,77,217,English springer,0.21246162056922913,True,27987,20790,1.3461760461760461,36.66120091163864,0.957061793973768
imagenette,data/imagenette2-320/val/n02102040/n02102040_6262.JPEG,n02102040,217,English springer,webp,77,217,English springer,0.29158157110214233,True,23758,16460,1.443377885783718,36.846901383630254,0.9459022523335547
imagenette,data/imagenette2-320/val/n02102040/n02102040_6291.JPEG,n02102040,217,English springer,webp,77,217,English springer,0.5377587676048279,True,38880,34488,1.1273486430062631,35.62138231889087,0.9777132250788925
imagenette,data/imagenette2-320/val/n02102040/n02102040_630.JPEG,n02102040,217,English springer,webp,77,217,English springer,0.19829703867435455,True,34047,30562,1.1140304953864275,35.787943821822175,0.9568855687747684
imagenette,data/imagenette2-320/val/n02102040/n02102040_6340.JPEG,n02102040,217,English springer,webp,77,217,English springer,0.3714856803417206,True,26946,22236,1.2118186724230977,36.27491004611852,0.9644769352961448
imagenette,data/imagenette2-320/val/n02102040/n02102040_6391.JPEG,n02102040,217,English springer,webp,77,217,English springer,0.2911743223667145,True,15229,8360,1.8216507177033492,39.196284510945794,0.9539588056086156
imagenette,data/imagenette2-320/val/n02102040/n02102040_6392.JPEG,n02102040,217,English springer,webp,77,217,English springer,0.4580809473991394,True,37913,35290,1.0743270048172286,34.018263577578,0.9795827168104818
imagenette,data/imagenette2-320/val/n02102040/n02102040_6400.JPEG,n02102040,217,English springer,webp,77,217,English springer,0.39186426997184753,True,15089,7738,1.9499870767640217,38.61501198557032,0.9544210131509359
imagenette,data/imagenette2-320/val/n02102040/n02102040_6490.JPEG,n02102040,217,English springer,webp,77,217,English springer,0.4412136971950531,True,21696,17000,1.2762352941176471,35.725957290712465,0.959249970104738
imagenette,data/imagenette2-320/val/n02102040/n02102040_651.JPEG,n02102040,217,English springer,webp,77,232,Border collie,0.15720196068286896,False,20473,12864,1.5914956467661692,37.075507699422005,0.9595822060471936
imagenette,data/imagenette2-320/val/n02102040/n02102040_652.JPEG,n02102040,217,English springer,webp,77,220,Sussex spaniel,0.1698044240474701,False,20935,14250,1.469122807017544,38.19136955373901,0.9570873824833521
imagenette,data/imagenette2-320/val/n02102040/n02102040_6532.JPEG,n02102040,217,English springer,webp,77,217,English springer,0.2763945460319519,True,11516,6028,1.9104180491041804,39.11382846538341,0.9547491903183326
imagenette,data/imagenette2-320/val/n02102040/n02102040_6552.JPEG,n02102040,217,English springer,webp,77,217,English springer,0.29064860939979553,True,19894,13784,1.4432675565873476,38.20354009653009,0.9591040407790105
imagenette,data/imagenette2-320/val/n02102040/n02102040_6590.JPEG,n02102040,217,English springer,webp,77,217,English springer,0.5142868161201477,True,21145,14612,1.4470982753900903,38.183077326966796,0.9562918543779316
imagenette,data/imagenette2-320/val/n02102040/n02102040_660.JPEG,n02102040,217,English springer,webp,77,217,English springer,0.3742859661579132,True,14727,9706,1.5173088811044715,37.85475960195319,0.9622511255646499
imagenette,data/imagenette2-320/val/n02102040/n02102040_661.JPEG,n02102040,217,English springer,webp,77,217,English springer,0.5442188382148743,True,28689,22552,1.2721266406527136,35.919337654904126,0.9578841373039046
imagenette,data/imagenette2-320/val/n02102040/n02102040_662.JPEG,n02102040,217,English springer,webp,77,217,English springer,0.5328576564788818,True,27953,23112,1.2094582900657667,36.10787339545409,0.9620872108323044
imagenette,data/imagenette2-320/val/n02102040/n02102040_6622.JPEG,n02102040,217,English springer,webp,77,217,English springer,0.23907794058322906,True,35605,34114,1.0437063962009732,34.56641816197,0.9623941685918554
imagenette,data/imagenette2-320/val/n02102040/n02102040_6630.JPEG,n02102040,217,English springer,webp,77,217,English springer,0.17425641417503357,True,18662,12358,1.5101149053244862,36.73800955129955,0.952074449412447
imagenette,data/imagenette2-320/val/n02102040/n02102040_6652.JPEG,n02102040,217,English springer,webp,77,217,English springer,0.2771778702735901,True,24066,15742,1.5287765214076992,37.0062781176,0.936561872470406
imagenette,data/imagenette2-320/val/n02102040/n02102040_6682.JPEG,n02102040,217,English springer,webp,77,217,English springer,0.3024764657020569,True,18953,13516,1.4022639834270494,36.65866835889661,0.9522926278237901
imagenette,data/imagenette2-320/val/n02102040/n02102040_671.JPEG,n02102040,217,English springer,webp,77,218,Welsh springer spaniel,0.20040202140808105,False,50617,50530,1.0017217494557689,33.46744817668104,0.9814642066109228
imagenette,data/imagenette2-320/val/n02102040/n02102040_6710.JPEG,n02102040,217,English springer,webp,77,217,English springer,0.4308558702468872,True,32509,18120,1.7940949227373069,38.6681283669181,0.9641375969136857
imagenette,data/imagenette2-320/val/n02102040/n02102040_672.JPEG,n02102040,217,English springer,webp,77,217,English springer,0.251735657453537,True,23210,17264,1.3444161260426322,37.76745435814164,0.963461565035864
imagenette,data/imagenette2-320/val/n02102040/n02102040_6770.JPEG,n02102040,217,English springer,webp,77,217,English springer,0.15414462983608246,True,19255,12392,1.5538250484183345,37.702021397502996,0.9533464050844852
imagenette,data/imagenette2-320/val/n02102040/n02102040_6781.JPEG,n02102040,217,English springer,webp,77,217,English springer,0.6118255257606506,True,33484,29628,1.1301471580936953,35.935466564772184,0.965190340051048
imagenette,data/imagenette2-320/val/n02102040/n02102040_6800.JPEG,n02102040,217,English springer,webp,77,217,English springer,0.2758316695690155,True,22692,16108,1.4087409982617334,36.4085418511035,0.9608168488552454
imagenette,data/imagenette2-320/val/n02102040/n02102040_681.JPEG,n02102040,217,English springer,webp,77,217,English springer,0.41855740547180176,True,9376,4282,2.1896310135450725,42.7311304462541,0.9736383787164611
imagenette,data/imagenette2-320/val/n02102040/n02102040_682.JPEG,n02102040,217,English springer,webp,77,217,English springer,0.3770641088485718,True,26527,19952,1.3295408981555734,36.733512775166766,0.9543422571529554
imagenette,data/imagenette2-320/val/n02102040/n02102040_6851.JPEG,n02102040,217,English springer,webp,77,217,English springer,0.4778119921684265,True,19817,13100,1.5127480916030533,37.57705637889441,0.9538923975715646
imagenette,data/imagenette2-320/val/n02102040/n02102040_6880.JPEG,n02102040,217,English springer,webp,77,217,English springer,0.16362765431404114,True,26146,20462,1.2777832078975662,36.29171103185344,0.9394098320365704
imagenette,data/imagenette2-320/val/n02102040/n02102040_6890.JPEG,n02102040,217,English springer,webp,77,217,English springer,0.16007721424102783,True,34685,31988,1.084312867325247,35.04429081653784,0.9825658812450412
imagenette,data/imagenette2-320/val/n02102040/n02102040_6892.JPEG,n02102040,217,English springer,webp,77,217,English springer,0.2883662283420563,True,35646,31226,1.141548709408826,35.36327407104527,0.9768059451109573
imagenette,data/imagenette2-320/val/n02102040/n02102040_690.JPEG,n02102040,217,English springer,webp,77,232,Border collie,0.281149297952652,False,35350,31868,1.1092632107443203,34.44420839632435,0.9660323824596234
imagenette,data/imagenette2-320/val/n02102040/n02102040_6912.JPEG,n02102040,217,English springer,webp,77,217,English springer,0.22111347317695618,True,23379,16962,1.37831623629289,37.17290490255303,0.9507935339048625
imagenette,data/imagenette2-320/val/n02102040/n02102040_6951.JPEG,n02102040,217,English springer,webp,77,217,English springer,0.26216351985931396,True,23666,17302,1.3678187492775402,37.141678886924986,0.964291384508534
imagenette,data/imagenette2-320/val/n02102040/n02102040_6992.JPEG,n02102040,217,English springer,webp,77,217,English springer,0.3547036349773407,True,18957,11706,1.6194259354177345,38.450977211440076,0.9566501905227027
imagenette,data/imagenette2-320/val/n02102040/n02102040_700.JPEG,n02102040,217,English springer,webp,77,217,English springer,0.2542612850666046,True,28704,23704,1.2109348633142085,35.529184832880574,0.9553751749859473
imagenette,data/imagenette2-320/val/n02102040/n02102040_7002.JPEG,n02102040,217,English springer,webp,77,217,English springer,0.2075992077589035,True,32366,29322,1.103812836777846,35.21422914850407,0.9624427878628034
imagenette,data/imagenette2-320/val/n02102040/n02102040_7011.JPEG,n02102040,217,English springer,webp,77,217,English springer,0.41754209995269775,True,32620,24984,1.3056356067883446,36.6127112291728,0.9723977915383423
imagenette,data/imagenette2-320/val/n02102040/n02102040_702.JPEG,n02102040,217,English springer,webp,77,217,English springer,0.28272178769111633,True,17878,10646,1.6793161750892354,38.07635197414439,0.9517249268962344
imagenette,data/imagenette2-320/val/n02102040/n02102040_7041.JPEG,n02102040,217,English springer,webp,77,217,English springer,0.5870821475982666,True,20775,14184,1.464678510998308,38.52482114419853,0.9667782311617219
imagenette,data/imagenette2-320/val/n02102040/n02102040_7082.JPEG,n02102040,217,English springer,webp,77,217,English springer,0.5079352259635925,True,39089,36640,1.066839519650655,34.700999843125075,0.9740307714741941
imagenette,data/imagenette2-320/val/n02102040/n02102040_7091.JPEG,n02102040,217,English springer,webp,77,217,English springer,0.5125919580459595,True,18695,12412,1.5062036738640026,38.23083747405277,0.9604050416557616
imagenette,data/imagenette2-320/val/n02102040/n02102040_7092.JPEG,n02102040,217,English springer,webp,77,220,Sussex spaniel,0.24224001169204712,False,15836,10118,1.5651314489029453,37.61900574486872,0.9552184907742204
imagenette,data/imagenette2-320/val/n02102040/n02102040_712.JPEG,n02102040,217,English springer,webp,77,217,English springer,0.2538703382015228,True,25595,19622,1.3044032208745286,36.81280434477528,0.9570467453850515
imagenette,data/imagenette2-320/val/n02102040/n02102040_7130.JPEG,n02102040,217,English springer,webp,77,217,English springer,0.2336329221725464,True,25844,19388,1.332989478027646,36.82499593410034,0.9435232695968993
imagenette,data/imagenette2-320/val/n02102040/n02102040_7150.JPEG,n02102040,217,English springer,webp,77,217,English springer,0.28303131461143494,True,37917,35234,1.0761480388261337,35.02408859262634,0.976458154267788
imagenette,data/imagenette2-320/val/n02102040/n02102040_720.JPEG,n02102040,217,English springer,webp,77,217,English springer,0.33659687638282776,True,16330,9390,1.739084132055378,38.40052568250121,0.9668492336010129
imagenette,data/imagenette2-320/val/n02102040/n02102040_7222.JPEG,n02102040,217,English springer,webp,77,217,English springer,0.3968763053417206,True,26129,20890,1.2507898516036382,36.480781655251405,0.9501330391012273
imagenette,data/imagenette2-320/val/n02102040/n02102040_7262.JPEG,n02102040,217,English springer,webp,77,217,English springer,0.36679622530937195,True,32395,28806,1.1245920988682914,35.43789977481858,0.9640763768634312
imagenette,data/imagenette2-320/val/n02102040/n02102040_7270.JPEG,n02102040,217,English springer,webp,77,217,English springer,0.2055768519639969,True,32331,29736,1.08726795803067,35.08857225122769,0.9697355476591519
imagenette,data/imagenette2-320/val/n02102040/n02102040_732.JPEG,n02102040,217,English springer,webp,77,217,English springer,0.2057240903377533,True,47461,47418,1.0009068286304779,33.598212441076775,0.9778712762848915
imagenette,data/imagenette2-320/val/n02102040/n02102040_7382.JPEG,n02102040,217,English springer,webp,77,217,English springer,0.2734690308570862,True,21634,14202,1.5233065765385156,37.57665111756769,0.9473563598755618
imagenette,data/imagenette2-320/val/n02102040/n02102040_7392.JPEG,n02102040,217,English springer,webp,77,217,English springer,0.5114117860794067,True,16362,9124,1.7932924156071899,39.30489002192053,0.9619607538076632
imagenette,data/imagenette2-320/val/n02102040/n02102040_7412.JPEG,n02102040,217,English springer,webp,77,217,English springer,0.4979691505432129,True,32607,27544,1.183814986930003,36.1003176614819,0.9595969911025329
imagenette,data/imagenette2-320/val/n02102040/n02102040_742.JPEG,n02102040,217,English springer,webp,77,217,English springer,0.36564984917640686,True,16744,9334,1.7938718662952646,39.17608295518274,0.9565895654317865
imagenette,data/imagenette2-320/val/n02102040/n02102040_7421.JPEG,n02102040,217,English springer,webp,77,217,English springer,0.7044050693511963,True,35615,27122,1.3131406238477987,35.36199905256227,0.9686873844925946
imagenette,data/imagenette2-320/val/n02102040/n02102040_7452.JPEG,n02102040,217,English springer,webp,77,217,English springer,0.44333282113075256,True,20571,15020,1.3695739014647137,37.50039704344412,0.9535537033756389
imagenette,data/imagenette2-320/val/n02102040/n02102040_7460.JPEG,n02102040,217,English springer,webp,77,217,English springer,0.2706647217273712,True,18352,10948,1.6762879064669347,36.81581424571853,0.9279093959160633
imagenette,data/imagenette2-320/val/n02102040/n02102040_7480.JPEG,n02102040,217,English springer,webp,77,217,English springer,0.38506874442100525,True,31323,26424,1.1853996366939146,35.73140818094264,0.9649530441274089
imagenette,data/imagenette2-320/val/n02102040/n02102040_7490.JPEG,n02102040,217,English springer,webp,77,217,English springer,0.5917356014251709,True,33982,29700,1.1441750841750842,34.97893896655443,0.9664745723942237
imagenette,data/imagenette2-320/val/n02102040/n02102040_750.JPEG,n02102040,217,English springer,webp,77,217,English springer,0.4226973354816437,True,15616,10076,1.5498213576816198,38.49722604118761,0.962352754885751
imagenette,data/imagenette2-320/val/n02102040/n02102040_7501.JPEG,n02102040,217,English springer,webp,77,217,English springer,0.3894946277141571,True,27994,21580,1.2972196478220575,36.659320117005436,0.9550994805284369
imagenette,data/imagenette2-320/val/n02102040/n02102040_7510.JPEG,n02102040,217,English springer,webp,77,217,English springer,0.4442564845085144,True,35935,32352,1.1107504945598417,35.81982279428149,0.9651425902553225
imagenette,data/imagenette2-320/val/n02102040/n02102040_752.JPEG,n02102040,217,English springer,webp,77,217,English springer,0.09179172664880753,True,32292,25048,1.2892047269243054,36.23680183961497,0.9571215688352579
imagenette,data/imagenette2-320/val/n02102040/n02102040_7562.JPEG,n02102040,217,English springer,webp,77,217,English springer,0.47854113578796387,True,19361,11430,1.6938757655293089,38.08167401184566,0.9379173774156341
imagenette,data/imagenette2-320/val/n02102040/n02102040_761.JPEG,n02102040,217,English springer,webp,77,217,English springer,0.25453662872314453,True,33097,28370,1.1666196686640817,35.36955759405923,0.9782120483891297
imagenette,data/imagenette2-320/val/n02102040/n02102040_762.JPEG,n02102040,217,English springer,webp,77,217,English springer,0.31172215938568115,True,20677,14312,1.444731693683622,37.94358106278982,0.958976284823753
imagenette,data/imagenette2-320/val/n02102040/n02102040_7670.JPEG,n02102040,217,English springer,webp,77,217,English springer,0.35784992575645447,True,22013,15146,1.4533870328799683,37.26593425285263,0.9539260448906143
imagenette,data/imagenette2-320/val/n02102040/n02102040_770.JPEG,n02102040,217,English springer,webp,77,217,English springer,0.19208885729312897,True,24929,18098,1.3774450215493426,36.47396802102374,0.9581973727275276
imagenette,data/imagenette2-320/val/n02102040/n02102040_7761.JPEG,n02102040,217,English springer,webp,77,217,English springer,0.30056649446487427,True,31885,26574,1.199857003085723,35.33768812990598,0.9664811744989645
imagenette,data/imagenette2-320/val/n02102040/n02102040_7792.JPEG,n02102040,217,English springer,webp,77,217,English springer,0.37641412019729614,True,23122,17174,1.3463374868988005,36.810609762585315,0.9515895442074642
imagenette,data/imagenette2-320/val/n02102040/n02102040_782.JPEG,n02102040,217,English springer,webp,77,217,English springer,0.3941378593444824,True,23952,18730,1.2788040576615056,36.11599092405744,0.9714348601841248
imagenette,data/imagenette2-320/val/n02102040/n02102040_7841.JPEG,n02102040,217,English springer,webp,77,217,English springer,0.1368461400270462,True,19301,12552,1.537683237731039,37.75848369717872,0.9579590520000091
imagenette,data/imagenette2-320/val/n02102040/n02102040_7860.JPEG,n02102040,217,English springer,webp,77,217,English springer,0.1760997176170349,True,30288,25454,1.1899112123831226,35.34901563397057,0.9673762623217576
imagenette,data/imagenette2-320/val/n02102040/n02102040_7890.JPEG,n02102040,217,English springer,webp,77,217,English springer,0.4306442439556122,True,31681,26848,1.1800134088200238,36.13375404483108,0.9637830152352214
imagenette,data/imagenette2-320/val/n02102040/n02102040_791.JPEG,n02102040,217,English springer,webp,77,217,English springer,0.20298412442207336,True,28209,23596,1.1954992371588404,36.18219005657857,0.9587327952180257
imagenette,data/imagenette2-320/val/n02102040/n02102040_7931.JPEG,n02102040,217,English springer,webp,77,217,English springer,0.39414823055267334,True,34653,33294,1.0408181654352135,34.26777618553493,0.9801059271922422
imagenette,data/imagenette2-320/val/n02102040/n02102040_7941.JPEG,n02102040,217,English springer,webp,77,217,English springer,0.4263639450073242,True,25948,20542,1.2631681433161328,36.30169366676145,0.9608603761418072
imagenette,data/imagenette2-320/val/n02102040/n02102040_7942.JPEG,n02102040,217,English springer,webp,77,217,English springer,0.30979904532432556,True,18580,12434,1.4942898504101656,38.42403246444081,0.9641295310772856
imagenette,data/imagenette2-320/val/n02102040/n02102040_8012.JPEG,n02102040,217,English springer,webp,77,212,English setter,0.14895138144493103,False,48384,49030,0.9868243932286356,33.827930213307646,0.9806113280124261
imagenette,data/imagenette2-320/val/n02102040/n02102040_8061.JPEG,n02102040,217,English springer,webp,77,217,English springer,0.4967402219772339,True,26770,21624,1.2379763226045135,36.515452620510715,0.9684828806338017
imagenette,data/imagenette2-320/val/n02102040/n02102040_810.JPEG,n02102040,217,English springer,webp,77,217,English springer,0.3494528830051422,True,23108,16766,1.378265537397113,37.46714553876441,0.964620703796449
imagenette,data/imagenette2-320/val/n02102040/n02102040_811.JPEG,n02102040,217,English springer,webp,77,220,Sussex spaniel,0.15626168251037598,False,13166,5972,2.2046215673141325,39.971918358887095,0.96804893395521
imagenette,data/imagenette2-320/val/n02102040/n02102040_8132.JPEG,n02102040,217,English springer,webp,77,217,English springer,0.45541372895240784,True,17460,10324,1.6912049593180938,37.68019216963802,0.943435626945334
imagenette,data/imagenette2-320/val/n02102040/n02102040_8150.JPEG,n02102040,217,English springer,webp,77,217,English springer,0.36579617857933044,True,30308,20138,1.505015393782898,36.8651319880625,0.9639608185001188
imagenette,data/imagenette2-320/val/n02102040/n02102040_821.JPEG,n02102040,217,English springer,webp,77,217,English springer,0.41911259293556213,True,20037,15358,1.3046620653730954,36.44537031387796,0.9465923821524763
imagenette,data/imagenette2-320/val/n02102040/n02102040_8210.JPEG,n02102040,217,English springer,webp,77,217,English springer,0.3924412727355957,True,19814,12878,1.5385929492157167,37.856272628329855,0.951653182810896
imagenette,data/imagenette2-320/val/n02102040/n02102040_8260.JPEG,n02102040,217,English springer,webp,77,217,English springer,0.30206355452537537,True,42665,41474,1.0287167864204079,34.87821995740818,0.9721630987363018
imagenette,data/imagenette2-320/val/n02102040/n02102040_8272.JPEG,n02102040,217,English springer,webp,77,217,English springer,0.31782105565071106,True,16401,9392,1.7462734241908007,38.270767549094,0.9483313080445589
imagenette,data/imagenette2-320/val/n02102040/n02102040_8290.JPEG,n02102040,217,English springer,webp,77,217,English springer,0.34288012981414795,True,20095,13770,1.4593318809005082,37.73111764049148,0.9663507902413476
imagenette,data/imagenette2-320/val/n02102040/n02102040_8300.JPEG,n02102040,217,English springer,webp,77,217,English springer,0.5476913452148438,True,21260,13448,1.580904223676383,37.805308489182224,0.9557676566548731
imagenette,data/imagenette2-320/val/n02102040/n02102040_831.JPEG,n02102040,217,English springer,webp,77,217,English springer,0.16031977534294128,True,42353,42172,1.0042919472635872,34.01678178421286,0.9732145227964834
imagenette,data/imagenette2-320/val/n02102040/n02102040_8320.JPEG,n02102040,217,English springer,webp,77,217,English springer,0.36693039536476135,True,16824,10718,1.569695838775891,39.17843168453093,0.9659327246059957
imagenette,data/imagenette2-320/val/n02102040/n02102040_8330.JPEG,n02102040,217,English springer,webp,77,217,English springer,0.379443496465683,True,26235,20054,1.308217811907849,36.53183485701876,0.9643167917477135
imagenette,data/imagenette2-320/val/n02102040/n02102040_8372.JPEG,n02102040,217,English springer,webp,77,212,English setter,0.15139107406139374,False,46298,45762,1.0117127747913115,33.833697506326985,0.9761529194601791
imagenette,data/imagenette2-320/val/n02102040/n02102040_8392.JPEG,n02102040,217,English springer,webp,77,217,English springer,0.40328249335289,True,39521,35630,1.1092057255122088,33.91106683056895,0.96213988800941
imagenette,data/imagenette2-320/val/n02102040/n02102040_841.JPEG,n02102040,217,English springer,webp,77,217,English springer,0.4354229271411896,True,19001,11570,1.6422644770959378,37.43473032087516,0.9432161415858792
imagenette,data/imagenette2-320/val/n02102040/n02102040_8432.JPEG,n02102040,217,English springer,webp,77,217,English springer,0.30486202239990234,True,49830,49816,1.0002810342058777,34.20243270208338,0.9842092452084127
imagenette,data/imagenette2-320/val/n02102040/n02102040_850.JPEG,n02102040,217,English springer,webp,77,217,English springer,0.6326555609703064,True,27637,18850,1.4661538461538461,36.57983935859073,0.968522103251327
imagenette,data/imagenette2-320/val/n02102040/n02102040_880.JPEG,n02102040,217,English springer,webp,77,220,Sussex spaniel,0.20545488595962524,False,35636,34058,1.046332726525339,34.49100324749,0.9758491928007996
imagenette,data/imagenette2-320/val/n02102040/n02102040_901.JPEG,n02102040,217,English springer,webp,77,217,English springer,0.3753002882003784,True,32882,29992,1.0963590290744198,35.24516175628293,0.9593383599242072
imagenette,data/imagenette2-320/val/n02102040/n02102040_902.JPEG,n02102040,217,English springer,webp,77,217,English springer,0.4309738576412201,True,18759,11074,1.6939678526277768,38.50826563660502,0.9645004794940532
imagenette,data/imagenette2-320/val/n02102040/n02102040_911.JPEG,n02102040,217,English springer,webp,77,217,English springer,0.22707049548625946,True,49482,50696,0.9760533375414234,34.46327297385394,0.983314208180797
imagenette,data/imagenette2-320/val/n02102040/n02102040_922.JPEG,n02102040,217,English springer,webp,77,217,English springer,0.2749892473220825,True,39708,36202,1.0968454781503785,35.16918498611217,0.974097719755012
imagenette,data/imagenette2-320/val/n02102040/n02102040_940.JPEG,n02102040,217,English springer,webp,77,217,English springer,0.2372894138097763,True,37711,34398,1.096313739170882,34.64701649044574,0.9676512722930082
imagenette,data/imagenette2-320/val/n02102040/n02102040_960.JPEG,n02102040,217,English springer,webp,77,217,English springer,0.32367169857025146,True,18329,11534,1.5891277960811514,37.90101879771886,0.9584736145166041
imagenette,data/imagenette2-320/val/n02102040/n02102040_970.JPEG,n02102040,217,English springer,webp,77,217,English springer,0.2866680324077606,True,27761,22770,1.2191919191919192,36.76913044240628,0.9474066096514128
imagenette,data/imagenette2-320/val/n02102040/n02102040_981.JPEG,n02102040,217,English springer,webp,77,217,English springer,0.24319390952587128,True,40799,38272,1.066027382943144,34.004894824051874,0.9652800954886547
imagenette,data/imagenette2-320/val/n02102040/n02102040_990.JPEG,n02102040,217,English springer,webp,77,217,English springer,0.4372163712978363,True,23557,17196,1.3699116073505466,36.969565113717834,0.949304926110966
imagenette,data/imagenette2-320/val/n02979186/ILSVRC2012_val_00008651.JPEG,n02979186,482,cassette player,webp,77,848,tape player,0.28061890602111816,False,22481,13802,1.6288219098681351,37.89204064670219,0.970434673690152
imagenette,data/imagenette2-320/val/n02979186/ILSVRC2012_val_00020400.JPEG,n02979186,482,cassette player,webp,77,848,tape player,0.3283196687698364,False,26074,16486,1.5815843746208904,37.61769094327564,0.96708816753523
imagenette,data/imagenette2-320/val/n02979186/ILSVRC2012_val_00028911.JPEG,n02979186,482,cassette player,webp,77,482,cassette player,0.2587287127971649,True,21355,15728,1.357769582909461,37.38616419199977,0.9600316610382921
imagenette,data/imagenette2-320/val/n02979186/ILSVRC2012_val_00035160.JPEG,n02979186,482,cassette player,webp,77,848,tape player,0.21243074536323547,False,34476,30400,1.134078947368421,35.662067924264576,0.9708013555375494
imagenette,data/imagenette2-320/val/n02979186/ILSVRC2012_val_00035482.JPEG,n02979186,482,cassette player,webp,77,818,spotlight,0.17540913820266724,False,13286,7094,1.8728502960248097,38.461548363991454,0.970411090915101
imagenette,data/imagenette2-320/val/n02979186/ILSVRC2012_val_00035751.JPEG,n02979186,482,cassette player,webp,77,482,cassette player,0.38545385003089905,True,25614,16452,1.5568927789934355,38.76438564400478,0.9823630015323439
imagenette,data/imagenette2-320/val/n02979186/ILSVRC2012_val_00042482.JPEG,n02979186,482,cassette player,webp,77,848,tape player,0.34439459443092346,False,23639,16570,1.4266143633071817,37.17459596120145,0.9512761211994131
imagenette,data/imagenette2-320/val/n02979186/ILSVRC2012_val_00042982.JPEG,n02979186,482,cassette player,webp,77,482,cassette player,0.15498049557209015,True,35095,30176,1.163010339342524,36.11357427408525,0.965889528335544
imagenette,data/imagenette2-320/val/n02979186/ILSVRC2012_val_00043121.JPEG,n02979186,482,cassette player,webp,77,481,cassette,0.06864625215530396,False,23197,14990,1.547498332221481,38.46293514202923,0.9714237462820189
imagenette,data/imagenette2-320/val/n02979186/ILSVRC2012_val_00043731.JPEG,n02979186,482,cassette player,webp,77,848,tape player,0.1792753040790558,False,17924,11420,1.5695271453590192,37.99819890050376,0.966673135234487
imagenette,data/imagenette2-320/val/n02979186/ILSVRC2012_val_00045110.JPEG,n02979186,482,cassette player,webp,77,592,hard disc,0.3448280692100525,False,22045,14534,1.51678822072382,36.863471656838186,0.9565328500355325
imagenette,data/imagenette2-320/val/n02979186/n02979186_10041.JPEG,n02979186,482,cassette player,webp,77,481,cassette,0.1158987507224083,False,33079,26332,1.256228163451314,35.829282000909025,0.9639405821727026
imagenette,data/imagenette2-320/val/n02979186/n02979186_10111.JPEG,n02979186,482,cassette player,webp,77,848,tape player,0.3451319932937622,False,27904,20274,1.3763440860215055,35.554492535862096,0.9486463215540019
imagenette,data/imagenette2-320/val/n02979186/n02979186_10151.JPEG,n02979186,482,cassette player,webp,77,482,cassette player,0.33053267002105713,True,17962,11806,1.5214297814670505,38.38530809006149,0.9696084891529151
imagenette,data/imagenette2-320/val/n02979186/n02979186_10200.JPEG,n02979186,482,cassette player,webp,77,605,iPod,0.08853067457675934,False,20219,13258,1.5250414843867854,38.6548612210895,0.9685893657433601
imagenette,data/imagenette2-320/val/n02979186/n02979186_10211.JPEG,n02979186,482,cassette player,webp,77,579,grand piano,0.0368771106004715,False,35951,28020,1.283047822983583,36.40558778910376,0.9613764991694357
imagenette,data/imagenette2-320/val/n02979186/n02979186_10230.JPEG,n02979186,482,cassette player,webp,77,485,CD player,0.3241293728351593,False,27493,15322,1.7943479963451248,38.273838196820584,0.9606742891512711
imagenette,data/imagenette2-320/val/n02979186/n02979186_10232.JPEG,n02979186,482,cassette player,webp,77,848,tape player,0.32454684376716614,False,26901,21954,1.2253347909264827,36.42484905723375,0.9521693262686912
imagenette,data/imagenette2-320/val/n02979186/n02979186_10250.JPEG,n02979186,482,cassette player,webp,77,482,cassette player,0.2195126712322235,True,23769,14860,1.599528936742934,36.82504692808455,0.9681656625151643
imagenette,data/imagenette2-320/val/n02979186/n02979186_10271.JPEG,n02979186,482,cassette player,webp,77,482,cassette player,0.37521082162857056,True,30852,23608,1.306845137241613,35.18285697601536,0.9394709198508983
imagenette,data/imagenette2-320/val/n02979186/n02979186_10341.JPEG,n02979186,482,cassette player,webp,77,482,cassette player,0.3106244206428528,True,16656,9920,1.679032258064516,37.77979737557517,0.9603363793123062
imagenette,data/imagenette2-320/val/n02979186/n02979186_10402.JPEG,n02979186,482,cassette player,webp,77,848,tape player,0.2726893126964569,False,19880,13058,1.5224383519681421,38.217659790441786,0.9580444251142599
imagenette,data/imagenette2-320/val/n02979186/n02979186_10532.JPEG,n02979186,482,cassette player,webp,77,482,cassette player,0.3545391261577606,True,14211,7584,1.8738132911392404,39.89830727135483,0.974971311736712
imagenette,data/imagenette2-320/val/n02979186/n02979186_10591.JPEG,n02979186,482,cassette player,webp,77,482,cassette player,0.11194830387830734,True,17884,9656,1.852112676056338,39.09640338026766,0.9662731440461734
imagenette,data/imagenette2-320/val/n02979186/n02979186_1061.JPEG,n02979186,482,cassette player,webp,77,482,cassette player,0.28421834111213684,True,44551,32530,1.3695358130956041,37.090892493322876,0.9728881600628484
imagenette,data/imagenette2-320/val/n02979186/n02979186_10612.JPEG,n02979186,482,cassette player,webp,77,482,cassette player,0.4454857409000397,True,14615,9962,1.467074884561333,38.40657381758748,0.9686981480741378
imagenette,data/imagenette2-320/val/n02979186/n02979186_10670.JPEG,n02979186,482,cassette player,webp,77,482,cassette player,0.5390269756317139,True,20586,14158,1.454018929227292,37.98257796053239,0.9712412718633749
imagenette,data/imagenette2-320/val/n02979186/n02979186_10691.JPEG,n02979186,482,cassette player,webp,77,482,cassette player,0.1877722293138504,True,9173,5642,1.6258419000354485,40.61674441745094,0.9879189252002277
imagenette,data/imagenette2-320/val/n02979186/n02979186_10751.JPEG,n02979186,482,cassette player,webp,77,482,cassette player,0.29343119263648987,True,20138,11948,1.6854703716103114,38.98422933333811,0.9767787210221494
imagenette,data/imagenette2-320/val/n02979186/n02979186_10870.JPEG,n02979186,482,cassette player,webp,77,482,cassette player,0.1665681004524231,True,12217,6406,1.9071183265688416,39.58155617308789,0.9797448112317682
imagenette,data/imagenette2-320/val/n02979186/n02979186_10912.JPEG,n02979186,482,cassette player,webp,77,482,cassette player,0.21074159443378448,True,14905,6916,2.1551474840948526,39.392078913562194,0.9783570569415674
imagenette,data/imagenette2-320/val/n02979186/n02979186_10930.JPEG,n02979186,482,cassette player,webp,77,481,cassette,0.19942650198936462,False,27758,20186,1.3751114633904686,37.52577719065159,0.9591766826148405
imagenette,data/imagenette2-320/val/n02979186/n02979186_11.JPEG,n02979186,482,cassette player,webp,77,481,cassette,0.34545183181762695,False,11040,5816,1.8982118294360386,39.952744889842094,0.982367143161731
imagenette,data/imagenette2-320/val/n02979186/n02979186_11000.JPEG,n02979186,482,cassette player,webp,77,754,radio,0.09005910903215408,False,24587,17240,1.4261600928074245,37.31317107826366,0.9529844745610451
imagenette,data/imagenette2-320/val/n02979186/n02979186_11052.JPEG,n02979186,482,cassette player,webp,77,848,tape player,0.2142927497625351,False,20437,14896,1.3719790547798068,38.42381204683929,0.9873938764786031
imagenette,data/imagenette2-320/val/n02979186/n02979186_11120.JPEG,n02979186,482,cassette player,webp,77,848,tape player,0.4177960753440857,False,21512,12932,1.6634704608722548,36.95470342230441,0.97271295732447
imagenette,data/imagenette2-320/val/n02979186/n02979186_11122.JPEG,n02979186,482,cassette player,webp,77,848,tape player,0.33279144763946533,False,22274,14426,1.544017745736864,37.38586539855549,0.9586925692565336
imagenette,data/imagenette2-320/val/n02979186/n02979186_11151.JPEG,n02979186,482,cassette player,webp,77,482,cassette player,0.383621484041214,True,19042,13122,1.4511507392165828,38.25577950666951,0.9793033876721693
imagenette,data/imagenette2-320/val/n02979186/n02979186_11372.JPEG,n02979186,482,cassette player,webp,77,482,cassette player,0.4667380452156067,True,19660,14552,1.351017042330951,38.05638018317536,0.9731892021933355
imagenette,data/imagenette2-320/val/n02979186/n02979186_11410.JPEG,n02979186,482,cassette player,webp,77,848,tape player,0.23664037883281708,False,24775,20452,1.2113729708585956,37.34253330580394,0.9722679756675227
imagenette,data/imagenette2-320/val/n02979186/n02979186_11481.JPEG,n02979186,482,cassette player,webp,77,848,tape player,0.25730228424072266,False,32104,25780,1.2453064391000777,35.30220452137918,0.9489317897681443
imagenette,data/imagenette2-320/val/n02979186/n02979186_11550.JPEG,n02979186,482,cassette player,webp,77,848,tape player,0.1599559634923935,False,39263,33818,1.1610089301555384,36.393371918791814,0.9616753141662411
imagenette,data/imagenette2-320/val/n02979186/n02979186_11670.JPEG,n02979186,482,cassette player,webp,77,481,cassette,0.2552407383918762,False,21843,14718,1.484101100693029,36.94568520999725,0.9519789707026541
imagenette,data/imagenette2-320/val/n02979186/n02979186_1171.JPEG,n02979186,482,cassette player,webp,77,482,cassette player,0.5777055621147156,True,13410,7204,1.8614658523042753,39.70331804040918,0.9809297791711814
imagenette,data/imagenette2-320/val/n02979186/n02979186_11782.JPEG,n02979186,482,cassette player,webp,77,482,cassette player,0.5788856148719788,True,8390,3204,2.618601747815231,41.770076367703254,0.9747136788065104
imagenette,data/imagenette2-320/val/n02979186/n02979186_11790.JPEG,n02979186,482,cassette player,webp,77,482,cassette player,0.25911402702331543,True,22811,15578,1.464308640390294,37.68272972239756,0.9685754698457903
imagenette,data/imagenette2-320/val/n02979186/n02979186_11861.JPEG,n02979186,482,cassette player,webp,77,482,cassette player,0.5192427635192871,True,11123,5698,1.952088452088452,39.04224442804746,0.9791945214983571
imagenette,data/imagenette2-320/val/n02979186/n02979186_11871.JPEG,n02979186,482,cassette player,webp,77,480,cash machine,0.17734165489673615,False,20198,14064,1.4361490329920363,37.381614337209,0.9747814217088147
imagenette,data/imagenette2-320/val/n02979186/n02979186_11881.JPEG,n02979186,482,cassette player,webp,77,482,cassette player,0.43096616864204407,True,12055,7544,1.5979586426299046,39.407521987268574,0.9798715359757956
imagenette,data/imagenette2-320/val/n02979186/n02979186_11971.JPEG,n02979186,482,cassette player,webp,77,848,tape player,0.1708461493253708,False,27814,20662,1.346142677378763,36.093089699455454,0.9554886974583439
imagenette,data/imagenette2-320/val/n02979186/n02979186_1200.JPEG,n02979186,482,cassette player,webp,77,482,cassette player,0.3628963828086853,True,9813,4398,2.2312414733969987,40.3337491888805,0.9666871564021101
imagenette,data/imagenette2-320/val/n02979186/n02979186_12060.JPEG,n02979186,482,cassette player,webp,77,482,cassette player,0.4009382426738739,True,13532,5962,2.2697081516269706,41.708585531591844,0.9796730882143052
imagenette,data/imagenette2-320/val/n02979186/n02979186_12072.JPEG,n02979186,482,cassette player,webp,77,482,cassette player,0.3855060935020447,True,18975,10394,1.8255724456417164,38.30003593077403,0.9533169499712565
imagenette,data/imagenette2-320/val/n02979186/n02979186_12092.JPEG,n02979186,482,cassette player,webp,77,482,cassette player,0.7145786285400391,True,11962,5964,2.005700871898055,38.754249033098695,0.9697921858754145
imagenette,data/imagenette2-320/val/n02979186/n02979186_12101.JPEG,n02979186,482,cassette player,webp,77,482,cassette player,0.16210244596004486,True,37825,17454,2.1671250143233642,39.51054763105182,0.9743475340477005
imagenette,data/imagenette2-320/val/n02979186/n02979186_12122.JPEG,n02979186,482,cassette player,webp,77,447,binoculars,0.08273951709270477,False,15037,7888,1.906313387423935,39.589236651064155,0.9737981920951935
imagenette,data/imagenette2-320/val/n02979186/n02979186_12140.JPEG,n02979186,482,cassette player,webp,77,482,cassette player,0.20743341743946075,True,21657,14624,1.4809217724288841,37.8454806792326,0.9619450021616177
imagenette,data/imagenette2-320/val/n02979186/n02979186_12172.JPEG,n02979186,482,cassette player,webp,77,481,cassette,0.4717337489128113,False,15510,8332,1.8614978396543447,38.74090218842973,0.9537647351551838
imagenette,data/imagenette2-320/val/n02979186/n02979186_12260.JPEG,n02979186,482,cassette player,webp,77,482,cassette player,0.37193989753723145,True,18856,9250,2.0384864864864864,40.330800378058186,0.9781760487796408
imagenette,data/imagenette2-320/val/n02979186/n02979186_12590.JPEG,n02979186,482,cassette player,webp,77,485,CD player,0.31439459323883057,False,23675,16864,1.403878083491461,37.804593145680535,0.9664971856803092
imagenette,data/imagenette2-320/val/n02979186/n02979186_12681.JPEG,n02979186,482,cassette player,webp,77,482,cassette player,0.3300582468509674,True,25948,19618,1.3226628606381894,36.652437535467435,0.966492062380646
imagenette,data/imagenette2-320/val/n02979186/n02979186_1281.JPEG,n02979186,482,cassette player,webp,77,482,cassette player,0.48788586258888245,True,13933,8704,1.6007582720588236,39.43017253635646,0.9732695244058096
imagenette,data/imagenette2-320/val/n02979186/n02979186_12822.JPEG,n02979186,482,cassette player,webp,77,482,cassette player,0.32694971561431885,True,13363,6668,2.0040491901619677,40.21736639201673,0.972670122431539
imagenette,data/imagenette2-320/val/n02979186/n02979186_12962.JPEG,n02979186,482,cassette player,webp,77,481,cassette,0.5019177794456482,False,30736,22646,1.357237481232889,36.246209299086075,0.9689594571414563
imagenette,data/imagenette2-320/val/n02979186/n02979186_1300.JPEG,n02979186,482,cassette player,webp,77,485,CD player,0.2949313819408417,False,17545,12038,1.45746801794318,37.81835841897933,0.9682240353080888
imagenette,data/imagenette2-320/val/n02979186/n02979186_13061.JPEG,n02979186,482,cassette player,webp,77,482,cassette player,0.24909594655036926,True,21648,15064,1.437068507700478,37.07360918541318,0.9617843123392792
imagenette,data/imagenette2-320/val/n02979186/n02979186_13231.JPEG,n02979186,482,cassette player,webp,77,848,tape player,0.1838095635175705,False,26366,19366,1.3614582257564805,36.64052994844814,0.9628973890922042
imagenette,data/imagenette2-320/val/n02979186/n02979186_13250.JPEG,n02979186,482,cassette player,webp,77,482,cassette player,0.1331513226032257,True,11157,5456,2.0449046920821115,41.43470281383661,0.9701485236022706
imagenette,data/imagenette2-320/val/n02979186/n02979186_13280.JPEG,n02979186,482,cassette player,webp,77,482,cassette player,0.299755334854126,True,22085,17462,1.2647463062650326,37.214486596756004,0.9684401015416849
imagenette,data/imagenette2-320/val/n02979186/n02979186_13281.JPEG,n02979186,482,cassette player,webp,77,482,cassette player,0.39466509222984314,True,20242,14240,1.4214887640449438,37.355013613069936,0.9660335788217793
imagenette,data/imagenette2-320/val/n02979186/n02979186_13442.JPEG,n02979186,482,cassette player,webp,77,482,cassette player,0.529660165309906,True,20222,13454,1.5030474208413855,37.892663879117656,0.9460461555735078
imagenette,data/imagenette2-320/val/n02979186/n02979186_13502.JPEG,n02979186,482,cassette player,webp,77,482,cassette player,0.07805261015892029,True,15415,8394,1.836430783893257,38.8640956412115,0.9665106088003531
imagenette,data/imagenette2-320/val/n02979186/n02979186_13510.JPEG,n02979186,482,cassette player,webp,77,579,grand piano,0.057905226945877075,False,11030,5716,1.9296710986703989,40.81280769294236,0.9794471930360572
imagenette,data/imagenette2-320/val/n02979186/n02979186_13572.JPEG,n02979186,482,cassette player,webp,77,482,cassette player,0.3515191674232483,True,68918,67382,1.022795405301119,34.34000687867552,0.9895894468522406
imagenette,data/imagenette2-320/val/n02979186/n02979186_13661.JPEG,n02979186,482,cassette player,webp,77,848,tape player,0.18560318648815155,False,23494,16010,1.4674578388507182,38.02254931200781,0.9611122710152219
imagenette,data/imagenette2-320/val/n02979186/n02979186_13701.JPEG,n02979186,482,cassette player,webp,77,848,tape player,0.18171018362045288,False,19857,13142,1.5109572363415005,37.91860721470457,0.9550185072875466
imagenette,data/imagenette2-320/val/n02979186/n02979186_13722.JPEG,n02979186,482,cassette player,webp,77,848,tape player,0.26779821515083313,False,20479,12020,1.7037437603993344,40.11675757506124,0.9830918406453403
imagenette,data/imagenette2-320/val/n02979186/n02979186_13740.JPEG,n02979186,482,cassette player,webp,77,610,jersey,0.3215320408344269,False,20890,14834,1.4082513145476607,37.295365793388086,0.9590634153126084
imagenette,data/imagenette2-320/val/n02979186/n02979186_13742.JPEG,n02979186,482,cassette player,webp,77,848,tape player,0.3576475977897644,False,24717,16804,1.470899785765294,37.15352437784577,0.9591036289169524
imagenette,data/imagenette2-320/val/n02979186/n02979186_1381.JPEG,n02979186,482,cassette player,webp,77,482,cassette player,0.3103880286216736,True,20926,14064,1.4879124004550626,37.75216346238954,0.9483489528018026
imagenette,data/imagenette2-320/val/n02979186/n02979186_13841.JPEG,n02979186,482,cassette player,webp,77,481,cassette,0.3086793124675751,False,19003,10934,1.7379732943113224,38.99751560950873,0.96930364651881
imagenette,data/imagenette2-320/val/n02979186/n02979186_13851.JPEG,n02979186,482,cassette player,webp,77,786,sewing machine,0.14271780848503113,False,38526,34950,1.1023175965665235,34.41461237506894,0.9649194880422577
imagenette,data/imagenette2-320/val/n02979186/n02979186_13902.JPEG,n02979186,482,cassette player,webp,77,482,cassette player,0.18150447309017181,True,16519,8506,1.942040912297202,38.90109239756334,0.9630356093301272
imagenette,data/imagenette2-320/val/n02979186/n02979186_13950.JPEG,n02979186,482,cassette player,webp,77,848,tape player,0.22358226776123047,False,20301,13368,1.5186265709156195,37.364699874944435,0.9579310703613363
imagenette,data/imagenette2-320/val/n02979186/n02979186_140.JPEG,n02979186,482,cassette player,webp,77,482,cassette player,0.24543562531471252,True,23050,16186,1.4240701841097245,37.53261346686427,0.9512204723109955
imagenette,data/imagenette2-320/val/n02979186/n02979186_1401.JPEG,n02979186,482,cassette player,webp,77,482,cassette player,0.31739217042922974,True,13631,5770,2.3623916811091856,39.843796791446515,0.9727798066925312
imagenette,data/imagenette2-320/val/n02979186/n02979186_14050.JPEG,n02979186,482,cassette player,webp,77,848,tape player,0.22877711057662964,False,23973,17924,1.3374804731086811,37.573597981383735,0.9658023334362927
imagenette,data/imagenette2-320/val/n02979186/n02979186_14100.JPEG,n02979186,482,cassette player,webp,77,482,cassette player,0.34311482310295105,True,24297,18706,1.2988880573078156,36.948365669116995,0.9552643477072852
imagenette,data/imagenette2-320/val/n02979186/n02979186_14251.JPEG,n02979186,482,cassette player,webp,77,481,cassette,0.29986312985420227,False,41607,24432,1.7029715127701375,36.75234807637963,0.9634529823502591
imagenette,data/imagenette2-320/val/n02979186/n02979186_14271.JPEG,n02979186,482,cassette player,webp,77,482,cassette player,0.32673439383506775,True,19225,12412,1.5489042861746696,38.03712413042694,0.9705399264118885
imagenette,data/imagenette2-320/val/n02979186/n02979186_14440.JPEG,n02979186,482,cassette player,webp,77,632,loudspeaker,0.1172625720500946,False,17576,11496,1.5288796102992346,38.15935856125619,0.9646050890346918
imagenette,data/imagenette2-320/val/n02979186/n02979186_14462.JPEG,n02979186,482,cassette player,webp,77,848,tape player,0.2063807249069214,False,25149,15760,1.595748730964467,38.48090716562807,0.9722743698191679
imagenette,data/imagenette2-320/val/n02979186/n02979186_14471.JPEG,n02979186,482,cassette player,webp,77,482,cassette player,0.1332966536283493,True,20450,14254,1.4346850007015575,35.38873533740099,0.9352766771562159
imagenette,data/imagenette2-320/val/n02979186/n02979186_1450.JPEG,n02979186,482,cassette player,webp,77,482,cassette player,0.14712239801883698,True,12690,5478,2.3165388828039433,40.95423103060362,0.9769743291605578
imagenette,data/imagenette2-320/val/n02979186/n02979186_14550.JPEG,n02979186,482,cassette player,webp,77,482,cassette player,0.14829035103321075,True,17389,9978,1.7427340148326318,38.623002355803244,0.9666857656106606
imagenette,data/imagenette2-320/val/n02979186/n02979186_14601.JPEG,n02979186,482,cassette player,webp,77,482,cassette player,0.3055589497089386,True,19587,12236,1.6007682249101014,38.11948525514644,0.9725827427649812
imagenette,data/imagenette2-320/val/n02979186/n02979186_14630.JPEG,n02979186,482,cassette player,webp,77,848,tape player,0.18916049599647522,False,48570,32066,1.5146884550614357,37.125084033885166,0.9528235345256683
imagenette,data/imagenette2-320/val/n02979186/n02979186_14712.JPEG,n02979186,482,cassette player,webp,77,848,tape player,0.2261269986629486,False,21462,14470,1.483206634416033,37.56819023855917,0.9523404925300674
imagenette,data/imagenette2-320/val/n02979186/n02979186_14721.JPEG,n02979186,482,cassette player,webp,77,848,tape player,0.2280302196741104,False,19554,13594,1.4384287185523026,38.46914749293477,0.9641867574087603
imagenette,data/imagenette2-320/val/n02979186/n02979186_14771.JPEG,n02979186,482,cassette player,webp,77,848,tape player,0.3411219120025635,False,17899,10768,1.662239970282318,39.133442624625225,0.9593812574731345
imagenette,data/imagenette2-320/val/n02979186/n02979186_15350.JPEG,n02979186,482,cassette player,webp,77,848,tape player,0.23874323070049286,False,26984,19874,1.3577538492502768,36.94560393957624,0.9641353207036284
imagenette,data/imagenette2-320/val/n02979186/n02979186_15382.JPEG,n02979186,482,cassette player,webp,77,848,tape player,0.2851628065109253,False,29579,19398,1.5248479224662337,37.65030447730883,0.9693008381466509
imagenette,data/imagenette2-320/val/n02979186/n02979186_15401.JPEG,n02979186,482,cassette player,webp,77,485,CD player,0.2029583752155304,False,21456,14180,1.51311706629055,37.00609975618751,0.9489549517820838
imagenette,data/imagenette2-320/val/n02979186/n02979186_1542.JPEG,n02979186,482,cassette player,webp,77,848,tape player,0.2665524184703827,False,19413,12726,1.5254596888260255,37.58015828975962,0.9633072378230257
imagenette,data/imagenette2-320/val/n02979186/n02979186_15432.JPEG,n02979186,482,cassette player,webp,77,848,tape player,0.14943668246269226,False,20604,13532,1.5226130653266332,37.18300052993049,0.9272820737616224
imagenette,data/imagenette2-320/val/n02979186/n02979186_15441.JPEG,n02979186,482,cassette player,webp,77,848,tape player,0.18921683728694916,False,23949,17332,1.381779367643665,36.92627897962796,0.9494288047997271
imagenette,data/imagenette2-320/val/n02979186/n02979186_15511.JPEG,n02979186,482,cassette player,webp,77,848,tape player,0.13291554152965546,False,17563,12152,1.4452764976958525,38.093786185151316,0.968499567258369
imagenette,data/imagenette2-320/val/n02979186/n02979186_15521.JPEG,n02979186,482,cassette player,webp,77,848,tape player,0.3129647672176361,False,36621,30192,1.2129372019077902,35.707204610653136,0.9520421851429749
imagenette,data/imagenette2-320/val/n02979186/n02979186_1561.JPEG,n02979186,482,cassette player,webp,77,482,cassette player,0.3640836775302887,True,12055,7454,1.6172524818889187,39.444064630218534,0.9767372887261495
imagenette,data/imagenette2-320/val/n02979186/n02979186_15800.JPEG,n02979186,482,cassette player,webp,77,848,tape player,0.5437659621238708,False,23275,15230,1.5282337491792515,36.96390283077063,0.9541844321047552
imagenette,data/imagenette2-320/val/n02979186/n02979186_15862.JPEG,n02979186,482,cassette player,webp,77,482,cassette player,0.38730913400650024,True,30746,25816,1.1909668422683608,35.70315288391154,0.9651247377918478
imagenette,data/imagenette2-320/val/n02979186/n02979186_15901.JPEG,n02979186,482,cassette player,webp,77,482,cassette player,0.1368524730205536,True,21269,14496,1.4672323399558498,37.045783142579765,0.955726345304131
imagenette,data/imagenette2-320/val/n02979186/n02979186_15931.JPEG,n02979186,482,cassette player,webp,77,482,cassette player,0.13207657635211945,True,26871,19730,1.3619361378611252,36.43418486436434,0.9684021188625009
imagenette,data/imagenette2-320/val/n02979186/n02979186_15940.JPEG,n02979186,482,cassette player,webp,77,485,CD player,0.16333018243312836,False,27662,14434,1.9164472772620202,38.95039912373907,0.9606522931545949
imagenette,data/imagenette2-320/val/n02979186/n02979186_15951.JPEG,n02979186,482,cassette player,webp,77,848,tape player,0.16497445106506348,False,29863,23974,1.2456411112038042,37.63901226619812,0.9734667362656185
imagenette,data/imagenette2-320/val/n02979186/n02979186_15972.JPEG,n02979186,482,cassette player,webp,77,482,cassette player,0.14685826003551483,True,32009,27530,1.1626952415546676,35.24948895216305,0.9626849455248147
imagenette,data/imagenette2-320/val/n02979186/n02979186_16101.JPEG,n02979186,482,cassette player,webp,77,848,tape player,0.21362866461277008,False,20841,14756,1.4123746272702629,37.44033269226922,0.9644201667738415
imagenette,data/imagenette2-320/val/n02979186/n02979186_1611.JPEG,n02979186,482,cassette player,webp,77,485,CD player,0.1191437840461731,False,34722,27932,1.2430903623084635,35.789414832556815,0.964365106570631
imagenette,data/imagenette2-320/val/n02979186/n02979186_16142.JPEG,n02979186,482,cassette player,webp,77,482,cassette player,0.4369525909423828,True,18972,12528,1.514367816091954,35.91944800588688,0.959283747945466
imagenette,data/imagenette2-320/val/n02979186/n02979186_16192.JPEG,n02979186,482,cassette player,webp,77,848,tape player,0.13138383626937866,False,21687,14976,1.4481169871794872,36.93383825169682,0.9499231529429742
imagenette,data/imagenette2-320/val/n02979186/n02979186_162.JPEG,n02979186,482,cassette player,webp,77,482,cassette player,0.6387792825698853,True,8762,4224,2.074337121212121,41.26016405006482,0.9825282841634045
imagenette,data/imagenette2-320/val/n02979186/n02979186_1621.JPEG,n02979186,482,cassette player,webp,77,482,cassette player,0.20186667144298553,True,29453,25018,1.1772723638979934,36.07838419867112,0.9718310134335937
imagenette,data/imagenette2-320/val/n02979186/n02979186_16241.JPEG,n02979186,482,cassette player,webp,77,848,tape player,0.36753129959106445,False,20900,16468,1.2691280058294876,38.006209623646114,0.983456174430709
imagenette,data/imagenette2-320/val/n02979186/n02979186_1630.JPEG,n02979186,482,cassette player,webp,77,482,cassette player,0.3190080523490906,True,15026,9188,1.6353939921636917,38.11543824946713,0.9607159805360439
imagenette,data/imagenette2-320/val/n02979186/n02979186_1632.JPEG,n02979186,482,cassette player,webp,77,482,cassette player,0.3485664129257202,True,11180,5376,2.0796130952380953,41.32914268803344,0.9828220682593661
imagenette,data/imagenette2-320/val/n02979186/n02979186_16382.JPEG,n02979186,482,cassette player,webp,77,481,cassette,0.1991567313671112,False,22838,16208,1.4090572556762093,36.7532179833198,0.9645980024396631
imagenette,data/imagenette2-320/val/n02979186/n02979186_16422.JPEG,n02979186,482,cassette player,webp,77,482,cassette player,0.21707719564437866,True,24074,15922,1.5119959804044718,37.25513763128268,0.9702601243418668
imagenette,data/imagenette2-320/val/n02979186/n02979186_16581.JPEG,n02979186,482,cassette player,webp,77,482,cassette player,0.4168124794960022,True,18599,12134,1.5328003955826603,39.1530069932162,0.967038720715748
imagenette,data/imagenette2-320/val/n02979186/n02979186_1692.JPEG,n02979186,482,cassette player,webp,77,848,tape player,0.17822031676769257,False,30563,25956,1.1774926799198644,35.8133392943108,0.9673280460746003
imagenette,data/imagenette2-320/val/n02979186/n02979186_16952.JPEG,n02979186,482,cassette player,webp,77,848,tape player,0.16290263831615448,False,20731,12874,1.610299829112941,37.643370610051235,0.9655505387934394
imagenette,data/imagenette2-320/val/n02979186/n02979186_17060.JPEG,n02979186,482,cassette player,webp,77,482,cassette player,0.5886787176132202,True,10221,4808,2.1258319467554077,40.686480659831574,0.9792919200951342
imagenette,data/imagenette2-320/val/n02979186/n02979186_17172.JPEG,n02979186,482,cassette player,webp,77,482,cassette player,0.3206830620765686,True,17478,11390,1.534503950834065,37.79292028997708,0.9554552956312167
imagenette,data/imagenette2-320/val/n02979186/n02979186_17312.JPEG,n02979186,482,cassette player,webp,77,482,cassette player,0.40656936168670654,True,11111,5488,2.0245991253644315,39.251756506218804,0.972976224271154
imagenette,data/imagenette2-320/val/n02979186/n02979186_17460.JPEG,n02979186,482,cassette player,webp,77,482,cassette player,0.5708602070808411,True,11313,6012,1.8817365269461077,38.762856017721326,0.9636148812553856
imagenette,data/imagenette2-320/val/n02979186/n02979186_17470.JPEG,n02979186,482,cassette player,webp,77,482,cassette player,0.8682451844215393,True,10781,4984,2.163121990369181,40.19025495804123,0.975197112536681
imagenette,data/imagenette2-320/val/n02979186/n02979186_17680.JPEG,n02979186,482,cassette player,webp,77,482,cassette player,0.7002575397491455,True,8918,4186,2.130434782608696,41.28487438946246,0.985923594780519
imagenette,data/imagenette2-320/val/n02979186/n02979186_1792.JPEG,n02979186,482,cassette player,webp,77,548,entertainment center,0.2279943823814392,False,20172,13302,1.5164636896707262,37.5978892206807,0.9651545425054383
imagenette,data/imagenette2-320/val/n02979186/n02979186_17940.JPEG,n02979186,482,cassette player,webp,77,482,cassette player,0.26162755489349365,True,18280,12792,1.4290181363352095,38.396804239003046,0.9850119805903338
imagenette,data/imagenette2-320/val/n02979186/n02979186_18070.JPEG,n02979186,482,cassette player,webp,77,848,tape player,0.26602575182914734,False,21085,13328,1.5820078031212486,37.57875060612671,0.9534446521510268
imagenette,data/imagenette2-320/val/n02979186/n02979186_1810.JPEG,n02979186,482,cassette player,webp,77,886,vending machine,0.08478643000125885,False,19487,11466,1.699546485260771,37.49207294804653,0.9627902450579752
imagenette,data/imagenette2-320/val/n02979186/n02979186_18131.JPEG,n02979186,482,cassette player,webp,77,482,cassette player,0.4117307960987091,True,9987,4710,2.1203821656050956,40.39205864874524,0.9780394874339394
imagenette,data/imagenette2-320/val/n02979186/n02979186_18190.JPEG,n02979186,482,cassette player,webp,77,482,cassette player,0.3819335103034973,True,15749,6814,2.3112709128265334,40.17389562194205,0.9760801257862722
imagenette,data/imagenette2-320/val/n02979186/n02979186_18272.JPEG,n02979186,482,cassette player,webp,77,485,CD player,0.2582789957523346,False,35419,18946,1.8694711284703895,38.49252564460373,0.9665159622432565
imagenette,data/imagenette2-320/val/n02979186/n02979186_1841.JPEG,n02979186,482,cassette player,webp,77,848,tape player,0.17220638692378998,False,19725,13108,1.504806225205981,37.31660290147333,0.945856984620982
imagenette,data/imagenette2-320/val/n02979186/n02979186_18450.JPEG,n02979186,482,cassette player,webp,77,848,tape player,0.21217170357704163,False,21872,12324,1.7747484582927622,37.40750978056819,0.9532218478943717
imagenette,data/imagenette2-320/val/n02979186/n02979186_18472.JPEG,n02979186,482,cassette player,webp,77,482,cassette player,0.3149159550666809,True,7129,2990,2.3842809364548496,42.4679673617791,0.9857902396906789
imagenette,data/imagenette2-320/val/n02979186/n02979186_18572.JPEG,n02979186,482,cassette player,webp,77,482,cassette player,0.455322802066803,True,9871,4762,2.0728685426291475,39.393239391645544,0.9742006588471445
imagenette,data/imagenette2-320/val/n02979186/n02979186_18581.JPEG,n02979186,482,cassette player,webp,77,482,cassette player,0.4393654763698578,True,23685,18144,1.3053902116402116,36.81577192898288,0.9502330044207485
imagenette,data/imagenette2-320/val/n02979186/n02979186_1870.JPEG,n02979186,482,cassette player,webp,77,481,cassette,0.1160537600517273,False,22682,16164,1.4032417718386538,37.22864028731904,0.953985283542818
imagenette,data/imagenette2-320/val/n02979186/n02979186_18720.JPEG,n02979186,482,cassette player,webp,77,482,cassette player,0.48244357109069824,True,8600,3316,2.5934861278648973,42.39006495163014,0.9810519525418825
imagenette,data/imagenette2-320/val/n02979186/n02979186_18802.JPEG,n02979186,482,cassette player,webp,77,482,cassette player,0.39180663228034973,True,7723,3362,2.2971445568114217,42.19930277396954,0.9816960233974177
imagenette,data/imagenette2-320/val/n02979186/n02979186_1891.JPEG,n02979186,482,cassette player,webp,77,848,tape player,0.17180360853672028,False,15234,9776,1.5583060556464812,38.81775392918338,0.9647495543790218
imagenette,data/imagenette2-320/val/n02979186/n02979186_18940.JPEG,n02979186,482,cassette player,webp,77,481,cassette,0.13713693618774414,False,29215,22528,1.2968306107954546,36.099597896086436,0.9637597779293134
imagenette,data/imagenette2-320/val/n02979186/n02979186_19011.JPEG,n02979186,482,cassette player,webp,77,485,CD player,0.40154093503952026,False,11838,7138,1.658447744466237,39.581272587111656,0.9876776292438775
imagenette,data/imagenette2-320/val/n02979186/n02979186_19091.JPEG,n02979186,482,cassette player,webp,77,482,cassette player,0.7192890644073486,True,11855,6182,1.9176641863474604,38.84134540183088,0.9612745178117459
imagenette,data/imagenette2-320/val/n02979186/n02979186_19190.JPEG,n02979186,482,cassette player,webp,77,482,cassette player,0.7742809057235718,True,10160,4952,2.0516962843295636,39.8625672205032,0.9777151612372411
imagenette,data/imagenette2-320/val/n02979186/n02979186_1932.JPEG,n02979186,482,cassette player,webp,77,848,tape player,0.3361530303955078,False,22878,17024,1.3438674812030076,36.988289077280555,0.9491949617635895
imagenette,data/imagenette2-320/val/n02979186/n02979186_19322.JPEG,n02979186,482,cassette player,webp,77,482,cassette player,0.7376588582992554,True,9247,4326,2.1375404530744335,41.57758648770759,0.9848368425572266
imagenette,data/imagenette2-320/val/n02979186/n02979186_19390.JPEG,n02979186,482,cassette player,webp,77,482,cassette player,0.3509148061275482,True,31309,27246,1.1491228070175439,37.39579863724294,0.9783936563349022
imagenette,data/imagenette2-320/val/n02979186/n02979186_19412.JPEG,n02979186,482,cassette player,webp,77,482,cassette player,0.578993022441864,True,11711,6462,1.8122872175796967,39.5713532666213,0.9802690050209669
imagenette,data/imagenette2-320/val/n02979186/n02979186_19440.JPEG,n02979186,482,cassette player,webp,77,482,cassette player,0.5905689001083374,True,25671,20600,1.2461650485436893,36.561723154060864,0.9663321280663127
imagenette,data/imagenette2-320/val/n02979186/n02979186_19542.JPEG,n02979186,482,cassette player,webp,77,482,cassette player,0.22882775962352753,True,14263,11332,1.258648076244264,38.182481580035116,0.9799996526546781
imagenette,data/imagenette2-320/val/n02979186/n02979186_19582.JPEG,n02979186,482,cassette player,webp,77,482,cassette player,0.4974009394645691,True,15204,9746,1.5600246254873795,37.45769348030257,0.9637722689839499
imagenette,data/imagenette2-320/val/n02979186/n02979186_1961.JPEG,n02979186,482,cassette player,webp,77,482,cassette player,0.42641347646713257,True,20231,14008,1.4442461450599657,37.887870540265844,0.9459339121209288
imagenette,data/imagenette2-320/val/n02979186/n02979186_19690.JPEG,n02979186,482,cassette player,webp,77,848,tape player,0.21945419907569885,False,16149,8784,1.8384562841530054,40.181792882480394,0.9757233934251213
imagenette,data/imagenette2-320/val/n02979186/n02979186_19820.JPEG,n02979186,482,cassette player,webp,77,482,cassette player,0.8091957569122314,True,13911,8450,1.6462721893491123,39.111568434517714,0.9736353469984756
imagenette,data/imagenette2-320/val/n02979186/n02979186_2002.JPEG,n02979186,482,cassette player,webp,77,482,cassette player,0.5928845405578613,True,14966,9004,1.6621501554864504,38.38658699861892,0.9738912535592621
imagenette,data/imagenette2-320/val/n02979186/n02979186_20112.JPEG,n02979186,482,cassette player,webp,77,771,safe,0.24982158839702606,False,15883,9302,1.7074822618791659,38.844866655791954,0.960145009869736
imagenette,data/imagenette2-320/val/n02979186/n02979186_20132.JPEG,n02979186,482,cassette player,webp,77,742,printer,0.08298061043024063,False,21167,14420,1.4678918169209432,37.468112233601325,0.9713641828859322
imagenette,data/imagenette2-320/val/n02979186/n02979186_20160.JPEG,n02979186,482,cassette player,webp,77,482,cassette player,0.36233076453208923,True,9924,4560,2.1763157894736844,40.21647409459139,0.9751617097908069
imagenette,data/imagenette2-320/val/n02979186/n02979186_20220.JPEG,n02979186,482,cassette player,webp,77,482,cassette player,0.3032079339027405,True,18509,10790,1.7153846153846153,38.65540383711028,0.9617617998335667
imagenette,data/imagenette2-320/val/n02979186/n02979186_20312.JPEG,n02979186,482,cassette player,webp,77,482,cassette player,0.6788129210472107,True,10760,5594,1.9234894529853415,40.56154178118237,0.9820842016047878
imagenette,data/imagenette2-320/val/n02979186/n02979186_20362.JPEG,n02979186,482,cassette player,webp,77,482,cassette player,0.17140483856201172,True,18918,11788,1.6048523922633187,38.431513474659155,0.9571122282749592
imagenette,data/imagenette2-320/val/n02979186/n02979186_2051.JPEG,n02979186,482,cassette player,webp,77,481,cassette,0.1719994693994522,False,19443,13240,1.4685045317220544,38.03088976694664,0.9624077061109434
imagenette,data/imagenette2-320/val/n02979186/n02979186_20560.JPEG,n02979186,482,cassette player,webp,77,482,cassette player,0.17815916240215302,True,16739,13082,1.279544412169393,37.132177237810964,0.983382614210174
imagenette,data/imagenette2-320/val/n02979186/n02979186_20561.JPEG,n02979186,482,cassette player,webp,77,482,cassette player,0.16240772604942322,True,8631,4094,2.108207132388862,40.212118343683365,0.9729883712313904
imagenette,data/imagenette2-320/val/n02979186/n02979186_20600.JPEG,n02979186,482,cassette player,webp,77,481,cassette,0.34316495060920715,False,7938,3392,2.3402122641509435,42.50092039003589,0.9880347860323345
imagenette,data/imagenette2-320/val/n02979186/n02979186_20620.JPEG,n02979186,482,cassette player,webp,77,482,cassette player,0.3897095024585724,True,18220,10736,1.6970938897168406,39.05786942668407,0.9656404808180551
imagenette,data/imagenette2-320/val/n02979186/n02979186_20631.JPEG,n02979186,482,cassette player,webp,77,482,cassette player,0.42521804571151733,True,11870,5484,2.1644784828592267,41.5188219236462,0.9837400318112023
imagenette,data/imagenette2-320/val/n02979186/n02979186_20701.JPEG,n02979186,482,cassette player,webp,77,485,CD player,0.3445427715778351,False,13566,8656,1.5672365988909427,37.57560509981275,0.973747463965622
imagenette,data/imagenette2-320/val/n02979186/n02979186_20730.JPEG,n02979186,482,cassette player,webp,77,482,cassette player,0.7644810080528259,True,11089,5256,2.109779299847793,41.202970653499335,0.9823790502375155
imagenette,data/imagenette2-320/val/n02979186/n02979186_20880.JPEG,n02979186,482,cassette player,webp,77,482,cassette player,0.5310785174369812,True,12723,7584,1.6776107594936709,38.99106891014094,0.9843843389552056
imagenette,data/imagenette2-320/val/n02979186/n02979186_21392.JPEG,n02979186,482,cassette player,webp,77,482,cassette player,0.7269096970558167,True,11615,5798,2.0032769920662297,41.22141405076377,0.9729633041570858
imagenette,data/imagenette2-320/val/n02979186/n02979186_21401.JPEG,n02979186,482,cassette player,webp,77,482,cassette player,0.26162245869636536,True,12601,5522,2.2819630568634555,41.55668006902146,0.9747839341032071
imagenette,data/imagenette2-320/val/n02979186/n02979186_2141.JPEG,n02979186,482,cassette player,webp,77,482,cassette player,0.3170711100101471,True,22273,16608,1.3411006743737957,37.092382609473454,0.9744525351497862
imagenette,data/imagenette2-320/val/n02979186/n02979186_21472.JPEG,n02979186,482,cassette player,webp,77,482,cassette player,0.6470637321472168,True,13799,7950,1.7357232704402517,38.18490780661817,0.9618794225233923
imagenette,data/imagenette2-320/val/n02979186/n02979186_21640.JPEG,n02979186,482,cassette player,webp,77,481,cassette,0.42605656385421753,False,10913,6358,1.7164202579427492,37.73576134521975,0.9755300802464788
imagenette,data/imagenette2-320/val/n02979186/n02979186_2172.JPEG,n02979186,482,cassette player,webp,77,848,tape player,0.2423827201128006,False,29606,18130,1.6329840044125759,38.30253806466227,0.9705754201141801
imagenette,data/imagenette2-320/val/n02979186/n02979186_21910.JPEG,n02979186,482,cassette player,webp,77,482,cassette player,0.1574675291776657,True,14267,7950,1.7945911949685533,38.80216954529573,0.9675190968778006
imagenette,data/imagenette2-320/val/n02979186/n02979186_21941.JPEG,n02979186,482,cassette player,webp,77,482,cassette player,0.4520139694213867,True,22704,11308,2.007782101167315,41.503301167524356,0.9824579628940987
imagenette,data/imagenette2-320/val/n02979186/n02979186_22101.JPEG,n02979186,482,cassette player,webp,77,482,cassette player,0.28860944509506226,True,12562,8934,1.4060890978285203,38.3246781515943,0.9768908459923593
imagenette,data/imagenette2-320/val/n02979186/n02979186_22111.JPEG,n02979186,482,cassette player,webp,77,482,cassette player,0.310155987739563,True,22722,9582,2.37132122730119,39.470202511889305,0.9790997670740498
imagenette,data/imagenette2-320/val/n02979186/n02979186_2230.JPEG,n02979186,482,cassette player,webp,77,482,cassette player,0.5462337732315063,True,15980,7706,2.0737087983389566,40.02935410879209,0.9796993060482593
imagenette,data/imagenette2-320/val/n02979186/n02979186_22681.JPEG,n02979186,482,cassette player,webp,77,482,cassette player,0.09365750849246979,True,24192,17454,1.386043313853558,36.783619614982356,0.9710727595556973
imagenette,data/imagenette2-320/val/n02979186/n02979186_22761.JPEG,n02979186,482,cassette player,webp,77,482,cassette player,0.14217747747898102,True,11298,5824,1.9399038461538463,40.48568764051261,0.972494964801316
imagenette,data/imagenette2-320/val/n02979186/n02979186_22871.JPEG,n02979186,482,cassette player,webp,77,848,tape player,0.32473379373550415,False,16993,9664,1.7583816225165563,37.87223752813156,0.96310958455215
imagenette,data/imagenette2-320/val/n02979186/n02979186_22882.JPEG,n02979186,482,cassette player,webp,77,848,tape player,0.27892816066741943,False,22093,14434,1.5306221421643342,37.74162678702019,0.9688589253766827
imagenette,data/imagenette2-320/val/n02979186/n02979186_22991.JPEG,n02979186,482,cassette player,webp,77,482,cassette player,0.447559654712677,True,17554,13654,1.285630584444119,37.327335186174295,0.9677388113478583
imagenette,data/imagenette2-320/val/n02979186/n02979186_22992.JPEG,n02979186,482,cassette player,webp,77,482,cassette player,0.044900741428136826,True,23552,17984,1.309608540925267,37.60318138384892,0.9765383786728107
imagenette,data/imagenette2-320/val/n02979186/n02979186_2312.JPEG,n02979186,482,cassette player,webp,77,482,cassette player,0.4342613220214844,True,15663,9238,1.6954968607923793,39.08947407836839,0.9573935779653183
imagenette,data/imagenette2-320/val/n02979186/n02979186_23362.JPEG,n02979186,482,cassette player,webp,77,482,cassette player,0.2592385709285736,True,34925,22450,1.5556792873051224,38.15328263599833,0.9679589666075955
imagenette,data/imagenette2-320/val/n02979186/n02979186_23440.JPEG,n02979186,482,cassette player,webp,77,482,cassette player,0.3229511082172394,True,14890,8544,1.7427434456928839,39.407808931296344,0.9680179121872129
imagenette,data/imagenette2-320/val/n02979186/n02979186_2350.JPEG,n02979186,482,cassette player,webp,77,848,tape player,0.43229204416275024,False,21670,14576,1.4866904500548848,37.64455727885229,0.9515181795618862
imagenette,data/imagenette2-320/val/n02979186/n02979186_23650.JPEG,n02979186,482,cassette player,webp,77,482,cassette player,0.3610589802265167,True,21765,13714,1.5870643138398717,38.98263372963925,0.9639899564548005
imagenette,data/imagenette2-320/val/n02979186/n02979186_23730.JPEG,n02979186,482,cassette player,webp,77,848,tape player,0.1908409744501114,False,20261,14984,1.3521756540309664,37.09579526272915,0.9636886627411451
imagenette,data/imagenette2-320/val/n02979186/n02979186_2381.JPEG,n02979186,482,cassette player,webp,77,482,cassette player,0.3914012312889099,True,10789,5596,1.9279842744817728,39.497747368418736,0.975400836508113
imagenette,data/imagenette2-320/val/n02979186/n02979186_23911.JPEG,n02979186,482,cassette player,webp,77,848,tape player,0.3752337694168091,False,38979,32492,1.1996491444047765,35.975449317069206,0.9703404066011482
imagenette,data/imagenette2-320/val/n02979186/n02979186_24140.JPEG,n02979186,482,cassette player,webp,77,482,cassette player,0.20341183245182037,True,13145,8304,1.5829720616570329,38.7297489192489,0.9780340677847611
imagenette,data/imagenette2-320/val/n02979186/n02979186_24492.JPEG,n02979186,482,cassette player,webp,77,482,cassette player,0.22649241983890533,True,9891,5230,1.8912045889101339,40.06575132442776,0.9718278627925777
imagenette,data/imagenette2-320/val/n02979186/n02979186_24591.JPEG,n02979186,482,cassette player,webp,77,848,tape player,0.09187999367713928,False,19197,12900,1.488139534883721,37.51410310581042,0.9729384478598387
imagenette,data/imagenette2-320/val/n02979186/n02979186_24592.JPEG,n02979186,482,cassette player,webp,77,482,cassette player,0.6597461700439453,True,11160,6086,1.8337167269142294,39.83954019833594,0.979237201506865
imagenette,data/imagenette2-320/val/n02979186/n02979186_24941.JPEG,n02979186,482,cassette player,webp,77,848,tape player,0.24641449749469757,False,15456,7166,2.1568518001674573,39.84883683036126,0.9671862516039393
imagenette,data/imagenette2-320/val/n02979186/n02979186_2511.JPEG,n02979186,482,cassette player,webp,77,482,cassette player,0.23914091289043427,True,15554,10734,1.4490404322712875,39.010757127073404,0.9781004527195689
imagenette,data/imagenette2-320/val/n02979186/n02979186_25141.JPEG,n02979186,482,cassette player,webp,77,482,cassette player,0.635162353515625,True,11877,6168,1.9255836575875487,39.55385553759859,0.9737897938054992
imagenette,data/imagenette2-320/val/n02979186/n02979186_2552.JPEG,n02979186,482,cassette player,webp,77,482,cassette player,0.20786656439304352,True,26210,18862,1.3895663238256812,37.96153780816739,0.9708555080775237
imagenette,data/imagenette2-320/val/n02979186/n02979186_260.JPEG,n02979186,482,cassette player,webp,77,485,CD player,0.5099215507507324,False,24238,17028,1.4234202490016443,36.81963797478699,0.9653144980580516
imagenette,data/imagenette2-320/val/n02979186/n02979186_26120.JPEG,n02979186,482,cassette player,webp,77,482,cassette player,0.3410479724407196,True,16305,11352,1.4363107822410148,38.44950968100725,0.9714720233244454
imagenette,data/imagenette2-320/val/n02979186/n02979186_2632.JPEG,n02979186,482,cassette player,webp,77,632,loudspeaker,0.37631386518478394,False,12368,5584,2.2148997134670485,41.43200053582616,0.9936155285470104
imagenette,data/imagenette2-320/val/n02979186/n02979186_2642.JPEG,n02979186,482,cassette player,webp,77,482,cassette player,0.2892177402973175,True,18330,10700,1.7130841121495326,38.45926308139415,0.9601373027851398
imagenette,data/imagenette2-320/val/n02979186/n02979186_26451.JPEG,n02979186,482,cassette player,webp,77,848,tape player,0.22443749010562897,False,23494,14964,1.570034750066827,37.80456504213896,0.9725922604538945
imagenette,data/imagenette2-320/val/n02979186/n02979186_26590.JPEG,n02979186,482,cassette player,webp,77,481,cassette,0.17331111431121826,False,15673,10164,1.5420110192837466,37.62300574470271,0.9698190999463289
imagenette,data/imagenette2-320/val/n02979186/n02979186_26802.JPEG,n02979186,482,cassette player,webp,77,482,cassette player,0.6320490837097168,True,10921,6366,1.7155199497329563,39.49573175416529,0.9777343262198875
imagenette,data/imagenette2-320/val/n02979186/n02979186_26820.JPEG,n02979186,482,cassette player,webp,77,662,modem,0.4049939513206482,False,17001,10920,1.5568681318681319,38.29022098743601,0.9541434742472273
imagenette,data/imagenette2-320/val/n02979186/n02979186_26822.JPEG,n02979186,482,cassette player,webp,77,481,cassette,0.18481411039829254,False,24955,19434,1.2840897396315736,37.32420137000917,0.9752963053005131
imagenette,data/imagenette2-320/val/n02979186/n02979186_2702.JPEG,n02979186,482,cassette player,webp,77,844,switch,0.4778972566127777,False,30473,18588,1.6393910049494298,38.559367172574646,0.9702931742908648
imagenette,data/imagenette2-320/val/n02979186/n02979186_271.JPEG,n02979186,482,cassette player,webp,77,848,tape player,0.12961488962173462,False,46097,42376,1.0878091372474985,34.82299382317088,0.9745413503983422
imagenette,data/imagenette2-320/val/n02979186/n02979186_27110.JPEG,n02979186,482,cassette player,webp,77,848,tape player,0.1819450855255127,False,23145,15642,1.4796701189106252,36.839577998522415,0.9479923510638814
imagenette,data/imagenette2-320/val/n02979186/n02979186_27252.JPEG,n02979186,482,cassette player,webp,77,848,tape player,0.16901741921901703,False,22899,13854,1.6528800346470334,37.89361196701451,0.9622502723450078
imagenette,data/imagenette2-320/val/n02979186/n02979186_27262.JPEG,n02979186,482,cassette player,webp,77,482,cassette player,0.22876790165901184,True,19137,12388,1.5448014207297385,34.055065690763556,0.9218465653085621
imagenette,data/imagenette2-320/val/n02979186/n02979186_27322.JPEG,n02979186,482,cassette player,webp,77,482,cassette player,0.6113261580467224,True,8634,5000,1.7268,41.04514516476102,0.9838927164583294
imagenette,data/imagenette2-320/val/n02979186/n02979186_27392.JPEG,n02979186,482,cassette player,webp,77,848,tape player,0.25829005241394043,False,15750,7766,2.0280710790625807,40.46781797365118,0.9809526764851499
imagenette,data/imagenette2-320/val/n02979186/n02979186_2742.JPEG,n02979186,482,cassette player,webp,77,482,cassette player,0.19016660749912262,True,21324,13664,1.5605971896955504,37.09592496298349,0.9676708466224394
imagenette,data/imagenette2-320/val/n02979186/n02979186_27471.JPEG,n02979186,482,cassette player,webp,77,482,cassette player,0.15312816202640533,True,14830,9326,1.590177996997641,37.118529106647536,0.965203858585177
imagenette,data/imagenette2-320/val/n02979186/n02979186_27481.JPEG,n02979186,482,cassette player,webp,77,482,cassette player,0.11676199734210968,True,16730,10358,1.6151766750337904,38.112648979481264,0.9711825181014273
imagenette,data/imagenette2-320/val/n02979186/n02979186_27582.JPEG,n02979186,482,cassette player,webp,77,848,tape player,0.2852875292301178,False,21907,11882,1.843713179599394,38.823122712087645,0.9487646335394894
imagenette,data/imagenette2-320/val/n02979186/n02979186_27632.JPEG,n02979186,482,cassette player,webp,77,482,cassette player,0.3902375102043152,True,15926,9108,1.7485726833552921,38.51335460218338,0.9695814355128946
imagenette,data/imagenette2-320/val/n02979186/n02979186_2772.JPEG,n02979186,482,cassette player,webp,77,848,tape player,0.221479594707489,False,31225,21822,1.4308954266336724,37.89483159358606,0.9681970573640702
imagenette,data/imagenette2-320/val/n02979186/n02979186_280.JPEG,n02979186,482,cassette player,webp,77,482,cassette player,0.3645346462726593,True,14719,9210,1.5981541802388708,39.01560020192801,0.9801048135711724
imagenette,data/imagenette2-320/val/n02979186/n02979186_2810.JPEG,n02979186,482,cassette player,webp,77,482,cassette player,0.26361826062202454,True,16124,8594,1.876192692576216,38.456024010822986,0.969079393816996
imagenette,data/imagenette2-320/val/n02979186/n02979186_2830.JPEG,n02979186,482,cassette player,webp,77,848,tape player,0.12300974130630493,False,21909,15514,1.412208327961841,36.129273778306285,0.948711529125878
imagenette,data/imagenette2-320/val/n02979186/n02979186_2841.JPEG,n02979186,482,cassette player,webp,77,745,projector,0.1642155647277832,False,11304,7662,1.4753328112764292,40.040061186893574,0.981758754799588
imagenette,data/imagenette2-320/val/n02979186/n02979186_2842.JPEG,n02979186,482,cassette player,webp,77,482,cassette player,0.4713412821292877,True,11811,6638,1.7793009942753841,39.181862123564215,0.981408547704642
imagenette,data/imagenette2-320/val/n02979186/n02979186_2902.JPEG,n02979186,482,cassette player,webp,77,482,cassette player,0.17435277998447418,True,60251,61158,0.985169560809706,34.35962771366332,0.991699727463114
imagenette,data/imagenette2-320/val/n02979186/n02979186_2981.JPEG,n02979186,482,cassette player,webp,77,482,cassette player,0.488359272480011,True,9104,4290,2.1221445221445223,40.673617366862345,0.9753884737296313
imagenette,data/imagenette2-320/val/n02979186/n02979186_3010.JPEG,n02979186,482,cassette player,webp,77,482,cassette player,0.3125586211681366,True,11440,6238,1.8339211285668484,39.49312504146401,0.9715410700015984
imagenette,data/imagenette2-320/val/n02979186/n02979186_3102.JPEG,n02979186,482,cassette player,webp,77,674,mousetrap,0.13085366785526276,False,13023,6474,2.0115848007414274,39.92321711874483,0.9765903170785918
imagenette,data/imagenette2-320/val/n02979186/n02979186_3161.JPEG,n02979186,482,cassette player,webp,77,481,cassette,0.20002876222133636,False,24637,17774,1.3861258017328681,36.76667790466665,0.9642386352169177
imagenette,data/imagenette2-320/val/n02979186/n02979186_3182.JPEG,n02979186,482,cassette player,webp,77,485,CD player,0.55408775806427,False,59522,34486,1.7259757582787218,36.8094275453346,0.9790630399788371
imagenette,data/imagenette2-320/val/n02979186/n02979186_3200.JPEG,n02979186,482,cassette player,webp,77,848,tape player,0.2768760025501251,False,26091,19174,1.360748930843851,36.73649524881133,0.9581094214009501
imagenette,data/imagenette2-320/val/n02979186/n02979186_3211.JPEG,n02979186,482,cassette player,webp,77,848,tape player,0.23678262531757355,False,19450,12280,1.5838762214983713,37.150881940790455,0.9464845230483254
imagenette,data/imagenette2-320/val/n02979186/n02979186_3260.JPEG,n02979186,482,cassette player,webp,77,481,cassette,0.31837689876556396,False,24527,18314,1.3392486622256197,36.97796531383415,0.9641607158426219
imagenette,data/imagenette2-320/val/n02979186/n02979186_3321.JPEG,n02979186,482,cassette player,webp,77,482,cassette player,0.20443923771381378,True,20498,15726,1.3034465216838358,37.723439734052974,0.9744261974455385
imagenette,data/imagenette2-320/val/n02979186/n02979186_3371.JPEG,n02979186,482,cassette player,webp,77,482,cassette player,0.21788640320301056,True,16825,8892,1.8921502474134053,39.3026163208718,0.9715863337026618
imagenette,data/imagenette2-320/val/n02979186/n02979186_3372.JPEG,n02979186,482,cassette player,webp,77,851,television,0.20897230505943298,False,25856,18752,1.378839590443686,36.59060155970832,0.9577822503260803
imagenette,data/imagenette2-320/val/n02979186/n02979186_3462.JPEG,n02979186,482,cassette player,webp,77,482,cassette player,0.5566304326057434,True,7274,2792,2.605300859598854,42.49850031906581,0.981829742441887
imagenette,data/imagenette2-320/val/n02979186/n02979186_3472.JPEG,n02979186,482,cassette player,webp,77,491,chain saw,0.10811999440193176,False,14007,8062,1.7374100719424461,37.63596269372796,0.9593012250054738
imagenette,data/imagenette2-320/val/n02979186/n02979186_351.JPEG,n02979186,482,cassette player,webp,77,656,minivan,0.20460791885852814,False,16553,10156,1.629873966128397,39.00317818204955,0.9722885295134297
imagenette,data/imagenette2-320/val/n02979186/n02979186_3530.JPEG,n02979186,482,cassette player,webp,77,482,cassette player,0.17213068902492523,True,30560,23294,1.3119258178071607,35.83092446826329,0.9451397234394951
imagenette,data/imagenette2-320/val/n02979186/n02979186_3620.JPEG,n02979186,482,cassette player,webp,77,482,cassette player,0.3693510890007019,True,18279,13264,1.3780910735826297,39.04091400443618,0.9689273074295924
imagenette,data/imagenette2-320/val/n02979186/n02979186_3672.JPEG,n02979186,482,cassette player,webp,77,482,cassette player,0.18282517790794373,True,15355,8668,1.7714582371942778,39.261827001530335,0.967838147818957
imagenette,data/imagenette2-320/val/n02979186/n02979186_3772.JPEG,n02979186,482,cassette player,webp,77,482,cassette player,0.6789923906326294,True,13549,6282,2.1567971983444765,41.85346450575472,0.9784682301111314
imagenette,data/imagenette2-320/val/n02979186/n02979186_3902.JPEG,n02979186,482,cassette player,webp,77,548,entertainment center,0.27496153116226196,False,23400,15464,1.5131919296430418,36.64981654591043,0.9665497525898793
imagenette,data/imagenette2-320/val/n02979186/n02979186_40.JPEG,n02979186,482,cassette player,webp,77,848,tape player,0.187077596783638,False,23251,15320,1.5176892950391645,37.13603783374688,0.9685315688355178
imagenette,data/imagenette2-320/val/n02979186/n02979186_4001.JPEG,n02979186,482,cassette player,webp,77,848,tape player,0.24177804589271545,False,37507,18288,2.0509076990376203,39.32952942592426,0.9643695347895861
imagenette,data/imagenette2-320/val/n02979186/n02979186_4032.JPEG,n02979186,482,cassette player,webp,77,848,tape player,0.508325457572937,False,26776,19534,1.3707382000614314,35.879107138067916,0.9523066197455997
imagenette,data/imagenette2-320/val/n02979186/n02979186_4090.JPEG,n02979186,482,cassette player,webp,77,632,loudspeaker,0.281703382730484,False,7192,2892,2.4868603042876902,43.593649672471095,0.9909300387772895
imagenette,data/imagenette2-320/val/n02979186/n02979186_4230.JPEG,n02979186,482,cassette player,webp,77,848,tape player,0.278592586517334,False,22371,15588,1.435142417244034,36.793388705986004,0.9492426311132985
imagenette,data/imagenette2-320/val/n02979186/n02979186_4281.JPEG,n02979186,482,cassette player,webp,77,482,cassette player,0.4682837724685669,True,8265,3574,2.312534974818131,41.44479709062999,0.9834489125745738
imagenette,data/imagenette2-320/val/n02979186/n02979186_4341.JPEG,n02979186,482,cassette player,webp,77,633,loupe,0.09199820458889008,False,20931,15152,1.3814017951425555,37.32019686636564,0.963968711045705
imagenette,data/imagenette2-320/val/n02979186/n02979186_4361.JPEG,n02979186,482,cassette player,webp,77,482,cassette player,0.5085137486457825,True,10759,5566,1.9329859863456702,40.51582476436085,0.9733819728106813
imagenette,data/imagenette2-320/val/n02979186/n02979186_442.JPEG,n02979186,482,cassette player,webp,77,485,CD player,0.20138408243656158,False,23906,12464,1.9180038510911426,40.13936634651372,0.9602061655478121
imagenette,data/imagenette2-320/val/n02979186/n02979186_4511.JPEG,n02979186,482,cassette player,webp,77,848,tape player,0.19606754183769226,False,18092,10806,1.674255043494355,38.10583160835772,0.9590711956395287
imagenette,data/imagenette2-320/val/n02979186/n02979186_4552.JPEG,n02979186,482,cassette player,webp,77,482,cassette player,0.29230087995529175,True,12294,6490,1.8942989214175654,39.15230889466561,0.9829877583092267
imagenette,data/imagenette2-320/val/n02979186/n02979186_4690.JPEG,n02979186,482,cassette player,webp,77,848,tape player,0.3125491440296173,False,23379,16152,1.4474368499257058,36.41090558505812,0.9590071500235696
imagenette,data/imagenette2-320/val/n02979186/n02979186_4691.JPEG,n02979186,482,cassette player,webp,77,848,tape player,0.2920013666152954,False,34834,30330,1.1484998351467195,34.71127315142201,0.9602879962116987
imagenette,data/imagenette2-320/val/n02979186/n02979186_4720.JPEG,n02979186,482,cassette player,webp,77,482,cassette player,0.6155943274497986,True,7542,2764,2.728654124457308,42.70248047652929,0.9847891245452272
imagenette,data/imagenette2-320/val/n02979186/n02979186_4780.JPEG,n02979186,482,cassette player,webp,77,482,cassette player,0.16164572536945343,True,18417,11022,1.670930865541644,38.71775340370276,0.9629183915942519
imagenette,data/imagenette2-320/val/n02979186/n02979186_482.JPEG,n02979186,482,cassette player,webp,77,482,cassette player,0.40217211842536926,True,12286,7032,1.7471558589306029,38.49909014290444,0.9662176781590227
imagenette,data/imagenette2-320/val/n02979186/n02979186_4830.JPEG,n02979186,482,cassette player,webp,77,916,web site,0.5512442588806152,False,23551,15244,1.5449357124114407,37.815428948676676,0.9748236576906946
imagenette,data/imagenette2-320/val/n02979186/n02979186_4852.JPEG,n02979186,482,cassette player,webp,77,482,cassette player,0.2598056197166443,True,35847,31568,1.1355486568677142,35.62439551032448,0.9679667729985114
imagenette,data/imagenette2-320/val/n02979186/n02979186_491.JPEG,n02979186,482,cassette player,webp,77,482,cassette player,0.31335747241973877,True,21251,11098,1.914849522436475,39.35973564443994,0.9636728323423056
imagenette,data/imagenette2-320/val/n02979186/n02979186_4971.JPEG,n02979186,482,cassette player,webp,77,848,tape player,0.18620918691158295,False,15452,8000,1.9315,39.468167176088336,0.9680356066685585
imagenette,data/imagenette2-320/val/n02979186/n02979186_5031.JPEG,n02979186,482,cassette player,webp,77,482,cassette player,0.5078422427177429,True,10840,5064,2.140600315955766,40.586262580050374,0.9855161774062959
imagenette,data/imagenette2-320/val/n02979186/n02979186_510.JPEG,n02979186,482,cassette player,webp,77,401,accordion,0.05504857376217842,False,29689,23292,1.274643654473639,36.258005070967776,0.9653740063684316
imagenette,data/imagenette2-320/val/n02979186/n02979186_5162.JPEG,n02979186,482,cassette player,webp,77,848,tape player,0.27051588892936707,False,27678,22190,1.2473186119873818,36.01387854471342,0.9525953606851626
imagenette,data/imagenette2-320/val/n02979186/n02979186_5280.JPEG,n02979186,482,cassette player,webp,77,548,entertainment center,0.16756671667099,False,16692,9982,1.6722099779603286,38.4423570115959,0.95542910518505
imagenette,data/imagenette2-320/val/n02979186/n02979186_5321.JPEG,n02979186,482,cassette player,webp,77,482,cassette player,0.5581954717636108,True,27128,12156,2.2316551497203028,40.61465138794195,0.9786876953799886
imagenette,data/imagenette2-320/val/n02979186/n02979186_5392.JPEG,n02979186,482,cassette player,webp,77,481,cassette,0.23646850883960724,False,22945,15644,1.4666964970595755,37.31285838510295,0.9711672645700777
imagenette,data/imagenette2-320/val/n02979186/n02979186_5411.JPEG,n02979186,482,cassette player,webp,77,530,digital clock,0.49920809268951416,False,11447,6192,1.8486757105943152,39.86845413098243,0.975253608561919
imagenette,data/imagenette2-320/val/n02979186/n02979186_5460.JPEG,n02979186,482,cassette player,webp,77,848,tape player,0.1717793196439743,False,15962,8260,1.9324455205811137,39.55153021881104,0.9823792497576802
imagenette,data/imagenette2-320/val/n02979186/n02979186_5481.JPEG,n02979186,482,cassette player,webp,77,481,cassette,0.28576624393463135,False,23409,17388,1.3462732919254659,37.309920206887554,0.9812440849011651
imagenette,data/imagenette2-320/val/n02979186/n02979186_560.JPEG,n02979186,482,cassette player,webp,77,848,tape player,0.23481357097625732,False,22962,17168,1.3374883504193849,37.281784503624806,0.9712120191845214
imagenette,data/imagenette2-320/val/n02979186/n02979186_5612.JPEG,n02979186,482,cassette player,webp,77,482,cassette player,0.6884971261024475,True,11261,6342,1.7756228319142227,39.868308094763385,0.9768789546957475
imagenette,data/imagenette2-320/val/n02979186/n02979186_562.JPEG,n02979186,482,cassette player,webp,77,482,cassette player,0.23951493203639984,True,12661,6020,2.103156146179402,40.85925156455703,0.9724481801883256
imagenette,data/imagenette2-320/val/n02979186/n02979186_5622.JPEG,n02979186,482,cassette player,webp,77,481,cassette,0.10054182261228561,False,21892,14060,1.5570412517780938,37.80009443645094,0.960082141473324
imagenette,data/imagenette2-320/val/n02979186/n02979186_5772.JPEG,n02979186,482,cassette player,webp,77,482,cassette player,0.23472566902637482,True,13821,7646,1.8076118231755167,40.28926876409051,0.9801422097715035
imagenette,data/imagenette2-320/val/n02979186/n02979186_5781.JPEG,n02979186,482,cassette player,webp,77,482,cassette player,0.3196456730365753,True,12564,7300,1.721095890410959,40.05940420483096,0.9833744952877224
imagenette,data/imagenette2-320/val/n02979186/n02979186_5792.JPEG,n02979186,482,cassette player,webp,77,482,cassette player,0.13488256931304932,True,21781,15088,1.4435975609756098,37.63721618433158,0.9836364582403062
imagenette,data/imagenette2-320/val/n02979186/n02979186_5822.JPEG,n02979186,482,cassette player,webp,77,482,cassette player,0.5166424512863159,True,15748,8240,1.9111650485436893,39.14334844100602,0.975572195284891
imagenette,data/imagenette2-320/val/n02979186/n02979186_5841.JPEG,n02979186,482,cassette player,webp,77,482,cassette player,0.13247203826904297,True,28162,22578,1.24732040038976,36.67058988263386,0.9717119096329762
imagenette,data/imagenette2-320/val/n02979186/n02979186_5932.JPEG,n02979186,482,cassette player,webp,77,485,CD player,0.19134801626205444,False,30433,22440,1.3561942959001783,38.112629498443,0.9696679360324847
imagenette,data/imagenette2-320/val/n02979186/n02979186_5962.JPEG,n02979186,482,cassette player,webp,77,482,cassette player,0.41604286432266235,True,15562,9636,1.6149854711498548,38.78201393160558,0.9675642754440399
imagenette,data/imagenette2-320/val/n02979186/n02979186_5970.JPEG,n02979186,482,cassette player,webp,77,482,cassette player,0.40289226174354553,True,14389,7712,1.8657935684647302,39.638792731203004,0.9788897746713863
imagenette,data/imagenette2-320/val/n02979186/n02979186_5980.JPEG,n02979186,482,cassette player,webp,77,482,cassette player,0.22376084327697754,True,14500,8174,1.773917298752141,39.64988261076705,0.9736728446834628
imagenette,data/imagenette2-320/val/n02979186/n02979186_600.JPEG,n02979186,482,cassette player,webp,77,848,tape player,0.27877718210220337,False,19992,11770,1.6985556499575192,40.17717554991434,0.977064839538811
imagenette,data/imagenette2-320/val/n02979186/n02979186_6012.JPEG,n02979186,482,cassette player,webp,77,482,cassette player,0.17915214598178864,True,14384,9340,1.5400428265524626,38.04634755500498,0.9659506318588006
imagenette,data/imagenette2-320/val/n02979186/n02979186_6122.JPEG,n02979186,482,cassette player,webp,77,482,cassette player,0.2982237637042999,True,16417,10634,1.5438217039684032,38.717458570735616,0.9709061446897902
imagenette,data/imagenette2-320/val/n02979186/n02979186_6172.JPEG,n02979186,482,cassette player,webp,77,848,tape player,0.3175865113735199,False,32192,26170,1.2301108139090562,35.125625262841275,0.9639124782289746
imagenette,data/imagenette2-320/val/n02979186/n02979186_6181.JPEG,n02979186,482,cassette player,webp,77,848,tape player,0.28957486152648926,False,13092,7902,1.656795747911921,39.1723653227902,0.9720409180041393
imagenette,data/imagenette2-320/val/n02979186/n02979186_6271.JPEG,n02979186,482,cassette player,webp,77,482,cassette player,0.6269087791442871,True,9173,4616,1.9872183708838822,40.73897285436082,0.9756705108502916
imagenette,data/imagenette2-320/val/n02979186/n02979186_6390.JPEG,n02979186,482,cassette player,webp,77,485,CD player,0.20131221413612366,False,26182,18952,1.381490080202617,37.9228700124106,0.9731768820227914
imagenette,data/imagenette2-320/val/n02979186/n02979186_6470.JPEG,n02979186,482,cassette player,webp,77,482,cassette player,0.426798552274704,True,13540,7608,1.7797055730809674,39.36532527248546,0.9875312381267142
imagenette,data/imagenette2-320/val/n02979186/n02979186_6520.JPEG,n02979186,482,cassette player,webp,77,482,cassette player,0.347152441740036,True,18648,11004,1.6946564885496183,38.4500525497532,0.9633459852918561
imagenette,data/imagenette2-320/val/n02979186/n02979186_6531.JPEG,n02979186,482,cassette player,webp,77,848,tape player,0.24239255487918854,False,29766,23300,1.2775107296137338,36.41970478654811,0.9463279169965504
imagenette,data/imagenette2-320/val/n02979186/n02979186_6712.JPEG,n02979186,482,cassette player,webp,77,848,tape player,0.22398987412452698,False,32243,27122,1.1888135093282206,35.7550840334225,0.9724597826410281
imagenette,data/imagenette2-320/val/n02979186/n02979186_6851.JPEG,n02979186,482,cassette player,webp,77,848,tape player,0.23244115710258484,False,17270,11516,1.4996526571726294,38.36739487580246,0.9619276888899216
imagenette,data/imagenette2-320/val/n02979186/n02979186_6882.JPEG,n02979186,482,cassette player,webp,77,482,cassette player,0.28956735134124756,True,17559,11458,1.532466399022517,37.987812774547805,0.9708212575710782
imagenette,data/imagenette2-320/val/n02979186/n02979186_6992.JPEG,n02979186,482,cassette player,webp,77,482,cassette player,0.778328001499176,True,11807,6472,1.8243201483312732,39.8079971918358,0.9750589964303696
imagenette,data/imagenette2-320/val/n02979186/n02979186_70.JPEG,n02979186,482,cassette player,webp,77,485,CD player,0.2559109032154083,False,14605,9212,1.585432045158489,38.343618936913245,0.9618303550207928
imagenette,data/imagenette2-320/val/n02979186/n02979186_7060.JPEG,n02979186,482,cassette player,webp,77,482,cassette player,0.3398888111114502,True,11434,6718,1.7019946412622804,39.53680125502082,0.9797455070754367
imagenette,data/imagenette2-320/val/n02979186/n02979186_7150.JPEG,n02979186,482,cassette player,webp,77,482,cassette player,0.6549023985862732,True,16527,10252,1.6120756925477955,37.65640093683196,0.9714896986759296
imagenette,data/imagenette2-320/val/n02979186/n02979186_731.JPEG,n02979186,482,cassette player,webp,77,482,cassette player,0.7182698845863342,True,14266,7604,1.8761178327196213,39.04779731271245,0.9761751142688612
imagenette,data/imagenette2-320/val/n02979186/n02979186_7362.JPEG,n02979186,482,cassette player,webp,77,482,cassette player,0.5508430004119873,True,12910,7338,1.7593349686563096,39.06635357572548,0.9777146575316177
imagenette,data/imagenette2-320/val/n02979186/n02979186_7371.JPEG,n02979186,482,cassette player,webp,77,848,tape player,0.11822564899921417,False,25589,16652,1.5366922892145087,38.74581084730565,0.9672397311754848
imagenette,data/imagenette2-320/val/n02979186/n02979186_7440.JPEG,n02979186,482,cassette player,webp,77,848,tape player,0.18680450320243835,False,30262,21300,1.4207511737089202,36.956166786092595,0.9618541657875282
imagenette,data/imagenette2-320/val/n02979186/n02979186_7492.JPEG,n02979186,482,cassette player,webp,77,848,tape player,0.19753600656986237,False,15260,10468,1.457776079480321,37.97436170862207,0.9827722509857436
imagenette,data/imagenette2-320/val/n02979186/n02979186_7531.JPEG,n02979186,482,cassette player,webp,77,848,tape player,0.3120603859424591,False,16347,8730,1.872508591065292,38.86376373145883,0.97195262227911
imagenette,data/imagenette2-320/val/n02979186/n02979186_7672.JPEG,n02979186,482,cassette player,webp,77,482,cassette player,0.2584621012210846,True,16325,9372,1.7418907383696116,39.4979096068954,0.9628192869457601
imagenette,data/imagenette2-320/val/n02979186/n02979186_7712.JPEG,n02979186,482,cassette player,webp,77,481,cassette,0.21139228343963623,False,19227,11012,1.7460043588812204,38.45848314795455,0.9679392724322646
imagenette,data/imagenette2-320/val/n02979186/n02979186_7820.JPEG,n02979186,482,cassette player,webp,77,482,cassette player,0.34427252411842346,True,14980,7876,1.9019807008633824,39.992957809999375,0.9718623771087946
imagenette,data/imagenette2-320/val/n02979186/n02979186_8092.JPEG,n02979186,482,cassette player,webp,77,485,CD player,0.20562772452831268,False,23509,15758,1.49187714176926,38.699228735323985,0.9722781117077619
imagenette,data/imagenette2-320/val/n02979186/n02979186_811.JPEG,n02979186,482,cassette player,webp,77,482,cassette player,0.4357941150665283,True,22919,11826,1.9380179266024016,40.51332223877071,0.9857797728123221
imagenette,data/imagenette2-320/val/n02979186/n02979186_8122.JPEG,n02979186,482,cassette player,webp,77,482,cassette player,0.3420378267765045,True,12984,6506,1.9956962803565939,40.47083995290641,0.9801405270188376
imagenette,data/imagenette2-320/val/n02979186/n02979186_8211.JPEG,n02979186,482,cassette player,webp,77,482,cassette player,0.29745206236839294,True,23991,17994,1.3332777592530844,37.29460194895948,0.9708325157702248
imagenette,data/imagenette2-320/val/n02979186/n02979186_8570.JPEG,n02979186,482,cassette player,webp,77,485,CD player,0.1830311268568039,False,15238,7988,1.9076114171256886,39.52385100659039,0.9710740593915256
imagenette,data/imagenette2-320/val/n02979186/n02979186_872.JPEG,n02979186,482,cassette player,webp,77,485,CD player,0.350961297750473,False,19510,12642,1.5432684701787691,38.32142923758331,0.9536818021116774
imagenette,data/imagenette2-320/val/n02979186/n02979186_8751.JPEG,n02979186,482,cassette player,webp,77,482,cassette player,0.2699621021747589,True,22948,13390,1.713816280806572,38.269206122250175,0.9655777555843871
imagenette,data/imagenette2-320/val/n02979186/n02979186_8861.JPEG,n02979186,482,cassette player,webp,77,707,pay-phone,0.2706037759780884,False,37559,33296,1.1280333974050938,35.71552537841731,0.9708116188856915
imagenette,data/imagenette2-320/val/n02979186/n02979186_8971.JPEG,n02979186,482,cassette player,webp,77,482,cassette player,0.40544530749320984,True,9695,5308,1.826488319517709,40.102768037897896,0.9802275628707356
imagenette,data/imagenette2-320/val/n02979186/n02979186_9011.JPEG,n02979186,482,cassette player,webp,77,848,tape player,0.3251325488090515,False,32884,24698,1.331443841606608,35.95021846853352,0.9314182213138488
imagenette,data/imagenette2-320/val/n02979186/n02979186_9041.JPEG,n02979186,482,cassette player,webp,77,482,cassette player,0.5615665316581726,True,11328,5888,1.923913043478261,40.13679676419678,0.9763713056545088
imagenette,data/imagenette2-320/val/n02979186/n02979186_9112.JPEG,n02979186,482,cassette player,webp,77,848,tape player,0.23333555459976196,False,24371,19412,1.255460539872244,36.911349028047404,0.9643550010978988
imagenette,data/imagenette2-320/val/n02979186/n02979186_9131.JPEG,n02979186,482,cassette player,webp,77,485,CD player,0.24019204080104828,False,31646,11866,2.6669475813247936,40.31806945081867,0.9803655870953816
imagenette,data/imagenette2-320/val/n02979186/n02979186_9232.JPEG,n02979186,482,cassette player,webp,77,848,tape player,0.40015938878059387,False,21462,17006,1.2620251675879102,37.4240913119831,0.9752332462863421
imagenette,data/imagenette2-320/val/n02979186/n02979186_930.JPEG,n02979186,482,cassette player,webp,77,848,tape player,0.3369545340538025,False,15762,8610,1.8306620209059234,39.01200823542049,0.9607086650805771
imagenette,data/imagenette2-320/val/n02979186/n02979186_931.JPEG,n02979186,482,cassette player,webp,77,482,cassette player,0.2613725960254669,True,10175,4756,2.1394028595458368,41.19571720927318,0.9763845993583008
imagenette,data/imagenette2-320/val/n02979186/n02979186_9371.JPEG,n02979186,482,cassette player,webp,77,848,tape player,0.11942141503095627,False,13732,8726,1.5736878294751317,39.948646307552636,0.9800949995100741
imagenette,data/imagenette2-320/val/n02979186/n02979186_9411.JPEG,n02979186,482,cassette player,webp,77,482,cassette player,0.440725177526474,True,12560,6322,1.9867130654856058,39.81896959382665,0.9768205140922358
imagenette,data/imagenette2-320/val/n02979186/n02979186_9431.JPEG,n02979186,482,cassette player,webp,77,482,cassette player,0.15421618521213531,True,29773,24616,1.2094978875528113,35.92593718856115,0.9669037974734209
imagenette,data/imagenette2-320/val/n02979186/n02979186_9450.JPEG,n02979186,482,cassette player,webp,77,482,cassette player,0.27604231238365173,True,33042,26458,1.2488472295713962,34.90976810293948,0.9364670516714333
imagenette,data/imagenette2-320/val/n02979186/n02979186_9470.JPEG,n02979186,482,cassette player,webp,77,848,tape player,0.21287067234516144,False,21938,14380,1.5255910987482615,37.32749309007349,0.945046872547635
imagenette,data/imagenette2-320/val/n02979186/n02979186_960.JPEG,n02979186,482,cassette player,webp,77,605,iPod,0.2161322683095932,False,12185,6702,1.8181139958221426,41.01884593931699,0.9815802127422417
imagenette,data/imagenette2-320/val/n02979186/n02979186_9651.JPEG,n02979186,482,cassette player,webp,77,482,cassette player,0.1546296924352646,True,18863,12442,1.5160745860794085,37.54315313591813,0.9422034618624516
imagenette,data/imagenette2-320/val/n02979186/n02979186_9740.JPEG,n02979186,482,cassette player,webp,77,482,cassette player,0.3082505464553833,True,18181,13138,1.383848378748668,36.47923108462992,0.9559473388084821
imagenette,data/imagenette2-320/val/n02979186/n02979186_9790.JPEG,n02979186,482,cassette player,webp,77,662,modem,0.20489084720611572,False,15649,9106,1.718537228201186,38.24213548047603,0.9529613496402379
imagenette,data/imagenette2-320/val/n02979186/n02979186_9811.JPEG,n02979186,482,cassette player,webp,77,481,cassette,0.2342655509710312,False,25615,19270,1.329268292682927,36.089629003471316,0.9395195949219498
imagenette,data/imagenette2-320/val/n02979186/n02979186_9910.JPEG,n02979186,482,cassette player,webp,77,482,cassette player,0.24507656693458557,True,17224,10458,1.6469688276917192,39.174863426410326,0.9733076101643672
imagenette,data/imagenette2-320/val/n03000684/ILSVRC2012_val_00004262.JPEG,n03000684,491,chain saw,webp,77,491,chain saw,0.4742753207683563,True,43321,40760,1.0628312070657506,34.610139190144274,0.9852862125018443
imagenette,data/imagenette2-320/val/n03000684/ILSVRC2012_val_00007460.JPEG,n03000684,491,chain saw,webp,77,491,chain saw,0.33962714672088623,True,26869,15270,1.7595939751146037,39.715569381064164,0.9855731678921154
imagenette,data/imagenette2-320/val/n03000684/ILSVRC2012_val_00011170.JPEG,n03000684,491,chain saw,webp,77,491,chain saw,0.45877790451049805,True,47010,47164,0.99673479772708,34.546225862707495,0.9814513897501067
imagenette,data/imagenette2-320/val/n03000684/ILSVRC2012_val_00011951.JPEG,n03000684,491,chain saw,webp,77,491,chain saw,0.17376708984375,True,17629,11384,1.5485769501054112,37.801810760998784,0.9758539201904668
imagenette,data/imagenette2-320/val/n03000684/ILSVRC2012_val_00017801.JPEG,n03000684,491,chain saw,webp,77,491,chain saw,0.8059656620025635,True,51011,49986,1.0205057416076502,34.27062395009689,0.9845229967404133
imagenette,data/imagenette2-320/val/n03000684/ILSVRC2012_val_00024480.JPEG,n03000684,491,chain saw,webp,77,491,chain saw,0.47280779480934143,True,17057,12138,1.4052562201351129,37.53080887595508,0.9764852998235888
imagenette,data/imagenette2-320/val/n03000684/ILSVRC2012_val_00025890.JPEG,n03000684,491,chain saw,webp,77,491,chain saw,0.3192135691642761,True,20342,15764,1.2904085257548845,35.9753608020831,0.9476068372272136
imagenette,data/imagenette2-320/val/n03000684/ILSVRC2012_val_00026061.JPEG,n03000684,491,chain saw,webp,77,491,chain saw,0.2515963017940521,True,20985,14490,1.44824016563147,36.92930289546541,0.9769681035807309
imagenette,data/imagenette2-320/val/n03000684/ILSVRC2012_val_00029211.JPEG,n03000684,491,chain saw,webp,77,491,chain saw,0.2675057649612427,True,32867,30840,1.0657263294422827,35.48229584074627,0.9623630936418208
imagenette,data/imagenette2-320/val/n03000684/ILSVRC2012_val_00036092.JPEG,n03000684,491,chain saw,webp,77,491,chain saw,0.5344760417938232,True,51522,51862,0.9934441402182715,34.24680421748058,0.986610653828217
imagenette,data/imagenette2-320/val/n03000684/ILSVRC2012_val_00045501.JPEG,n03000684,491,chain saw,webp,77,491,chain saw,0.3200879991054535,True,21779,12090,1.8014061207609595,38.55072074403837,0.950842775651059
imagenette,data/imagenette2-320/val/n03000684/ILSVRC2012_val_00045940.JPEG,n03000684,491,chain saw,webp,77,491,chain saw,0.48149070143699646,True,21468,14222,1.5094923358177472,36.58456040484082,0.9464098920607334
imagenette,data/imagenette2-320/val/n03000684/ILSVRC2012_val_00046651.JPEG,n03000684,491,chain saw,webp,77,491,chain saw,0.20350176095962524,True,41173,37446,1.0995299898520536,35.37899122964687,0.9782174485419225
imagenette,data/imagenette2-320/val/n03000684/ILSVRC2012_val_00047060.JPEG,n03000684,491,chain saw,webp,77,634,lumbermill,0.08951316028833389,False,36129,32760,1.102838827838828,35.41041432901925,0.9599801012135963
imagenette,data/imagenette2-320/val/n03000684/n03000684_1000.JPEG,n03000684,491,chain saw,webp,77,491,chain saw,0.18431183695793152,True,25215,18424,1.3685953104646114,36.83496895176781,0.9542361626893262
imagenette,data/imagenette2-320/val/n03000684/n03000684_1011.JPEG,n03000684,491,chain saw,webp,77,491,chain saw,0.2831296920776367,True,43274,40012,1.081525542337299,34.10873249186784,0.9792587856364833
imagenette,data/imagenette2-320/val/n03000684/n03000684_10131.JPEG,n03000684,491,chain saw,webp,77,491,chain saw,0.5326177477836609,True,22974,17214,1.3346113628441967,36.653014818900516,0.9631191724362312
imagenette,data/imagenette2-320/val/n03000684/n03000684_10132.JPEG,n03000684,491,chain saw,webp,77,491,chain saw,0.5207924246788025,True,34460,31148,1.1063310645948377,35.25059946498145,0.9665332642425041
imagenette,data/imagenette2-320/val/n03000684/n03000684_10200.JPEG,n03000684,491,chain saw,webp,77,491,chain saw,0.2396855503320694,True,25421,18410,1.380825638240087,37.35856177886656,0.9597768388045869
imagenette,data/imagenette2-320/val/n03000684/n03000684_10212.JPEG,n03000684,491,chain saw,webp,77,491,chain saw,0.34021151065826416,True,24423,16586,1.4725069335584227,36.74511526239149,0.9398124136632714
imagenette,data/imagenette2-320/val/n03000684/n03000684_10302.JPEG,n03000684,491,chain saw,webp,77,491,chain saw,0.6067506074905396,True,17448,8272,2.109284332688588,39.721470267977935,0.9795679572584935
imagenette,data/imagenette2-320/val/n03000684/n03000684_1031.JPEG,n03000684,491,chain saw,webp,77,491,chain saw,0.26839298009872437,True,34934,31516,1.1084528493463637,34.787548491039246,0.9614965318790093
imagenette,data/imagenette2-320/val/n03000684/n03000684_1040.JPEG,n03000684,491,chain saw,webp,77,491,chain saw,0.34171852469444275,True,14885,9162,1.6246452739576511,38.16708554369957,0.9753508285396038
imagenette,data/imagenette2-320/val/n03000684/n03000684_10690.JPEG,n03000684,491,chain saw,webp,77,491,chain saw,0.3236630856990814,True,30944,26806,1.154368424979482,35.53164150119842,0.9556527310735192
imagenette,data/imagenette2-320/val/n03000684/n03000684_10692.JPEG,n03000684,491,chain saw,webp,77,491,chain saw,0.6439695954322815,True,30921,26090,1.1851667305481026,35.39947483762622,0.9555632183453646
imagenette,data/imagenette2-320/val/n03000684/n03000684_10790.JPEG,n03000684,491,chain saw,webp,77,491,chain saw,0.6430463790893555,True,17023,10432,1.631805981595092,38.21967617855569,0.9637313500724219
imagenette,data/imagenette2-320/val/n03000684/n03000684_1082.JPEG,n03000684,491,chain saw,webp,77,491,chain saw,0.8245378136634827,True,22095,15126,1.4607298690995636,35.60663394551396,0.9577812339840014
imagenette,data/imagenette2-320/val/n03000684/n03000684_10820.JPEG,n03000684,491,chain saw,webp,77,491,chain saw,0.3739651143550873,True,32425,25170,1.2882399682161303,35.37674515558769,0.9557099538928652
imagenette,data/imagenette2-320/val/n03000684/n03000684_10860.JPEG,n03000684,491,chain saw,webp,77,865,toyshop,0.09275597333908081,False,33057,28606,1.1555967279591695,34.754705486933595,0.9618728621174172
imagenette,data/imagenette2-320/val/n03000684/n03000684_10902.JPEG,n03000684,491,chain saw,webp,77,491,chain saw,0.5610286593437195,True,17179,11694,1.4690439541645288,36.79117751442808,0.9651984368040524
imagenette,data/imagenette2-320/val/n03000684/n03000684_10960.JPEG,n03000684,491,chain saw,webp,77,491,chain saw,0.22875410318374634,True,34335,31914,1.0758601240834744,35.195635942930394,0.962262094289163
imagenette,data/imagenette2-320/val/n03000684/n03000684_10992.JPEG,n03000684,491,chain saw,webp,77,491,chain saw,0.10244157910346985,True,20607,13716,1.5024059492563429,37.25116385278591,0.9497790526751282
imagenette,data/imagenette2-320/val/n03000684/n03000684_1100.JPEG,n03000684,491,chain saw,webp,77,491,chain saw,0.2878910303115845,True,35123,31982,1.0982114939653556,34.95485914789589,0.9696550988785259
imagenette,data/imagenette2-320/val/n03000684/n03000684_11070.JPEG,n03000684,491,chain saw,webp,77,491,chain saw,0.2649663984775543,True,44343,40508,1.0946726572528884,34.19729735177681,0.9720966084479506
imagenette,data/imagenette2-320/val/n03000684/n03000684_11090.JPEG,n03000684,491,chain saw,webp,77,491,chain saw,0.4907848834991455,True,31331,27716,1.130430076490114,35.30696362568024,0.9649791883032511
imagenette,data/imagenette2-320/val/n03000684/n03000684_11122.JPEG,n03000684,491,chain saw,webp,77,491,chain saw,0.2696923613548279,True,36524,35458,1.0300637373794348,35.20738800231058,0.9701427988344581
imagenette,data/imagenette2-320/val/n03000684/n03000684_11180.JPEG,n03000684,491,chain saw,webp,77,491,chain saw,0.7585984468460083,True,32339,26556,1.2177662298538936,34.725381117333384,0.9622414229630168
imagenette,data/imagenette2-320/val/n03000684/n03000684_1122.JPEG,n03000684,491,chain saw,webp,77,491,chain saw,0.7759910225868225,True,30648,25818,1.1870787822449453,35.5693568209163,0.9757380761435535
imagenette,data/imagenette2-320/val/n03000684/n03000684_11241.JPEG,n03000684,491,chain saw,webp,77,491,chain saw,0.4159772992134094,True,32571,29782,1.0936471694312,35.386420331255714,0.9582009056509057
imagenette,data/imagenette2-320/val/n03000684/n03000684_11441.JPEG,n03000684,491,chain saw,webp,77,491,chain saw,0.3600993752479553,True,16769,9400,1.7839361702127658,38.59153246651879,0.9477886678771797
imagenette,data/imagenette2-320/val/n03000684/n03000684_11511.JPEG,n03000684,491,chain saw,webp,77,491,chain saw,0.12397752702236176,True,32599,28280,1.1527227722772277,35.104983428308756,0.957818618360457
imagenette,data/imagenette2-320/val/n03000684/n03000684_11552.JPEG,n03000684,491,chain saw,webp,77,491,chain saw,0.8562687635421753,True,12014,7392,1.6252705627705628,37.703786527762745,0.9691513734160706
imagenette,data/imagenette2-320/val/n03000684/n03000684_11672.JPEG,n03000684,491,chain saw,webp,77,491,chain saw,0.39985793828964233,True,23396,14674,1.5943846258688836,38.235244249949886,0.9703960561678574
imagenette,data/imagenette2-320/val/n03000684/n03000684_11701.JPEG,n03000684,491,chain saw,webp,77,880,unicycle,0.1039150208234787,False,33821,26396,1.2812926200939536,35.570572440399474,0.965509369427152
imagenette,data/imagenette2-320/val/n03000684/n03000684_11821.JPEG,n03000684,491,chain saw,webp,77,491,chain saw,0.36756631731987,True,21553,11532,1.8689732917100244,40.4235025981744,0.9752977804447543
imagenette,data/imagenette2-320/val/n03000684/n03000684_11861.JPEG,n03000684,491,chain saw,webp,77,491,chain saw,0.4137115776538849,True,14348,6986,2.0538219295734326,41.822251041381435,0.9847560039461243
imagenette,data/imagenette2-320/val/n03000684/n03000684_12051.JPEG,n03000684,491,chain saw,webp,77,491,chain saw,0.15879768133163452,True,31739,27364,1.159881596257857,35.446367325220436,0.9566696377754176
imagenette,data/imagenette2-320/val/n03000684/n03000684_12052.JPEG,n03000684,491,chain saw,webp,77,491,chain saw,0.2327945977449417,True,54148,53316,1.0156050716482856,34.77655512498365,0.9754633115909552
imagenette,data/imagenette2-320/val/n03000684/n03000684_1210.JPEG,n03000684,491,chain saw,webp,77,491,chain saw,0.7958448529243469,True,26891,18922,1.4211499841454391,36.47540741975632,0.9532315465978023
imagenette,data/imagenette2-320/val/n03000684/n03000684_12170.JPEG,n03000684,491,chain saw,webp,77,491,chain saw,0.8580606579780579,True,13977,9074,1.5403350231430462,37.77301567881638,0.9798912900741922
imagenette,data/imagenette2-320/val/n03000684/n03000684_12370.JPEG,n03000684,491,chain saw,webp,77,541,drum,0.07849876582622528,False,21583,15826,1.3637684822444078,37.08595643881714,0.9571396820758237
imagenette,data/imagenette2-320/val/n03000684/n03000684_12430.JPEG,n03000684,491,chain saw,webp,77,491,chain saw,0.41002869606018066,True,49597,50474,0.9826247176764275,34.454865153922626,0.9852236359581483
imagenette,data/imagenette2-320/val/n03000684/n03000684_12470.JPEG,n03000684,491,chain saw,webp,77,491,chain saw,0.4728798270225525,True,10001,5002,1.9994002399040385,41.15226410532781,0.9739299229208278
imagenette,data/imagenette2-320/val/n03000684/n03000684_12570.JPEG,n03000684,491,chain saw,webp,77,491,chain saw,0.4333445727825165,True,36200,24470,1.4793624846751123,36.32185442885306,0.9628574194278533
imagenette,data/imagenette2-320/val/n03000684/n03000684_12642.JPEG,n03000684,491,chain saw,webp,77,491,chain saw,0.20106244087219238,True,15897,9062,1.7542485102626353,38.23837171808387,0.9451389405168112
imagenette,data/imagenette2-320/val/n03000684/n03000684_12670.JPEG,n03000684,491,chain saw,webp,77,491,chain saw,0.4491271376609802,True,7309,3046,2.3995403808273146,41.80839254496759,0.9848717157422023
imagenette,data/imagenette2-320/val/n03000684/n03000684_12880.JPEG,n03000684,491,chain saw,webp,77,491,chain saw,0.5478463172912598,True,33563,30968,1.0837961766985276,35.11321700809773,0.9764598764716643
imagenette,data/imagenette2-320/val/n03000684/n03000684_1290.JPEG,n03000684,491,chain saw,webp,77,491,chain saw,0.5026887059211731,True,14430,6998,2.0620177193483853,38.7387871035278,0.9766695709339341
imagenette,data/imagenette2-320/val/n03000684/n03000684_1300.JPEG,n03000684,491,chain saw,webp,77,491,chain saw,0.25164535641670227,True,23268,14396,1.6162823006390663,39.58334441489066,0.9816235588246575
imagenette,data/imagenette2-320/val/n03000684/n03000684_13071.JPEG,n03000684,491,chain saw,webp,77,491,chain saw,0.34043073654174805,True,17108,11150,1.5343497757847533,38.61808993877546,0.9730111524751622
imagenette,data/imagenette2-320/val/n03000684/n03000684_1310.JPEG,n03000684,491,chain saw,webp,77,491,chain saw,0.27128782868385315,True,25089,18752,1.3379372866894197,35.974701904938456,0.9588472994067371
imagenette,data/imagenette2-320/val/n03000684/n03000684_13182.JPEG,n03000684,491,chain saw,webp,77,491,chain saw,0.2575262784957886,True,35366,34484,1.025577079225148,34.241987626131625,0.9745223314138981
imagenette,data/imagenette2-320/val/n03000684/n03000684_13270.JPEG,n03000684,491,chain saw,webp,77,491,chain saw,0.28602588176727295,True,29978,23162,1.2942751057767032,35.98628853343048,0.9553274881988297
imagenette,data/imagenette2-320/val/n03000684/n03000684_13352.JPEG,n03000684,491,chain saw,webp,77,491,chain saw,0.31043675541877747,True,20383,11658,1.7484131068793962,38.20115848495402,0.9750748776143935
imagenette,data/imagenette2-320/val/n03000684/n03000684_13402.JPEG,n03000684,491,chain saw,webp,77,491,chain saw,0.26814907789230347,True,50096,50908,0.9840496582069616,34.40552220974667,0.9842178375753464
imagenette,data/imagenette2-320/val/n03000684/n03000684_13440.JPEG,n03000684,491,chain saw,webp,77,491,chain saw,0.1805891990661621,True,33684,30468,1.1055533674675069,35.29778413137287,0.9601031222714295
imagenette,data/imagenette2-320/val/n03000684/n03000684_13510.JPEG,n03000684,491,chain saw,webp,77,491,chain saw,0.378365159034729,True,57585,59376,0.969836297493937,34.23604253778022,0.9844478553466299
imagenette,data/imagenette2-320/val/n03000684/n03000684_13511.JPEG,n03000684,491,chain saw,webp,77,491,chain saw,0.11661946773529053,True,38282,35968,1.0643349644128113,34.65816358426319,0.9677281903900702
imagenette,data/imagenette2-320/val/n03000684/n03000684_13541.JPEG,n03000684,491,chain saw,webp,77,491,chain saw,0.4902603328227997,True,22819,16460,1.3863304981773998,37.83981664135164,0.9760702312904256
imagenette,data/imagenette2-320/val/n03000684/n03000684_13560.JPEG,n03000684,491,chain saw,webp,77,491,chain saw,0.20833046734333038,True,20670,14338,1.4416236574138652,37.56910365853304,0.9512191025319187
imagenette,data/imagenette2-320/val/n03000684/n03000684_13920.JPEG,n03000684,491,chain saw,webp,77,517,crane,0.14519259333610535,False,33706,29926,1.1263115685357215,36.15552826662913,0.9693620718757714
imagenette,data/imagenette2-320/val/n03000684/n03000684_13982.JPEG,n03000684,491,chain saw,webp,77,491,chain saw,0.32586055994033813,True,36263,32934,1.1010809497783445,35.37347417447045,0.9752446429361928
imagenette,data/imagenette2-320/val/n03000684/n03000684_14022.JPEG,n03000684,491,chain saw,webp,77,491,chain saw,0.4676593244075775,True,49228,50334,0.9780267811022371,34.26941051971791,0.9826189083568235
imagenette,data/imagenette2-320/val/n03000684/n03000684_14060.JPEG,n03000684,491,chain saw,webp,77,491,chain saw,0.24221360683441162,True,52743,51304,1.0280484952440356,34.5483398738982,0.9828325710606548
imagenette,data/imagenette2-320/val/n03000684/n03000684_141.JPEG,n03000684,491,chain saw,webp,77,491,chain saw,0.1259048730134964,True,24371,14898,1.6358571620351725,38.060450421873405,0.9736108118627541
imagenette,data/imagenette2-320/val/n03000684/n03000684_14112.JPEG,n03000684,491,chain saw,webp,77,491,chain saw,0.4841444790363312,True,30180,25728,1.1730410447761195,35.73309843285213,0.9680837379750958
imagenette,data/imagenette2-320/val/n03000684/n03000684_14120.JPEG,n03000684,491,chain saw,webp,77,634,lumbermill,0.03188326209783554,False,38508,30328,1.2697177525718808,35.73607214540096,0.9593576588454674
imagenette,data/imagenette2-320/val/n03000684/n03000684_14132.JPEG,n03000684,491,chain saw,webp,77,491,chain saw,0.3820692300796509,True,24489,16338,1.4988982739625414,36.38332228286388,0.9566661605126363
imagenette,data/imagenette2-320/val/n03000684/n03000684_14171.JPEG,n03000684,491,chain saw,webp,77,646,maze,0.05234159529209137,False,42903,42068,1.0198488162023391,34.080287486105775,0.9701302686031713
imagenette,data/imagenette2-320/val/n03000684/n03000684_14351.JPEG,n03000684,491,chain saw,webp,77,491,chain saw,0.045113034546375275,True,43936,42044,1.045000475692132,33.89692649797252,0.9732965741048057
imagenette,data/imagenette2-320/val/n03000684/n03000684_14391.JPEG,n03000684,491,chain saw,webp,77,853,thatch,0.15414707362651825,False,42456,40618,1.0452508739967503,34.308332316467045,0.9754718387845885
imagenette,data/imagenette2-320/val/n03000684/n03000684_14502.JPEG,n03000684,491,chain saw,webp,77,491,chain saw,0.14046724140644073,True,33136,28144,1.1773735076748153,35.110206472475255,0.9604738169711854
imagenette,data/imagenette2-320/val/n03000684/n03000684_14600.JPEG,n03000684,491,chain saw,webp,77,595,harvester,0.10232620686292648,False,43835,43908,0.9983374328140657,34.249193742912574,0.983349687027248
imagenette,data/imagenette2-320/val/n03000684/n03000684_14632.JPEG,n03000684,491,chain saw,webp,77,491,chain saw,0.22990776598453522,True,39329,34078,1.1540876812019485,35.198942031226586,0.9752503328204108
imagenette,data/imagenette2-320/val/n03000684/n03000684_14650.JPEG,n03000684,491,chain saw,webp,77,491,chain saw,0.6182140111923218,True,44517,42174,1.0555555555555556,35.125155353136996,0.9781059584943496
imagenette,data/imagenette2-320/val/n03000684/n03000684_14720.JPEG,n03000684,491,chain saw,webp,77,491,chain saw,0.6570016145706177,True,32694,29078,1.1243551826122842,35.56822836436727,0.9622264643606254
imagenette,data/imagenette2-320/val/n03000684/n03000684_14740.JPEG,n03000684,491,chain saw,webp,77,491,chain saw,0.728337287902832,True,28418,23034,1.233741425718503,36.05874658082854,0.9584483647736967
imagenette,data/imagenette2-320/val/n03000684/n03000684_14761.JPEG,n03000684,491,chain saw,webp,77,491,chain saw,0.33648088574409485,True,34073,31342,1.0871354731669964,34.92771205440337,0.9595986025971537
imagenette,data/imagenette2-320/val/n03000684/n03000684_14882.JPEG,n03000684,491,chain saw,webp,77,491,chain saw,0.0999399721622467,True,37926,31698,1.1964792731402611,35.07622345715306,0.966008342641278
imagenette,data/imagenette2-320/val/n03000684/n03000684_1490.JPEG,n03000684,491,chain saw,webp,77,491,chain saw,0.4805164337158203,True,21488,13670,1.5719092904169714,39.51483038253229,0.981209558765369
imagenette,data/imagenette2-320/val/n03000684/n03000684_15040.JPEG,n03000684,491,chain saw,webp,77,491,chain saw,0.42677628993988037,True,15361,9994,1.5370222133279967,38.35429325465087,0.9716434493690261
imagenette,data/imagenette2-320/val/n03000684/n03000684_15071.JPEG,n03000684,491,chain saw,webp,77,491,chain saw,0.6796492338180542,True,36816,34256,1.074731433909388,33.659019475935345,0.9696593429162793
imagenette,data/imagenette2-320/val/n03000684/n03000684_15181.JPEG,n03000684,491,chain saw,webp,77,491,chain saw,0.7142694592475891,True,46188,41474,1.1136615711047886,34.67312827427691,0.9759854026397122
imagenette,data/imagenette2-320/val/n03000684/n03000684_15202.JPEG,n03000684,491,chain saw,webp,77,491,chain saw,0.2494356632232666,True,56283,54860,1.025938753189938,34.251683653218606,0.9809362697770769
imagenette,data/imagenette2-320/val/n03000684/n03000684_15300.JPEG,n03000684,491,chain saw,webp,77,491,chain saw,0.5154957175254822,True,33513,18960,1.7675632911392405,39.14015965212029,0.9760320677126811
imagenette,data/imagenette2-320/val/n03000684/n03000684_15321.JPEG,n03000684,491,chain saw,webp,77,491,chain saw,0.2974730134010315,True,36305,33402,1.0869109634153644,34.72251932553614,0.9654542949505954
imagenette,data/imagenette2-320/val/n03000684/n03000684_15400.JPEG,n03000684,491,chain saw,webp,77,491,chain saw,0.5101378560066223,True,16952,12538,1.3520497687031425,37.15745009367229,0.9681495278876505
imagenette,data/imagenette2-320/val/n03000684/n03000684_1542.JPEG,n03000684,491,chain saw,webp,77,491,chain saw,0.16440607607364655,True,42139,39884,1.0565389629926787,34.44333602462672,0.976287555025618
imagenette,data/imagenette2-320/val/n03000684/n03000684_15441.JPEG,n03000684,491,chain saw,webp,77,461,breastplate,0.060627542436122894,False,19077,12538,1.5215345350135587,37.10984033570926,0.943645725357511
imagenette,data/imagenette2-320/val/n03000684/n03000684_15470.JPEG,n03000684,491,chain saw,webp,77,491,chain saw,0.5788916945457458,True,12742,7032,1.8120022753128555,38.70880246102036,0.9764297707632382
imagenette,data/imagenette2-320/val/n03000684/n03000684_15521.JPEG,n03000684,491,chain saw,webp,77,491,chain saw,0.48421794176101685,True,40066,38500,1.0406753246753246,34.74838160938418,0.9721133170533905
imagenette,data/imagenette2-320/val/n03000684/n03000684_15582.JPEG,n03000684,491,chain saw,webp,77,491,chain saw,0.8292181491851807,True,25226,21060,1.1978157644824312,35.21013940648789,0.9652320950753931
imagenette,data/imagenette2-320/val/n03000684/n03000684_15621.JPEG,n03000684,491,chain saw,webp,77,491,chain saw,0.22920197248458862,True,15297,8062,1.897419995038452,38.64184130271224,0.9475367996787712
imagenette,data/imagenette2-320/val/n03000684/n03000684_15690.JPEG,n03000684,491,chain saw,webp,77,634,lumbermill,0.1862383633852005,False,26899,19414,1.3855465128257958,36.51009642872166,0.9563892610480454
imagenette,data/imagenette2-320/val/n03000684/n03000684_15691.JPEG,n03000684,491,chain saw,webp,77,491,chain saw,0.399813175201416,True,32485,26844,1.2101400685441812,35.77867883656993,0.9735667668727618
imagenette,data/imagenette2-320/val/n03000684/n03000684_15731.JPEG,n03000684,491,chain saw,webp,77,491,chain saw,0.14883480966091156,True,25171,12686,1.9841557622576067,38.335516933833375,0.979433887059565
imagenette,data/imagenette2-320/val/n03000684/n03000684_15932.JPEG,n03000684,491,chain saw,webp,77,491,chain saw,0.3161405324935913,True,18559,12912,1.4373451053283768,39.10880718806266,0.9653780950598588
imagenette,data/imagenette2-320/val/n03000684/n03000684_15950.JPEG,n03000684,491,chain saw,webp,77,491,chain saw,0.2402530163526535,True,15809,11356,1.3921275096865093,36.71996756642819,0.9456670404918931
imagenette,data/imagenette2-320/val/n03000684/n03000684_15980.JPEG,n03000684,491,chain saw,webp,77,491,chain saw,0.3130042254924774,True,43464,40150,1.0825404732254047,35.0468103992918,0.9709669239985262
imagenette,data/imagenette2-320/val/n03000684/n03000684_16072.JPEG,n03000684,491,chain saw,webp,77,491,chain saw,0.26785823702812195,True,42996,35774,1.2018784592161906,35.178047457535826,0.9669014265728535
imagenette,data/imagenette2-320/val/n03000684/n03000684_16092.JPEG,n03000684,491,chain saw,webp,77,491,chain saw,0.6517946124076843,True,42336,41770,1.0135503950203495,34.58401898026277,0.9772827882300538
imagenette,data/imagenette2-320/val/n03000684/n03000684_16151.JPEG,n03000684,491,chain saw,webp,77,491,chain saw,0.26178011298179626,True,48432,48648,0.9955599407992106,34.51890712037582,0.9833349094933671
imagenette,data/imagenette2-320/val/n03000684/n03000684_16171.JPEG,n03000684,491,chain saw,webp,77,491,chain saw,0.46127185225486755,True,46624,45888,1.016039051603905,34.00478977014365,0.9731109887505939
imagenette,data/imagenette2-320/val/n03000684/n03000684_16242.JPEG,n03000684,491,chain saw,webp,77,491,chain saw,0.17236576974391937,True,47493,47386,1.00225805090111,34.38245409714655,0.9811137149990877
imagenette,data/imagenette2-320/val/n03000684/n03000684_16280.JPEG,n03000684,491,chain saw,webp,77,491,chain saw,0.17385675013065338,True,27724,21110,1.3133112269066793,36.251007621865405,0.9533447840729622
imagenette,data/imagenette2-320/val/n03000684/n03000684_16291.JPEG,n03000684,491,chain saw,webp,77,491,chain saw,0.30489933490753174,True,15240,8128,1.875,40.909204627325444,0.9842225398713458
imagenette,data/imagenette2-320/val/n03000684/n03000684_16312.JPEG,n03000684,491,chain saw,webp,77,491,chain saw,0.13011543452739716,True,51584,50770,1.016033090407721,33.0102574327636,0.9696419919676441
imagenette,data/imagenette2-320/val/n03000684/n03000684_16372.JPEG,n03000684,491,chain saw,webp,77,491,chain saw,0.2547452449798584,True,56787,57614,0.9856458499670219,34.03944859664676,0.983972446340493
imagenette,data/imagenette2-320/val/n03000684/n03000684_16431.JPEG,n03000684,491,chain saw,webp,77,461,breastplate,0.03767909109592438,False,51553,51172,1.0074454779957789,34.35115331572114,0.9783578193289629
imagenette,data/imagenette2-320/val/n03000684/n03000684_16460.JPEG,n03000684,491,chain saw,webp,77,491,chain saw,0.5184285044670105,True,26570,18958,1.4015191475894082,36.08899668272731,0.9348049823540071
imagenette,data/imagenette2-320/val/n03000684/n03000684_16481.JPEG,n03000684,491,chain saw,webp,77,726,plane,0.1137305349111557,False,7937,4184,1.8969885277246654,42.82114844006598,0.9854102462883497
imagenette,data/imagenette2-320/val/n03000684/n03000684_16542.JPEG,n03000684,491,chain saw,webp,77,491,chain saw,0.09485785663127899,True,45808,42742,1.0717327219128725,33.746332386856665,0.9749668295885975
imagenette,data/imagenette2-320/val/n03000684/n03000684_16591.JPEG,n03000684,491,chain saw,webp,77,491,chain saw,0.6121074557304382,True,39623,28668,1.382133389144691,35.79320134855283,0.9690951440540495
imagenette,data/imagenette2-320/val/n03000684/n03000684_16611.JPEG,n03000684,491,chain saw,webp,77,491,chain saw,0.7454075217247009,True,8894,4340,2.049308755760369,40.587160962206575,0.9772117044140973
imagenette,data/imagenette2-320/val/n03000684/n03000684_16632.JPEG,n03000684,491,chain saw,webp,77,491,chain saw,0.35420697927474976,True,53974,53960,1.0002594514455152,33.56416749936447,0.9828093163651527
imagenette,data/imagenette2-320/val/n03000684/n03000684_16672.JPEG,n03000684,491,chain saw,webp,77,491,chain saw,0.6626178622245789,True,20832,13688,1.521917007597896,37.645295959915174,0.9725686428010394
imagenette,data/imagenette2-320/val/n03000684/n03000684_16691.JPEG,n03000684,491,chain saw,webp,77,491,chain saw,0.2552526593208313,True,40258,36302,1.1089747121370723,34.36723527210379,0.9602147910024339
imagenette,data/imagenette2-320/val/n03000684/n03000684_16782.JPEG,n03000684,491,chain saw,webp,77,491,chain saw,0.23466840386390686,True,17514,11048,1.585264301230992,38.08362393750399,0.9592359318929565
imagenette,data/imagenette2-320/val/n03000684/n03000684_16790.JPEG,n03000684,491,chain saw,webp,77,491,chain saw,0.6112513542175293,True,45503,43254,1.05199519119619,34.949620939636,0.981482147945305
imagenette,data/imagenette2-320/val/n03000684/n03000684_16861.JPEG,n03000684,491,chain saw,webp,77,491,chain saw,0.07608886808156967,True,44760,44660,1.0022391401701747,34.53193731790631,0.980028493537278
imagenette,data/imagenette2-320/val/n03000684/n03000684_16872.JPEG,n03000684,491,chain saw,webp,77,491,chain saw,0.2694040834903717,True,55647,53252,1.0449748366258544,34.629994568319766,0.9741135937344625
imagenette,data/imagenette2-320/val/n03000684/n03000684_1692.JPEG,n03000684,491,chain saw,webp,77,491,chain saw,0.12264835834503174,True,28416,22804,1.2460971759340467,35.971780567390326,0.9558604504208859
imagenette,data/imagenette2-320/val/n03000684/n03000684_16972.JPEG,n03000684,491,chain saw,webp,77,491,chain saw,0.633026123046875,True,19847,9860,2.0128803245436107,42.06366756864294,0.9807754854496217
imagenette,data/imagenette2-320/val/n03000684/n03000684_16991.JPEG,n03000684,491,chain saw,webp,77,491,chain saw,0.8452879190444946,True,40066,35648,1.1239340215439857,34.71810833717201,0.9682356673956128
imagenette,data/imagenette2-320/val/n03000684/n03000684_17082.JPEG,n03000684,491,chain saw,webp,77,491,chain saw,0.09784553200006485,True,35426,31312,1.1313873275421564,34.8548802384131,0.9651221228098885
imagenette,data/imagenette2-320/val/n03000684/n03000684_17132.JPEG,n03000684,491,chain saw,webp,77,634,lumbermill,0.13348612189292908,False,32531,28258,1.1512138155566565,34.81454829690958,0.9749931049339841
imagenette,data/imagenette2-320/val/n03000684/n03000684_17140.JPEG,n03000684,491,chain saw,webp,77,491,chain saw,0.5709401965141296,True,42966,42518,1.0105367138623642,33.773370552503366,0.9719014007443557
imagenette,data/imagenette2-320/val/n03000684/n03000684_17162.JPEG,n03000684,491,chain saw,webp,77,491,chain saw,0.15343520045280457,True,30620,24794,1.2349762039203034,36.35780235266807,0.9731125344313116
imagenette,data/imagenette2-320/val/n03000684/n03000684_17182.JPEG,n03000684,491,chain saw,webp,77,733,pole,0.1323811262845993,False,23365,17460,1.338201603665521,37.713952556211574,0.9728467877567639
imagenette,data/imagenette2-320/val/n03000684/n03000684_17192.JPEG,n03000684,491,chain saw,webp,77,491,chain saw,0.7342483997344971,True,23704,13034,1.8186282031609637,39.92849003166412,0.9779107508512229
imagenette,data/imagenette2-320/val/n03000684/n03000684_17200.JPEG,n03000684,491,chain saw,webp,77,728,plastic bag,0.04761806130409241,False,27545,21892,1.2582221816188561,35.54672001846611,0.9539727250030557
imagenette,data/imagenette2-320/val/n03000684/n03000684_17250.JPEG,n03000684,491,chain saw,webp,77,491,chain saw,0.09188654273748398,True,26787,21204,1.263299377475948,36.28932018476347,0.9577375549394777
imagenette,data/imagenette2-320/val/n03000684/n03000684_17261.JPEG,n03000684,491,chain saw,webp,77,634,lumbermill,0.2376672923564911,False,36303,29528,1.2294432403142779,35.16436555713049,0.9648971430695547
imagenette,data/imagenette2-320/val/n03000684/n03000684_17272.JPEG,n03000684,491,chain saw,webp,77,491,chain saw,0.2732350528240204,True,56094,55766,1.0058817200444716,34.114845214170096,0.9792645153293876
imagenette,data/imagenette2-320/val/n03000684/n03000684_17281.JPEG,n03000684,491,chain saw,webp,77,491,chain saw,0.31110554933547974,True,52398,52600,0.9961596958174905,34.07588400173328,0.9845192929013303
imagenette,data/imagenette2-320/val/n03000684/n03000684_17330.JPEG,n03000684,491,chain saw,webp,77,491,chain saw,0.2172069102525711,True,25049,18036,1.3888334442226657,36.615943788041996,0.9487071444784657
imagenette,data/imagenette2-320/val/n03000684/n03000684_17382.JPEG,n03000684,491,chain saw,webp,77,491,chain saw,0.6623339056968689,True,20855,13062,1.5966161384167814,38.22748781828663,0.9664295695450571
imagenette,data/imagenette2-320/val/n03000684/n03000684_17431.JPEG,n03000684,491,chain saw,webp,77,491,chain saw,0.39838576316833496,True,15231,9408,1.6189413265306123,38.94411649215514,0.9814634317798681
imagenette,data/imagenette2-320/val/n03000684/n03000684_1752.JPEG,n03000684,491,chain saw,webp,77,491,chain saw,0.48747771978378296,True,28199,22668,1.2440003529204164,35.819662058893044,0.949631974671668
imagenette,data/imagenette2-320/val/n03000684/n03000684_17811.JPEG,n03000684,491,chain saw,webp,77,491,chain saw,0.3459133803844452,True,27580,21394,1.289146489670001,35.635942060982316,0.9476955255827323
imagenette,data/imagenette2-320/val/n03000684/n03000684_17862.JPEG,n03000684,491,chain saw,webp,77,491,chain saw,0.16754986345767975,True,52602,52704,0.9980646630236795,34.24650983055742,0.9866405301781973
imagenette,data/imagenette2-320/val/n03000684/n03000684_1790.JPEG,n03000684,491,chain saw,webp,77,491,chain saw,0.16011984646320343,True,52150,52044,1.0020367381446469,33.95940780448542,0.9853475863018226
imagenette,data/imagenette2-320/val/n03000684/n03000684_17902.JPEG,n03000684,491,chain saw,webp,77,491,chain saw,0.2661510705947876,True,47958,46670,1.0275980287122348,33.798488752930695,0.9789923937224998
imagenette,data/imagenette2-320/val/n03000684/n03000684_180.JPEG,n03000684,491,chain saw,webp,77,491,chain saw,0.06292888522148132,True,31749,25344,1.2527225378787878,35.44317595860851,0.9603610635963725
imagenette,data/imagenette2-320/val/n03000684/n03000684_18020.JPEG,n03000684,491,chain saw,webp,77,491,chain saw,0.4467993676662445,True,14008,9792,1.4305555555555556,37.795452957599736,0.9815578673273113
imagenette,data/imagenette2-320/val/n03000684/n03000684_18140.JPEG,n03000684,491,chain saw,webp,77,491,chain saw,0.32210126519203186,True,24436,14696,1.6627653783342407,38.0208420358206,0.9719841285071221
imagenette,data/imagenette2-320/val/n03000684/n03000684_1821.JPEG,n03000684,491,chain saw,webp,77,491,chain saw,0.44322890043258667,True,20207,12666,1.5953734407074056,38.537520652289345,0.9692428040837302
imagenette,data/imagenette2-320/val/n03000684/n03000684_18242.JPEG,n03000684,491,chain saw,webp,77,491,chain saw,0.34349220991134644,True,17301,8422,2.0542626454523867,41.40712283394714,0.9801819896042306
imagenette,data/imagenette2-320/val/n03000684/n03000684_18321.JPEG,n03000684,491,chain saw,webp,77,491,chain saw,0.5115917921066284,True,14094,8206,1.7175237631001705,38.45497948465744,0.9762205374571998
imagenette,data/imagenette2-320/val/n03000684/n03000684_18502.JPEG,n03000684,491,chain saw,webp,77,491,chain saw,0.121376633644104,True,29720,24684,1.2040187976016854,35.9462473362524,0.9518662494465905
imagenette,data/imagenette2-320/val/n03000684/n03000684_18521.JPEG,n03000684,491,chain saw,webp,77,491,chain saw,0.4776788353919983,True,6702,3350,2.0005970149253733,39.98732385341001,0.9753672876724488
imagenette,data/imagenette2-320/val/n03000684/n03000684_18590.JPEG,n03000684,491,chain saw,webp,77,491,chain saw,0.29527994990348816,True,8336,3458,2.410641989589358,43.55742831270877,0.98900787037222
imagenette,data/imagenette2-320/val/n03000684/n03000684_18591.JPEG,n03000684,491,chain saw,webp,77,491,chain saw,0.3580673635005951,True,7146,3636,1.9653465346534653,41.47747375819934,0.9893813830232968
imagenette,data/imagenette2-320/val/n03000684/n03000684_18880.JPEG,n03000684,491,chain saw,webp,77,491,chain saw,0.2634020447731018,True,9553,4776,2.000209380234506,40.495787626558915,0.9776660886892968
imagenette,data/imagenette2-320/val/n03000684/n03000684_18881.JPEG,n03000684,491,chain saw,webp,77,491,chain saw,0.8282940983772278,True,24191,17466,1.3850337799152639,37.171336491230086,0.9518098681738255
imagenette,data/imagenette2-320/val/n03000684/n03000684_19071.JPEG,n03000684,491,chain saw,webp,77,491,chain saw,0.2822652757167816,True,41518,40110,1.0351034654699576,34.638934054365215,0.9774389233466204
imagenette,data/imagenette2-320/val/n03000684/n03000684_19192.JPEG,n03000684,491,chain saw,webp,77,491,chain saw,0.2745952904224396,True,11003,5160,2.1323643410852715,41.64357941321971,0.9830695110782078
imagenette,data/imagenette2-320/val/n03000684/n03000684_19211.JPEG,n03000684,491,chain saw,webp,77,491,chain saw,0.3976517617702484,True,32319,28554,1.1318554318134062,35.37490341293791,0.9605788106007918
imagenette,data/imagenette2-320/val/n03000684/n03000684_19272.JPEG,n03000684,491,chain saw,webp,77,491,chain saw,0.3715050518512726,True,46749,46656,1.0019933127572016,34.3757035135894,0.9814285221619148
imagenette,data/imagenette2-320/val/n03000684/n03000684_19300.JPEG,n03000684,491,chain saw,webp,77,491,chain saw,0.41453391313552856,True,23359,15788,1.4795414238662274,36.272231550619075,0.9669222099857846
imagenette,data/imagenette2-320/val/n03000684/n03000684_19382.JPEG,n03000684,491,chain saw,webp,77,491,chain saw,0.5696653127670288,True,36710,34236,1.0722631148498656,34.68882404766728,0.9711437384094003
imagenette,data/imagenette2-320/val/n03000684/n03000684_19591.JPEG,n03000684,491,chain saw,webp,77,491,chain saw,0.339109867811203,True,19870,9626,2.0642011219613545,42.107743831462216,0.9831621763716877
imagenette,data/imagenette2-320/val/n03000684/n03000684_1960.JPEG,n03000684,491,chain saw,webp,77,491,chain saw,0.43789809942245483,True,12185,6590,1.8490136570561457,38.17620345895584,0.9644734778155669
imagenette,data/imagenette2-320/val/n03000684/n03000684_19650.JPEG,n03000684,491,chain saw,webp,77,491,chain saw,0.16566239297389984,True,30288,25804,1.1737715082932878,35.69739671291806,0.9599591439792666
imagenette,data/imagenette2-320/val/n03000684/n03000684_1970.JPEG,n03000684,491,chain saw,webp,77,491,chain saw,0.24270017445087433,True,14065,8378,1.6788016232991168,38.78911471966413,0.982490785603544
imagenette,data/imagenette2-320/val/n03000684/n03000684_19720.JPEG,n03000684,491,chain saw,webp,77,491,chain saw,0.7674077153205872,True,17438,10806,1.6137331112344993,38.51937507390887,0.9662349551761679
imagenette,data/imagenette2-320/val/n03000684/n03000684_19771.JPEG,n03000684,491,chain saw,webp,77,491,chain saw,0.7901308536529541,True,39299,34716,1.1320140569189998,34.91035863904599,0.9807329657245895
imagenette,data/imagenette2-320/val/n03000684/n03000684_19792.JPEG,n03000684,491,chain saw,webp,77,491,chain saw,0.1451248973608017,True,21745,14656,1.4836926855895196,36.95677435966586,0.9380209456689812
imagenette,data/imagenette2-320/val/n03000684/n03000684_19801.JPEG,n03000684,491,chain saw,webp,77,491,chain saw,0.7040021419525146,True,43484,42160,1.031404174573055,34.51452767047598,0.970374433704125
imagenette,data/imagenette2-320/val/n03000684/n03000684_19862.JPEG,n03000684,491,chain saw,webp,77,491,chain saw,0.26917701959609985,True,42752,41050,1.0414616321559074,33.83463865699483,0.9726072588139353
imagenette,data/imagenette2-320/val/n03000684/n03000684_19890.JPEG,n03000684,491,chain saw,webp,77,491,chain saw,0.6456950902938843,True,10927,5768,1.8944174757281553,40.18513706447688,0.9687034373009799
imagenette,data/imagenette2-320/val/n03000684/n03000684_19981.JPEG,n03000684,491,chain saw,webp,77,491,chain saw,0.3561316430568695,True,45578,43814,1.0402611037567902,34.02268992224967,0.9759092836040155
imagenette,data/imagenette2-320/val/n03000684/n03000684_20052.JPEG,n03000684,491,chain saw,webp,77,491,chain saw,0.3149906396865845,True,43782,41516,1.0545813662202523,34.49319772107887,0.9668982402186413
imagenette,data/imagenette2-320/val/n03000684/n03000684_20081.JPEG,n03000684,491,chain saw,webp,77,491,chain saw,0.41826122999191284,True,17183,9826,1.7487278648483615,38.12680693678878,0.9645301945682535
imagenette,data/imagenette2-320/val/n03000684/n03000684_20250.JPEG,n03000684,491,chain saw,webp,77,491,chain saw,0.26548856496810913,True,14704,7516,1.9563597658328897,39.146808175871655,0.9757569396120921
imagenette,data/imagenette2-320/val/n03000684/n03000684_20290.JPEG,n03000684,491,chain saw,webp,77,491,chain saw,0.37323668599128723,True,10569,6572,1.6081862446743762,39.52982070190068,0.9887405630629934
imagenette,data/imagenette2-320/val/n03000684/n03000684_20532.JPEG,n03000684,491,chain saw,webp,77,491,chain saw,0.5367060899734497,True,56499,58060,0.9731140199793318,34.06690411750514,0.9828812521614605
imagenette,data/imagenette2-320/val/n03000684/n03000684_2060.JPEG,n03000684,491,chain saw,webp,77,491,chain saw,0.47369715571403503,True,18848,10504,1.7943640517897943,40.993181463894615,0.9786272934087156
imagenette,data/imagenette2-320/val/n03000684/n03000684_20650.JPEG,n03000684,491,chain saw,webp,77,491,chain saw,0.3822880983352661,True,30840,25992,1.1865189289012004,35.51414836609672,0.9703253487193136
imagenette,data/imagenette2-320/val/n03000684/n03000684_20762.JPEG,n03000684,491,chain saw,webp,77,491,chain saw,0.7694130539894104,True,39033,38726,1.0079274905748077,34.38590902759321,0.9664860655565617
imagenette,data/imagenette2-320/val/n03000684/n03000684_2102.JPEG,n03000684,491,chain saw,webp,77,491,chain saw,0.5662727952003479,True,21671,14582,1.4861473048964478,37.21219200400594,0.9393195089087635
imagenette,data/imagenette2-320/val/n03000684/n03000684_21641.JPEG,n03000684,491,chain saw,webp,77,491,chain saw,0.6221051216125488,True,19344,12390,1.5612590799031476,38.057498320396576,0.9640477053566204
imagenette,data/imagenette2-320/val/n03000684/n03000684_21831.JPEG,n03000684,491,chain saw,webp,77,634,lumbermill,0.23211954534053802,False,33299,28858,1.1538914685702404,35.4453915822165,0.9659921583532891
imagenette,data/imagenette2-320/val/n03000684/n03000684_2202.JPEG,n03000684,491,chain saw,webp,77,491,chain saw,0.1675059050321579,True,39789,37796,1.0527304476664197,34.6467031633849,0.9621085450756365
imagenette,data/imagenette2-320/val/n03000684/n03000684_2220.JPEG,n03000684,491,chain saw,webp,77,491,chain saw,0.45072799921035767,True,7987,4406,1.812755333635951,41.30996716546524,0.9837233485052526
imagenette,data/imagenette2-320/val/n03000684/n03000684_2252.JPEG,n03000684,491,chain saw,webp,77,491,chain saw,0.28841450810432434,True,48994,46584,1.051734501116263,34.20509283525298,0.9767967241868353
imagenette,data/imagenette2-320/val/n03000684/n03000684_22892.JPEG,n03000684,491,chain saw,webp,77,491,chain saw,0.043110862374305725,True,27693,20582,1.3454960645223981,36.358128482951166,0.9483681862106175
imagenette,data/imagenette2-320/val/n03000684/n03000684_2340.JPEG,n03000684,491,chain saw,webp,77,491,chain saw,0.7101538181304932,True,46675,46070,1.0131321901454309,34.56928096980001,0.9725317992763651
imagenette,data/imagenette2-320/val/n03000684/n03000684_2350.JPEG,n03000684,491,chain saw,webp,77,491,chain saw,0.7106263041496277,True,40258,38160,1.054979035639413,34.39786179626827,0.9729159849955232
imagenette,data/imagenette2-320/val/n03000684/n03000684_23960.JPEG,n03000684,491,chain saw,webp,77,491,chain saw,0.6353011727333069,True,10092,4938,2.0437424058323206,42.0219514407066,0.9791450593281684
imagenette,data/imagenette2-320/val/n03000684/n03000684_23971.JPEG,n03000684,491,chain saw,webp,77,491,chain saw,0.4305156171321869,True,8542,3666,2.3300600109110747,40.511544791563104,0.9780669131058581
imagenette,data/imagenette2-320/val/n03000684/n03000684_2402.JPEG,n03000684,491,chain saw,webp,77,491,chain saw,0.45315417647361755,True,15477,8380,1.8468973747016706,36.835374075308664,0.9531286493932281
imagenette,data/imagenette2-320/val/n03000684/n03000684_24020.JPEG,n03000684,491,chain saw,webp,77,491,chain saw,0.4694253206253052,True,27886,23514,1.1859317853193843,36.14027173038681,0.9562495924903313
imagenette,data/imagenette2-320/val/n03000684/n03000684_2421.JPEG,n03000684,491,chain saw,webp,77,491,chain saw,0.5037416219711304,True,43705,41616,1.0501970396001539,34.32293980335181,0.9691247655736831
imagenette,data/imagenette2-320/val/n03000684/n03000684_24332.JPEG,n03000684,491,chain saw,webp,77,491,chain saw,0.3357173204421997,True,21033,11364,1.850844772967265,40.03187150249381,0.9800629888853765
imagenette,data/imagenette2-320/val/n03000684/n03000684_2452.JPEG,n03000684,491,chain saw,webp,77,491,chain saw,0.47861889004707336,True,10141,6484,1.5640037014188772,39.947188037736424,0.985143048740873
imagenette,data/imagenette2-320/val/n03000684/n03000684_24542.JPEG,n03000684,491,chain saw,webp,77,491,chain saw,0.18356098234653473,True,44145,43074,1.0248641872127038,34.356569905293256,0.9757619196394597
imagenette,data/imagenette2-320/val/n03000684/n03000684_24620.JPEG,n03000684,491,chain saw,webp,77,491,chain saw,0.5563664436340332,True,23687,17080,1.3868266978922716,36.65110569382322,0.9417090519391734
imagenette,data/imagenette2-320/val/n03000684/n03000684_2472.JPEG,n03000684,491,chain saw,webp,77,491,chain saw,0.21573176980018616,True,67465,67862,0.9941498924287525,34.2113564897563,0.986124493217675
imagenette,data/imagenette2-320/val/n03000684/n03000684_24991.JPEG,n03000684,491,chain saw,webp,77,491,chain saw,0.48522889614105225,True,50409,48314,1.043362172455189,33.557037914060274,0.9750941791814407
imagenette,data/imagenette2-320/val/n03000684/n03000684_25302.JPEG,n03000684,491,chain saw,webp,77,612,jinrikisha,0.08289524912834167,False,47025,44556,1.0554134123350392,34.609874084733065,0.9783599633315729
imagenette,data/imagenette2-320/val/n03000684/n03000684_2541.JPEG,n03000684,491,chain saw,webp,77,491,chain saw,0.6525154709815979,True,33326,32384,1.029088438735178,33.7382437449414,0.9719999603153711
imagenette,data/imagenette2-320/val/n03000684/n03000684_25411.JPEG,n03000684,491,chain saw,webp,77,491,chain saw,0.25467759370803833,True,56992,57152,0.9972004479283315,33.52865568209235,0.9868167783639255
imagenette,data/imagenette2-320/val/n03000684/n03000684_2562.JPEG,n03000684,491,chain saw,webp,77,491,chain saw,0.2978072464466095,True,33089,29242,1.1315573490185349,35.31285005499508,0.9656625349524747
imagenette,data/imagenette2-320/val/n03000684/n03000684_25951.JPEG,n03000684,491,chain saw,webp,77,491,chain saw,0.189217209815979,True,50681,48322,1.0488183436116054,34.02469328462258,0.985950817772296
imagenette,data/imagenette2-320/val/n03000684/n03000684_2610.JPEG,n03000684,491,chain saw,webp,77,491,chain saw,0.15928368270397186,True,38004,35502,1.0704749028223761,34.80352653358541,0.9713296774678014
imagenette,data/imagenette2-320/val/n03000684/n03000684_26780.JPEG,n03000684,491,chain saw,webp,77,491,chain saw,0.2631746232509613,True,45778,45598,1.0039475415588404,34.4586912594561,0.9804518091914551
imagenette,data/imagenette2-320/val/n03000684/n03000684_26901.JPEG,n03000684,491,chain saw,webp,77,491,chain saw,0.6476783752441406,True,33321,24060,1.3849127182044887,36.29574851827984,0.9507792962680472
imagenette,data/imagenette2-320/val/n03000684/n03000684_272.JPEG,n03000684,491,chain saw,webp,77,491,chain saw,0.13820408284664154,True,32406,27044,1.1982694867623134,35.430984008617564,0.9579759226106975
imagenette,data/imagenette2-320/val/n03000684/n03000684_27220.JPEG,n03000684,491,chain saw,webp,77,491,chain saw,0.17964859306812286,True,45962,45032,1.0206519808136436,34.01094445178733,0.9754612358638806
imagenette,data/imagenette2-320/val/n03000684/n03000684_27361.JPEG,n03000684,491,chain saw,webp,77,491,chain saw,0.45745334029197693,True,15334,9336,1.642459297343616,38.37306522195558,0.9675508053783134
imagenette,data/imagenette2-320/val/n03000684/n03000684_27850.JPEG,n03000684,491,chain saw,webp,77,491,chain saw,0.4124457538127899,True,43893,41054,1.0691528231110246,35.100992982124964,0.9815269366797171
imagenette,data/imagenette2-320/val/n03000684/n03000684_27981.JPEG,n03000684,491,chain saw,webp,77,491,chain saw,0.6067287921905518,True,48405,45698,1.05923672808438,34.46460885429546,0.9856676813921795
imagenette,data/imagenette2-320/val/n03000684/n03000684_2812.JPEG,n03000684,491,chain saw,webp,77,491,chain saw,0.2409461885690689,True,32967,27632,1.1930732484076434,35.83854613616032,0.9565058008147935
imagenette,data/imagenette2-320/val/n03000684/n03000684_28162.JPEG,n03000684,491,chain saw,webp,77,491,chain saw,0.4730445146560669,True,8920,3612,2.4695459579180508,40.044096779638494,0.976002898920524
imagenette,data/imagenette2-320/val/n03000684/n03000684_2820.JPEG,n03000684,491,chain saw,webp,77,491,chain saw,0.5077263116836548,True,36084,29750,1.2129075630252102,35.23061892784962,0.9711992670852033
imagenette,data/imagenette2-320/val/n03000684/n03000684_28702.JPEG,n03000684,491,chain saw,webp,77,491,chain saw,0.1259506344795227,True,30639,24708,1.2400437105390967,35.91044005468165,0.9667504464666555
imagenette,data/imagenette2-320/val/n03000684/n03000684_28711.JPEG,n03000684,491,chain saw,webp,77,491,chain saw,0.30968713760375977,True,23069,16158,1.4277138259685604,37.683820847053866,0.9773134951222938
imagenette,data/imagenette2-320/val/n03000684/n03000684_29062.JPEG,n03000684,491,chain saw,webp,77,491,chain saw,0.2333671748638153,True,45302,41932,1.080368215205571,34.16421032535316,0.9743832302755981
imagenette,data/imagenette2-320/val/n03000684/n03000684_292.JPEG,n03000684,491,chain saw,webp,77,491,chain saw,0.636870801448822,True,20885,13686,1.5260119830483705,37.526382945613655,0.9530359765571966
imagenette,data/imagenette2-320/val/n03000684/n03000684_2922.JPEG,n03000684,491,chain saw,webp,77,491,chain saw,0.3879455626010895,True,24683,20284,1.2168704397554724,35.418762271120144,0.9729945841352984
imagenette,data/imagenette2-320/val/n03000684/n03000684_29462.JPEG,n03000684,491,chain saw,webp,77,491,chain saw,0.6418171525001526,True,17745,10976,1.6167091836734695,37.86447500439008,0.9515715298688353
imagenette,data/imagenette2-320/val/n03000684/n03000684_2960.JPEG,n03000684,491,chain saw,webp,77,655,miniskirt,0.10955029726028442,False,16540,11698,1.4139169088733117,38.32407346910822,0.9704500336719333
imagenette,data/imagenette2-320/val/n03000684/n03000684_2961.JPEG,n03000684,491,chain saw,webp,77,491,chain saw,0.21728968620300293,True,50950,51394,0.9913608592442698,35.25016408943634,0.9861774026869004
imagenette,data/imagenette2-320/val/n03000684/n03000684_2972.JPEG,n03000684,491,chain saw,webp,77,491,chain saw,0.798245370388031,True,37773,34790,1.0857430296062087,35.2926495093631,0.9629853966045258
imagenette,data/imagenette2-320/val/n03000684/n03000684_2980.JPEG,n03000684,491,chain saw,webp,77,491,chain saw,0.847717821598053,True,27396,18618,1.4714792136641959,36.655513906965965,0.9554554836073926
imagenette,data/imagenette2-320/val/n03000684/n03000684_29900.JPEG,n03000684,491,chain saw,webp,77,491,chain saw,0.24542629718780518,True,44558,36324,1.2266820834709833,35.76327050670638,0.9579751281771823
imagenette,data/imagenette2-320/val/n03000684/n03000684_30092.JPEG,n03000684,491,chain saw,webp,77,491,chain saw,0.1987048089504242,True,33044,28104,1.1757756902931966,34.60849279024555,0.958554106290018
imagenette,data/imagenette2-320/val/n03000684/n03000684_30141.JPEG,n03000684,491,chain saw,webp,77,491,chain saw,0.43322357535362244,True,26006,19034,1.3662918987075758,35.78576172442779,0.9366070187820136
imagenette,data/imagenette2-320/val/n03000684/n03000684_30692.JPEG,n03000684,491,chain saw,webp,77,491,chain saw,0.4591207504272461,True,15468,9234,1.6751137102014295,38.39084689675908,0.95949448089495
imagenette,data/imagenette2-320/val/n03000684/n03000684_3072.JPEG,n03000684,491,chain saw,webp,77,491,chain saw,0.7059392333030701,True,19621,12438,1.5775044219327867,38.53717028778186,0.9749438880178398
imagenette,data/imagenette2-320/val/n03000684/n03000684_30930.JPEG,n03000684,491,chain saw,webp,77,491,chain saw,0.17177975177764893,True,55068,54456,1.011238431026884,34.327976536863545,0.9846759282947075
imagenette,data/imagenette2-320/val/n03000684/n03000684_31000.JPEG,n03000684,491,chain saw,webp,77,491,chain saw,0.2926403284072876,True,21858,15502,1.41001161140498,37.18747555323868,0.9526769973254786
imagenette,data/imagenette2-320/val/n03000684/n03000684_31112.JPEG,n03000684,491,chain saw,webp,77,491,chain saw,0.4522838890552521,True,41104,37940,1.0833948339483395,34.6463136043876,0.9681083649855472
imagenette,data/imagenette2-320/val/n03000684/n03000684_31181.JPEG,n03000684,491,chain saw,webp,77,491,chain saw,0.1072089821100235,True,39326,35318,1.113483209694773,35.195024083231615,0.9693848204169594
imagenette,data/imagenette2-320/val/n03000684/n03000684_3161.JPEG,n03000684,491,chain saw,webp,77,491,chain saw,0.34319210052490234,True,25415,19256,1.3198483589530536,37.157411562258254,0.9543836065806476
imagenette,data/imagenette2-320/val/n03000684/n03000684_31721.JPEG,n03000684,491,chain saw,webp,77,491,chain saw,0.502927839756012,True,30905,25018,1.2353105763850027,36.51419595179908,0.9675336565417512
imagenette,data/imagenette2-320/val/n03000684/n03000684_31790.JPEG,n03000684,491,chain saw,webp,77,491,chain saw,0.7370706796646118,True,32849,26804,1.2255260408894195,37.25318058132399,0.9736701533980135
imagenette,data/imagenette2-320/val/n03000684/n03000684_31890.JPEG,n03000684,491,chain saw,webp,77,491,chain saw,0.36310330033302307,True,34338,28650,1.1985340314136126,34.76728058604727,0.9666200887096702
imagenette,data/imagenette2-320/val/n03000684/n03000684_31930.JPEG,n03000684,491,chain saw,webp,77,491,chain saw,0.41510429978370667,True,7003,2892,2.4215076071922543,42.456124799100195,0.9807516001124746
imagenette,data/imagenette2-320/val/n03000684/n03000684_31982.JPEG,n03000684,491,chain saw,webp,77,491,chain saw,0.422806054353714,True,12455,6754,1.8440923896949954,40.20276077739243,0.9709062202583656
imagenette,data/imagenette2-320/val/n03000684/n03000684_32.JPEG,n03000684,491,chain saw,webp,77,491,chain saw,0.06817738711833954,True,26865,19560,1.3734662576687116,36.67614247902661,0.9576648810899617
imagenette,data/imagenette2-320/val/n03000684/n03000684_32191.JPEG,n03000684,491,chain saw,webp,77,491,chain saw,0.25571179389953613,True,16990,11308,1.5024761230986912,37.6924142962701,0.9674172825770416
imagenette,data/imagenette2-320/val/n03000684/n03000684_32301.JPEG,n03000684,491,chain saw,webp,77,491,chain saw,0.28299182653427124,True,42501,41546,1.0229865691041256,34.66951840836237,0.9759459529658335
imagenette,data/imagenette2-320/val/n03000684/n03000684_32320.JPEG,n03000684,491,chain saw,webp,77,856,thresher,0.09295680373907089,False,34967,32558,1.0739910313901346,34.89074846632073,0.9677578041749207
imagenette,data/imagenette2-320/val/n03000684/n03000684_32351.JPEG,n03000684,491,chain saw,webp,77,491,chain saw,0.31527838110923767,True,29692,24678,1.2031769187130237,35.09998303585212,0.9646606094236242
imagenette,data/imagenette2-320/val/n03000684/n03000684_3271.JPEG,n03000684,491,chain saw,webp,77,491,chain saw,0.31448251008987427,True,43096,40764,1.057207339809636,34.216667310424285,0.9769048946294264
imagenette,data/imagenette2-320/val/n03000684/n03000684_33281.JPEG,n03000684,491,chain saw,webp,77,491,chain saw,0.2923671305179596,True,52623,52268,1.0067919185735057,34.551102136635244,0.9818021482703615
imagenette,data/imagenette2-320/val/n03000684/n03000684_33461.JPEG,n03000684,491,chain saw,webp,77,491,chain saw,0.5337916016578674,True,35098,30294,1.1585792566184723,34.93377626597408,0.9678583478008008
imagenette,data/imagenette2-320/val/n03000684/n03000684_3361.JPEG,n03000684,491,chain saw,webp,77,491,chain saw,0.349387526512146,True,27648,22070,1.2527412777526052,35.681224821546735,0.9588021843890218
imagenette,data/imagenette2-320/val/n03000684/n03000684_33902.JPEG,n03000684,491,chain saw,webp,77,491,chain saw,0.32214969396591187,True,18572,11398,1.6294086681874014,38.39893355678239,0.9548400071646169
imagenette,data/imagenette2-320/val/n03000684/n03000684_3392.JPEG,n03000684,491,chain saw,webp,77,491,chain saw,0.6232094764709473,True,9174,4340,2.113824884792627,40.81678914262072,0.9801168952115521
imagenette,data/imagenette2-320/val/n03000684/n03000684_340.JPEG,n03000684,491,chain saw,webp,77,491,chain saw,0.11222328245639801,True,42562,41622,1.022584210273413,34.704985617260306,0.9765252398531971
imagenette,data/imagenette2-320/val/n03000684/n03000684_34011.JPEG,n03000684,491,chain saw,webp,77,634,lumbermill,0.1717705875635147,False,29543,23782,1.2422420317887477,36.164191688742925,0.9499883273677411
imagenette,data/imagenette2-320/val/n03000684/n03000684_34132.JPEG,n03000684,491,chain saw,webp,77,491,chain saw,0.369331419467926,True,27118,21660,1.2519852262234534,35.85865445528417,0.9596449973703006
imagenette,data/imagenette2-320/val/n03000684/n03000684_34171.JPEG,n03000684,491,chain saw,webp,77,491,chain saw,0.22671526670455933,True,42252,27952,1.511591299370349,37.44682604850023,0.9589253474873584
imagenette,data/imagenette2-320/val/n03000684/n03000684_34440.JPEG,n03000684,491,chain saw,webp,77,491,chain saw,0.4871179759502411,True,35402,30220,1.171475843812045,35.26324348374612,0.9621828011050857
imagenette,data/imagenette2-320/val/n03000684/n03000684_3470.JPEG,n03000684,491,chain saw,webp,77,491,chain saw,0.43351978063583374,True,40207,36562,1.099693671024561,34.79211112514692,0.9656611057785928
imagenette,data/imagenette2-320/val/n03000684/n03000684_34762.JPEG,n03000684,491,chain saw,webp,77,491,chain saw,0.5553423166275024,True,35375,35324,1.0014437776016307,35.568933330460226,0.986156707729744
imagenette,data/imagenette2-320/val/n03000684/n03000684_3482.JPEG,n03000684,491,chain saw,webp,77,491,chain saw,0.34197545051574707,True,21805,12664,1.721809854706254,36.8414421091083,0.9726608768908935
imagenette,data/imagenette2-320/val/n03000684/n03000684_34971.JPEG,n03000684,491,chain saw,webp,77,491,chain saw,0.3304978311061859,True,38704,35372,1.094198801311772,35.19698921387938,0.966715853021185
imagenette,data/imagenette2-320/val/n03000684/n03000684_35140.JPEG,n03000684,491,chain saw,webp,77,491,chain saw,0.35769766569137573,True,36101,30880,1.1690738341968911,35.3363860103243,0.9636388143611389
imagenette,data/imagenette2-320/val/n03000684/n03000684_35201.JPEG,n03000684,491,chain saw,webp,77,491,chain saw,0.1259840726852417,True,47682,44748,1.0655671761866452,34.38977580375528,0.9782090534546467
imagenette,data/imagenette2-320/val/n03000684/n03000684_3532.JPEG,n03000684,491,chain saw,webp,77,491,chain saw,0.24331972002983093,True,47194,46772,1.0090224920892843,34.00794977837069,0.9792898781139471
imagenette,data/imagenette2-320/val/n03000684/n03000684_35692.JPEG,n03000684,491,chain saw,webp,77,491,chain saw,0.40323522686958313,True,34307,27622,1.2420172326406487,34.817632319655665,0.9588072643186273
imagenette,data/imagenette2-320/val/n03000684/n03000684_35991.JPEG,n03000684,491,chain saw,webp,77,491,chain saw,0.7447806596755981,True,27906,21022,1.3274664637046902,35.851449601600464,0.95767093957569
imagenette,data/imagenette2-320/val/n03000684/n03000684_36420.JPEG,n03000684,491,chain saw,webp,77,491,chain saw,0.7142700552940369,True,26775,21376,1.2525729790419162,36.28078091672456,0.9474609168272403
imagenette,data/imagenette2-320/val/n03000684/n03000684_3780.JPEG,n03000684,491,chain saw,webp,77,491,chain saw,0.44308286905288696,True,13866,8624,1.6078385899814471,38.8958864653856,0.9515586916840997
imagenette,data/imagenette2-320/val/n03000684/n03000684_3881.JPEG,n03000684,491,chain saw,webp,77,491,chain saw,0.6957398056983948,True,44272,40866,1.0833455684432045,34.02387720446859,0.97995685001507
imagenette,data/imagenette2-320/val/n03000684/n03000684_3952.JPEG,n03000684,491,chain saw,webp,77,491,chain saw,0.5592762231826782,True,19519,12522,1.5587765532662514,37.60011785160178,0.9593794979239014
imagenette,data/imagenette2-320/val/n03000684/n03000684_3990.JPEG,n03000684,491,chain saw,webp,77,491,chain saw,0.2754238545894623,True,30423,26318,1.155976897940573,35.39425424907935,0.971121247886581
imagenette,data/imagenette2-320/val/n03000684/n03000684_400.JPEG,n03000684,491,chain saw,webp,77,491,chain saw,0.6680834293365479,True,39378,36508,1.0786129067601622,33.904479648910105,0.9678560692984948
imagenette,data/imagenette2-320/val/n03000684/n03000684_4001.JPEG,n03000684,491,chain saw,webp,77,491,chain saw,0.4486323893070221,True,45219,39962,1.1315499724738503,35.269558390298286,0.9696451132219975
imagenette,data/imagenette2-320/val/n03000684/n03000684_4012.JPEG,n03000684,491,chain saw,webp,77,491,chain saw,0.27567258477211,True,30110,27602,1.0908629809434098,34.413713207395745,0.963022177297623
imagenette,data/imagenette2-320/val/n03000684/n03000684_4062.JPEG,n03000684,491,chain saw,webp,77,491,chain saw,0.34996718168258667,True,35924,31998,1.122695168448028,35.1329409655843,0.9743755502309267
imagenette,data/imagenette2-320/val/n03000684/n03000684_4081.JPEG,n03000684,491,chain saw,webp,77,456,bow,0.1610780954360962,False,31041,20974,1.4799752073996377,36.54392382335986,0.9468913196037446
imagenette,data/imagenette2-320/val/n03000684/n03000684_41.JPEG,n03000684,491,chain saw,webp,77,491,chain saw,0.8020911812782288,True,54649,53058,1.0299860529986054,33.910902415198024,0.9868469201232329
imagenette,data/imagenette2-320/val/n03000684/n03000684_410.JPEG,n03000684,491,chain saw,webp,77,491,chain saw,0.39925408363342285,True,22862,15770,1.449714648065948,37.59562136310086,0.9741198560976185
imagenette,data/imagenette2-320/val/n03000684/n03000684_4210.JPEG,n03000684,491,chain saw,webp,77,491,chain saw,0.30720797181129456,True,13174,7430,1.7730820995962315,37.73210604821599,0.9417778133901366
imagenette,data/imagenette2-320/val/n03000684/n03000684_4271.JPEG,n03000684,491,chain saw,webp,77,491,chain saw,0.5460100769996643,True,9777,4450,2.197078651685393,42.06763088009768,0.9762492614417155
imagenette,data/imagenette2-320/val/n03000684/n03000684_4310.JPEG,n03000684,491,chain saw,webp,77,491,chain saw,0.314988911151886,True,21922,14782,1.4830198890542552,36.59732707018216,0.9268098417779197
imagenette,data/imagenette2-320/val/n03000684/n03000684_4351.JPEG,n03000684,491,chain saw,webp,77,491,chain saw,0.12737667560577393,True,37588,35980,1.044691495275153,34.604098566693516,0.9657741520016764
imagenette,data/imagenette2-320/val/n03000684/n03000684_440.JPEG,n03000684,491,chain saw,webp,77,491,chain saw,0.3786557912826538,True,10993,5428,2.0252394988946203,40.2113327622972,0.9843753457431655
imagenette,data/imagenette2-320/val/n03000684/n03000684_4401.JPEG,n03000684,491,chain saw,webp,77,491,chain saw,0.07673576474189758,True,28019,23126,1.2115800397820635,36.00861826129319,0.9680875953943439
imagenette,data/imagenette2-320/val/n03000684/n03000684_441.JPEG,n03000684,491,chain saw,webp,77,491,chain saw,0.48417267203330994,True,31729,26176,1.212140892420538,34.764750127742936,0.9669397632185341
imagenette,data/imagenette2-320/val/n03000684/n03000684_4472.JPEG,n03000684,491,chain saw,webp,77,491,chain saw,0.27470725774765015,True,32987,27950,1.1802146690518784,34.56907370790629,0.958623126100842
imagenette,data/imagenette2-320/val/n03000684/n03000684_4631.JPEG,n03000684,491,chain saw,webp,77,491,chain saw,0.3154512047767639,True,35033,33070,1.0593589355911703,34.82075375595865,0.9623993792210149
imagenette,data/imagenette2-320/val/n03000684/n03000684_481.JPEG,n03000684,491,chain saw,webp,77,491,chain saw,0.5943285226821899,True,29730,25278,1.1761215286019464,35.71935974913289,0.9593573482160408
imagenette,data/imagenette2-320/val/n03000684/n03000684_501.JPEG,n03000684,491,chain saw,webp,77,491,chain saw,0.7169885635375977,True,26428,21894,1.2070887001004842,35.4942216984133,0.9707703592637507
imagenette,data/imagenette2-320/val/n03000684/n03000684_502.JPEG,n03000684,491,chain saw,webp,77,634,lumbermill,0.31247803568840027,False,39378,36028,1.0929832352614632,34.46685449124415,0.9706637027934678
imagenette,data/imagenette2-320/val/n03000684/n03000684_5041.JPEG,n03000684,491,chain saw,webp,77,491,chain saw,0.3547924757003784,True,24165,14544,1.661509900990099,38.0961710103234,0.9769212111024049
imagenette,data/imagenette2-320/val/n03000684/n03000684_5230.JPEG,n03000684,491,chain saw,webp,77,491,chain saw,0.27174052596092224,True,38856,36510,1.0642563681183237,35.1606306165322,0.9618493603072422
imagenette,data/imagenette2-320/val/n03000684/n03000684_5231.JPEG,n03000684,491,chain saw,webp,77,491,chain saw,0.6408249139785767,True,20305,13732,1.478662976988057,35.98986373419687,0.9688768313476065
imagenette,data/imagenette2-320/val/n03000684/n03000684_5500.JPEG,n03000684,491,chain saw,webp,77,491,chain saw,0.31055569648742676,True,29418,21168,1.3897392290249433,37.259339184076254,0.953429305424227
imagenette,data/imagenette2-320/val/n03000684/n03000684_5641.JPEG,n03000684,491,chain saw,webp,77,491,chain saw,0.52843177318573,True,26856,24354,1.1027346637102735,36.14190514158978,0.9501328434641328
imagenette,data/imagenette2-320/val/n03000684/n03000684_5692.JPEG,n03000684,491,chain saw,webp,77,491,chain saw,0.30077290534973145,True,17658,9470,1.864625131995776,38.56688600495911,0.9746379990400444
imagenette,data/imagenette2-320/val/n03000684/n03000684_580.JPEG,n03000684,491,chain saw,webp,77,491,chain saw,0.36715415120124817,True,24649,16880,1.4602488151658768,37.276535820443456,0.9607609966668192
imagenette,data/imagenette2-320/val/n03000684/n03000684_5841.JPEG,n03000684,491,chain saw,webp,77,491,chain saw,0.5566903948783875,True,19467,9318,2.089182227945911,38.810123585711956,0.9762784367652716
imagenette,data/imagenette2-320/val/n03000684/n03000684_590.JPEG,n03000684,491,chain saw,webp,77,491,chain saw,0.5981903076171875,True,24901,16348,1.5231832640078298,36.85740332322592,0.959730555407695
imagenette,data/imagenette2-320/val/n03000684/n03000684_5910.JPEG,n03000684,491,chain saw,webp,77,634,lumbermill,0.06759584695100784,False,42548,40250,1.0570931677018633,34.1871869807457,0.9743143539162142
imagenette,data/imagenette2-320/val/n03000684/n03000684_5970.JPEG,n03000684,491,chain saw,webp,77,491,chain saw,0.4230513870716095,True,18779,12394,1.5151686299822495,36.43562017231969,0.9355748735337879
imagenette,data/imagenette2-320/val/n03000684/n03000684_5981.JPEG,n03000684,491,chain saw,webp,77,491,chain saw,0.5443257689476013,True,12448,6396,1.9462163852407754,41.38202881472063,0.9799580283865835
imagenette,data/imagenette2-320/val/n03000684/n03000684_6020.JPEG,n03000684,491,chain saw,webp,77,491,chain saw,0.3402358889579773,True,59243,47202,1.2550951230880047,34.124270879872185,0.9687469592348328
imagenette,data/imagenette2-320/val/n03000684/n03000684_6021.JPEG,n03000684,491,chain saw,webp,77,491,chain saw,0.4267292618751526,True,12670,5664,2.2369350282485874,43.947177087935714,0.9860764566373387
imagenette,data/imagenette2-320/val/n03000684/n03000684_6050.JPEG,n03000684,491,chain saw,webp,77,491,chain saw,0.2006753385066986,True,48915,47382,1.0323540585032291,33.89647343797339,0.9772302289765508
imagenette,data/imagenette2-320/val/n03000684/n03000684_6131.JPEG,n03000684,491,chain saw,webp,77,461,breastplate,0.1969410479068756,False,29161,22808,1.2785426166257454,35.19182838047995,0.9561449387286212
imagenette,data/imagenette2-320/val/n03000684/n03000684_6142.JPEG,n03000684,491,chain saw,webp,77,491,chain saw,0.2798757255077362,True,59104,59538,0.9927105378077866,33.768429954299634,0.9841048595185743
imagenette,data/imagenette2-320/val/n03000684/n03000684_6160.JPEG,n03000684,491,chain saw,webp,77,491,chain saw,0.16801875829696655,True,24992,18974,1.3171708653947507,36.527614383449134,0.942957924693129
imagenette,data/imagenette2-320/val/n03000684/n03000684_6220.JPEG,n03000684,491,chain saw,webp,77,491,chain saw,0.5880957841873169,True,15956,9320,1.7120171673819742,40.87140238903679,0.9763998324080507
imagenette,data/imagenette2-320/val/n03000684/n03000684_6292.JPEG,n03000684,491,chain saw,webp,77,491,chain saw,0.5683575868606567,True,17453,7508,2.324587107085775,43.027774884584964,0.9874231615060288
imagenette,data/imagenette2-320/val/n03000684/n03000684_6341.JPEG,n03000684,491,chain saw,webp,77,491,chain saw,0.45250204205513,True,8886,4604,1.9300608166811468,39.93721319149643,0.9690115986237782
imagenette,data/imagenette2-320/val/n03000684/n03000684_6392.JPEG,n03000684,491,chain saw,webp,77,491,chain saw,0.10194335877895355,True,11770,7178,1.6397325160211758,39.61123884656154,0.9840746126561566
imagenette,data/imagenette2-320/val/n03000684/n03000684_6460.JPEG,n03000684,491,chain saw,webp,77,491,chain saw,0.7564533948898315,True,25357,21318,1.1894643024673985,35.33613789396439,0.9735953353952523
imagenette,data/imagenette2-320/val/n03000684/n03000684_6471.JPEG,n03000684,491,chain saw,webp,77,491,chain saw,0.21826578676700592,True,23431,18312,1.2795434687636522,36.30760554563288,0.956478042550564
imagenette,data/imagenette2-320/val/n03000684/n03000684_6552.JPEG,n03000684,491,chain saw,webp,77,491,chain saw,0.3061322569847107,True,17923,8764,2.0450707439525333,41.0589738400471,0.9818160744297243
imagenette,data/imagenette2-320/val/n03000684/n03000684_661.JPEG,n03000684,491,chain saw,webp,77,491,chain saw,0.24485111236572266,True,53238,52714,1.0099404332814812,33.89952041934505,0.9813624551561994
imagenette,data/imagenette2-320/val/n03000684/n03000684_6632.JPEG,n03000684,491,chain saw,webp,77,491,chain saw,0.41095465421676636,True,23368,15178,1.5395967848201344,36.94662320488042,0.9335543195568065
imagenette,data/imagenette2-320/val/n03000684/n03000684_6640.JPEG,n03000684,491,chain saw,webp,77,491,chain saw,0.13386170566082,True,26284,19656,1.3371998371998373,36.05713294370355,0.9470845462766383
imagenette,data/imagenette2-320/val/n03000684/n03000684_6710.JPEG,n03000684,491,chain saw,webp,77,491,chain saw,0.5201295614242554,True,30169,21060,1.4325261158594491,36.600222087008255,0.9654277434369996
imagenette,data/imagenette2-320/val/n03000684/n03000684_672.JPEG,n03000684,491,chain saw,webp,77,491,chain saw,0.4330070912837982,True,24674,20006,1.2333300009997001,35.07155763897686,0.9702616833709211
imagenette,data/imagenette2-320/val/n03000684/n03000684_6761.JPEG,n03000684,491,chain saw,webp,77,491,chain saw,0.3924045264720917,True,41842,40578,1.0311498841736901,34.73944702800699,0.9787215530197941
imagenette,data/imagenette2-320/val/n03000684/n03000684_6822.JPEG,n03000684,491,chain saw,webp,77,491,chain saw,0.5151636004447937,True,36649,31454,1.1651618236154384,35.336701500098876,0.9620026315856979
imagenette,data/imagenette2-320/val/n03000684/n03000684_6881.JPEG,n03000684,491,chain saw,webp,77,491,chain saw,0.07706759870052338,True,40707,40072,1.0158464763425834,34.423081824428884,0.9720839843566256
imagenette,data/imagenette2-320/val/n03000684/n03000684_6992.JPEG,n03000684,491,chain saw,webp,77,491,chain saw,0.07375989109277725,True,29631,23348,1.2691022785677575,35.624253752082815,0.9588887162054741
imagenette,data/imagenette2-320/val/n03000684/n03000684_7012.JPEG,n03000684,491,chain saw,webp,77,491,chain saw,0.37657421827316284,True,17858,14348,1.24463339838305,36.84479389511827,0.969707197156815
imagenette,data/imagenette2-320/val/n03000684/n03000684_7050.JPEG,n03000684,491,chain saw,webp,77,491,chain saw,0.3903754651546478,True,34156,32256,1.0589037698412698,34.98974212230665,0.972886451642975
imagenette,data/imagenette2-320/val/n03000684/n03000684_711.JPEG,n03000684,491,chain saw,webp,77,491,chain saw,0.5540796518325806,True,37111,33300,1.1144444444444443,35.370883367590345,0.9747453944163161
imagenette,data/imagenette2-320/val/n03000684/n03000684_7132.JPEG,n03000684,491,chain saw,webp,77,491,chain saw,0.5316282510757446,True,35071,31562,1.111177998859388,35.185625497106955,0.9625550904355067
imagenette,data/imagenette2-320/val/n03000684/n03000684_7152.JPEG,n03000684,491,chain saw,webp,77,491,chain saw,0.2212759405374527,True,29766,24950,1.1930260521042084,35.7567355455267,0.955161773152534
imagenette,data/imagenette2-320/val/n03000684/n03000684_7161.JPEG,n03000684,491,chain saw,webp,77,491,chain saw,0.4078693687915802,True,44489,42470,1.0475394396044266,34.64128096736899,0.9811358683373991
imagenette,data/imagenette2-320/val/n03000684/n03000684_7222.JPEG,n03000684,491,chain saw,webp,77,491,chain saw,0.6155664324760437,True,17835,11018,1.6187148302777274,38.84539681378847,0.9697760729121746
imagenette,data/imagenette2-320/val/n03000684/n03000684_731.JPEG,n03000684,491,chain saw,webp,77,491,chain saw,0.634124219417572,True,16005,11398,1.4041937181961748,37.72206434731125,0.982724323603167
imagenette,data/imagenette2-320/val/n03000684/n03000684_7312.JPEG,n03000684,491,chain saw,webp,77,491,chain saw,0.3221908509731293,True,22894,13412,1.7069788249328959,37.84786103844309,0.9774626584925409
imagenette,data/imagenette2-320/val/n03000684/n03000684_7360.JPEG,n03000684,491,chain saw,webp,77,491,chain saw,0.5866087079048157,True,8359,4990,1.6751503006012025,38.514915069826046,0.9757476709104949
imagenette,data/imagenette2-320/val/n03000684/n03000684_7400.JPEG,n03000684,491,chain saw,webp,77,491,chain saw,0.4114770293235779,True,18198,13068,1.3925619834710743,36.28788558781088,0.9715292511211819
imagenette,data/imagenette2-320/val/n03000684/n03000684_7460.JPEG,n03000684,491,chain saw,webp,77,491,chain saw,0.32786136865615845,True,58144,56066,1.0370634609210574,33.28791221994421,0.9761108990138436
imagenette,data/imagenette2-320/val/n03000684/n03000684_7620.JPEG,n03000684,491,chain saw,webp,77,491,chain saw,0.5017499327659607,True,34318,29904,1.147605671482076,34.79483798616155,0.9623894839696318
imagenette,data/imagenette2-320/val/n03000684/n03000684_7671.JPEG,n03000684,491,chain saw,webp,77,491,chain saw,0.2899666428565979,True,24413,17666,1.3819200724555643,37.21285404808566,0.9411189302818291
imagenette,data/imagenette2-320/val/n03000684/n03000684_7790.JPEG,n03000684,491,chain saw,webp,77,491,chain saw,0.44242939352989197,True,41555,37858,1.0976543927307307,34.97136368942839,0.9723831827670221
imagenette,data/imagenette2-320/val/n03000684/n03000684_7822.JPEG,n03000684,491,chain saw,webp,77,491,chain saw,0.43858802318573,True,25540,19916,1.2823860212894156,36.40030456653159,0.9548719966966868
imagenette,data/imagenette2-320/val/n03000684/n03000684_7881.JPEG,n03000684,491,chain saw,webp,77,491,chain saw,0.27497848868370056,True,14081,9270,1.5189859762675297,38.97172244525774,0.9840054235186605
imagenette,data/imagenette2-320/val/n03000684/n03000684_7920.JPEG,n03000684,491,chain saw,webp,77,491,chain saw,0.24898356199264526,True,12687,6176,2.0542422279792745,42.829720029537356,0.987666127801155
imagenette,data/imagenette2-320/val/n03000684/n03000684_802.JPEG,n03000684,491,chain saw,webp,77,491,chain saw,0.9233576059341431,True,39090,35294,1.1075536918456395,34.79443701672233,0.9711607514051034
imagenette,data/imagenette2-320/val/n03000684/n03000684_8071.JPEG,n03000684,491,chain saw,webp,77,491,chain saw,0.38647112250328064,True,15414,9158,1.6831185848438524,39.54861634906823,0.9699536442938946
imagenette,data/imagenette2-320/val/n03000684/n03000684_8140.JPEG,n03000684,491,chain saw,webp,77,491,chain saw,0.5203941464424133,True,28464,21368,1.332085361287907,36.259450647399284,0.9522562998170776
imagenette,data/imagenette2-320/val/n03000684/n03000684_8190.JPEG,n03000684,491,chain saw,webp,77,491,chain saw,0.4970550239086151,True,53219,52822,1.007515807807353,34.18760929899344,0.9848225410912815
imagenette,data/imagenette2-320/val/n03000684/n03000684_82.JPEG,n03000684,491,chain saw,webp,77,491,chain saw,0.1616283506155014,True,38751,36816,1.052558670143416,34.9666709585609,0.9736134369285346
imagenette,data/imagenette2-320/val/n03000684/n03000684_8220.JPEG,n03000684,491,chain saw,webp,77,491,chain saw,0.35045960545539856,True,44443,42978,1.0340872074084415,34.201352319332855,0.982207990277475
imagenette,data/imagenette2-320/val/n03000684/n03000684_8241.JPEG,n03000684,491,chain saw,webp,77,491,chain saw,0.7173553705215454,True,28413,21566,1.317490494296578,35.618291253139034,0.9457138516438753
imagenette,data/imagenette2-320/val/n03000684/n03000684_8411.JPEG,n03000684,491,chain saw,webp,77,491,chain saw,0.5932894349098206,True,6714,2304,2.9140625,43.175504769193296,0.991399809281383
imagenette,data/imagenette2-320/val/n03000684/n03000684_8502.JPEG,n03000684,491,chain saw,webp,77,491,chain saw,0.12594422698020935,True,25222,20054,1.2577041986636082,36.47514873716616,0.9656901697290771
imagenette,data/imagenette2-320/val/n03000684/n03000684_851.JPEG,n03000684,491,chain saw,webp,77,491,chain saw,0.16680370271205902,True,18030,11508,1.5667361835245046,37.70524374085809,0.9585451625937202
imagenette,data/imagenette2-320/val/n03000684/n03000684_8522.JPEG,n03000684,491,chain saw,webp,77,491,chain saw,0.42794203758239746,True,47796,46566,1.0264141218915088,33.70057765583733,0.9815474194675393
imagenette,data/imagenette2-320/val/n03000684/n03000684_8560.JPEG,n03000684,491,chain saw,webp,77,491,chain saw,0.43818414211273193,True,44559,41716,1.0681513088503212,34.623695572154276,0.9774527648529375
imagenette,data/imagenette2-320/val/n03000684/n03000684_8580.JPEG,n03000684,491,chain saw,webp,77,491,chain saw,0.29552626609802246,True,19214,12274,1.5654228450382923,37.88588635687792,0.9692987576573883
imagenette,data/imagenette2-320/val/n03000684/n03000684_8651.JPEG,n03000684,491,chain saw,webp,77,491,chain saw,0.30723676085472107,True,46897,44698,1.0491968320730234,34.207025823642766,0.9824439853085304
imagenette,data/imagenette2-320/val/n03000684/n03000684_8692.JPEG,n03000684,491,chain saw,webp,77,491,chain saw,0.31335923075675964,True,34615,33484,1.033777326484291,33.65188831250015,0.9769697576831731
imagenette,data/imagenette2-320/val/n03000684/n03000684_8800.JPEG,n03000684,491,chain saw,webp,77,830,stretcher,0.14214394986629486,False,49349,45432,1.0862167635147033,33.782085484541575,0.9798797109215892
imagenette,data/imagenette2-320/val/n03000684/n03000684_882.JPEG,n03000684,491,chain saw,webp,77,491,chain saw,0.7268921732902527,True,20582,14776,1.3929344883595018,37.290781264282145,0.9740304814505709
imagenette,data/imagenette2-320/val/n03000684/n03000684_8831.JPEG,n03000684,491,chain saw,webp,77,491,chain saw,0.6399203538894653,True,34816,32926,1.057401445666039,35.06612595268371,0.9578062858580799
imagenette,data/imagenette2-320/val/n03000684/n03000684_8890.JPEG,n03000684,491,chain saw,webp,77,491,chain saw,0.13853873312473297,True,47220,46382,1.018067353714803,34.4246489828303,0.981960178617496
imagenette,data/imagenette2-320/val/n03000684/n03000684_900.JPEG,n03000684,491,chain saw,webp,77,491,chain saw,0.879943311214447,True,42848,41158,1.0410612760581175,34.12786455986816,0.9716330065377458
imagenette,data/imagenette2-320/val/n03000684/n03000684_902.JPEG,n03000684,491,chain saw,webp,77,491,chain saw,0.477716326713562,True,19723,11144,1.7698312993539125,39.718939064349385,0.9813720442795321
imagenette,data/imagenette2-320/val/n03000684/n03000684_9182.JPEG,n03000684,491,chain saw,webp,77,491,chain saw,0.30594924092292786,True,36759,33946,1.0828669062628882,35.01845040149081,0.9653097084733183
imagenette,data/imagenette2-320/val/n03000684/n03000684_9260.JPEG,n03000684,491,chain saw,webp,77,491,chain saw,0.22548693418502808,True,49129,48592,1.0110512018439248,34.26662564555595,0.9853276624394208
imagenette,data/imagenette2-320/val/n03000684/n03000684_931.JPEG,n03000684,491,chain saw,webp,77,491,chain saw,0.392930805683136,True,23176,10864,2.133284241531664,38.75098440336905,0.980161547162599
imagenette,data/imagenette2-320/val/n03000684/n03000684_9311.JPEG,n03000684,491,chain saw,webp,77,491,chain saw,0.2769668400287628,True,33834,31458,1.0755292771314133,34.93046753985259,0.9698061469509777
imagenette,data/imagenette2-320/val/n03000684/n03000684_9390.JPEG,n03000684,491,chain saw,webp,77,491,chain saw,0.5564087629318237,True,39310,37578,1.0460907978072276,34.646256603474214,0.9698045307642807
imagenette,data/imagenette2-320/val/n03000684/n03000684_9440.JPEG,n03000684,491,chain saw,webp,77,491,chain saw,0.48211669921875,True,51219,51470,0.9951233728385467,34.14033202793002,0.9830174141975686
imagenette,data/imagenette2-320/val/n03000684/n03000684_9452.JPEG,n03000684,491,chain saw,webp,77,491,chain saw,0.2428642213344574,True,54066,53558,1.0094850442510923,34.17193235058634,0.9819952753856743
imagenette,data/imagenette2-320/val/n03000684/n03000684_9470.JPEG,n03000684,491,chain saw,webp,77,491,chain saw,0.5309906005859375,True,21782,13532,1.6096659769435413,38.53134787411863,0.978660638918837
imagenette,data/imagenette2-320/val/n03000684/n03000684_9612.JPEG,n03000684,491,chain saw,webp,77,491,chain saw,0.3055233359336853,True,20896,13738,1.5210365409812199,37.21614231065638,0.9498349373284368
imagenette,data/imagenette2-320/val/n03000684/n03000684_9741.JPEG,n03000684,491,chain saw,webp,77,491,chain saw,0.5625765919685364,True,19498,12126,1.607949859805377,38.26655928184035,0.949481886027456
imagenette,data/imagenette2-320/val/n03000684/n03000684_9752.JPEG,n03000684,491,chain saw,webp,77,491,chain saw,0.13732704520225525,True,44517,44806,0.9935499709860287,34.36863410761303,0.9768711107613277
imagenette,data/imagenette2-320/val/n03000684/n03000684_9881.JPEG,n03000684,491,chain saw,webp,77,491,chain saw,0.504521906375885,True,19450,10180,1.9106090373280944,41.13108393001839,0.9794390692772631
imagenette,data/imagenette2-320/val/n03000684/n03000684_9942.JPEG,n03000684,491,chain saw,webp,77,491,chain saw,0.12802183628082275,True,28991,22752,1.2742176511954992,35.78048164395753,0.9570496717266197
imagenette,data/imagenette2-320/val/n03028079/ILSVRC2012_val_00003351.JPEG,n03028079,497,church,webp,77,562,fountain,0.22024524211883545,False,15185,11892,1.2769088462832157,38.362364915849554,0.9716963737826635
imagenette,data/imagenette2-320/val/n03028079/ILSVRC2012_val_00003682.JPEG,n03028079,497,church,webp,77,663,monastery,0.1656549870967865,False,31813,25180,1.2634233518665607,34.690801759966696,0.9629940294539104
imagenette,data/imagenette2-320/val/n03028079/ILSVRC2012_val_00004912.JPEG,n03028079,497,church,webp,77,497,church,0.16743247210979462,True,21500,15954,1.3476244202080983,36.87296656325962,0.9604399366919236
imagenette,data/imagenette2-320/val/n03028079/ILSVRC2012_val_00007400.JPEG,n03028079,497,church,webp,77,406,altar,0.3809089660644531,False,12932,8312,1.555822906641001,39.232568991549115,0.9733453079571097
imagenette,data/imagenette2-320/val/n03028079/ILSVRC2012_val_00010770.JPEG,n03028079,497,church,webp,77,884,vault,0.2942134737968445,False,39342,36964,1.0643328644086139,34.088428390560985,0.9796936043959805
imagenette,data/imagenette2-320/val/n03028079/ILSVRC2012_val_00016542.JPEG,n03028079,497,church,webp,77,663,monastery,0.25799646973609924,False,24561,20608,1.1918187111801242,36.62065077839711,0.9651036970389315
imagenette,data/imagenette2-320/val/n03028079/ILSVRC2012_val_00016832.JPEG,n03028079,497,church,webp,77,497,church,0.15151774883270264,True,33534,30192,1.1106915739268681,36.16250572485801,0.9727085490774803
imagenette,data/imagenette2-320/val/n03028079/ILSVRC2012_val_00019331.JPEG,n03028079,497,church,webp,77,663,monastery,0.4216514825820923,False,41655,40446,1.0298917074618008,34.60428337789162,0.9758161400122934
imagenette,data/imagenette2-320/val/n03028079/ILSVRC2012_val_00019711.JPEG,n03028079,497,church,webp,77,442,bell cote,0.35591888427734375,False,22971,18316,1.254149377593361,36.8779339168534,0.9687248945356327
imagenette,data/imagenette2-320/val/n03028079/ILSVRC2012_val_00023000.JPEG,n03028079,497,church,webp,77,442,bell cote,0.3682374656200409,False,24928,19868,1.2546808938997382,36.24519831430768,0.9452243807307154
imagenette,data/imagenette2-320/val/n03028079/ILSVRC2012_val_00023291.JPEG,n03028079,497,church,webp,77,884,vault,0.5294141173362732,False,32028,25490,1.2564927422518635,35.400103932455146,0.9539791718799497
imagenette,data/imagenette2-320/val/n03028079/ILSVRC2012_val_00026451.JPEG,n03028079,497,church,webp,77,406,altar,0.17388302087783813,False,39297,36108,1.0883183781987371,34.337667543887,0.9766770326907027
imagenette,data/imagenette2-320/val/n03028079/ILSVRC2012_val_00028310.JPEG,n03028079,497,church,webp,77,483,castle,0.32563692331314087,False,30072,25930,1.159737755495565,34.436367888165094,0.9609531628875511
imagenette,data/imagenette2-320/val/n03028079/ILSVRC2012_val_00029870.JPEG,n03028079,497,church,webp,77,497,church,0.18946786224842072,True,31557,27018,1.1679991117033088,35.33548034458579,0.971107524780674
imagenette,data/imagenette2-320/val/n03028079/ILSVRC2012_val_00034021.JPEG,n03028079,497,church,webp,77,483,castle,0.26661938428878784,False,18682,14306,1.3058856423878094,37.15438996844429,0.9499254509976494
imagenette,data/imagenette2-320/val/n03028079/ILSVRC2012_val_00034220.JPEG,n03028079,497,church,webp,77,497,church,0.1593644767999649,True,39187,37186,1.0538105738718873,34.57801456905908,0.9759823117768165
imagenette,data/imagenette2-320/val/n03028079/ILSVRC2012_val_00046232.JPEG,n03028079,497,church,webp,77,884,vault,0.505500078201294,False,26243,19120,1.372541841004184,36.59359771106879,0.9547902376344606
imagenette,data/imagenette2-320/val/n03028079/ILSVRC2012_val_00046550.JPEG,n03028079,497,church,webp,77,497,church,0.2649587392807007,True,19981,14376,1.38988592097941,37.57754534490885,0.9742911213283403
imagenette,data/imagenette2-320/val/n03028079/ILSVRC2012_val_00048382.JPEG,n03028079,497,church,webp,77,663,monastery,0.297578364610672,False,22542,17046,1.3224216825061599,37.323699043366396,0.9671399993855182
imagenette,data/imagenette2-320/val/n03028079/n03028079_1.JPEG,n03028079,497,church,webp,77,497,church,0.630866527557373,True,25234,17318,1.4570966624321515,37.84003904239349,0.9630130064030636
imagenette,data/imagenette2-320/val/n03028079/n03028079_1002.JPEG,n03028079,497,church,webp,77,442,bell cote,0.1684388816356659,False,17434,12210,1.4278460278460279,37.50011144937334,0.9603040744574054
imagenette,data/imagenette2-320/val/n03028079/n03028079_10020.JPEG,n03028079,497,church,webp,77,663,monastery,0.15128396451473236,False,13381,8494,1.5753473039792796,37.30592987596343,0.9351767558641727
imagenette,data/imagenette2-320/val/n03028079/n03028079_10032.JPEG,n03028079,497,church,webp,77,497,church,0.17647342383861542,True,41688,38642,1.0788261477149217,33.81276325322704,0.9695919907137484
imagenette,data/imagenette2-320/val/n03028079/n03028079_10040.JPEG,n03028079,497,church,webp,77,884,vault,0.26519814133644104,False,39568,35412,1.1173613464362364,34.13557030569524,0.9677857611398849
imagenette,data/imagenette2-320/val/n03028079/n03028079_10060.JPEG,n03028079,497,church,webp,77,497,church,0.1335252970457077,True,47674,46052,1.0352210544601754,33.704551637066714,0.9826931762748621
imagenette,data/imagenette2-320/val/n03028079/n03028079_10111.JPEG,n03028079,497,church,webp,77,884,vault,0.0998573824763298,False,30460,24918,1.222409503170399,34.74864138685072,0.9450777016617641
imagenette,data/imagenette2-320/val/n03028079/n03028079_10141.JPEG,n03028079,497,church,webp,77,970,alp,0.2358018457889557,False,13063,7946,1.6439718097155802,38.63506079318342,0.9371305740215649
imagenette,data/imagenette2-320/val/n03028079/n03028079_10191.JPEG,n03028079,497,church,webp,77,663,monastery,0.168582022190094,False,54477,52800,1.0317613636363636,33.80827319577893,0.9833790164446826
imagenette,data/imagenette2-320/val/n03028079/n03028079_102.JPEG,n03028079,497,church,webp,77,663,monastery,0.2553849518299103,False,20960,15174,1.3813101357585342,36.59459740923825,0.9673110670688786
imagenette,data/imagenette2-320/val/n03028079/n03028079_10230.JPEG,n03028079,497,church,webp,77,497,church,0.31248727440834045,True,50494,46954,1.0753929377688802,33.38516353367823,0.975066295613745
imagenette,data/imagenette2-320/val/n03028079/n03028079_10241.JPEG,n03028079,497,church,webp,77,497,church,0.22942744195461273,True,21730,17320,1.2546189376443417,37.6441084894489,0.9777747347147301
imagenette,data/imagenette2-320/val/n03028079/n03028079_10410.JPEG,n03028079,497,church,webp,77,483,castle,0.16531191766262054,False,10441,5122,2.0384615384615383,39.25194866369967,0.9487799465247652
imagenette,data/imagenette2-320/val/n03028079/n03028079_10451.JPEG,n03028079,497,church,webp,77,497,church,0.19449344277381897,True,36469,31104,1.172485853909465,34.73625585822715,0.9639038076929852
imagenette,data/imagenette2-320/val/n03028079/n03028079_10452.JPEG,n03028079,497,church,webp,77,442,bell cote,0.13440902531147003,False,17111,11548,1.4817284378247315,37.02113591168218,0.9408358126972395
imagenette,data/imagenette2-320/val/n03028079/n03028079_10511.JPEG,n03028079,497,church,webp,77,442,bell cote,0.1419631838798523,False,30772,25012,1.2302894610586919,36.31262659092199,0.9629931574487935
imagenette,data/imagenette2-320/val/n03028079/n03028079_105232.JPEG,n03028079,497,church,webp,77,497,church,0.22240543365478516,True,21088,15608,1.3511019989748847,37.218335124402124,0.975039267773749
imagenette,data/imagenette2-320/val/n03028079/n03028079_10590.JPEG,n03028079,497,church,webp,77,497,church,0.38643917441368103,True,19408,14266,1.3604374036169915,37.162939762665644,0.9661389740416779
imagenette,data/imagenette2-320/val/n03028079/n03028079_10611.JPEG,n03028079,497,church,webp,77,663,monastery,0.27359309792518616,False,28196,24324,1.1591843446801513,34.875416278673484,0.963201262432334
imagenette,data/imagenette2-320/val/n03028079/n03028079_10631.JPEG,n03028079,497,church,webp,77,497,church,0.2494053691625595,True,31522,25226,1.2495837627844288,35.138508439302996,0.9721122487068476
imagenette,data/imagenette2-320/val/n03028079/n03028079_108321.JPEG,n03028079,497,church,webp,77,497,church,0.16828370094299316,True,49352,47436,1.0403912640188886,32.96859897747772,0.9806446531736547
imagenette,data/imagenette2-320/val/n03028079/n03028079_1090.JPEG,n03028079,497,church,webp,77,442,bell cote,0.2515780031681061,False,25971,22724,1.1428885759549374,35.17266358423379,0.9690079542811804
imagenette,data/imagenette2-320/val/n03028079/n03028079_1091.JPEG,n03028079,497,church,webp,77,497,church,0.3168092370033264,True,14754,9678,1.5244885306881588,37.91735388544516,0.9677201541255354
imagenette,data/imagenette2-320/val/n03028079/n03028079_1102.JPEG,n03028079,497,church,webp,77,497,church,0.4527127146720886,True,20640,14082,1.4657008947592671,37.4126324526631,0.9667861542561343
imagenette,data/imagenette2-320/val/n03028079/n03028079_110420.JPEG,n03028079,497,church,webp,77,497,church,0.24888868629932404,True,21133,16850,1.2541839762611275,36.28707683297298,0.976540874280864
imagenette,data/imagenette2-320/val/n03028079/n03028079_11111.JPEG,n03028079,497,church,webp,77,497,church,0.3653779923915863,True,41732,38178,1.0930902614070932,33.609763626601755,0.9592256252907748
imagenette,data/imagenette2-320/val/n03028079/n03028079_11250.JPEG,n03028079,497,church,webp,77,497,church,0.40025168657302856,True,12789,7398,1.7287104622871046,39.04299585338197,0.9624661169554866
imagenette,data/imagenette2-320/val/n03028079/n03028079_112802.JPEG,n03028079,497,church,webp,77,497,church,0.4368175268173218,True,31423,25994,1.2088558898207278,35.60619358209496,0.9775356925868692
imagenette,data/imagenette2-320/val/n03028079/n03028079_113001.JPEG,n03028079,497,church,webp,77,884,vault,0.35776862502098083,False,23219,16564,1.40177493359092,37.34179648321186,0.9566326689296991
imagenette,data/imagenette2-320/val/n03028079/n03028079_11401.JPEG,n03028079,497,church,webp,77,663,monastery,0.18510092794895172,False,47050,44024,1.0687352353261856,34.13512194531096,0.9721968387422036
imagenette,data/imagenette2-320/val/n03028079/n03028079_11591.JPEG,n03028079,497,church,webp,77,497,church,0.27377012372016907,True,26905,22308,1.206069571454187,36.286500535375254,0.9636824803401322
imagenette,data/imagenette2-320/val/n03028079/n03028079_116072.JPEG,n03028079,497,church,webp,77,497,church,0.3787873387336731,True,26466,23854,1.1094994550180264,37.06379710794963,0.9696337197400761
imagenette,data/imagenette2-320/val/n03028079/n03028079_12061.JPEG,n03028079,497,church,webp,77,497,church,0.3869399130344391,True,43796,41132,1.0647670913157639,34.18117247571379,0.9755829142455203
imagenette,data/imagenette2-320/val/n03028079/n03028079_12090.JPEG,n03028079,497,church,webp,77,497,church,0.2638322114944458,True,30366,26412,1.1497046796910495,35.86236748561507,0.9716663225009251
imagenette,data/imagenette2-320/val/n03028079/n03028079_122592.JPEG,n03028079,497,church,webp,77,978,seashore,0.08770429342985153,False,15452,9438,1.63721127357491,37.93633802823001,0.9435968028100516
imagenette,data/imagenette2-320/val/n03028079/n03028079_12330.JPEG,n03028079,497,church,webp,77,663,monastery,0.5759188532829285,False,30138,24648,1.222736124634859,35.739453159687116,0.9647209640135254
imagenette,data/imagenette2-320/val/n03028079/n03028079_12681.JPEG,n03028079,497,church,webp,77,442,bell cote,0.2585899233818054,False,16494,11446,1.4410274331644242,38.249167000513,0.9774043045070683
imagenette,data/imagenette2-320/val/n03028079/n03028079_12732.JPEG,n03028079,497,church,webp,77,497,church,0.149455264210701,True,26119,20248,1.2899545634136704,36.79494649340389,0.9652162317545869
imagenette,data/imagenette2-320/val/n03028079/n03028079_12802.JPEG,n03028079,497,church,webp,77,497,church,0.6536785364151001,True,35335,30432,1.161113301787592,36.99770843098765,0.9750131987963221
imagenette,data/imagenette2-320/val/n03028079/n03028079_12812.JPEG,n03028079,497,church,webp,77,442,bell cote,0.18155106902122498,False,13114,7734,1.69562968709594,38.46206672993598,0.9552455524564746
imagenette,data/imagenette2-320/val/n03028079/n03028079_13002.JPEG,n03028079,497,church,webp,77,497,church,0.233509361743927,True,19110,13344,1.4321043165467626,37.20647109294148,0.973645788328034
imagenette,data/imagenette2-320/val/n03028079/n03028079_13021.JPEG,n03028079,497,church,webp,77,442,bell cote,0.3415275514125824,False,31703,27918,1.1355756142990185,35.97261974190129,0.9711014586316491
imagenette,data/imagenette2-320/val/n03028079/n03028079_13251.JPEG,n03028079,497,church,webp,77,497,church,0.3759264647960663,True,16905,10600,1.594811320754717,37.84183667650727,0.9455166114272516
imagenette,data/imagenette2-320/val/n03028079/n03028079_13311.JPEG,n03028079,497,church,webp,77,682,obelisk,0.19043590128421783,False,9726,5108,1.90407204385278,42.07455741021589,0.9803186231914899
imagenette,data/imagenette2-320/val/n03028079/n03028079_1332.JPEG,n03028079,497,church,webp,77,442,bell cote,0.21804393827915192,False,30778,26952,1.14195607005046,34.70697939416072,0.957115169407456
imagenette,data/imagenette2-320/val/n03028079/n03028079_13331.JPEG,n03028079,497,church,webp,77,687,organ,0.16182325780391693,False,20558,13506,1.5221383088997482,37.614500828560494,0.955487895133405
imagenette,data/imagenette2-320/val/n03028079/n03028079_1350.JPEG,n03028079,497,church,webp,77,406,altar,0.3260406255722046,False,36487,32146,1.1350401294095689,34.69092632876841,0.9758279284697973
imagenette,data/imagenette2-320/val/n03028079/n03028079_13530.JPEG,n03028079,497,church,webp,77,663,monastery,0.36338987946510315,False,29754,24612,1.2089224768405655,35.634510397800916,0.9733511835034919
imagenette,data/imagenette2-320/val/n03028079/n03028079_13542.JPEG,n03028079,497,church,webp,77,497,church,0.18761850893497467,True,26340,22380,1.1769436997319034,34.87318242233662,0.9703963731628669
imagenette,data/imagenette2-320/val/n03028079/n03028079_13580.JPEG,n03028079,497,church,webp,77,497,church,0.2764219343662262,True,27352,21680,1.2616236162361623,35.974028743973065,0.9715954590133166
imagenette,data/imagenette2-320/val/n03028079/n03028079_13601.JPEG,n03028079,497,church,webp,77,442,bell cote,0.28736773133277893,False,31053,25694,1.208570094185413,36.061497112566364,0.9599529047679898
imagenette,data/imagenette2-320/val/n03028079/n03028079_1372.JPEG,n03028079,497,church,webp,77,497,church,0.3342481851577759,True,31959,27310,1.1702306847308679,35.163769656816214,0.962851815661812
imagenette,data/imagenette2-320/val/n03028079/n03028079_13721.JPEG,n03028079,497,church,webp,77,442,bell cote,0.20038758218288422,False,20828,15064,1.3826340945300053,37.3438081885576,0.9622162861396776
imagenette,data/imagenette2-320/val/n03028079/n03028079_1381.JPEG,n03028079,497,church,webp,77,497,church,0.14097166061401367,True,28111,23428,1.1998890216834557,35.402719388085956,0.9532882962825028
imagenette,data/imagenette2-320/val/n03028079/n03028079_13952.JPEG,n03028079,497,church,webp,77,497,church,0.41010499000549316,True,35107,31002,1.1324108122056642,36.01937710414283,0.9665463989375477
imagenette,data/imagenette2-320/val/n03028079/n03028079_13981.JPEG,n03028079,497,church,webp,77,442,bell cote,0.14239057898521423,False,28700,24502,1.171332952412048,35.45635022956647,0.9739399424014138
imagenette,data/imagenette2-320/val/n03028079/n03028079_14010.JPEG,n03028079,497,church,webp,77,497,church,0.6470326781272888,True,21167,16110,1.3139044072004966,36.85506960327233,0.9727587682835016
imagenette,data/imagenette2-320/val/n03028079/n03028079_14021.JPEG,n03028079,497,church,webp,77,497,church,0.3328281342983246,True,27095,23706,1.1429595882898844,35.44579525332602,0.9760284096483559
imagenette,data/imagenette2-320/val/n03028079/n03028079_14181.JPEG,n03028079,497,church,webp,77,406,altar,0.16737337410449982,False,43872,40568,1.0814435022677973,34.09208854098153,0.9669472983812568
imagenette,data/imagenette2-320/val/n03028079/n03028079_14192.JPEG,n03028079,497,church,webp,77,884,vault,0.29412317276000977,False,27806,22568,1.2320985466146757,36.88157394482006,0.9697249690848113
imagenette,data/imagenette2-320/val/n03028079/n03028079_14210.JPEG,n03028079,497,church,webp,77,497,church,0.46078070998191833,True,35268,28326,1.245075195933065,35.29073998437511,0.9663315934277397
imagenette,data/imagenette2-320/val/n03028079/n03028079_14310.JPEG,n03028079,497,church,webp,77,663,monastery,0.3296459913253784,False,18663,12602,1.4809554039041422,36.288114721990304,0.9662229200128701
imagenette,data/imagenette2-320/val/n03028079/n03028079_14371.JPEG,n03028079,497,church,webp,77,449,boathouse,0.1643953174352646,False,27686,21308,1.2993241974845129,35.01132606002954,0.9470005826890935
imagenette,data/imagenette2-320/val/n03028079/n03028079_14382.JPEG,n03028079,497,church,webp,77,497,church,0.6309100389480591,True,11049,6312,1.7504752851711027,39.691605707655924,0.9785608100049022
imagenette,data/imagenette2-320/val/n03028079/n03028079_14492.JPEG,n03028079,497,church,webp,77,497,church,0.18038758635520935,True,40186,38048,1.0561921783010935,35.77248253465164,0.9830137014062282
imagenette,data/imagenette2-320/val/n03028079/n03028079_14582.JPEG,n03028079,497,church,webp,77,483,castle,0.0644679069519043,False,28172,20692,1.3614923641987242,36.647315440529155,0.9667354165840362
imagenette,data/imagenette2-320/val/n03028079/n03028079_14600.JPEG,n03028079,497,church,webp,77,497,church,0.4823835790157318,True,24176,18156,1.3315708305794227,35.77443284990072,0.9510628954900101
imagenette,data/imagenette2-320/val/n03028079/n03028079_14621.JPEG,n03028079,497,church,webp,77,497,church,0.38596007227897644,True,35750,30710,1.1641159231520677,34.51282746108178,0.977623163579993
imagenette,data/imagenette2-320/val/n03028079/n03028079_14770.JPEG,n03028079,497,church,webp,77,442,bell cote,0.23922163248062134,False,27882,23190,1.2023285899094438,36.51584348171263,0.9714708426498951
imagenette,data/imagenette2-320/val/n03028079/n03028079_14860.JPEG,n03028079,497,church,webp,77,884,vault,0.0923619493842125,False,29230,23640,1.2364636209813875,35.60937398474745,0.9513238089001882
imagenette,data/imagenette2-320/val/n03028079/n03028079_14900.JPEG,n03028079,497,church,webp,77,681,notebook,0.1235441341996193,False,25542,19744,1.293658833063209,35.85422003796279,0.9545547174036124
imagenette,data/imagenette2-320/val/n03028079/n03028079_14910.JPEG,n03028079,497,church,webp,77,884,vault,0.4135218858718872,False,40620,37608,1.080089342693044,34.58750670981051,0.9785761482445338
imagenette,data/imagenette2-320/val/n03028079/n03028079_14920.JPEG,n03028079,497,church,webp,77,663,monastery,0.18906758725643158,False,8434,4366,1.9317453046266606,40.769386266786356,0.9673169750127021
imagenette,data/imagenette2-320/val/n03028079/n03028079_14992.JPEG,n03028079,497,church,webp,77,483,castle,0.1649170219898224,False,27181,23704,1.1466841039487006,35.477462273279635,0.965580180029428
imagenette,data/imagenette2-320/val/n03028079/n03028079_15002.JPEG,n03028079,497,church,webp,77,497,church,0.5248371362686157,True,32669,25466,1.282847718526663,35.797041255299305,0.9658139382579741
imagenette,data/imagenette2-320/val/n03028079/n03028079_1501.JPEG,n03028079,497,church,webp,77,698,palace,0.2311551719903946,False,35007,32050,1.0922620904836193,35.085222866198386,0.9781850191810108
imagenette,data/imagenette2-320/val/n03028079/n03028079_1502.JPEG,n03028079,497,church,webp,77,442,bell cote,0.28717905282974243,False,34300,29690,1.1552711350623106,35.63754529769494,0.9778183588756932
imagenette,data/imagenette2-320/val/n03028079/n03028079_15081.JPEG,n03028079,497,church,webp,77,442,bell cote,0.1982019692659378,False,15361,8678,1.7701083198893754,38.95318748408337,0.9596699150189507
imagenette,data/imagenette2-320/val/n03028079/n03028079_151.JPEG,n03028079,497,church,webp,77,497,church,0.23664243519306183,True,45932,44894,1.0231211297723526,34.91071635832787,0.9800090366241531
imagenette,data/imagenette2-320/val/n03028079/n03028079_15102.JPEG,n03028079,497,church,webp,77,497,church,0.28151652216911316,True,28113,24136,1.1647746105402719,35.38322045218139,0.9465597955596617
imagenette,data/imagenette2-320/val/n03028079/n03028079_15111.JPEG,n03028079,497,church,webp,77,497,church,0.49679747223854065,True,15843,10144,1.5618099369085174,37.961486196402866,0.9638858689037367
imagenette,data/imagenette2-320/val/n03028079/n03028079_15240.JPEG,n03028079,497,church,webp,77,497,church,0.2757282555103302,True,30422,25210,1.206743355811186,35.17023288331415,0.9598871465411135
imagenette,data/imagenette2-320/val/n03028079/n03028079_15262.JPEG,n03028079,497,church,webp,77,497,church,0.2755816578865051,True,20133,14928,1.3486736334405145,36.19701295342297,0.9524971422472747
imagenette,data/imagenette2-320/val/n03028079/n03028079_15370.JPEG,n03028079,497,church,webp,77,663,monastery,0.20340994000434875,False,24180,18770,1.2882258923814598,36.92364021245139,0.9607886339132875
imagenette,data/imagenette2-320/val/n03028079/n03028079_15381.JPEG,n03028079,497,church,webp,77,884,vault,0.18995477259159088,False,23924,18240,1.311622807017544,37.522337322139514,0.968399226119975
imagenette,data/imagenette2-320/val/n03028079/n03028079_15392.JPEG,n03028079,497,church,webp,77,497,church,0.16305512189865112,True,19107,11150,1.7136322869955156,38.30148068401096,0.9566577167087219
imagenette,data/imagenette2-320/val/n03028079/n03028079_15461.JPEG,n03028079,497,church,webp,77,497,church,0.16625462472438812,True,32441,27716,1.1704791456198587,34.99038775790541,0.9670693414596166
imagenette,data/imagenette2-320/val/n03028079/n03028079_15602.JPEG,n03028079,497,church,webp,77,884,vault,0.1459808349609375,False,29022,23264,1.247506877579092,35.342516475234945,0.9659412169919936
imagenette,data/imagenette2-320/val/n03028079/n03028079_15930.JPEG,n03028079,497,church,webp,77,406,altar,0.24799636006355286,False,46677,44258,1.0546567852139725,34.3613039484818,0.9750886436595553
imagenette,data/imagenette2-320/val/n03028079/n03028079_15961.JPEG,n03028079,497,church,webp,77,497,church,0.14890791475772858,True,40363,33924,1.1898066265770546,34.97738619295488,0.9695183556717962
imagenette,data/imagenette2-320/val/n03028079/n03028079_16080.JPEG,n03028079,497,church,webp,77,497,church,0.16543465852737427,True,37761,35342,1.068445475638051,34.929213722086885,0.9755573906732385
imagenette,data/imagenette2-320/val/n03028079/n03028079_16111.JPEG,n03028079,497,church,webp,77,497,church,0.19928085803985596,True,26893,19586,1.3730726028796079,36.911205625307225,0.9511213602584861
imagenette,data/imagenette2-320/val/n03028079/n03028079_16361.JPEG,n03028079,497,church,webp,77,663,monastery,0.3722836673259735,False,30969,26534,1.1671440416069947,33.62968640878213,0.9659016737552099
imagenette,data/imagenette2-320/val/n03028079/n03028079_16501.JPEG,n03028079,497,church,webp,77,698,palace,0.13959985971450806,False,45069,43600,1.0336926605504586,33.72590758620801,0.9769122657543586
imagenette,data/imagenette2-320/val/n03028079/n03028079_16660.JPEG,n03028079,497,church,webp,77,663,monastery,0.43701988458633423,False,21283,17196,1.23767155152361,36.391003378726495,0.9679614697904025
imagenette,data/imagenette2-320/val/n03028079/n03028079_16731.JPEG,n03028079,497,church,webp,77,497,church,0.7444137930870056,True,25045,20028,1.2504993009786298,36.18068808097614,0.9741070086829483
imagenette,data/imagenette2-320/val/n03028079/n03028079_16811.JPEG,n03028079,497,church,webp,77,497,church,0.12645219266414642,True,26362,21266,1.23963133640553,36.079218251616055,0.9675147900953825
imagenette,data/imagenette2-320/val/n03028079/n03028079_16820.JPEG,n03028079,497,church,webp,77,497,church,0.1698429435491562,True,20386,13836,1.4734027175484243,36.9030177087235,0.9532431548970518
imagenette,data/imagenette2-320/val/n03028079/n03028079_16960.JPEG,n03028079,497,church,webp,77,497,church,0.32288435101509094,True,17013,11430,1.4884514435695537,38.14047605978604,0.9557035113760369
imagenette,data/imagenette2-320/val/n03028079/n03028079_17171.JPEG,n03028079,497,church,webp,77,663,monastery,0.23202267289161682,False,19878,12500,1.59024,38.2618465974094,0.9542644249922337
imagenette,data/imagenette2-320/val/n03028079/n03028079_17280.JPEG,n03028079,497,church,webp,77,497,church,0.142729252576828,True,30548,25216,1.2114530456852792,35.05357606427838,0.9756464161523438
imagenette,data/imagenette2-320/val/n03028079/n03028079_17302.JPEG,n03028079,497,church,webp,77,406,altar,0.2824363708496094,False,50422,50038,1.0076741676325993,33.55225313149397,0.9858499246257121
imagenette,data/imagenette2-320/val/n03028079/n03028079_17351.JPEG,n03028079,497,church,webp,77,884,vault,0.29802951216697693,False,46788,44792,1.0445615288444365,33.82210350930095,0.9794085371751596
imagenette,data/imagenette2-320/val/n03028079/n03028079_17432.JPEG,n03028079,497,church,webp,77,442,bell cote,0.15540310740470886,False,27933,20100,1.3897014925373135,36.637567203793246,0.9731924327254992
imagenette,data/imagenette2-320/val/n03028079/n03028079_17461.JPEG,n03028079,497,church,webp,77,406,altar,0.13542401790618896,False,40195,34838,1.1537688730696367,33.77535357089592,0.972438731172457
imagenette,data/imagenette2-320/val/n03028079/n03028079_17551.JPEG,n03028079,497,church,webp,77,497,church,0.1890929490327835,True,36730,32120,1.1435242839352429,34.0082453619686,0.9747084883286193
imagenette,data/imagenette2-320/val/n03028079/n03028079_17561.JPEG,n03028079,497,church,webp,77,442,bell cote,0.38257142901420593,False,29241,23950,1.220918580375783,35.56372176060751,0.9624899119737629
imagenette,data/imagenette2-320/val/n03028079/n03028079_17690.JPEG,n03028079,497,church,webp,77,442,bell cote,0.3133145570755005,False,23623,19686,1.1999898404957838,34.921813934626854,0.9688777184275619
imagenette,data/imagenette2-320/val/n03028079/n03028079_17831.JPEG,n03028079,497,church,webp,77,497,church,0.269802987575531,True,24825,19250,1.2896103896103897,36.75033348494348,0.9585906257199536
imagenette,data/imagenette2-320/val/n03028079/n03028079_17862.JPEG,n03028079,497,church,webp,77,497,church,0.49209219217300415,True,35966,28486,1.2625851295373165,35.64739469519525,0.9660273078755712
imagenette,data/imagenette2-320/val/n03028079/n03028079_17922.JPEG,n03028079,497,church,webp,77,497,church,0.2929946482181549,True,35384,29978,1.1803322436453398,33.33136531567029,0.9716457705006111
imagenette,data/imagenette2-320/val/n03028079/n03028079_18371.JPEG,n03028079,497,church,webp,77,497,church,0.24013681709766388,True,23604,17192,1.3729641693811074,36.655486189105325,0.9716781611705446
imagenette,data/imagenette2-320/val/n03028079/n03028079_1870.JPEG,n03028079,497,church,webp,77,497,church,0.2604209780693054,True,21751,16050,1.355202492211838,37.08901039436075,0.9488976410705735
imagenette,data/imagenette2-320/val/n03028079/n03028079_1881.JPEG,n03028079,497,church,webp,77,663,monastery,0.13724055886268616,False,34537,29906,1.154851869190129,34.779973205275326,0.970177042735488
imagenette,data/imagenette2-320/val/n03028079/n03028079_19002.JPEG,n03028079,497,church,webp,77,497,church,0.25171777606010437,True,24721,17588,1.4055606095064817,37.68964326518157,0.9599641761938469
imagenette,data/imagenette2-320/val/n03028079/n03028079_19192.JPEG,n03028079,497,church,webp,77,442,bell cote,0.1729525476694107,False,21110,15398,1.3709572671775556,37.13536056297579,0.963353996888971
imagenette,data/imagenette2-320/val/n03028079/n03028079_1922.JPEG,n03028079,497,church,webp,77,497,church,0.3654612898826599,True,20383,14544,1.401471397139714,37.578829957735124,0.965497673930748
imagenette,data/imagenette2-320/val/n03028079/n03028079_19501.JPEG,n03028079,497,church,webp,77,497,church,0.21479462087154388,True,28388,23996,1.1830305050841807,36.56618484705141,0.9745908065524883
imagenette,data/imagenette2-320/val/n03028079/n03028079_20012.JPEG,n03028079,497,church,webp,77,497,church,0.3566320836544037,True,30188,26772,1.1275959958165247,35.68701171877839,0.9622314228530761
imagenette,data/imagenette2-320/val/n03028079/n03028079_20210.JPEG,n03028079,497,church,webp,77,497,church,0.3478734791278839,True,21030,15494,1.3572995998451014,36.72985783161547,0.9528822832454282
imagenette,data/imagenette2-320/val/n03028079/n03028079_20232.JPEG,n03028079,497,church,webp,77,698,palace,0.1799703687429428,False,25204,19884,1.267551800442567,36.26433937694423,0.9675612121028957
imagenette,data/imagenette2-320/val/n03028079/n03028079_20312.JPEG,n03028079,497,church,webp,77,663,monastery,0.3380664587020874,False,28981,21248,1.3639401355421688,36.29887943844603,0.9541198493820158
imagenette,data/imagenette2-320/val/n03028079/n03028079_2060.JPEG,n03028079,497,church,webp,77,497,church,0.32683444023132324,True,41612,39724,1.047527942805357,33.929868669020095,0.9687048985419505
imagenette,data/imagenette2-320/val/n03028079/n03028079_20670.JPEG,n03028079,497,church,webp,77,497,church,0.19584961235523224,True,31058,26826,1.157757399537762,34.34078724336886,0.9614767807610886
imagenette,data/imagenette2-320/val/n03028079/n03028079_20910.JPEG,n03028079,497,church,webp,77,406,altar,0.16907954216003418,False,41050,37278,1.1011856859273566,33.65002594706898,0.9746922368360379
imagenette,data/imagenette2-320/val/n03028079/n03028079_21591.JPEG,n03028079,497,church,webp,77,497,church,0.4863590598106384,True,23714,16602,1.428382122635827,36.93688134278622,0.9498238355239845
imagenette,data/imagenette2-320/val/n03028079/n03028079_21762.JPEG,n03028079,497,church,webp,77,698,palace,0.09555482119321823,False,22038,17294,1.2743147912570834,37.138974492572544,0.9753473837526073
imagenette,data/imagenette2-320/val/n03028079/n03028079_22390.JPEG,n03028079,497,church,webp,77,497,church,0.42935022711753845,True,35035,32310,1.0843392138656762,34.3329627229508,0.9677984543124252
imagenette,data/imagenette2-320/val/n03028079/n03028079_22500.JPEG,n03028079,497,church,webp,77,483,castle,0.08982876688241959,False,18407,12698,1.4495983619467632,38.20225518410824,0.9618813005551955
imagenette,data/imagenette2-320/val/n03028079/n03028079_2321.JPEG,n03028079,497,church,webp,77,497,church,0.13942869007587433,True,34650,30618,1.131687242798354,35.3799020780272,0.9653075118108768
imagenette,data/imagenette2-320/val/n03028079/n03028079_23280.JPEG,n03028079,497,church,webp,77,497,church,0.2535121440887451,True,20416,11048,1.8479362780593773,39.328121695326004,0.9656149132916719
imagenette,data/imagenette2-320/val/n03028079/n03028079_2342.JPEG,n03028079,497,church,webp,77,497,church,0.1754927635192871,True,30888,28836,1.0711610486891385,36.47580879122526,0.9718760440923678
imagenette,data/imagenette2-320/val/n03028079/n03028079_23510.JPEG,n03028079,497,church,webp,77,497,church,0.7250819802284241,True,22269,18878,1.1796270791397394,38.430670122209555,0.9756460402524795
imagenette,data/imagenette2-320/val/n03028079/n03028079_23521.JPEG,n03028079,497,church,webp,77,663,monastery,0.2574344277381897,False,23257,18344,1.267825992150022,35.93104000363965,0.9719191607321293
imagenette,data/imagenette2-320/val/n03028079/n03028079_2382.JPEG,n03028079,497,church,webp,77,497,church,0.36575591564178467,True,33321,29368,1.1346022882048488,35.69689221324323,0.9759657899805477
imagenette,data/imagenette2-320/val/n03028079/n03028079_24072.JPEG,n03028079,497,church,webp,77,497,church,0.32169443368911743,True,33249,28102,1.183154223898655,34.664016052366236,0.9700890774574513
imagenette,data/imagenette2-320/val/n03028079/n03028079_24471.JPEG,n03028079,497,church,webp,77,497,church,0.20783783495426178,True,31029,21854,1.4198316097739545,35.91691058763419,0.9497164135379613
imagenette,data/imagenette2-320/val/n03028079/n03028079_24602.JPEG,n03028079,497,church,webp,77,663,monastery,0.2430751472711563,False,23549,18610,1.2653949489521763,36.76465924019409,0.9594334239980244
imagenette,data/imagenette2-320/val/n03028079/n03028079_24642.JPEG,n03028079,497,church,webp,77,497,church,0.22574153542518616,True,29755,25714,1.1571517461305125,35.65084056233226,0.9638031038172504
imagenette,data/imagenette2-320/val/n03028079/n03028079_24681.JPEG,n03028079,497,church,webp,77,497,church,0.3322756886482239,True,26255,22738,1.1546749934031137,36.84282144464995,0.9764519400890007
imagenette,data/imagenette2-320/val/n03028079/n03028079_2470.JPEG,n03028079,497,church,webp,77,497,church,0.19678017497062683,True,20634,14970,1.3783567134268537,37.92048865678256,0.9627258767723644
imagenette,data/imagenette2-320/val/n03028079/n03028079_2510.JPEG,n03028079,497,church,webp,77,497,church,0.2851255536079407,True,34199,28532,1.1986190943502033,35.33280771593047,0.9679605699455734
imagenette,data/imagenette2-320/val/n03028079/n03028079_25331.JPEG,n03028079,497,church,webp,77,663,monastery,0.31076139211654663,False,34324,29668,1.1569367668868815,35.96747762679698,0.9707807549522608
imagenette,data/imagenette2-320/val/n03028079/n03028079_25391.JPEG,n03028079,497,church,webp,77,497,church,0.23827669024467468,True,39910,37210,1.0725611394786347,34.254119059538574,0.9696180019386146
imagenette,data/imagenette2-320/val/n03028079/n03028079_25462.JPEG,n03028079,497,church,webp,77,663,monastery,0.11400245875120163,False,32129,28110,1.1429740305940945,35.14004767876822,0.9644432883516479
imagenette,data/imagenette2-320/val/n03028079/n03028079_25542.JPEG,n03028079,497,church,webp,77,663,monastery,0.3506269156932831,False,28649,23550,1.2165180467091294,34.84420955794008,0.9549330005750685
imagenette,data/imagenette2-320/val/n03028079/n03028079_25612.JPEG,n03028079,497,church,webp,77,497,church,0.18905405700206757,True,20045,15494,1.2937266038466504,36.436713179700625,0.9693595997411553
imagenette,data/imagenette2-320/val/n03028079/n03028079_25680.JPEG,n03028079,497,church,webp,77,884,vault,0.14608651399612427,False,48743,48810,0.9986273304650687,33.20963114499518,0.9717342945107053
imagenette,data/imagenette2-320/val/n03028079/n03028079_25712.JPEG,n03028079,497,church,webp,77,497,church,0.2040250450372696,True,23793,16982,1.4010717230008245,37.29504383721798,0.9559232289064862
imagenette,data/imagenette2-320/val/n03028079/n03028079_25800.JPEG,n03028079,497,church,webp,77,442,bell cote,0.28385794162750244,False,23212,16440,1.4119221411192213,36.24521193186263,0.9381069261209455
imagenette,data/imagenette2-320/val/n03028079/n03028079_2592.JPEG,n03028079,497,church,webp,77,425,barn,0.28907397389411926,False,36802,32790,1.1223543763342483,35.16257093205515,0.9637612629549098
imagenette,data/imagenette2-320/val/n03028079/n03028079_26110.JPEG,n03028079,497,church,webp,77,497,church,0.19111083447933197,True,25433,19770,1.2864441072331816,35.54040606757724,0.9586820155681521
imagenette,data/imagenette2-320/val/n03028079/n03028079_26180.JPEG,n03028079,497,church,webp,77,442,bell cote,0.4202211797237396,False,32310,27300,1.1835164835164835,35.11502479999631,0.970789295190421
imagenette,data/imagenette2-320/val/n03028079/n03028079_26202.JPEG,n03028079,497,church,webp,77,497,church,0.2796482741832733,True,27810,21530,1.2916860195076638,36.23612013594118,0.9427304826568242
imagenette,data/imagenette2-320/val/n03028079/n03028079_26221.JPEG,n03028079,497,church,webp,77,663,monastery,0.28118687868118286,False,32364,28276,1.144574904512661,35.157572075313034,0.978563439844924
imagenette,data/imagenette2-320/val/n03028079/n03028079_26272.JPEG,n03028079,497,church,webp,77,538,dome,0.43147000670433044,False,14820,8176,1.8126223091976517,38.44917962087103,0.9668578119117308
imagenette,data/imagenette2-320/val/n03028079/n03028079_26291.JPEG,n03028079,497,church,webp,77,497,church,0.2844528257846832,True,39144,33904,1.154554034922133,34.88272143634199,0.9641761869915683
imagenette,data/imagenette2-320/val/n03028079/n03028079_26371.JPEG,n03028079,497,church,webp,77,442,bell cote,0.24736563861370087,False,46638,45286,1.0298547012321688,34.38150814491405,0.9761521548104436
imagenette,data/imagenette2-320/val/n03028079/n03028079_26390.JPEG,n03028079,497,church,webp,77,663,monastery,0.34876513481140137,False,30201,24452,1.2351136921315229,35.75259849855917,0.9707487228156596
imagenette,data/imagenette2-320/val/n03028079/n03028079_26571.JPEG,n03028079,497,church,webp,77,497,church,0.36312803626060486,True,26498,20408,1.2984123872990985,36.81448221332395,0.9673849498857127
imagenette,data/imagenette2-320/val/n03028079/n03028079_2660.JPEG,n03028079,497,church,webp,77,497,church,0.2982449233531952,True,25004,18886,1.323943661971831,36.9090203302125,0.963246041965358
imagenette,data/imagenette2-320/val/n03028079/n03028079_26601.JPEG,n03028079,497,church,webp,77,497,church,0.3317551612854004,True,21527,16324,1.318733153638814,36.31065520435217,0.9566666088575762
imagenette,data/imagenette2-320/val/n03028079/n03028079_26810.JPEG,n03028079,497,church,webp,77,497,church,0.2990758419036865,True,25036,18342,1.3649547486642677,35.80393830872998,0.9697204670420826
imagenette,data/imagenette2-320/val/n03028079/n03028079_26842.JPEG,n03028079,497,church,webp,77,970,alp,0.18158304691314697,False,37347,34024,1.0976663531624735,34.77345019719732,0.9737685088761866
imagenette,data/imagenette2-320/val/n03028079/n03028079_26852.JPEG,n03028079,497,church,webp,77,442,bell cote,0.2037685066461563,False,22405,17526,1.278386397352505,37.13782105114527,0.9757694068950377
imagenette,data/imagenette2-320/val/n03028079/n03028079_26940.JPEG,n03028079,497,church,webp,77,442,bell cote,0.4532928764820099,False,22836,17786,1.2839311818284043,37.1217554612604,0.9631200167307131
imagenette,data/imagenette2-320/val/n03028079/n03028079_26971.JPEG,n03028079,497,church,webp,77,497,church,0.2209099680185318,True,24124,18600,1.2969892473118279,37.38467490187871,0.9703107708285067
imagenette,data/imagenette2-320/val/n03028079/n03028079_27060.JPEG,n03028079,497,church,webp,77,497,church,0.29814088344573975,True,32989,28624,1.1524944102850754,36.16313802719654,0.9583923620247029
imagenette,data/imagenette2-320/val/n03028079/n03028079_2750.JPEG,n03028079,497,church,webp,77,884,vault,0.20643070340156555,False,39816,35646,1.1169836727823599,34.90703521142625,0.9717299132795779
imagenette,data/imagenette2-320/val/n03028079/n03028079_27511.JPEG,n03028079,497,church,webp,77,497,church,0.16425351798534393,True,21754,18114,1.20094954179088,36.22776633953098,0.9616687804515203
imagenette,data/imagenette2-320/val/n03028079/n03028079_27520.JPEG,n03028079,497,church,webp,77,497,church,0.22952207922935486,True,34211,29542,1.1580461715523662,34.523541268312464,0.9620299221068015
imagenette,data/imagenette2-320/val/n03028079/n03028079_27662.JPEG,n03028079,497,church,webp,77,442,bell cote,0.16783761978149414,False,25544,19292,1.3240721542608336,36.548392689523205,0.9690059197678899
imagenette,data/imagenette2-320/val/n03028079/n03028079_27781.JPEG,n03028079,497,church,webp,77,497,church,0.06383606046438217,True,13684,7238,1.8905775075987843,39.522109728588276,0.9611767121081622
imagenette,data/imagenette2-320/val/n03028079/n03028079_2782.JPEG,n03028079,497,church,webp,77,497,church,0.5283092260360718,True,41136,37800,1.0882539682539683,34.92396090587359,0.9822857663470668
imagenette,data/imagenette2-320/val/n03028079/n03028079_27902.JPEG,n03028079,497,church,webp,77,442,bell cote,0.3494882881641388,False,20537,15608,1.31579958995387,36.416284553861104,0.9719204931292525
imagenette,data/imagenette2-320/val/n03028079/n03028079_27980.JPEG,n03028079,497,church,webp,77,497,church,0.20188382267951965,True,39376,32760,1.201953601953602,33.970496394984664,0.9718003691870333
imagenette,data/imagenette2-320/val/n03028079/n03028079_28242.JPEG,n03028079,497,church,webp,77,497,church,0.14728878438472748,True,37405,32698,1.1439537586396722,35.01544013169354,0.9749497650264035
imagenette,data/imagenette2-320/val/n03028079/n03028079_28302.JPEG,n03028079,497,church,webp,77,497,church,0.3380235433578491,True,24100,14228,1.6938431262299691,37.33019020087207,0.967510689851444
imagenette,data/imagenette2-320/val/n03028079/n03028079_28352.JPEG,n03028079,497,church,webp,77,497,church,0.1786339432001114,True,39866,37654,1.0587454188134062,34.58592988696588,0.9814926192421929
imagenette,data/imagenette2-320/val/n03028079/n03028079_2842.JPEG,n03028079,497,church,webp,77,663,monastery,0.24246947467327118,False,39071,34422,1.135058973912033,34.615239774534075,0.9686972908234722
imagenette,data/imagenette2-320/val/n03028079/n03028079_28432.JPEG,n03028079,497,church,webp,77,497,church,0.49346715211868286,True,25500,21868,1.1660874336930676,36.56008359188074,0.9769726008913535
imagenette,data/imagenette2-320/val/n03028079/n03028079_28521.JPEG,n03028079,497,church,webp,77,442,bell cote,0.2810235619544983,False,28126,23724,1.1855504973866127,35.74557624682663,0.9472873247561214
imagenette,data/imagenette2-320/val/n03028079/n03028079_28662.JPEG,n03028079,497,church,webp,77,497,church,0.4039181172847748,True,25418,19388,1.3110171239942232,36.46144772915722,0.9633160721123256
imagenette,data/imagenette2-320/val/n03028079/n03028079_29012.JPEG,n03028079,497,church,webp,77,497,church,0.1733260303735733,True,19780,15216,1.2999474237644584,36.979964517658686,0.9715555869839322
imagenette,data/imagenette2-320/val/n03028079/n03028079_29062.JPEG,n03028079,497,church,webp,77,442,bell cote,0.16934777796268463,False,31291,27268,1.1475355728326244,35.32026445893255,0.959586846840422
imagenette,data/imagenette2-320/val/n03028079/n03028079_29140.JPEG,n03028079,497,church,webp,77,442,bell cote,0.561713457107544,False,24438,19798,1.2343671077886655,36.477675760319606,0.9541067338798231
imagenette,data/imagenette2-320/val/n03028079/n03028079_29362.JPEG,n03028079,497,church,webp,77,442,bell cote,0.35744547843933105,False,41626,38862,1.071123462508363,34.737410096945204,0.9734234273140255
imagenette,data/imagenette2-320/val/n03028079/n03028079_2941.JPEG,n03028079,497,church,webp,77,442,bell cote,0.24103951454162598,False,25143,18254,1.3773967349622,36.72221487324912,0.9710390454452197
imagenette,data/imagenette2-320/val/n03028079/n03028079_29410.JPEG,n03028079,497,church,webp,77,663,monastery,0.31884363293647766,False,40439,37234,1.0860772412311328,34.51829016172597,0.9701071943772934
imagenette,data/imagenette2-320/val/n03028079/n03028079_29412.JPEG,n03028079,497,church,webp,77,497,church,0.2607741355895996,True,30493,24314,1.2541334210742783,35.88786713369999,0.9683828471132729
imagenette,data/imagenette2-320/val/n03028079/n03028079_2942.JPEG,n03028079,497,church,webp,77,442,bell cote,0.502653181552887,False,24587,18008,1.365337627721013,36.183497474768,0.9525575173826691
imagenette,data/imagenette2-320/val/n03028079/n03028079_29461.JPEG,n03028079,497,church,webp,77,497,church,0.20133323967456818,True,38854,33546,1.1582304894771358,35.13505279652243,0.9683613669090376
imagenette,data/imagenette2-320/val/n03028079/n03028079_2951.JPEG,n03028079,497,church,webp,77,884,vault,0.22387182712554932,False,33108,24664,1.3423613363606877,36.358387911425,0.9707147238491493
imagenette,data/imagenette2-320/val/n03028079/n03028079_2952.JPEG,n03028079,497,church,webp,77,497,church,0.1581483781337738,True,48290,46752,1.0328969883641341,33.058937023026274,0.9763877444989083
imagenette,data/imagenette2-320/val/n03028079/n03028079_29612.JPEG,n03028079,497,church,webp,77,497,church,0.1680022031068802,True,37229,35304,1.0545263992748697,35.011340763353374,0.9759024118999111
imagenette,data/imagenette2-320/val/n03028079/n03028079_29670.JPEG,n03028079,497,church,webp,77,442,bell cote,0.14562873542308807,False,15771,11194,1.4088797570126854,36.961621647474516,0.9592742862180222
imagenette,data/imagenette2-320/val/n03028079/n03028079_29920.JPEG,n03028079,497,church,webp,77,497,church,0.48773103952407837,True,19048,11656,1.6341798215511325,37.79198899363091,0.9617939184101655
imagenette,data/imagenette2-320/val/n03028079/n03028079_29942.JPEG,n03028079,497,church,webp,77,497,church,0.17836549878120422,True,30995,26438,1.172365534457977,35.57006234903973,0.9703376115581269
imagenette,data/imagenette2-320/val/n03028079/n03028079_3000.JPEG,n03028079,497,church,webp,77,497,church,0.2677028179168701,True,21794,17430,1.2503729202524383,37.0078771400713,0.9716944769622667
imagenette,data/imagenette2-320/val/n03028079/n03028079_30011.JPEG,n03028079,497,church,webp,77,442,bell cote,0.3045043647289276,False,38688,35220,1.0984667802385009,33.94528043967866,0.9685327834238445
imagenette,data/imagenette2-320/val/n03028079/n03028079_30030.JPEG,n03028079,497,church,webp,77,497,church,0.45013365149497986,True,28755,23310,1.2335907335907337,36.062412552032896,0.9682356609484101
imagenette,data/imagenette2-320/val/n03028079/n03028079_30181.JPEG,n03028079,497,church,webp,77,442,bell cote,0.255537748336792,False,28127,23746,1.1844942306072601,35.942139997017605,0.9655388777208173
imagenette,data/imagenette2-320/val/n03028079/n03028079_30232.JPEG,n03028079,497,church,webp,77,497,church,0.2187480926513672,True,28824,24734,1.1653594242742784,35.830266641331264,0.972756230711555
imagenette,data/imagenette2-320/val/n03028079/n03028079_30381.JPEG,n03028079,497,church,webp,77,497,church,0.15612630546092987,True,20716,15510,1.3356544165054804,36.87759909349795,0.9604943062949385
imagenette,data/imagenette2-320/val/n03028079/n03028079_3042.JPEG,n03028079,497,church,webp,77,497,church,0.12083421647548676,True,25270,20054,1.2600977361124963,36.294355501282325,0.9640036716915614
imagenette,data/imagenette2-320/val/n03028079/n03028079_30450.JPEG,n03028079,497,church,webp,77,442,bell cote,0.4655485153198242,False,39226,35952,1.0910658655985759,34.64067807425498,0.9699439424536659
imagenette,data/imagenette2-320/val/n03028079/n03028079_30460.JPEG,n03028079,497,church,webp,77,406,altar,0.16268151998519897,False,39095,33652,1.1617437299417568,34.791608860661924,0.9790811934613396
imagenette,data/imagenette2-320/val/n03028079/n03028079_30642.JPEG,n03028079,497,church,webp,77,497,church,0.23561054468154907,True,23768,19548,1.2158788622877021,34.97343366177375,0.9741507348991783
imagenette,data/imagenette2-320/val/n03028079/n03028079_30751.JPEG,n03028079,497,church,webp,77,442,bell cote,0.1910085380077362,False,26917,22624,1.189754243281471,36.11743551398867,0.9710115951881463
imagenette,data/imagenette2-320/val/n03028079/n03028079_3081.JPEG,n03028079,497,church,webp,77,497,church,0.2716251015663147,True,27772,22218,1.2499774957241876,35.785972007398335,0.9730148886740534
imagenette,data/imagenette2-320/val/n03028079/n03028079_31082.JPEG,n03028079,497,church,webp,77,663,monastery,0.17905496060848236,False,31113,26130,1.1907003444316877,35.49086675744935,0.9636891455538277
imagenette,data/imagenette2-320/val/n03028079/n03028079_31112.JPEG,n03028079,497,church,webp,77,497,church,0.24424465000629425,True,35227,32886,1.0711853068174908,34.94121061098614,0.9691326396041173
imagenette,data/imagenette2-320/val/n03028079/n03028079_31481.JPEG,n03028079,497,church,webp,77,442,bell cote,0.25730693340301514,False,30502,26794,1.138389191610062,35.73526822901933,0.965072236698648
imagenette,data/imagenette2-320/val/n03028079/n03028079_31571.JPEG,n03028079,497,church,webp,77,442,bell cote,0.4090700149536133,False,23715,19656,1.2065018315018314,36.06626621832581,0.96729356572471
imagenette,data/imagenette2-320/val/n03028079/n03028079_31592.JPEG,n03028079,497,church,webp,77,497,church,0.06729597598314285,True,43254,40410,1.0703786191536748,34.20429327487595,0.9766993342138429
imagenette,data/imagenette2-320/val/n03028079/n03028079_31602.JPEG,n03028079,497,church,webp,77,442,bell cote,0.1808653622865677,False,11252,6816,1.6508215962441315,39.27690846948281,0.9809437361837113
imagenette,data/imagenette2-320/val/n03028079/n03028079_3192.JPEG,n03028079,497,church,webp,77,698,palace,0.1280217468738556,False,28307,23634,1.1977236185156976,35.877162784687634,0.9676045425099905
imagenette,data/imagenette2-320/val/n03028079/n03028079_32110.JPEG,n03028079,497,church,webp,77,497,church,0.14767664670944214,True,11295,6300,1.792857142857143,39.67709558756582,0.9658319448106631
imagenette,data/imagenette2-320/val/n03028079/n03028079_32131.JPEG,n03028079,497,church,webp,77,497,church,0.22995594143867493,True,32264,27728,1.163589151759954,34.86312728152818,0.9643286542572099
imagenette,data/imagenette2-320/val/n03028079/n03028079_322.JPEG,n03028079,497,church,webp,77,884,vault,0.22863343358039856,False,36189,29274,1.23621643779463,35.478184532925184,0.9761925967536532
imagenette,data/imagenette2-320/val/n03028079/n03028079_32202.JPEG,n03028079,497,church,webp,77,832,stupa,0.4295569062232971,False,11131,5074,2.193732755222704,40.79497178762982,0.960215139194172
imagenette,data/imagenette2-320/val/n03028079/n03028079_32580.JPEG,n03028079,497,church,webp,77,497,church,0.19512832164764404,True,47591,45634,1.0428846912389884,33.13862071154627,0.9691450138196996
imagenette,data/imagenette2-320/val/n03028079/n03028079_3260.JPEG,n03028079,497,church,webp,77,497,church,0.44434866309165955,True,23157,17348,1.3348512796864191,37.995996944331615,0.9590404493127566
imagenette,data/imagenette2-320/val/n03028079/n03028079_33001.JPEG,n03028079,497,church,webp,77,497,church,0.2558945417404175,True,32294,24810,1.301652559451834,35.58531068831168,0.9671630416643175
imagenette,data/imagenette2-320/val/n03028079/n03028079_332.JPEG,n03028079,497,church,webp,77,497,church,0.22775068879127502,True,46213,38948,1.1865307589606655,34.82165288962624,0.9574527168027348
imagenette,data/imagenette2-320/val/n03028079/n03028079_3320.JPEG,n03028079,497,church,webp,77,663,monastery,0.15292669832706451,False,22065,16178,1.3638892322907652,37.50930678921093,0.9594441998822059
imagenette,data/imagenette2-320/val/n03028079/n03028079_33241.JPEG,n03028079,497,church,webp,77,497,church,0.4640893340110779,True,20370,13354,1.5253856522390294,37.63446668172621,0.944631001843816
imagenette,data/imagenette2-320/val/n03028079/n03028079_33260.JPEG,n03028079,497,church,webp,77,497,church,0.33666571974754333,True,44503,43220,1.0296853308653402,34.57488942374187,0.98014253767059
imagenette,data/imagenette2-320/val/n03028079/n03028079_3362.JPEG,n03028079,497,church,webp,77,497,church,0.41196581721305847,True,17813,14314,1.2444459969260864,37.81280965607934,0.9656645018574957
imagenette,data/imagenette2-320/val/n03028079/n03028079_33671.JPEG,n03028079,497,church,webp,77,663,monastery,0.37219327688217163,False,24196,19006,1.2730716615805535,36.37840840462217,0.9648119109343473
imagenette,data/imagenette2-320/val/n03028079/n03028079_3400.JPEG,n03028079,497,church,webp,77,442,bell cote,0.08831536769866943,False,27701,21866,1.2668526479465838,35.81531943130144,0.9583482060980583
imagenette,data/imagenette2-320/val/n03028079/n03028079_34051.JPEG,n03028079,497,church,webp,77,975,lakeside,0.16688844561576843,False,30514,25676,1.188424988315937,35.62300194341919,0.958670855747196
imagenette,data/imagenette2-320/val/n03028079/n03028079_3432.JPEG,n03028079,497,church,webp,77,497,church,0.36053115129470825,True,37783,36952,1.0224886339034422,33.862872414072385,0.981963452650228
imagenette,data/imagenette2-320/val/n03028079/n03028079_3441.JPEG,n03028079,497,church,webp,77,497,church,0.19644995033740997,True,30136,24822,1.2140842800741278,36.593201289741366,0.9732878444494011
imagenette,data/imagenette2-320/val/n03028079/n03028079_34851.JPEG,n03028079,497,church,webp,77,698,palace,0.24828165769577026,False,38873,37554,1.0351227565638814,35.234332962724736,0.9766046242686763
imagenette,data/imagenette2-320/val/n03028079/n03028079_3492.JPEG,n03028079,497,church,webp,77,406,altar,0.325396329164505,False,48331,46624,1.0366120452985588,34.428201617932,0.98197760394774
imagenette,data/imagenette2-320/val/n03028079/n03028079_35160.JPEG,n03028079,497,church,webp,77,497,church,0.15582013130187988,True,26507,21818,1.2149142909524246,35.77462818045744,0.9769958530194717
imagenette,data/imagenette2-320/val/n03028079/n03028079_3540.JPEG,n03028079,497,church,webp,77,687,organ,0.33914199471473694,False,30240,23558,1.2836403769420155,36.04192606030551,0.9559016165866092
imagenette,data/imagenette2-320/val/n03028079/n03028079_3542.JPEG,n03028079,497,church,webp,77,497,church,0.25602731108665466,True,30816,24406,1.2626403343440138,35.175197509382706,0.9384023886201688
imagenette,data/imagenette2-320/val/n03028079/n03028079_35911.JPEG,n03028079,497,church,webp,77,442,bell cote,0.11765845119953156,False,19983,14716,1.3579097580864365,35.465160493401726,0.9562133863650489
imagenette,data/imagenette2-320/val/n03028079/n03028079_3600.JPEG,n03028079,497,church,webp,77,442,bell cote,0.2752094268798828,False,33697,30332,1.1109389423710931,34.389898683053474,0.967065622821499
imagenette,data/imagenette2-320/val/n03028079/n03028079_36092.JPEG,n03028079,497,church,webp,77,497,church,0.27688735723495483,True,35277,29964,1.1773127753303965,34.51594120063561,0.9579493237130867
imagenette,data/imagenette2-320/val/n03028079/n03028079_362.JPEG,n03028079,497,church,webp,77,914,yawl,0.20241007208824158,False,21125,16532,1.2778248245826276,36.51543401156007,0.9720909378628632
imagenette,data/imagenette2-320/val/n03028079/n03028079_36351.JPEG,n03028079,497,church,webp,77,668,mosque,0.19910907745361328,False,14717,9506,1.5481800967809805,36.8924860263559,0.9717835070820741
imagenette,data/imagenette2-320/val/n03028079/n03028079_3670.JPEG,n03028079,497,church,webp,77,663,monastery,0.28717294335365295,False,47640,45942,1.036959644769492,34.51371292888005,0.9760424108767424
imagenette,data/imagenette2-320/val/n03028079/n03028079_36821.JPEG,n03028079,497,church,webp,77,497,church,0.25713858008384705,True,21259,16738,1.2701039550722906,36.62299591067097,0.9538352564279157
imagenette,data/imagenette2-320/val/n03028079/n03028079_3700.JPEG,n03028079,497,church,webp,77,497,church,0.2575218975543976,True,18514,12722,1.455274327935859,37.85513432090558,0.9643029664420616
imagenette,data/imagenette2-320/val/n03028079/n03028079_37021.JPEG,n03028079,497,church,webp,77,497,church,0.07332546263933182,True,16846,11770,1.4312659303313509,37.31635588296642,0.9617283634776094
imagenette,data/imagenette2-320/val/n03028079/n03028079_3732.JPEG,n03028079,497,church,webp,77,497,church,0.6047989726066589,True,36236,31964,1.1336503566512326,34.84141513065681,0.9725962368494693
imagenette,data/imagenette2-320/val/n03028079/n03028079_38351.JPEG,n03028079,497,church,webp,77,442,bell cote,0.4405449330806732,False,31823,28056,1.1342671799258626,35.37381751400205,0.9627625642443954
imagenette,data/imagenette2-320/val/n03028079/n03028079_38692.JPEG,n03028079,497,church,webp,77,497,church,0.2752578854560852,True,39980,36756,1.0877135705735117,33.227665191924565,0.9656333531973389
imagenette,data/imagenette2-320/val/n03028079/n03028079_38700.JPEG,n03028079,497,church,webp,77,497,church,0.2746211290359497,True,36878,32808,1.1240551085101196,35.23718668238174,0.97825970774154
imagenette,data/imagenette2-320/val/n03028079/n03028079_3932.JPEG,n03028079,497,church,webp,77,663,monastery,0.3128888010978699,False,26928,20826,1.2929991356957649,36.55970782470422,0.9689193352961274
imagenette,data/imagenette2-320/val/n03028079/n03028079_39321.JPEG,n03028079,497,church,webp,77,497,church,0.09907098859548569,True,45633,42532,1.0729098090849243,35.24855595798836,0.9788895076200156
imagenette,data/imagenette2-320/val/n03028079/n03028079_3972.JPEG,n03028079,497,church,webp,77,901,whiskey jug,0.06428568065166473,False,36191,30684,1.1794746447660018,34.93451301902319,0.971046027951883
imagenette,data/imagenette2-320/val/n03028079/n03028079_40120.JPEG,n03028079,497,church,webp,77,442,bell cote,0.13623356819152832,False,20977,16348,1.2831539026180572,36.99201465452681,0.9600534332418347
imagenette,data/imagenette2-320/val/n03028079/n03028079_4022.JPEG,n03028079,497,church,webp,77,442,bell cote,0.15859447419643402,False,29497,24844,1.1872886813717598,35.80580482476054,0.973312467882636
imagenette,data/imagenette2-320/val/n03028079/n03028079_40412.JPEG,n03028079,497,church,webp,77,406,altar,0.23289819061756134,False,31949,25276,1.264005380598196,35.27849912842256,0.9551531993204767
imagenette,data/imagenette2-320/val/n03028079/n03028079_40510.JPEG,n03028079,497,church,webp,77,442,bell cote,0.41532549262046814,False,32026,28284,1.1323009475321737,35.12145094708621,0.9650733338575762
imagenette,data/imagenette2-320/val/n03028079/n03028079_40711.JPEG,n03028079,497,church,webp,77,497,church,0.35972723364830017,True,27415,21648,1.2663987435328898,35.7493912247993,0.9623549210299304
imagenette,data/imagenette2-320/val/n03028079/n03028079_41101.JPEG,n03028079,497,church,webp,77,562,fountain,0.24971497058868408,False,31507,27736,1.1359604845687914,35.35978095462477,0.9588876536684877
imagenette,data/imagenette2-320/val/n03028079/n03028079_41342.JPEG,n03028079,497,church,webp,77,538,dome,0.37083256244659424,False,59652,59056,1.010092115957735,33.435435070952714,0.9901621431658549
imagenette,data/imagenette2-320/val/n03028079/n03028079_41791.JPEG,n03028079,497,church,webp,77,497,church,0.43363866209983826,True,20735,14956,1.386400106980476,35.8783044057683,0.9521946701762444
imagenette,data/imagenette2-320/val/n03028079/n03028079_42222.JPEG,n03028079,497,church,webp,77,497,church,0.3311174213886261,True,19809,15260,1.298099606815203,36.179489378996344,0.9594864644393789
imagenette,data/imagenette2-320/val/n03028079/n03028079_4292.JPEG,n03028079,497,church,webp,77,884,vault,0.38688063621520996,False,38948,35774,1.0887236540504277,35.09130950261915,0.9726324458014918
imagenette,data/imagenette2-320/val/n03028079/n03028079_43102.JPEG,n03028079,497,church,webp,77,442,bell cote,0.21553483605384827,False,33591,29420,1.1417743031951053,34.51267469462022,0.9607737974737142
imagenette,data/imagenette2-320/val/n03028079/n03028079_4320.JPEG,n03028079,497,church,webp,77,442,bell cote,0.1503673791885376,False,30673,25932,1.1828243097331483,35.63225154296627,0.9699804524092367
imagenette,data/imagenette2-320/val/n03028079/n03028079_4401.JPEG,n03028079,497,church,webp,77,497,church,0.3477820158004761,True,40019,35894,1.1149217139354768,34.215311465138704,0.9731641842021622
imagenette,data/imagenette2-320/val/n03028079/n03028079_4572.JPEG,n03028079,497,church,webp,77,663,monastery,0.35110414028167725,False,23456,17260,1.3589803012746233,36.782348806174916,0.9703489353553921
imagenette,data/imagenette2-320/val/n03028079/n03028079_4612.JPEG,n03028079,497,church,webp,77,663,monastery,0.37609827518463135,False,39951,34912,1.1443343263061412,34.4552331892315,0.9739221687474281
imagenette,data/imagenette2-320/val/n03028079/n03028079_46322.JPEG,n03028079,497,church,webp,77,497,church,0.22769047319889069,True,21645,15540,1.3928571428571428,37.62994210146607,0.9627184733167727
imagenette,data/imagenette2-320/val/n03028079/n03028079_4651.JPEG,n03028079,497,church,webp,77,497,church,0.14305110275745392,True,24112,18694,1.289825612495988,36.68381118174159,0.9629492081952279
imagenette,data/imagenette2-320/val/n03028079/n03028079_4661.JPEG,n03028079,497,church,webp,77,884,vault,0.1579134464263916,False,34714,27050,1.2833271719038817,35.46344356484224,0.9683397155713999
imagenette,data/imagenette2-320/val/n03028079/n03028079_4672.JPEG,n03028079,497,church,webp,77,884,vault,0.3460840582847595,False,30039,23544,1.2758664627930683,35.3286741442427,0.9540802982132227
imagenette,data/imagenette2-320/val/n03028079/n03028079_46722.JPEG,n03028079,497,church,webp,77,442,bell cote,0.27874332666397095,False,33622,29966,1.1220049389307882,35.10066379110302,0.9687643722450495
imagenette,data/imagenette2-320/val/n03028079/n03028079_47271.JPEG,n03028079,497,church,webp,77,497,church,0.30882689356803894,True,26499,21056,1.2585011398176291,37.10210251981232,0.9621540813956019
imagenette,data/imagenette2-320/val/n03028079/n03028079_4731.JPEG,n03028079,497,church,webp,77,497,church,0.1910816729068756,True,26663,20386,1.3079073874227412,36.17403233534668,0.9485177646140044
imagenette,data/imagenette2-320/val/n03028079/n03028079_4821.JPEG,n03028079,497,church,webp,77,497,church,0.14470653235912323,True,30812,26706,1.1537482213734742,35.39919238079754,0.9655201288250711
imagenette,data/imagenette2-320/val/n03028079/n03028079_4902.JPEG,n03028079,497,church,webp,77,442,bell cote,0.21606433391571045,False,29911,26526,1.127610646158486,35.76821476409445,0.9739686953707767
imagenette,data/imagenette2-320/val/n03028079/n03028079_49041.JPEG,n03028079,497,church,webp,77,497,church,0.42504236102104187,True,36322,32238,1.1266827966995472,33.99425452467134,0.9748440131699013
imagenette,data/imagenette2-320/val/n03028079/n03028079_49281.JPEG,n03028079,497,church,webp,77,406,altar,0.25245165824890137,False,38724,34752,1.1142955801104972,34.95218843016045,0.9772586137636643
imagenette,data/imagenette2-320/val/n03028079/n03028079_50060.JPEG,n03028079,497,church,webp,77,825,stone wall,0.16520056128501892,False,42794,39178,1.092296697125938,34.59424462320769,0.967310394833063
imagenette,data/imagenette2-320/val/n03028079/n03028079_51072.JPEG,n03028079,497,church,webp,77,497,church,0.2711711823940277,True,18660,11844,1.5754812563323202,38.32076967495428,0.9627738145611122
imagenette,data/imagenette2-320/val/n03028079/n03028079_5232.JPEG,n03028079,497,church,webp,77,663,monastery,0.20057153701782227,False,37817,34098,1.1090679805267172,34.76182722332977,0.9760754538710744
imagenette,data/imagenette2-320/val/n03028079/n03028079_52470.JPEG,n03028079,497,church,webp,77,497,church,0.37995168566703796,True,41948,35994,1.1654164582986053,33.14122265458592,0.971911911405341
imagenette,data/imagenette2-320/val/n03028079/n03028079_5260.JPEG,n03028079,497,church,webp,77,497,church,0.19956961274147034,True,38813,34038,1.1402843880369,35.051490673618616,0.9613685076070938
imagenette,data/imagenette2-320/val/n03028079/n03028079_5261.JPEG,n03028079,497,church,webp,77,663,monastery,0.39469200372695923,False,31020,25830,1.2009291521486642,35.72001316029429,0.9654706561616865
imagenette,data/imagenette2-320/val/n03028079/n03028079_53111.JPEG,n03028079,497,church,webp,77,497,church,0.21473407745361328,True,30729,27376,1.122479544126242,35.049043848969006,0.9688204197023094
imagenette,data/imagenette2-320/val/n03028079/n03028079_532.JPEG,n03028079,497,church,webp,77,497,church,0.4790627360343933,True,41275,36466,1.131876268304722,30.798128938528258,0.9646368457594154
imagenette,data/imagenette2-320/val/n03028079/n03028079_53551.JPEG,n03028079,497,church,webp,77,497,church,0.22558210790157318,True,45704,43804,1.043375034243448,34.23456605048662,0.9748457025346916
imagenette,data/imagenette2-320/val/n03028079/n03028079_5401.JPEG,n03028079,497,church,webp,77,497,church,0.40151962637901306,True,20685,15974,1.2949167397020158,36.78395748278557,0.9602420718594283
imagenette,data/imagenette2-320/val/n03028079/n03028079_5402.JPEG,n03028079,497,church,webp,77,497,church,0.38364526629447937,True,20220,16330,1.2382118799755053,36.03706042882068,0.965872354360629
imagenette,data/imagenette2-320/val/n03028079/n03028079_5432.JPEG,n03028079,497,church,webp,77,442,bell cote,0.22815394401550293,False,25891,21028,1.2312630778010272,36.65222758975673,0.9680786822677062
imagenette,data/imagenette2-320/val/n03028079/n03028079_54480.JPEG,n03028079,497,church,webp,77,497,church,0.119682177901268,True,29916,24536,1.2192696446038473,36.011849294742255,0.9754273979825125
imagenette,data/imagenette2-320/val/n03028079/n03028079_56741.JPEG,n03028079,497,church,webp,77,497,church,0.1938556432723999,True,39728,35648,1.1144524236983842,34.01563921807002,0.9723016069613198
imagenette,data/imagenette2-320/val/n03028079/n03028079_5690.JPEG,n03028079,497,church,webp,77,442,bell cote,0.5613054037094116,False,29717,23626,1.2578091932616609,36.126396746777154,0.9755384223166542
imagenette,data/imagenette2-320/val/n03028079/n03028079_57010.JPEG,n03028079,497,church,webp,77,497,church,0.2221910059452057,True,24545,19672,1.2477124847498984,36.60339402234642,0.9592349309427904
imagenette,data/imagenette2-320/val/n03028079/n03028079_57572.JPEG,n03028079,497,church,webp,77,497,church,0.27054092288017273,True,21526,16534,1.30192330954397,37.23730493922094,0.9669685532315745
imagenette,data/imagenette2-320/val/n03028079/n03028079_5852.JPEG,n03028079,497,church,webp,77,406,altar,0.12566456198692322,False,30445,26730,1.1389824167601945,35.207624733342925,0.9570771657004443
imagenette,data/imagenette2-320/val/n03028079/n03028079_58650.JPEG,n03028079,497,church,webp,77,497,church,0.22506682574748993,True,29312,23798,1.2317001428691488,35.78105175975022,0.9507646193598633
imagenette,data/imagenette2-320/val/n03028079/n03028079_59261.JPEG,n03028079,497,church,webp,77,442,bell cote,0.21332408487796783,False,34802,31710,1.0975086723431093,34.59012893559939,0.9620937939037235
imagenette,data/imagenette2-320/val/n03028079/n03028079_5942.JPEG,n03028079,497,church,webp,77,442,bell cote,0.39815381169319153,False,31471,27314,1.1521930145712822,35.611464550414716,0.9553243725247187
imagenette,data/imagenette2-320/val/n03028079/n03028079_6110.JPEG,n03028079,497,church,webp,77,497,church,0.2704162001609802,True,45338,42614,1.0639226545266813,33.94681208305699,0.9786757993254757
imagenette,data/imagenette2-320/val/n03028079/n03028079_61951.JPEG,n03028079,497,church,webp,77,663,monastery,0.25685760378837585,False,21866,16770,1.3038759689922481,37.164537681947444,0.9633768661311787
imagenette,data/imagenette2-320/val/n03028079/n03028079_6251.JPEG,n03028079,497,church,webp,77,442,bell cote,0.3154207468032837,False,16017,11206,1.4293235766553631,37.399537109825765,0.9594031946884095
imagenette,data/imagenette2-320/val/n03028079/n03028079_62551.JPEG,n03028079,497,church,webp,77,497,church,0.7299664616584778,True,30075,26266,1.1450163709738825,36.925225298190576,0.9754594671304959
imagenette,data/imagenette2-320/val/n03028079/n03028079_6292.JPEG,n03028079,497,church,webp,77,497,church,0.21821708977222443,True,26615,21310,1.2489441576724543,33.03717588259408,0.9580024850659948
imagenette,data/imagenette2-320/val/n03028079/n03028079_6372.JPEG,n03028079,497,church,webp,77,497,church,0.560927152633667,True,31254,27004,1.1573840912457414,35.13854910365676,0.959492894845948
imagenette,data/imagenette2-320/val/n03028079/n03028079_6421.JPEG,n03028079,497,church,webp,77,497,church,0.23533955216407776,True,19406,14486,1.3396382714344885,37.38560687830097,0.9568902814624595
imagenette,data/imagenette2-320/val/n03028079/n03028079_6452.JPEG,n03028079,497,church,webp,77,538,dome,0.26691681146621704,False,31473,27916,1.1274179681902852,34.91308534029074,0.965317916686582
imagenette,data/imagenette2-320/val/n03028079/n03028079_6462.JPEG,n03028079,497,church,webp,77,442,bell cote,0.5638054013252258,False,26054,21672,1.2021963824289406,35.78892795640692,0.9536690292091455
imagenette,data/imagenette2-320/val/n03028079/n03028079_6491.JPEG,n03028079,497,church,webp,77,497,church,0.5434590578079224,True,38928,33944,1.146830073061513,34.83310918305109,0.9708015959215109
imagenette,data/imagenette2-320/val/n03028079/n03028079_6501.JPEG,n03028079,497,church,webp,77,497,church,0.2857770025730133,True,30363,25174,1.2061253674425996,35.50843622198746,0.9705712204084483
imagenette,data/imagenette2-320/val/n03028079/n03028079_6601.JPEG,n03028079,497,church,webp,77,497,church,0.20779339969158173,True,22427,14902,1.5049657764058515,37.4225894314498,0.96214407781
imagenette,data/imagenette2-320/val/n03028079/n03028079_6720.JPEG,n03028079,497,church,webp,77,497,church,0.37742576003074646,True,28949,23616,1.2258214769647697,35.51508258628954,0.9731626749345575
imagenette,data/imagenette2-320/val/n03028079/n03028079_6722.JPEG,n03028079,497,church,webp,77,497,church,0.14593486487865448,True,20928,16010,1.3071830106183635,35.402559146763856,0.95240551728376
imagenette,data/imagenette2-320/val/n03028079/n03028079_6831.JPEG,n03028079,497,church,webp,77,442,bell cote,0.31855034828186035,False,27803,23872,1.1646699061662198,35.854671469751466,0.9573036757916219
imagenette,data/imagenette2-320/val/n03028079/n03028079_6860.JPEG,n03028079,497,church,webp,77,497,church,0.31032446026802063,True,30827,24062,1.2811486991937495,36.42110945473894,0.9768023092296749
imagenette,data/imagenette2-320/val/n03028079/n03028079_6912.JPEG,n03028079,497,church,webp,77,497,church,0.2575874328613281,True,24421,15682,1.5572631041958933,37.39509746912054,0.9606081933537473
imagenette,data/imagenette2-320/val/n03028079/n03028079_6971.JPEG,n03028079,497,church,webp,77,497,church,0.5920674204826355,True,46699,41794,1.1173613437335503,32.60114112048325,0.9674639665684789
imagenette,data/imagenette2-320/val/n03028079/n03028079_7021.JPEG,n03028079,497,church,webp,77,497,church,0.2445565015077591,True,20275,15502,1.3078957553864017,37.38648439819159,0.975232429562495
imagenette,data/imagenette2-320/val/n03028079/n03028079_71550.JPEG,n03028079,497,church,webp,77,687,organ,0.4647504389286041,False,32410,27144,1.1940023577954613,34.806065705783965,0.9569308225772287
imagenette,data/imagenette2-320/val/n03028079/n03028079_7171.JPEG,n03028079,497,church,webp,77,663,monastery,0.18581470847129822,False,26739,23024,1.1613533703961083,34.72547742210439,0.9756994462482801
imagenette,data/imagenette2-320/val/n03028079/n03028079_72272.JPEG,n03028079,497,church,webp,77,406,altar,0.45822837948799133,False,42653,42148,1.0119815886874821,34.53800832724102,0.9815648583099904
imagenette,data/imagenette2-320/val/n03028079/n03028079_72360.JPEG,n03028079,497,church,webp,77,884,vault,0.23529517650604248,False,30487,27078,1.1258955609720067,34.94314324141257,0.9592299328612758
imagenette,data/imagenette2-320/val/n03028079/n03028079_72470.JPEG,n03028079,497,church,webp,77,497,church,0.4267890155315399,True,28093,24346,1.1539061858210795,36.966233628754594,0.9673597725878859
imagenette,data/imagenette2-320/val/n03028079/n03028079_7250.JPEG,n03028079,497,church,webp,77,497,church,0.14532001316547394,True,29193,23632,1.2353165199729181,34.8302589120458,0.9741093266465701
imagenette,data/imagenette2-320/val/n03028079/n03028079_7251.JPEG,n03028079,497,church,webp,77,663,monastery,0.22460708022117615,False,27366,21250,1.2878117647058824,36.12604107563207,0.9550828911763865
imagenette,data/imagenette2-320/val/n03028079/n03028079_7260.JPEG,n03028079,497,church,webp,77,497,church,0.3798207938671112,True,34482,31144,1.107179553043925,36.32466716758698,0.981209732383876
imagenette,data/imagenette2-320/val/n03028079/n03028079_7271.JPEG,n03028079,497,church,webp,77,663,monastery,0.16141535341739655,False,17426,11158,1.561749417458326,37.79369540571652,0.9667707835188266
imagenette,data/imagenette2-320/val/n03028079/n03028079_7301.JPEG,n03028079,497,church,webp,77,497,church,0.367209792137146,True,33367,30090,1.1089066134928547,34.26039334994579,0.969595042725798
imagenette,data/imagenette2-320/val/n03028079/n03028079_73142.JPEG,n03028079,497,church,webp,77,497,church,0.37463513016700745,True,31609,24226,1.3047552216626765,34.892738789912066,0.9561114556114276
imagenette,data/imagenette2-320/val/n03028079/n03028079_73181.JPEG,n03028079,497,church,webp,77,406,altar,0.2962648272514343,False,40442,35778,1.13035943876125,33.78429960537362,0.9635901109927719
imagenette,data/imagenette2-320/val/n03028079/n03028079_732.JPEG,n03028079,497,church,webp,77,698,palace,0.18401889503002167,False,31826,23938,1.329517921296683,35.857154455532594,0.9740717454038359
imagenette,data/imagenette2-320/val/n03028079/n03028079_7392.JPEG,n03028079,497,church,webp,77,663,monastery,0.16009648144245148,False,34299,28260,1.2136942675159235,35.896318588810026,0.9656881135986685
imagenette,data/imagenette2-320/val/n03028079/n03028079_74100.JPEG,n03028079,497,church,webp,77,497,church,0.4768696427345276,True,30818,26250,1.1740190476190475,35.39472600554567,0.9736894154871155
imagenette,data/imagenette2-320/val/n03028079/n03028079_7422.JPEG,n03028079,497,church,webp,77,442,bell cote,0.25520750880241394,False,31590,24960,1.265625,34.91866985566146,0.9576279016301777
imagenette,data/imagenette2-320/val/n03028079/n03028079_7471.JPEG,n03028079,497,church,webp,77,663,monastery,0.6440179347991943,False,30516,24900,1.2255421686746988,35.86583952830451,0.9653394418785285
imagenette,data/imagenette2-320/val/n03028079/n03028079_75880.JPEG,n03028079,497,church,webp,77,497,church,0.2813106179237366,True,25716,21234,1.2110765753037582,34.84225416410966,0.9697918376300839
imagenette,data/imagenette2-320/val/n03028079/n03028079_76461.JPEG,n03028079,497,church,webp,77,884,vault,0.2264212667942047,False,39755,34600,1.1489884393063583,34.5121026862028,0.9726918681430252
imagenette,data/imagenette2-320/val/n03028079/n03028079_76700.JPEG,n03028079,497,church,webp,77,497,church,0.11922342330217361,True,21758,15894,1.3689442556939726,35.28093852745233,0.9637972373169189
imagenette,data/imagenette2-320/val/n03028079/n03028079_7730.JPEG,n03028079,497,church,webp,77,406,altar,0.2259753942489624,False,40268,33774,1.192278083733049,34.56066523225613,0.9626091921934075
imagenette,data/imagenette2-320/val/n03028079/n03028079_7752.JPEG,n03028079,497,church,webp,77,497,church,0.41571205854415894,True,12019,6590,1.823823975720789,40.30265591999479,0.9719511711771897
imagenette,data/imagenette2-320/val/n03028079/n03028079_77811.JPEG,n03028079,497,church,webp,77,538,dome,0.12231903523206711,False,22179,16614,1.3349584687612857,37.3114887558325,0.9674215732681214
imagenette,data/imagenette2-320/val/n03028079/n03028079_7881.JPEG,n03028079,497,church,webp,77,497,church,0.3100392520427704,True,25874,20496,1.2623926619828258,36.35919304874119,0.9569557574818869
imagenette,data/imagenette2-320/val/n03028079/n03028079_7882.JPEG,n03028079,497,church,webp,77,442,bell cote,0.24408648908138275,False,26076,20128,1.2955087440381559,36.7584008682019,0.9626794739301553
imagenette,data/imagenette2-320/val/n03028079/n03028079_79790.JPEG,n03028079,497,church,webp,77,497,church,0.48225486278533936,True,13213,6910,1.9121562952243125,38.84546374403581,0.9379153599930546
imagenette,data/imagenette2-320/val/n03028079/n03028079_80.JPEG,n03028079,497,church,webp,77,497,church,0.31549710035324097,True,35184,31496,1.1170942341884684,35.45427216026897,0.9684111117137898
imagenette,data/imagenette2-320/val/n03028079/n03028079_800.JPEG,n03028079,497,church,webp,77,437,beacon,0.2942872643470764,False,22150,16964,1.305706201367602,36.893650379984074,0.9631134323422504
imagenette,data/imagenette2-320/val/n03028079/n03028079_80352.JPEG,n03028079,497,church,webp,77,663,monastery,0.259589284658432,False,30415,23614,1.288007114423647,36.50964557610629,0.9732822326966039
imagenette,data/imagenette2-320/val/n03028079/n03028079_8132.JPEG,n03028079,497,church,webp,77,538,dome,0.3341522812843323,False,22374,13204,1.694486519236595,37.99677982336724,0.9484708315560194
imagenette,data/imagenette2-320/val/n03028079/n03028079_8151.JPEG,n03028079,497,church,webp,77,497,church,0.3596460223197937,True,40050,37380,1.0714285714285714,34.59400201469295,0.9815001489116993
imagenette,data/imagenette2-320/val/n03028079/n03028079_8161.JPEG,n03028079,497,church,webp,77,442,bell cote,0.21595709025859833,False,35069,29634,1.1834041978808125,35.53789757221725,0.9675041377124495
imagenette,data/imagenette2-320/val/n03028079/n03028079_8162.JPEG,n03028079,497,church,webp,77,497,church,0.23689959943294525,True,20780,12754,1.6292927708954055,36.80019943250628,0.9611312874853924
imagenette,data/imagenette2-320/val/n03028079/n03028079_8172.JPEG,n03028079,497,church,webp,77,663,monastery,0.46686291694641113,False,31983,28414,1.1256070950939678,35.30033687236524,0.9816227437528112
imagenette,data/imagenette2-320/val/n03028079/n03028079_83412.JPEG,n03028079,497,church,webp,77,769,rule,0.050121333450078964,False,27696,22490,1.2314806580702535,36.56932654577114,0.9555641858388243
imagenette,data/imagenette2-320/val/n03028079/n03028079_8360.JPEG,n03028079,497,church,webp,77,687,organ,0.4460132420063019,False,31058,25716,1.207730595738062,35.22145823413749,0.9646066297213073
imagenette,data/imagenette2-320/val/n03028079/n03028079_8361.JPEG,n03028079,497,church,webp,77,437,beacon,0.12059005349874496,False,19547,12702,1.5388915131475358,38.26038440465905,0.9505822458860612
imagenette,data/imagenette2-320/val/n03028079/n03028079_8382.JPEG,n03028079,497,church,webp,77,442,bell cote,0.21830597519874573,False,47954,45938,1.043885236623275,34.624546735574754,0.9783017449396668
imagenette,data/imagenette2-320/val/n03028079/n03028079_8531.JPEG,n03028079,497,church,webp,77,497,church,0.6027320027351379,True,30905,21272,1.4528488153441144,36.21186238523809,0.9601156426470352
imagenette,data/imagenette2-320/val/n03028079/n03028079_8572.JPEG,n03028079,497,church,webp,77,663,monastery,0.23770396411418915,False,22428,16176,1.3864985163204748,36.96972657744978,0.9435284072344019
imagenette,data/imagenette2-320/val/n03028079/n03028079_8611.JPEG,n03028079,497,church,webp,77,497,church,0.16445909440517426,True,22017,16652,1.322183521498919,36.946699789520906,0.9674612552216059
imagenette,data/imagenette2-320/val/n03028079/n03028079_8661.JPEG,n03028079,497,church,webp,77,497,church,0.24683745205402374,True,38917,34214,1.1374583503828841,34.23705715785072,0.9635988901861845
imagenette,data/imagenette2-320/val/n03028079/n03028079_8712.JPEG,n03028079,497,church,webp,77,442,bell cote,0.11091439425945282,False,23821,18574,1.2824916550016152,36.97558299693865,0.9743392860180454
imagenette,data/imagenette2-320/val/n03028079/n03028079_8720.JPEG,n03028079,497,church,webp,77,663,monastery,0.08178428560495377,False,19684,13622,1.4450154162384379,36.25142620919035,0.9639447900678442
imagenette,data/imagenette2-320/val/n03028079/n03028079_87780.JPEG,n03028079,497,church,webp,77,668,mosque,0.12997111678123474,False,22174,13792,1.6077436194895591,37.12415596298761,0.9558173596034952
imagenette,data/imagenette2-320/val/n03028079/n03028079_8911.JPEG,n03028079,497,church,webp,77,663,monastery,0.186675027012825,False,33369,29322,1.1380192347043177,35.37857888472969,0.9666557159832269
imagenette,data/imagenette2-320/val/n03028079/n03028079_8971.JPEG,n03028079,497,church,webp,77,884,vault,0.20274585485458374,False,29984,23412,1.280710746625662,36.23479143652183,0.9698556263257028
imagenette,data/imagenette2-320/val/n03028079/n03028079_8990.JPEG,n03028079,497,church,webp,77,497,church,0.37459686398506165,True,20334,16078,1.264709540987685,38.55438614268396,0.9748737614802456
imagenette,data/imagenette2-320/val/n03028079/n03028079_901.JPEG,n03028079,497,church,webp,77,497,church,0.45617949962615967,True,41633,36828,1.1304713804713804,35.95728171869348,0.9839458373100379
imagenette,data/imagenette2-320/val/n03028079/n03028079_9071.JPEG,n03028079,497,church,webp,77,406,altar,0.35078486800193787,False,39695,35788,1.109170671733542,34.2700035832615,0.970523985924976
imagenette,data/imagenette2-320/val/n03028079/n03028079_9082.JPEG,n03028079,497,church,webp,77,663,monastery,0.236240953207016,False,26311,20000,1.31555,36.89814251171952,0.9716039150570143
imagenette,data/imagenette2-320/val/n03028079/n03028079_9112.JPEG,n03028079,497,church,webp,77,497,church,0.2418326884508133,True,32726,25538,1.2814629180045423,35.93784181181364,0.9689370381848663
imagenette,data/imagenette2-320/val/n03028079/n03028079_9160.JPEG,n03028079,497,church,webp,77,497,church,0.30364736914634705,True,18221,13340,1.3658920539730135,37.089056503735044,0.9613404230249835
imagenette,data/imagenette2-320/val/n03028079/n03028079_9220.JPEG,n03028079,497,church,webp,77,497,church,0.13168179988861084,True,12414,6962,1.783108302212008,40.0617351924949,0.9687307408609412
imagenette,data/imagenette2-320/val/n03028079/n03028079_9320.JPEG,n03028079,497,church,webp,77,497,church,0.21421116590499878,True,20860,16228,1.2854325856544244,36.51496726759732,0.9590597015385495
imagenette,data/imagenette2-320/val/n03028079/n03028079_9371.JPEG,n03028079,497,church,webp,77,912,worm fence,0.3154107928276062,False,35067,31488,1.1136623475609757,35.39676651610823,0.9684092860718865
imagenette,data/imagenette2-320/val/n03028079/n03028079_9481.JPEG,n03028079,497,church,webp,77,663,monastery,0.2017027586698532,False,26385,22348,1.1806425630928943,35.69257442854575,0.9785327063789563
imagenette,data/imagenette2-320/val/n03028079/n03028079_9500.JPEG,n03028079,497,church,webp,77,663,monastery,0.32421475648880005,False,14976,8978,1.6680775228335931,39.28828522887154,0.9694276062025456
imagenette,data/imagenette2-320/val/n03028079/n03028079_9560.JPEG,n03028079,497,church,webp,77,884,vault,0.22270937263965607,False,32068,26870,1.1934499441756605,35.49552491378343,0.962275339107609
imagenette,data/imagenette2-320/val/n03028079/n03028079_9580.JPEG,n03028079,497,church,webp,77,497,church,0.17819270491600037,True,31702,26408,1.2004695546803998,35.24081266486207,0.960645325366725
imagenette,data/imagenette2-320/val/n03028079/n03028079_9632.JPEG,n03028079,497,church,webp,77,442,bell cote,0.20470529794692993,False,26453,21050,1.2566745843230405,36.02243464236734,0.9678134595795882
imagenette,data/imagenette2-320/val/n03028079/n03028079_9662.JPEG,n03028079,497,church,webp,77,442,bell cote,0.4745132625102997,False,29926,25534,1.1720059528471842,35.98229854480595,0.9465919662542399
imagenette,data/imagenette2-320/val/n03028079/n03028079_9682.JPEG,n03028079,497,church,webp,77,884,vault,0.1664298176765442,False,13881,7114,1.9512229406803485,38.61187380005057,0.9511736528227117
imagenette,data/imagenette2-320/val/n03028079/n03028079_9702.JPEG,n03028079,497,church,webp,77,442,bell cote,0.29482629895210266,False,40860,37214,1.0979738807975492,34.32033771305394,0.9744025132632621
imagenette,data/imagenette2-320/val/n03028079/n03028079_9810.JPEG,n03028079,497,church,webp,77,663,monastery,0.11401569098234177,False,19876,15074,1.3185617619742602,36.99008123470349,0.9739733573051526
imagenette,data/imagenette2-320/val/n03028079/n03028079_9821.JPEG,n03028079,497,church,webp,77,497,church,0.19562870264053345,True,34240,31092,1.1012479094300784,33.652865140658605,0.97341534628922
imagenette,data/imagenette2-320/val/n03028079/n03028079_9901.JPEG,n03028079,497,church,webp,77,442,bell cote,0.16960275173187256,False,21015,15270,1.3762278978388998,37.1117825666372,0.9498336053647275
imagenette,data/imagenette2-320/val/n03028079/n03028079_9920.JPEG,n03028079,497,church,webp,77,579,grand piano,0.17076390981674194,False,21278,13346,1.5943353813876817,38.64270037086082,0.9580824210477128
imagenette,data/imagenette2-320/val/n03028079/n03028079_99351.JPEG,n03028079,497,church,webp,77,497,church,0.21552781760692596,True,45551,40458,1.1258836324089179,33.14937267919894,0.9798843994257881
imagenette,data/imagenette2-320/val/n03394916/ILSVRC2012_val_00001492.JPEG,n03394916,566,French horn,webp,77,566,French horn,0.37457215785980225,True,27616,20554,1.3435827576140897,35.78141047470492,0.9647317085221786
imagenette,data/imagenette2-320/val/n03394916/ILSVRC2012_val_00003620.JPEG,n03394916,566,French horn,webp,77,566,French horn,0.5134742259979248,True,25860,23328,1.1085390946502058,36.42700596876013,0.9791048696002337
imagenette,data/imagenette2-320/val/n03394916/ILSVRC2012_val_00004301.JPEG,n03394916,566,French horn,webp,77,566,French horn,0.27185165882110596,True,27200,21360,1.2734082397003745,36.01720556058167,0.9580329885767589
imagenette,data/imagenette2-320/val/n03394916/ILSVRC2012_val_00007921.JPEG,n03394916,566,French horn,webp,77,566,French horn,0.7375460863113403,True,26598,19918,1.335375037654383,36.77226431736806,0.9659001532377319
imagenette,data/imagenette2-320/val/n03394916/ILSVRC2012_val_00009651.JPEG,n03394916,566,French horn,webp,77,566,French horn,0.1652825027704239,True,13563,8820,1.5377551020408162,39.11468614480651,0.9601274725484384
imagenette,data/imagenette2-320/val/n03394916/ILSVRC2012_val_00011691.JPEG,n03394916,566,French horn,webp,77,875,trombone,0.1509171724319458,False,12674,7918,1.600656731497853,37.96096854321861,0.9568612150813264
imagenette,data/imagenette2-320/val/n03394916/ILSVRC2012_val_00015542.JPEG,n03394916,566,French horn,webp,77,566,French horn,0.5781311392784119,True,22253,16198,1.3738115816767502,38.38292604220279,0.9733069535398956
imagenette,data/imagenette2-320/val/n03394916/ILSVRC2012_val_00025430.JPEG,n03394916,566,French horn,webp,77,566,French horn,0.27546226978302,True,25858,18808,1.3748404934070608,36.34482693019992,0.9547910178916212
imagenette,data/imagenette2-320/val/n03394916/ILSVRC2012_val_00025761.JPEG,n03394916,566,French horn,webp,77,513,cornet,0.4351426959037781,False,21700,15226,1.4251937475371075,38.719450044037146,0.9675467639457208
imagenette,data/imagenette2-320/val/n03394916/ILSVRC2012_val_00033682.JPEG,n03394916,566,French horn,webp,77,513,cornet,0.16229850053787231,False,33294,26634,1.2500563189907636,35.38024225711275,0.9619301400685911
imagenette,data/imagenette2-320/val/n03394916/ILSVRC2012_val_00037592.JPEG,n03394916,566,French horn,webp,77,566,French horn,0.6013911366462708,True,34211,28162,1.2147929834528797,35.47916310254259,0.9655220802275161
imagenette,data/imagenette2-320/val/n03394916/ILSVRC2012_val_00041242.JPEG,n03394916,566,French horn,webp,77,461,breastplate,0.08392180502414703,False,41874,37194,1.1258267462493952,34.98607505774878,0.9717513995754942
imagenette,data/imagenette2-320/val/n03394916/n03394916_10501.JPEG,n03394916,566,French horn,webp,77,566,French horn,0.42117875814437866,True,10283,5360,1.9184701492537313,38.62684273590217,0.9775953560637829
imagenette,data/imagenette2-320/val/n03394916/n03394916_10591.JPEG,n03394916,566,French horn,webp,77,566,French horn,0.4054652452468872,True,29417,24646,1.1935811084963077,35.75479522161875,0.9569195617786658
imagenette,data/imagenette2-320/val/n03394916/n03394916_1091.JPEG,n03394916,566,French horn,webp,77,566,French horn,0.4257287085056305,True,27341,21780,1.2553259871441689,35.618915949989464,0.9507881160218625
imagenette,data/imagenette2-320/val/n03394916/n03394916_11030.JPEG,n03394916,566,French horn,webp,77,566,French horn,0.39631354808807373,True,16645,10686,1.557645517499532,37.86733850673258,0.9802355564207761
imagenette,data/imagenette2-320/val/n03394916/n03394916_1130.JPEG,n03394916,566,French horn,webp,77,566,French horn,0.2668021619319916,True,26736,19168,1.3948247078464107,35.94602136215924,0.9633609797595947
imagenette,data/imagenette2-320/val/n03394916/n03394916_11330.JPEG,n03394916,566,French horn,webp,77,875,trombone,0.20455032587051392,False,26025,18154,1.433568359590173,35.75858263933539,0.9483139915586888
imagenette,data/imagenette2-320/val/n03394916/n03394916_11571.JPEG,n03394916,566,French horn,webp,77,566,French horn,0.7026191353797913,True,16319,10336,1.5788506191950464,37.12619167674323,0.9632533960118658
imagenette,data/imagenette2-320/val/n03394916/n03394916_11582.JPEG,n03394916,566,French horn,webp,77,566,French horn,0.5762978196144104,True,32699,29820,1.09654594232059,35.33420132134307,0.9549699073122678
imagenette,data/imagenette2-320/val/n03394916/n03394916_12292.JPEG,n03394916,566,French horn,webp,77,566,French horn,0.5808784365653992,True,37205,35348,1.0525347968767682,34.86526504562428,0.9669198164410542
imagenette,data/imagenette2-320/val/n03394916/n03394916_12430.JPEG,n03394916,566,French horn,webp,77,566,French horn,0.27648207545280457,True,25927,20440,1.268444227005871,35.46251404640061,0.9698623079715493
imagenette,data/imagenette2-320/val/n03394916/n03394916_13492.JPEG,n03394916,566,French horn,webp,77,875,trombone,0.4803195595741272,False,12817,7200,1.780138888888889,38.31451224524981,0.9598030036375942
imagenette,data/imagenette2-320/val/n03394916/n03394916_14002.JPEG,n03394916,566,French horn,webp,77,875,trombone,0.24439245462417603,False,28177,22316,1.2626366732389318,35.820188104197506,0.9648439516645951
imagenette,data/imagenette2-320/val/n03394916/n03394916_14162.JPEG,n03394916,566,French horn,webp,77,566,French horn,0.47309380769729614,True,20581,13982,1.471963953654699,37.24955628663675,0.945783935295084
imagenette,data/imagenette2-320/val/n03394916/n03394916_15352.JPEG,n03394916,566,French horn,webp,77,566,French horn,0.49976181983947754,True,26573,21168,1.255338246409675,35.934484914939745,0.972182292826553
imagenette,data/imagenette2-320/val/n03394916/n03394916_15691.JPEG,n03394916,566,French horn,webp,77,566,French horn,0.37754353880882263,True,28513,18104,1.574955810870526,36.43722345264752,0.9654510012906182
imagenette,data/imagenette2-320/val/n03394916/n03394916_1592.JPEG,n03394916,566,French horn,webp,77,566,French horn,0.439973920583725,True,16442,9932,1.6554571083366896,38.45454301181799,0.971922611683405
imagenette,data/imagenette2-320/val/n03394916/n03394916_16212.JPEG,n03394916,566,French horn,webp,77,566,French horn,0.6601138710975647,True,16246,10182,1.595560793557258,38.11498608182291,0.9767104194095863
imagenette,data/imagenette2-320/val/n03394916/n03394916_16322.JPEG,n03394916,566,French horn,webp,77,566,French horn,0.40685856342315674,True,16997,9998,1.7000400080016003,38.611745637439164,0.9692412781337922
imagenette,data/imagenette2-320/val/n03394916/n03394916_16601.JPEG,n03394916,566,French horn,webp,77,566,French horn,0.7066066265106201,True,21569,15642,1.3789157396752334,36.95323190430374,0.9590485387397895
imagenette,data/imagenette2-320/val/n03394916/n03394916_16781.JPEG,n03394916,566,French horn,webp,77,566,French horn,0.587378978729248,True,20258,14900,1.3595973154362415,36.68763189605878,0.9763911000186624
imagenette,data/imagenette2-320/val/n03394916/n03394916_17100.JPEG,n03394916,566,French horn,webp,77,566,French horn,0.7341107726097107,True,23987,17252,1.3903895200556458,36.46537805013503,0.9618334854670177
imagenette,data/imagenette2-320/val/n03394916/n03394916_17141.JPEG,n03394916,566,French horn,webp,77,566,French horn,0.40030157566070557,True,22716,16284,1.3949889462048637,37.59399732123724,0.9660579261605841
imagenette,data/imagenette2-320/val/n03394916/n03394916_17780.JPEG,n03394916,566,French horn,webp,77,566,French horn,0.4226067066192627,True,15921,10562,1.5073849649687558,37.855113833856066,0.9719516087237338
imagenette,data/imagenette2-320/val/n03394916/n03394916_17890.JPEG,n03394916,566,French horn,webp,77,566,French horn,0.5996342897415161,True,26049,21054,1.2372470789398688,35.191754365044375,0.9595172297540019
imagenette,data/imagenette2-320/val/n03394916/n03394916_180.JPEG,n03394916,566,French horn,webp,77,566,French horn,0.48528745770454407,True,14591,9844,1.482222673709874,37.625324511795895,0.9608586589488134
imagenette,data/imagenette2-320/val/n03394916/n03394916_18691.JPEG,n03394916,566,French horn,webp,77,566,French horn,0.4879402816295624,True,17535,10758,1.6299498047964305,37.166709731225865,0.9602826468951138
imagenette,data/imagenette2-320/val/n03394916/n03394916_18901.JPEG,n03394916,566,French horn,webp,77,566,French horn,0.414905309677124,True,15499,7992,1.9393143143143143,38.37033679342538,0.9529725061477857
imagenette,data/imagenette2-320/val/n03394916/n03394916_19491.JPEG,n03394916,566,French horn,webp,77,566,French horn,0.4668548107147217,True,16791,10776,1.558184855233853,38.37103752192723,0.9729164529268867
imagenette,data/imagenette2-320/val/n03394916/n03394916_20281.JPEG,n03394916,566,French horn,webp,77,566,French horn,0.662446141242981,True,24574,17966,1.3678058555048425,36.13777286631239,0.954813250956188
imagenette,data/imagenette2-320/val/n03394916/n03394916_20420.JPEG,n03394916,566,French horn,webp,77,566,French horn,0.5144323706626892,True,31240,23818,1.3116130657485936,35.6847590137084,0.9460335915161467
imagenette,data/imagenette2-320/val/n03394916/n03394916_21040.JPEG,n03394916,566,French horn,webp,77,566,French horn,0.7208279371261597,True,41087,34458,1.1923791282140577,33.87322184381212,0.9758966152121703
imagenette,data/imagenette2-320/val/n03394916/n03394916_21092.JPEG,n03394916,566,French horn,webp,77,566,French horn,0.24494385719299316,True,26321,19450,1.3532647814910026,36.24229031662782,0.9587536271554988
imagenette,data/imagenette2-320/val/n03394916/n03394916_21272.JPEG,n03394916,566,French horn,webp,77,566,French horn,0.5255394577980042,True,21412,13736,1.5588235294117647,37.37411229066895,0.9633700707172549
imagenette,data/imagenette2-320/val/n03394916/n03394916_2151.JPEG,n03394916,566,French horn,webp,77,566,French horn,0.42615383863449097,True,28567,23016,1.2411800486618005,36.28985503993623,0.9545408103560815
imagenette,data/imagenette2-320/val/n03394916/n03394916_22661.JPEG,n03394916,566,French horn,webp,77,566,French horn,0.5537306666374207,True,10800,5694,1.8967334035827186,40.29481489107239,0.978142794284905
imagenette,data/imagenette2-320/val/n03394916/n03394916_22791.JPEG,n03394916,566,French horn,webp,77,566,French horn,0.3926088213920593,True,28118,22350,1.258076062639821,35.571385182723965,0.9513540966708876
imagenette,data/imagenette2-320/val/n03394916/n03394916_230.JPEG,n03394916,566,French horn,webp,77,566,French horn,0.32505539059638977,True,33548,25832,1.298699287705172,36.26409779732181,0.9540914180208411
imagenette,data/imagenette2-320/val/n03394916/n03394916_23071.JPEG,n03394916,566,French horn,webp,77,566,French horn,0.5379137396812439,True,19272,14016,1.375,36.80362139514619,0.9496939132913241
imagenette,data/imagenette2-320/val/n03394916/n03394916_23222.JPEG,n03394916,566,French horn,webp,77,566,French horn,0.4957629144191742,True,42983,36854,1.1663048787105876,34.23589877046996,0.9868617378650812
imagenette,data/imagenette2-320/val/n03394916/n03394916_23411.JPEG,n03394916,566,French horn,webp,77,566,French horn,0.5736101269721985,True,41380,38652,1.0705784952913173,35.178412158128516,0.9635567315335667
imagenette,data/imagenette2-320/val/n03394916/n03394916_23742.JPEG,n03394916,566,French horn,webp,77,566,French horn,0.4973016083240509,True,34825,27738,1.2554978729540702,35.69694434317189,0.9729745960984101
imagenette,data/imagenette2-320/val/n03394916/n03394916_23942.JPEG,n03394916,566,French horn,webp,77,566,French horn,0.4218502938747406,True,29926,26516,1.1286015990345453,34.42760774928174,0.9689215936790067
imagenette,data/imagenette2-320/val/n03394916/n03394916_24391.JPEG,n03394916,566,French horn,webp,77,566,French horn,0.4607248902320862,True,28825,25536,1.1287985588972431,36.28918265899381,0.9776322039228957
imagenette,data/imagenette2-320/val/n03394916/n03394916_24420.JPEG,n03394916,566,French horn,webp,77,566,French horn,0.5143440961837769,True,17247,12540,1.3753588516746411,37.222591691253136,0.9786041997489905
imagenette,data/imagenette2-320/val/n03394916/n03394916_24532.JPEG,n03394916,566,French horn,webp,77,566,French horn,0.403607040643692,True,20701,13640,1.5176686217008797,36.936933294480724,0.9340119055197761
imagenette,data/imagenette2-320/val/n03394916/n03394916_25580.JPEG,n03394916,566,French horn,webp,77,566,French horn,0.6488126516342163,True,23851,16816,1.4183515699333968,36.85633733777985,0.9630436550258875
imagenette,data/imagenette2-320/val/n03394916/n03394916_25670.JPEG,n03394916,566,French horn,webp,77,566,French horn,0.5450195670127869,True,33504,27208,1.2314025286680388,34.9359338318455,0.9630891564106493
imagenette,data/imagenette2-320/val/n03394916/n03394916_25781.JPEG,n03394916,566,French horn,webp,77,566,French horn,0.5374755263328552,True,29135,23594,1.2348478426718656,35.909816580259374,0.9522823086325888
imagenette,data/imagenette2-320/val/n03394916/n03394916_25821.JPEG,n03394916,566,French horn,webp,77,566,French horn,0.36198070645332336,True,26720,19162,1.3944264690533348,36.932368542113146,0.9605733886684295
imagenette,data/imagenette2-320/val/n03394916/n03394916_25832.JPEG,n03394916,566,French horn,webp,77,566,French horn,0.6319223046302795,True,23820,17300,1.376878612716763,36.382698577124074,0.9655480354666507
imagenette,data/imagenette2-320/val/n03394916/n03394916_26040.JPEG,n03394916,566,French horn,webp,77,566,French horn,0.3117483854293823,True,26158,18450,1.4177777777777778,36.99576635204543,0.9510781615380637
imagenette,data/imagenette2-320/val/n03394916/n03394916_26102.JPEG,n03394916,566,French horn,webp,77,566,French horn,0.2354530692100525,True,30840,26320,1.1717325227963526,34.41744341080832,0.9675394884146132
imagenette,data/imagenette2-320/val/n03394916/n03394916_26252.JPEG,n03394916,566,French horn,webp,77,566,French horn,0.30459266901016235,True,29673,23328,1.2719907407407407,35.74223556509665,0.9648448490782657
imagenette,data/imagenette2-320/val/n03394916/n03394916_26260.JPEG,n03394916,566,French horn,webp,77,566,French horn,0.3381578326225281,True,30478,22438,1.3583207059452713,36.78600983420597,0.9751050251401866
imagenette,data/imagenette2-320/val/n03394916/n03394916_26270.JPEG,n03394916,566,French horn,webp,77,566,French horn,0.2889755964279175,True,21175,14324,1.478288187657079,37.82680775218748,0.9491485073859756
imagenette,data/imagenette2-320/val/n03394916/n03394916_26391.JPEG,n03394916,566,French horn,webp,77,566,French horn,0.45110782980918884,True,38827,32702,1.1872974130022629,34.79821885679366,0.9675680194530952
imagenette,data/imagenette2-320/val/n03394916/n03394916_26422.JPEG,n03394916,566,French horn,webp,77,566,French horn,0.4694463312625885,True,27045,22012,1.2286480101762676,36.1526652641966,0.9724818407414816
imagenette,data/imagenette2-320/val/n03394916/n03394916_26802.JPEG,n03394916,566,French horn,webp,77,566,French horn,0.49533966183662415,True,26139,18728,1.395717642033319,36.147400708228844,0.9572649114937498
imagenette,data/imagenette2-320/val/n03394916/n03394916_26831.JPEG,n03394916,566,French horn,webp,77,566,French horn,0.14915820956230164,True,11257,6944,1.6211117511520738,38.977487262047454,0.9731683057774906
imagenette,data/imagenette2-320/val/n03394916/n03394916_26940.JPEG,n03394916,566,French horn,webp,77,566,French horn,0.624937117099762,True,22688,16260,1.3953259532595326,36.64951678134717,0.9580831345412605
imagenette,data/imagenette2-320/val/n03394916/n03394916_27071.JPEG,n03394916,566,French horn,webp,77,566,French horn,0.5805647373199463,True,21806,15454,1.4110262715154653,39.00714706684728,0.9806230095865095
imagenette,data/imagenette2-320/val/n03394916/n03394916_27241.JPEG,n03394916,566,French horn,webp,77,566,French horn,0.34843647480010986,True,26582,21344,1.2454085457271364,36.55192834154825,0.9658066147916892
imagenette,data/imagenette2-320/val/n03394916/n03394916_27560.JPEG,n03394916,566,French horn,webp,77,594,harp,0.0804317519068718,False,29370,20404,1.4394236424230542,36.280463126901715,0.9639520260982125
imagenette,data/imagenette2-320/val/n03394916/n03394916_27932.JPEG,n03394916,566,French horn,webp,77,566,French horn,0.3667716979980469,True,33001,26120,1.2634379785604901,35.468539739532616,0.9634508777280892
imagenette,data/imagenette2-320/val/n03394916/n03394916_28291.JPEG,n03394916,566,French horn,webp,77,875,trombone,0.41817036271095276,False,35155,27618,1.2729017307553046,35.30218641568566,0.9598229417270167
imagenette,data/imagenette2-320/val/n03394916/n03394916_28381.JPEG,n03394916,566,French horn,webp,77,566,French horn,0.3910185992717743,True,41174,32940,1.2499696417729205,35.69452442644014,0.9776355519607302
imagenette,data/imagenette2-320/val/n03394916/n03394916_28421.JPEG,n03394916,566,French horn,webp,77,513,cornet,0.10858209431171417,False,35733,33444,1.0684427700035881,32.285354790002025,0.9627272320154442
imagenette,data/imagenette2-320/val/n03394916/n03394916_28431.JPEG,n03394916,566,French horn,webp,77,513,cornet,0.11734103411436081,False,17003,9924,1.7133212414349053,38.651940809450664,0.9726272891472653
imagenette,data/imagenette2-320/val/n03394916/n03394916_28461.JPEG,n03394916,566,French horn,webp,77,513,cornet,0.2845402956008911,False,30599,25456,1.2020348837209303,35.778276503680836,0.9516057924362711
imagenette,data/imagenette2-320/val/n03394916/n03394916_28561.JPEG,n03394916,566,French horn,webp,77,566,French horn,0.5309017896652222,True,36016,30586,1.1775322042764664,34.866957338167744,0.9532463450898515
imagenette,data/imagenette2-320/val/n03394916/n03394916_28590.JPEG,n03394916,566,French horn,webp,77,566,French horn,0.36637404561042786,True,22593,16196,1.3949740676710298,37.29482088582388,0.9700140063291932
imagenette,data/imagenette2-320/val/n03394916/n03394916_28651.JPEG,n03394916,566,French horn,webp,77,566,French horn,0.4784691333770752,True,24755,16482,1.5019415119524329,38.264542363547925,0.9647934138485755
imagenette,data/imagenette2-320/val/n03394916/n03394916_28830.JPEG,n03394916,566,French horn,webp,77,566,French horn,0.44848063588142395,True,18307,13992,1.308390508862207,37.864203372107966,0.9627377184638218
imagenette,data/imagenette2-320/val/n03394916/n03394916_28971.JPEG,n03394916,566,French horn,webp,77,566,French horn,0.13964401185512543,True,18223,11734,1.5530083517981932,37.88980779648848,0.9488883768462468
imagenette,data/imagenette2-320/val/n03394916/n03394916_29091.JPEG,n03394916,566,French horn,webp,77,566,French horn,0.7764890789985657,True,19666,13022,1.5102134848717554,37.6427157077379,0.9503343837484204
imagenette,data/imagenette2-320/val/n03394916/n03394916_29130.JPEG,n03394916,566,French horn,webp,77,566,French horn,0.2225644886493683,True,37553,33476,1.1217887441749312,35.24718993053851,0.9657016297574038
imagenette,data/imagenette2-320/val/n03394916/n03394916_29142.JPEG,n03394916,566,French horn,webp,77,566,French horn,0.36350345611572266,True,25076,18846,1.3305741271357316,36.35945187676998,0.9586555084980932
imagenette,data/imagenette2-320/val/n03394916/n03394916_292.JPEG,n03394916,566,French horn,webp,77,566,French horn,0.4265557527542114,True,38580,33900,1.1380530973451328,34.06186466598047,0.9753622053928748
imagenette,data/imagenette2-320/val/n03394916/n03394916_29311.JPEG,n03394916,566,French horn,webp,77,566,French horn,0.3900822103023529,True,20714,15984,1.2959209209209208,37.112050198118254,0.9837328313228116
imagenette,data/imagenette2-320/val/n03394916/n03394916_29412.JPEG,n03394916,566,French horn,webp,77,566,French horn,0.5958414077758789,True,24041,18482,1.3007791364570933,37.657709231958385,0.9617196415386279
imagenette,data/imagenette2-320/val/n03394916/n03394916_29480.JPEG,n03394916,566,French horn,webp,77,566,French horn,0.48777714371681213,True,48687,45938,1.059841525534416,33.73170080956476,0.9814232070282825
imagenette,data/imagenette2-320/val/n03394916/n03394916_29500.JPEG,n03394916,566,French horn,webp,77,566,French horn,0.4602682590484619,True,26417,19244,1.372739555186032,36.01741384840432,0.9423285023190872
imagenette,data/imagenette2-320/val/n03394916/n03394916_29530.JPEG,n03394916,566,French horn,webp,77,566,French horn,0.6422622799873352,True,23483,17862,1.314690404210055,37.074326026731505,0.9596220432929582
imagenette,data/imagenette2-320/val/n03394916/n03394916_29541.JPEG,n03394916,566,French horn,webp,77,776,sax,0.17074766755104065,False,24501,18390,1.332300163132137,36.461786852504304,0.951190315538657
imagenette,data/imagenette2-320/val/n03394916/n03394916_29580.JPEG,n03394916,566,French horn,webp,77,566,French horn,0.1953744739294052,True,22309,15228,1.4649986866298923,36.9800916655567,0.9564994693709821
imagenette,data/imagenette2-320/val/n03394916/n03394916_29611.JPEG,n03394916,566,French horn,webp,77,566,French horn,0.37448036670684814,True,28384,22084,1.2852744068103605,35.46319554282499,0.9596552023762581
imagenette,data/imagenette2-320/val/n03394916/n03394916_29622.JPEG,n03394916,566,French horn,webp,77,566,French horn,0.3824557960033417,True,25314,18560,1.3639008620689654,37.01477462555503,0.97091180439305
imagenette,data/imagenette2-320/val/n03394916/n03394916_29722.JPEG,n03394916,566,French horn,webp,77,566,French horn,0.3340645134449005,True,23696,16624,1.4254090471607315,37.610417233594745,0.9654939688123784
imagenette,data/imagenette2-320/val/n03394916/n03394916_29752.JPEG,n03394916,566,French horn,webp,77,566,French horn,0.14971791207790375,True,26869,19994,1.3438531559467841,36.09924404037111,0.9542935950837316
imagenette,data/imagenette2-320/val/n03394916/n03394916_29762.JPEG,n03394916,566,French horn,webp,77,566,French horn,0.19492746889591217,True,33179,27264,1.2169527582159625,35.923372450776306,0.9581977676054655
imagenette,data/imagenette2-320/val/n03394916/n03394916_29780.JPEG,n03394916,566,French horn,webp,77,566,French horn,0.21856296062469482,True,27969,21748,1.2860492918889093,36.38085602574122,0.9687005448600191
imagenette,data/imagenette2-320/val/n03394916/n03394916_29842.JPEG,n03394916,566,French horn,webp,77,566,French horn,0.7830183506011963,True,17533,11524,1.5214335300242972,37.39976583004041,0.9469283994764338
imagenette,data/imagenette2-320/val/n03394916/n03394916_29861.JPEG,n03394916,566,French horn,webp,77,566,French horn,0.42726510763168335,True,35706,29264,1.2201339529797703,35.39565527700206,0.9756037156568618
imagenette,data/imagenette2-320/val/n03394916/n03394916_29911.JPEG,n03394916,566,French horn,webp,77,683,oboe,0.17210428416728973,False,24858,16496,1.5069107662463628,35.86354678663725,0.9569325429722247
imagenette,data/imagenette2-320/val/n03394916/n03394916_29940.JPEG,n03394916,566,French horn,webp,77,566,French horn,0.3444095551967621,True,55381,53010,1.044727409922656,33.83572809034695,0.9806064544999087
imagenette,data/imagenette2-320/val/n03394916/n03394916_30001.JPEG,n03394916,566,French horn,webp,77,566,French horn,0.31086236238479614,True,21361,14656,1.4574918122270741,38.2277928560118,0.9603664450704326
imagenette,data/imagenette2-320/val/n03394916/n03394916_30072.JPEG,n03394916,566,French horn,webp,77,566,French horn,0.32953858375549316,True,31585,24834,1.2718450511395667,35.57473822968803,0.9667465855502506
imagenette,data/imagenette2-320/val/n03394916/n03394916_30162.JPEG,n03394916,566,French horn,webp,77,566,French horn,0.32086503505706787,True,45181,43854,1.0302594974232682,33.98676508865891,0.9798214725789469
imagenette,data/imagenette2-320/val/n03394916/n03394916_30222.JPEG,n03394916,566,French horn,webp,77,566,French horn,0.39807605743408203,True,29618,22958,1.2900949560066208,36.09325842243686,0.9642264671414663
imagenette,data/imagenette2-320/val/n03394916/n03394916_30231.JPEG,n03394916,566,French horn,webp,77,566,French horn,0.28817224502563477,True,25908,20036,1.2930724695548013,36.498720213503546,0.9784983334098105
imagenette,data/imagenette2-320/val/n03394916/n03394916_30261.JPEG,n03394916,566,French horn,webp,77,566,French horn,0.30035150051116943,True,27767,20360,1.3638015717092338,36.56343280124275,0.9568216540906483
imagenette,data/imagenette2-320/val/n03394916/n03394916_30310.JPEG,n03394916,566,French horn,webp,77,566,French horn,0.5097357034683228,True,23561,16822,1.4006063488289144,36.36110132109282,0.9531658755870304
imagenette,data/imagenette2-320/val/n03394916/n03394916_30432.JPEG,n03394916,566,French horn,webp,77,566,French horn,0.4189659059047699,True,42943,37648,1.1406449213769656,34.279331965155144,0.9790229519199761
imagenette,data/imagenette2-320/val/n03394916/n03394916_30451.JPEG,n03394916,566,French horn,webp,77,566,French horn,0.3478833734989166,True,30649,23216,1.3201671261199173,34.956535891704135,0.9548178956099905
imagenette,data/imagenette2-320/val/n03394916/n03394916_30460.JPEG,n03394916,566,French horn,webp,77,566,French horn,0.22884522378444672,True,25495,18510,1.377363587250135,36.69910116111085,0.9499489836840643
imagenette,data/imagenette2-320/val/n03394916/n03394916_30500.JPEG,n03394916,566,French horn,webp,77,566,French horn,0.4964844882488251,True,18071,10192,1.773057299843014,38.20261095691228,0.9510714560498602
imagenette,data/imagenette2-320/val/n03394916/n03394916_30631.JPEG,n03394916,566,French horn,webp,77,566,French horn,0.47692060470581055,True,38214,33524,1.1398997732967426,34.30006753974885,0.9704425478083246
imagenette,data/imagenette2-320/val/n03394916/n03394916_30671.JPEG,n03394916,566,French horn,webp,77,566,French horn,0.2540844678878784,True,35248,28814,1.22329423197057,35.69901447830916,0.9677068308590888
imagenette,data/imagenette2-320/val/n03394916/n03394916_30700.JPEG,n03394916,566,French horn,webp,77,566,French horn,0.6182212829589844,True,35352,29288,1.2070472548484021,35.09999918011333,0.9728796328483185
imagenette,data/imagenette2-320/val/n03394916/n03394916_30881.JPEG,n03394916,566,French horn,webp,77,566,French horn,0.5613365769386292,True,35043,29292,1.1963334698893895,34.80504610236928,0.9727023074903641
imagenette,data/imagenette2-320/val/n03394916/n03394916_31032.JPEG,n03394916,566,French horn,webp,77,566,French horn,0.8646433353424072,True,34289,29014,1.1818087819673262,37.089634798617645,0.980163299559508
imagenette,data/imagenette2-320/val/n03394916/n03394916_31860.JPEG,n03394916,566,French horn,webp,77,566,French horn,0.4530181288719177,True,42070,36116,1.164857680806291,34.268064100651245,0.9615699551936068
imagenette,data/imagenette2-320/val/n03394916/n03394916_31871.JPEG,n03394916,566,French horn,webp,77,566,French horn,0.11731284856796265,True,21558,13546,1.591466115458438,37.87635262406014,0.9672666593966858
imagenette,data/imagenette2-320/val/n03394916/n03394916_32272.JPEG,n03394916,566,French horn,webp,77,566,French horn,0.42337125539779663,True,28967,23100,1.253982683982684,37.47337708010427,0.9724727429679776
imagenette,data/imagenette2-320/val/n03394916/n03394916_32340.JPEG,n03394916,566,French horn,webp,77,566,French horn,0.23522645235061646,True,22681,17420,1.3020091848450057,36.71641448231646,0.9418119531193456
imagenette,data/imagenette2-320/val/n03394916/n03394916_32411.JPEG,n03394916,566,French horn,webp,77,566,French horn,0.547227144241333,True,19063,12938,1.4734116555881898,37.62687347000467,0.9562491258933243
imagenette,data/imagenette2-320/val/n03394916/n03394916_32422.JPEG,n03394916,566,French horn,webp,77,566,French horn,0.40526899695396423,True,35813,31760,1.1276133501259447,35.05963703640731,0.9659342319166067
imagenette,data/imagenette2-320/val/n03394916/n03394916_32520.JPEG,n03394916,566,French horn,webp,77,566,French horn,0.663398027420044,True,20044,13836,1.448684590922232,38.26863931697786,0.9674378963091336
imagenette,data/imagenette2-320/val/n03394916/n03394916_32522.JPEG,n03394916,566,French horn,webp,77,566,French horn,0.48137399554252625,True,34217,32786,1.0436466784603184,35.440733929130445,0.9615560466567539
imagenette,data/imagenette2-320/val/n03394916/n03394916_32550.JPEG,n03394916,566,French horn,webp,77,566,French horn,0.3316298723220825,True,22209,14572,1.5240872906944827,37.484981608778085,0.9504184153098247
imagenette,data/imagenette2-320/val/n03394916/n03394916_32582.JPEG,n03394916,566,French horn,webp,77,566,French horn,0.27942392230033875,True,26183,19272,1.3586031548360316,36.3353896932661,0.953531893255214
imagenette,data/imagenette2-320/val/n03394916/n03394916_32661.JPEG,n03394916,566,French horn,webp,77,566,French horn,0.15954728424549103,True,22659,14804,1.5305998378816537,36.85102314711151,0.9437457452907437
imagenette,data/imagenette2-320/val/n03394916/n03394916_32730.JPEG,n03394916,566,French horn,webp,77,566,French horn,0.15468798577785492,True,24008,15964,1.5038837384114256,37.26533079065402,0.9493131292271292
imagenette,data/imagenette2-320/val/n03394916/n03394916_32800.JPEG,n03394916,566,French horn,webp,77,566,French horn,0.32677438855171204,True,26471,19408,1.3639220939818633,36.48246183009379,0.9591082968448235
imagenette,data/imagenette2-320/val/n03394916/n03394916_32870.JPEG,n03394916,566,French horn,webp,77,566,French horn,0.5937877297401428,True,26185,20668,1.2669343913295916,37.672611078691425,0.9565149722078997
imagenette,data/imagenette2-320/val/n03394916/n03394916_32931.JPEG,n03394916,566,French horn,webp,77,566,French horn,0.44258803129196167,True,22058,15340,1.4379400260756192,37.289617561600146,0.9652805929038916
imagenette,data/imagenette2-320/val/n03394916/n03394916_32980.JPEG,n03394916,566,French horn,webp,77,566,French horn,0.40803423523902893,True,45650,41188,1.108332524036127,32.66520471236359,0.9723115657328626
imagenette,data/imagenette2-320/val/n03394916/n03394916_32982.JPEG,n03394916,566,French horn,webp,77,566,French horn,0.4394577145576477,True,23137,16704,1.385117337164751,37.310641159221596,0.9599775140030983
imagenette,data/imagenette2-320/val/n03394916/n03394916_33012.JPEG,n03394916,566,French horn,webp,77,566,French horn,0.24307388067245483,True,27372,22058,1.2409103273188866,35.73704624004056,0.9555305461280108
imagenette,data/imagenette2-320/val/n03394916/n03394916_33101.JPEG,n03394916,566,French horn,webp,77,513,cornet,0.0483979657292366,False,25130,20852,1.2051601764818722,36.85199861951397,0.9793402000095727
imagenette,data/imagenette2-320/val/n03394916/n03394916_33181.JPEG,n03394916,566,French horn,webp,77,677,nail,0.19948698580265045,False,22835,15366,1.4860731485096967,38.0820495747642,0.9725040738623573
imagenette,data/imagenette2-320/val/n03394916/n03394916_33200.JPEG,n03394916,566,French horn,webp,77,566,French horn,0.6063546538352966,True,25100,18552,1.3529538594221646,36.31592029724733,0.9538093370340985
imagenette,data/imagenette2-320/val/n03394916/n03394916_33221.JPEG,n03394916,566,French horn,webp,77,566,French horn,0.10456117242574692,True,27244,20268,1.3441878823761595,36.980505249702574,0.9732669172751242
imagenette,data/imagenette2-320/val/n03394916/n03394916_33222.JPEG,n03394916,566,French horn,webp,77,566,French horn,0.42829132080078125,True,26667,20680,1.2895067698259188,36.295995556727696,0.9521637218591298
imagenette,data/imagenette2-320/val/n03394916/n03394916_33260.JPEG,n03394916,566,French horn,webp,77,566,French horn,0.4359593689441681,True,30340,24392,1.2438504427681207,35.489447982826576,0.9720346578023245
imagenette,data/imagenette2-320/val/n03394916/n03394916_33262.JPEG,n03394916,566,French horn,webp,77,566,French horn,0.3552028238773346,True,15101,8318,1.8154604472228901,38.79281630299162,0.9567735296428687
imagenette,data/imagenette2-320/val/n03394916/n03394916_33291.JPEG,n03394916,566,French horn,webp,77,566,French horn,0.1936502456665039,True,33792,26802,1.2608014327289008,34.25022677823658,0.9740634043509563
imagenette,data/imagenette2-320/val/n03394916/n03394916_33341.JPEG,n03394916,566,French horn,webp,77,566,French horn,0.6671825051307678,True,35640,31010,1.1493066752660432,35.463833819526585,0.9673685399048623
imagenette,data/imagenette2-320/val/n03394916/n03394916_33352.JPEG,n03394916,566,French horn,webp,77,776,sax,0.43097665905952454,False,25288,18978,1.332490251870587,36.19665729589017,0.9609627842976974
imagenette,data/imagenette2-320/val/n03394916/n03394916_33380.JPEG,n03394916,566,French horn,webp,77,566,French horn,0.1135556697845459,True,25884,19692,1.3144424131627057,36.17835280642325,0.9529277590518115
imagenette,data/imagenette2-320/val/n03394916/n03394916_33462.JPEG,n03394916,566,French horn,webp,77,566,French horn,0.6095004081726074,True,32254,26914,1.198409749572713,35.26110209732649,0.9637023239371724
imagenette,data/imagenette2-320/val/n03394916/n03394916_33481.JPEG,n03394916,566,French horn,webp,77,432,bassoon,0.09801706671714783,False,25991,20886,1.2444221009288519,36.51549508232015,0.9546555149584476
imagenette,data/imagenette2-320/val/n03394916/n03394916_33490.JPEG,n03394916,566,French horn,webp,77,566,French horn,0.4100828170776367,True,21248,12834,1.6556023063736949,37.093792379869704,0.9657258723389677
imagenette,data/imagenette2-320/val/n03394916/n03394916_33662.JPEG,n03394916,566,French horn,webp,77,875,trombone,0.38079166412353516,False,22101,15266,1.4477269749770731,37.075482155900346,0.9602161781735027
imagenette,data/imagenette2-320/val/n03394916/n03394916_33711.JPEG,n03394916,566,French horn,webp,77,566,French horn,0.4398767054080963,True,20803,15696,1.3253695208970437,36.18370430905627,0.9443081429714623
imagenette,data/imagenette2-320/val/n03394916/n03394916_33771.JPEG,n03394916,566,French horn,webp,77,566,French horn,0.4061962962150574,True,23221,18174,1.2777044128975459,36.564833389559375,0.9807501853603534
imagenette,data/imagenette2-320/val/n03394916/n03394916_33902.JPEG,n03394916,566,French horn,webp,77,566,French horn,0.13185001909732819,True,22844,16456,1.38818667963053,35.56163712673711,0.9502842415415321
imagenette,data/imagenette2-320/val/n03394916/n03394916_33940.JPEG,n03394916,566,French horn,webp,77,566,French horn,0.4311181902885437,True,29575,23072,1.2818567961165048,35.46255705400627,0.9656898724558873
imagenette,data/imagenette2-320/val/n03394916/n03394916_33942.JPEG,n03394916,566,French horn,webp,77,566,French horn,0.2709737718105316,True,28705,21388,1.3421077239573593,36.673258422264794,0.9616814981149383
imagenette,data/imagenette2-320/val/n03394916/n03394916_34012.JPEG,n03394916,566,French horn,webp,77,566,French horn,0.30363377928733826,True,29979,23886,1.2550866616428034,35.073743823288645,0.9459851409267167
imagenette,data/imagenette2-320/val/n03394916/n03394916_34051.JPEG,n03394916,566,French horn,webp,77,513,cornet,0.3600428104400635,False,29436,23786,1.2375346842680568,35.751796401154294,0.9576248642368568
imagenette,data/imagenette2-320/val/n03394916/n03394916_3422.JPEG,n03394916,566,French horn,webp,77,566,French horn,0.7355145812034607,True,29485,21190,1.3914582350165172,36.55776373631181,0.9723010448480324
imagenette,data/imagenette2-320/val/n03394916/n03394916_34332.JPEG,n03394916,566,French horn,webp,77,566,French horn,0.6221612095832825,True,25614,18702,1.3695861405197305,35.49758443367241,0.9638786084756679
imagenette,data/imagenette2-320/val/n03394916/n03394916_34492.JPEG,n03394916,566,French horn,webp,77,566,French horn,0.31489017605781555,True,27525,20146,1.366276183857838,35.68784176087499,0.9369006207756011
imagenette,data/imagenette2-320/val/n03394916/n03394916_34532.JPEG,n03394916,566,French horn,webp,77,566,French horn,0.3639252185821533,True,23474,15434,1.5209278216923674,36.25865851181028,0.9636209003440701
imagenette,data/imagenette2-320/val/n03394916/n03394916_34752.JPEG,n03394916,566,French horn,webp,77,566,French horn,0.33854973316192627,True,31443,24824,1.2666371253625524,37.291681268289175,0.9731703866944944
imagenette,data/imagenette2-320/val/n03394916/n03394916_35172.JPEG,n03394916,566,French horn,webp,77,566,French horn,0.48269566893577576,True,31898,27466,1.1613631398820359,35.272694137741986,0.961576634811335
imagenette,data/imagenette2-320/val/n03394916/n03394916_35182.JPEG,n03394916,566,French horn,webp,77,566,French horn,0.33895424008369446,True,43189,42286,1.0213545854419903,34.426286849246075,0.9775579690269419
imagenette,data/imagenette2-320/val/n03394916/n03394916_35200.JPEG,n03394916,566,French horn,webp,77,566,French horn,0.32878798246383667,True,36560,35000,1.0445714285714285,35.21216086808551,0.9717796110082725
imagenette,data/imagenette2-320/val/n03394916/n03394916_3522.JPEG,n03394916,566,French horn,webp,77,875,trombone,0.25386103987693787,False,26129,17734,1.473384459230856,37.18494083254456,0.9733321710605419
imagenette,data/imagenette2-320/val/n03394916/n03394916_35271.JPEG,n03394916,566,French horn,webp,77,566,French horn,0.21417231857776642,True,29001,24324,1.1922792303897385,36.038086970279984,0.954970395929684
imagenette,data/imagenette2-320/val/n03394916/n03394916_35292.JPEG,n03394916,566,French horn,webp,77,566,French horn,0.4765312969684601,True,35656,29962,1.1900407182431079,33.75997400636606,0.9686083284574147
imagenette,data/imagenette2-320/val/n03394916/n03394916_35320.JPEG,n03394916,566,French horn,webp,77,566,French horn,0.3784724771976471,True,43952,40536,1.0842707716597593,34.43595979875573,0.9756005958120401
imagenette,data/imagenette2-320/val/n03394916/n03394916_35360.JPEG,n03394916,566,French horn,webp,77,566,French horn,0.4793046712875366,True,15058,10160,1.4820866141732283,38.06466926340437,0.9646844033657912
imagenette,data/imagenette2-320/val/n03394916/n03394916_35542.JPEG,n03394916,566,French horn,webp,77,566,French horn,0.6358428597450256,True,40450,34672,1.1666474388555608,34.155847511530354,0.9505985459534059
imagenette,data/imagenette2-320/val/n03394916/n03394916_35620.JPEG,n03394916,566,French horn,webp,77,566,French horn,0.3188500702381134,True,31037,24464,1.2686805101373446,35.792659467122895,0.9690642647745312
imagenette,data/imagenette2-320/val/n03394916/n03394916_35731.JPEG,n03394916,566,French horn,webp,77,566,French horn,0.1966438740491867,True,21805,15276,1.427402461377324,37.471084410597655,0.9696230485350984
imagenette,data/imagenette2-320/val/n03394916/n03394916_35740.JPEG,n03394916,566,French horn,webp,77,566,French horn,0.8341137170791626,True,29761,23726,1.2543623029587794,35.977947615014294,0.9722163713189117
imagenette,data/imagenette2-320/val/n03394916/n03394916_35801.JPEG,n03394916,566,French horn,webp,77,439,bearskin,0.2460404336452484,False,36748,32336,1.1364423552696685,35.19334970900819,0.9781301779215616
imagenette,data/imagenette2-320/val/n03394916/n03394916_35811.JPEG,n03394916,566,French horn,webp,77,566,French horn,0.5765261054039001,True,32913,28478,1.1557342510007724,36.35689876947718,0.9782143486597694
imagenette,data/imagenette2-320/val/n03394916/n03394916_35812.JPEG,n03394916,566,French horn,webp,77,566,French horn,0.6213237643241882,True,27043,19772,1.3677422617843416,36.48230663812397,0.9759027106594766
imagenette,data/imagenette2-320/val/n03394916/n03394916_35871.JPEG,n03394916,566,French horn,webp,77,566,French horn,0.38106271624565125,True,39129,33570,1.1655942806076853,34.57466611052076,0.9668610524419838
imagenette,data/imagenette2-320/val/n03394916/n03394916_36000.JPEG,n03394916,566,French horn,webp,77,566,French horn,0.325289249420166,True,34992,30204,1.1585220500595947,34.50124295979207,0.9657325925743852
imagenette,data/imagenette2-320/val/n03394916/n03394916_36002.JPEG,n03394916,566,French horn,webp,77,776,sax,0.4149329960346222,False,19400,13874,1.398298976502811,37.249432318924676,0.9588924908742809
imagenette,data/imagenette2-320/val/n03394916/n03394916_36102.JPEG,n03394916,566,French horn,webp,77,566,French horn,0.603273868560791,True,33871,29182,1.1606812418614214,34.49264697547031,0.9684902280724558
imagenette,data/imagenette2-320/val/n03394916/n03394916_36172.JPEG,n03394916,566,French horn,webp,77,566,French horn,0.42086660861968994,True,20238,14112,1.4340986394557824,37.00159970275168,0.9455745517635092
imagenette,data/imagenette2-320/val/n03394916/n03394916_36361.JPEG,n03394916,566,French horn,webp,77,566,French horn,0.2678629159927368,True,30299,24220,1.250990916597853,36.14226857853149,0.9708427130716277
imagenette,data/imagenette2-320/val/n03394916/n03394916_36380.JPEG,n03394916,566,French horn,webp,77,566,French horn,0.49104511737823486,True,20209,13476,1.4996289700207777,37.8259415927773,0.9597724997542723
imagenette,data/imagenette2-320/val/n03394916/n03394916_36420.JPEG,n03394916,566,French horn,webp,77,566,French horn,0.36295056343078613,True,28952,22208,1.3036743515850144,36.045105468367765,0.9563003936919993
imagenette,data/imagenette2-320/val/n03394916/n03394916_36432.JPEG,n03394916,566,French horn,webp,77,566,French horn,0.42389971017837524,True,33761,30216,1.117321948636484,34.93750008719969,0.9700011640546715
imagenette,data/imagenette2-320/val/n03394916/n03394916_36532.JPEG,n03394916,566,French horn,webp,77,566,French horn,0.887785792350769,True,25142,16440,1.5293187347931874,36.73505432982632,0.9481436400133756
imagenette,data/imagenette2-320/val/n03394916/n03394916_36662.JPEG,n03394916,566,French horn,webp,77,875,trombone,0.2229420393705368,False,24135,17442,1.3837289301685587,36.73743283262201,0.9592231174547198
imagenette,data/imagenette2-320/val/n03394916/n03394916_36691.JPEG,n03394916,566,French horn,webp,77,776,sax,0.24313807487487793,False,13460,8448,1.5932765151515151,39.2346347680576,0.9695840909384623
imagenette,data/imagenette2-320/val/n03394916/n03394916_36732.JPEG,n03394916,566,French horn,webp,77,566,French horn,0.658380925655365,True,27032,21082,1.282231287354141,36.09480114669979,0.9490429806204664
imagenette,data/imagenette2-320/val/n03394916/n03394916_36752.JPEG,n03394916,566,French horn,webp,77,566,French horn,0.554527759552002,True,15615,8322,1.8763518385003606,38.32133603227061,0.9470987901363032
imagenette,data/imagenette2-320/val/n03394916/n03394916_36771.JPEG,n03394916,566,French horn,webp,77,566,French horn,0.3503301441669464,True,25977,19278,1.3474945533769063,35.772446132960255,0.95878420956492
imagenette,data/imagenette2-320/val/n03394916/n03394916_36772.JPEG,n03394916,566,French horn,webp,77,566,French horn,0.17835275828838348,True,23081,18136,1.272662108513454,36.04117278296219,0.9603679880737793
imagenette,data/imagenette2-320/val/n03394916/n03394916_36782.JPEG,n03394916,566,French horn,webp,77,566,French horn,0.4865414500236511,True,22064,15590,1.4152661962796664,37.11008136515226,0.9617037123469966
imagenette,data/imagenette2-320/val/n03394916/n03394916_36911.JPEG,n03394916,566,French horn,webp,77,566,French horn,0.3654218912124634,True,27094,20682,1.3100280437095058,36.5441592222242,0.9498054035880462
imagenette,data/imagenette2-320/val/n03394916/n03394916_36941.JPEG,n03394916,566,French horn,webp,77,566,French horn,0.3070808947086334,True,33086,27776,1.1911722350230414,34.820546120206686,0.9655704199155045
imagenette,data/imagenette2-320/val/n03394916/n03394916_36960.JPEG,n03394916,566,French horn,webp,77,566,French horn,0.6335908770561218,True,30301,24388,1.2424553058881418,35.16671821179158,0.9565380449472581
imagenette,data/imagenette2-320/val/n03394916/n03394916_36982.JPEG,n03394916,566,French horn,webp,77,566,French horn,0.30620524287223816,True,40074,38380,1.0441375716519021,34.29561739725568,0.9680822662705685
imagenette,data/imagenette2-320/val/n03394916/n03394916_37161.JPEG,n03394916,566,French horn,webp,77,566,French horn,0.3288402855396271,True,38965,35118,1.1095449626971923,34.62301361125478,0.971600093601121
imagenette,data/imagenette2-320/val/n03394916/n03394916_37171.JPEG,n03394916,566,French horn,webp,77,566,French horn,0.4277210831642151,True,18128,13858,1.3081252706018185,37.96513527439062,0.9784937336212831
imagenette,data/imagenette2-320/val/n03394916/n03394916_37261.JPEG,n03394916,566,French horn,webp,77,566,French horn,0.37547457218170166,True,24903,17980,1.3850389321468297,36.28743057242509,0.9592969597423328
imagenette,data/imagenette2-320/val/n03394916/n03394916_3731.JPEG,n03394916,566,French horn,webp,77,566,French horn,0.449489951133728,True,12886,8126,1.5857740585774058,37.56910148321769,0.9864739818819097
imagenette,data/imagenette2-320/val/n03394916/n03394916_37321.JPEG,n03394916,566,French horn,webp,77,566,French horn,0.3656117022037506,True,36755,33106,1.110221712076361,34.18304992028216,0.9651692716823624
imagenette,data/imagenette2-320/val/n03394916/n03394916_37510.JPEG,n03394916,566,French horn,webp,77,566,French horn,0.31305041909217834,True,25156,19272,1.3053134080531341,37.69187432892069,0.9779919536478513
imagenette,data/imagenette2-320/val/n03394916/n03394916_37571.JPEG,n03394916,566,French horn,webp,77,566,French horn,0.20150944590568542,True,22837,16078,1.4203881079736285,36.04857253392103,0.9346936028332852
imagenette,data/imagenette2-320/val/n03394916/n03394916_37762.JPEG,n03394916,566,French horn,webp,77,566,French horn,0.2571937143802643,True,27227,20924,1.3012330338367426,35.57062948083586,0.9594954994552093
imagenette,data/imagenette2-320/val/n03394916/n03394916_37852.JPEG,n03394916,566,French horn,webp,77,566,French horn,0.1839236617088318,True,38809,33862,1.1460929655661214,35.70034933977423,0.9784685384273849
imagenette,data/imagenette2-320/val/n03394916/n03394916_37960.JPEG,n03394916,566,French horn,webp,77,428,barrow,0.06809776276350021,False,30759,26556,1.1582693176683236,35.32827253313429,0.9496901472941036
imagenette,data/imagenette2-320/val/n03394916/n03394916_37991.JPEG,n03394916,566,French horn,webp,77,566,French horn,0.21789370477199554,True,22402,15558,1.4399023010669751,36.89109766016437,0.9645844606349882
imagenette,data/imagenette2-320/val/n03394916/n03394916_38041.JPEG,n03394916,566,French horn,webp,77,566,French horn,0.15848563611507416,True,23024,17426,1.3212441179846206,37.019391169645445,0.9621291821355568
imagenette,data/imagenette2-320/val/n03394916/n03394916_38050.JPEG,n03394916,566,French horn,webp,77,566,French horn,0.20689746737480164,True,24753,18386,1.3462960948547809,35.9207457526228,0.956636699752868
imagenette,data/imagenette2-320/val/n03394916/n03394916_38071.JPEG,n03394916,566,French horn,webp,77,566,French horn,0.45679864287376404,True,33203,27078,1.2261983898367679,35.76899572805195,0.9612086954151123
imagenette,data/imagenette2-320/val/n03394916/n03394916_38162.JPEG,n03394916,566,French horn,webp,77,566,French horn,0.8607573509216309,True,35158,26798,1.311963579371595,36.01341919630313,0.9732680671279912
imagenette,data/imagenette2-320/val/n03394916/n03394916_38201.JPEG,n03394916,566,French horn,webp,77,566,French horn,0.5073235034942627,True,18303,11804,1.5505760759064724,37.91468005565829,0.9633922175214638
imagenette,data/imagenette2-320/val/n03394916/n03394916_38212.JPEG,n03394916,566,French horn,webp,77,566,French horn,0.34102338552474976,True,41104,37736,1.089251642993428,34.38454761193779,0.9777213716080798
imagenette,data/imagenette2-320/val/n03394916/n03394916_38221.JPEG,n03394916,566,French horn,webp,77,566,French horn,0.5210570096969604,True,36080,30524,1.1820207050190015,35.12771282931742,0.9764556695433072
imagenette,data/imagenette2-320/val/n03394916/n03394916_38320.JPEG,n03394916,566,French horn,webp,77,566,French horn,0.2874617874622345,True,34273,26636,1.28671722480853,35.01328581685924,0.9638452230946096
imagenette,data/imagenette2-320/val/n03394916/n03394916_38340.JPEG,n03394916,566,French horn,webp,77,566,French horn,0.6669903993606567,True,34653,28534,1.2144459241606504,34.0336778214462,0.9650933324450399
imagenette,data/imagenette2-320/val/n03394916/n03394916_38360.JPEG,n03394916,566,French horn,webp,77,566,French horn,0.5736160278320312,True,47002,43622,1.07748383843015,34.27367746019707,0.9752442578250027
imagenette,data/imagenette2-320/val/n03394916/n03394916_38471.JPEG,n03394916,566,French horn,webp,77,566,French horn,0.5658110976219177,True,42079,40204,1.0466371505322853,33.827322195221576,0.9698539615120109
imagenette,data/imagenette2-320/val/n03394916/n03394916_38481.JPEG,n03394916,566,French horn,webp,77,566,French horn,0.5167401432991028,True,43960,44854,0.9800686672314621,34.606096547602576,0.9808661731370139
imagenette,data/imagenette2-320/val/n03394916/n03394916_38530.JPEG,n03394916,566,French horn,webp,77,566,French horn,0.6951873302459717,True,21122,14612,1.4455242266630166,37.72568537604985,0.9665378877717559
imagenette,data/imagenette2-320/val/n03394916/n03394916_38581.JPEG,n03394916,566,French horn,webp,77,566,French horn,0.32992076873779297,True,33678,27848,1.2093507612754955,35.14141429868152,0.9641862161645826
imagenette,data/imagenette2-320/val/n03394916/n03394916_38680.JPEG,n03394916,566,French horn,webp,77,566,French horn,0.35731175541877747,True,24598,17534,1.402874415421467,36.87415015373551,0.9515810711153444
imagenette,data/imagenette2-320/val/n03394916/n03394916_38702.JPEG,n03394916,566,French horn,webp,77,566,French horn,0.2506469190120697,True,19050,12672,1.503314393939394,37.940519822368266,0.9603773800564529
imagenette,data/imagenette2-320/val/n03394916/n03394916_38782.JPEG,n03394916,566,French horn,webp,77,566,French horn,0.2832697033882141,True,38551,31970,1.205849233656553,34.59653501858391,0.9588722573542019
imagenette,data/imagenette2-320/val/n03394916/n03394916_38830.JPEG,n03394916,566,French horn,webp,77,566,French horn,0.3418784737586975,True,24490,18446,1.327659113086848,37.31608115850561,0.9706367355140078
imagenette,data/imagenette2-320/val/n03394916/n03394916_38841.JPEG,n03394916,566,French horn,webp,77,566,French horn,0.7033119201660156,True,27767,20740,1.338813886210222,36.52538147937979,0.958196960538748
imagenette,data/imagenette2-320/val/n03394916/n03394916_38861.JPEG,n03394916,566,French horn,webp,77,566,French horn,0.5391462445259094,True,25275,18872,1.3392857142857142,36.61556019715735,0.9603173372531427
imagenette,data/imagenette2-320/val/n03394916/n03394916_39102.JPEG,n03394916,566,French horn,webp,77,513,cornet,0.20116470754146576,False,27458,21848,1.2567740754302454,35.61369684092097,0.9559992333806467
imagenette,data/imagenette2-320/val/n03394916/n03394916_39220.JPEG,n03394916,566,French horn,webp,77,683,oboe,0.2139529436826706,False,22239,16770,1.3261180679785332,35.715671223308874,0.9504982293625756
imagenette,data/imagenette2-320/val/n03394916/n03394916_39500.JPEG,n03394916,566,French horn,webp,77,566,French horn,0.5635983347892761,True,28016,21526,1.301495865465019,35.919906328443986,0.9576865951783509
imagenette,data/imagenette2-320/val/n03394916/n03394916_39880.JPEG,n03394916,566,French horn,webp,77,566,French horn,0.4851962924003601,True,26995,21024,1.2840087519025876,36.04973002620649,0.9651265780900887
imagenette,data/imagenette2-320/val/n03394916/n03394916_40160.JPEG,n03394916,566,French horn,webp,77,566,French horn,0.4775744676589966,True,27041,20210,1.3380009896091043,36.06745679117378,0.9584884680032477
imagenette,data/imagenette2-320/val/n03394916/n03394916_40301.JPEG,n03394916,566,French horn,webp,77,566,French horn,0.07719460129737854,True,25856,19180,1.3480709071949948,35.75416666146585,0.9550662774707371
imagenette,data/imagenette2-320/val/n03394916/n03394916_40302.JPEG,n03394916,566,French horn,webp,77,566,French horn,0.224563330411911,True,20354,14308,1.4225608051439753,37.14391197876017,0.9575832480762045
imagenette,data/imagenette2-320/val/n03394916/n03394916_40391.JPEG,n03394916,566,French horn,webp,77,566,French horn,0.2090509980916977,True,43460,38710,1.1227073107724101,34.0967200260261,0.9695747194698189
imagenette,data/imagenette2-320/val/n03394916/n03394916_40411.JPEG,n03394916,566,French horn,webp,77,566,French horn,0.4497250020503998,True,14344,9358,1.5328061551613592,39.43621467399383,0.9790190441075522
imagenette,data/imagenette2-320/val/n03394916/n03394916_40501.JPEG,n03394916,566,French horn,webp,77,566,French horn,0.31627392768859863,True,28915,21918,1.3192353316908476,36.191634959407565,0.9687634715578547
imagenette,data/imagenette2-320/val/n03394916/n03394916_40741.JPEG,n03394916,566,French horn,webp,77,566,French horn,0.5116955637931824,True,26356,20210,1.3041068777832756,36.61792338416635,0.9618275079647609
imagenette,data/imagenette2-320/val/n03394916/n03394916_41541.JPEG,n03394916,566,French horn,webp,77,513,cornet,0.31003880500793457,False,38764,34124,1.1359746805767201,34.7113367867326,0.96649338062902
imagenette,data/imagenette2-320/val/n03394916/n03394916_41871.JPEG,n03394916,566,French horn,webp,77,566,French horn,0.4559084475040436,True,19564,13072,1.4966340269277847,37.24721261513007,0.9508535560889996
imagenette,data/imagenette2-320/val/n03394916/n03394916_42200.JPEG,n03394916,566,French horn,webp,77,566,French horn,0.4369601905345917,True,40064,36396,1.10078030552808,34.800163580069366,0.9765663124919163
imagenette,data/imagenette2-320/val/n03394916/n03394916_42291.JPEG,n03394916,566,French horn,webp,77,566,French horn,0.3029039204120636,True,39854,31522,1.2643233297379608,33.16711400105341,0.9579252995412282
imagenette,data/imagenette2-320/val/n03394916/n03394916_42312.JPEG,n03394916,566,French horn,webp,77,566,French horn,0.5639227628707886,True,21143,15054,1.4044772153580445,37.00008513794083,0.9605431163497314
imagenette,data/imagenette2-320/val/n03394916/n03394916_42422.JPEG,n03394916,566,French horn,webp,77,566,French horn,0.33274611830711365,True,22438,16932,1.3251830852823057,38.55762980348206,0.9819054489089281
imagenette,data/imagenette2-320/val/n03394916/n03394916_42452.JPEG,n03394916,566,French horn,webp,77,566,French horn,0.12610116600990295,True,27736,21298,1.3022819044041694,35.862393310893644,0.9644079437582449
imagenette,data/imagenette2-320/val/n03394916/n03394916_4251.JPEG,n03394916,566,French horn,webp,77,566,French horn,0.42069172859191895,True,20814,13988,1.4879897054618245,36.78246179585994,0.9683045895932034
imagenette,data/imagenette2-320/val/n03394916/n03394916_42550.JPEG,n03394916,566,French horn,webp,77,566,French horn,0.4269656538963318,True,14106,7004,2.0139920045688178,39.36408492246832,0.9721420083622746
imagenette,data/imagenette2-320/val/n03394916/n03394916_42671.JPEG,n03394916,566,French horn,webp,77,566,French horn,0.5910922288894653,True,40469,35362,1.1444205644477123,36.55472507506242,0.9831233679239973
imagenette,data/imagenette2-320/val/n03394916/n03394916_42690.JPEG,n03394916,566,French horn,webp,77,566,French horn,0.5498719215393066,True,28621,21762,1.3151824280856539,35.496538968431096,0.9580770348555406
imagenette,data/imagenette2-320/val/n03394916/n03394916_42702.JPEG,n03394916,566,French horn,webp,77,566,French horn,0.4274633824825287,True,32692,28358,1.1528316524437547,34.912682774998046,0.9650538649532093
imagenette,data/imagenette2-320/val/n03394916/n03394916_42721.JPEG,n03394916,566,French horn,webp,77,566,French horn,0.24673540890216827,True,28719,23902,1.2015312526148438,35.60731068592154,0.9603870673623932
imagenette,data/imagenette2-320/val/n03394916/n03394916_42732.JPEG,n03394916,566,French horn,webp,77,566,French horn,0.4628085196018219,True,26132,20416,1.2799764890282133,36.76314992645303,0.9532531275692687
imagenette,data/imagenette2-320/val/n03394916/n03394916_42912.JPEG,n03394916,566,French horn,webp,77,566,French horn,0.4995633661746979,True,18739,11300,1.6583185840707964,38.81489415710775,0.980028050860846
imagenette,data/imagenette2-320/val/n03394916/n03394916_4301.JPEG,n03394916,566,French horn,webp,77,566,French horn,0.6945400834083557,True,27061,21466,1.260644740519892,36.24366379110765,0.9671029863137686
imagenette,data/imagenette2-320/val/n03394916/n03394916_43022.JPEG,n03394916,566,French horn,webp,77,566,French horn,0.5411274433135986,True,16124,11824,1.3636671177266577,37.0846796848648,0.9711366304393408
imagenette,data/imagenette2-320/val/n03394916/n03394916_43121.JPEG,n03394916,566,French horn,webp,77,566,French horn,0.4861437678337097,True,29308,21310,1.3753167526982637,36.04094085792006,0.9726379041719055
imagenette,data/imagenette2-320/val/n03394916/n03394916_43192.JPEG,n03394916,566,French horn,webp,77,566,French horn,0.47478365898132324,True,32849,27390,1.199306316173786,35.19085960760637,0.9577037930037197
imagenette,data/imagenette2-320/val/n03394916/n03394916_43251.JPEG,n03394916,566,French horn,webp,77,566,French horn,0.551371693611145,True,43320,41176,1.0520691665047601,33.3489093245314,0.9691178680942863
imagenette,data/imagenette2-320/val/n03394916/n03394916_43322.JPEG,n03394916,566,French horn,webp,77,566,French horn,0.39360448718070984,True,27115,20656,1.3126936483346243,36.1857878630544,0.9635573999254304
imagenette,data/imagenette2-320/val/n03394916/n03394916_43381.JPEG,n03394916,566,French horn,webp,77,566,French horn,0.5352170467376709,True,21166,15364,1.3776360322832595,36.70787062236184,0.9613022852855391
imagenette,data/imagenette2-320/val/n03394916/n03394916_43382.JPEG,n03394916,566,French horn,webp,77,566,French horn,0.4265128970146179,True,20196,15282,1.3215547703180213,38.149895336307566,0.9763790048372033
imagenette,data/imagenette2-320/val/n03394916/n03394916_43422.JPEG,n03394916,566,French horn,webp,77,566,French horn,0.4654928147792816,True,36716,30668,1.1972088170079562,34.45886511807129,0.9540330727610161
imagenette,data/imagenette2-320/val/n03394916/n03394916_43441.JPEG,n03394916,566,French horn,webp,77,566,French horn,0.323533296585083,True,28415,23528,1.2077099625977559,35.254392666761454,0.9712744895984735
imagenette,data/imagenette2-320/val/n03394916/n03394916_43532.JPEG,n03394916,566,French horn,webp,77,513,cornet,0.26891306042671204,False,25285,17928,1.410363676929942,36.25537847552164,0.9304477477091422
imagenette,data/imagenette2-320/val/n03394916/n03394916_43980.JPEG,n03394916,566,French horn,webp,77,566,French horn,0.3598334491252899,True,31766,25476,1.2468990422358297,36.013915739162165,0.9663349365304675
imagenette,data/imagenette2-320/val/n03394916/n03394916_43991.JPEG,n03394916,566,French horn,webp,77,566,French horn,0.7800416350364685,True,20899,14912,1.4014887339055795,36.821109898569446,0.9557310497811512
imagenette,data/imagenette2-320/val/n03394916/n03394916_44000.JPEG,n03394916,566,French horn,webp,77,566,French horn,0.4237290024757385,True,26235,19506,1.3449707782220854,36.41916395193709,0.9626025022047235
imagenette,data/imagenette2-320/val/n03394916/n03394916_44060.JPEG,n03394916,566,French horn,webp,77,566,French horn,0.24563738703727722,True,34333,27880,1.2314562410329986,34.67863098136816,0.9618714268210131
imagenette,data/imagenette2-320/val/n03394916/n03394916_44440.JPEG,n03394916,566,French horn,webp,77,566,French horn,0.30517080426216125,True,24658,19354,1.274051875581275,35.65159229395593,0.9596044286536259
imagenette,data/imagenette2-320/val/n03394916/n03394916_44580.JPEG,n03394916,566,French horn,webp,77,566,French horn,0.4750847816467285,True,30033,23870,1.2581901968998743,35.69276512404246,0.9637067729638438
imagenette,data/imagenette2-320/val/n03394916/n03394916_44670.JPEG,n03394916,566,French horn,webp,77,566,French horn,0.3464193344116211,True,31423,25050,1.2544111776447107,35.74302080196682,0.9658987655820321
imagenette,data/imagenette2-320/val/n03394916/n03394916_44800.JPEG,n03394916,566,French horn,webp,77,566,French horn,0.44043856859207153,True,27011,18444,1.4644870960746041,36.34026296020166,0.9681821958784481
imagenette,data/imagenette2-320/val/n03394916/n03394916_44831.JPEG,n03394916,566,French horn,webp,77,566,French horn,0.40695828199386597,True,39961,38198,1.0461542489135556,34.65749915998947,0.976570583989723
imagenette,data/imagenette2-320/val/n03394916/n03394916_44882.JPEG,n03394916,566,French horn,webp,77,566,French horn,0.5101685523986816,True,23677,17480,1.3545194508009153,36.667920005540054,0.9365147406169548
imagenette,data/imagenette2-320/val/n03394916/n03394916_45042.JPEG,n03394916,566,French horn,webp,77,566,French horn,0.391792893409729,True,25678,20836,1.2323862545594164,36.17032804888996,0.9596010565539866
imagenette,data/imagenette2-320/val/n03394916/n03394916_45101.JPEG,n03394916,566,French horn,webp,77,566,French horn,0.40144258737564087,True,12619,7906,1.5961295218821148,38.41751953962166,0.9486791841950147
imagenette,data/imagenette2-320/val/n03394916/n03394916_45190.JPEG,n03394916,566,French horn,webp,77,566,French horn,0.43817874789237976,True,25229,18386,1.3721853584248884,35.98028318165995,0.9651149606819911
imagenette,data/imagenette2-320/val/n03394916/n03394916_45202.JPEG,n03394916,566,French horn,webp,77,566,French horn,0.570405900478363,True,27195,23680,1.1484375,35.39711355936673,0.9735318321719918
imagenette,data/imagenette2-320/val/n03394916/n03394916_45631.JPEG,n03394916,566,French horn,webp,77,566,French horn,0.6308450102806091,True,36236,29412,1.2320141438868488,34.67983400427914,0.9758682754742761
imagenette,data/imagenette2-320/val/n03394916/n03394916_45760.JPEG,n03394916,566,French horn,webp,77,733,pole,0.05518437549471855,False,23610,17450,1.3530085959885387,37.23770875535817,0.9592592487701216
imagenette,data/imagenette2-320/val/n03394916/n03394916_46260.JPEG,n03394916,566,French horn,webp,77,566,French horn,0.7242432832717896,True,36639,32384,1.1313920454545454,34.93853996464662,0.9660317765476522
imagenette,data/imagenette2-320/val/n03394916/n03394916_46391.JPEG,n03394916,566,French horn,webp,77,566,French horn,0.12809816002845764,True,20255,12794,1.583163983117086,36.484133983059465,0.9203077726024146
imagenette,data/imagenette2-320/val/n03394916/n03394916_46411.JPEG,n03394916,566,French horn,webp,77,566,French horn,0.34711137413978577,True,17303,10348,1.6721105527638191,38.51429180877106,0.9496406862625402
imagenette,data/imagenette2-320/val/n03394916/n03394916_46521.JPEG,n03394916,566,French horn,webp,77,566,French horn,0.39687034487724304,True,30220,23500,1.2859574468085107,36.08822915794643,0.9712327734167284
imagenette,data/imagenette2-320/val/n03394916/n03394916_46670.JPEG,n03394916,566,French horn,webp,77,566,French horn,0.13399362564086914,True,27853,22684,1.2278698642214776,35.07079887957373,0.9582688308264595
imagenette,data/imagenette2-320/val/n03394916/n03394916_46672.JPEG,n03394916,566,French horn,webp,77,566,French horn,0.6383092999458313,True,20962,14910,1.4059020791415158,37.933758168374645,0.9850762476028962
imagenette,data/imagenette2-320/val/n03394916/n03394916_46700.JPEG,n03394916,566,French horn,webp,77,566,French horn,0.34611788392066956,True,36898,32126,1.1485401232646455,35.45723691172819,0.9656073264612818
imagenette,data/imagenette2-320/val/n03394916/n03394916_46931.JPEG,n03394916,566,French horn,webp,77,566,French horn,0.3193144202232361,True,26864,21546,1.2468207555926853,35.955375307718164,0.95703226112524
imagenette,data/imagenette2-320/val/n03394916/n03394916_46941.JPEG,n03394916,566,French horn,webp,77,566,French horn,0.6209589242935181,True,32333,26676,1.2120632778527516,35.24614490589869,0.9632631737003997
imagenette,data/imagenette2-320/val/n03394916/n03394916_47022.JPEG,n03394916,566,French horn,webp,77,566,French horn,0.367614209651947,True,32776,28224,1.161281179138322,35.29307595472894,0.9612907967266645
imagenette,data/imagenette2-320/val/n03394916/n03394916_47110.JPEG,n03394916,566,French horn,webp,77,566,French horn,0.34493324160575867,True,24960,17742,1.4068312478863714,36.65028012686467,0.9546368061028755
imagenette,data/imagenette2-320/val/n03394916/n03394916_47211.JPEG,n03394916,566,French horn,webp,77,566,French horn,0.33231204748153687,True,25550,18596,1.3739513873951388,37.20841605602783,0.9502259700113944
imagenette,data/imagenette2-320/val/n03394916/n03394916_47212.JPEG,n03394916,566,French horn,webp,77,566,French horn,0.36656829714775085,True,40337,36416,1.1076724516695957,34.964314143639314,0.9637021357054526
imagenette,data/imagenette2-320/val/n03394916/n03394916_47241.JPEG,n03394916,566,French horn,webp,77,683,oboe,0.34196019172668457,False,25093,19590,1.280908626850434,36.4047629143564,0.9626388418353468
imagenette,data/imagenette2-320/val/n03394916/n03394916_47300.JPEG,n03394916,566,French horn,webp,77,566,French horn,0.06726596504449844,True,37761,34800,1.0850862068965517,34.24542190101417,0.9629613316141445
imagenette,data/imagenette2-320/val/n03394916/n03394916_47330.JPEG,n03394916,566,French horn,webp,77,566,French horn,0.38842305541038513,True,28346,21282,1.3319236913823889,37.84739656607605,0.9810973097607785
imagenette,data/imagenette2-320/val/n03394916/n03394916_47462.JPEG,n03394916,566,French horn,webp,77,566,French horn,0.6186330914497375,True,31481,26712,1.1785339922132374,35.4039847042675,0.9601796018125942
imagenette,data/imagenette2-320/val/n03394916/n03394916_47472.JPEG,n03394916,566,French horn,webp,77,566,French horn,0.5576221942901611,True,34902,29592,1.1794403892944039,34.52914362702972,0.9712008076864618
imagenette,data/imagenette2-320/val/n03394916/n03394916_47560.JPEG,n03394916,566,French horn,webp,77,566,French horn,0.7257587909698486,True,36406,28974,1.2565058328156278,34.481486530962535,0.9613871026143647
imagenette,data/imagenette2-320/val/n03394916/n03394916_47651.JPEG,n03394916,566,French horn,webp,77,546,electric guitar,0.08807532489299774,False,25231,21012,1.2007900247477632,36.54808881400122,0.96136264392707
imagenette,data/imagenette2-320/val/n03394916/n03394916_47852.JPEG,n03394916,566,French horn,webp,77,566,French horn,0.5582916736602783,True,35375,28550,1.2390542907180386,34.144095821494716,0.9552515915713289
imagenette,data/imagenette2-320/val/n03394916/n03394916_47982.JPEG,n03394916,566,French horn,webp,77,566,French horn,0.4961661100387573,True,9132,5056,1.8061708860759493,39.32156720615746,0.9759715833883628
imagenette,data/imagenette2-320/val/n03394916/n03394916_48060.JPEG,n03394916,566,French horn,webp,77,566,French horn,0.3736434876918793,True,22227,14218,1.563300042200028,38.13596769459455,0.9658702133240077
imagenette,data/imagenette2-320/val/n03394916/n03394916_48121.JPEG,n03394916,566,French horn,webp,77,566,French horn,0.3464164435863495,True,32661,24994,1.3067536208690085,35.385000834781735,0.970030987770813
imagenette,data/imagenette2-320/val/n03394916/n03394916_48491.JPEG,n03394916,566,French horn,webp,77,566,French horn,0.47714346647262573,True,24779,18842,1.3150939390722853,36.607191021384594,0.9796706511492638
imagenette,data/imagenette2-320/val/n03394916/n03394916_48881.JPEG,n03394916,566,French horn,webp,77,566,French horn,0.3159988224506378,True,15888,11112,1.429805615550756,37.43929651193084,0.9753154433926015
imagenette,data/imagenette2-320/val/n03394916/n03394916_49600.JPEG,n03394916,566,French horn,webp,77,566,French horn,0.4659547805786133,True,26589,21522,1.2354335098968496,35.05877352512644,0.9758858367836739
imagenette,data/imagenette2-320/val/n03394916/n03394916_49722.JPEG,n03394916,566,French horn,webp,77,875,trombone,0.4871634542942047,False,30501,20962,1.455061539929396,36.369838999418846,0.966226792936881
imagenette,data/imagenette2-320/val/n03394916/n03394916_49731.JPEG,n03394916,566,French horn,webp,77,566,French horn,0.6298850178718567,True,30817,24586,1.2534369153176605,35.49035504323755,0.9806850711627342
imagenette,data/imagenette2-320/val/n03394916/n03394916_49952.JPEG,n03394916,566,French horn,webp,77,566,French horn,0.7068080902099609,True,32952,26638,1.2370298070425707,35.07437841758475,0.978672657832189
imagenette,data/imagenette2-320/val/n03394916/n03394916_5011.JPEG,n03394916,566,French horn,webp,77,566,French horn,0.10001937299966812,True,30095,27632,1.089135784597568,34.94213852291855,0.9752225791129644
imagenette,data/imagenette2-320/val/n03394916/n03394916_50380.JPEG,n03394916,566,French horn,webp,77,566,French horn,0.2846802771091461,True,26762,19534,1.370021500972663,35.99280548416663,0.9507482726194296
imagenette,data/imagenette2-320/val/n03394916/n03394916_50642.JPEG,n03394916,566,French horn,webp,77,566,French horn,0.42874377965927124,True,19368,13506,1.434029320302088,37.752619956450566,0.964026191656708
imagenette,data/imagenette2-320/val/n03394916/n03394916_50730.JPEG,n03394916,566,French horn,webp,77,566,French horn,0.5810983180999756,True,20024,14680,1.364032697547684,36.438150292453344,0.969086691447217
imagenette,data/imagenette2-320/val/n03394916/n03394916_51071.JPEG,n03394916,566,French horn,webp,77,566,French horn,0.39216747879981995,True,27192,21138,1.2864036332671018,35.456179032551816,0.956368558398009
imagenette,data/imagenette2-320/val/n03394916/n03394916_51112.JPEG,n03394916,566,French horn,webp,77,566,French horn,0.6698042154312134,True,21294,14368,1.482043429844098,37.024169076079104,0.9664190317848291
imagenette,data/imagenette2-320/val/n03394916/n03394916_51130.JPEG,n03394916,566,French horn,webp,77,566,French horn,0.35429495573043823,True,30828,21604,1.4269579707461582,35.84193849912187,0.9585070938133002
imagenette,data/imagenette2-320/val/n03394916/n03394916_51161.JPEG,n03394916,566,French horn,webp,77,566,French horn,0.37425610423088074,True,27629,18026,1.532730500388328,36.410319697446354,0.9719682222033788
imagenette,data/imagenette2-320/val/n03394916/n03394916_51440.JPEG,n03394916,566,French horn,webp,77,566,French horn,0.4479357898235321,True,32338,25430,1.2716476602438065,35.06922764466963,0.967725838910717
imagenette,data/imagenette2-320/val/n03394916/n03394916_51571.JPEG,n03394916,566,French horn,webp,77,566,French horn,0.5985317230224609,True,36268,34238,1.0592908464279456,34.75825090425827,0.967207254807607
imagenette,data/imagenette2-320/val/n03394916/n03394916_51680.JPEG,n03394916,566,French horn,webp,77,566,French horn,0.5178980231285095,True,36101,31376,1.150592809790923,34.840393632317976,0.9719080575220426
imagenette,data/imagenette2-320/val/n03394916/n03394916_51752.JPEG,n03394916,566,French horn,webp,77,566,French horn,0.431120365858078,True,29150,22244,1.3104657435713,36.45081449817036,0.9596918151837969
imagenette,data/imagenette2-320/val/n03394916/n03394916_51822.JPEG,n03394916,566,French horn,webp,77,566,French horn,0.4328325390815735,True,22003,16942,1.298725061976154,35.218948662512894,0.9645076647226767
imagenette,data/imagenette2-320/val/n03394916/n03394916_5200.JPEG,n03394916,566,French horn,webp,77,566,French horn,0.35962817072868347,True,37100,26250,1.4133333333333333,36.04144256746912,0.9618918091671634
imagenette,data/imagenette2-320/val/n03394916/n03394916_52191.JPEG,n03394916,566,French horn,webp,77,566,French horn,0.3948451280593872,True,34931,26394,1.3234447222853678,35.54319614864634,0.9681053223131331
imagenette,data/imagenette2-320/val/n03394916/n03394916_52232.JPEG,n03394916,566,French horn,webp,77,566,French horn,0.47823160886764526,True,39159,37482,1.0447414759084361,33.927905124620544,0.9835559188142691
imagenette,data/imagenette2-320/val/n03394916/n03394916_52422.JPEG,n03394916,566,French horn,webp,77,566,French horn,0.16247309744358063,True,24115,20878,1.1550435865504358,35.01869431297342,0.9621981840928774
imagenette,data/imagenette2-320/val/n03394916/n03394916_53401.JPEG,n03394916,566,French horn,webp,77,566,French horn,0.6265979409217834,True,27543,20914,1.3169647126326862,35.93929464423892,0.9669454723584563
imagenette,data/imagenette2-320/val/n03394916/n03394916_53581.JPEG,n03394916,566,French horn,webp,77,566,French horn,0.3816249966621399,True,39360,34786,1.1314896797562237,35.30959624629321,0.9719266393242926
imagenette,data/imagenette2-320/val/n03394916/n03394916_53962.JPEG,n03394916,566,French horn,webp,77,566,French horn,0.5241526365280151,True,19897,12664,1.5711465571699306,37.24501167277321,0.9756814736774676
imagenette,data/imagenette2-320/val/n03394916/n03394916_540.JPEG,n03394916,566,French horn,webp,77,566,French horn,0.5517443418502808,True,20890,14992,1.393409818569904,36.681303347554255,0.9710911440510214
imagenette,data/imagenette2-320/val/n03394916/n03394916_54320.JPEG,n03394916,566,French horn,webp,77,566,French horn,0.36521369218826294,True,27441,20694,1.326036532328211,35.95490492158922,0.9588928728274825
imagenette,data/imagenette2-320/val/n03394916/n03394916_54391.JPEG,n03394916,566,French horn,webp,77,566,French horn,0.2533426880836487,True,35256,31088,1.1340710241893979,35.813317618949704,0.9641770789652052
imagenette,data/imagenette2-320/val/n03394916/n03394916_54531.JPEG,n03394916,566,French horn,webp,77,566,French horn,0.22165490686893463,True,36243,31010,1.1687520154788777,35.499802181603386,0.9641829461183189
imagenette,data/imagenette2-320/val/n03394916/n03394916_54570.JPEG,n03394916,566,French horn,webp,77,566,French horn,0.4287160336971283,True,35090,27916,1.2569852414386016,35.75025885561496,0.9739982557688177
imagenette,data/imagenette2-320/val/n03394916/n03394916_5461.JPEG,n03394916,566,French horn,webp,77,566,French horn,0.620627760887146,True,19655,14996,1.3106828487596693,36.86297144358663,0.9632156849087897
imagenette,data/imagenette2-320/val/n03394916/n03394916_54831.JPEG,n03394916,566,French horn,webp,77,566,French horn,0.5953481197357178,True,33450,26612,1.256951751089734,34.941716090458634,0.9736169133526974
imagenette,data/imagenette2-320/val/n03394916/n03394916_5511.JPEG,n03394916,566,French horn,webp,77,566,French horn,0.5646756887435913,True,17922,13118,1.3662143619454186,37.99274561345905,0.9708490298255734
imagenette,data/imagenette2-320/val/n03394916/n03394916_55411.JPEG,n03394916,566,French horn,webp,77,566,French horn,0.493368536233902,True,37601,32230,1.1666459820043438,35.40434374414524,0.9630636922570286
imagenette,data/imagenette2-320/val/n03394916/n03394916_55552.JPEG,n03394916,566,French horn,webp,77,566,French horn,0.3494800627231598,True,33814,29536,1.1448401950162514,35.28953312548412,0.9619929523410113
imagenette,data/imagenette2-320/val/n03394916/n03394916_55610.JPEG,n03394916,566,French horn,webp,77,566,French horn,0.49670326709747314,True,26645,20272,1.3143745067087609,35.60484463369657,0.9666743414136859
imagenette,data/imagenette2-320/val/n03394916/n03394916_56022.JPEG,n03394916,566,French horn,webp,77,566,French horn,0.5389763116836548,True,24121,17970,1.3422927100723427,36.61632666351017,0.9774399507687045
imagenette,data/imagenette2-320/val/n03394916/n03394916_56850.JPEG,n03394916,566,French horn,webp,77,566,French horn,0.3043908178806305,True,36626,29616,1.236696380334954,37.118921920786605,0.9697520331522238
imagenette,data/imagenette2-320/val/n03394916/n03394916_56881.JPEG,n03394916,566,French horn,webp,77,566,French horn,0.559481680393219,True,34905,26322,1.326077045817187,35.409248246961404,0.9736142578988941
imagenette,data/imagenette2-320/val/n03394916/n03394916_57212.JPEG,n03394916,566,French horn,webp,77,566,French horn,0.6191946268081665,True,16380,10404,1.57439446366782,37.14908205751572,0.9618808442385772
imagenette,data/imagenette2-320/val/n03394916/n03394916_57410.JPEG,n03394916,566,French horn,webp,77,566,French horn,0.492293119430542,True,29345,22434,1.3080591958634216,36.41869168415792,0.9742121312257028
imagenette,data/imagenette2-320/val/n03394916/n03394916_57530.JPEG,n03394916,566,French horn,webp,77,566,French horn,0.309023380279541,True,27036,19166,1.4106229781905457,35.26985092812109,0.9560025616790427
imagenette,data/imagenette2-320/val/n03394916/n03394916_57922.JPEG,n03394916,566,French horn,webp,77,566,French horn,0.39461901783943176,True,35189,27082,1.2993501218521528,35.448882241708525,0.9631088436188557
imagenette,data/imagenette2-320/val/n03394916/n03394916_5811.JPEG,n03394916,566,French horn,webp,77,566,French horn,0.672651469707489,True,42402,39072,1.0852272727272727,33.771189860962586,0.9681702955249839
imagenette,data/imagenette2-320/val/n03394916/n03394916_58180.JPEG,n03394916,566,French horn,webp,77,566,French horn,0.3910270631313324,True,31607,25304,1.2490910527979766,35.113312783127085,0.9565898797910842
imagenette,data/imagenette2-320/val/n03394916/n03394916_58402.JPEG,n03394916,566,French horn,webp,77,566,French horn,0.5850353837013245,True,37044,27420,1.3509846827133478,34.528410987013416,0.9729015544404523
imagenette,data/imagenette2-320/val/n03394916/n03394916_59222.JPEG,n03394916,566,French horn,webp,77,566,French horn,0.6332729458808899,True,27567,20094,1.3719020603165124,36.480832030373506,0.9468094864916013
imagenette,data/imagenette2-320/val/n03394916/n03394916_59361.JPEG,n03394916,566,French horn,webp,77,566,French horn,0.6791505813598633,True,28723,22332,1.2861812645531077,35.58509811279405,0.9787287292393628
imagenette,data/imagenette2-320/val/n03394916/n03394916_59430.JPEG,n03394916,566,French horn,webp,77,566,French horn,0.5136271119117737,True,37678,29526,1.276095644516697,35.390227285607224,0.9737549762317528
imagenette,data/imagenette2-320/val/n03394916/n03394916_59452.JPEG,n03394916,566,French horn,webp,77,566,French horn,0.6329052448272705,True,31660,23226,1.3631275294928098,35.86595231001995,0.9723699167069931
imagenette,data/imagenette2-320/val/n03394916/n03394916_60232.JPEG,n03394916,566,French horn,webp,77,566,French horn,0.5598306059837341,True,27788,21368,1.3004492699363535,35.63752375358313,0.9674178541110589
imagenette,data/imagenette2-320/val/n03394916/n03394916_6031.JPEG,n03394916,566,French horn,webp,77,566,French horn,0.4363018870353699,True,14954,10522,1.4212126972058543,38.37146187372726,0.9871378587723334
imagenette,data/imagenette2-320/val/n03394916/n03394916_60810.JPEG,n03394916,566,French horn,webp,77,566,French horn,0.26864001154899597,True,12646,8008,1.579170829170829,39.721619896032934,0.9716445764832193
imagenette,data/imagenette2-320/val/n03394916/n03394916_60902.JPEG,n03394916,566,French horn,webp,77,566,French horn,0.496913880109787,True,57852,56896,1.0168025871766029,33.70898710639069,0.9822727949627336
imagenette,data/imagenette2-320/val/n03394916/n03394916_61012.JPEG,n03394916,566,French horn,webp,77,566,French horn,0.5995157361030579,True,19433,12196,1.5933912758281403,36.201376933417734,0.9346303683311138
imagenette,data/imagenette2-320/val/n03394916/n03394916_62451.JPEG,n03394916,566,French horn,webp,77,566,French horn,0.6140957474708557,True,17537,11802,1.485934587358075,38.74021650596622,0.9746661614789532
imagenette,data/imagenette2-320/val/n03394916/n03394916_62690.JPEG,n03394916,566,French horn,webp,77,566,French horn,0.3205902576446533,True,23871,16912,1.4114829706717125,36.96030208454287,0.949163160707438
imagenette,data/imagenette2-320/val/n03394916/n03394916_63390.JPEG,n03394916,566,French horn,webp,77,566,French horn,0.5060173273086548,True,31382,25182,1.2462076086093241,35.24541694938674,0.9666835958798136
imagenette,data/imagenette2-320/val/n03394916/n03394916_63471.JPEG,n03394916,566,French horn,webp,77,566,French horn,0.48774465918540955,True,20392,15214,1.340344419613514,37.10933677438878,0.9784101593540194
imagenette,data/imagenette2-320/val/n03394916/n03394916_66070.JPEG,n03394916,566,French horn,webp,77,566,French horn,0.49534541368484497,True,28778,21822,1.3187608835120521,35.19484485881933,0.9636769822822595
imagenette,data/imagenette2-320/val/n03394916/n03394916_6742.JPEG,n03394916,566,French horn,webp,77,566,French horn,0.566157877445221,True,21031,11650,1.805236051502146,36.72199867593609,0.9772985664307962
imagenette,data/imagenette2-320/val/n03394916/n03394916_6830.JPEG,n03394916,566,French horn,webp,77,566,French horn,0.29200682044029236,True,28365,21414,1.324600728495377,36.146614643807254,0.9603515203266588
imagenette,data/imagenette2-320/val/n03394916/n03394916_68382.JPEG,n03394916,566,French horn,webp,77,566,French horn,0.4767720699310303,True,30740,23846,1.289105091000587,36.49376397156071,0.9677866742908678
imagenette,data/imagenette2-320/val/n03394916/n03394916_68551.JPEG,n03394916,566,French horn,webp,77,875,trombone,0.11931972205638885,False,30731,23984,1.281312541694463,35.923284213128206,0.9541803925966615
imagenette,data/imagenette2-320/val/n03394916/n03394916_69060.JPEG,n03394916,566,French horn,webp,77,566,French horn,0.20795100927352905,True,34460,27358,1.2595949996344762,35.50787976572476,0.9659389181337238
imagenette,data/imagenette2-320/val/n03394916/n03394916_69132.JPEG,n03394916,566,French horn,webp,77,566,French horn,0.39858385920524597,True,27365,19776,1.3837479773462784,36.26485571115255,0.964205475166104
imagenette,data/imagenette2-320/val/n03394916/n03394916_7000.JPEG,n03394916,566,French horn,webp,77,453,bookcase,0.10055627673864365,False,25094,15198,1.651138307672062,37.63608572224376,0.9765505128045618
imagenette,data/imagenette2-320/val/n03394916/n03394916_71910.JPEG,n03394916,566,French horn,webp,77,566,French horn,0.4583894610404968,True,16939,10554,1.604983892363085,38.76956547863796,0.962551701715042
imagenette,data/imagenette2-320/val/n03394916/n03394916_7292.JPEG,n03394916,566,French horn,webp,77,566,French horn,0.20865437388420105,True,28383,21364,1.3285433439430818,35.597173216557415,0.958675924616962
imagenette,data/imagenette2-320/val/n03394916/n03394916_73490.JPEG,n03394916,566,French horn,webp,77,566,French horn,0.4494979977607727,True,32211,27762,1.1602550248541172,34.62752070908439,0.9606518442679898
imagenette,data/imagenette2-320/val/n03394916/n03394916_7522.JPEG,n03394916,566,French horn,webp,77,566,French horn,0.4604703187942505,True,15617,11590,1.3474547023295944,37.67571697523054,0.9751094826428676
imagenette,data/imagenette2-320/val/n03394916/n03394916_7602.JPEG,n03394916,566,French horn,webp,77,566,French horn,0.5343994498252869,True,23949,16316,1.467822995832312,37.770045903956046,0.9660664127548326
imagenette,data/imagenette2-320/val/n03394916/n03394916_7620.JPEG,n03394916,566,French horn,webp,77,566,French horn,0.30078044533729553,True,34629,24306,1.424709948160948,36.91358413529087,0.9644486921639057
imagenette,data/imagenette2-320/val/n03394916/n03394916_7951.JPEG,n03394916,566,French horn,webp,77,566,French horn,0.49671027064323425,True,18291,11150,1.6404484304932736,38.23492637662128,0.9761668323197902
imagenette,data/imagenette2-320/val/n03394916/n03394916_8060.JPEG,n03394916,566,French horn,webp,77,566,French horn,0.5928937196731567,True,23632,16272,1.4523107177974435,36.487676573233344,0.9528460639281048
imagenette,data/imagenette2-320/val/n03394916/n03394916_8120.JPEG,n03394916,566,French horn,webp,77,566,French horn,0.8006513714790344,True,38091,33764,1.1281542471271175,35.57135758562045,0.9831398354736015
imagenette,data/imagenette2-320/val/n03394916/n03394916_8602.JPEG,n03394916,566,French horn,webp,77,566,French horn,0.4639928340911865,True,20456,14108,1.4499574709384746,37.15466998739097,0.9759378723797324
imagenette,data/imagenette2-320/val/n03394916/n03394916_8640.JPEG,n03394916,566,French horn,webp,77,566,French horn,0.3328675925731659,True,25580,21056,1.214855623100304,34.06059870239721,0.9520498028027221
imagenette,data/imagenette2-320/val/n03394916/n03394916_9451.JPEG,n03394916,566,French horn,webp,77,566,French horn,0.6416501402854919,True,32067,26692,1.2013711973625056,35.345923551567736,0.9738073287302309
imagenette,data/imagenette2-320/val/n03394916/n03394916_9580.JPEG,n03394916,566,French horn,webp,77,566,French horn,0.5077196955680847,True,23964,16456,1.4562469615945552,36.78659681603084,0.96816185772128
imagenette,data/imagenette2-320/val/n03394916/n03394916_9851.JPEG,n03394916,566,French horn,webp,77,566,French horn,0.5676970481872559,True,30242,23536,1.2849252209381372,35.79359001540712,0.9670897500973332
imagenette,data/imagenette2-320/val/n03417042/ILSVRC2012_val_00002210.JPEG,n03417042,569,garbage truck,webp,77,569,garbage truck,0.4000876545906067,True,20299,12014,1.6896121191942735,37.46206669790881,0.9434555984238763
imagenette,data/imagenette2-320/val/n03417042/ILSVRC2012_val_00006922.JPEG,n03417042,569,garbage truck,webp,77,569,garbage truck,0.4843597412109375,True,31511,25012,1.2598352790660483,36.2367914933484,0.9670099502376185
imagenette,data/imagenette2-320/val/n03417042/ILSVRC2012_val_00008430.JPEG,n03417042,569,garbage truck,webp,77,569,garbage truck,0.5953614115715027,True,38910,35370,1.1000848176420694,34.64993180388124,0.9763503706600946
imagenette,data/imagenette2-320/val/n03417042/ILSVRC2012_val_00022172.JPEG,n03417042,569,garbage truck,webp,77,569,garbage truck,0.3904326558113098,True,24569,18780,1.3082534611288605,36.939250778522975,0.9541063041492435
imagenette,data/imagenette2-320/val/n03417042/ILSVRC2012_val_00024560.JPEG,n03417042,569,garbage truck,webp,77,569,garbage truck,0.4895365834236145,True,17858,11522,1.549904530463461,38.039499550933584,0.9539068906397548
imagenette,data/imagenette2-320/val/n03417042/ILSVRC2012_val_00027110.JPEG,n03417042,569,garbage truck,webp,77,569,garbage truck,0.20220455527305603,True,30375,24546,1.2374725006110976,35.62293067782313,0.9663015502231899
imagenette,data/imagenette2-320/val/n03417042/ILSVRC2012_val_00027150.JPEG,n03417042,569,garbage truck,webp,77,569,garbage truck,0.4066772758960724,True,31964,26224,1.2188834655277607,36.00077147792378,0.9613321163191196
imagenette,data/imagenette2-320/val/n03417042/ILSVRC2012_val_00028190.JPEG,n03417042,569,garbage truck,webp,77,569,garbage truck,0.4973723888397217,True,40553,37008,1.0957900994379595,34.994254961607545,0.9772789802227401
imagenette,data/imagenette2-320/val/n03417042/ILSVRC2012_val_00032800.JPEG,n03417042,569,garbage truck,webp,77,803,snowplow,0.14513954520225525,False,29062,23938,1.2140529701729468,35.43162687160179,0.954917396233666
imagenette,data/imagenette2-320/val/n03417042/ILSVRC2012_val_00033842.JPEG,n03417042,569,garbage truck,webp,77,569,garbage truck,0.41874730587005615,True,34106,30434,1.1206545311165144,35.06329895940125,0.9649773364440223
imagenette,data/imagenette2-320/val/n03417042/ILSVRC2012_val_00034001.JPEG,n03417042,569,garbage truck,webp,77,569,garbage truck,0.25014108419418335,True,16620,9536,1.7428691275167785,38.53853225623905,0.9566231735123671
imagenette,data/imagenette2-320/val/n03417042/ILSVRC2012_val_00042802.JPEG,n03417042,569,garbage truck,webp,77,569,garbage truck,0.4345929026603699,True,18746,13584,1.3800058892815077,38.07466806111135,0.9687870833837634
imagenette,data/imagenette2-320/val/n03417042/n03417042_1000.JPEG,n03417042,569,garbage truck,webp,77,569,garbage truck,0.49095210433006287,True,30857,26004,1.1866251345946777,36.0906233886016,0.9630642648861908
imagenette,data/imagenette2-320/val/n03417042/n03417042_10121.JPEG,n03417042,569,garbage truck,webp,77,569,garbage truck,0.34011396765708923,True,33012,27490,1.2008730447435432,34.940514206406235,0.9628842671046577
imagenette,data/imagenette2-320/val/n03417042/n03417042_10141.JPEG,n03417042,569,garbage truck,webp,77,569,garbage truck,0.5321035981178284,True,24926,15842,1.573412447923242,36.96287001261711,0.9520557031823152
imagenette,data/imagenette2-320/val/n03417042/n03417042_10150.JPEG,n03417042,569,garbage truck,webp,77,569,garbage truck,0.4667702317237854,True,18131,12042,1.5056469025078891,37.39119219278862,0.9607744417751048
imagenette,data/imagenette2-320/val/n03417042/n03417042_1022.JPEG,n03417042,569,garbage truck,webp,77,569,garbage truck,0.35326167941093445,True,26713,21790,1.225929325378614,35.024167880825644,0.9687484207405244
imagenette,data/imagenette2-320/val/n03417042/n03417042_10280.JPEG,n03417042,569,garbage truck,webp,77,569,garbage truck,0.2798400819301605,True,24109,17884,1.3480764929545963,35.79966923113449,0.9588459404386631
imagenette,data/imagenette2-320/val/n03417042/n03417042_10300.JPEG,n03417042,569,garbage truck,webp,77,569,garbage truck,0.2851196825504303,True,21380,15194,1.4071343951559827,37.1341498237177,0.9603232920120623
imagenette,data/imagenette2-320/val/n03417042/n03417042_1031.JPEG,n03417042,569,garbage truck,webp,77,569,garbage truck,0.5133920907974243,True,37379,34530,1.0825079640891977,34.87679368959674,0.971920718740113
imagenette,data/imagenette2-320/val/n03417042/n03417042_10331.JPEG,n03417042,569,garbage truck,webp,77,569,garbage truck,0.5004227161407471,True,17066,11358,1.5025532664201444,37.91972890114271,0.9700163329799398
imagenette,data/imagenette2-320/val/n03417042/n03417042_10362.JPEG,n03417042,569,garbage truck,webp,77,569,garbage truck,0.41068896651268005,True,13594,8748,1.553955189757659,37.900811044363294,0.9523480536800926
imagenette,data/imagenette2-320/val/n03417042/n03417042_10401.JPEG,n03417042,569,garbage truck,webp,77,569,garbage truck,0.4271901845932007,True,19834,12634,1.5698907709355707,37.56573357631782,0.9550092494539739
imagenette,data/imagenette2-320/val/n03417042/n03417042_10402.JPEG,n03417042,569,garbage truck,webp,77,569,garbage truck,0.6109574437141418,True,29595,23156,1.278070478493695,35.38899013803768,0.964302726350163
imagenette,data/imagenette2-320/val/n03417042/n03417042_10442.JPEG,n03417042,569,garbage truck,webp,77,569,garbage truck,0.21598389744758606,True,23610,18458,1.2791201646982338,36.18973829081328,0.9654624891053046
imagenette,data/imagenette2-320/val/n03417042/n03417042_10462.JPEG,n03417042,569,garbage truck,webp,77,569,garbage truck,0.35692593455314636,True,23021,16118,1.428278942796873,37.39556430946455,0.9598882974141144
imagenette,data/imagenette2-320/val/n03417042/n03417042_1051.JPEG,n03417042,569,garbage truck,webp,77,569,garbage truck,0.4052307903766632,True,33407,26814,1.2458790184232118,34.93254358749952,0.9722820831201084
imagenette,data/imagenette2-320/val/n03417042/n03417042_10520.JPEG,n03417042,569,garbage truck,webp,77,569,garbage truck,0.36630013585090637,True,34473,28674,1.2022389621259677,35.72193413817238,0.9700374309802222
imagenette,data/imagenette2-320/val/n03417042/n03417042_10612.JPEG,n03417042,569,garbage truck,webp,77,569,garbage truck,0.5914379358291626,True,36055,31734,1.1361631058171047,34.98275360256167,0.9685707515474306
imagenette,data/imagenette2-320/val/n03417042/n03417042_10642.JPEG,n03417042,569,garbage truck,webp,77,569,garbage truck,0.3531564176082611,True,17331,10430,1.6616490891658677,37.67409470226177,0.9661471479273661
imagenette,data/imagenette2-320/val/n03417042/n03417042_10751.JPEG,n03417042,569,garbage truck,webp,77,569,garbage truck,0.27508363127708435,True,24611,18150,1.355977961432507,36.82236268174835,0.9612035086323233
imagenette,data/imagenette2-320/val/n03417042/n03417042_10752.JPEG,n03417042,569,garbage truck,webp,77,569,garbage truck,0.36676591634750366,True,31642,26472,1.1953006950740406,35.69619195325786,0.9674243824547553
imagenette,data/imagenette2-320/val/n03417042/n03417042_10802.JPEG,n03417042,569,garbage truck,webp,77,569,garbage truck,0.6337118744850159,True,17031,10176,1.6736438679245282,37.92376521043331,0.9596062709497467
imagenette,data/imagenette2-320/val/n03417042/n03417042_11.JPEG,n03417042,569,garbage truck,webp,77,569,garbage truck,0.6734946370124817,True,18127,12280,1.4761400651465797,37.51140674096037,0.9638025039681253
imagenette,data/imagenette2-320/val/n03417042/n03417042_11000.JPEG,n03417042,569,garbage truck,webp,77,569,garbage truck,0.1900620460510254,True,24168,18632,1.2971232288535852,36.841769060270714,0.9621286403342392
imagenette,data/imagenette2-320/val/n03417042/n03417042_11031.JPEG,n03417042,569,garbage truck,webp,77,569,garbage truck,0.33567342162132263,True,33285,28046,1.1868002567211011,34.97466365731191,0.96355882690216
imagenette,data/imagenette2-320/val/n03417042/n03417042_11062.JPEG,n03417042,569,garbage truck,webp,77,569,garbage truck,0.5735840797424316,True,32332,27552,1.1734901277584204,35.54591471873757,0.9654551115246709
imagenette,data/imagenette2-320/val/n03417042/n03417042_11072.JPEG,n03417042,569,garbage truck,webp,77,569,garbage truck,0.6655139327049255,True,29373,21572,1.3616261820878917,36.22920710572377,0.9683650012060171
imagenette,data/imagenette2-320/val/n03417042/n03417042_11091.JPEG,n03417042,569,garbage truck,webp,77,569,garbage truck,0.32503700256347656,True,31416,25956,1.2103559870550162,35.43749070676127,0.958934638676264
imagenette,data/imagenette2-320/val/n03417042/n03417042_11222.JPEG,n03417042,569,garbage truck,webp,77,569,garbage truck,0.2797604203224182,True,26695,19556,1.365054203313561,36.57666239459961,0.9644554458981217
imagenette,data/imagenette2-320/val/n03417042/n03417042_11441.JPEG,n03417042,569,garbage truck,webp,77,569,garbage truck,0.7270417213439941,True,31127,25862,1.2035805428814477,35.582630211633784,0.9603880290621123
imagenette,data/imagenette2-320/val/n03417042/n03417042_11452.JPEG,n03417042,569,garbage truck,webp,77,569,garbage truck,0.25483566522598267,True,28611,22944,1.2469926778242677,35.62840449868042,0.9633894918957058
imagenette,data/imagenette2-320/val/n03417042/n03417042_11511.JPEG,n03417042,569,garbage truck,webp,77,569,garbage truck,0.25042688846588135,True,28893,21850,1.3223340961098398,36.33013442010671,0.9577054767335792
imagenette,data/imagenette2-320/val/n03417042/n03417042_11552.JPEG,n03417042,569,garbage truck,webp,77,569,garbage truck,0.3856253921985626,True,26122,20980,1.2450905624404194,35.72290472375556,0.9713401544919122
imagenette,data/imagenette2-320/val/n03417042/n03417042_11602.JPEG,n03417042,569,garbage truck,webp,77,569,garbage truck,0.43157464265823364,True,35736,31866,1.1214460553568066,35.210140188006676,0.9721033217603203
imagenette,data/imagenette2-320/val/n03417042/n03417042_11611.JPEG,n03417042,569,garbage truck,webp,77,569,garbage truck,0.3852716386318207,True,29752,24496,1.2145656433703462,35.731202220631516,0.9585389805665857
imagenette,data/imagenette2-320/val/n03417042/n03417042_1182.JPEG,n03417042,569,garbage truck,webp,77,569,garbage truck,0.3386571407318115,True,21048,15758,1.335702500317299,35.803736258180564,0.948643773689065
imagenette,data/imagenette2-320/val/n03417042/n03417042_11871.JPEG,n03417042,569,garbage truck,webp,77,569,garbage truck,0.8377363085746765,True,35333,30874,1.1444257303880288,34.997807774098,0.9712322360914216
imagenette,data/imagenette2-320/val/n03417042/n03417042_12002.JPEG,n03417042,569,garbage truck,webp,77,569,garbage truck,0.6465085744857788,True,37402,34754,1.0761926684698164,34.89937243912523,0.9719491769238142
imagenette,data/imagenette2-320/val/n03417042/n03417042_12031.JPEG,n03417042,569,garbage truck,webp,77,569,garbage truck,0.4259042739868164,True,26920,21192,1.2702906757266894,36.30662652376645,0.9590662457478926
imagenette,data/imagenette2-320/val/n03417042/n03417042_12050.JPEG,n03417042,569,garbage truck,webp,77,569,garbage truck,0.37369102239608765,True,27957,22970,1.2171092729647366,35.93362042060247,0.9547444310717551
imagenette,data/imagenette2-320/val/n03417042/n03417042_1211.JPEG,n03417042,569,garbage truck,webp,77,569,garbage truck,0.19398394227027893,True,34163,27272,1.252676738046348,35.71791463184383,0.9694061467718879
imagenette,data/imagenette2-320/val/n03417042/n03417042_12170.JPEG,n03417042,569,garbage truck,webp,77,569,garbage truck,0.5504839420318604,True,33145,28704,1.1547171125975473,35.30322116111031,0.9689954142447469
imagenette,data/imagenette2-320/val/n03417042/n03417042_12190.JPEG,n03417042,569,garbage truck,webp,77,569,garbage truck,0.5718846321105957,True,43475,37014,1.1745555735667585,34.293734944352245,0.9604120880785331
imagenette,data/imagenette2-320/val/n03417042/n03417042_12232.JPEG,n03417042,569,garbage truck,webp,77,569,garbage truck,0.2503063678741455,True,44520,42834,1.039361255077742,34.59077358756528,0.9761781449739888
imagenette,data/imagenette2-320/val/n03417042/n03417042_12291.JPEG,n03417042,569,garbage truck,webp,77,569,garbage truck,0.31953302025794983,True,30001,23892,1.255692281935376,35.76942092333133,0.9659378928457881
imagenette,data/imagenette2-320/val/n03417042/n03417042_12300.JPEG,n03417042,569,garbage truck,webp,77,569,garbage truck,0.8311470746994019,True,40288,36918,1.091283384798743,34.20646007546243,0.9771019477152851
imagenette,data/imagenette2-320/val/n03417042/n03417042_12322.JPEG,n03417042,569,garbage truck,webp,77,569,garbage truck,0.6045929193496704,True,27110,20994,1.291321329903782,36.31427196889257,0.9606808906482912
imagenette,data/imagenette2-320/val/n03417042/n03417042_12400.JPEG,n03417042,569,garbage truck,webp,77,569,garbage truck,0.4318051040172577,True,30469,23142,1.316610491746608,35.52362397934526,0.9652813210926028
imagenette,data/imagenette2-320/val/n03417042/n03417042_12531.JPEG,n03417042,569,garbage truck,webp,77,569,garbage truck,0.5282465219497681,True,34540,27292,1.2655723288875862,36.498284820439856,0.970186668135776
imagenette,data/imagenette2-320/val/n03417042/n03417042_12560.JPEG,n03417042,569,garbage truck,webp,77,569,garbage truck,0.37733131647109985,True,34209,25982,1.3166422908167192,36.73176801779531,0.966875077792552
imagenette,data/imagenette2-320/val/n03417042/n03417042_12601.JPEG,n03417042,569,garbage truck,webp,77,569,garbage truck,0.5411474108695984,True,19856,13684,1.451037708272435,38.15704216809555,0.9541850058742622
imagenette,data/imagenette2-320/val/n03417042/n03417042_1262.JPEG,n03417042,569,garbage truck,webp,77,569,garbage truck,0.15507590770721436,True,45053,43218,1.0424591605349622,34.9222153193541,0.9768136817080689
imagenette,data/imagenette2-320/val/n03417042/n03417042_1271.JPEG,n03417042,569,garbage truck,webp,77,569,garbage truck,0.1963309496641159,True,40563,35802,1.13298139768728,34.86765207984924,0.9674845610774835
imagenette,data/imagenette2-320/val/n03417042/n03417042_12711.JPEG,n03417042,569,garbage truck,webp,77,569,garbage truck,0.5725986361503601,True,18832,12314,1.5293162254344648,36.883274784704156,0.9628494943927585
imagenette,data/imagenette2-320/val/n03417042/n03417042_12790.JPEG,n03417042,569,garbage truck,webp,77,569,garbage truck,0.43786299228668213,True,22856,16648,1.3728976453628063,36.90869531889274,0.9463624498446827
imagenette,data/imagenette2-320/val/n03417042/n03417042_1280.JPEG,n03417042,569,garbage truck,webp,77,569,garbage truck,0.5174887776374817,True,19989,13226,1.5113412974444276,37.78532592372306,0.9610515289884333
imagenette,data/imagenette2-320/val/n03417042/n03417042_1282.JPEG,n03417042,569,garbage truck,webp,77,569,garbage truck,0.5030031800270081,True,34179,28600,1.1950699300699301,35.093886405804085,0.9680297317201646
imagenette,data/imagenette2-320/val/n03417042/n03417042_130.JPEG,n03417042,569,garbage truck,webp,77,569,garbage truck,0.2520166337490082,True,15382,8912,1.7259874326750448,38.872681299702336,0.9467864952675882
imagenette,data/imagenette2-320/val/n03417042/n03417042_1311.JPEG,n03417042,569,garbage truck,webp,77,569,garbage truck,0.3879287838935852,True,25530,20008,1.2759896041583367,36.15754225627601,0.9661260059311682
imagenette,data/imagenette2-320/val/n03417042/n03417042_13151.JPEG,n03417042,569,garbage truck,webp,77,569,garbage truck,0.2939852178096771,True,21467,17064,1.2580285982184716,35.61794643994094,0.9591824651936545
imagenette,data/imagenette2-320/val/n03417042/n03417042_1330.JPEG,n03417042,569,garbage truck,webp,77,569,garbage truck,0.460097998380661,True,30385,25512,1.191008153026027,35.39076973502842,0.9663184697616282
imagenette,data/imagenette2-320/val/n03417042/n03417042_1332.JPEG,n03417042,569,garbage truck,webp,77,569,garbage truck,0.664593517780304,True,25474,18458,1.3801061870191786,37.09415133394313,0.9606395283946149
imagenette,data/imagenette2-320/val/n03417042/n03417042_13651.JPEG,n03417042,569,garbage truck,webp,77,569,garbage truck,0.6163657903671265,True,26768,21070,1.2704318936877077,36.514337780516215,0.9652055846884874
imagenette,data/imagenette2-320/val/n03417042/n03417042_13871.JPEG,n03417042,569,garbage truck,webp,77,569,garbage truck,0.5777746438980103,True,36582,29634,1.2344604170884794,35.37238941558976,0.9617548092830136
imagenette,data/imagenette2-320/val/n03417042/n03417042_14000.JPEG,n03417042,569,garbage truck,webp,77,867,trailer truck,0.13421979546546936,False,19395,10066,1.9267832306775283,39.21713173357421,0.9726094826587014
imagenette,data/imagenette2-320/val/n03417042/n03417042_14261.JPEG,n03417042,569,garbage truck,webp,77,569,garbage truck,0.16862669587135315,True,28122,21588,1.302668148971651,35.93728321413082,0.9593351489806204
imagenette,data/imagenette2-320/val/n03417042/n03417042_14381.JPEG,n03417042,569,garbage truck,webp,77,569,garbage truck,0.39672037959098816,True,28656,24058,1.1911214564801729,36.5631808714341,0.9627754094955486
imagenette,data/imagenette2-320/val/n03417042/n03417042_14500.JPEG,n03417042,569,garbage truck,webp,77,569,garbage truck,0.37464964389801025,True,28967,23088,1.2546344421344422,36.14261928034699,0.9681762449979159
imagenette,data/imagenette2-320/val/n03417042/n03417042_14690.JPEG,n03417042,569,garbage truck,webp,77,569,garbage truck,0.5558458566665649,True,34926,29794,1.1722494461972208,35.11291416934868,0.9700427284291991
imagenette,data/imagenette2-320/val/n03417042/n03417042_14712.JPEG,n03417042,569,garbage truck,webp,77,569,garbage truck,0.4767308235168457,True,28858,23222,1.2427008870898286,35.99452396039521,0.9665051971197235
imagenette,data/imagenette2-320/val/n03417042/n03417042_14861.JPEG,n03417042,569,garbage truck,webp,77,569,garbage truck,0.39702385663986206,True,30116,25696,1.1720112079701122,35.39659043559119,0.9664099586863445
imagenette,data/imagenette2-320/val/n03417042/n03417042_1492.JPEG,n03417042,569,garbage truck,webp,77,569,garbage truck,0.287137508392334,True,24213,17222,1.4059342701196145,36.9284999928601,0.9610114816798161
imagenette,data/imagenette2-320/val/n03417042/n03417042_152.JPEG,n03417042,569,garbage truck,webp,77,569,garbage truck,0.2766716778278351,True,33551,28102,1.193900789979361,35.58392547014925,0.9621908474894821
imagenette,data/imagenette2-320/val/n03417042/n03417042_15482.JPEG,n03417042,569,garbage truck,webp,77,569,garbage truck,0.388302743434906,True,18713,12282,1.5236117896108126,37.84893767488575,0.9610883638523645
imagenette,data/imagenette2-320/val/n03417042/n03417042_15592.JPEG,n03417042,569,garbage truck,webp,77,569,garbage truck,0.6610260605812073,True,29606,24484,1.2091978434896258,35.53709490012888,0.9617430709331133
imagenette,data/imagenette2-320/val/n03417042/n03417042_1561.JPEG,n03417042,569,garbage truck,webp,77,569,garbage truck,0.4783889055252075,True,32419,26158,1.239353161556694,34.983039445268425,0.9610642344058183
imagenette,data/imagenette2-320/val/n03417042/n03417042_15970.JPEG,n03417042,569,garbage truck,webp,77,569,garbage truck,0.447549432516098,True,24586,18778,1.3092981148152092,36.288655413461896,0.9697628087687445
imagenette,data/imagenette2-320/val/n03417042/n03417042_16000.JPEG,n03417042,569,garbage truck,webp,77,569,garbage truck,0.5904702544212341,True,35873,31406,1.1422339680315863,35.25827194498783,0.9711651368171313
imagenette,data/imagenette2-320/val/n03417042/n03417042_1601.JPEG,n03417042,569,garbage truck,webp,77,569,garbage truck,0.1791861206293106,True,38211,33818,1.1299012360281506,34.14383502918751,0.956635302761847
imagenette,data/imagenette2-320/val/n03417042/n03417042_1611.JPEG,n03417042,569,garbage truck,webp,77,569,garbage truck,0.5960872173309326,True,29262,23278,1.2570667583125699,35.72519150570902,0.9607378143872013
imagenette,data/imagenette2-320/val/n03417042/n03417042_1631.JPEG,n03417042,569,garbage truck,webp,77,569,garbage truck,0.5539357662200928,True,22434,16388,1.3689284842567733,37.38607920374847,0.9674870428948217
imagenette,data/imagenette2-320/val/n03417042/n03417042_16370.JPEG,n03417042,569,garbage truck,webp,77,569,garbage truck,0.4363600015640259,True,23896,18266,1.308222927844082,36.44253063695452,0.9556805917053787
imagenette,data/imagenette2-320/val/n03417042/n03417042_1651.JPEG,n03417042,569,garbage truck,webp,77,675,moving van,0.2058277279138565,False,30442,25070,1.214280015955325,35.48804700751714,0.9680536539994585
imagenette,data/imagenette2-320/val/n03417042/n03417042_16871.JPEG,n03417042,569,garbage truck,webp,77,569,garbage truck,0.5436597466468811,True,24504,18842,1.300498885468634,36.774268158475834,0.965216354133311
imagenette,data/imagenette2-320/val/n03417042/n03417042_17142.JPEG,n03417042,569,garbage truck,webp,77,569,garbage truck,0.596134603023529,True,28068,17906,1.5675192672847091,36.973731466330264,0.9650032757576082
imagenette,data/imagenette2-320/val/n03417042/n03417042_17470.JPEG,n03417042,569,garbage truck,webp,77,569,garbage truck,0.7544548511505127,True,25676,18516,1.3866925901922662,36.98304177998734,0.9682255441202184
imagenette,data/imagenette2-320/val/n03417042/n03417042_1770.JPEG,n03417042,569,garbage truck,webp,77,690,oxcart,0.20009373128414154,False,35988,32380,1.1114268066707844,34.99434969117209,0.9708322719954238
imagenette,data/imagenette2-320/val/n03417042/n03417042_17862.JPEG,n03417042,569,garbage truck,webp,77,569,garbage truck,0.5334281325340271,True,18166,10758,1.6886038297081243,38.18936059387073,0.9656080162637449
imagenette,data/imagenette2-320/val/n03417042/n03417042_1790.JPEG,n03417042,569,garbage truck,webp,77,569,garbage truck,0.5387896299362183,True,24733,18124,1.3646546016331935,36.73978114715708,0.9600097282910368
imagenette,data/imagenette2-320/val/n03417042/n03417042_17911.JPEG,n03417042,569,garbage truck,webp,77,569,garbage truck,0.40425628423690796,True,23389,17630,1.3266591038003404,37.29962140215533,0.9711240767178385
imagenette,data/imagenette2-320/val/n03417042/n03417042_18042.JPEG,n03417042,569,garbage truck,webp,77,569,garbage truck,0.46778595447540283,True,33418,27846,1.2001005530417295,34.33203938974907,0.9548156029820042
imagenette,data/imagenette2-320/val/n03417042/n03417042_18072.JPEG,n03417042,569,garbage truck,webp,77,569,garbage truck,0.27912330627441406,True,20028,14066,1.4238589506611687,37.735020828663195,0.9726823652874121
imagenette,data/imagenette2-320/val/n03417042/n03417042_18152.JPEG,n03417042,569,garbage truck,webp,77,569,garbage truck,0.43108633160591125,True,19511,13540,1.440989660265879,37.25441548679588,0.9585980236059383
imagenette,data/imagenette2-320/val/n03417042/n03417042_18232.JPEG,n03417042,569,garbage truck,webp,77,569,garbage truck,0.5676339268684387,True,21656,14484,1.4951670809168738,36.95686812664468,0.9488100135156518
imagenette,data/imagenette2-320/val/n03417042/n03417042_1840.JPEG,n03417042,569,garbage truck,webp,77,569,garbage truck,0.2144794464111328,True,35661,32744,1.089085023210359,34.866882841249335,0.9682079337776864
imagenette,data/imagenette2-320/val/n03417042/n03417042_1841.JPEG,n03417042,569,garbage truck,webp,77,569,garbage truck,0.2734599709510803,True,15396,9954,1.5467148884870403,37.218842621520984,0.963818642063489
imagenette,data/imagenette2-320/val/n03417042/n03417042_18450.JPEG,n03417042,569,garbage truck,webp,77,569,garbage truck,0.4994315505027771,True,22880,16988,1.3468330586296209,36.43671182758779,0.963648603349729
imagenette,data/imagenette2-320/val/n03417042/n03417042_1850.JPEG,n03417042,569,garbage truck,webp,77,569,garbage truck,0.14233718812465668,True,19015,11912,1.5962894560107455,37.80266572336085,0.9554116503397951
imagenette,data/imagenette2-320/val/n03417042/n03417042_18551.JPEG,n03417042,569,garbage truck,webp,77,569,garbage truck,0.4975418746471405,True,24004,18290,1.3124111536358667,37.40132943136506,0.9643381032501196
imagenette,data/imagenette2-320/val/n03417042/n03417042_18582.JPEG,n03417042,569,garbage truck,webp,77,569,garbage truck,0.39571598172187805,True,37126,33298,1.1149618595711455,34.980698558197524,0.9778335334163192
imagenette,data/imagenette2-320/val/n03417042/n03417042_18590.JPEG,n03417042,569,garbage truck,webp,77,569,garbage truck,0.6727408766746521,True,24437,17922,1.3635196964624483,36.998373152963254,0.9677939102784906
imagenette,data/imagenette2-320/val/n03417042/n03417042_18601.JPEG,n03417042,569,garbage truck,webp,77,569,garbage truck,0.45633837580680847,True,28848,24608,1.1723016905071522,36.106798199942915,0.9694092923750325
imagenette,data/imagenette2-320/val/n03417042/n03417042_18622.JPEG,n03417042,569,garbage truck,webp,77,569,garbage truck,0.8951050043106079,True,43382,41584,1.0432377837629858,34.592497147922174,0.9779177984669326
imagenette,data/imagenette2-320/val/n03417042/n03417042_18722.JPEG,n03417042,569,garbage truck,webp,77,569,garbage truck,0.4354497790336609,True,19781,13766,1.4369460990847014,37.33205118987975,0.9613695180611382
imagenette,data/imagenette2-320/val/n03417042/n03417042_18932.JPEG,n03417042,569,garbage truck,webp,77,569,garbage truck,0.5690293312072754,True,36798,33154,1.109911322917295,34.782381670992145,0.9671208291179476
imagenette,data/imagenette2-320/val/n03417042/n03417042_18981.JPEG,n03417042,569,garbage truck,webp,77,569,garbage truck,0.5114458799362183,True,22540,17170,1.312754804892254,36.644660760706984,0.9560909575706269
imagenette,data/imagenette2-320/val/n03417042/n03417042_19020.JPEG,n03417042,569,garbage truck,webp,77,569,garbage truck,0.6068780422210693,True,12011,6006,1.9998334998335,40.802337391875334,0.9626665046750688
imagenette,data/imagenette2-320/val/n03417042/n03417042_19472.JPEG,n03417042,569,garbage truck,webp,77,569,garbage truck,0.4454532563686371,True,25077,20444,1.2266190569360202,36.65121597262974,0.965473564954265
imagenette,data/imagenette2-320/val/n03417042/n03417042_19481.JPEG,n03417042,569,garbage truck,webp,77,569,garbage truck,0.6917465925216675,True,28730,23840,1.2051174496644295,36.065240131665405,0.9636628862715583
imagenette,data/imagenette2-320/val/n03417042/n03417042_19531.JPEG,n03417042,569,garbage truck,webp,77,569,garbage truck,0.6699833273887634,True,27007,20726,1.3030493100453537,35.129348294858914,0.9585904176082135
imagenette,data/imagenette2-320/val/n03417042/n03417042_19650.JPEG,n03417042,569,garbage truck,webp,77,569,garbage truck,0.5470739603042603,True,25740,20358,1.264367816091954,36.59088690137476,0.9676876400177147
imagenette,data/imagenette2-320/val/n03417042/n03417042_1981.JPEG,n03417042,569,garbage truck,webp,77,864,tow truck,0.0847056657075882,False,26541,20510,1.2940516821062895,36.65564530106566,0.9584031346250784
imagenette,data/imagenette2-320/val/n03417042/n03417042_19812.JPEG,n03417042,569,garbage truck,webp,77,569,garbage truck,0.21936623752117157,True,23896,17666,1.3526548171629118,37.01416859123963,0.9563011476864735
imagenette,data/imagenette2-320/val/n03417042/n03417042_19842.JPEG,n03417042,569,garbage truck,webp,77,569,garbage truck,0.3138422667980194,True,29159,23246,1.2543663425965756,35.28479307326968,0.9546022658187471
imagenette,data/imagenette2-320/val/n03417042/n03417042_19862.JPEG,n03417042,569,garbage truck,webp,77,569,garbage truck,0.45275282859802246,True,21961,16614,1.3218370049355965,36.92190293254403,0.9627068914043614
imagenette,data/imagenette2-320/val/n03417042/n03417042_1991.JPEG,n03417042,569,garbage truck,webp,77,569,garbage truck,0.34682485461235046,True,26975,22742,1.186131386861314,36.12177825065406,0.9568494215695381
imagenette,data/imagenette2-320/val/n03417042/n03417042_19912.JPEG,n03417042,569,garbage truck,webp,77,569,garbage truck,0.41537588834762573,True,20389,14672,1.389653762268266,36.16917560443172,0.9535992047280821
imagenette,data/imagenette2-320/val/n03417042/n03417042_20021.JPEG,n03417042,569,garbage truck,webp,77,569,garbage truck,0.2045024335384369,True,31684,26786,1.1828567161950272,36.23861914192213,0.9775570430086401
imagenette,data/imagenette2-320/val/n03417042/n03417042_201.JPEG,n03417042,569,garbage truck,webp,77,569,garbage truck,0.48794078826904297,True,18596,12374,1.5028285113948603,37.243530177677144,0.962153038900133
imagenette,data/imagenette2-320/val/n03417042/n03417042_20280.JPEG,n03417042,569,garbage truck,webp,77,569,garbage truck,0.41315019130706787,True,19430,13082,1.4852469041430973,38.23526928533199,0.9527438348792567
imagenette,data/imagenette2-320/val/n03417042/n03417042_20340.JPEG,n03417042,569,garbage truck,webp,77,569,garbage truck,0.17183032631874084,True,36959,32580,1.1344076120319215,34.513710400872256,0.9648392053846987
imagenette,data/imagenette2-320/val/n03417042/n03417042_20382.JPEG,n03417042,569,garbage truck,webp,77,569,garbage truck,0.5509581565856934,True,33600,29348,1.1448821044023443,34.986962380445384,0.9665577178418759
imagenette,data/imagenette2-320/val/n03417042/n03417042_20591.JPEG,n03417042,569,garbage truck,webp,77,569,garbage truck,0.4506916403770447,True,22022,16826,1.3088077974563177,36.43736872285891,0.9633660602043822
imagenette,data/imagenette2-320/val/n03417042/n03417042_2060.JPEG,n03417042,569,garbage truck,webp,77,569,garbage truck,0.37750980257987976,True,25724,18600,1.383010752688172,36.5772471864122,0.9650482830798447
imagenette,data/imagenette2-320/val/n03417042/n03417042_2062.JPEG,n03417042,569,garbage truck,webp,77,569,garbage truck,0.1563345193862915,True,24052,17920,1.3421875,36.821185305126406,0.9614053996464698
imagenette,data/imagenette2-320/val/n03417042/n03417042_20650.JPEG,n03417042,569,garbage truck,webp,77,569,garbage truck,0.36991211771965027,True,31486,27192,1.157914092380112,35.02155351103515,0.9610823053226564
imagenette,data/imagenette2-320/val/n03417042/n03417042_20892.JPEG,n03417042,569,garbage truck,webp,77,569,garbage truck,0.4522559642791748,True,23750,17680,1.3433257918552035,37.21151735444428,0.9665080873734215
imagenette,data/imagenette2-320/val/n03417042/n03417042_20962.JPEG,n03417042,569,garbage truck,webp,77,569,garbage truck,0.4470774829387665,True,20239,13394,1.511049723756906,38.87415422053027,0.9616844174905443
imagenette,data/imagenette2-320/val/n03417042/n03417042_2110.JPEG,n03417042,569,garbage truck,webp,77,569,garbage truck,0.45444393157958984,True,33308,28588,1.1651042395410662,34.517498291158944,0.9695789391225933
imagenette,data/imagenette2-320/val/n03417042/n03417042_21102.JPEG,n03417042,569,garbage truck,webp,77,569,garbage truck,0.28692054748535156,True,29753,22758,1.3073644432726954,36.187165282511685,0.9692401293664998
imagenette,data/imagenette2-320/val/n03417042/n03417042_212.JPEG,n03417042,569,garbage truck,webp,77,569,garbage truck,0.2746330797672272,True,23221,17672,1.3139995473064736,36.64876059447344,0.9624239496271967
imagenette,data/imagenette2-320/val/n03417042/n03417042_21210.JPEG,n03417042,569,garbage truck,webp,77,569,garbage truck,0.6040876507759094,True,22766,16938,1.3440784035895619,37.030881399023826,0.9642738450810827
imagenette,data/imagenette2-320/val/n03417042/n03417042_21270.JPEG,n03417042,569,garbage truck,webp,77,569,garbage truck,0.09472274035215378,True,25496,19442,1.3113877173130337,36.33416363206726,0.9641568127068844
imagenette,data/imagenette2-320/val/n03417042/n03417042_2132.JPEG,n03417042,569,garbage truck,webp,77,569,garbage truck,0.23835389316082,True,33535,30464,1.1008075105042017,34.9381480936693,0.9621767518550723
imagenette,data/imagenette2-320/val/n03417042/n03417042_21361.JPEG,n03417042,569,garbage truck,webp,77,569,garbage truck,0.2392183542251587,True,27751,21854,1.2698361855953144,35.74152998544349,0.9627534698547008
imagenette,data/imagenette2-320/val/n03417042/n03417042_2141.JPEG,n03417042,569,garbage truck,webp,77,569,garbage truck,0.3106062114238739,True,17172,10596,1.6206115515288788,38.31114877498295,0.9698972849182881
imagenette,data/imagenette2-320/val/n03417042/n03417042_2150.JPEG,n03417042,569,garbage truck,webp,77,569,garbage truck,0.29761314392089844,True,30039,23918,1.2559160464921817,35.67487933560491,0.9655520946238103
imagenette,data/imagenette2-320/val/n03417042/n03417042_2170.JPEG,n03417042,569,garbage truck,webp,77,569,garbage truck,0.5692105889320374,True,23210,16852,1.377284595300261,36.67543246275835,0.9532232714125342
imagenette,data/imagenette2-320/val/n03417042/n03417042_21862.JPEG,n03417042,569,garbage truck,webp,77,569,garbage truck,0.34004947543144226,True,22125,15090,1.4662027833001987,36.26568835323402,0.9543762496071585
imagenette,data/imagenette2-320/val/n03417042/n03417042_22.JPEG,n03417042,569,garbage truck,webp,77,569,garbage truck,0.42584195733070374,True,32195,27272,1.180514813728366,35.71221643267173,0.9636811245997285
imagenette,data/imagenette2-320/val/n03417042/n03417042_2211.JPEG,n03417042,569,garbage truck,webp,77,569,garbage truck,0.11320418864488602,True,30912,25000,1.23648,35.319908974477016,0.9598762753274297
imagenette,data/imagenette2-320/val/n03417042/n03417042_22152.JPEG,n03417042,569,garbage truck,webp,77,569,garbage truck,0.2132076919078827,True,29870,23854,1.252200888739834,36.001253577297774,0.9653661046951875
imagenette,data/imagenette2-320/val/n03417042/n03417042_2230.JPEG,n03417042,569,garbage truck,webp,77,569,garbage truck,0.5914067029953003,True,32546,27472,1.1846971461852067,35.26758516984569,0.9685582761549344
imagenette,data/imagenette2-320/val/n03417042/n03417042_2231.JPEG,n03417042,569,garbage truck,webp,77,569,garbage truck,0.21554434299468994,True,31650,21926,1.443491744960321,36.89272111324462,0.9661292589282006
imagenette,data/imagenette2-320/val/n03417042/n03417042_2241.JPEG,n03417042,569,garbage truck,webp,77,569,garbage truck,0.5801126956939697,True,38191,35640,1.0715768799102132,34.280499313592166,0.96732301489542
imagenette,data/imagenette2-320/val/n03417042/n03417042_22482.JPEG,n03417042,569,garbage truck,webp,77,569,garbage truck,0.24107810854911804,True,24974,18604,1.3423994839819393,36.73851550450494,0.9582913242110198
imagenette,data/imagenette2-320/val/n03417042/n03417042_22532.JPEG,n03417042,569,garbage truck,webp,77,569,garbage truck,0.374033659696579,True,30259,21176,1.428928976199471,36.82446125703966,0.964947714903432
imagenette,data/imagenette2-320/val/n03417042/n03417042_23272.JPEG,n03417042,569,garbage truck,webp,77,569,garbage truck,0.47723066806793213,True,29570,24746,1.194940596460034,36.2480238653995,0.9723801361016183
imagenette,data/imagenette2-320/val/n03417042/n03417042_23440.JPEG,n03417042,569,garbage truck,webp,77,569,garbage truck,0.6103072762489319,True,21070,13884,1.517574186113512,37.986166931981714,0.9716251498702796
imagenette,data/imagenette2-320/val/n03417042/n03417042_23541.JPEG,n03417042,569,garbage truck,webp,77,569,garbage truck,0.3039434552192688,True,28698,22320,1.285752688172043,36.81632406531462,0.9677618019625692
imagenette,data/imagenette2-320/val/n03417042/n03417042_23771.JPEG,n03417042,569,garbage truck,webp,77,569,garbage truck,0.470348060131073,True,32120,27104,1.1850649350649352,35.34452591100296,0.971569669214215
imagenette,data/imagenette2-320/val/n03417042/n03417042_23802.JPEG,n03417042,569,garbage truck,webp,77,569,garbage truck,0.2573804259300232,True,27089,21990,1.2318781264211005,35.165523872020465,0.9628216402316484
imagenette,data/imagenette2-320/val/n03417042/n03417042_24020.JPEG,n03417042,569,garbage truck,webp,77,569,garbage truck,0.6977980136871338,True,22971,16602,1.3836284784965667,36.62386672423683,0.9638962686845772
imagenette,data/imagenette2-320/val/n03417042/n03417042_24100.JPEG,n03417042,569,garbage truck,webp,77,569,garbage truck,0.2787845730781555,True,28444,19020,1.4954784437434279,36.77051968645599,0.9642164418636541
imagenette,data/imagenette2-320/val/n03417042/n03417042_2491.JPEG,n03417042,569,garbage truck,webp,77,569,garbage truck,0.4935106337070465,True,39524,34456,1.1470861388437428,35.51023798061784,0.9735142205285321
imagenette,data/imagenette2-320/val/n03417042/n03417042_24980.JPEG,n03417042,569,garbage truck,webp,77,569,garbage truck,0.301437109708786,True,35908,30460,1.1788575180564675,35.52106753169366,0.965986317625362
imagenette,data/imagenette2-320/val/n03417042/n03417042_25212.JPEG,n03417042,569,garbage truck,webp,77,569,garbage truck,0.42428669333457947,True,28703,23184,1.238052104899931,35.462310678666654,0.968658947296451
imagenette,data/imagenette2-320/val/n03417042/n03417042_25411.JPEG,n03417042,569,garbage truck,webp,77,569,garbage truck,0.40728506445884705,True,23786,16742,1.4207382630510095,36.925864854351794,0.9606899073987843
imagenette,data/imagenette2-320/val/n03417042/n03417042_25940.JPEG,n03417042,569,garbage truck,webp,77,569,garbage truck,0.5222514271736145,True,25473,19222,1.3252002913328478,36.81434042815682,0.9641512931804721
imagenette,data/imagenette2-320/val/n03417042/n03417042_25992.JPEG,n03417042,569,garbage truck,webp,77,569,garbage truck,0.4876101613044739,True,31783,26052,1.2199831107016736,35.897723994516404,0.9675838503083322
imagenette,data/imagenette2-320/val/n03417042/n03417042_26102.JPEG,n03417042,569,garbage truck,webp,77,569,garbage truck,0.40328720211982727,True,32585,27634,1.1791633494969964,35.13031811146084,0.9734739651582043
imagenette,data/imagenette2-320/val/n03417042/n03417042_2671.JPEG,n03417042,569,garbage truck,webp,77,569,garbage truck,0.4673563539981842,True,41590,39170,1.0617819760020424,33.983023792604,0.9621599450812246
imagenette,data/imagenette2-320/val/n03417042/n03417042_26782.JPEG,n03417042,569,garbage truck,webp,77,569,garbage truck,0.17991317808628082,True,26688,20368,1.310290652003142,35.72291141902958,0.9634188361143908
imagenette,data/imagenette2-320/val/n03417042/n03417042_26850.JPEG,n03417042,569,garbage truck,webp,77,569,garbage truck,0.36347195506095886,True,23176,15512,1.4940691077875194,37.465368133738906,0.9645908496083789
imagenette,data/imagenette2-320/val/n03417042/n03417042_26951.JPEG,n03417042,569,garbage truck,webp,77,569,garbage truck,0.4278181493282318,True,27360,20302,1.34765047778544,36.72182202989272,0.9692808260493754
imagenette,data/imagenette2-320/val/n03417042/n03417042_26960.JPEG,n03417042,569,garbage truck,webp,77,569,garbage truck,0.48493295907974243,True,20451,14412,1.4190258118234804,37.97598908445803,0.9685439789321214
imagenette,data/imagenette2-320/val/n03417042/n03417042_26971.JPEG,n03417042,569,garbage truck,webp,77,569,garbage truck,0.4502183496952057,True,18958,12768,1.4848057644110275,37.763506311418055,0.9543605456964744
imagenette,data/imagenette2-320/val/n03417042/n03417042_27022.JPEG,n03417042,569,garbage truck,webp,77,569,garbage truck,0.5650168061256409,True,20105,13622,1.4759213037733079,37.29891374417299,0.9539491280432673
imagenette,data/imagenette2-320/val/n03417042/n03417042_27151.JPEG,n03417042,569,garbage truck,webp,77,569,garbage truck,0.5021183490753174,True,38083,28730,1.32554820744866,35.749871540391446,0.960614300297363
imagenette,data/imagenette2-320/val/n03417042/n03417042_27231.JPEG,n03417042,569,garbage truck,webp,77,569,garbage truck,0.3812098205089569,True,37067,33636,1.1020038054465453,34.10656583221608,0.9647488831831966
imagenette,data/imagenette2-320/val/n03417042/n03417042_27320.JPEG,n03417042,569,garbage truck,webp,77,569,garbage truck,0.4506406784057617,True,28012,23000,1.2179130434782608,36.31046083243149,0.9709861045761755
imagenette,data/imagenette2-320/val/n03417042/n03417042_27361.JPEG,n03417042,569,garbage truck,webp,77,569,garbage truck,0.3161170184612274,True,38529,35686,1.0796670963403014,34.457696547692606,0.9723391402861857
imagenette,data/imagenette2-320/val/n03417042/n03417042_27581.JPEG,n03417042,569,garbage truck,webp,77,569,garbage truck,0.34942737221717834,True,25786,20946,1.2310703714312996,36.67878952906007,0.959518395768014
imagenette,data/imagenette2-320/val/n03417042/n03417042_27602.JPEG,n03417042,569,garbage truck,webp,77,569,garbage truck,0.27145305275917053,True,25921,19874,1.304266881352521,36.712942678858774,0.9676750426835502
imagenette,data/imagenette2-320/val/n03417042/n03417042_27630.JPEG,n03417042,569,garbage truck,webp,77,569,garbage truck,0.37966328859329224,True,22843,16996,1.3440221228524358,37.47785794846878,0.9604040383854109
imagenette,data/imagenette2-320/val/n03417042/n03417042_27680.JPEG,n03417042,569,garbage truck,webp,77,569,garbage truck,0.24522098898887634,True,30426,25284,1.2033697199810156,35.49092573855573,0.9681620854809481
imagenette,data/imagenette2-320/val/n03417042/n03417042_27780.JPEG,n03417042,569,garbage truck,webp,77,569,garbage truck,0.2289450466632843,True,43039,36438,1.1811570338657444,34.45918237412455,0.9705725344039022
imagenette,data/imagenette2-320/val/n03417042/n03417042_27840.JPEG,n03417042,569,garbage truck,webp,77,569,garbage truck,0.6786686182022095,True,19318,12674,1.524222818368313,37.582691398610216,0.960295703300844
imagenette,data/imagenette2-320/val/n03417042/n03417042_27850.JPEG,n03417042,569,garbage truck,webp,77,569,garbage truck,0.5599387288093567,True,22844,16786,1.3608959847491957,37.08456536850474,0.9640008172352146
imagenette,data/imagenette2-320/val/n03417042/n03417042_27861.JPEG,n03417042,569,garbage truck,webp,77,569,garbage truck,0.5843777060508728,True,32600,26424,1.233726914925825,36.06675467786733,0.9580163316627063
imagenette,data/imagenette2-320/val/n03417042/n03417042_27862.JPEG,n03417042,569,garbage truck,webp,77,569,garbage truck,0.48262885212898254,True,21560,15210,1.4174884944115713,37.31156725367019,0.9568290851971732
imagenette,data/imagenette2-320/val/n03417042/n03417042_27931.JPEG,n03417042,569,garbage truck,webp,77,569,garbage truck,0.4603516161441803,True,23889,17910,1.3338358458961475,36.28310019866078,0.9565156562498257
imagenette,data/imagenette2-320/val/n03417042/n03417042_27982.JPEG,n03417042,569,garbage truck,webp,77,569,garbage truck,0.6314467787742615,True,30147,24748,1.2181590431550025,36.034550356802455,0.9721284720548024
imagenette,data/imagenette2-320/val/n03417042/n03417042_28062.JPEG,n03417042,569,garbage truck,webp,77,569,garbage truck,0.5001726150512695,True,21056,14714,1.4310180780209325,37.2690806552952,0.9575450057974427
imagenette,data/imagenette2-320/val/n03417042/n03417042_2812.JPEG,n03417042,569,garbage truck,webp,77,569,garbage truck,0.5286833643913269,True,38023,33984,1.1188500470809792,34.85032481262166,0.9726331145372145
imagenette,data/imagenette2-320/val/n03417042/n03417042_28122.JPEG,n03417042,569,garbage truck,webp,77,569,garbage truck,0.49232572317123413,True,20688,14222,1.4546477288707635,37.71498400495362,0.9688071539764195
imagenette,data/imagenette2-320/val/n03417042/n03417042_2822.JPEG,n03417042,569,garbage truck,webp,77,569,garbage truck,0.2857283055782318,True,19519,12898,1.5133354008373392,37.65364556349401,0.9622995499826086
imagenette,data/imagenette2-320/val/n03417042/n03417042_28261.JPEG,n03417042,569,garbage truck,webp,77,569,garbage truck,0.5258700251579285,True,16137,10212,1.5801997649823736,38.85894007468186,0.9585200818434599
imagenette,data/imagenette2-320/val/n03417042/n03417042_28400.JPEG,n03417042,569,garbage truck,webp,77,847,tank,0.08320650458335876,False,37351,33646,1.110117101587113,34.815409924901964,0.9728060457873049
imagenette,data/imagenette2-320/val/n03417042/n03417042_28552.JPEG,n03417042,569,garbage truck,webp,77,569,garbage truck,0.4974159598350525,True,19983,12968,1.5409469463294263,37.82529315096647,0.9501272594127598
imagenette,data/imagenette2-320/val/n03417042/n03417042_28600.JPEG,n03417042,569,garbage truck,webp,77,569,garbage truck,0.3710726201534271,True,23764,17884,1.3287855065980765,36.464206314992715,0.96638616389723
imagenette,data/imagenette2-320/val/n03417042/n03417042_28610.JPEG,n03417042,569,garbage truck,webp,77,569,garbage truck,0.30612942576408386,True,25741,20264,1.270282273983419,36.59221306807106,0.961149585635873
imagenette,data/imagenette2-320/val/n03417042/n03417042_28700.JPEG,n03417042,569,garbage truck,webp,77,569,garbage truck,0.2711312472820282,True,30928,24082,1.2842787143924923,35.856368216576385,0.9600940504922998
imagenette,data/imagenette2-320/val/n03417042/n03417042_28702.JPEG,n03417042,569,garbage truck,webp,77,569,garbage truck,0.5546140670776367,True,26177,20704,1.264345054095827,36.02646095568153,0.9541906987890005
imagenette,data/imagenette2-320/val/n03417042/n03417042_28742.JPEG,n03417042,569,garbage truck,webp,77,569,garbage truck,0.2700422406196594,True,30687,25064,1.2243456750718162,36.185726689378626,0.9680334777970443
imagenette,data/imagenette2-320/val/n03417042/n03417042_28762.JPEG,n03417042,569,garbage truck,webp,77,569,garbage truck,0.4232771098613739,True,29997,24868,1.2062489946919737,35.72722000112661,0.9615149308304964
imagenette,data/imagenette2-320/val/n03417042/n03417042_28832.JPEG,n03417042,569,garbage truck,webp,77,569,garbage truck,0.47594383358955383,True,18250,10818,1.6870031429099648,37.90460322765974,0.9679687716521493
imagenette,data/imagenette2-320/val/n03417042/n03417042_29231.JPEG,n03417042,569,garbage truck,webp,77,569,garbage truck,0.42002323269844055,True,31940,26484,1.2060111765594321,35.140149466639656,0.9623397179750682
imagenette,data/imagenette2-320/val/n03417042/n03417042_29310.JPEG,n03417042,569,garbage truck,webp,77,569,garbage truck,0.29804301261901855,True,21967,15518,1.41558190488465,37.386875474673545,0.9585065129332695
imagenette,data/imagenette2-320/val/n03417042/n03417042_29342.JPEG,n03417042,569,garbage truck,webp,77,569,garbage truck,0.4044126868247986,True,32640,28552,1.1431773606052116,35.35064378255404,0.9650450929946413
imagenette,data/imagenette2-320/val/n03417042/n03417042_29361.JPEG,n03417042,569,garbage truck,webp,77,569,garbage truck,0.3920672833919525,True,22252,16422,1.3550115698453293,36.86143208378433,0.9503205430425202
imagenette,data/imagenette2-320/val/n03417042/n03417042_29412.JPEG,n03417042,569,garbage truck,webp,77,569,garbage truck,0.4092567265033722,True,18705,12656,1.4779551201011378,38.06174068593845,0.9618641179054865
imagenette,data/imagenette2-320/val/n03417042/n03417042_29480.JPEG,n03417042,569,garbage truck,webp,77,569,garbage truck,0.4266297221183777,True,29368,22298,1.3170687954076599,35.574227456489986,0.9680070469397641
imagenette,data/imagenette2-320/val/n03417042/n03417042_2960.JPEG,n03417042,569,garbage truck,webp,77,569,garbage truck,0.4397059381008148,True,35245,31462,1.1202402898734982,35.135642064699454,0.9624340659357506
imagenette,data/imagenette2-320/val/n03417042/n03417042_29722.JPEG,n03417042,569,garbage truck,webp,77,569,garbage truck,0.5078827142715454,True,36368,27308,1.3317709096235535,36.3660768611983,0.9515649963238938
imagenette,data/imagenette2-320/val/n03417042/n03417042_2981.JPEG,n03417042,569,garbage truck,webp,77,569,garbage truck,0.48099541664123535,True,34801,29378,1.1845939138130575,35.258760099615884,0.9626745983549188
imagenette,data/imagenette2-320/val/n03417042/n03417042_2991.JPEG,n03417042,569,garbage truck,webp,77,569,garbage truck,0.6046141386032104,True,27703,20574,1.3465052979488674,36.20859622502325,0.9578001958559578
imagenette,data/imagenette2-320/val/n03417042/n03417042_29941.JPEG,n03417042,569,garbage truck,webp,77,569,garbage truck,0.23435597121715546,True,25672,20074,1.2788681877054897,35.90937071599942,0.9543454478394469
imagenette,data/imagenette2-320/val/n03417042/n03417042_30.JPEG,n03417042,569,garbage truck,webp,77,569,garbage truck,0.3017275333404541,True,29760,24718,1.2039809046039323,35.85487180945393,0.9656853345067743
imagenette,data/imagenette2-320/val/n03417042/n03417042_3011.JPEG,n03417042,569,garbage truck,webp,77,569,garbage truck,0.47763025760650635,True,20486,14350,1.427595818815331,37.181921542725355,0.9578914098508418
imagenette,data/imagenette2-320/val/n03417042/n03417042_3101.JPEG,n03417042,569,garbage truck,webp,77,569,garbage truck,0.3915395140647888,True,23298,16974,1.3725698126546484,36.87477087656191,0.9611179738772647
imagenette,data/imagenette2-320/val/n03417042/n03417042_3140.JPEG,n03417042,569,garbage truck,webp,77,569,garbage truck,0.42381128668785095,True,10769,5638,1.9100744945015964,40.00575801692805,0.9636383580331467
imagenette,data/imagenette2-320/val/n03417042/n03417042_3141.JPEG,n03417042,569,garbage truck,webp,77,569,garbage truck,0.3345191776752472,True,26227,22358,1.1730476786832453,35.46243450610849,0.9666453278816842
imagenette,data/imagenette2-320/val/n03417042/n03417042_3171.JPEG,n03417042,569,garbage truck,webp,77,569,garbage truck,0.32604408264160156,True,35253,31516,1.1185746922198248,34.97619176937486,0.9676782694277705
imagenette,data/imagenette2-320/val/n03417042/n03417042_3192.JPEG,n03417042,569,garbage truck,webp,77,675,moving van,0.419301837682724,False,27690,21100,1.3123222748815166,36.76207922867968,0.9631213116641651
imagenette,data/imagenette2-320/val/n03417042/n03417042_3231.JPEG,n03417042,569,garbage truck,webp,77,569,garbage truck,0.23916077613830566,True,33584,28856,1.1638480731910175,35.705429300830644,0.9702045206724083
imagenette,data/imagenette2-320/val/n03417042/n03417042_3242.JPEG,n03417042,569,garbage truck,webp,77,569,garbage truck,0.26696455478668213,True,12111,6792,1.7831272084805654,39.856043055803795,0.9672107610915167
imagenette,data/imagenette2-320/val/n03417042/n03417042_3272.JPEG,n03417042,569,garbage truck,webp,77,408,amphibian,0.10203931480646133,False,36576,33152,1.1032818532818534,34.485479923001705,0.9675862688493199
imagenette,data/imagenette2-320/val/n03417042/n03417042_3280.JPEG,n03417042,569,garbage truck,webp,77,569,garbage truck,0.11905556172132492,True,19591,12504,1.5667786308381317,37.855401427555044,0.9440173468215997
imagenette,data/imagenette2-320/val/n03417042/n03417042_3300.JPEG,n03417042,569,garbage truck,webp,77,569,garbage truck,0.31526586413383484,True,36106,30128,1.1984200743494424,34.767853398660094,0.9664746082877795
imagenette,data/imagenette2-320/val/n03417042/n03417042_3331.JPEG,n03417042,569,garbage truck,webp,77,569,garbage truck,0.8391240239143372,True,45763,39564,1.1566828429885754,35.83201805656928,0.9678445051154001
imagenette,data/imagenette2-320/val/n03417042/n03417042_3350.JPEG,n03417042,569,garbage truck,webp,77,569,garbage truck,0.2948431074619293,True,28598,23094,1.2383303022430068,35.46769203639637,0.9494904458694915
imagenette,data/imagenette2-320/val/n03417042/n03417042_3351.JPEG,n03417042,569,garbage truck,webp,77,569,garbage truck,0.5859154462814331,True,28869,22870,1.2623087013554875,35.31340399963195,0.9527864706501833
imagenette,data/imagenette2-320/val/n03417042/n03417042_3390.JPEG,n03417042,569,garbage truck,webp,77,517,crane,0.20652270317077637,False,42514,40804,1.0419076561121459,34.49414781165853,0.9762730710587096
imagenette,data/imagenette2-320/val/n03417042/n03417042_3422.JPEG,n03417042,569,garbage truck,webp,77,569,garbage truck,0.6242125630378723,True,31601,26370,1.1983693591202123,35.12344093286703,0.9609714105305801
imagenette,data/imagenette2-320/val/n03417042/n03417042_3482.JPEG,n03417042,569,garbage truck,webp,77,569,garbage truck,0.7643802165985107,True,24208,18648,1.2981552981552982,37.49210319947351,0.9669940787971241
imagenette,data/imagenette2-320/val/n03417042/n03417042_3592.JPEG,n03417042,569,garbage truck,webp,77,569,garbage truck,0.5342847108840942,True,22594,16036,1.408954851583936,37.198780087518514,0.9583375344862448
imagenette,data/imagenette2-320/val/n03417042/n03417042_3600.JPEG,n03417042,569,garbage truck,webp,77,569,garbage truck,0.3085598647594452,True,26708,20476,1.3043563195936707,36.17039837114333,0.958984987233141
imagenette,data/imagenette2-320/val/n03417042/n03417042_3710.JPEG,n03417042,569,garbage truck,webp,77,569,garbage truck,0.26302850246429443,True,27237,16060,1.6959526774595268,38.37846911539246,0.9697000890119062
imagenette,data/imagenette2-320/val/n03417042/n03417042_3731.JPEG,n03417042,569,garbage truck,webp,77,569,garbage truck,0.22192145884037018,True,32272,27606,1.1690212272694342,35.62635540695122,0.9639744532694107
imagenette,data/imagenette2-320/val/n03417042/n03417042_3752.JPEG,n03417042,569,garbage truck,webp,77,569,garbage truck,0.2882991135120392,True,30121,24436,1.2326485513177279,35.78547334067562,0.9577315265192299
imagenette,data/imagenette2-320/val/n03417042/n03417042_3771.JPEG,n03417042,569,garbage truck,webp,77,569,garbage truck,0.2946114242076874,True,29482,23306,1.2649961383334765,36.22757089855026,0.9649046621963647
imagenette,data/imagenette2-320/val/n03417042/n03417042_3792.JPEG,n03417042,569,garbage truck,webp,77,569,garbage truck,0.411962628364563,True,23470,16810,1.396192742415229,36.40983991817285,0.9644393866070889
imagenette,data/imagenette2-320/val/n03417042/n03417042_3821.JPEG,n03417042,569,garbage truck,webp,77,569,garbage truck,0.9511780738830566,True,32001,27156,1.178413610251878,34.92256176490124,0.9705110624903307
imagenette,data/imagenette2-320/val/n03417042/n03417042_3842.JPEG,n03417042,569,garbage truck,webp,77,569,garbage truck,0.5471619963645935,True,51990,41486,1.253193848527214,35.37352478865033,0.960541851791878
imagenette,data/imagenette2-320/val/n03417042/n03417042_3861.JPEG,n03417042,569,garbage truck,webp,77,569,garbage truck,0.17098085582256317,True,37187,31312,1.1876277465508431,34.91858520719003,0.9742119953046982
imagenette,data/imagenette2-320/val/n03417042/n03417042_3862.JPEG,n03417042,569,garbage truck,webp,77,569,garbage truck,0.4340733289718628,True,18889,12462,1.5157278125501525,37.719894424599204,0.9659429903140019
imagenette,data/imagenette2-320/val/n03417042/n03417042_3940.JPEG,n03417042,569,garbage truck,webp,77,569,garbage truck,0.5758237838745117,True,27220,20896,1.3026416539050536,35.32574618714815,0.9599287569864242
imagenette,data/imagenette2-320/val/n03417042/n03417042_3952.JPEG,n03417042,569,garbage truck,webp,77,569,garbage truck,0.6743650436401367,True,36358,30580,1.1889470241988227,34.83086160561295,0.9727315737263836
imagenette,data/imagenette2-320/val/n03417042/n03417042_4072.JPEG,n03417042,569,garbage truck,webp,77,569,garbage truck,0.25184786319732666,True,24855,15462,1.607489328676756,37.75007956126548,0.9621673384951316
imagenette,data/imagenette2-320/val/n03417042/n03417042_411.JPEG,n03417042,569,garbage truck,webp,77,569,garbage truck,0.4508742690086365,True,24212,19078,1.2691057762868225,37.02220308293392,0.9644194675459792
imagenette,data/imagenette2-320/val/n03417042/n03417042_4200.JPEG,n03417042,569,garbage truck,webp,77,569,garbage truck,0.35727888345718384,True,32397,24822,1.3051728305535413,35.83945856771367,0.9658790574953754
imagenette,data/imagenette2-320/val/n03417042/n03417042_422.JPEG,n03417042,569,garbage truck,webp,77,569,garbage truck,0.7333020567893982,True,18799,11808,1.5920562330623307,38.187058861261406,0.9546578881734712
imagenette,data/imagenette2-320/val/n03417042/n03417042_4232.JPEG,n03417042,569,garbage truck,webp,77,569,garbage truck,0.40384823083877563,True,31426,26114,1.2034157922953206,36.09417189883696,0.9666301585184351
imagenette,data/imagenette2-320/val/n03417042/n03417042_4292.JPEG,n03417042,569,garbage truck,webp,77,569,garbage truck,0.2748787999153137,True,25874,19954,1.2966823694497345,36.03466504584763,0.9566934488040273
imagenette,data/imagenette2-320/val/n03417042/n03417042_4391.JPEG,n03417042,569,garbage truck,webp,77,569,garbage truck,0.5242445468902588,True,40120,33372,1.2022054416876424,35.22275207132281,0.9688721871008957
imagenette,data/imagenette2-320/val/n03417042/n03417042_441.JPEG,n03417042,569,garbage truck,webp,77,569,garbage truck,0.6305860877037048,True,29166,22864,1.275629811056683,36.060169635448226,0.9681129502647711
imagenette,data/imagenette2-320/val/n03417042/n03417042_4420.JPEG,n03417042,569,garbage truck,webp,77,569,garbage truck,0.32905909419059753,True,28864,22670,1.2732245258050288,36.57711208176497,0.9643114397801291
imagenette,data/imagenette2-320/val/n03417042/n03417042_4462.JPEG,n03417042,569,garbage truck,webp,77,586,half track,0.14310961961746216,False,35299,28766,1.2271083918514913,35.66584657921701,0.9702512950238512
imagenette,data/imagenette2-320/val/n03417042/n03417042_4470.JPEG,n03417042,569,garbage truck,webp,77,569,garbage truck,0.6777263879776001,True,25656,18030,1.4229617304492512,37.523335977254455,0.9657375003166262
imagenette,data/imagenette2-320/val/n03417042/n03417042_4491.JPEG,n03417042,569,garbage truck,webp,77,569,garbage truck,0.3041664958000183,True,28207,21332,1.3222857678604913,36.260723426883054,0.9579709242702142
imagenette,data/imagenette2-320/val/n03417042/n03417042_4511.JPEG,n03417042,569,garbage truck,webp,77,569,garbage truck,0.25512591004371643,True,26075,21128,1.2341442635365392,36.18186422962555,0.9618312023788681
imagenette,data/imagenette2-320/val/n03417042/n03417042_4520.JPEG,n03417042,569,garbage truck,webp,77,569,garbage truck,0.3902885913848877,True,26335,19328,1.3625310430463575,36.67739486886819,0.9648133987377451
imagenette,data/imagenette2-320/val/n03417042/n03417042_4542.JPEG,n03417042,569,garbage truck,webp,77,569,garbage truck,0.49894317984580994,True,27302,20978,1.3014586709886549,36.24825929625588,0.9692682039530635
imagenette,data/imagenette2-320/val/n03417042/n03417042_4551.JPEG,n03417042,569,garbage truck,webp,77,569,garbage truck,0.25772345066070557,True,43025,41040,1.0483674463937622,34.827676828923124,0.9791317268092828
imagenette,data/imagenette2-320/val/n03417042/n03417042_4552.JPEG,n03417042,569,garbage truck,webp,77,569,garbage truck,0.21034492552280426,True,41468,38332,1.0818115412710008,34.2069642976455,0.9704793723195931
imagenette,data/imagenette2-320/val/n03417042/n03417042_4560.JPEG,n03417042,569,garbage truck,webp,77,569,garbage truck,0.500220775604248,True,37605,32542,1.1555835535615513,34.48447399077825,0.9757861343585518
imagenette,data/imagenette2-320/val/n03417042/n03417042_4600.JPEG,n03417042,569,garbage truck,webp,77,569,garbage truck,0.3517240583896637,True,24170,18276,1.3224994528343181,36.91416003980155,0.9554049955690781
imagenette,data/imagenette2-320/val/n03417042/n03417042_4752.JPEG,n03417042,569,garbage truck,webp,77,569,garbage truck,0.5086054801940918,True,27268,21910,1.2445458694659972,36.68981587800179,0.9617533886542616
imagenette,data/imagenette2-320/val/n03417042/n03417042_4761.JPEG,n03417042,569,garbage truck,webp,77,569,garbage truck,0.5538111329078674,True,42642,37486,1.1375446833484502,34.597792298686656,0.9691897610767705
imagenette,data/imagenette2-320/val/n03417042/n03417042_4790.JPEG,n03417042,569,garbage truck,webp,77,569,garbage truck,0.54749995470047,True,26264,18910,1.3888947646747754,36.86726203717498,0.9588688615749191
imagenette,data/imagenette2-320/val/n03417042/n03417042_4900.JPEG,n03417042,569,garbage truck,webp,77,569,garbage truck,0.37923383712768555,True,21461,15374,1.3959281904514114,36.859711349251306,0.9634783073354241
imagenette,data/imagenette2-320/val/n03417042/n03417042_4980.JPEG,n03417042,569,garbage truck,webp,77,569,garbage truck,0.5851645469665527,True,30146,21916,1.3755247307902903,36.6658322826551,0.954360550611366
imagenette,data/imagenette2-320/val/n03417042/n03417042_5090.JPEG,n03417042,569,garbage truck,webp,77,569,garbage truck,0.537854015827179,True,26754,19698,1.3582089552238805,37.348720571236534,0.9643613646648951
imagenette,data/imagenette2-320/val/n03417042/n03417042_5110.JPEG,n03417042,569,garbage truck,webp,77,864,tow truck,0.2615315616130829,False,24860,18654,1.3326900396697758,35.933492009845494,0.9601950678940696
imagenette,data/imagenette2-320/val/n03417042/n03417042_5180.JPEG,n03417042,569,garbage truck,webp,77,569,garbage truck,0.35498979687690735,True,33753,30950,1.0905654281098547,35.274117541054856,0.9641952627655218
imagenette,data/imagenette2-320/val/n03417042/n03417042_5221.JPEG,n03417042,569,garbage truck,webp,77,569,garbage truck,0.48832231760025024,True,30205,26820,1.1262117822520508,35.550628574722595,0.9612606711156042
imagenette,data/imagenette2-320/val/n03417042/n03417042_5232.JPEG,n03417042,569,garbage truck,webp,77,569,garbage truck,0.46774816513061523,True,32644,28076,1.1627012394928053,35.62035988084555,0.9694664975579568
imagenette,data/imagenette2-320/val/n03417042/n03417042_5301.JPEG,n03417042,569,garbage truck,webp,77,569,garbage truck,0.5020303726196289,True,37813,34948,1.081978940139636,34.57925800665856,0.9692289170273121
imagenette,data/imagenette2-320/val/n03417042/n03417042_5320.JPEG,n03417042,569,garbage truck,webp,77,569,garbage truck,0.47220465540885925,True,33277,28246,1.178113715216314,34.99949577851541,0.9728981747009479
imagenette,data/imagenette2-320/val/n03417042/n03417042_5331.JPEG,n03417042,569,garbage truck,webp,77,569,garbage truck,0.49211227893829346,True,34290,28332,1.210292249047014,35.39923096099291,0.9648837347669333
imagenette,data/imagenette2-320/val/n03417042/n03417042_5362.JPEG,n03417042,569,garbage truck,webp,77,569,garbage truck,0.2784712016582489,True,30947,24936,1.2410571061918512,35.61599825270924,0.9710682185197035
imagenette,data/imagenette2-320/val/n03417042/n03417042_5371.JPEG,n03417042,569,garbage truck,webp,77,468,cab,0.22624807059764862,False,32043,26304,1.2181797445255473,35.53626976315596,0.9644561357513526
imagenette,data/imagenette2-320/val/n03417042/n03417042_5380.JPEG,n03417042,569,garbage truck,webp,77,569,garbage truck,0.40931451320648193,True,37957,34032,1.1153326281147156,35.201005782347664,0.9728913178497652
imagenette,data/imagenette2-320/val/n03417042/n03417042_5381.JPEG,n03417042,569,garbage truck,webp,77,569,garbage truck,0.5177645087242126,True,38788,35308,1.0985612325818512,35.00455154207436,0.9718256466193026
imagenette,data/imagenette2-320/val/n03417042/n03417042_5510.JPEG,n03417042,569,garbage truck,webp,77,569,garbage truck,0.4601910412311554,True,30745,25432,1.208910034602076,35.845738328401225,0.9675311862727874
imagenette,data/imagenette2-320/val/n03417042/n03417042_5600.JPEG,n03417042,569,garbage truck,webp,77,569,garbage truck,0.39603763818740845,True,29269,22962,1.27467119588886,35.72671202530007,0.9621101974213929
imagenette,data/imagenette2-320/val/n03417042/n03417042_5631.JPEG,n03417042,569,garbage truck,webp,77,569,garbage truck,0.407973974943161,True,24090,18428,1.3072498372042545,36.26913387585485,0.9584178842525596
imagenette,data/imagenette2-320/val/n03417042/n03417042_5670.JPEG,n03417042,569,garbage truck,webp,77,569,garbage truck,0.44740116596221924,True,26619,21202,1.2554947646448449,36.3622319231255,0.9685164560616677
imagenette,data/imagenette2-320/val/n03417042/n03417042_5682.JPEG,n03417042,569,garbage truck,webp,77,569,garbage truck,0.5601756572723389,True,37361,32110,1.1635316100903146,35.25723864795176,0.9666988699590169
imagenette,data/imagenette2-320/val/n03417042/n03417042_5691.JPEG,n03417042,569,garbage truck,webp,77,569,garbage truck,0.3681544363498688,True,38501,35364,1.0887060287297816,34.923032775989526,0.977523380855107
imagenette,data/imagenette2-320/val/n03417042/n03417042_5750.JPEG,n03417042,569,garbage truck,webp,77,569,garbage truck,0.30451443791389465,True,32590,26522,1.2287911922177814,35.68201895775945,0.9661500520575852
imagenette,data/imagenette2-320/val/n03417042/n03417042_5752.JPEG,n03417042,569,garbage truck,webp,77,569,garbage truck,0.31372585892677307,True,30337,26248,1.1557832977750686,36.42151207789042,0.9697629309703487
imagenette,data/imagenette2-320/val/n03417042/n03417042_581.JPEG,n03417042,569,garbage truck,webp,77,569,garbage truck,0.26023969054222107,True,35520,30322,1.1714266868940044,34.20775774869098,0.972249724187613
imagenette,data/imagenette2-320/val/n03417042/n03417042_5852.JPEG,n03417042,569,garbage truck,webp,77,569,garbage truck,0.4283032715320587,True,21349,14854,1.4372559579911135,37.78549657655181,0.9604724017654552
imagenette,data/imagenette2-320/val/n03417042/n03417042_5920.JPEG,n03417042,569,garbage truck,webp,77,569,garbage truck,0.2590705156326294,True,34379,29542,1.163732990318868,35.72205511472892,0.9753400579592872
imagenette,data/imagenette2-320/val/n03417042/n03417042_5952.JPEG,n03417042,569,garbage truck,webp,77,569,garbage truck,0.44245439767837524,True,24992,19472,1.2834839769926047,36.80275598008828,0.9661620167395643
imagenette,data/imagenette2-320/val/n03417042/n03417042_6050.JPEG,n03417042,569,garbage truck,webp,77,569,garbage truck,0.3150818645954132,True,33151,27032,1.2263613495116898,35.37382037262363,0.9687428298573618
imagenette,data/imagenette2-320/val/n03417042/n03417042_6081.JPEG,n03417042,569,garbage truck,webp,77,569,garbage truck,0.5049186944961548,True,28738,23146,1.2415968201849132,35.747397129576015,0.9598982841794385
imagenette,data/imagenette2-320/val/n03417042/n03417042_6130.JPEG,n03417042,569,garbage truck,webp,77,569,garbage truck,0.31483325362205505,True,31445,25424,1.2368234738829453,35.738920450483825,0.9641095131095551
imagenette,data/imagenette2-320/val/n03417042/n03417042_620.JPEG,n03417042,569,garbage truck,webp,77,569,garbage truck,0.4697399139404297,True,26816,19438,1.3795657989505092,36.44353178923679,0.9644031799313537
imagenette,data/imagenette2-320/val/n03417042/n03417042_6241.JPEG,n03417042,569,garbage truck,webp,77,569,garbage truck,0.376032292842865,True,22377,16230,1.3787430683918669,37.392761669626694,0.9670660734240252
imagenette,data/imagenette2-320/val/n03417042/n03417042_6250.JPEG,n03417042,569,garbage truck,webp,77,569,garbage truck,0.39922624826431274,True,27045,20110,1.344853306812531,36.57193573449287,0.9552333037725561
imagenette,data/imagenette2-320/val/n03417042/n03417042_6272.JPEG,n03417042,569,garbage truck,webp,77,569,garbage truck,0.3401317000389099,True,25193,17922,1.4057024885615446,36.4638568743557,0.9604092555228713
imagenette,data/imagenette2-320/val/n03417042/n03417042_6312.JPEG,n03417042,569,garbage truck,webp,77,569,garbage truck,0.5347439646720886,True,18467,12160,1.5186677631578946,37.5901186343481,0.9612889493206628
imagenette,data/imagenette2-320/val/n03417042/n03417042_6410.JPEG,n03417042,569,garbage truck,webp,77,569,garbage truck,0.29393041133880615,True,22201,14718,1.508425057752412,36.71154082955716,0.9666623205390126
imagenette,data/imagenette2-320/val/n03417042/n03417042_642.JPEG,n03417042,569,garbage truck,webp,77,569,garbage truck,0.4467267394065857,True,18443,12390,1.4885391444713478,36.44434120305902,0.9738611755631057
imagenette,data/imagenette2-320/val/n03417042/n03417042_6420.JPEG,n03417042,569,garbage truck,webp,77,569,garbage truck,0.5442513227462769,True,26603,21160,1.2572306238185256,35.68243521368486,0.9366837334544359
imagenette,data/imagenette2-320/val/n03417042/n03417042_6442.JPEG,n03417042,569,garbage truck,webp,77,569,garbage truck,0.3106211721897125,True,31357,26050,1.2037236084452976,35.527777980400465,0.9610480639209044
imagenette,data/imagenette2-320/val/n03417042/n03417042_6472.JPEG,n03417042,569,garbage truck,webp,77,569,garbage truck,0.22225844860076904,True,27015,22034,1.2260597258781882,36.029317860573094,0.9533414227560723
imagenette,data/imagenette2-320/val/n03417042/n03417042_6480.JPEG,n03417042,569,garbage truck,webp,77,569,garbage truck,0.7124241590499878,True,28394,23282,1.2195687655699683,35.34355433472663,0.9613910559516405
imagenette,data/imagenette2-320/val/n03417042/n03417042_652.JPEG,n03417042,569,garbage truck,webp,77,569,garbage truck,0.5970122218132019,True,36233,31256,1.159233427181981,34.603079888975,0.9725153886515886
imagenette,data/imagenette2-320/val/n03417042/n03417042_6521.JPEG,n03417042,569,garbage truck,webp,77,569,garbage truck,0.3790501058101654,True,25688,18952,1.3554242296327563,37.10644860111364,0.9640235008213809
imagenette,data/imagenette2-320/val/n03417042/n03417042_6581.JPEG,n03417042,569,garbage truck,webp,77,569,garbage truck,0.3087519705295563,True,34790,28442,1.2231910554813303,35.47410159732438,0.9667376447853417
imagenette,data/imagenette2-320/val/n03417042/n03417042_6602.JPEG,n03417042,569,garbage truck,webp,77,569,garbage truck,0.3720272183418274,True,33024,27606,1.1962616822429906,35.416603309821014,0.9681939080248473
imagenette,data/imagenette2-320/val/n03417042/n03417042_6662.JPEG,n03417042,569,garbage truck,webp,77,569,garbage truck,0.5470286011695862,True,38706,35674,1.0849918708302966,34.93268336071961,0.972639168064633
imagenette,data/imagenette2-320/val/n03417042/n03417042_6691.JPEG,n03417042,569,garbage truck,webp,77,569,garbage truck,0.4123894274234772,True,37006,34198,1.0821100649160769,34.731602141470375,0.9761877619455386
imagenette,data/imagenette2-320/val/n03417042/n03417042_6780.JPEG,n03417042,569,garbage truck,webp,77,569,garbage truck,0.5970578789710999,True,24743,14418,1.7161187404633098,37.520077682351754,0.9723100895526625
imagenette,data/imagenette2-320/val/n03417042/n03417042_6811.JPEG,n03417042,569,garbage truck,webp,77,569,garbage truck,0.2475004494190216,True,26128,21734,1.2021717125241558,36.13654503247688,0.9710198737756656
imagenette,data/imagenette2-320/val/n03417042/n03417042_6881.JPEG,n03417042,569,garbage truck,webp,77,569,garbage truck,0.4301684498786926,True,29872,24288,1.2299077733860342,35.86042347204562,0.9549695039679719
imagenette,data/imagenette2-320/val/n03417042/n03417042_690.JPEG,n03417042,569,garbage truck,webp,77,569,garbage truck,0.6547917127609253,True,20228,14286,1.4159316813663727,37.57735272746428,0.957198075840194
imagenette,data/imagenette2-320/val/n03417042/n03417042_6941.JPEG,n03417042,569,garbage truck,webp,77,569,garbage truck,0.18936678767204285,True,32418,26784,1.2103494623655915,35.00340060584539,0.9612319710494539
imagenette,data/imagenette2-320/val/n03417042/n03417042_6981.JPEG,n03417042,569,garbage truck,webp,77,569,garbage truck,0.4440341591835022,True,24710,16404,1.5063399170933918,36.91720471854225,0.959667254206809
imagenette,data/imagenette2-320/val/n03417042/n03417042_7002.JPEG,n03417042,569,garbage truck,webp,77,569,garbage truck,0.3585440516471863,True,20682,13828,1.4956609777263523,37.40640571712309,0.9641905735202374
imagenette,data/imagenette2-320/val/n03417042/n03417042_7021.JPEG,n03417042,569,garbage truck,webp,77,569,garbage truck,0.4903227388858795,True,34770,29912,1.1624097352233218,34.14875377695289,0.9660400320840953
imagenette,data/imagenette2-320/val/n03417042/n03417042_7061.JPEG,n03417042,569,garbage truck,webp,77,569,garbage truck,0.25348302721977234,True,27063,19748,1.3704172574437918,36.8008531372016,0.9624172960234193
imagenette,data/imagenette2-320/val/n03417042/n03417042_7080.JPEG,n03417042,569,garbage truck,webp,77,569,garbage truck,0.40045326948165894,True,23295,16996,1.3706166156742763,37.366277162119836,0.9628602169468996
imagenette,data/imagenette2-320/val/n03417042/n03417042_7111.JPEG,n03417042,569,garbage truck,webp,77,569,garbage truck,0.1311720460653305,True,29938,23126,1.294560235233071,35.524585090060214,0.9661016558950847
imagenette,data/imagenette2-320/val/n03417042/n03417042_7160.JPEG,n03417042,569,garbage truck,webp,77,569,garbage truck,0.6182565689086914,True,24675,20074,1.2292019527747335,35.44207588119434,0.9567335322159041
imagenette,data/imagenette2-320/val/n03417042/n03417042_7191.JPEG,n03417042,569,garbage truck,webp,77,569,garbage truck,0.4401640295982361,True,26990,21114,1.2782987591171735,35.58303773790081,0.96236479218138
imagenette,data/imagenette2-320/val/n03417042/n03417042_7212.JPEG,n03417042,569,garbage truck,webp,77,569,garbage truck,0.14878393709659576,True,24613,16890,1.4572528123149793,36.471321336416175,0.9654816672480041
imagenette,data/imagenette2-320/val/n03417042/n03417042_7310.JPEG,n03417042,569,garbage truck,webp,77,569,garbage truck,0.3726193606853485,True,28697,22916,1.2522691569209286,36.35892644664408,0.97270900891417
imagenette,data/imagenette2-320/val/n03417042/n03417042_7371.JPEG,n03417042,569,garbage truck,webp,77,569,garbage truck,0.3251447379589081,True,23693,15806,1.4989877261799316,36.90674270698728,0.9416543637176772
imagenette,data/imagenette2-320/val/n03417042/n03417042_742.JPEG,n03417042,569,garbage truck,webp,77,569,garbage truck,0.2666219174861908,True,30044,25426,1.1816251081570046,35.87466279506136,0.9629506209416228
imagenette,data/imagenette2-320/val/n03417042/n03417042_7422.JPEG,n03417042,569,garbage truck,webp,77,569,garbage truck,0.42416253685951233,True,37406,26808,1.3953297523127424,36.31802386718668,0.9600828189459198
imagenette,data/imagenette2-320/val/n03417042/n03417042_7472.JPEG,n03417042,569,garbage truck,webp,77,569,garbage truck,0.32278984785079956,True,24803,19096,1.2988583996648513,35.89323092893746,0.9602999675498164
imagenette,data/imagenette2-320/val/n03417042/n03417042_750.JPEG,n03417042,569,garbage truck,webp,77,569,garbage truck,0.38947808742523193,True,27394,21906,1.250524970327764,35.35168328044338,0.9634447941346101
imagenette,data/imagenette2-320/val/n03417042/n03417042_751.JPEG,n03417042,569,garbage truck,webp,77,569,garbage truck,0.3024483621120453,True,29478,25142,1.1724604247872086,35.76245523126452,0.964786677841257
imagenette,data/imagenette2-320/val/n03417042/n03417042_7521.JPEG,n03417042,569,garbage truck,webp,77,569,garbage truck,0.40743181109428406,True,25514,20456,1.2472624168947986,36.46931729255848,0.96063211518302
imagenette,data/imagenette2-320/val/n03417042/n03417042_7530.JPEG,n03417042,569,garbage truck,webp,77,569,garbage truck,0.15161170065402985,True,33600,27768,1.2100259291270528,35.233822179794004,0.9676152424803859
imagenette,data/imagenette2-320/val/n03417042/n03417042_7581.JPEG,n03417042,569,garbage truck,webp,77,569,garbage truck,0.36517515778541565,True,20674,14630,1.4131237183868763,38.43840035951141,0.9644834887014778
imagenette,data/imagenette2-320/val/n03417042/n03417042_7621.JPEG,n03417042,569,garbage truck,webp,77,569,garbage truck,0.35360094904899597,True,33167,27958,1.1863151870663138,35.202173442677456,0.9682551185579072
imagenette,data/imagenette2-320/val/n03417042/n03417042_7670.JPEG,n03417042,569,garbage truck,webp,77,569,garbage truck,0.47740888595581055,True,30006,26008,1.153721931713319,37.19218878900395,0.9756964771366086
imagenette,data/imagenette2-320/val/n03417042/n03417042_7682.JPEG,n03417042,569,garbage truck,webp,77,569,garbage truck,0.667828381061554,True,24258,19460,1.24655704008222,37.11275354549018,0.9640548332131051
imagenette,data/imagenette2-320/val/n03417042/n03417042_802.JPEG,n03417042,569,garbage truck,webp,77,569,garbage truck,0.5009068250656128,True,25288,20714,1.2208168388529497,36.750122815382916,0.9644657663984906
imagenette,data/imagenette2-320/val/n03417042/n03417042_8030.JPEG,n03417042,569,garbage truck,webp,77,569,garbage truck,0.22954627871513367,True,21744,15154,1.4348686815362282,37.39771927864806,0.958775894498634
imagenette,data/imagenette2-320/val/n03417042/n03417042_8051.JPEG,n03417042,569,garbage truck,webp,77,569,garbage truck,0.36541226506233215,True,21100,15836,1.3324071735286689,37.056346211931526,0.9649821645063459
imagenette,data/imagenette2-320/val/n03417042/n03417042_8081.JPEG,n03417042,569,garbage truck,webp,77,803,snowplow,0.1034684032201767,False,43200,39718,1.0876680598217432,35.22406687274073,0.976366657988159
imagenette,data/imagenette2-320/val/n03417042/n03417042_8121.JPEG,n03417042,569,garbage truck,webp,77,569,garbage truck,0.659733235836029,True,28122,22000,1.2782727272727272,36.268363357177954,0.9634750481482208
imagenette,data/imagenette2-320/val/n03417042/n03417042_8192.JPEG,n03417042,569,garbage truck,webp,77,864,tow truck,0.13059179484844208,False,29377,24860,1.1816975060337893,36.3065714036526,0.9671420912568646
imagenette,data/imagenette2-320/val/n03417042/n03417042_820.JPEG,n03417042,569,garbage truck,webp,77,569,garbage truck,0.5471476316452026,True,21859,15524,1.408077814996135,37.678270361846515,0.9606367422365162
imagenette,data/imagenette2-320/val/n03417042/n03417042_8202.JPEG,n03417042,569,garbage truck,webp,77,569,garbage truck,0.5174146890640259,True,30750,23596,1.303186980844211,36.134164171331555,0.96360024441592
imagenette,data/imagenette2-320/val/n03417042/n03417042_8241.JPEG,n03417042,569,garbage truck,webp,77,569,garbage truck,0.434478759765625,True,30523,24622,1.2396637153764927,35.82679104855207,0.9696226668637964
imagenette,data/imagenette2-320/val/n03417042/n03417042_8361.JPEG,n03417042,569,garbage truck,webp,77,569,garbage truck,0.2803402841091156,True,29747,24888,1.1952346512375442,35.9833404172932,0.9566889231049936
imagenette,data/imagenette2-320/val/n03417042/n03417042_8501.JPEG,n03417042,569,garbage truck,webp,77,569,garbage truck,0.40095752477645874,True,25285,16272,1.5538962635201574,36.97295576156516,0.962583878297086
imagenette,data/imagenette2-320/val/n03417042/n03417042_8552.JPEG,n03417042,569,garbage truck,webp,77,569,garbage truck,0.37929338216781616,True,39465,35912,1.098936288705725,34.49856832462181,0.9719495603504372
imagenette,data/imagenette2-320/val/n03417042/n03417042_8581.JPEG,n03417042,569,garbage truck,webp,77,569,garbage truck,0.4472314119338989,True,21520,16258,1.3236560462541518,37.56104811869004,0.9690924391134504
imagenette,data/imagenette2-320/val/n03417042/n03417042_8602.JPEG,n03417042,569,garbage truck,webp,77,830,stretcher,0.3190669119358063,False,40869,38052,1.0740302743614,34.89515586547904,0.9656341486562282
imagenette,data/imagenette2-320/val/n03417042/n03417042_8630.JPEG,n03417042,569,garbage truck,webp,77,867,trailer truck,0.17023636400699615,False,28803,24206,1.1899115921672312,35.922003770286,0.9725287047668029
imagenette,data/imagenette2-320/val/n03417042/n03417042_8690.JPEG,n03417042,569,garbage truck,webp,77,569,garbage truck,0.3693058490753174,True,33585,28280,1.1875884016973126,35.45407739112227,0.9683101833626832
imagenette,data/imagenette2-320/val/n03417042/n03417042_8700.JPEG,n03417042,569,garbage truck,webp,77,569,garbage truck,0.43777868151664734,True,18641,12318,1.5133138496509173,37.558429861365966,0.9610286419633264
imagenette,data/imagenette2-320/val/n03417042/n03417042_8822.JPEG,n03417042,569,garbage truck,webp,77,569,garbage truck,0.42243897914886475,True,26069,19698,1.3234338511524013,35.375189992734995,0.9329704340040775
imagenette,data/imagenette2-320/val/n03417042/n03417042_8872.JPEG,n03417042,569,garbage truck,webp,77,569,garbage truck,0.3810559809207916,True,33580,27784,1.2086092715231789,36.042495058679414,0.969149912349049
imagenette,data/imagenette2-320/val/n03417042/n03417042_8891.JPEG,n03417042,569,garbage truck,webp,77,569,garbage truck,0.5241780877113342,True,25431,20154,1.2618338791306936,36.42727528365307,0.9592722545698318
imagenette,data/imagenette2-320/val/n03417042/n03417042_8912.JPEG,n03417042,569,garbage truck,webp,77,569,garbage truck,0.6720980405807495,True,40527,34298,1.1816140882850312,34.90082558302122,0.9700653411151182
imagenette,data/imagenette2-320/val/n03417042/n03417042_90.JPEG,n03417042,569,garbage truck,webp,77,569,garbage truck,0.4858802556991577,True,28147,21268,1.3234436712431823,36.16747284540712,0.9618048838938922
imagenette,data/imagenette2-320/val/n03417042/n03417042_9021.JPEG,n03417042,569,garbage truck,webp,77,569,garbage truck,0.2831329107284546,True,33395,29048,1.1496488570641696,35.18962235636363,0.9747028923315236
imagenette,data/imagenette2-320/val/n03417042/n03417042_9052.JPEG,n03417042,569,garbage truck,webp,77,569,garbage truck,0.149076908826828,True,25365,19192,1.3216444351813255,36.58871152407663,0.9629961869985104
imagenette,data/imagenette2-320/val/n03417042/n03417042_9062.JPEG,n03417042,569,garbage truck,webp,77,569,garbage truck,0.32355374097824097,True,40605,37062,1.0955965679132265,34.56230147838299,0.9739901611354284
imagenette,data/imagenette2-320/val/n03417042/n03417042_91.JPEG,n03417042,569,garbage truck,webp,77,569,garbage truck,0.36391323804855347,True,23638,18190,1.2995052226498076,36.606142886502575,0.9712203613390837
imagenette,data/imagenette2-320/val/n03417042/n03417042_910.JPEG,n03417042,569,garbage truck,webp,77,569,garbage truck,0.31512972712516785,True,31721,26230,1.209340449866565,35.46701166969871,0.9660257398864425
imagenette,data/imagenette2-320/val/n03417042/n03417042_9121.JPEG,n03417042,569,garbage truck,webp,77,569,garbage truck,0.507524311542511,True,27441,21142,1.2979377542332797,36.30077792632719,0.9548924051763491
imagenette,data/imagenette2-320/val/n03417042/n03417042_9132.JPEG,n03417042,569,garbage truck,webp,77,569,garbage truck,0.38608235120773315,True,19352,13976,1.3846594161419576,37.919070418893014,0.9725128369689785
imagenette,data/imagenette2-320/val/n03417042/n03417042_9152.JPEG,n03417042,569,garbage truck,webp,77,569,garbage truck,0.5315746068954468,True,27623,21824,1.265716642228739,36.550452419016935,0.9707020028415272
imagenette,data/imagenette2-320/val/n03417042/n03417042_9170.JPEG,n03417042,569,garbage truck,webp,77,569,garbage truck,0.2913094758987427,True,26624,19610,1.3576746557878634,36.13906654326173,0.9683899003876356
imagenette,data/imagenette2-320/val/n03417042/n03417042_9240.JPEG,n03417042,569,garbage truck,webp,77,569,garbage truck,0.28696194291114807,True,33575,30162,1.113155626284729,35.07886892970241,0.9714452592122931
imagenette,data/imagenette2-320/val/n03417042/n03417042_9311.JPEG,n03417042,569,garbage truck,webp,77,569,garbage truck,0.48417696356773376,True,28600,21644,1.3213823692478286,36.04107868780395,0.9628212590205756
imagenette,data/imagenette2-320/val/n03417042/n03417042_9441.JPEG,n03417042,569,garbage truck,webp,77,569,garbage truck,0.27431720495224,True,31708,26916,1.1780353692970724,35.77969254115078,0.9716037608281277
imagenette,data/imagenette2-320/val/n03417042/n03417042_9480.JPEG,n03417042,569,garbage truck,webp,77,569,garbage truck,0.4267427623271942,True,29672,24476,1.2122895898022552,35.547290887747074,0.9601357921043115
imagenette,data/imagenette2-320/val/n03417042/n03417042_9511.JPEG,n03417042,569,garbage truck,webp,77,569,garbage truck,0.40994417667388916,True,22310,14394,1.5499513686258164,37.136834320244986,0.964348458147092
imagenette,data/imagenette2-320/val/n03417042/n03417042_9552.JPEG,n03417042,569,garbage truck,webp,77,569,garbage truck,0.5191286206245422,True,26931,20890,1.289181426519866,36.48906545778192,0.9664071695568469
imagenette,data/imagenette2-320/val/n03417042/n03417042_9580.JPEG,n03417042,569,garbage truck,webp,77,569,garbage truck,0.536810576915741,True,36785,32710,1.1245796392540508,34.99629252448326,0.9671461622181808
imagenette,data/imagenette2-320/val/n03417042/n03417042_9592.JPEG,n03417042,569,garbage truck,webp,77,569,garbage truck,0.4251524806022644,True,12691,7338,1.729490324339057,39.57922625408871,0.9728226512488409
imagenette,data/imagenette2-320/val/n03417042/n03417042_9601.JPEG,n03417042,569,garbage truck,webp,77,569,garbage truck,0.5501693487167358,True,31025,20194,1.536347429929682,38.00010696021036,0.9650714845634528
imagenette,data/imagenette2-320/val/n03417042/n03417042_9610.JPEG,n03417042,569,garbage truck,webp,77,569,garbage truck,0.475554496049881,True,30510,25156,1.2128319287645095,35.896285885475166,0.9647359865813958
imagenette,data/imagenette2-320/val/n03417042/n03417042_9620.JPEG,n03417042,569,garbage truck,webp,77,569,garbage truck,0.2677219808101654,True,30000,23952,1.25250501002004,35.261982838820295,0.973782028681523
imagenette,data/imagenette2-320/val/n03417042/n03417042_992.JPEG,n03417042,569,garbage truck,webp,77,569,garbage truck,0.42113950848579407,True,15221,8772,1.7351801185590516,39.32500093057692,0.9691511831816352
imagenette,data/imagenette2-320/val/n03417042/n03417042_9941.JPEG,n03417042,569,garbage truck,webp,77,569,garbage truck,0.32610830664634705,True,34936,31394,1.112824106517169,35.190622169793265,0.9710583497382691
imagenette,data/imagenette2-320/val/n03425413/ILSVRC2012_val_00000732.JPEG,n03425413,571,gas pump,webp,77,571,gas pump,0.3661658763885498,True,21517,15090,1.4259111994698477,37.11540130488837,0.9562265501782999
imagenette,data/imagenette2-320/val/n03425413/ILSVRC2012_val_00001432.JPEG,n03425413,571,gas pump,webp,77,571,gas pump,0.23555848002433777,True,37571,33330,1.1272427242724272,34.39805961702798,0.973326342662263
imagenette,data/imagenette2-320/val/n03425413/ILSVRC2012_val_00004452.JPEG,n03425413,571,gas pump,webp,77,571,gas pump,0.2960737645626068,True,35784,31448,1.1378784024421267,34.982403826645886,0.9706667823166742
imagenette,data/imagenette2-320/val/n03425413/ILSVRC2012_val_00004860.JPEG,n03425413,571,gas pump,webp,77,571,gas pump,0.5055682063102722,True,31093,25866,1.2020799505141886,35.46818210448053,0.9595999647642587
imagenette,data/imagenette2-320/val/n03425413/ILSVRC2012_val_00007471.JPEG,n03425413,571,gas pump,webp,77,886,vending machine,0.4161343574523926,False,27186,20702,1.3132064534827552,36.355610076884545,0.9650309783864749
imagenette,data/imagenette2-320/val/n03425413/ILSVRC2012_val_00009821.JPEG,n03425413,571,gas pump,webp,77,571,gas pump,0.32743507623672485,True,29033,22436,1.2940363701194508,35.73485228196181,0.9553638996482555
imagenette,data/imagenette2-320/val/n03425413/ILSVRC2012_val_00017350.JPEG,n03425413,571,gas pump,webp,77,571,gas pump,0.3523714244365692,True,37169,28850,1.2883535528596186,34.03066597336493,0.9592296146597254
imagenette,data/imagenette2-320/val/n03425413/ILSVRC2012_val_00020951.JPEG,n03425413,571,gas pump,webp,77,571,gas pump,0.3271062970161438,True,25968,22112,1.17438494934877,35.93745217633983,0.9570348470969531
imagenette,data/imagenette2-320/val/n03425413/ILSVRC2012_val_00022252.JPEG,n03425413,571,gas pump,webp,77,571,gas pump,0.6571458578109741,True,30254,25898,1.1681983164723144,35.45222925702115,0.9605686819877781
imagenette,data/imagenette2-320/val/n03425413/ILSVRC2012_val_00031412.JPEG,n03425413,571,gas pump,webp,77,456,bow,0.20742252469062805,False,22995,16078,1.4302152008956337,37.40122170254055,0.9618739468007299
imagenette,data/imagenette2-320/val/n03425413/ILSVRC2012_val_00032250.JPEG,n03425413,571,gas pump,webp,77,571,gas pump,0.5104875564575195,True,18680,11788,1.5846623685103496,37.78484342442236,0.9425052746258581
imagenette,data/imagenette2-320/val/n03425413/ILSVRC2012_val_00035211.JPEG,n03425413,571,gas pump,webp,77,571,gas pump,0.23762717843055725,True,26036,20292,1.2830672186083185,36.29906486155757,0.9616958076367778
imagenette,data/imagenette2-320/val/n03425413/ILSVRC2012_val_00035242.JPEG,n03425413,571,gas pump,webp,77,571,gas pump,0.28655844926834106,True,29979,24644,1.216482713845155,36.081525888409644,0.9634683495020339
imagenette,data/imagenette2-320/val/n03425413/ILSVRC2012_val_00044370.JPEG,n03425413,571,gas pump,webp,77,571,gas pump,0.430492639541626,True,29701,24038,1.2355853232382061,35.53359323789668,0.9558592032084867
imagenette,data/imagenette2-320/val/n03425413/n03425413_10022.JPEG,n03425413,571,gas pump,webp,77,571,gas pump,0.7632320523262024,True,30681,23890,1.2842611971536209,35.03300505317424,0.9616159268546927
imagenette,data/imagenette2-320/val/n03425413/n03425413_10251.JPEG,n03425413,571,gas pump,webp,77,571,gas pump,0.2960704565048218,True,23165,15762,1.469673899251364,37.586741417936665,0.9510693291353275
imagenette,data/imagenette2-320/val/n03425413/n03425413_10350.JPEG,n03425413,571,gas pump,webp,77,571,gas pump,0.4080393612384796,True,49737,35436,1.403572637995259,34.908978473732176,0.9621273668642024
imagenette,data/imagenette2-320/val/n03425413/n03425413_10410.JPEG,n03425413,571,gas pump,webp,77,571,gas pump,0.2625702917575836,True,23430,17168,1.3647483690587139,36.56923092754069,0.9589565057655487
imagenette,data/imagenette2-320/val/n03425413/n03425413_10450.JPEG,n03425413,571,gas pump,webp,77,571,gas pump,0.2965756058692932,True,22896,15542,1.473169476257882,37.06134465263385,0.9594022553597149
imagenette,data/imagenette2-320/val/n03425413/n03425413_10572.JPEG,n03425413,571,gas pump,webp,77,571,gas pump,0.3093099594116211,True,20761,13012,1.5955272056563172,36.77793695913635,0.9574339059152163
imagenette,data/imagenette2-320/val/n03425413/n03425413_10621.JPEG,n03425413,571,gas pump,webp,77,571,gas pump,0.36109840869903564,True,33038,20120,1.6420477137176939,37.42839988960849,0.9580918311446606
imagenette,data/imagenette2-320/val/n03425413/n03425413_10771.JPEG,n03425413,571,gas pump,webp,77,571,gas pump,0.43165192008018494,True,24744,17644,1.402403083201088,36.30442854106525,0.9617230689362138
imagenette,data/imagenette2-320/val/n03425413/n03425413_10792.JPEG,n03425413,571,gas pump,webp,77,571,gas pump,0.537757158279419,True,30853,23694,1.3021440027011058,35.604302444393376,0.9582497216688216
imagenette,data/imagenette2-320/val/n03425413/n03425413_10882.JPEG,n03425413,571,gas pump,webp,77,571,gas pump,0.3026188611984253,True,29977,23298,1.286676967980084,35.90450443972737,0.9667553625802169
imagenette,data/imagenette2-320/val/n03425413/n03425413_10942.JPEG,n03425413,571,gas pump,webp,77,571,gas pump,0.4599558115005493,True,23070,15276,1.5102120974076982,36.99969311304452,0.962674435502653
imagenette,data/imagenette2-320/val/n03425413/n03425413_11061.JPEG,n03425413,571,gas pump,webp,77,571,gas pump,0.2588779032230377,True,23479,16856,1.3929164689131466,37.86562677726084,0.9562490386386037
imagenette,data/imagenette2-320/val/n03425413/n03425413_11092.JPEG,n03425413,571,gas pump,webp,77,571,gas pump,0.6711522340774536,True,30179,22338,1.3510162055689856,36.30252069115261,0.9672884928884103
imagenette,data/imagenette2-320/val/n03425413/n03425413_11102.JPEG,n03425413,571,gas pump,webp,77,571,gas pump,0.3060917854309082,True,22146,12848,1.723692403486924,39.20686658839924,0.9847790324407093
imagenette,data/imagenette2-320/val/n03425413/n03425413_11161.JPEG,n03425413,571,gas pump,webp,77,571,gas pump,0.6274625062942505,True,18528,10750,1.7235348837209303,37.854697266308015,0.9540671430151028
imagenette,data/imagenette2-320/val/n03425413/n03425413_11180.JPEG,n03425413,571,gas pump,webp,77,571,gas pump,0.4511583745479584,True,40168,26158,1.5355914060708005,37.47437697537369,0.9649989708582499
imagenette,data/imagenette2-320/val/n03425413/n03425413_11311.JPEG,n03425413,571,gas pump,webp,77,571,gas pump,0.15290753543376923,True,28642,22522,1.2717343042358582,35.88770523127889,0.9643251300307384
imagenette,data/imagenette2-320/val/n03425413/n03425413_11370.JPEG,n03425413,571,gas pump,webp,77,571,gas pump,0.44314709305763245,True,27295,21240,1.2850753295668549,35.92923528286325,0.9671312458368465
imagenette,data/imagenette2-320/val/n03425413/n03425413_11460.JPEG,n03425413,571,gas pump,webp,77,571,gas pump,0.3070228695869446,True,25017,14472,1.7286484245439468,39.7097870408621,0.9710644942077923
imagenette,data/imagenette2-320/val/n03425413/n03425413_11470.JPEG,n03425413,571,gas pump,webp,77,571,gas pump,0.40186959505081177,True,26590,20132,1.3207828333002185,35.83436642737441,0.9623513758508512
imagenette,data/imagenette2-320/val/n03425413/n03425413_11592.JPEG,n03425413,571,gas pump,webp,77,571,gas pump,0.5116309523582458,True,38164,35806,1.0658548846562028,34.346354079280324,0.9698666382164927
imagenette,data/imagenette2-320/val/n03425413/n03425413_11650.JPEG,n03425413,571,gas pump,webp,77,571,gas pump,0.35344603657722473,True,36248,33732,1.0745879283766158,34.8703482950576,0.9682847465813852
imagenette,data/imagenette2-320/val/n03425413/n03425413_1172.JPEG,n03425413,571,gas pump,webp,77,571,gas pump,0.38924020528793335,True,24598,18416,1.3356863596872286,34.697815418389254,0.9503907043912477
imagenette,data/imagenette2-320/val/n03425413/n03425413_11731.JPEG,n03425413,571,gas pump,webp,77,571,gas pump,0.4725317060947418,True,17182,12022,1.4292131092996174,36.66448295163808,0.9519001426328119
imagenette,data/imagenette2-320/val/n03425413/n03425413_11910.JPEG,n03425413,571,gas pump,webp,77,571,gas pump,0.3868469297885895,True,18623,10694,1.741443800261829,37.63152361477721,0.9562539856389322
imagenette,data/imagenette2-320/val/n03425413/n03425413_12092.JPEG,n03425413,571,gas pump,webp,77,571,gas pump,0.3215048313140869,True,13344,7796,1.7116469984607492,39.847222525769396,0.9690139589604203
imagenette,data/imagenette2-320/val/n03425413/n03425413_12270.JPEG,n03425413,571,gas pump,webp,77,571,gas pump,0.7422789931297302,True,25147,16146,1.5574755357364054,36.58186482385878,0.9655397988581411
imagenette,data/imagenette2-320/val/n03425413/n03425413_1242.JPEG,n03425413,571,gas pump,webp,77,571,gas pump,0.3483913838863373,True,26505,19054,1.3910464994226934,37.00625713352421,0.9743362562220111
imagenette,data/imagenette2-320/val/n03425413/n03425413_12672.JPEG,n03425413,571,gas pump,webp,77,571,gas pump,0.9086072444915771,True,20570,14326,1.4358509004607007,37.45628952044981,0.9594458508755146
imagenette,data/imagenette2-320/val/n03425413/n03425413_12701.JPEG,n03425413,571,gas pump,webp,77,571,gas pump,0.6288914680480957,True,34980,27604,1.267207651065063,35.665386800169806,0.9667169853728829
imagenette,data/imagenette2-320/val/n03425413/n03425413_12710.JPEG,n03425413,571,gas pump,webp,77,571,gas pump,0.40034300088882446,True,26466,18468,1.4330734243014944,35.37668738409295,0.9555508837548441
imagenette,data/imagenette2-320/val/n03425413/n03425413_12711.JPEG,n03425413,571,gas pump,webp,77,571,gas pump,0.524985671043396,True,23587,17450,1.3516905444126075,36.17075540938063,0.9288713256139144
imagenette,data/imagenette2-320/val/n03425413/n03425413_12712.JPEG,n03425413,571,gas pump,webp,77,571,gas pump,0.5027757287025452,True,33156,27472,1.2069015725101921,36.72961632642217,0.9817808772505586
imagenette,data/imagenette2-320/val/n03425413/n03425413_12722.JPEG,n03425413,571,gas pump,webp,77,571,gas pump,0.5439128279685974,True,37467,34206,1.095334151903175,35.31360661226166,0.9756807135862605
imagenette,data/imagenette2-320/val/n03425413/n03425413_12761.JPEG,n03425413,571,gas pump,webp,77,571,gas pump,0.4046483039855957,True,30487,26974,1.1302365240602061,35.07582866651083,0.9761037144650676
imagenette,data/imagenette2-320/val/n03425413/n03425413_12861.JPEG,n03425413,571,gas pump,webp,77,571,gas pump,0.38887929916381836,True,28455,24028,1.1842433827201597,35.98359690418238,0.9539247894774135
imagenette,data/imagenette2-320/val/n03425413/n03425413_12921.JPEG,n03425413,571,gas pump,webp,77,571,gas pump,0.7387567758560181,True,28847,21780,1.3244719926538109,35.8996606384095,0.9493392611912758
imagenette,data/imagenette2-320/val/n03425413/n03425413_12951.JPEG,n03425413,571,gas pump,webp,77,571,gas pump,0.386658638715744,True,20370,13232,1.5394498186215235,36.994628720714886,0.9509942536127974
imagenette,data/imagenette2-320/val/n03425413/n03425413_12962.JPEG,n03425413,571,gas pump,webp,77,571,gas pump,0.26129406690597534,True,19791,14002,1.4134409370089986,38.064953757444826,0.9632060055917003
imagenette,data/imagenette2-320/val/n03425413/n03425413_12980.JPEG,n03425413,571,gas pump,webp,77,571,gas pump,0.5683826804161072,True,45588,44936,1.0145095246572904,35.54470431575882,0.9819790008959078
imagenette,data/imagenette2-320/val/n03425413/n03425413_12982.JPEG,n03425413,571,gas pump,webp,77,571,gas pump,0.4274318814277649,True,17022,11526,1.4768349817803228,38.617646280060434,0.9664453577894699
imagenette,data/imagenette2-320/val/n03425413/n03425413_13012.JPEG,n03425413,571,gas pump,webp,77,571,gas pump,0.14191240072250366,True,38886,35584,1.0927945143884892,33.8774316375521,0.9664646370506546
imagenette,data/imagenette2-320/val/n03425413/n03425413_13060.JPEG,n03425413,571,gas pump,webp,77,975,lakeside,0.12970510125160217,False,26870,24424,1.1001473960039305,35.25481232747478,0.9645109118447933
imagenette,data/imagenette2-320/val/n03425413/n03425413_13072.JPEG,n03425413,571,gas pump,webp,77,571,gas pump,0.5629382729530334,True,36454,33912,1.074958716678462,36.40511741581613,0.9742863795034599
imagenette,data/imagenette2-320/val/n03425413/n03425413_13080.JPEG,n03425413,571,gas pump,webp,77,571,gas pump,0.7653115391731262,True,35040,28752,1.2186978297161937,35.45190040095798,0.9731424983721331
imagenette,data/imagenette2-320/val/n03425413/n03425413_13100.JPEG,n03425413,571,gas pump,webp,77,571,gas pump,0.6100548505783081,True,36953,29940,1.2342351369405478,35.36081077795513,0.967842492040063
imagenette,data/imagenette2-320/val/n03425413/n03425413_13120.JPEG,n03425413,571,gas pump,webp,77,571,gas pump,0.3371121883392334,True,15237,9374,1.6254533816940473,39.85114865395354,0.9776690212101548
imagenette,data/imagenette2-320/val/n03425413/n03425413_13170.JPEG,n03425413,571,gas pump,webp,77,571,gas pump,0.7918159365653992,True,28556,21568,1.3239985163204748,36.660736794202066,0.9737555808469546
imagenette,data/imagenette2-320/val/n03425413/n03425413_13180.JPEG,n03425413,571,gas pump,webp,77,571,gas pump,0.5163232088088989,True,51548,51878,0.9936389220864336,33.842654223760164,0.9836776104316085
imagenette,data/imagenette2-320/val/n03425413/n03425413_13200.JPEG,n03425413,571,gas pump,webp,77,571,gas pump,0.5529097318649292,True,28178,20700,1.361256038647343,35.839785782257614,0.9594233462063887
imagenette,data/imagenette2-320/val/n03425413/n03425413_13230.JPEG,n03425413,571,gas pump,webp,77,571,gas pump,0.9706414937973022,True,21620,14166,1.5261894677396584,37.25217777516743,0.9641224921717083
imagenette,data/imagenette2-320/val/n03425413/n03425413_13231.JPEG,n03425413,571,gas pump,webp,77,571,gas pump,0.2219674438238144,True,37132,34098,1.0889788257375799,35.94866161465297,0.9752762767993568
imagenette,data/imagenette2-320/val/n03425413/n03425413_13232.JPEG,n03425413,571,gas pump,webp,77,571,gas pump,0.6686161756515503,True,16125,9352,1.724230111206159,38.83893019745922,0.9614180273937883
imagenette,data/imagenette2-320/val/n03425413/n03425413_13270.JPEG,n03425413,571,gas pump,webp,77,571,gas pump,0.5585935115814209,True,17069,10638,1.6045309268659522,38.16956301578081,0.9568606829030748
imagenette,data/imagenette2-320/val/n03425413/n03425413_13381.JPEG,n03425413,571,gas pump,webp,77,571,gas pump,0.399431049823761,True,22730,17330,1.311598384304674,38.53218421228047,0.9768761147677543
imagenette,data/imagenette2-320/val/n03425413/n03425413_13382.JPEG,n03425413,571,gas pump,webp,77,571,gas pump,0.24098217487335205,True,28988,22514,1.287554410588967,35.89594436487393,0.9532345408786663
imagenette,data/imagenette2-320/val/n03425413/n03425413_13390.JPEG,n03425413,571,gas pump,webp,77,571,gas pump,0.8461089730262756,True,24814,19838,1.2508317370702693,37.80307044064139,0.9695847156020605
imagenette,data/imagenette2-320/val/n03425413/n03425413_1342.JPEG,n03425413,571,gas pump,webp,77,856,thresher,0.12611939013004303,False,29812,24924,1.1961161932274114,35.57769568307171,0.9614523931249179
imagenette,data/imagenette2-320/val/n03425413/n03425413_13502.JPEG,n03425413,571,gas pump,webp,77,571,gas pump,0.5464335680007935,True,23845,16734,1.424943229353412,36.15526070408989,0.9545805199108371
imagenette,data/imagenette2-320/val/n03425413/n03425413_1351.JPEG,n03425413,571,gas pump,webp,77,571,gas pump,0.10096568614244461,True,17246,9980,1.7280561122244489,38.115085513483336,0.9636500620099104
imagenette,data/imagenette2-320/val/n03425413/n03425413_13572.JPEG,n03425413,571,gas pump,webp,77,571,gas pump,0.49701252579689026,True,25736,19980,1.288088088088088,36.853337957859516,0.9637705296413871
imagenette,data/imagenette2-320/val/n03425413/n03425413_13581.JPEG,n03425413,571,gas pump,webp,77,571,gas pump,0.4813190698623657,True,30307,26568,1.1407332128876844,35.47469952493146,0.9687002495984286
imagenette,data/imagenette2-320/val/n03425413/n03425413_13582.JPEG,n03425413,571,gas pump,webp,77,571,gas pump,0.5634796619415283,True,23904,17690,1.351271905031091,36.538131319394196,0.9435701377154171
imagenette,data/imagenette2-320/val/n03425413/n03425413_13600.JPEG,n03425413,571,gas pump,webp,77,571,gas pump,0.5395772457122803,True,27382,20366,1.3444957281744083,36.455068614425315,0.9688097860946384
imagenette,data/imagenette2-320/val/n03425413/n03425413_13620.JPEG,n03425413,571,gas pump,webp,77,571,gas pump,0.24100033938884735,True,34102,29734,1.1469025358175826,35.12335485769044,0.9683765339224696
imagenette,data/imagenette2-320/val/n03425413/n03425413_13642.JPEG,n03425413,571,gas pump,webp,77,571,gas pump,0.5023703575134277,True,33342,28878,1.1545813421982132,35.50640039568786,0.971559458150309
imagenette,data/imagenette2-320/val/n03425413/n03425413_13672.JPEG,n03425413,571,gas pump,webp,77,571,gas pump,0.5267993807792664,True,25848,19936,1.2965489566613162,36.27757287286367,0.965312984867586
imagenette,data/imagenette2-320/val/n03425413/n03425413_13702.JPEG,n03425413,571,gas pump,webp,77,571,gas pump,0.19353729486465454,True,26492,18446,1.4361921283747154,36.53384249564888,0.9489696767309005
imagenette,data/imagenette2-320/val/n03425413/n03425413_13741.JPEG,n03425413,571,gas pump,webp,77,877,turnstile,0.13810493052005768,False,29339,23420,1.252732707087959,35.98491908825415,0.9671506981556868
imagenette,data/imagenette2-320/val/n03425413/n03425413_13751.JPEG,n03425413,571,gas pump,webp,77,571,gas pump,0.34957772493362427,True,33474,29524,1.1337894594228424,35.49598027136168,0.9673662450589658
imagenette,data/imagenette2-320/val/n03425413/n03425413_13752.JPEG,n03425413,571,gas pump,webp,77,571,gas pump,0.46917563676834106,True,28667,23512,1.2192497448111603,35.43763236144947,0.9494703855340793
imagenette,data/imagenette2-320/val/n03425413/n03425413_13770.JPEG,n03425413,571,gas pump,webp,77,571,gas pump,0.7339688539505005,True,20751,12894,1.6093531875290832,37.44229490580669,0.9466303966145668
imagenette,data/imagenette2-320/val/n03425413/n03425413_13772.JPEG,n03425413,571,gas pump,webp,77,557,flagpole,0.21525931358337402,False,29025,24304,1.1942478604344964,36.098286584612566,0.9628051554161803
imagenette,data/imagenette2-320/val/n03425413/n03425413_1381.JPEG,n03425413,571,gas pump,webp,77,571,gas pump,0.9515624046325684,True,28306,20982,1.349061099990468,36.046957592993785,0.9643629621070763
imagenette,data/imagenette2-320/val/n03425413/n03425413_13811.JPEG,n03425413,571,gas pump,webp,77,571,gas pump,0.4023463726043701,True,25193,16664,1.5118218915026405,37.42036919073702,0.9607824955083282
imagenette,data/imagenette2-320/val/n03425413/n03425413_13821.JPEG,n03425413,571,gas pump,webp,77,571,gas pump,0.7101758718490601,True,26938,20756,1.2978415879745615,36.402850511911126,0.9721177715441258
imagenette,data/imagenette2-320/val/n03425413/n03425413_13831.JPEG,n03425413,571,gas pump,webp,77,571,gas pump,0.5298766493797302,True,32949,26124,1.2612540192926045,35.23106410745666,0.9579629449673909
imagenette,data/imagenette2-320/val/n03425413/n03425413_13862.JPEG,n03425413,571,gas pump,webp,77,571,gas pump,0.6124804615974426,True,24493,15890,1.541409691629956,36.63813821684404,0.9548673495859424
imagenette,data/imagenette2-320/val/n03425413/n03425413_13922.JPEG,n03425413,571,gas pump,webp,77,571,gas pump,0.3324238061904907,True,32338,24246,1.3337457724985564,35.752281902803766,0.9501714938613105
imagenette,data/imagenette2-320/val/n03425413/n03425413_13970.JPEG,n03425413,571,gas pump,webp,77,571,gas pump,0.40008166432380676,True,17675,8154,2.1676477802305616,38.62161661458282,0.9602259750420069
imagenette,data/imagenette2-320/val/n03425413/n03425413_13971.JPEG,n03425413,571,gas pump,webp,77,571,gas pump,0.6162029504776001,True,24417,17648,1.3835562103354488,38.47110421741819,0.971389841935714
imagenette,data/imagenette2-320/val/n03425413/n03425413_1400.JPEG,n03425413,571,gas pump,webp,77,571,gas pump,0.5246691107749939,True,29055,23104,1.2575744459833795,36.23378486569061,0.9631532200326139
imagenette,data/imagenette2-320/val/n03425413/n03425413_14012.JPEG,n03425413,571,gas pump,webp,77,571,gas pump,0.22287200391292572,True,27963,22264,1.2559737693136903,35.89911645879146,0.9513784026256168
imagenette,data/imagenette2-320/val/n03425413/n03425413_14030.JPEG,n03425413,571,gas pump,webp,77,571,gas pump,0.6435920596122742,True,18084,11006,1.6431037615845903,37.33053653799197,0.9609381657095891
imagenette,data/imagenette2-320/val/n03425413/n03425413_14040.JPEG,n03425413,571,gas pump,webp,77,571,gas pump,0.7355077862739563,True,19522,13278,1.470251543907215,38.39194779237158,0.9583196451651323
imagenette,data/imagenette2-320/val/n03425413/n03425413_14081.JPEG,n03425413,571,gas pump,webp,77,571,gas pump,0.6915951371192932,True,14676,8110,1.8096177558569666,38.80827298125173,0.9637392046630225
imagenette,data/imagenette2-320/val/n03425413/n03425413_1421.JPEG,n03425413,571,gas pump,webp,77,571,gas pump,0.5010027289390564,True,21347,13362,1.5975901811106121,37.80387729208563,0.9614439756688195
imagenette,data/imagenette2-320/val/n03425413/n03425413_14280.JPEG,n03425413,571,gas pump,webp,77,571,gas pump,0.12852798402309418,True,37727,35240,1.0705732122587968,34.59187377176963,0.9727117414769365
imagenette,data/imagenette2-320/val/n03425413/n03425413_14302.JPEG,n03425413,571,gas pump,webp,77,571,gas pump,0.8039610385894775,True,21906,16882,1.2975950716739724,37.135790001466205,0.9729430986568883
imagenette,data/imagenette2-320/val/n03425413/n03425413_14351.JPEG,n03425413,571,gas pump,webp,77,571,gas pump,0.6073427796363831,True,27396,20310,1.3488921713441655,35.83930331449724,0.9645907389470955
imagenette,data/imagenette2-320/val/n03425413/n03425413_14361.JPEG,n03425413,571,gas pump,webp,77,571,gas pump,0.39491990208625793,True,26754,19860,1.3471299093655589,35.64502564753446,0.9535709035210919
imagenette,data/imagenette2-320/val/n03425413/n03425413_14381.JPEG,n03425413,571,gas pump,webp,77,571,gas pump,0.22206734120845795,True,35848,31698,1.1309230866300712,34.77319202019495,0.9712385491487497
imagenette,data/imagenette2-320/val/n03425413/n03425413_14410.JPEG,n03425413,571,gas pump,webp,77,571,gas pump,0.7396379709243774,True,42953,41486,1.035361326712626,34.85091161553467,0.9767682286042637
imagenette,data/imagenette2-320/val/n03425413/n03425413_14411.JPEG,n03425413,571,gas pump,webp,77,571,gas pump,0.3312474489212036,True,39556,36908,1.0717459629348651,34.237945745557575,0.9671321801523171
imagenette,data/imagenette2-320/val/n03425413/n03425413_14420.JPEG,n03425413,571,gas pump,webp,77,733,pole,0.16012658178806305,False,28502,24568,1.1601269944643438,35.460608334897465,0.9623680586659994
imagenette,data/imagenette2-320/val/n03425413/n03425413_14501.JPEG,n03425413,571,gas pump,webp,77,571,gas pump,0.7367779612541199,True,22684,15574,1.4565301142930525,37.10100759907247,0.9558717917511897
imagenette,data/imagenette2-320/val/n03425413/n03425413_14510.JPEG,n03425413,571,gas pump,webp,77,571,gas pump,0.6798417568206787,True,31025,22042,1.4075401506215406,34.47966012748018,0.9571969621885453
imagenette,data/imagenette2-320/val/n03425413/n03425413_14552.JPEG,n03425413,571,gas pump,webp,77,571,gas pump,0.39678332209587097,True,24345,18124,1.3432465239461489,36.54650101093257,0.9515343814528423
imagenette,data/imagenette2-320/val/n03425413/n03425413_14570.JPEG,n03425413,571,gas pump,webp,77,571,gas pump,0.6690828204154968,True,24101,16110,1.4960273122284296,37.06947551376554,0.9565090085038092
imagenette,data/imagenette2-320/val/n03425413/n03425413_14590.JPEG,n03425413,571,gas pump,webp,77,571,gas pump,0.19060111045837402,True,24571,16062,1.5297596812352134,36.35180353677999,0.9616689415135627
imagenette,data/imagenette2-320/val/n03425413/n03425413_14600.JPEG,n03425413,571,gas pump,webp,77,571,gas pump,0.39083755016326904,True,32918,27718,1.187603723212353,35.29852202584217,0.9640880620864322
imagenette,data/imagenette2-320/val/n03425413/n03425413_14612.JPEG,n03425413,571,gas pump,webp,77,571,gas pump,0.8259974718093872,True,30566,23970,1.275177304964539,35.6638047791495,0.9603283484595666
imagenette,data/imagenette2-320/val/n03425413/n03425413_14622.JPEG,n03425413,571,gas pump,webp,77,571,gas pump,0.738539457321167,True,18588,11678,1.591710909402295,37.21114268988853,0.9511577000841664
imagenette,data/imagenette2-320/val/n03425413/n03425413_14650.JPEG,n03425413,571,gas pump,webp,77,571,gas pump,0.1176164299249649,True,23277,17684,1.3162745985071251,35.5397534783891,0.9624380863399896
imagenette,data/imagenette2-320/val/n03425413/n03425413_14670.JPEG,n03425413,571,gas pump,webp,77,571,gas pump,0.4495508074760437,True,27539,21092,1.3056609140906505,35.90947335726157,0.9665432616944142
imagenette,data/imagenette2-320/val/n03425413/n03425413_14672.JPEG,n03425413,571,gas pump,webp,77,571,gas pump,0.49607333540916443,True,27403,22816,1.2010431276297335,36.16638776558217,0.9477680808589866
imagenette,data/imagenette2-320/val/n03425413/n03425413_14681.JPEG,n03425413,571,gas pump,webp,77,571,gas pump,0.06895081698894501,True,20073,12168,1.64965483234714,38.12681463848585,0.9630467338292793
imagenette,data/imagenette2-320/val/n03425413/n03425413_14682.JPEG,n03425413,571,gas pump,webp,77,571,gas pump,0.2908586263656616,True,35303,30420,1.1605193951347796,34.06904810864436,0.9495349514466058
imagenette,data/imagenette2-320/val/n03425413/n03425413_14691.JPEG,n03425413,571,gas pump,webp,77,571,gas pump,0.7137223482131958,True,30274,25572,1.1838729860785233,35.73901415855554,0.9631568945620774
imagenette,data/imagenette2-320/val/n03425413/n03425413_14712.JPEG,n03425413,571,gas pump,webp,77,571,gas pump,0.4472276568412781,True,24393,17326,1.407884104813575,36.5256568477458,0.9612189652687193
imagenette,data/imagenette2-320/val/n03425413/n03425413_1472.JPEG,n03425413,571,gas pump,webp,77,571,gas pump,0.7153592109680176,True,26948,20636,1.3058732312463657,35.72201789300159,0.9639093353065054
imagenette,data/imagenette2-320/val/n03425413/n03425413_14720.JPEG,n03425413,571,gas pump,webp,77,571,gas pump,0.5533413887023926,True,34651,30464,1.1374409138655461,35.645612332605616,0.9710074577562965
imagenette,data/imagenette2-320/val/n03425413/n03425413_14722.JPEG,n03425413,571,gas pump,webp,77,571,gas pump,0.2959614098072052,True,26272,22684,1.1581731616998765,36.914982524159015,0.9680229456537642
imagenette,data/imagenette2-320/val/n03425413/n03425413_14740.JPEG,n03425413,571,gas pump,webp,77,571,gas pump,0.5393185615539551,True,25861,18032,1.4341725820763087,36.398051544623236,0.9546236799522809
imagenette,data/imagenette2-320/val/n03425413/n03425413_14752.JPEG,n03425413,571,gas pump,webp,77,571,gas pump,0.19725511968135834,True,27099,21628,1.252959127057518,36.31686027798894,0.9618559453932987
imagenette,data/imagenette2-320/val/n03425413/n03425413_14792.JPEG,n03425413,571,gas pump,webp,77,571,gas pump,0.3480396866798401,True,21817,14254,1.5305879051494318,37.03053106471433,0.955057840556543
imagenette,data/imagenette2-320/val/n03425413/n03425413_14870.JPEG,n03425413,571,gas pump,webp,77,571,gas pump,0.5331445336341858,True,22172,16040,1.382294264339152,37.6959057259757,0.960331831550636
imagenette,data/imagenette2-320/val/n03425413/n03425413_14891.JPEG,n03425413,571,gas pump,webp,77,530,digital clock,0.41927391290664673,False,17252,9550,1.8064921465968586,38.67063352410993,0.9674618168118837
imagenette,data/imagenette2-320/val/n03425413/n03425413_1491.JPEG,n03425413,571,gas pump,webp,77,571,gas pump,0.5664565563201904,True,26726,19990,1.336968484242121,36.47880233635816,0.9678942458152923
imagenette,data/imagenette2-320/val/n03425413/n03425413_14940.JPEG,n03425413,571,gas pump,webp,77,571,gas pump,0.2973203957080841,True,23632,17850,1.323921568627451,36.75255764002894,0.9608407042656931
imagenette,data/imagenette2-320/val/n03425413/n03425413_14952.JPEG,n03425413,571,gas pump,webp,77,571,gas pump,0.22320280969142914,True,38757,21752,1.7817671938212578,38.22533411008369,0.9582653378533176
imagenette,data/imagenette2-320/val/n03425413/n03425413_15000.JPEG,n03425413,571,gas pump,webp,77,571,gas pump,0.5234993696212769,True,28801,21696,1.3274797197640118,35.9238277985374,0.9635997152279847
imagenette,data/imagenette2-320/val/n03425413/n03425413_15002.JPEG,n03425413,571,gas pump,webp,77,571,gas pump,0.5308725833892822,True,26624,20746,1.2833317265978983,36.42913094720049,0.9558085437111665
imagenette,data/imagenette2-320/val/n03425413/n03425413_15050.JPEG,n03425413,571,gas pump,webp,77,571,gas pump,0.5822964310646057,True,20723,13380,1.5488041853512706,36.91479324983178,0.9660080588060485
imagenette,data/imagenette2-320/val/n03425413/n03425413_15070.JPEG,n03425413,571,gas pump,webp,77,571,gas pump,0.45855972170829773,True,32121,26980,1.1905485544848036,35.789630764725025,0.9672261738243654
imagenette,data/imagenette2-320/val/n03425413/n03425413_15082.JPEG,n03425413,571,gas pump,webp,77,571,gas pump,0.3529417812824249,True,26115,19774,1.3206736118134925,36.35762020905284,0.9570270537600605
imagenette,data/imagenette2-320/val/n03425413/n03425413_15130.JPEG,n03425413,571,gas pump,webp,77,571,gas pump,0.2682601511478424,True,29841,22764,1.3108856088560885,36.11266271323208,0.9742134061028963
imagenette,data/imagenette2-320/val/n03425413/n03425413_15131.JPEG,n03425413,571,gas pump,webp,77,571,gas pump,0.4810595214366913,True,35829,33318,1.0753646677471638,34.00907931232544,0.9690419799319665
imagenette,data/imagenette2-320/val/n03425413/n03425413_15291.JPEG,n03425413,571,gas pump,webp,77,571,gas pump,0.5097951292991638,True,33120,22894,1.4466672490608894,35.95489096046363,0.9428861861521117
imagenette,data/imagenette2-320/val/n03425413/n03425413_15312.JPEG,n03425413,571,gas pump,webp,77,571,gas pump,0.32698139548301697,True,21815,15968,1.3661698396793587,38.83346539481681,0.9656061109347479
imagenette,data/imagenette2-320/val/n03425413/n03425413_15321.JPEG,n03425413,571,gas pump,webp,77,571,gas pump,0.6323354840278625,True,29438,24288,1.2120388669301714,35.69715476405382,0.9559996291943422
imagenette,data/imagenette2-320/val/n03425413/n03425413_15332.JPEG,n03425413,571,gas pump,webp,77,571,gas pump,0.7783053517341614,True,19907,12808,1.554262960649594,37.90616513969442,0.9578441941005059
imagenette,data/imagenette2-320/val/n03425413/n03425413_15340.JPEG,n03425413,571,gas pump,webp,77,571,gas pump,0.8292603492736816,True,27061,19840,1.3639616935483871,35.483796565632495,0.953484712763152
imagenette,data/imagenette2-320/val/n03425413/n03425413_15531.JPEG,n03425413,571,gas pump,webp,77,571,gas pump,0.798883318901062,True,16867,11282,1.4950363410742775,38.62391993134515,0.9706014159925956
imagenette,data/imagenette2-320/val/n03425413/n03425413_15571.JPEG,n03425413,571,gas pump,webp,77,571,gas pump,0.10019735991954803,True,23510,17216,1.3655901486988848,37.06083662936537,0.9611282023122188
imagenette,data/imagenette2-320/val/n03425413/n03425413_15601.JPEG,n03425413,571,gas pump,webp,77,800,slot,0.4746951162815094,False,20861,13940,1.4964849354375898,36.84647386073117,0.9637973244149496
imagenette,data/imagenette2-320/val/n03425413/n03425413_15602.JPEG,n03425413,571,gas pump,webp,77,571,gas pump,0.3995591998100281,True,25782,19330,1.333781686497672,36.57089824780993,0.9713924329410633
imagenette,data/imagenette2-320/val/n03425413/n03425413_15622.JPEG,n03425413,571,gas pump,webp,77,571,gas pump,0.5930901765823364,True,28883,23268,1.2413185490802818,36.713420020475496,0.9675496899485552
imagenette,data/imagenette2-320/val/n03425413/n03425413_15630.JPEG,n03425413,571,gas pump,webp,77,571,gas pump,0.3109363913536072,True,29098,24792,1.1736850596966764,37.152973696091,0.9707304240848278
imagenette,data/imagenette2-320/val/n03425413/n03425413_15671.JPEG,n03425413,571,gas pump,webp,77,571,gas pump,0.5045275092124939,True,20943,15476,1.3532566554665288,37.17323209445124,0.9616059904086137
imagenette,data/imagenette2-320/val/n03425413/n03425413_15700.JPEG,n03425413,571,gas pump,webp,77,571,gas pump,0.5949648022651672,True,35142,32864,1.0693159688412852,34.49489705179874,0.970774565910197
imagenette,data/imagenette2-320/val/n03425413/n03425413_15701.JPEG,n03425413,571,gas pump,webp,77,571,gas pump,0.40131303668022156,True,34222,28182,1.2143211979277553,35.99989609873569,0.9625262959735643
imagenette,data/imagenette2-320/val/n03425413/n03425413_15772.JPEG,n03425413,571,gas pump,webp,77,571,gas pump,0.47600606083869934,True,27063,20052,1.3496409335727109,36.264029834938185,0.9612027742762194
imagenette,data/imagenette2-320/val/n03425413/n03425413_15792.JPEG,n03425413,571,gas pump,webp,77,571,gas pump,0.5183918476104736,True,27723,22416,1.2367505353319057,36.04406936055288,0.954255983612577
imagenette,data/imagenette2-320/val/n03425413/n03425413_15862.JPEG,n03425413,571,gas pump,webp,77,571,gas pump,0.19315557181835175,True,25707,20770,1.2376986037554165,36.51040189585761,0.9481431468977322
imagenette,data/imagenette2-320/val/n03425413/n03425413_15871.JPEG,n03425413,571,gas pump,webp,77,571,gas pump,0.21487732231616974,True,29806,24874,1.1982793278121733,35.6310553115608,0.9591787803104705
imagenette,data/imagenette2-320/val/n03425413/n03425413_15950.JPEG,n03425413,571,gas pump,webp,77,571,gas pump,0.49265122413635254,True,20450,14318,1.4282721050426037,37.53558604688295,0.9741247355258592
imagenette,data/imagenette2-320/val/n03425413/n03425413_16031.JPEG,n03425413,571,gas pump,webp,77,571,gas pump,0.3599506616592407,True,23571,17020,1.3849001175088131,36.097058576841626,0.957781124090844
imagenette,data/imagenette2-320/val/n03425413/n03425413_16080.JPEG,n03425413,571,gas pump,webp,77,571,gas pump,0.3849222660064697,True,24468,16866,1.4507292778370686,37.145999640001484,0.9613094400161396
imagenette,data/imagenette2-320/val/n03425413/n03425413_1610.JPEG,n03425413,571,gas pump,webp,77,571,gas pump,0.3128410279750824,True,27883,22538,1.2371550270654006,36.21871625712154,0.9542183880846743
imagenette,data/imagenette2-320/val/n03425413/n03425413_16190.JPEG,n03425413,571,gas pump,webp,77,571,gas pump,0.5685883164405823,True,28601,20004,1.429764047190562,36.412736293571946,0.9695512728284901
imagenette,data/imagenette2-320/val/n03425413/n03425413_16202.JPEG,n03425413,571,gas pump,webp,77,571,gas pump,0.513047456741333,True,19809,13440,1.4738839285714285,37.35965619692074,0.9475734505646839
imagenette,data/imagenette2-320/val/n03425413/n03425413_16220.JPEG,n03425413,571,gas pump,webp,77,571,gas pump,0.4798492193222046,True,16959,10378,1.6341298901522452,38.641248965735286,0.9521048046530919
imagenette,data/imagenette2-320/val/n03425413/n03425413_16221.JPEG,n03425413,571,gas pump,webp,77,571,gas pump,0.37953150272369385,True,43598,43416,1.0041920029482219,35.05998979618894,0.9782474236535076
imagenette,data/imagenette2-320/val/n03425413/n03425413_16300.JPEG,n03425413,571,gas pump,webp,77,571,gas pump,0.31843772530555725,True,28350,22086,1.2836185819070904,35.22207565051243,0.9553789000029601
imagenette,data/imagenette2-320/val/n03425413/n03425413_1631.JPEG,n03425413,571,gas pump,webp,77,571,gas pump,0.4629939794540405,True,31071,23648,1.3138954668470906,35.58553570528259,0.9621556518509257
imagenette,data/imagenette2-320/val/n03425413/n03425413_16400.JPEG,n03425413,571,gas pump,webp,77,571,gas pump,0.5825105309486389,True,29963,23000,1.3027391304347826,35.49691977840932,0.9558173639352763
imagenette,data/imagenette2-320/val/n03425413/n03425413_16420.JPEG,n03425413,571,gas pump,webp,77,571,gas pump,0.5665729641914368,True,25340,16132,1.5707909744606992,36.664005384743675,0.9662981167908472
imagenette,data/imagenette2-320/val/n03425413/n03425413_16421.JPEG,n03425413,571,gas pump,webp,77,571,gas pump,0.6131401658058167,True,31807,25278,1.258287839227787,36.444630698358125,0.9639733564623438
imagenette,data/imagenette2-320/val/n03425413/n03425413_16551.JPEG,n03425413,571,gas pump,webp,77,571,gas pump,0.5102724432945251,True,28410,21926,1.2957219739122503,36.13450329218515,0.9616910548010306
imagenette,data/imagenette2-320/val/n03425413/n03425413_16581.JPEG,n03425413,571,gas pump,webp,77,571,gas pump,0.5838319063186646,True,25110,18652,1.3462363285438559,36.49700057952693,0.9597390656606978
imagenette,data/imagenette2-320/val/n03425413/n03425413_16661.JPEG,n03425413,571,gas pump,webp,77,571,gas pump,0.5543618202209473,True,31891,25562,1.2475940849698772,35.871242780962845,0.964267338572231
imagenette,data/imagenette2-320/val/n03425413/n03425413_16681.JPEG,n03425413,571,gas pump,webp,77,571,gas pump,0.7002175450325012,True,38162,36456,1.0467961378099626,34.79653931615716,0.9695695132216722
imagenette,data/imagenette2-320/val/n03425413/n03425413_1670.JPEG,n03425413,571,gas pump,webp,77,571,gas pump,0.5218440890312195,True,13009,6718,1.9364394164930039,39.42131822395281,0.9683374346521676
imagenette,data/imagenette2-320/val/n03425413/n03425413_16712.JPEG,n03425413,571,gas pump,webp,77,571,gas pump,0.6844152212142944,True,30689,23592,1.3008223126483554,36.09733467884959,0.9512722449420128
imagenette,data/imagenette2-320/val/n03425413/n03425413_1672.JPEG,n03425413,571,gas pump,webp,77,571,gas pump,0.6798242926597595,True,22989,16214,1.4178487726655977,36.64353781255183,0.9591781548783197
imagenette,data/imagenette2-320/val/n03425413/n03425413_16782.JPEG,n03425413,571,gas pump,webp,77,571,gas pump,0.7380933165550232,True,25993,19310,1.346090108751942,36.045326648784965,0.9621974361731106
imagenette,data/imagenette2-320/val/n03425413/n03425413_16822.JPEG,n03425413,571,gas pump,webp,77,571,gas pump,0.37776580452919006,True,33162,28372,1.1688284223882701,35.10800711550401,0.9687191218880474
imagenette,data/imagenette2-320/val/n03425413/n03425413_16911.JPEG,n03425413,571,gas pump,webp,77,571,gas pump,0.5335237383842468,True,28842,21650,1.3321939953810624,36.25314358680301,0.9552376620292996
imagenette,data/imagenette2-320/val/n03425413/n03425413_16920.JPEG,n03425413,571,gas pump,webp,77,571,gas pump,0.6032612919807434,True,27699,22246,1.2451227186910006,36.02031902247602,0.9556511602151506
imagenette,data/imagenette2-320/val/n03425413/n03425413_16962.JPEG,n03425413,571,gas pump,webp,77,571,gas pump,0.30583250522613525,True,27636,19838,1.3930839802399435,36.26877488290974,0.9670322143275415
imagenette,data/imagenette2-320/val/n03425413/n03425413_16972.JPEG,n03425413,571,gas pump,webp,77,571,gas pump,0.7109755873680115,True,28725,22280,1.2892728904847397,36.51066515227781,0.9656338113488653
imagenette,data/imagenette2-320/val/n03425413/n03425413_16992.JPEG,n03425413,571,gas pump,webp,77,571,gas pump,0.33613109588623047,True,33309,28210,1.1807515065579581,35.335153437314794,0.9707685352659317
imagenette,data/imagenette2-320/val/n03425413/n03425413_17000.JPEG,n03425413,571,gas pump,webp,77,571,gas pump,0.3792962431907654,True,24109,16334,1.476000979551855,37.45403988575259,0.9707904621170984
imagenette,data/imagenette2-320/val/n03425413/n03425413_17001.JPEG,n03425413,571,gas pump,webp,77,571,gas pump,0.5649626851081848,True,49361,48166,1.0248100319727609,34.64076197030265,0.9847154448409275
imagenette,data/imagenette2-320/val/n03425413/n03425413_17060.JPEG,n03425413,571,gas pump,webp,77,571,gas pump,0.851107120513916,True,23820,16486,1.4448623074123499,37.22226059339859,0.9584886609810445
imagenette,data/imagenette2-320/val/n03425413/n03425413_17072.JPEG,n03425413,571,gas pump,webp,77,571,gas pump,0.4576687514781952,True,33849,28256,1.1979402604756513,35.33575327222238,0.9641229609763776
imagenette,data/imagenette2-320/val/n03425413/n03425413_17100.JPEG,n03425413,571,gas pump,webp,77,571,gas pump,0.365143358707428,True,35732,32960,1.0841019417475728,34.531315106089295,0.9683092128429166
imagenette,data/imagenette2-320/val/n03425413/n03425413_17110.JPEG,n03425413,571,gas pump,webp,77,571,gas pump,0.41276052594184875,True,32099,26854,1.1953154092500187,36.464608287889746,0.9653900553745443
imagenette,data/imagenette2-320/val/n03425413/n03425413_17111.JPEG,n03425413,571,gas pump,webp,77,571,gas pump,0.6149821281433105,True,26557,19700,1.3480710659898476,35.62992433898468,0.9467266096602299
imagenette,data/imagenette2-320/val/n03425413/n03425413_17210.JPEG,n03425413,571,gas pump,webp,77,571,gas pump,0.3224603235721588,True,26373,21076,1.251328525336876,35.39862222267809,0.9550091122965666
imagenette,data/imagenette2-320/val/n03425413/n03425413_17212.JPEG,n03425413,571,gas pump,webp,77,571,gas pump,0.3573266863822937,True,26968,21004,1.2839459150637973,36.29044848664834,0.9591250165196334
imagenette,data/imagenette2-320/val/n03425413/n03425413_17220.JPEG,n03425413,571,gas pump,webp,77,571,gas pump,0.30160436034202576,True,21721,14934,1.4544663184679256,36.163385953088074,0.9626300208517041
imagenette,data/imagenette2-320/val/n03425413/n03425413_17262.JPEG,n03425413,571,gas pump,webp,77,571,gas pump,0.48567837476730347,True,18168,11024,1.6480406386066764,38.18386093771431,0.9640515725760751
imagenette,data/imagenette2-320/val/n03425413/n03425413_17322.JPEG,n03425413,571,gas pump,webp,77,571,gas pump,0.42908743023872375,True,28698,22584,1.2707226354941552,36.06649366177814,0.959582592201564
imagenette,data/imagenette2-320/val/n03425413/n03425413_17441.JPEG,n03425413,571,gas pump,webp,77,571,gas pump,0.5193925499916077,True,40458,33072,1.2233309143686502,34.015274737935385,0.9630337145713254
imagenette,data/imagenette2-320/val/n03425413/n03425413_17521.JPEG,n03425413,571,gas pump,webp,77,571,gas pump,0.40313273668289185,True,25997,18550,1.401455525606469,36.64201657018606,0.9648231210432846
imagenette,data/imagenette2-320/val/n03425413/n03425413_17591.JPEG,n03425413,571,gas pump,webp,77,571,gas pump,0.4867161214351654,True,15619,8892,1.7565227170490327,37.98240370724909,0.9583191522422289
imagenette,data/imagenette2-320/val/n03425413/n03425413_17701.JPEG,n03425413,571,gas pump,webp,77,571,gas pump,0.6073144674301147,True,12726,6850,1.8578102189781023,38.351217403430354,0.9668996048793791
imagenette,data/imagenette2-320/val/n03425413/n03425413_17802.JPEG,n03425413,571,gas pump,webp,77,571,gas pump,0.37806978821754456,True,27942,20710,1.3492032834379526,36.330162430345126,0.9619627053196093
imagenette,data/imagenette2-320/val/n03425413/n03425413_17851.JPEG,n03425413,571,gas pump,webp,77,571,gas pump,0.6012296676635742,True,21447,14184,1.5120558375634519,37.61855443162137,0.9688072562979629
imagenette,data/imagenette2-320/val/n03425413/n03425413_1792.JPEG,n03425413,571,gas pump,webp,77,571,gas pump,0.5198054909706116,True,21878,12698,1.7229484958261143,37.816637962470224,0.9604397556911639
imagenette,data/imagenette2-320/val/n03425413/n03425413_17961.JPEG,n03425413,571,gas pump,webp,77,571,gas pump,0.6806387901306152,True,22361,15590,1.434316869788326,37.38836999511935,0.9562130654138584
imagenette,data/imagenette2-320/val/n03425413/n03425413_17980.JPEG,n03425413,571,gas pump,webp,77,571,gas pump,0.3085561990737915,True,16787,12112,1.3859808454425364,36.18030903361242,0.9677343750608732
imagenette,data/imagenette2-320/val/n03425413/n03425413_18040.JPEG,n03425413,571,gas pump,webp,77,571,gas pump,0.5792853832244873,True,33671,27840,1.2094468390804598,35.47210058153596,0.9568569135403285
imagenette,data/imagenette2-320/val/n03425413/n03425413_18132.JPEG,n03425413,571,gas pump,webp,77,571,gas pump,0.42048102617263794,True,31414,24136,1.3015412661584356,35.96533541544638,0.9679877957891257
imagenette,data/imagenette2-320/val/n03425413/n03425413_18191.JPEG,n03425413,571,gas pump,webp,77,571,gas pump,0.28193846344947815,True,31268,23832,1.3120174555219872,36.38175669153937,0.9650566416412528
imagenette,data/imagenette2-320/val/n03425413/n03425413_18252.JPEG,n03425413,571,gas pump,webp,77,571,gas pump,0.7130998969078064,True,30364,25308,1.1997787260945156,35.823973741532974,0.9687421583804654
imagenette,data/imagenette2-320/val/n03425413/n03425413_18330.JPEG,n03425413,571,gas pump,webp,77,571,gas pump,0.9272657632827759,True,24912,18980,1.3125395152792414,35.97033710149529,0.9629388860766838
imagenette,data/imagenette2-320/val/n03425413/n03425413_18360.JPEG,n03425413,571,gas pump,webp,77,571,gas pump,0.6507863402366638,True,23279,16946,1.3737165112710965,37.17973877929055,0.9672004434713375
imagenette,data/imagenette2-320/val/n03425413/n03425413_18382.JPEG,n03425413,571,gas pump,webp,77,571,gas pump,0.3483765125274658,True,31468,26936,1.1682506682506681,35.59990324936247,0.9654230363384958
imagenette,data/imagenette2-320/val/n03425413/n03425413_18390.JPEG,n03425413,571,gas pump,webp,77,571,gas pump,0.30694910883903503,True,21650,15628,1.385334015868953,36.85192604155675,0.9761597064304733
imagenette,data/imagenette2-320/val/n03425413/n03425413_18430.JPEG,n03425413,571,gas pump,webp,77,571,gas pump,0.7803479433059692,True,21712,15110,1.4369291859695565,37.40088416952713,0.9528972051600718
imagenette,data/imagenette2-320/val/n03425413/n03425413_18562.JPEG,n03425413,571,gas pump,webp,77,571,gas pump,0.23507823050022125,True,34812,26120,1.332771822358346,35.929404273038536,0.9548158952822767
imagenette,data/imagenette2-320/val/n03425413/n03425413_18571.JPEG,n03425413,571,gas pump,webp,77,571,gas pump,0.5510610342025757,True,35261,28822,1.2234057317327043,35.90474555474107,0.9678609646725006
imagenette,data/imagenette2-320/val/n03425413/n03425413_18750.JPEG,n03425413,571,gas pump,webp,77,571,gas pump,0.5100774765014648,True,23827,16818,1.4167558568200738,36.867642599032564,0.9562026355720307
imagenette,data/imagenette2-320/val/n03425413/n03425413_18752.JPEG,n03425413,571,gas pump,webp,77,571,gas pump,0.3990717828273773,True,21184,15250,1.3891147540983606,37.28891014291566,0.9630636022771176
imagenette,data/imagenette2-320/val/n03425413/n03425413_18830.JPEG,n03425413,571,gas pump,webp,77,919,street sign,0.36042529344558716,False,26062,20012,1.3023186088346992,36.57757319471248,0.9615131734115411
imagenette,data/imagenette2-320/val/n03425413/n03425413_18871.JPEG,n03425413,571,gas pump,webp,77,571,gas pump,0.4618340730667114,True,29790,24460,1.2179067865903517,35.75904699585928,0.9635137221132192
imagenette,data/imagenette2-320/val/n03425413/n03425413_18910.JPEG,n03425413,571,gas pump,webp,77,571,gas pump,0.2363249957561493,True,25656,18546,1.3833710773212553,36.49456059753683,0.9662318874092938
imagenette,data/imagenette2-320/val/n03425413/n03425413_18942.JPEG,n03425413,571,gas pump,webp,77,571,gas pump,0.4207186698913574,True,26704,21566,1.238245386256144,36.322047130196594,0.9663751183277457
imagenette,data/imagenette2-320/val/n03425413/n03425413_18981.JPEG,n03425413,571,gas pump,webp,77,571,gas pump,0.5997540950775146,True,23380,16298,1.4345318443980857,36.70171768455166,0.9698686391936372
imagenette,data/imagenette2-320/val/n03425413/n03425413_19020.JPEG,n03425413,571,gas pump,webp,77,860,tobacco shop,0.37708064913749695,False,35256,30014,1.1746518291463983,34.03489772672961,0.9633510611710129
imagenette,data/imagenette2-320/val/n03425413/n03425413_19050.JPEG,n03425413,571,gas pump,webp,77,866,tractor,0.1469568908214569,False,39794,37136,1.071574752261956,34.38082595794298,0.968683275095176
imagenette,data/imagenette2-320/val/n03425413/n03425413_19060.JPEG,n03425413,571,gas pump,webp,77,571,gas pump,0.6506965756416321,True,19103,12526,1.5250678588535846,37.16717978795372,0.9661248814327063
imagenette,data/imagenette2-320/val/n03425413/n03425413_19092.JPEG,n03425413,571,gas pump,webp,77,571,gas pump,0.7300631999969482,True,19377,12302,1.5751097382539425,37.705868659434465,0.9398390246272083
imagenette,data/imagenette2-320/val/n03425413/n03425413_19102.JPEG,n03425413,571,gas pump,webp,77,571,gas pump,0.5386015772819519,True,17697,12870,1.3750582750582752,37.549646216075175,0.9595890019061682
imagenette,data/imagenette2-320/val/n03425413/n03425413_1911.JPEG,n03425413,571,gas pump,webp,77,571,gas pump,0.7854031324386597,True,22310,16010,1.3935040599625235,36.90923875628256,0.9661623803862813
imagenette,data/imagenette2-320/val/n03425413/n03425413_19131.JPEG,n03425413,571,gas pump,webp,77,571,gas pump,0.10790051519870758,True,30990,25946,1.1944037616588299,35.26107345486456,0.9651143628190834
imagenette,data/imagenette2-320/val/n03425413/n03425413_19221.JPEG,n03425413,571,gas pump,webp,77,571,gas pump,0.43027275800704956,True,24300,18032,1.3476042590949424,36.8762996038694,0.9532638450796663
imagenette,data/imagenette2-320/val/n03425413/n03425413_19250.JPEG,n03425413,571,gas pump,webp,77,571,gas pump,0.44076237082481384,True,31021,23692,1.3093449265574877,35.84507469836901,0.9586581221330128
imagenette,data/imagenette2-320/val/n03425413/n03425413_19251.JPEG,n03425413,571,gas pump,webp,77,571,gas pump,0.1865486055612564,True,23836,18202,1.309526425667509,37.96487034054,0.964049184846854
imagenette,data/imagenette2-320/val/n03425413/n03425413_19261.JPEG,n03425413,571,gas pump,webp,77,571,gas pump,0.4448370039463043,True,31423,24092,1.3042918811223643,35.37295188322776,0.9559445304963643
imagenette,data/imagenette2-320/val/n03425413/n03425413_19271.JPEG,n03425413,571,gas pump,webp,77,571,gas pump,0.5123224258422852,True,24504,19072,1.2848154362416107,38.17576003748509,0.9704559076636802
imagenette,data/imagenette2-320/val/n03425413/n03425413_19282.JPEG,n03425413,571,gas pump,webp,77,571,gas pump,0.3706209361553192,True,22819,15396,1.482138217718888,36.634081007361445,0.9504484199951305
imagenette,data/imagenette2-320/val/n03425413/n03425413_1932.JPEG,n03425413,571,gas pump,webp,77,571,gas pump,0.5271583795547485,True,35200,31674,1.1113215886847256,35.07549075727493,0.970971548813556
imagenette,data/imagenette2-320/val/n03425413/n03425413_19350.JPEG,n03425413,571,gas pump,webp,77,571,gas pump,0.34046944975852966,True,28014,21524,1.3015238803196432,36.09694938271091,0.9548933515436117
imagenette,data/imagenette2-320/val/n03425413/n03425413_19401.JPEG,n03425413,571,gas pump,webp,77,571,gas pump,0.3436269164085388,True,25642,18806,1.3635010103158567,36.61738780206403,0.9654293493022559
imagenette,data/imagenette2-320/val/n03425413/n03425413_19580.JPEG,n03425413,571,gas pump,webp,77,571,gas pump,0.45745497941970825,True,38896,34170,1.1383084577114428,34.65081046447119,0.9709233216225776
imagenette,data/imagenette2-320/val/n03425413/n03425413_19611.JPEG,n03425413,571,gas pump,webp,77,571,gas pump,0.6170564889907837,True,30495,19986,1.5258180726508557,37.82729543026519,0.9531679713946858
imagenette,data/imagenette2-320/val/n03425413/n03425413_19760.JPEG,n03425413,571,gas pump,webp,77,571,gas pump,0.2634989321231842,True,23704,17546,1.350963182491736,37.12927738433892,0.9540384399681888
imagenette,data/imagenette2-320/val/n03425413/n03425413_19901.JPEG,n03425413,571,gas pump,webp,77,571,gas pump,0.30391326546669006,True,31384,27020,1.1615099925980754,35.670892953958145,0.964961636375651
imagenette,data/imagenette2-320/val/n03425413/n03425413_20042.JPEG,n03425413,571,gas pump,webp,77,571,gas pump,0.7656517028808594,True,46701,46140,1.0121586475942783,33.841431900988916,0.9801487929854059
imagenette,data/imagenette2-320/val/n03425413/n03425413_20121.JPEG,n03425413,571,gas pump,webp,77,571,gas pump,0.5935901403427124,True,25664,19334,1.327402503361953,36.718681148425304,0.9704289124745714
imagenette,data/imagenette2-320/val/n03425413/n03425413_20122.JPEG,n03425413,571,gas pump,webp,77,571,gas pump,0.4466773271560669,True,37611,35772,1.051408923180141,35.079934899826675,0.9675712140932702
imagenette,data/imagenette2-320/val/n03425413/n03425413_20130.JPEG,n03425413,571,gas pump,webp,77,62,rock python,0.04437840357422829,False,34478,27092,1.2726266056400413,36.07249360231844,0.9776663511861999
imagenette,data/imagenette2-320/val/n03425413/n03425413_20210.JPEG,n03425413,571,gas pump,webp,77,571,gas pump,0.4272647798061371,True,31528,26870,1.1733531819873464,35.18309853986529,0.9662075953894275
imagenette,data/imagenette2-320/val/n03425413/n03425413_20262.JPEG,n03425413,571,gas pump,webp,77,571,gas pump,0.33223724365234375,True,24666,17094,1.442962442962443,36.622960035400276,0.9564194386329102
imagenette,data/imagenette2-320/val/n03425413/n03425413_20301.JPEG,n03425413,571,gas pump,webp,77,571,gas pump,0.4001496732234955,True,42850,40650,1.054120541205412,34.14575253637307,0.9743750205557619
imagenette,data/imagenette2-320/val/n03425413/n03425413_20312.JPEG,n03425413,571,gas pump,webp,77,571,gas pump,0.23405475914478302,True,32148,24728,1.3000647039792947,35.399512207050414,0.9667132363090074
imagenette,data/imagenette2-320/val/n03425413/n03425413_20360.JPEG,n03425413,571,gas pump,webp,77,571,gas pump,0.4517771005630493,True,39253,35492,1.1059675419812915,36.16656186972015,0.9785613965427004
imagenette,data/imagenette2-320/val/n03425413/n03425413_20371.JPEG,n03425413,571,gas pump,webp,77,571,gas pump,0.7758947014808655,True,27646,20720,1.3342664092664092,37.0914224782053,0.9631995866607106
imagenette,data/imagenette2-320/val/n03425413/n03425413_20500.JPEG,n03425413,571,gas pump,webp,77,571,gas pump,0.5158807635307312,True,29200,24112,1.2110152621101526,35.68598946227777,0.9570340382324906
imagenette,data/imagenette2-320/val/n03425413/n03425413_20530.JPEG,n03425413,571,gas pump,webp,77,571,gas pump,0.3111061453819275,True,28954,24956,1.1602019554415772,35.04488277101866,0.9547855469438172
imagenette,data/imagenette2-320/val/n03425413/n03425413_20562.JPEG,n03425413,571,gas pump,webp,77,571,gas pump,0.7787821888923645,True,27325,21450,1.2738927738927739,35.76132521468302,0.9612845024777804
imagenette,data/imagenette2-320/val/n03425413/n03425413_20651.JPEG,n03425413,571,gas pump,webp,77,571,gas pump,0.548894464969635,True,26142,19204,1.361278900229119,36.560360196390796,0.9611937006063146
imagenette,data/imagenette2-320/val/n03425413/n03425413_20680.JPEG,n03425413,571,gas pump,webp,77,571,gas pump,0.45706966519355774,True,32926,27976,1.1769373748927652,35.67649338023007,0.9716746368454565
imagenette,data/imagenette2-320/val/n03425413/n03425413_20690.JPEG,n03425413,571,gas pump,webp,77,571,gas pump,0.47741377353668213,True,38418,31466,1.2209368842560224,33.90428650765444,0.9648119137293457
imagenette,data/imagenette2-320/val/n03425413/n03425413_20691.JPEG,n03425413,571,gas pump,webp,77,571,gas pump,0.35145053267478943,True,35413,31358,1.1293130939473182,34.91145964049531,0.9617854480215168
imagenette,data/imagenette2-320/val/n03425413/n03425413_20700.JPEG,n03425413,571,gas pump,webp,77,571,gas pump,0.5899770855903625,True,32723,29572,1.1065534965507913,35.0326307756868,0.9692344504029434
imagenette,data/imagenette2-320/val/n03425413/n03425413_20711.JPEG,n03425413,571,gas pump,webp,77,571,gas pump,0.27119046449661255,True,24830,19794,1.254420531474184,36.3942608954095,0.9605181685537048
imagenette,data/imagenette2-320/val/n03425413/n03425413_20741.JPEG,n03425413,571,gas pump,webp,77,571,gas pump,0.24862870573997498,True,26106,19726,1.3234310047652844,36.079391887801684,0.9591623235265745
imagenette,data/imagenette2-320/val/n03425413/n03425413_20742.JPEG,n03425413,571,gas pump,webp,77,865,toyshop,0.16974106431007385,False,47816,43756,1.0927872748880154,32.29377080167194,0.9666170883030553
imagenette,data/imagenette2-320/val/n03425413/n03425413_20751.JPEG,n03425413,571,gas pump,webp,77,571,gas pump,0.4010581374168396,True,28486,16518,1.7245429228720184,37.25277402114013,0.9697814321109854
imagenette,data/imagenette2-320/val/n03425413/n03425413_20872.JPEG,n03425413,571,gas pump,webp,77,571,gas pump,0.6369116902351379,True,55225,55130,1.0017231997097769,33.98291014425743,0.9857831238349032
imagenette,data/imagenette2-320/val/n03425413/n03425413_20892.JPEG,n03425413,571,gas pump,webp,77,571,gas pump,0.436599999666214,True,29413,20284,1.450059159929008,36.469044941495376,0.9774193483648238
imagenette,data/imagenette2-320/val/n03425413/n03425413_20992.JPEG,n03425413,571,gas pump,webp,77,571,gas pump,0.640544593334198,True,30697,27462,1.1177991406306897,34.7863534643878,0.9740738921302219
imagenette,data/imagenette2-320/val/n03425413/n03425413_21032.JPEG,n03425413,571,gas pump,webp,77,571,gas pump,0.38862064480781555,True,19163,12716,1.5069990563070148,37.96555387853879,0.9622599334351941
imagenette,data/imagenette2-320/val/n03425413/n03425413_21040.JPEG,n03425413,571,gas pump,webp,77,571,gas pump,0.6258978843688965,True,38395,31388,1.2232381801962533,34.69117138632236,0.9778910122736052
imagenette,data/imagenette2-320/val/n03425413/n03425413_21051.JPEG,n03425413,571,gas pump,webp,77,571,gas pump,0.3979276716709137,True,17070,9902,1.723894162795395,38.10442015311337,0.9539388230312897
imagenette,data/imagenette2-320/val/n03425413/n03425413_21151.JPEG,n03425413,571,gas pump,webp,77,571,gas pump,0.4709504544734955,True,26694,21462,1.2437797036622869,36.43816443895914,0.9546583016442981
imagenette,data/imagenette2-320/val/n03425413/n03425413_21162.JPEG,n03425413,571,gas pump,webp,77,571,gas pump,0.8081863522529602,True,19920,14010,1.4218415417558887,37.45624222563848,0.9649964857179115
imagenette,data/imagenette2-320/val/n03425413/n03425413_21180.JPEG,n03425413,571,gas pump,webp,77,571,gas pump,0.3620406985282898,True,21062,14242,1.4788653279033843,37.01668460359094,0.9698777405599914
imagenette,data/imagenette2-320/val/n03425413/n03425413_212.JPEG,n03425413,571,gas pump,webp,77,571,gas pump,0.3452436625957489,True,29296,21314,1.3744956366707328,35.77928485816563,0.9681724908189459
imagenette,data/imagenette2-320/val/n03425413/n03425413_21202.JPEG,n03425413,571,gas pump,webp,77,571,gas pump,0.3741905391216278,True,31874,26108,1.220851846177417,35.377426415070346,0.9719689938698997
imagenette,data/imagenette2-320/val/n03425413/n03425413_21211.JPEG,n03425413,571,gas pump,webp,77,571,gas pump,0.23769927024841309,True,31467,25688,1.2249688570538773,35.65969448370524,0.9777949614973096
imagenette,data/imagenette2-320/val/n03425413/n03425413_21270.JPEG,n03425413,571,gas pump,webp,77,571,gas pump,0.4713705778121948,True,32581,28136,1.1579826556724482,35.636853332621314,0.9680697315282093
imagenette,data/imagenette2-320/val/n03425413/n03425413_21282.JPEG,n03425413,571,gas pump,webp,77,571,gas pump,0.45183882117271423,True,25923,18992,1.3649431339511373,36.05251673379528,0.9569723908489615
imagenette,data/imagenette2-320/val/n03425413/n03425413_21301.JPEG,n03425413,571,gas pump,webp,77,571,gas pump,0.7416844367980957,True,33513,27440,1.2213192419825072,35.42826113041365,0.9723560605406942
imagenette,data/imagenette2-320/val/n03425413/n03425413_21332.JPEG,n03425413,571,gas pump,webp,77,571,gas pump,0.5910097360610962,True,28688,21826,1.3143956748831669,35.992917128759885,0.9628500451080789
imagenette,data/imagenette2-320/val/n03425413/n03425413_21341.JPEG,n03425413,571,gas pump,webp,77,571,gas pump,0.6567226052284241,True,34362,27798,1.2361320958342328,35.32153205530777,0.9637826327997615
imagenette,data/imagenette2-320/val/n03425413/n03425413_21350.JPEG,n03425413,571,gas pump,webp,77,571,gas pump,0.38395267724990845,True,26849,21092,1.2729470889436754,36.0690136983659,0.9626818151215333
imagenette,data/imagenette2-320/val/n03425413/n03425413_21352.JPEG,n03425413,571,gas pump,webp,77,571,gas pump,0.45198163390159607,True,32510,25304,1.2847771103382863,35.50473198549882,0.9708200037106202
imagenette,data/imagenette2-320/val/n03425413/n03425413_21362.JPEG,n03425413,571,gas pump,webp,77,571,gas pump,0.3443453311920166,True,20830,14000,1.4878571428571428,37.504101197539974,0.956527185808388
imagenette,data/imagenette2-320/val/n03425413/n03425413_2141.JPEG,n03425413,571,gas pump,webp,77,571,gas pump,0.6044175624847412,True,57474,53298,1.0783519081391422,33.81815784615327,0.9751540760224265
imagenette,data/imagenette2-320/val/n03425413/n03425413_2151.JPEG,n03425413,571,gas pump,webp,77,571,gas pump,0.599181592464447,True,24472,17020,1.4378378378378378,36.278055973198484,0.9623290618753976
imagenette,data/imagenette2-320/val/n03425413/n03425413_21562.JPEG,n03425413,571,gas pump,webp,77,571,gas pump,0.7611424922943115,True,25641,18418,1.3921707025735692,36.498419431056874,0.9611067761512156
imagenette,data/imagenette2-320/val/n03425413/n03425413_21591.JPEG,n03425413,571,gas pump,webp,77,571,gas pump,0.4759991466999054,True,37197,34400,1.0813081395348838,34.615363305633295,0.9679656969874944
imagenette,data/imagenette2-320/val/n03425413/n03425413_21592.JPEG,n03425413,571,gas pump,webp,77,571,gas pump,0.5104706883430481,True,26822,20696,1.2959992269037495,35.78250150459699,0.9540740844119634
imagenette,data/imagenette2-320/val/n03425413/n03425413_2170.JPEG,n03425413,571,gas pump,webp,77,571,gas pump,0.20548281073570251,True,23355,14560,1.6040521978021978,37.65155762453409,0.9720073710190266
imagenette,data/imagenette2-320/val/n03425413/n03425413_21730.JPEG,n03425413,571,gas pump,webp,77,571,gas pump,0.6429257392883301,True,29506,22500,1.3113777777777778,36.66986592397697,0.9597510589157844
imagenette,data/imagenette2-320/val/n03425413/n03425413_21880.JPEG,n03425413,571,gas pump,webp,77,571,gas pump,0.13471360504627228,True,31071,19984,1.5547938350680544,35.42218062052185,0.9579920128685062
imagenette,data/imagenette2-320/val/n03425413/n03425413_21911.JPEG,n03425413,571,gas pump,webp,77,571,gas pump,0.6999031901359558,True,40411,37534,1.076650503543454,34.719943145408614,0.9775872034410008
imagenette,data/imagenette2-320/val/n03425413/n03425413_22071.JPEG,n03425413,571,gas pump,webp,77,571,gas pump,0.24560223519802094,True,45149,41242,1.0947335240773968,33.58258930403248,0.9689618131685528
imagenette,data/imagenette2-320/val/n03425413/n03425413_22092.JPEG,n03425413,571,gas pump,webp,77,571,gas pump,0.6162416338920593,True,34251,29806,1.1491310474401126,35.71601438606541,0.9736288317223786
imagenette,data/imagenette2-320/val/n03425413/n03425413_2210.JPEG,n03425413,571,gas pump,webp,77,571,gas pump,0.3778751790523529,True,26810,19960,1.343186372745491,36.239464094608145,0.960067679107126
imagenette,data/imagenette2-320/val/n03425413/n03425413_2300.JPEG,n03425413,571,gas pump,webp,77,571,gas pump,0.8370679616928101,True,25091,16920,1.482919621749409,36.08430739621129,0.9595576721979091
imagenette,data/imagenette2-320/val/n03425413/n03425413_2311.JPEG,n03425413,571,gas pump,webp,77,571,gas pump,0.4682622253894806,True,25493,19312,1.3200600662800333,36.452792061055256,0.9517295198757886
imagenette,data/imagenette2-320/val/n03425413/n03425413_23251.JPEG,n03425413,571,gas pump,webp,77,571,gas pump,0.39713865518569946,True,29273,22750,1.2867252747252746,36.5809054242044,0.9686690042765159
imagenette,data/imagenette2-320/val/n03425413/n03425413_23312.JPEG,n03425413,571,gas pump,webp,77,571,gas pump,0.1468145102262497,True,37409,33318,1.1227864817816195,35.55742337819916,0.9752263890096704
imagenette,data/imagenette2-320/val/n03425413/n03425413_23321.JPEG,n03425413,571,gas pump,webp,77,571,gas pump,0.39756113290786743,True,24089,17346,1.3887351550789808,37.02106461031016,0.9643530347643902
imagenette,data/imagenette2-320/val/n03425413/n03425413_23451.JPEG,n03425413,571,gas pump,webp,77,571,gas pump,0.4274187684059143,True,36486,30346,1.2023330916760033,35.346713075090605,0.9707780714860084
imagenette,data/imagenette2-320/val/n03425413/n03425413_2361.JPEG,n03425413,571,gas pump,webp,77,571,gas pump,0.5709260106086731,True,27433,21206,1.2936433084975951,35.938259327245405,0.9421585288354829
imagenette,data/imagenette2-320/val/n03425413/n03425413_2390.JPEG,n03425413,571,gas pump,webp,77,571,gas pump,0.6813594698905945,True,33443,26730,1.251141040029929,34.9906332234288,0.961768230709844
imagenette,data/imagenette2-320/val/n03425413/n03425413_23912.JPEG,n03425413,571,gas pump,webp,77,571,gas pump,0.349616676568985,True,18541,11612,1.5967102996899758,38.31278962255674,0.9661004115773939
imagenette,data/imagenette2-320/val/n03425413/n03425413_241.JPEG,n03425413,571,gas pump,webp,77,571,gas pump,0.6242434978485107,True,21729,15716,1.3826037159582591,37.45812647620895,0.9583232559369214
imagenette,data/imagenette2-320/val/n03425413/n03425413_24352.JPEG,n03425413,571,gas pump,webp,77,571,gas pump,0.39418867230415344,True,24218,17562,1.3790001138822459,36.472205804367086,0.962294000125422
imagenette,data/imagenette2-320/val/n03425413/n03425413_24461.JPEG,n03425413,571,gas pump,webp,77,571,gas pump,0.6421758532524109,True,21670,14370,1.5080027835768963,37.239771128679216,0.964377933926747
imagenette,data/imagenette2-320/val/n03425413/n03425413_24522.JPEG,n03425413,571,gas pump,webp,77,571,gas pump,0.46085119247436523,True,34419,29110,1.1823771899690827,35.807185797436745,0.9668258731599546
imagenette,data/imagenette2-320/val/n03425413/n03425413_24552.JPEG,n03425413,571,gas pump,webp,77,571,gas pump,0.3379009962081909,True,34189,27792,1.2301741508347726,34.881557079729305,0.9516158483080085
imagenette,data/imagenette2-320/val/n03425413/n03425413_24881.JPEG,n03425413,571,gas pump,webp,77,571,gas pump,0.46537041664123535,True,17884,11458,1.5608308605341246,37.444178420789605,0.9662776712382337
imagenette,data/imagenette2-320/val/n03425413/n03425413_251.JPEG,n03425413,571,gas pump,webp,77,661,Model T,0.31635427474975586,False,31103,27102,1.147627481366689,36.714954787757826,0.9734829082181967
imagenette,data/imagenette2-320/val/n03425413/n03425413_25410.JPEG,n03425413,571,gas pump,webp,77,571,gas pump,0.6481731534004211,True,37419,32912,1.1369409333981526,35.00915455913423,0.965924253565411
imagenette,data/imagenette2-320/val/n03425413/n03425413_2590.JPEG,n03425413,571,gas pump,webp,77,571,gas pump,0.6312495470046997,True,27258,19606,1.390288687136591,37.08843106353819,0.9721366041635991
imagenette,data/imagenette2-320/val/n03425413/n03425413_260.JPEG,n03425413,571,gas pump,webp,77,571,gas pump,0.5287075042724609,True,19932,13098,1.521759047182776,37.55626624191954,0.9568618377395888
imagenette,data/imagenette2-320/val/n03425413/n03425413_26470.JPEG,n03425413,571,gas pump,webp,77,571,gas pump,0.6539038419723511,True,22412,14844,1.5098356238210724,37.55696916618112,0.9584847557994928
imagenette,data/imagenette2-320/val/n03425413/n03425413_26601.JPEG,n03425413,571,gas pump,webp,77,856,thresher,0.11403495073318481,False,26261,19070,1.3770844257996853,35.43309656615139,0.9548990107125928
imagenette,data/imagenette2-320/val/n03425413/n03425413_2671.JPEG,n03425413,571,gas pump,webp,77,571,gas pump,0.9792565107345581,True,21192,13936,1.5206659012629162,37.35995692588259,0.9459191364994087
imagenette,data/imagenette2-320/val/n03425413/n03425413_2681.JPEG,n03425413,571,gas pump,webp,77,571,gas pump,0.5172195434570312,True,25248,17916,1.4092431346282652,36.32755566716695,0.9550321928346159
imagenette,data/imagenette2-320/val/n03425413/n03425413_27000.JPEG,n03425413,571,gas pump,webp,77,571,gas pump,0.5564005970954895,True,22778,15306,1.488174572063243,36.748103333297,0.9565787871404821
imagenette,data/imagenette2-320/val/n03425413/n03425413_27010.JPEG,n03425413,571,gas pump,webp,77,571,gas pump,0.24873919785022736,True,30537,21966,1.3901939360830373,36.8183907858707,0.9657864441319045
imagenette,data/imagenette2-320/val/n03425413/n03425413_27052.JPEG,n03425413,571,gas pump,webp,77,571,gas pump,0.5991590619087219,True,22483,16362,1.3740985209632075,38.265583096433964,0.9659014394256804
imagenette,data/imagenette2-320/val/n03425413/n03425413_27300.JPEG,n03425413,571,gas pump,webp,77,571,gas pump,0.5681069493293762,True,21724,14596,1.4883529734173746,36.97145201470528,0.9639058761074026
imagenette,data/imagenette2-320/val/n03425413/n03425413_27392.JPEG,n03425413,571,gas pump,webp,77,571,gas pump,0.5239968299865723,True,27965,19110,1.4633699633699633,36.5523831867868,0.957393633114353
imagenette,data/imagenette2-320/val/n03425413/n03425413_27462.JPEG,n03425413,571,gas pump,webp,77,571,gas pump,0.40032926201820374,True,24507,15252,1.6068056648308418,37.74010475087033,0.9765934011297582
imagenette,data/imagenette2-320/val/n03425413/n03425413_27571.JPEG,n03425413,571,gas pump,webp,77,571,gas pump,0.4032987356185913,True,32211,25038,1.2864845434938892,36.102683099483095,0.9634154390452826
imagenette,data/imagenette2-320/val/n03425413/n03425413_27810.JPEG,n03425413,571,gas pump,webp,77,571,gas pump,0.7622952461242676,True,27054,19912,1.3586781840096425,36.68610457504729,0.9657596361626615
imagenette,data/imagenette2-320/val/n03425413/n03425413_28350.JPEG,n03425413,571,gas pump,webp,77,571,gas pump,0.6823419332504272,True,20834,13908,1.4979867702041991,36.86459853598331,0.9626985214002167
imagenette,data/imagenette2-320/val/n03425413/n03425413_2840.JPEG,n03425413,571,gas pump,webp,77,571,gas pump,0.4223954379558563,True,19675,12498,1.574251880300848,37.755725194405315,0.9541394041714351
imagenette,data/imagenette2-320/val/n03425413/n03425413_28542.JPEG,n03425413,571,gas pump,webp,77,571,gas pump,0.3804420828819275,True,39953,35376,1.1293815015829942,34.77999143855273,0.9714226535933485
imagenette,data/imagenette2-320/val/n03425413/n03425413_28881.JPEG,n03425413,571,gas pump,webp,77,571,gas pump,0.5535829067230225,True,38843,35244,1.1021166723413915,34.85759258484988,0.9754647147866509
imagenette,data/imagenette2-320/val/n03425413/n03425413_29331.JPEG,n03425413,571,gas pump,webp,77,686,oil filter,0.291022926568985,False,21078,13998,1.505786540934419,37.416651417284314,0.9549915654287154
imagenette,data/imagenette2-320/val/n03425413/n03425413_2951.JPEG,n03425413,571,gas pump,webp,77,571,gas pump,0.501347541809082,True,29372,20456,1.4358623386781384,36.635442336658556,0.9555782421269873
imagenette,data/imagenette2-320/val/n03425413/n03425413_29642.JPEG,n03425413,571,gas pump,webp,77,571,gas pump,0.4858878552913666,True,28894,23496,1.2297412325502213,35.88593603460475,0.9617118984465818
imagenette,data/imagenette2-320/val/n03425413/n03425413_29761.JPEG,n03425413,571,gas pump,webp,77,571,gas pump,0.5427420139312744,True,27103,18762,1.4445688092953843,36.77585157793817,0.94658491722927
imagenette,data/imagenette2-320/val/n03425413/n03425413_3021.JPEG,n03425413,571,gas pump,webp,77,571,gas pump,0.4811909794807434,True,28968,23194,1.2489436923342243,35.59561304982007,0.9473431895262663
imagenette,data/imagenette2-320/val/n03425413/n03425413_31111.JPEG,n03425413,571,gas pump,webp,77,571,gas pump,0.6614874601364136,True,34470,29574,1.165550821667681,34.8418937889934,0.962563708079224
imagenette,data/imagenette2-320/val/n03425413/n03425413_31710.JPEG,n03425413,571,gas pump,webp,77,571,gas pump,0.5351818203926086,True,44549,38824,1.1474603338141356,34.308385892572645,0.9728286122416406
imagenette,data/imagenette2-320/val/n03425413/n03425413_31961.JPEG,n03425413,571,gas pump,webp,77,571,gas pump,0.8553513884544373,True,15977,10332,1.5463608207510646,37.703170403583755,0.9609473686754934
imagenette,data/imagenette2-320/val/n03425413/n03425413_3240.JPEG,n03425413,571,gas pump,webp,77,571,gas pump,0.36019524931907654,True,29865,20702,1.442614240170032,36.76431997576573,0.9510348938592491
imagenette,data/imagenette2-320/val/n03425413/n03425413_3241.JPEG,n03425413,571,gas pump,webp,77,571,gas pump,0.4254065454006195,True,17670,11210,1.576271186440678,38.35001813757303,0.9721981241692608
imagenette,data/imagenette2-320/val/n03425413/n03425413_3260.JPEG,n03425413,571,gas pump,webp,77,571,gas pump,0.338900089263916,True,31091,18962,1.6396477164856027,37.46826427003291,0.9723083186001006
imagenette,data/imagenette2-320/val/n03425413/n03425413_32871.JPEG,n03425413,571,gas pump,webp,77,571,gas pump,0.5966669321060181,True,29438,22682,1.2978573318049555,36.247135951573306,0.9699203921911654
imagenette,data/imagenette2-320/val/n03425413/n03425413_33031.JPEG,n03425413,571,gas pump,webp,77,571,gas pump,0.8495568633079529,True,20207,12134,1.6653205867809462,38.14892471283517,0.9642060705563669
imagenette,data/imagenette2-320/val/n03425413/n03425413_3471.JPEG,n03425413,571,gas pump,webp,77,571,gas pump,0.7085990309715271,True,35643,34328,1.0383069214635283,35.10731564547853,0.9755532608988321
imagenette,data/imagenette2-320/val/n03425413/n03425413_3602.JPEG,n03425413,571,gas pump,webp,77,571,gas pump,0.21674497425556183,True,35837,28712,1.2481540819169685,35.60845752112935,0.9692154845146081
imagenette,data/imagenette2-320/val/n03425413/n03425413_4012.JPEG,n03425413,571,gas pump,webp,77,571,gas pump,0.23892512917518616,True,35311,31932,1.1058186145559314,34.79104651240219,0.9654687396358135
imagenette,data/imagenette2-320/val/n03425413/n03425413_4130.JPEG,n03425413,571,gas pump,webp,77,571,gas pump,0.43465614318847656,True,28650,23154,1.2373671935734647,35.97275735873987,0.9712643656133141
imagenette,data/imagenette2-320/val/n03425413/n03425413_430.JPEG,n03425413,571,gas pump,webp,77,571,gas pump,0.7525169849395752,True,18440,10902,1.691432764630343,39.435434704521114,0.9739843341593458
imagenette,data/imagenette2-320/val/n03425413/n03425413_4400.JPEG,n03425413,571,gas pump,webp,77,571,gas pump,0.43531545996665955,True,27798,21096,1.3176905574516495,35.96083512673267,0.9596414924363158
imagenette,data/imagenette2-320/val/n03425413/n03425413_4511.JPEG,n03425413,571,gas pump,webp,77,571,gas pump,0.23589421808719635,True,28047,21328,1.3150318829707426,35.93444136592389,0.9644676837479609
imagenette,data/imagenette2-320/val/n03425413/n03425413_4532.JPEG,n03425413,571,gas pump,webp,77,571,gas pump,0.29001694917678833,True,34924,31588,1.1056097252121058,35.14313476272919,0.9648334344377935
imagenette,data/imagenette2-320/val/n03425413/n03425413_4661.JPEG,n03425413,571,gas pump,webp,77,571,gas pump,0.5599867105484009,True,14478,7852,1.8438614365766683,37.96963757844644,0.9628901656917522
imagenette,data/imagenette2-320/val/n03425413/n03425413_4750.JPEG,n03425413,571,gas pump,webp,77,571,gas pump,0.3224361836910248,True,39475,38640,1.0216097308488612,34.59156235945236,0.9739834962338937
imagenette,data/imagenette2-320/val/n03425413/n03425413_4792.JPEG,n03425413,571,gas pump,webp,77,571,gas pump,0.4299871325492859,True,32396,25826,1.2543947959420738,35.55016194143997,0.9672383065495155
imagenette,data/imagenette2-320/val/n03425413/n03425413_4802.JPEG,n03425413,571,gas pump,webp,77,571,gas pump,0.4239359498023987,True,12275,7480,1.6410427807486632,38.88317986324205,0.9839201341044111
imagenette,data/imagenette2-320/val/n03425413/n03425413_492.JPEG,n03425413,571,gas pump,webp,77,571,gas pump,0.423319935798645,True,13703,7962,1.7210499874403415,39.05134906255156,0.9739215090882576
imagenette,data/imagenette2-320/val/n03425413/n03425413_5071.JPEG,n03425413,571,gas pump,webp,77,571,gas pump,0.5627368688583374,True,37957,34732,1.0928538523551767,34.164135327827104,0.9669512555552305
imagenette,data/imagenette2-320/val/n03425413/n03425413_5072.JPEG,n03425413,571,gas pump,webp,77,571,gas pump,0.513512372970581,True,36326,33490,1.0846819946252613,34.82071956227613,0.9621231994403251
imagenette,data/imagenette2-320/val/n03425413/n03425413_5092.JPEG,n03425413,571,gas pump,webp,77,571,gas pump,0.5623358488082886,True,31533,20536,1.535498636540709,37.235794622814254,0.9584250209753445
imagenette,data/imagenette2-320/val/n03425413/n03425413_5301.JPEG,n03425413,571,gas pump,webp,77,571,gas pump,0.438364177942276,True,23771,13846,1.716813520150224,38.85237811313545,0.978328698864365
imagenette,data/imagenette2-320/val/n03425413/n03425413_5362.JPEG,n03425413,571,gas pump,webp,77,571,gas pump,0.22390775382518768,True,27886,22852,1.2202870645895327,35.26836920332075,0.965413281073213
imagenette,data/imagenette2-320/val/n03425413/n03425413_5732.JPEG,n03425413,571,gas pump,webp,77,571,gas pump,0.42126700282096863,True,23808,16608,1.4335260115606936,36.860710691241096,0.9634288556275802
imagenette,data/imagenette2-320/val/n03425413/n03425413_602.JPEG,n03425413,571,gas pump,webp,77,571,gas pump,0.7074402570724487,True,22270,14804,1.5043231559038097,37.226592591362,0.9578930919551963
imagenette,data/imagenette2-320/val/n03425413/n03425413_6170.JPEG,n03425413,571,gas pump,webp,77,571,gas pump,0.5130186676979065,True,28023,21582,1.2984431470670004,35.878765914904314,0.9638223411812284
imagenette,data/imagenette2-320/val/n03425413/n03425413_6271.JPEG,n03425413,571,gas pump,webp,77,571,gas pump,0.24772998690605164,True,28609,20686,1.3830126655709176,36.471895855569095,0.962705010977583
imagenette,data/imagenette2-320/val/n03425413/n03425413_6490.JPEG,n03425413,571,gas pump,webp,77,571,gas pump,0.2694670855998993,True,29791,24560,1.212988599348534,34.9071302539841,0.9522382155292964
imagenette,data/imagenette2-320/val/n03425413/n03425413_652.JPEG,n03425413,571,gas pump,webp,77,571,gas pump,0.7204540967941284,True,24390,17026,1.4325149770938566,36.87906492865669,0.9657500687428823
imagenette,data/imagenette2-320/val/n03425413/n03425413_6540.JPEG,n03425413,571,gas pump,webp,77,571,gas pump,0.7132654190063477,True,36939,32776,1.1270136685379546,34.89792645259657,0.969245329660425
imagenette,data/imagenette2-320/val/n03425413/n03425413_6772.JPEG,n03425413,571,gas pump,webp,77,571,gas pump,0.42012012004852295,True,40764,38126,1.0691916277605833,34.20599075400556,0.9600758075501291
imagenette,data/imagenette2-320/val/n03425413/n03425413_6851.JPEG,n03425413,571,gas pump,webp,77,571,gas pump,0.7563815116882324,True,36706,31654,1.1596006823782143,34.46895619490177,0.9669183455418621
imagenette,data/imagenette2-320/val/n03425413/n03425413_6882.JPEG,n03425413,571,gas pump,webp,77,571,gas pump,0.5141086578369141,True,31839,27288,1.1667766051011434,35.30005131574756,0.965429287644021
imagenette,data/imagenette2-320/val/n03425413/n03425413_691.JPEG,n03425413,571,gas pump,webp,77,571,gas pump,0.4221791625022888,True,23658,17632,1.3417649727767695,36.378957480510586,0.9432766152726906
imagenette,data/imagenette2-320/val/n03425413/n03425413_70.JPEG,n03425413,571,gas pump,webp,77,571,gas pump,0.4376499056816101,True,35345,28522,1.239218848608092,35.28038148407297,0.9705363196648363
imagenette,data/imagenette2-320/val/n03425413/n03425413_7022.JPEG,n03425413,571,gas pump,webp,77,571,gas pump,0.3780699670314789,True,22218,17020,1.3054054054054054,37.6112004757732,0.9713956339282022
imagenette,data/imagenette2-320/val/n03425413/n03425413_7091.JPEG,n03425413,571,gas pump,webp,77,571,gas pump,0.5149213075637817,True,22146,15620,1.417797695262484,37.59415778238298,0.9676434899442103
imagenette,data/imagenette2-320/val/n03425413/n03425413_7262.JPEG,n03425413,571,gas pump,webp,77,571,gas pump,0.29823067784309387,True,27904,17838,1.5643009305976006,36.821405951240315,0.9623156611305256
imagenette,data/imagenette2-320/val/n03425413/n03425413_7292.JPEG,n03425413,571,gas pump,webp,77,571,gas pump,0.5382716059684753,True,24013,20014,1.199810132906965,35.43834741158618,0.9635915311675572
imagenette,data/imagenette2-320/val/n03425413/n03425413_732.JPEG,n03425413,571,gas pump,webp,77,571,gas pump,0.5209150314331055,True,22769,17678,1.2879850661839574,36.775005987554714,0.9669243485885554
imagenette,data/imagenette2-320/val/n03425413/n03425413_7320.JPEG,n03425413,571,gas pump,webp,77,571,gas pump,0.2815800905227661,True,37956,32532,1.16672814459609,35.17023323790845,0.9704397323782826
imagenette,data/imagenette2-320/val/n03425413/n03425413_7371.JPEG,n03425413,571,gas pump,webp,77,571,gas pump,0.40850886702537537,True,36942,36452,1.0134423351256447,34.30506679089382,0.9697043593451667
imagenette,data/imagenette2-320/val/n03425413/n03425413_7372.JPEG,n03425413,571,gas pump,webp,77,571,gas pump,0.411185622215271,True,27019,20270,1.3329551060680809,36.77531491937208,0.9668879667432734
imagenette,data/imagenette2-320/val/n03425413/n03425413_7412.JPEG,n03425413,571,gas pump,webp,77,571,gas pump,0.46904441714286804,True,15019,9108,1.648989898989899,39.04129618282642,0.9666266888925502
imagenette,data/imagenette2-320/val/n03425413/n03425413_7471.JPEG,n03425413,571,gas pump,webp,77,571,gas pump,0.33409103751182556,True,33242,26306,1.2636660837831672,35.897793713072204,0.9681719876051559
imagenette,data/imagenette2-320/val/n03425413/n03425413_7582.JPEG,n03425413,571,gas pump,webp,77,571,gas pump,0.5702068209648132,True,29268,18684,1.5664739884393064,35.34726795676027,0.9596432720935217
imagenette,data/imagenette2-320/val/n03425413/n03425413_7730.JPEG,n03425413,571,gas pump,webp,77,571,gas pump,0.6563664674758911,True,23697,16994,1.3944333294103801,36.81358368825046,0.96095900311854
imagenette,data/imagenette2-320/val/n03425413/n03425413_7731.JPEG,n03425413,571,gas pump,webp,77,571,gas pump,0.43276670575141907,True,24790,16698,1.4846089352018206,36.84378813134849,0.9530113680787213
imagenette,data/imagenette2-320/val/n03425413/n03425413_7740.JPEG,n03425413,571,gas pump,webp,77,571,gas pump,0.5210378170013428,True,30862,16118,1.9147536915250032,38.76923475654726,0.9607494205444939
imagenette,data/imagenette2-320/val/n03425413/n03425413_7741.JPEG,n03425413,571,gas pump,webp,77,571,gas pump,0.571729302406311,True,22792,15368,1.4830817282665278,36.861625532488716,0.9646462696657144
imagenette,data/imagenette2-320/val/n03425413/n03425413_7772.JPEG,n03425413,571,gas pump,webp,77,571,gas pump,0.3732479512691498,True,24121,17480,1.3799199084668192,36.7138843870621,0.9623792739502394
imagenette,data/imagenette2-320/val/n03425413/n03425413_7912.JPEG,n03425413,571,gas pump,webp,77,571,gas pump,0.4859243333339691,True,24697,16740,1.4753285543608123,36.16065320716047,0.9676354822616196
imagenette,data/imagenette2-320/val/n03425413/n03425413_8012.JPEG,n03425413,571,gas pump,webp,77,571,gas pump,0.523148775100708,True,21295,13578,1.5683458535866843,36.78312737485076,0.9324089712267365
imagenette,data/imagenette2-320/val/n03425413/n03425413_8062.JPEG,n03425413,571,gas pump,webp,77,571,gas pump,0.29595473408699036,True,35997,30352,1.1859844491302056,34.64605094246862,0.9695976124317528
imagenette,data/imagenette2-320/val/n03425413/n03425413_8302.JPEG,n03425413,571,gas pump,webp,77,571,gas pump,0.5843372941017151,True,50558,50336,1.0044103623649079,33.60157589789209,0.9841007523677913
imagenette,data/imagenette2-320/val/n03425413/n03425413_8390.JPEG,n03425413,571,gas pump,webp,77,475,car mirror,0.27317261695861816,False,17740,11652,1.5224854102300034,38.54414664018776,0.9707566974116512
imagenette,data/imagenette2-320/val/n03425413/n03425413_8412.JPEG,n03425413,571,gas pump,webp,77,454,bookshop,0.1033216118812561,False,39612,33472,1.1834369024856597,34.82592692855155,0.9721312004312339
imagenette,data/imagenette2-320/val/n03425413/n03425413_8420.JPEG,n03425413,571,gas pump,webp,77,571,gas pump,0.6459354758262634,True,21445,14570,1.471859986273164,37.15170379819156,0.9578473867566779
imagenette,data/imagenette2-320/val/n03425413/n03425413_8441.JPEG,n03425413,571,gas pump,webp,77,571,gas pump,0.42138707637786865,True,8243,4396,1.8751137397634212,41.11573369563374,0.9905916911193842
imagenette,data/imagenette2-320/val/n03425413/n03425413_8542.JPEG,n03425413,571,gas pump,webp,77,571,gas pump,0.44330212473869324,True,39964,37052,1.0785922487315125,34.808804669685436,0.9698625013112352
imagenette,data/imagenette2-320/val/n03425413/n03425413_8622.JPEG,n03425413,571,gas pump,webp,77,571,gas pump,0.931506872177124,True,18356,10936,1.6784930504754938,38.57507264386553,0.9658988863107844
imagenette,data/imagenette2-320/val/n03425413/n03425413_8641.JPEG,n03425413,571,gas pump,webp,77,571,gas pump,0.6122076511383057,True,16614,10358,1.6039776018536398,37.247851132405486,0.961349321097955
imagenette,data/imagenette2-320/val/n03425413/n03425413_8660.JPEG,n03425413,571,gas pump,webp,77,571,gas pump,0.4070195257663727,True,29888,25760,1.160248447204969,35.668138388362614,0.9658679205109086
imagenette,data/imagenette2-320/val/n03425413/n03425413_8661.JPEG,n03425413,571,gas pump,webp,77,571,gas pump,0.8588721752166748,True,21928,13830,1.585538684020246,36.694934022417975,0.9426590602512199
imagenette,data/imagenette2-320/val/n03425413/n03425413_8670.JPEG,n03425413,571,gas pump,webp,77,571,gas pump,0.47779905796051025,True,11980,6440,1.860248447204969,38.46584196782602,0.9745306447386367
imagenette,data/imagenette2-320/val/n03425413/n03425413_8761.JPEG,n03425413,571,gas pump,webp,77,571,gas pump,0.5070810317993164,True,22871,16300,1.4031288343558281,36.28786496695822,0.9686328877142238
imagenette,data/imagenette2-320/val/n03425413/n03425413_8801.JPEG,n03425413,571,gas pump,webp,77,571,gas pump,0.6872092485427856,True,18764,11112,1.6886249100071995,37.285049362078986,0.9658312899483182
imagenette,data/imagenette2-320/val/n03425413/n03425413_8901.JPEG,n03425413,571,gas pump,webp,77,571,gas pump,0.4119373857975006,True,30589,24608,1.2430510403120936,35.1115504097083,0.9639847332480725
imagenette,data/imagenette2-320/val/n03425413/n03425413_8992.JPEG,n03425413,571,gas pump,webp,77,571,gas pump,0.7157122492790222,True,18849,11098,1.6984141286718328,37.9302944425589,0.9535913773942699
imagenette,data/imagenette2-320/val/n03425413/n03425413_9051.JPEG,n03425413,571,gas pump,webp,77,571,gas pump,0.2807985842227936,True,26970,21334,1.2641792443986126,36.664218533221714,0.9739520483060624
imagenette,data/imagenette2-320/val/n03425413/n03425413_9241.JPEG,n03425413,571,gas pump,webp,77,571,gas pump,0.33924564719200134,True,31699,26222,1.2088704141560522,36.003538426137965,0.9676925021361927
imagenette,data/imagenette2-320/val/n03425413/n03425413_9391.JPEG,n03425413,571,gas pump,webp,77,571,gas pump,0.5053063035011292,True,31028,25708,1.2069394740936674,35.66937738876496,0.9620616373682891
imagenette,data/imagenette2-320/val/n03425413/n03425413_9421.JPEG,n03425413,571,gas pump,webp,77,571,gas pump,0.41986578702926636,True,31813,26734,1.1899827934465474,35.36495522941767,0.963413557780092
imagenette,data/imagenette2-320/val/n03425413/n03425413_9652.JPEG,n03425413,571,gas pump,webp,77,571,gas pump,0.4503510594367981,True,28784,22612,1.27295241464709,35.972676597155726,0.9640924056594739
imagenette,data/imagenette2-320/val/n03425413/n03425413_9791.JPEG,n03425413,571,gas pump,webp,77,571,gas pump,0.5775571465492249,True,23765,18012,1.3193981789917832,36.54775616064554,0.9545659131553306
imagenette,data/imagenette2-320/val/n03425413/n03425413_9940.JPEG,n03425413,571,gas pump,webp,77,571,gas pump,0.49138256907463074,True,16437,8942,1.8381793782151643,38.944273870593065,0.9633577214633658
imagenette,data/imagenette2-320/val/n03445777/ILSVRC2012_val_00008161.JPEG,n03445777,574,golf ball,webp,77,574,golf ball,0.4191153943538666,True,28515,26428,1.0789692750113515,35.5267108962956,0.9341064791779301
imagenette,data/imagenette2-320/val/n03445777/ILSVRC2012_val_00009902.JPEG,n03445777,574,golf ball,webp,77,574,golf ball,0.6806924343109131,True,37526,33164,1.1315281630683873,34.85185329192489,0.9621454716394644
imagenette,data/imagenette2-320/val/n03445777/ILSVRC2012_val_00011431.JPEG,n03445777,574,golf ball,webp,77,574,golf ball,0.45783042907714844,True,10356,5222,1.983148219073152,40.14728698632524,0.9656325351759621
imagenette,data/imagenette2-320/val/n03445777/ILSVRC2012_val_00011581.JPEG,n03445777,574,golf ball,webp,77,855,thimble,0.10868373513221741,False,15797,8892,1.776540710751237,39.194657504027624,0.9589374089621036
imagenette,data/imagenette2-320/val/n03445777/ILSVRC2012_val_00014102.JPEG,n03445777,574,golf ball,webp,77,574,golf ball,0.4283028542995453,True,24759,19374,1.277949829668628,36.22464153696478,0.957997335878284
imagenette,data/imagenette2-320/val/n03445777/ILSVRC2012_val_00020502.JPEG,n03445777,574,golf ball,webp,77,708,pedestal,0.24970409274101257,False,24322,18660,1.3034297963558414,36.46471786576055,0.9445351296503176
imagenette,data/imagenette2-320/val/n03445777/ILSVRC2012_val_00020781.JPEG,n03445777,574,golf ball,webp,77,574,golf ball,0.38428449630737305,True,16122,10424,1.5466231772831927,38.20157834984563,0.960792763533766
imagenette,data/imagenette2-320/val/n03445777/ILSVRC2012_val_00022792.JPEG,n03445777,574,golf ball,webp,77,574,golf ball,0.43655773997306824,True,12232,7024,1.7414578587699316,40.71476049396003,0.9688140224388654
imagenette,data/imagenette2-320/val/n03445777/ILSVRC2012_val_00025591.JPEG,n03445777,574,golf ball,webp,77,574,golf ball,0.4066799283027649,True,12769,9330,1.3685959271168275,39.80120938221452,0.979065815948173
imagenette,data/imagenette2-320/val/n03445777/ILSVRC2012_val_00036171.JPEG,n03445777,574,golf ball,webp,77,574,golf ball,0.5338174700737,True,18599,12408,1.498952288845906,38.44961029935941,0.9661735786027016
imagenette,data/imagenette2-320/val/n03445777/ILSVRC2012_val_00038790.JPEG,n03445777,574,golf ball,webp,77,574,golf ball,0.5186524391174316,True,13302,7298,1.8226911482597972,40.01903899623854,0.9591620056822777
imagenette,data/imagenette2-320/val/n03445777/ILSVRC2012_val_00041672.JPEG,n03445777,574,golf ball,webp,77,574,golf ball,0.3456525504589081,True,36338,34338,1.0582445104548897,34.846605249037836,0.9576620635111945
imagenette,data/imagenette2-320/val/n03445777/ILSVRC2012_val_00042350.JPEG,n03445777,574,golf ball,webp,77,574,golf ball,0.3089960813522339,True,18567,13398,1.3858038513210926,38.347676592701234,0.9617733778179867
imagenette,data/imagenette2-320/val/n03445777/n03445777_1002.JPEG,n03445777,574,golf ball,webp,77,574,golf ball,0.5393775105476379,True,13382,7518,1.7799946794360202,39.77694414740138,0.9592119427433068
imagenette,data/imagenette2-320/val/n03445777/n03445777_10030.JPEG,n03445777,574,golf ball,webp,77,574,golf ball,0.5379888415336609,True,18018,11616,1.5511363636363635,36.79628837791192,0.944612351435012
imagenette,data/imagenette2-320/val/n03445777/n03445777_10042.JPEG,n03445777,574,golf ball,webp,77,574,golf ball,0.8424631953239441,True,47762,44830,1.0654026321659602,33.9584091716874,0.9705318870785263
imagenette,data/imagenette2-320/val/n03445777/n03445777_10071.JPEG,n03445777,574,golf ball,webp,77,574,golf ball,0.4629778265953064,True,30460,25180,1.2096902303415409,36.03281335196247,0.9594394653022063
imagenette,data/imagenette2-320/val/n03445777/n03445777_101.JPEG,n03445777,574,golf ball,webp,77,574,golf ball,0.35252395272254944,True,26295,21914,1.1999178607283016,36.04493002047497,0.9585533696136693
imagenette,data/imagenette2-320/val/n03445777/n03445777_10141.JPEG,n03445777,574,golf ball,webp,77,574,golf ball,0.3420265018939972,True,20413,15380,1.3272431729518857,37.970059647435136,0.9665067361979567
imagenette,data/imagenette2-320/val/n03445777/n03445777_10401.JPEG,n03445777,574,golf ball,webp,77,574,golf ball,0.542892336845398,True,17867,12436,1.4367159858475393,35.888701204429985,0.9277386682903946
imagenette,data/imagenette2-320/val/n03445777/n03445777_10410.JPEG,n03445777,574,golf ball,webp,77,574,golf ball,0.4932522475719452,True,25526,16894,1.5109506333609566,38.30627626680928,0.9616617364146153
imagenette,data/imagenette2-320/val/n03445777/n03445777_10442.JPEG,n03445777,574,golf ball,webp,77,574,golf ball,0.44716548919677734,True,12930,6798,1.9020300088261253,40.7706412954007,0.9644656792342644
imagenette,data/imagenette2-320/val/n03445777/n03445777_10520.JPEG,n03445777,574,golf ball,webp,77,574,golf ball,0.43949422240257263,True,10141,4680,2.1668803418803417,41.091207848910265,0.9659438636301355
imagenette,data/imagenette2-320/val/n03445777/n03445777_10550.JPEG,n03445777,574,golf ball,webp,77,574,golf ball,0.4685659110546112,True,35395,29066,1.2177458198582536,36.08786619111193,0.9735471880827311
imagenette,data/imagenette2-320/val/n03445777/n03445777_10560.JPEG,n03445777,574,golf ball,webp,77,574,golf ball,0.517666220664978,True,19485,12206,1.5963460593150909,38.78186191979089,0.9724484200438616
imagenette,data/imagenette2-320/val/n03445777/n03445777_10581.JPEG,n03445777,574,golf ball,webp,77,574,golf ball,0.8364807367324829,True,30523,27022,1.1295610983642959,34.30261340681584,0.9557820293981006
imagenette,data/imagenette2-320/val/n03445777/n03445777_10592.JPEG,n03445777,574,golf ball,webp,77,574,golf ball,0.25778594613075256,True,20490,14940,1.3714859437751004,36.95831685305482,0.9575733220896406
imagenette,data/imagenette2-320/val/n03445777/n03445777_10622.JPEG,n03445777,574,golf ball,webp,77,574,golf ball,0.5179154276847839,True,15220,8856,1.7186088527551941,39.33655948716669,0.9685596281335372
imagenette,data/imagenette2-320/val/n03445777/n03445777_10632.JPEG,n03445777,574,golf ball,webp,77,574,golf ball,0.5402846932411194,True,17403,7584,2.2946993670886076,39.54636416770376,0.9735639680743061
imagenette,data/imagenette2-320/val/n03445777/n03445777_10671.JPEG,n03445777,574,golf ball,webp,77,574,golf ball,0.5786327719688416,True,22742,14992,1.5169423692636073,37.5181690117245,0.9544103134182363
imagenette,data/imagenette2-320/val/n03445777/n03445777_1072.JPEG,n03445777,574,golf ball,webp,77,574,golf ball,0.48931336402893066,True,45802,42316,1.082380187163248,34.47648162121028,0.9763988702804302
imagenette,data/imagenette2-320/val/n03445777/n03445777_10721.JPEG,n03445777,574,golf ball,webp,77,574,golf ball,0.5275209546089172,True,43506,42198,1.0309967297028295,34.351552620799104,0.9762383944951586
imagenette,data/imagenette2-320/val/n03445777/n03445777_10750.JPEG,n03445777,574,golf ball,webp,77,574,golf ball,0.5742831826210022,True,25580,21838,1.1713526879750893,36.036805371321165,0.9625619537195326
imagenette,data/imagenette2-320/val/n03445777/n03445777_10760.JPEG,n03445777,574,golf ball,webp,77,574,golf ball,0.49396055936813354,True,21736,14496,1.499448123620309,37.357888870586606,0.9585005077030319
imagenette,data/imagenette2-320/val/n03445777/n03445777_10762.JPEG,n03445777,574,golf ball,webp,77,574,golf ball,0.5223553776741028,True,35588,30662,1.1606548822646925,34.37179293065914,0.9601897417938817
imagenette,data/imagenette2-320/val/n03445777/n03445777_10782.JPEG,n03445777,574,golf ball,webp,77,574,golf ball,0.6096763610839844,True,10210,4862,2.099958864664747,41.73066286841795,0.9717518983443497
imagenette,data/imagenette2-320/val/n03445777/n03445777_10862.JPEG,n03445777,574,golf ball,webp,77,574,golf ball,0.4196437895298004,True,24862,15292,1.6258174208736593,37.54170755429954,0.9458219543279593
imagenette,data/imagenette2-320/val/n03445777/n03445777_1091.JPEG,n03445777,574,golf ball,webp,77,574,golf ball,0.49355536699295044,True,12458,7026,1.7731283803017364,39.71752168525682,0.9686358163219683
imagenette,data/imagenette2-320/val/n03445777/n03445777_110.JPEG,n03445777,574,golf ball,webp,77,574,golf ball,0.5003305077552795,True,11407,6292,1.812937062937063,39.329844337586344,0.9686206245251322
imagenette,data/imagenette2-320/val/n03445777/n03445777_11011.JPEG,n03445777,574,golf ball,webp,77,574,golf ball,0.7086862921714783,True,9805,5650,1.7353982300884956,40.75180916271181,0.9722881644530689
imagenette,data/imagenette2-320/val/n03445777/n03445777_11122.JPEG,n03445777,574,golf ball,webp,77,574,golf ball,0.3665657937526703,True,9635,5412,1.7803030303030303,39.81901552387337,0.9877985973542144
imagenette,data/imagenette2-320/val/n03445777/n03445777_11150.JPEG,n03445777,574,golf ball,webp,77,574,golf ball,0.4579099416732788,True,42077,43216,0.9736440207330618,34.91492986810292,0.9830704020688811
imagenette,data/imagenette2-320/val/n03445777/n03445777_11162.JPEG,n03445777,574,golf ball,webp,77,574,golf ball,0.6093322038650513,True,23092,15162,1.5230180714945258,36.509638542468124,0.9463886859920588
imagenette,data/imagenette2-320/val/n03445777/n03445777_11171.JPEG,n03445777,574,golf ball,webp,77,574,golf ball,0.44336360692977905,True,19660,12382,1.587788725569375,38.097998468078295,0.9602315964468039
imagenette,data/imagenette2-320/val/n03445777/n03445777_1132.JPEG,n03445777,574,golf ball,webp,77,574,golf ball,0.48117712140083313,True,16942,10256,1.6519110764430578,39.111718042151224,0.9569196904889724
imagenette,data/imagenette2-320/val/n03445777/n03445777_11401.JPEG,n03445777,574,golf ball,webp,77,574,golf ball,0.7317511439323425,True,34364,31248,1.0997183819764464,34.5620905141495,0.9594649416870099
imagenette,data/imagenette2-320/val/n03445777/n03445777_11481.JPEG,n03445777,574,golf ball,webp,77,574,golf ball,0.5808603167533875,True,19204,13014,1.475641616720455,38.61427321015094,0.9553912598258772
imagenette,data/imagenette2-320/val/n03445777/n03445777_1152.JPEG,n03445777,574,golf ball,webp,77,574,golf ball,0.5625317692756653,True,25401,21140,1.2015610217596973,36.537587124378824,0.9729740012715505
imagenette,data/imagenette2-320/val/n03445777/n03445777_11642.JPEG,n03445777,574,golf ball,webp,77,574,golf ball,0.47372281551361084,True,13703,8102,1.6913107874598865,37.751303574966215,0.9615083125364996
imagenette,data/imagenette2-320/val/n03445777/n03445777_11690.JPEG,n03445777,574,golf ball,webp,77,574,golf ball,0.5929298400878906,True,24323,17746,1.3706187309816296,36.83763947908921,0.9472668138881156
imagenette,data/imagenette2-320/val/n03445777/n03445777_11822.JPEG,n03445777,574,golf ball,webp,77,574,golf ball,0.457931250333786,True,20835,13458,1.548149799375836,36.960919730862976,0.9604441086664993
imagenette,data/imagenette2-320/val/n03445777/n03445777_12030.JPEG,n03445777,574,golf ball,webp,77,574,golf ball,0.43215593695640564,True,23624,15074,1.5672018044314715,36.60655096374647,0.9520182618898594
imagenette,data/imagenette2-320/val/n03445777/n03445777_12172.JPEG,n03445777,574,golf ball,webp,77,574,golf ball,0.3983968496322632,True,19526,13096,1.490989615149664,37.34562217837168,0.9641395931302063
imagenette,data/imagenette2-320/val/n03445777/n03445777_12202.JPEG,n03445777,574,golf ball,webp,77,574,golf ball,0.4522753059864044,True,8419,2990,2.8157190635451506,41.62786437483071,0.9783488440394477
imagenette,data/imagenette2-320/val/n03445777/n03445777_12262.JPEG,n03445777,574,golf ball,webp,77,574,golf ball,0.5768317580223083,True,12378,7444,1.6628156904889844,39.10576370202512,0.9563632228783264
imagenette,data/imagenette2-320/val/n03445777/n03445777_12480.JPEG,n03445777,574,golf ball,webp,77,574,golf ball,0.507617712020874,True,11732,6482,1.8099352051835853,39.06712520616959,0.9605692099119394
imagenette,data/imagenette2-320/val/n03445777/n03445777_12490.JPEG,n03445777,574,golf ball,webp,77,574,golf ball,0.4359627664089203,True,37790,32376,1.1672226340499134,35.56231238451899,0.9787802627604237
imagenette,data/imagenette2-320/val/n03445777/n03445777_12500.JPEG,n03445777,574,golf ball,webp,77,574,golf ball,0.9420612454414368,True,15099,9006,1.6765489673550966,39.132196560527284,0.9548366630141799
imagenette,data/imagenette2-320/val/n03445777/n03445777_1252.JPEG,n03445777,574,golf ball,webp,77,574,golf ball,0.4284855127334595,True,24797,19876,1.2475850271684443,36.51394344362425,0.9427157464005061
imagenette,data/imagenette2-320/val/n03445777/n03445777_12640.JPEG,n03445777,574,golf ball,webp,77,574,golf ball,0.48627448081970215,True,9101,4372,2.0816559926806955,40.57752239192065,0.9754982103944915
imagenette,data/imagenette2-320/val/n03445777/n03445777_12772.JPEG,n03445777,574,golf ball,webp,77,574,golf ball,0.5705025792121887,True,16438,10140,1.6211045364891519,38.86683089675641,0.9594825793516125
imagenette,data/imagenette2-320/val/n03445777/n03445777_1281.JPEG,n03445777,574,golf ball,webp,77,574,golf ball,0.49468284845352173,True,35037,31024,1.1293514698298093,35.34853302434604,0.9627166337150759
imagenette,data/imagenette2-320/val/n03445777/n03445777_12830.JPEG,n03445777,574,golf ball,webp,77,574,golf ball,0.4828697741031647,True,41730,37098,1.1248584829370856,33.939050025356686,0.9721864695526931
imagenette,data/imagenette2-320/val/n03445777/n03445777_12862.JPEG,n03445777,574,golf ball,webp,77,574,golf ball,0.7271705865859985,True,17880,10646,1.6795040390757092,37.66363493846768,0.9183227017066105
imagenette,data/imagenette2-320/val/n03445777/n03445777_12882.JPEG,n03445777,574,golf ball,webp,77,574,golf ball,0.9633868336677551,True,27715,20352,1.3617826257861636,36.70807954392838,0.9671068448945994
imagenette,data/imagenette2-320/val/n03445777/n03445777_1291.JPEG,n03445777,574,golf ball,webp,77,574,golf ball,0.419240266084671,True,21693,14778,1.4679252943564758,38.02675584459313,0.9605568534461675
imagenette,data/imagenette2-320/val/n03445777/n03445777_1292.JPEG,n03445777,574,golf ball,webp,77,574,golf ball,0.5126774907112122,True,27182,20756,1.3095972248988244,36.686967368070455,0.9619541006257588
imagenette,data/imagenette2-320/val/n03445777/n03445777_12920.JPEG,n03445777,574,golf ball,webp,77,574,golf ball,0.7034497261047363,True,10666,4762,2.239815203695926,40.986671293277944,0.9660802518246978
imagenette,data/imagenette2-320/val/n03445777/n03445777_13011.JPEG,n03445777,574,golf ball,webp,77,574,golf ball,0.4958816170692444,True,18545,11280,1.6440602836879432,38.983315875615816,0.9660657586024183
imagenette,data/imagenette2-320/val/n03445777/n03445777_1311.JPEG,n03445777,574,golf ball,webp,77,574,golf ball,0.5277348160743713,True,18133,11710,1.5485055508112724,37.31338092749455,0.9521690345401641
imagenette,data/imagenette2-320/val/n03445777/n03445777_13161.JPEG,n03445777,574,golf ball,webp,77,574,golf ball,0.5067620873451233,True,22284,15098,1.475957080408001,36.611645812675555,0.950462163083345
imagenette,data/imagenette2-320/val/n03445777/n03445777_13311.JPEG,n03445777,574,golf ball,webp,77,574,golf ball,0.5329776406288147,True,20638,15836,1.3032331396817378,35.98726159649453,0.9708058999123099
imagenette,data/imagenette2-320/val/n03445777/n03445777_13462.JPEG,n03445777,574,golf ball,webp,77,574,golf ball,0.5320131778717041,True,19352,11840,1.6344594594594595,38.37457884758179,0.9583875591349402
imagenette,data/imagenette2-320/val/n03445777/n03445777_13480.JPEG,n03445777,574,golf ball,webp,77,574,golf ball,0.46681952476501465,True,12833,6924,1.8534084344309647,40.47235620687759,0.9668208416889388
imagenette,data/imagenette2-320/val/n03445777/n03445777_13490.JPEG,n03445777,574,golf ball,webp,77,574,golf ball,0.5483458042144775,True,24826,17412,1.4257983000229726,36.25630258455864,0.9427741423916028
imagenette,data/imagenette2-320/val/n03445777/n03445777_13570.JPEG,n03445777,574,golf ball,webp,77,574,golf ball,0.6690519452095032,True,17433,9582,1.8193487789605511,40.00267920301236,0.9754614212182414
imagenette,data/imagenette2-320/val/n03445777/n03445777_13640.JPEG,n03445777,574,golf ball,webp,77,574,golf ball,0.5309717059135437,True,13120,6976,1.8807339449541285,39.52182694455553,0.9634147791672287
imagenette,data/imagenette2-320/val/n03445777/n03445777_13671.JPEG,n03445777,574,golf ball,webp,77,574,golf ball,0.45555946230888367,True,16397,10704,1.5318572496263079,37.875175415111045,0.9723192146694081
imagenette,data/imagenette2-320/val/n03445777/n03445777_13672.JPEG,n03445777,574,golf ball,webp,77,574,golf ball,0.17593567073345184,True,16773,8784,1.9094945355191257,39.25937790990864,0.9600721962531158
imagenette,data/imagenette2-320/val/n03445777/n03445777_13680.JPEG,n03445777,574,golf ball,webp,77,574,golf ball,0.45575958490371704,True,58622,59130,0.9914087603585321,33.92301276136361,0.987552600332961
imagenette,data/imagenette2-320/val/n03445777/n03445777_13831.JPEG,n03445777,574,golf ball,webp,77,574,golf ball,0.868901789188385,True,14602,9472,1.5415962837837838,37.041545702808364,0.9675974399830974
imagenette,data/imagenette2-320/val/n03445777/n03445777_1390.JPEG,n03445777,574,golf ball,webp,77,574,golf ball,0.40628528594970703,True,15552,9576,1.6240601503759398,38.28313080233234,0.9562732111221584
imagenette,data/imagenette2-320/val/n03445777/n03445777_13911.JPEG,n03445777,574,golf ball,webp,77,574,golf ball,0.5923261046409607,True,11134,6598,1.6874810548651107,39.92963073094031,0.9752733544960103
imagenette,data/imagenette2-320/val/n03445777/n03445777_13960.JPEG,n03445777,574,golf ball,webp,77,574,golf ball,0.5047258734703064,True,26314,19412,1.3555532660210179,36.84539349861876,0.9543158163067341
imagenette,data/imagenette2-320/val/n03445777/n03445777_1401.JPEG,n03445777,574,golf ball,webp,77,574,golf ball,0.7170061469078064,True,13141,6874,1.9116962467267966,40.150208709250265,0.9666307968281537
imagenette,data/imagenette2-320/val/n03445777/n03445777_14051.JPEG,n03445777,574,golf ball,webp,77,574,golf ball,0.4319647252559662,True,23558,15984,1.4738488488488488,37.20742701159634,0.9570870649589343
imagenette,data/imagenette2-320/val/n03445777/n03445777_14112.JPEG,n03445777,574,golf ball,webp,77,574,golf ball,0.45208510756492615,True,15787,6662,2.36970879615731,42.49531776726276,0.9792796287691529
imagenette,data/imagenette2-320/val/n03445777/n03445777_14232.JPEG,n03445777,574,golf ball,webp,77,574,golf ball,0.4172937870025635,True,22097,14416,1.5328107658157604,37.300971928299276,0.942853725039829
imagenette,data/imagenette2-320/val/n03445777/n03445777_14281.JPEG,n03445777,574,golf ball,webp,77,574,golf ball,0.5529427528381348,True,29608,23000,1.287304347826087,35.55889226089174,0.969873277153288
imagenette,data/imagenette2-320/val/n03445777/n03445777_14301.JPEG,n03445777,574,golf ball,webp,77,574,golf ball,0.5222226977348328,True,9697,5438,1.783192350128724,39.89246270703154,0.9663762621375271
imagenette,data/imagenette2-320/val/n03445777/n03445777_14362.JPEG,n03445777,574,golf ball,webp,77,574,golf ball,0.4916868805885315,True,25002,18488,1.3523366508005192,36.62039382121464,0.9581718651511656
imagenette,data/imagenette2-320/val/n03445777/n03445777_14381.JPEG,n03445777,574,golf ball,webp,77,574,golf ball,0.5707991719245911,True,18164,10886,1.6685651295241595,37.97367169646325,0.9520017546855005
imagenette,data/imagenette2-320/val/n03445777/n03445777_1452.JPEG,n03445777,574,golf ball,webp,77,574,golf ball,0.5266449451446533,True,25497,21256,1.1995201354911555,34.85189169330424,0.9337721094779953
imagenette,data/imagenette2-320/val/n03445777/n03445777_14531.JPEG,n03445777,574,golf ball,webp,77,574,golf ball,0.4766022264957428,True,12878,7712,1.6698651452282158,39.65861118509734,0.9746366371115432
imagenette,data/imagenette2-320/val/n03445777/n03445777_1460.JPEG,n03445777,574,golf ball,webp,77,574,golf ball,0.5931347012519836,True,19923,14510,1.373053066850448,36.745411476644584,0.9586419300418338
imagenette,data/imagenette2-320/val/n03445777/n03445777_14720.JPEG,n03445777,574,golf ball,webp,77,574,golf ball,0.6458286046981812,True,22259,13338,1.668840905683011,38.04306104747363,0.9691637515043209
imagenette,data/imagenette2-320/val/n03445777/n03445777_14731.JPEG,n03445777,574,golf ball,webp,77,574,golf ball,0.47697174549102783,True,26223,21122,1.241501751728056,37.080852948854414,0.9649747248309378
imagenette,data/imagenette2-320/val/n03445777/n03445777_1482.JPEG,n03445777,574,golf ball,webp,77,574,golf ball,0.643383264541626,True,17040,10356,1.645422943221321,39.46262864274757,0.9610925697576645
imagenette,data/imagenette2-320/val/n03445777/n03445777_15110.JPEG,n03445777,574,golf ball,webp,77,574,golf ball,0.28460201621055603,True,36777,33054,1.11263387184607,35.19926954037016,0.9783363586080545
imagenette,data/imagenette2-320/val/n03445777/n03445777_15131.JPEG,n03445777,574,golf ball,webp,77,574,golf ball,0.4966880977153778,True,27329,21720,1.2582412523020259,36.16353785100795,0.9551958522396249
imagenette,data/imagenette2-320/val/n03445777/n03445777_15152.JPEG,n03445777,574,golf ball,webp,77,574,golf ball,0.23475989699363708,True,31145,24514,1.2704984906583994,35.43404914007862,0.9582095422847656
imagenette,data/imagenette2-320/val/n03445777/n03445777_15162.JPEG,n03445777,574,golf ball,webp,77,574,golf ball,0.6047008037567139,True,17130,11620,1.4741824440619622,38.27127207437262,0.9516867097851708
imagenette,data/imagenette2-320/val/n03445777/n03445777_1530.JPEG,n03445777,574,golf ball,webp,77,574,golf ball,0.4045390486717224,True,8863,4472,1.9818872987477638,42.40473439121645,0.9692671010665829
imagenette,data/imagenette2-320/val/n03445777/n03445777_15510.JPEG,n03445777,574,golf ball,webp,77,574,golf ball,0.43437090516090393,True,37445,33606,1.1142355531750283,34.3626900787023,0.9652204596890819
imagenette,data/imagenette2-320/val/n03445777/n03445777_15692.JPEG,n03445777,574,golf ball,webp,77,574,golf ball,0.5495297312736511,True,24893,18108,1.3746962668433842,36.527845149204424,0.9566824197107845
imagenette,data/imagenette2-320/val/n03445777/n03445777_15810.JPEG,n03445777,574,golf ball,webp,77,574,golf ball,0.2974174916744232,True,57822,57748,1.0012814296599017,33.83744927880434,0.9893515406651963
imagenette,data/imagenette2-320/val/n03445777/n03445777_15820.JPEG,n03445777,574,golf ball,webp,77,574,golf ball,0.4852465093135834,True,30314,27270,1.1116244957829116,33.60564971246763,0.9650418774942392
imagenette,data/imagenette2-320/val/n03445777/n03445777_15880.JPEG,n03445777,574,golf ball,webp,77,574,golf ball,0.7170969843864441,True,16720,11558,1.4466170617753937,37.335524908135056,0.958373739913486
imagenette,data/imagenette2-320/val/n03445777/n03445777_15950.JPEG,n03445777,574,golf ball,webp,77,574,golf ball,0.4297081530094147,True,19984,16118,1.2398560615460976,35.88494458470221,0.9653289683582437
imagenette,data/imagenette2-320/val/n03445777/n03445777_16051.JPEG,n03445777,574,golf ball,webp,77,574,golf ball,0.486956924200058,True,14868,8294,1.7926211719315168,39.75499600850645,0.9609620030073368
imagenette,data/imagenette2-320/val/n03445777/n03445777_16150.JPEG,n03445777,574,golf ball,webp,77,895,warplane,0.16186976432800293,False,19934,14906,1.3373138333556958,37.89012125073988,0.9635802603988658
imagenette,data/imagenette2-320/val/n03445777/n03445777_16192.JPEG,n03445777,574,golf ball,webp,77,574,golf ball,0.5118988156318665,True,17214,11788,1.4602986087546657,37.40709697448384,0.9714600228989899
imagenette,data/imagenette2-320/val/n03445777/n03445777_16220.JPEG,n03445777,574,golf ball,webp,77,574,golf ball,0.4216897189617157,True,18704,12230,1.5293540474243663,37.54605896992223,0.960315848497172
imagenette,data/imagenette2-320/val/n03445777/n03445777_16320.JPEG,n03445777,574,golf ball,webp,77,574,golf ball,0.5567035675048828,True,26158,18570,1.4086160473882607,35.90585510758757,0.9698653024527978
imagenette,data/imagenette2-320/val/n03445777/n03445777_16321.JPEG,n03445777,574,golf ball,webp,77,574,golf ball,0.5780055522918701,True,16679,10364,1.6093207255885758,38.13566686916558,0.959625220286456
imagenette,data/imagenette2-320/val/n03445777/n03445777_16331.JPEG,n03445777,574,golf ball,webp,77,574,golf ball,0.6354153752326965,True,11808,7158,1.6496227996647108,39.61204698645001,0.9670605691440041
imagenette,data/imagenette2-320/val/n03445777/n03445777_16332.JPEG,n03445777,574,golf ball,webp,77,574,golf ball,0.6902977824211121,True,20210,14080,1.4353693181818181,37.34758727388034,0.9623662391337032
imagenette,data/imagenette2-320/val/n03445777/n03445777_16360.JPEG,n03445777,574,golf ball,webp,77,574,golf ball,0.4547116458415985,True,57707,60110,0.960023290633838,33.82184034594763,0.9826649680591323
imagenette,data/imagenette2-320/val/n03445777/n03445777_16392.JPEG,n03445777,574,golf ball,webp,77,574,golf ball,0.4022572338581085,True,33895,26974,1.2565804107659226,34.75780005914438,0.9552112489888757
imagenette,data/imagenette2-320/val/n03445777/n03445777_16491.JPEG,n03445777,574,golf ball,webp,77,574,golf ball,0.5094174742698669,True,29688,25022,1.186475901206938,36.58901084376864,0.9690631784603089
imagenette,data/imagenette2-320/val/n03445777/n03445777_17042.JPEG,n03445777,574,golf ball,webp,77,574,golf ball,0.5059702396392822,True,12474,6532,1.9096754439681567,40.05476780911576,0.9608037519782388
imagenette,data/imagenette2-320/val/n03445777/n03445777_172.JPEG,n03445777,574,golf ball,webp,77,574,golf ball,0.419920414686203,True,12465,6332,1.9685723310170562,40.47283294392996,0.967696168164089
imagenette,data/imagenette2-320/val/n03445777/n03445777_17221.JPEG,n03445777,574,golf ball,webp,77,574,golf ball,0.36122357845306396,True,6530,2962,2.2045914922349765,43.09537481701426,0.9791396841571959
imagenette,data/imagenette2-320/val/n03445777/n03445777_17311.JPEG,n03445777,574,golf ball,webp,77,574,golf ball,0.3941107988357544,True,18132,13026,1.3919852602487333,37.18398813923612,0.9584657054045085
imagenette,data/imagenette2-320/val/n03445777/n03445777_17492.JPEG,n03445777,574,golf ball,webp,77,574,golf ball,0.41933122277259827,True,34295,28470,1.204601334738321,36.12966132193839,0.9622445182489239
imagenette,data/imagenette2-320/val/n03445777/n03445777_1750.JPEG,n03445777,574,golf ball,webp,77,574,golf ball,0.49588096141815186,True,19912,12898,1.5438052411226546,37.94751438860078,0.9371174369629501
imagenette,data/imagenette2-320/val/n03445777/n03445777_17511.JPEG,n03445777,574,golf ball,webp,77,574,golf ball,0.4879149794578552,True,12707,7052,1.8019001701644923,40.73987766932458,0.9706061091798203
imagenette,data/imagenette2-320/val/n03445777/n03445777_1781.JPEG,n03445777,574,golf ball,webp,77,574,golf ball,0.4863176643848419,True,35894,28006,1.2816539313004356,35.52038461821077,0.9548712704415623
imagenette,data/imagenette2-320/val/n03445777/n03445777_18292.JPEG,n03445777,574,golf ball,webp,77,574,golf ball,0.5599384903907776,True,14986,9292,1.6127851915626346,39.58469800710842,0.9683850539548705
imagenette,data/imagenette2-320/val/n03445777/n03445777_18412.JPEG,n03445777,574,golf ball,webp,77,574,golf ball,0.46792373061180115,True,34098,28266,1.206325620887285,35.33309490488244,0.9652212673442206
imagenette,data/imagenette2-320/val/n03445777/n03445777_18491.JPEG,n03445777,574,golf ball,webp,77,574,golf ball,0.5889131426811218,True,19410,12604,1.5399873056172644,37.436203073486936,0.9482596673432578
imagenette,data/imagenette2-320/val/n03445777/n03445777_18531.JPEG,n03445777,574,golf ball,webp,77,574,golf ball,0.45734846591949463,True,10558,5942,1.7768428138673846,40.83944582383581,0.9707866738422698
imagenette,data/imagenette2-320/val/n03445777/n03445777_18631.JPEG,n03445777,574,golf ball,webp,77,574,golf ball,0.32398751378059387,True,11270,6290,1.791732909379968,41.106313118298345,0.9704227972971444
imagenette,data/imagenette2-320/val/n03445777/n03445777_19001.JPEG,n03445777,574,golf ball,webp,77,574,golf ball,0.4382593333721161,True,23426,17970,1.3036171396772398,37.69788881183352,0.9633015142283057
imagenette,data/imagenette2-320/val/n03445777/n03445777_1922.JPEG,n03445777,574,golf ball,webp,77,574,golf ball,0.711827278137207,True,33202,31086,1.0680692273048962,34.63036056866932,0.9594200806499228
imagenette,data/imagenette2-320/val/n03445777/n03445777_1962.JPEG,n03445777,574,golf ball,webp,77,574,golf ball,0.4449161887168884,True,10490,3128,3.3535805626598467,43.18138834499237,0.9657632848770564
imagenette,data/imagenette2-320/val/n03445777/n03445777_1971.JPEG,n03445777,574,golf ball,webp,77,574,golf ball,0.4293466806411743,True,15529,8528,1.8209427767354596,38.48994828270164,0.9621196637720169
imagenette,data/imagenette2-320/val/n03445777/n03445777_200.JPEG,n03445777,574,golf ball,webp,77,574,golf ball,0.40821999311447144,True,12675,6460,1.9620743034055728,39.65196867040517,0.9541082001713521
imagenette,data/imagenette2-320/val/n03445777/n03445777_20061.JPEG,n03445777,574,golf ball,webp,77,574,golf ball,0.413972407579422,True,14787,8676,1.704356846473029,39.36900246154505,0.9644651556698253
imagenette,data/imagenette2-320/val/n03445777/n03445777_2031.JPEG,n03445777,574,golf ball,webp,77,574,golf ball,0.3635023236274719,True,16701,9586,1.7422282495305654,38.33304784160936,0.9501976975476359
imagenette,data/imagenette2-320/val/n03445777/n03445777_20352.JPEG,n03445777,574,golf ball,webp,77,574,golf ball,0.5269051194190979,True,14245,8164,1.7448554630083293,39.362943965153974,0.9629704404837756
imagenette,data/imagenette2-320/val/n03445777/n03445777_20400.JPEG,n03445777,574,golf ball,webp,77,574,golf ball,0.5483611822128296,True,25076,17870,1.4032456631225518,36.439683619653806,0.96300281450997
imagenette,data/imagenette2-320/val/n03445777/n03445777_2041.JPEG,n03445777,574,golf ball,webp,77,574,golf ball,0.38483595848083496,True,13529,8994,1.5042250389148322,37.56132108046168,0.9539902093106737
imagenette,data/imagenette2-320/val/n03445777/n03445777_20572.JPEG,n03445777,574,golf ball,webp,77,574,golf ball,0.1499534249305725,True,20406,10558,1.9327524152301572,39.690112076747496,0.964395067329185
imagenette,data/imagenette2-320/val/n03445777/n03445777_2070.JPEG,n03445777,574,golf ball,webp,77,574,golf ball,0.40797752141952515,True,12235,7170,1.7064156206415622,38.78170178999712,0.9427696026098648
imagenette,data/imagenette2-320/val/n03445777/n03445777_2071.JPEG,n03445777,574,golf ball,webp,77,574,golf ball,0.46496766805648804,True,20068,7836,2.5610005104645226,38.33167672036554,0.9378288736193753
imagenette,data/imagenette2-320/val/n03445777/n03445777_210.JPEG,n03445777,574,golf ball,webp,77,574,golf ball,0.26337602734565735,True,18745,14862,1.261270353922756,36.56961281528507,0.9527071254940735
imagenette,data/imagenette2-320/val/n03445777/n03445777_2151.JPEG,n03445777,574,golf ball,webp,77,574,golf ball,0.5818446278572083,True,14328,8298,1.7266811279826464,40.09010485898084,0.9688113156983721
imagenette,data/imagenette2-320/val/n03445777/n03445777_2251.JPEG,n03445777,574,golf ball,webp,77,574,golf ball,0.8983950018882751,True,15266,9304,1.640799656061909,36.89296434879863,0.9484411415047515
imagenette,data/imagenette2-320/val/n03445777/n03445777_2262.JPEG,n03445777,574,golf ball,webp,77,574,golf ball,0.7020092606544495,True,10461,5372,1.947319434102755,40.22857881013202,0.9659623166023813
imagenette,data/imagenette2-320/val/n03445777/n03445777_2270.JPEG,n03445777,574,golf ball,webp,77,574,golf ball,0.24510502815246582,True,30024,25182,1.1922802001429593,35.57695819894855,0.971796046243692
imagenette,data/imagenette2-320/val/n03445777/n03445777_230.JPEG,n03445777,574,golf ball,webp,77,574,golf ball,0.4899345338344574,True,33449,28068,1.1917129827561637,35.34086328706631,0.9774385148793466
imagenette,data/imagenette2-320/val/n03445777/n03445777_2312.JPEG,n03445777,574,golf ball,webp,77,574,golf ball,0.5140467286109924,True,16029,6832,2.346165105386417,40.5580742929721,0.9705682136935198
imagenette,data/imagenette2-320/val/n03445777/n03445777_2332.JPEG,n03445777,574,golf ball,webp,77,574,golf ball,0.40667763352394104,True,17617,12556,1.4030742274609749,37.43189607911235,0.9666847857717222
imagenette,data/imagenette2-320/val/n03445777/n03445777_2360.JPEG,n03445777,574,golf ball,webp,77,574,golf ball,0.4797212481498718,True,22944,16478,1.3924019905328318,37.34115540756591,0.950771952510066
imagenette,data/imagenette2-320/val/n03445777/n03445777_2362.JPEG,n03445777,574,golf ball,webp,77,574,golf ball,0.48694711923599243,True,22085,16984,1.300341497880358,36.29219428974453,0.9660257708332805
imagenette,data/imagenette2-320/val/n03445777/n03445777_2412.JPEG,n03445777,574,golf ball,webp,77,574,golf ball,0.41660457849502563,True,15484,8980,1.7242761692650335,39.193714688922924,0.9664331044174933
imagenette,data/imagenette2-320/val/n03445777/n03445777_2432.JPEG,n03445777,574,golf ball,webp,77,574,golf ball,0.3920828700065613,True,21330,13760,1.5501453488372092,37.812968203414854,0.9504050280239102
imagenette,data/imagenette2-320/val/n03445777/n03445777_2441.JPEG,n03445777,574,golf ball,webp,77,574,golf ball,0.5585737824440002,True,18475,11266,1.63988993431564,38.750861531414515,0.9614030338572704
imagenette,data/imagenette2-320/val/n03445777/n03445777_2511.JPEG,n03445777,574,golf ball,webp,77,574,golf ball,0.7130647897720337,True,33067,29272,1.1296460781634325,35.913394065660974,0.9649823069973862
imagenette,data/imagenette2-320/val/n03445777/n03445777_2530.JPEG,n03445777,574,golf ball,webp,77,574,golf ball,0.673667311668396,True,17590,11632,1.5122077028885832,38.162217885033094,0.959645584411664
imagenette,data/imagenette2-320/val/n03445777/n03445777_261.JPEG,n03445777,574,golf ball,webp,77,574,golf ball,0.7780755758285522,True,23339,16626,1.4037651870564176,36.42160618632329,0.9131737063946984
imagenette,data/imagenette2-320/val/n03445777/n03445777_2611.JPEG,n03445777,574,golf ball,webp,77,574,golf ball,0.35932084918022156,True,29633,22672,1.3070306986591391,36.72738408717406,0.955607243872779
imagenette,data/imagenette2-320/val/n03445777/n03445777_2770.JPEG,n03445777,574,golf ball,webp,77,574,golf ball,0.4493662416934967,True,8316,4062,2.047267355982275,40.75025584441068,0.973478135397912
imagenette,data/imagenette2-320/val/n03445777/n03445777_2822.JPEG,n03445777,574,golf ball,webp,77,574,golf ball,0.5140261650085449,True,20742,14008,1.4807252998286693,36.2097629509828,0.900989613578785
imagenette,data/imagenette2-320/val/n03445777/n03445777_2860.JPEG,n03445777,574,golf ball,webp,77,574,golf ball,0.4690511226654053,True,16328,11610,1.4063738156761412,37.57222670334108,0.962012259222952
imagenette,data/imagenette2-320/val/n03445777/n03445777_2881.JPEG,n03445777,574,golf ball,webp,77,574,golf ball,0.5615969896316528,True,18407,16152,1.1396111936602278,36.869079356491866,0.9684053928407539
imagenette,data/imagenette2-320/val/n03445777/n03445777_2951.JPEG,n03445777,574,golf ball,webp,77,574,golf ball,0.45563140511512756,True,23591,18438,1.2794771667209024,35.050377101318034,0.9673560738324234
imagenette,data/imagenette2-320/val/n03445777/n03445777_3011.JPEG,n03445777,574,golf ball,webp,77,574,golf ball,0.5378669500350952,True,17921,10284,1.7426098794243485,38.0580349618892,0.9287179847770405
imagenette,data/imagenette2-320/val/n03445777/n03445777_3030.JPEG,n03445777,574,golf ball,webp,77,574,golf ball,0.41483941674232483,True,59033,57698,1.0231377170785816,33.87999761356311,0.9853211840167271
imagenette,data/imagenette2-320/val/n03445777/n03445777_3060.JPEG,n03445777,574,golf ball,webp,77,574,golf ball,0.8181805610656738,True,23479,16922,1.3874837489658434,35.69074287914661,0.9243023680874211
imagenette,data/imagenette2-320/val/n03445777/n03445777_3090.JPEG,n03445777,574,golf ball,webp,77,574,golf ball,0.8643980622291565,True,22865,15642,1.461769594680987,37.69786994840105,0.9655331027776465
imagenette,data/imagenette2-320/val/n03445777/n03445777_3122.JPEG,n03445777,574,golf ball,webp,77,574,golf ball,0.5200986862182617,True,26910,22364,1.2032731175102844,36.06506259398779,0.9634918693059836
imagenette,data/imagenette2-320/val/n03445777/n03445777_3132.JPEG,n03445777,574,golf ball,webp,77,574,golf ball,0.5762814879417419,True,12310,6544,1.8811124694376529,39.83716021861142,0.96817209813616
imagenette,data/imagenette2-320/val/n03445777/n03445777_3142.JPEG,n03445777,574,golf ball,webp,77,574,golf ball,0.14679661393165588,True,27908,20368,1.3701885310290651,35.80716060760059,0.9400699715506623
imagenette,data/imagenette2-320/val/n03445777/n03445777_3171.JPEG,n03445777,574,golf ball,webp,77,574,golf ball,0.4210750460624695,True,13693,8228,1.664195430238211,38.67230310559725,0.9607544295810664
imagenette,data/imagenette2-320/val/n03445777/n03445777_3192.JPEG,n03445777,574,golf ball,webp,77,574,golf ball,0.26970744132995605,True,48384,47084,1.0276102285277378,33.59317457919631,0.9741216955674673
imagenette,data/imagenette2-320/val/n03445777/n03445777_3222.JPEG,n03445777,574,golf ball,webp,77,574,golf ball,0.7250525951385498,True,25363,16944,1.4968720491029273,36.60932176402662,0.9551101987547669
imagenette,data/imagenette2-320/val/n03445777/n03445777_3252.JPEG,n03445777,574,golf ball,webp,77,574,golf ball,0.661936342716217,True,14121,7870,1.79428208386277,40.36872446095203,0.9605658904710811
imagenette,data/imagenette2-320/val/n03445777/n03445777_3260.JPEG,n03445777,574,golf ball,webp,77,574,golf ball,0.46633896231651306,True,14142,7746,1.82571649883811,39.2341955144026,0.9562354302829273
imagenette,data/imagenette2-320/val/n03445777/n03445777_3291.JPEG,n03445777,574,golf ball,webp,77,574,golf ball,0.45134615898132324,True,13811,8544,1.6164559925093633,38.557598125971296,0.9510969238111272
imagenette,data/imagenette2-320/val/n03445777/n03445777_3301.JPEG,n03445777,574,golf ball,webp,77,574,golf ball,0.5423989295959473,True,23581,18750,1.2576533333333333,37.643773044306144,0.9675012114552731
imagenette,data/imagenette2-320/val/n03445777/n03445777_3311.JPEG,n03445777,574,golf ball,webp,77,574,golf ball,0.4164738059043884,True,50849,48194,1.0550898452089472,34.76041514712329,0.9798191742826621
imagenette,data/imagenette2-320/val/n03445777/n03445777_3321.JPEG,n03445777,574,golf ball,webp,77,574,golf ball,0.385650634765625,True,19596,11518,1.7013370376801529,37.69405543783451,0.9667561608705065
imagenette,data/imagenette2-320/val/n03445777/n03445777_3391.JPEG,n03445777,574,golf ball,webp,77,574,golf ball,0.18570536375045776,True,50358,50514,0.9969117472383894,34.1031651540691,0.9839907126540947
imagenette,data/imagenette2-320/val/n03445777/n03445777_340.JPEG,n03445777,574,golf ball,webp,77,574,golf ball,0.7282261848449707,True,13699,8014,1.7093835787372098,37.72410407441398,0.9508048166849342
imagenette,data/imagenette2-320/val/n03445777/n03445777_3410.JPEG,n03445777,574,golf ball,webp,77,574,golf ball,0.45235466957092285,True,16849,9966,1.6906482038932371,38.06441930056607,0.9522195225352373
imagenette,data/imagenette2-320/val/n03445777/n03445777_3421.JPEG,n03445777,574,golf ball,webp,77,574,golf ball,0.5381815433502197,True,33273,32078,1.0372529459442608,33.87422440876683,0.980285389763397
imagenette,data/imagenette2-320/val/n03445777/n03445777_3440.JPEG,n03445777,574,golf ball,webp,77,574,golf ball,0.2835541367530823,True,38827,32628,1.1899901924727228,36.46486970232993,0.9659395412066175
imagenette,data/imagenette2-320/val/n03445777/n03445777_3462.JPEG,n03445777,574,golf ball,webp,77,574,golf ball,0.5948185920715332,True,12495,7396,1.6894267171444024,40.36545482247105,0.975112753791804
imagenette,data/imagenette2-320/val/n03445777/n03445777_3471.JPEG,n03445777,574,golf ball,webp,77,574,golf ball,0.40145954489707947,True,22139,16456,1.3453451628585318,35.71592608048613,0.9525289867451393
imagenette,data/imagenette2-320/val/n03445777/n03445777_3530.JPEG,n03445777,574,golf ball,webp,77,574,golf ball,0.5181712508201599,True,14621,8376,1.7455826170009552,39.345868849182054,0.9513467192997284
imagenette,data/imagenette2-320/val/n03445777/n03445777_3540.JPEG,n03445777,574,golf ball,webp,77,574,golf ball,0.5459617376327515,True,17646,11116,1.5874415257286794,38.489869499303154,0.9529774346757792
imagenette,data/imagenette2-320/val/n03445777/n03445777_360.JPEG,n03445777,574,golf ball,webp,77,574,golf ball,0.3867465853691101,True,15194,9924,1.5310358726320032,37.752212126848804,0.9713089270062504
imagenette,data/imagenette2-320/val/n03445777/n03445777_3612.JPEG,n03445777,574,golf ball,webp,77,574,golf ball,0.6407321095466614,True,28573,23400,1.221068376068376,36.39565582853829,0.9527183589700332
imagenette,data/imagenette2-320/val/n03445777/n03445777_3651.JPEG,n03445777,574,golf ball,webp,77,574,golf ball,0.363730788230896,True,25293,18760,1.3482409381663114,36.60948891531882,0.9559212631898067
imagenette,data/imagenette2-320/val/n03445777/n03445777_3722.JPEG,n03445777,574,golf ball,webp,77,574,golf ball,0.4695867896080017,True,9130,4350,2.098850574712644,41.11762026576336,0.9676579921370715
imagenette,data/imagenette2-320/val/n03445777/n03445777_3761.JPEG,n03445777,574,golf ball,webp,77,574,golf ball,0.2866426110267639,True,21928,13980,1.5685264663805436,37.62537904236302,0.9523920292091962
imagenette,data/imagenette2-320/val/n03445777/n03445777_3780.JPEG,n03445777,574,golf ball,webp,77,574,golf ball,0.5416390895843506,True,23162,17850,1.2975910364145657,36.850426053355584,0.9349981013751489
imagenette,data/imagenette2-320/val/n03445777/n03445777_3800.JPEG,n03445777,574,golf ball,webp,77,574,golf ball,0.48157742619514465,True,8081,3670,2.201907356948229,41.99881896269958,0.9792180236914722
imagenette,data/imagenette2-320/val/n03445777/n03445777_3890.JPEG,n03445777,574,golf ball,webp,77,574,golf ball,0.4762367904186249,True,29619,22280,1.3293985637342909,35.64637258615642,0.9623369768781656
imagenette,data/imagenette2-320/val/n03445777/n03445777_3892.JPEG,n03445777,574,golf ball,webp,77,574,golf ball,0.35772716999053955,True,38990,36644,1.0640213950442092,34.50806926303492,0.9559423102988974
imagenette,data/imagenette2-320/val/n03445777/n03445777_3900.JPEG,n03445777,574,golf ball,webp,77,574,golf ball,0.5421422123908997,True,13066,7792,1.6768480492813143,38.59316737787023,0.9711640094398355
imagenette,data/imagenette2-320/val/n03445777/n03445777_392.JPEG,n03445777,574,golf ball,webp,77,574,golf ball,0.4342551827430725,True,10794,5972,1.8074346952444742,41.512150206814454,0.9739321241518489
imagenette,data/imagenette2-320/val/n03445777/n03445777_3922.JPEG,n03445777,574,golf ball,webp,77,574,golf ball,0.49561354517936707,True,11468,5818,1.9711240976280509,40.027826842304,0.96512066490674
imagenette,data/imagenette2-320/val/n03445777/n03445777_3970.JPEG,n03445777,574,golf ball,webp,77,574,golf ball,0.44183802604675293,True,19828,13518,1.4667850273709129,36.80839449839515,0.9566169434821207
imagenette,data/imagenette2-320/val/n03445777/n03445777_3981.JPEG,n03445777,574,golf ball,webp,77,574,golf ball,0.4597678482532501,True,15104,9526,1.5855553222758765,38.26018726259625,0.96149333966938
imagenette,data/imagenette2-320/val/n03445777/n03445777_3992.JPEG,n03445777,574,golf ball,webp,77,574,golf ball,0.5391055941581726,True,16981,10472,1.6215622612681435,39.57235468769137,0.962099838869876
imagenette,data/imagenette2-320/val/n03445777/n03445777_4042.JPEG,n03445777,574,golf ball,webp,77,574,golf ball,0.4444881081581116,True,17559,11032,1.5916424945612764,38.901750118166255,0.9575371952816364
imagenette,data/imagenette2-320/val/n03445777/n03445777_4061.JPEG,n03445777,574,golf ball,webp,77,574,golf ball,0.6348913311958313,True,18167,13468,1.348901098901099,36.9544263245746,0.9573128078264815
imagenette,data/imagenette2-320/val/n03445777/n03445777_4062.JPEG,n03445777,574,golf ball,webp,77,574,golf ball,0.5853102803230286,True,23391,16782,1.393814801573114,35.79038900268679,0.9469926094652287
imagenette,data/imagenette2-320/val/n03445777/n03445777_4070.JPEG,n03445777,574,golf ball,webp,77,574,golf ball,0.5882784724235535,True,30601,25774,1.1872817568091876,34.32511962645863,0.9619599996323392
imagenette,data/imagenette2-320/val/n03445777/n03445777_4082.JPEG,n03445777,574,golf ball,webp,77,574,golf ball,0.5654966831207275,True,28000,22546,1.2419054377716667,35.60699457925711,0.9480586055878725
imagenette,data/imagenette2-320/val/n03445777/n03445777_4101.JPEG,n03445777,574,golf ball,webp,77,574,golf ball,0.3168657124042511,True,22352,16064,1.3914342629482073,37.39031115595191,0.9613350311414867
imagenette,data/imagenette2-320/val/n03445777/n03445777_4131.JPEG,n03445777,574,golf ball,webp,77,574,golf ball,0.4311528503894806,True,13824,7356,1.8792822185970637,39.737621115892836,0.9587652658602049
imagenette,data/imagenette2-320/val/n03445777/n03445777_4162.JPEG,n03445777,574,golf ball,webp,77,574,golf ball,0.2363075464963913,True,42214,40872,1.032834214131924,35.44120823415154,0.9606002010499305
imagenette,data/imagenette2-320/val/n03445777/n03445777_4172.JPEG,n03445777,574,golf ball,webp,77,901,whiskey jug,0.0870017409324646,False,30694,25440,1.2065251572327045,35.77454764484358,0.9615364578422895
imagenette,data/imagenette2-320/val/n03445777/n03445777_4211.JPEG,n03445777,574,golf ball,webp,77,574,golf ball,0.3499150276184082,True,42347,39598,1.0694226981160664,34.32887222991041,0.9729337047294028
imagenette,data/imagenette2-320/val/n03445777/n03445777_4220.JPEG,n03445777,574,golf ball,webp,77,574,golf ball,0.5331861972808838,True,31027,25520,1.2157915360501568,35.7355430298963,0.9605041795829249
imagenette,data/imagenette2-320/val/n03445777/n03445777_4290.JPEG,n03445777,574,golf ball,webp,77,574,golf ball,0.5685747265815735,True,19332,12694,1.5229242161651173,37.595563156259345,0.9539565701878704
imagenette,data/imagenette2-320/val/n03445777/n03445777_4291.JPEG,n03445777,574,golf ball,webp,77,574,golf ball,0.4805520474910736,True,35787,24752,1.445822559793148,36.64421623594082,0.9474448061205673
imagenette,data/imagenette2-320/val/n03445777/n03445777_4352.JPEG,n03445777,574,golf ball,webp,77,574,golf ball,0.48133763670921326,True,46646,47968,0.9724399599733156,34.07306583652745,0.9790825085317204
imagenette,data/imagenette2-320/val/n03445777/n03445777_4371.JPEG,n03445777,574,golf ball,webp,77,574,golf ball,0.5994712710380554,True,15412,9134,1.687322093277863,38.281560712560854,0.957113370638001
imagenette,data/imagenette2-320/val/n03445777/n03445777_4382.JPEG,n03445777,574,golf ball,webp,77,574,golf ball,0.3602559566497803,True,33368,28300,1.1790812720848056,34.945245712930024,0.9631158246425283
imagenette,data/imagenette2-320/val/n03445777/n03445777_4390.JPEG,n03445777,574,golf ball,webp,77,574,golf ball,0.4671984612941742,True,26315,19296,1.3637541459369817,36.92430269153873,0.9245793286644641
imagenette,data/imagenette2-320/val/n03445777/n03445777_451.JPEG,n03445777,574,golf ball,webp,77,522,croquet ball,0.22823573648929596,False,31858,28852,1.104186884791349,35.35535596772802,0.9587088436615844
imagenette,data/imagenette2-320/val/n03445777/n03445777_4512.JPEG,n03445777,574,golf ball,webp,77,574,golf ball,0.6011095643043518,True,35270,30502,1.1563176185168185,35.38383422852214,0.9655183671324946
imagenette,data/imagenette2-320/val/n03445777/n03445777_4520.JPEG,n03445777,574,golf ball,webp,77,471,cannon,0.10811655968427658,False,25116,21548,1.1655838128828662,36.00431412293926,0.9269800096602947
imagenette,data/imagenette2-320/val/n03445777/n03445777_4561.JPEG,n03445777,574,golf ball,webp,77,574,golf ball,0.4547973871231079,True,20947,15120,1.3853835978835978,37.40330493354663,0.9537036729907231
imagenette,data/imagenette2-320/val/n03445777/n03445777_461.JPEG,n03445777,574,golf ball,webp,77,574,golf ball,0.5562607049942017,True,48189,47126,1.0225565505241268,34.067848395388076,0.9796022112809896
imagenette,data/imagenette2-320/val/n03445777/n03445777_4622.JPEG,n03445777,574,golf ball,webp,77,574,golf ball,0.6043015122413635,True,11839,5882,2.0127507650459027,39.85980324642518,0.9616266921033964
imagenette,data/imagenette2-320/val/n03445777/n03445777_4641.JPEG,n03445777,574,golf ball,webp,77,574,golf ball,0.7371377348899841,True,27082,20994,1.2899876155091932,35.95526336117382,0.957062886402077
imagenette,data/imagenette2-320/val/n03445777/n03445777_4650.JPEG,n03445777,574,golf ball,webp,77,574,golf ball,0.38640832901000977,True,9591,4888,1.9621522094926351,40.7135260844114,0.9736328869999307
imagenette,data/imagenette2-320/val/n03445777/n03445777_4671.JPEG,n03445777,574,golf ball,webp,77,574,golf ball,0.48066094517707825,True,29401,23756,1.2376241791547398,35.324068151630314,0.9538747022425857
imagenette,data/imagenette2-320/val/n03445777/n03445777_471.JPEG,n03445777,574,golf ball,webp,77,574,golf ball,0.4600014090538025,True,14737,9548,1.5434645999162129,39.14670167260064,0.9623897275007999
imagenette,data/imagenette2-320/val/n03445777/n03445777_4711.JPEG,n03445777,574,golf ball,webp,77,712,Petri dish,0.17398542165756226,False,13928,7932,1.7559253656076652,39.531400713009354,0.9700921340083735
imagenette,data/imagenette2-320/val/n03445777/n03445777_4731.JPEG,n03445777,574,golf ball,webp,77,574,golf ball,0.43383458256721497,True,13323,7570,1.7599735799207397,38.264260807238585,0.9552679794890709
imagenette,data/imagenette2-320/val/n03445777/n03445777_482.JPEG,n03445777,574,golf ball,webp,77,574,golf ball,0.5112922787666321,True,28229,22154,1.2742168457163492,35.638492542181055,0.9634737154956544
imagenette,data/imagenette2-320/val/n03445777/n03445777_4832.JPEG,n03445777,574,golf ball,webp,77,574,golf ball,0.4277586340904236,True,31205,28538,1.0934543415796483,35.253767527703246,0.9671360070036489
imagenette,data/imagenette2-320/val/n03445777/n03445777_4852.JPEG,n03445777,574,golf ball,webp,77,574,golf ball,0.5504012107849121,True,18158,11036,1.645342515404132,37.59713422135934,0.9609422172136078
imagenette,data/imagenette2-320/val/n03445777/n03445777_4872.JPEG,n03445777,574,golf ball,webp,77,574,golf ball,0.5345131158828735,True,20865,14208,1.4685388513513513,36.18015642538852,0.9623794111844033
imagenette,data/imagenette2-320/val/n03445777/n03445777_490.JPEG,n03445777,574,golf ball,webp,77,574,golf ball,0.5171796679496765,True,8867,3752,2.363272921108742,42.54479329606347,0.9753337059412894
imagenette,data/imagenette2-320/val/n03445777/n03445777_4901.JPEG,n03445777,574,golf ball,webp,77,574,golf ball,0.5218326449394226,True,8955,4274,2.095226953673374,39.842078292909584,0.9660343912936779
imagenette,data/imagenette2-320/val/n03445777/n03445777_4930.JPEG,n03445777,574,golf ball,webp,77,574,golf ball,0.8624374866485596,True,16611,9408,1.765625,39.07156284987742,0.9760199918170857
imagenette,data/imagenette2-320/val/n03445777/n03445777_501.JPEG,n03445777,574,golf ball,webp,77,574,golf ball,0.5600502490997314,True,19992,12426,1.6088845968131338,37.25503867650099,0.9642032569951003
imagenette,data/imagenette2-320/val/n03445777/n03445777_5031.JPEG,n03445777,574,golf ball,webp,77,574,golf ball,0.4784146845340729,True,22878,16812,1.360813704496788,36.224621718460064,0.952271862327645
imagenette,data/imagenette2-320/val/n03445777/n03445777_5092.JPEG,n03445777,574,golf ball,webp,77,574,golf ball,0.7375643253326416,True,19262,9758,1.9739700758352121,40.35248421749016,0.9730191177145916
imagenette,data/imagenette2-320/val/n03445777/n03445777_5131.JPEG,n03445777,574,golf ball,webp,77,574,golf ball,0.4661334753036499,True,23212,15704,1.4780947529291901,37.11847910545603,0.9407078603809297
imagenette,data/imagenette2-320/val/n03445777/n03445777_520.JPEG,n03445777,574,golf ball,webp,77,574,golf ball,0.45341968536376953,True,40166,37426,1.0732111366429755,33.98624367339458,0.9760800197262817
imagenette,data/imagenette2-320/val/n03445777/n03445777_5222.JPEG,n03445777,574,golf ball,webp,77,574,golf ball,0.6084900498390198,True,14227,9518,1.4947467955452827,38.1514976414254,0.957360805708919
imagenette,data/imagenette2-320/val/n03445777/n03445777_5240.JPEG,n03445777,574,golf ball,webp,77,574,golf ball,0.3534935712814331,True,27121,20704,1.3099401081916537,36.06216559757845,0.9520380440818142
imagenette,data/imagenette2-320/val/n03445777/n03445777_5270.JPEG,n03445777,574,golf ball,webp,77,574,golf ball,0.5027677416801453,True,29421,26584,1.1067183268131207,35.7044852595572,0.9848331860451154
imagenette,data/imagenette2-320/val/n03445777/n03445777_5280.JPEG,n03445777,574,golf ball,webp,77,574,golf ball,0.4122611880302429,True,10278,6118,1.6799607714939522,39.909491164037824,0.980120293305787
imagenette,data/imagenette2-320/val/n03445777/n03445777_5300.JPEG,n03445777,574,golf ball,webp,77,574,golf ball,0.6084266304969788,True,17178,11910,1.4423173803526448,36.380114806364126,0.9577683152367916
imagenette,data/imagenette2-320/val/n03445777/n03445777_531.JPEG,n03445777,574,golf ball,webp,77,574,golf ball,0.2003411203622818,True,13915,7966,1.7467988953050464,37.54650011243143,0.9459422623636873
imagenette,data/imagenette2-320/val/n03445777/n03445777_5310.JPEG,n03445777,574,golf ball,webp,77,574,golf ball,0.547979474067688,True,12180,7228,1.6851134477033758,40.164494223635785,0.9761394419370574
imagenette,data/imagenette2-320/val/n03445777/n03445777_5312.JPEG,n03445777,574,golf ball,webp,77,574,golf ball,0.39383864402770996,True,24697,12672,1.9489425505050506,39.098061294618816,0.9764193466512529
imagenette,data/imagenette2-320/val/n03445777/n03445777_532.JPEG,n03445777,574,golf ball,webp,77,574,golf ball,0.3989001512527466,True,21516,14470,1.4869384934346925,37.68937592890974,0.9574122074988435
imagenette,data/imagenette2-320/val/n03445777/n03445777_5342.JPEG,n03445777,574,golf ball,webp,77,574,golf ball,0.47239047288894653,True,26538,21352,1.2428812289246909,36.000275726976156,0.9484789420219126
imagenette,data/imagenette2-320/val/n03445777/n03445777_5382.JPEG,n03445777,574,golf ball,webp,77,574,golf ball,0.4920559227466583,True,20785,11618,1.7890342571871234,39.12342729626169,0.9696782116975228
imagenette,data/imagenette2-320/val/n03445777/n03445777_5462.JPEG,n03445777,574,golf ball,webp,77,574,golf ball,0.3995286822319031,True,12981,7812,1.661674347158218,39.47462637573525,0.9705980224324208
imagenette,data/imagenette2-320/val/n03445777/n03445777_5492.JPEG,n03445777,574,golf ball,webp,77,574,golf ball,0.18169084191322327,True,16239,8870,1.8307779030439684,38.364912001470046,0.9599374273828652
imagenette,data/imagenette2-320/val/n03445777/n03445777_551.JPEG,n03445777,574,golf ball,webp,77,574,golf ball,0.5954575538635254,True,24330,20546,1.1841721016256206,36.06834854667313,0.9316723332530943
imagenette,data/imagenette2-320/val/n03445777/n03445777_5582.JPEG,n03445777,574,golf ball,webp,77,574,golf ball,0.4331854581832886,True,14929,7378,2.0234480889129847,38.99706255870797,0.9728323063764855
imagenette,data/imagenette2-320/val/n03445777/n03445777_5590.JPEG,n03445777,574,golf ball,webp,77,574,golf ball,0.5305944085121155,True,17168,9986,1.7192068896455037,36.99233474571682,0.951706517583101
imagenette,data/imagenette2-320/val/n03445777/n03445777_5592.JPEG,n03445777,574,golf ball,webp,77,574,golf ball,0.5145497918128967,True,30176,23946,1.2601687129374426,36.614139258204254,0.9665376426700029
imagenette,data/imagenette2-320/val/n03445777/n03445777_5670.JPEG,n03445777,574,golf ball,webp,77,574,golf ball,0.5660169720649719,True,10565,5408,1.953587278106509,40.77640274938496,0.9705981159352102
imagenette,data/imagenette2-320/val/n03445777/n03445777_5712.JPEG,n03445777,574,golf ball,webp,77,574,golf ball,0.45056870579719543,True,18638,13224,1.4094071385359952,38.12755130669716,0.9701363968858295
imagenette,data/imagenette2-320/val/n03445777/n03445777_5720.JPEG,n03445777,574,golf ball,webp,77,574,golf ball,0.7136636972427368,True,39630,37836,1.0474151601649222,35.165774692157385,0.9695561391318958
imagenette,data/imagenette2-320/val/n03445777/n03445777_5790.JPEG,n03445777,574,golf ball,webp,77,574,golf ball,0.43897736072540283,True,18331,12674,1.446346851822629,36.807303224477735,0.9487630255428874
imagenette,data/imagenette2-320/val/n03445777/n03445777_5810.JPEG,n03445777,574,golf ball,webp,77,574,golf ball,0.42883026599884033,True,21880,14970,1.4615898463593855,36.54601645206469,0.9572943012664985
imagenette,data/imagenette2-320/val/n03445777/n03445777_5812.JPEG,n03445777,574,golf ball,webp,77,574,golf ball,0.6228954195976257,True,18739,12966,1.4452414005861485,37.52501565031339,0.9581369769211299
imagenette,data/imagenette2-320/val/n03445777/n03445777_5851.JPEG,n03445777,574,golf ball,webp,77,574,golf ball,0.6321741342544556,True,17186,12012,1.4307359307359306,37.57379955415061,0.9563913840021905
imagenette,data/imagenette2-320/val/n03445777/n03445777_5861.JPEG,n03445777,574,golf ball,webp,77,574,golf ball,0.5430090427398682,True,12690,7030,1.8051209103840682,40.67843547308509,0.9771598373318376
imagenette,data/imagenette2-320/val/n03445777/n03445777_5862.JPEG,n03445777,574,golf ball,webp,77,574,golf ball,0.535641610622406,True,18755,11642,1.6109774952757259,38.6024024129447,0.948615182530204
imagenette,data/imagenette2-320/val/n03445777/n03445777_5901.JPEG,n03445777,574,golf ball,webp,77,574,golf ball,0.5098259449005127,True,38707,32410,1.194291885220611,34.41284959832494,0.9595673605825447
imagenette,data/imagenette2-320/val/n03445777/n03445777_5912.JPEG,n03445777,574,golf ball,webp,77,574,golf ball,0.5071424245834351,True,31268,27800,1.124748201438849,35.011296954098995,0.9725686416487681
imagenette,data/imagenette2-320/val/n03445777/n03445777_5932.JPEG,n03445777,574,golf ball,webp,77,574,golf ball,0.20957820117473602,True,30413,22532,1.3497692171134386,36.422351955355865,0.9715451161994503
imagenette,data/imagenette2-320/val/n03445777/n03445777_5941.JPEG,n03445777,574,golf ball,webp,77,574,golf ball,0.5165832042694092,True,24817,18260,1.3590909090909091,36.35079462726309,0.9559110169242615
imagenette,data/imagenette2-320/val/n03445777/n03445777_5971.JPEG,n03445777,574,golf ball,webp,77,574,golf ball,0.5784417390823364,True,25464,20330,1.2525332021642892,36.21124319384457,0.9491714680469375
imagenette,data/imagenette2-320/val/n03445777/n03445777_5991.JPEG,n03445777,574,golf ball,webp,77,574,golf ball,0.5542089939117432,True,8758,4470,1.9592841163310961,40.941137182196044,0.9694831467543467
imagenette,data/imagenette2-320/val/n03445777/n03445777_5992.JPEG,n03445777,574,golf ball,webp,77,574,golf ball,0.4191352427005768,True,11577,5972,1.9385465505693236,41.12816425291789,0.9737610516184287
imagenette,data/imagenette2-320/val/n03445777/n03445777_602.JPEG,n03445777,574,golf ball,webp,77,574,golf ball,0.6857331395149231,True,22086,15016,1.4708311134789558,37.42469330046595,0.9552090809783405
imagenette,data/imagenette2-320/val/n03445777/n03445777_6042.JPEG,n03445777,574,golf ball,webp,77,574,golf ball,0.5874940752983093,True,29625,23092,1.282911830937121,35.57466361627157,0.969805803675286
imagenette,data/imagenette2-320/val/n03445777/n03445777_6052.JPEG,n03445777,574,golf ball,webp,77,574,golf ball,0.5099789500236511,True,17414,10434,1.668966839179605,39.67989591469455,0.9700770136198681
imagenette,data/imagenette2-320/val/n03445777/n03445777_6071.JPEG,n03445777,574,golf ball,webp,77,574,golf ball,0.5653014779090881,True,10994,5404,2.034418948926721,40.73540591799236,0.9684269976648364
imagenette,data/imagenette2-320/val/n03445777/n03445777_6080.JPEG,n03445777,574,golf ball,webp,77,574,golf ball,0.5468004941940308,True,6794,2742,2.477753464624362,44.66972522829701,0.9831235332200525
imagenette,data/imagenette2-320/val/n03445777/n03445777_6081.JPEG,n03445777,574,golf ball,webp,77,574,golf ball,0.6528794169425964,True,18435,13446,1.3710397144132085,36.2733153819951,0.9600938534376299
imagenette,data/imagenette2-320/val/n03445777/n03445777_6091.JPEG,n03445777,574,golf ball,webp,77,574,golf ball,0.4062236547470093,True,15301,10132,1.5101658112909593,38.520515152919984,0.9674671216514495
imagenette,data/imagenette2-320/val/n03445777/n03445777_6101.JPEG,n03445777,574,golf ball,webp,77,574,golf ball,0.41508322954177856,True,14887,9772,1.5234343020875971,38.226876301917294,0.9616533744382055
imagenette,data/imagenette2-320/val/n03445777/n03445777_6162.JPEG,n03445777,574,golf ball,webp,77,574,golf ball,0.7840012311935425,True,26263,19866,1.3220074499144268,36.74637914417748,0.9586201733199807
imagenette,data/imagenette2-320/val/n03445777/n03445777_6181.JPEG,n03445777,574,golf ball,webp,77,574,golf ball,0.5514737367630005,True,20032,13598,1.4731578173260773,36.673536236779825,0.9533517733081657
imagenette,data/imagenette2-320/val/n03445777/n03445777_6201.JPEG,n03445777,574,golf ball,webp,77,574,golf ball,0.4138707220554352,True,19844,13468,1.4734184734184734,37.6871465722778,0.9529288228407888
imagenette,data/imagenette2-320/val/n03445777/n03445777_622.JPEG,n03445777,574,golf ball,webp,77,574,golf ball,0.627349317073822,True,20041,13260,1.5113876319758672,38.115265147770394,0.9636506847476861
imagenette,data/imagenette2-320/val/n03445777/n03445777_6242.JPEG,n03445777,574,golf ball,webp,77,574,golf ball,0.060539983212947845,True,12930,6580,1.965045592705167,38.269847318641595,0.9278018049453441
imagenette,data/imagenette2-320/val/n03445777/n03445777_6350.JPEG,n03445777,574,golf ball,webp,77,574,golf ball,0.36457520723342896,True,29559,22780,1.297585601404741,35.977011646457704,0.9516376975421803
imagenette,data/imagenette2-320/val/n03445777/n03445777_6360.JPEG,n03445777,574,golf ball,webp,77,574,golf ball,0.4014899432659149,True,54465,49850,1.0925777331995987,32.63206492974805,0.9543601336911748
imagenette,data/imagenette2-320/val/n03445777/n03445777_6380.JPEG,n03445777,574,golf ball,webp,77,574,golf ball,0.55223548412323,True,10398,4932,2.108272506082725,42.08112680272403,0.9720476776863342
imagenette,data/imagenette2-320/val/n03445777/n03445777_6421.JPEG,n03445777,574,golf ball,webp,77,574,golf ball,0.6382490396499634,True,16749,11010,1.5212534059945504,38.279166749960645,0.9581533715109739
imagenette,data/imagenette2-320/val/n03445777/n03445777_6432.JPEG,n03445777,574,golf ball,webp,77,429,baseball,0.1512242555618286,False,30824,27412,1.1244710345833941,35.428152838153565,0.9627433103458437
imagenette,data/imagenette2-320/val/n03445777/n03445777_6441.JPEG,n03445777,574,golf ball,webp,77,574,golf ball,0.2984577715396881,True,26078,20964,1.243941995802328,36.4847089485089,0.9602495925890048
imagenette,data/imagenette2-320/val/n03445777/n03445777_6451.JPEG,n03445777,574,golf ball,webp,77,574,golf ball,0.47785109281539917,True,17012,10108,1.6830233478432925,38.2060710021821,0.958171752638112
imagenette,data/imagenette2-320/val/n03445777/n03445777_6551.JPEG,n03445777,574,golf ball,webp,77,574,golf ball,0.5676259398460388,True,11820,5748,2.056367432150313,41.2052706650818,0.9725607857346793
imagenette,data/imagenette2-320/val/n03445777/n03445777_6590.JPEG,n03445777,574,golf ball,webp,77,574,golf ball,0.8152263164520264,True,26289,20206,1.301049193308918,36.266613502843335,0.9680840699539378
imagenette,data/imagenette2-320/val/n03445777/n03445777_6621.JPEG,n03445777,574,golf ball,webp,77,574,golf ball,0.6128019690513611,True,10455,5492,1.9036780772032047,40.015293796451004,0.970238257755438
imagenette,data/imagenette2-320/val/n03445777/n03445777_6721.JPEG,n03445777,574,golf ball,webp,77,574,golf ball,0.7491125464439392,True,24038,17082,1.4072122702259688,36.542065908764364,0.9576602788541934
imagenette,data/imagenette2-320/val/n03445777/n03445777_6752.JPEG,n03445777,574,golf ball,webp,77,574,golf ball,0.6636600494384766,True,60472,59332,1.0192139149194364,31.59252341794607,0.976911097482879
imagenette,data/imagenette2-320/val/n03445777/n03445777_6761.JPEG,n03445777,574,golf ball,webp,77,574,golf ball,0.34959709644317627,True,8852,4714,1.8778107764106915,41.60015108274091,0.9654255707496476
imagenette,data/imagenette2-320/val/n03445777/n03445777_6881.JPEG,n03445777,574,golf ball,webp,77,574,golf ball,0.5584760308265686,True,28073,20392,1.3766673205178501,36.208440099531224,0.9662549560646999
imagenette,data/imagenette2-320/val/n03445777/n03445777_6882.JPEG,n03445777,574,golf ball,webp,77,574,golf ball,0.5666859745979309,True,23178,17864,1.2974697716077026,37.05622324940588,0.9660197468059074
imagenette,data/imagenette2-320/val/n03445777/n03445777_70.JPEG,n03445777,574,golf ball,webp,77,574,golf ball,0.44616198539733887,True,21227,15908,1.3343600704048277,36.22680729787263,0.963129108447057
imagenette,data/imagenette2-320/val/n03445777/n03445777_7001.JPEG,n03445777,574,golf ball,webp,77,574,golf ball,0.3458685576915741,True,13810,8488,1.6270028275212065,38.09393384211204,0.9582196667931813
imagenette,data/imagenette2-320/val/n03445777/n03445777_7011.JPEG,n03445777,574,golf ball,webp,77,574,golf ball,0.7211565375328064,True,15249,8860,1.7211060948081265,39.5567810038884,0.9571398866954949
imagenette,data/imagenette2-320/val/n03445777/n03445777_7090.JPEG,n03445777,574,golf ball,webp,77,574,golf ball,0.7719690203666687,True,27502,20638,1.3325903672836514,35.92947196212424,0.9593272510498833
imagenette,data/imagenette2-320/val/n03445777/n03445777_7091.JPEG,n03445777,574,golf ball,webp,77,574,golf ball,0.4939904510974884,True,18115,12864,1.408193407960199,37.69824002305886,0.964244935448649
imagenette,data/imagenette2-320/val/n03445777/n03445777_71.JPEG,n03445777,574,golf ball,webp,77,574,golf ball,0.5065727233886719,True,20472,14312,1.4304080491894913,38.04169743905686,0.9540486081017283
imagenette,data/imagenette2-320/val/n03445777/n03445777_711.JPEG,n03445777,574,golf ball,webp,77,574,golf ball,0.49898818135261536,True,33440,26796,1.2479474548440066,34.99204634683415,0.9553637745114809
imagenette,data/imagenette2-320/val/n03445777/n03445777_7152.JPEG,n03445777,574,golf ball,webp,77,574,golf ball,0.7349342703819275,True,17228,10986,1.5681776806845076,36.55179851712337,0.9435493168069251
imagenette,data/imagenette2-320/val/n03445777/n03445777_7181.JPEG,n03445777,574,golf ball,webp,77,574,golf ball,0.43721622228622437,True,22688,16316,1.3905368962981124,37.71382028810326,0.950566792283543
imagenette,data/imagenette2-320/val/n03445777/n03445777_7212.JPEG,n03445777,574,golf ball,webp,77,574,golf ball,0.16579678654670715,True,26474,21252,1.2457180500658762,35.94851868238954,0.9504376411147023
imagenette,data/imagenette2-320/val/n03445777/n03445777_7242.JPEG,n03445777,574,golf ball,webp,77,574,golf ball,0.7876980304718018,True,30411,24330,1.2499383477188657,35.758226921448674,0.9630843364823733
imagenette,data/imagenette2-320/val/n03445777/n03445777_7251.JPEG,n03445777,574,golf ball,webp,77,574,golf ball,0.2923387885093689,True,28327,25710,1.1017891870867367,35.786488338354985,0.9472472205848964
imagenette,data/imagenette2-320/val/n03445777/n03445777_7310.JPEG,n03445777,574,golf ball,webp,77,574,golf ball,0.3948284685611725,True,15363,8654,1.7752484400277329,38.648445183006984,0.9599434387134637
imagenette,data/imagenette2-320/val/n03445777/n03445777_7372.JPEG,n03445777,574,golf ball,webp,77,574,golf ball,0.5293596386909485,True,18249,9724,1.8766968325791855,39.60255844144446,0.9563139135508135
imagenette,data/imagenette2-320/val/n03445777/n03445777_7382.JPEG,n03445777,574,golf ball,webp,77,574,golf ball,0.34265851974487305,True,42150,36330,1.1601981833195707,34.0425497494989,0.9561210871221487
imagenette,data/imagenette2-320/val/n03445777/n03445777_7442.JPEG,n03445777,574,golf ball,webp,77,574,golf ball,0.4519979953765869,True,11713,6054,1.934753881731087,41.21312035658589,0.9656408315441456
imagenette,data/imagenette2-320/val/n03445777/n03445777_7480.JPEG,n03445777,574,golf ball,webp,77,574,golf ball,0.3953326940536499,True,24222,17634,1.3735964613814222,37.34419427189598,0.9513749626867437
imagenette,data/imagenette2-320/val/n03445777/n03445777_752.JPEG,n03445777,574,golf ball,webp,77,574,golf ball,0.4139030873775482,True,11027,5726,1.9257771568285016,40.27973069793298,0.9745233773120314
imagenette,data/imagenette2-320/val/n03445777/n03445777_7552.JPEG,n03445777,574,golf ball,webp,77,574,golf ball,0.4278922379016876,True,40669,39146,1.038905635313953,34.33855116509813,0.9804730957572039
imagenette,data/imagenette2-320/val/n03445777/n03445777_7580.JPEG,n03445777,574,golf ball,webp,77,574,golf ball,0.5077242255210876,True,27925,24540,1.1379380603096985,36.20605639551666,0.9698892392731419
imagenette,data/imagenette2-320/val/n03445777/n03445777_7601.JPEG,n03445777,574,golf ball,webp,77,574,golf ball,0.485045462846756,True,25717,17920,1.4351004464285715,37.50905595973999,0.952684762589317
imagenette,data/imagenette2-320/val/n03445777/n03445777_7630.JPEG,n03445777,574,golf ball,webp,77,574,golf ball,0.6476327776908875,True,10609,5284,2.00775927327782,41.697575652555415,0.9727258489823254
imagenette,data/imagenette2-320/val/n03445777/n03445777_7641.JPEG,n03445777,574,golf ball,webp,77,574,golf ball,0.30979323387145996,True,24198,19418,1.2461633535894532,36.55849269239364,0.9636500876589582
imagenette,data/imagenette2-320/val/n03445777/n03445777_7650.JPEG,n03445777,574,golf ball,webp,77,574,golf ball,0.4174797534942627,True,21412,15048,1.4229133439659756,37.79918926884869,0.9484859654695691
imagenette,data/imagenette2-320/val/n03445777/n03445777_7652.JPEG,n03445777,574,golf ball,webp,77,574,golf ball,0.5070261359214783,True,23408,18814,1.2441798660571914,35.77457547348847,0.930155253186689
imagenette,data/imagenette2-320/val/n03445777/n03445777_7670.JPEG,n03445777,574,golf ball,webp,77,574,golf ball,0.5803737044334412,True,7551,3484,2.167336394948335,41.86534835462637,0.9720886970864858
imagenette,data/imagenette2-320/val/n03445777/n03445777_7691.JPEG,n03445777,574,golf ball,webp,77,574,golf ball,0.4966161847114563,True,20089,13500,1.488074074074074,38.314709123802125,0.9553162555585395
imagenette,data/imagenette2-320/val/n03445777/n03445777_7711.JPEG,n03445777,574,golf ball,webp,77,574,golf ball,0.5409793257713318,True,7486,2346,3.1909633418584824,43.91488614001612,0.9796239997677164
imagenette,data/imagenette2-320/val/n03445777/n03445777_7791.JPEG,n03445777,574,golf ball,webp,77,574,golf ball,0.4561241865158081,True,12733,6518,1.9535133476526543,40.325237447732505,0.9621692422200492
imagenette,data/imagenette2-320/val/n03445777/n03445777_790.JPEG,n03445777,574,golf ball,webp,77,574,golf ball,0.39401304721832275,True,33280,28032,1.187214611872146,35.067380945270024,0.9669912003237316
imagenette,data/imagenette2-320/val/n03445777/n03445777_7902.JPEG,n03445777,574,golf ball,webp,77,574,golf ball,0.5319929718971252,True,26756,22962,1.1652295096245973,36.409309055419726,0.9586425131699055
imagenette,data/imagenette2-320/val/n03445777/n03445777_7930.JPEG,n03445777,574,golf ball,webp,77,574,golf ball,0.5063439607620239,True,45405,45340,1.0014336127040142,34.64920004007395,0.985240621232732
imagenette,data/imagenette2-320/val/n03445777/n03445777_7931.JPEG,n03445777,574,golf ball,webp,77,574,golf ball,0.5240693092346191,True,10263,5560,1.845863309352518,40.11102236553215,0.9675604051314304
imagenette,data/imagenette2-320/val/n03445777/n03445777_7991.JPEG,n03445777,574,golf ball,webp,77,574,golf ball,0.4611508548259735,True,11950,6890,1.7343976777939043,41.1645281649331,0.9711079865312863
imagenette,data/imagenette2-320/val/n03445777/n03445777_8010.JPEG,n03445777,574,golf ball,webp,77,574,golf ball,0.4561576545238495,True,17058,12256,1.3918080939947781,37.52451321761611,0.962628555175745
imagenette,data/imagenette2-320/val/n03445777/n03445777_8060.JPEG,n03445777,574,golf ball,webp,77,574,golf ball,0.501758337020874,True,32328,24590,1.3146807645384302,35.806025055508506,0.9561618353177145
imagenette,data/imagenette2-320/val/n03445777/n03445777_8091.JPEG,n03445777,574,golf ball,webp,77,574,golf ball,0.59796142578125,True,39393,36446,1.080859353564177,34.97988935564994,0.9813603828375651
imagenette,data/imagenette2-320/val/n03445777/n03445777_8192.JPEG,n03445777,574,golf ball,webp,77,574,golf ball,0.6733508110046387,True,33860,26892,1.2591105161386287,35.2941987758081,0.9629715372385297
imagenette,data/imagenette2-320/val/n03445777/n03445777_8242.JPEG,n03445777,574,golf ball,webp,77,574,golf ball,0.4773738980293274,True,44550,43524,1.0235732009925558,33.968904999196326,0.9768799662843984
imagenette,data/imagenette2-320/val/n03445777/n03445777_832.JPEG,n03445777,574,golf ball,webp,77,574,golf ball,0.47834664583206177,True,16761,10114,1.6572078307296816,38.7233538422541,0.9580326295290962
imagenette,data/imagenette2-320/val/n03445777/n03445777_8332.JPEG,n03445777,574,golf ball,webp,77,574,golf ball,0.3062458634376526,True,38423,39108,0.9824844021683543,35.125184018840564,0.9640060961352453
imagenette,data/imagenette2-320/val/n03445777/n03445777_8380.JPEG,n03445777,574,golf ball,webp,77,574,golf ball,0.574465274810791,True,29861,25986,1.1491187562533671,35.619777878721465,0.9525820396822026
imagenette,data/imagenette2-320/val/n03445777/n03445777_850.JPEG,n03445777,574,golf ball,webp,77,574,golf ball,0.5870468020439148,True,20198,13376,1.5100179425837321,36.83983505186523,0.9627014630614973
imagenette,data/imagenette2-320/val/n03445777/n03445777_8541.JPEG,n03445777,574,golf ball,webp,77,574,golf ball,0.3470630943775177,True,23847,19232,1.2399646422628952,36.366125565454894,0.9562276069524835
imagenette,data/imagenette2-320/val/n03445777/n03445777_8550.JPEG,n03445777,574,golf ball,webp,77,574,golf ball,0.6777267456054688,True,30499,22670,1.3453462726069696,37.009664882722774,0.9582282584908105
imagenette,data/imagenette2-320/val/n03445777/n03445777_8552.JPEG,n03445777,574,golf ball,webp,77,574,golf ball,0.48873651027679443,True,20227,17224,1.1743497445424989,36.208193516549024,0.9522472276697439
imagenette,data/imagenette2-320/val/n03445777/n03445777_8610.JPEG,n03445777,574,golf ball,webp,77,574,golf ball,0.7257304787635803,True,12025,6134,1.9603847407890447,40.2031800401084,0.9618163926524202
imagenette,data/imagenette2-320/val/n03445777/n03445777_8620.JPEG,n03445777,574,golf ball,webp,77,574,golf ball,0.35903120040893555,True,26725,21054,1.269354991925525,36.32160329899788,0.9495441568638378
imagenette,data/imagenette2-320/val/n03445777/n03445777_8641.JPEG,n03445777,574,golf ball,webp,77,574,golf ball,0.28866589069366455,True,33756,31362,1.0763344174478668,34.7174749529028,0.9624639793572815
imagenette,data/imagenette2-320/val/n03445777/n03445777_8681.JPEG,n03445777,574,golf ball,webp,77,574,golf ball,0.319166898727417,True,19127,12458,1.535318670733665,38.248915969976785,0.9604879792214995
imagenette,data/imagenette2-320/val/n03445777/n03445777_8712.JPEG,n03445777,574,golf ball,webp,77,574,golf ball,0.1489986777305603,True,24994,17800,1.4041573033707866,36.3979617615786,0.9449390688135643
imagenette,data/imagenette2-320/val/n03445777/n03445777_8732.JPEG,n03445777,574,golf ball,webp,77,574,golf ball,0.48272305727005005,True,20288,13844,1.4654724068188385,37.75371038303592,0.9656255840423431
imagenette,data/imagenette2-320/val/n03445777/n03445777_8790.JPEG,n03445777,574,golf ball,webp,77,574,golf ball,0.7446590065956116,True,13665,8092,1.6887048937221947,38.843775333504894,0.9696906834131797
imagenette,data/imagenette2-320/val/n03445777/n03445777_882.JPEG,n03445777,574,golf ball,webp,77,574,golf ball,0.22813120484352112,True,39619,42090,0.9412924685198384,34.836102650615615,0.9709286600242892
imagenette,data/imagenette2-320/val/n03445777/n03445777_8820.JPEG,n03445777,574,golf ball,webp,77,574,golf ball,0.4587831199169159,True,20854,16880,1.2354265402843603,36.559373491629344,0.9697295581987272
imagenette,data/imagenette2-320/val/n03445777/n03445777_8840.JPEG,n03445777,574,golf ball,webp,77,574,golf ball,0.3417694866657257,True,13755,7398,1.859286293592863,39.154878178856706,0.9603015568559443
imagenette,data/imagenette2-320/val/n03445777/n03445777_8842.JPEG,n03445777,574,golf ball,webp,77,574,golf ball,0.5030674934387207,True,24121,14476,1.6662752141475545,37.52763844768339,0.9523222128241083
imagenette,data/imagenette2-320/val/n03445777/n03445777_8861.JPEG,n03445777,574,golf ball,webp,77,574,golf ball,0.3406572639942169,True,27811,24282,1.1453339922576393,35.82022308394041,0.9721966999488769
imagenette,data/imagenette2-320/val/n03445777/n03445777_8971.JPEG,n03445777,574,golf ball,webp,77,574,golf ball,0.5717852711677551,True,15784,9734,1.6215327717279637,40.16753555470131,0.9625462995423506
imagenette,data/imagenette2-320/val/n03445777/n03445777_8980.JPEG,n03445777,574,golf ball,webp,77,574,golf ball,0.6225663423538208,True,15360,8948,1.7165847116674118,38.81538611804427,0.9402286590988783
imagenette,data/imagenette2-320/val/n03445777/n03445777_9000.JPEG,n03445777,574,golf ball,webp,77,574,golf ball,0.4433104693889618,True,21131,14844,1.4235381298841283,37.63159245823125,0.9382095012482093
imagenette,data/imagenette2-320/val/n03445777/n03445777_9090.JPEG,n03445777,574,golf ball,webp,77,574,golf ball,0.8897017240524292,True,25712,20450,1.2573105134474327,36.189407634637746,0.9508503407315044
imagenette,data/imagenette2-320/val/n03445777/n03445777_9102.JPEG,n03445777,574,golf ball,webp,77,574,golf ball,0.5008015632629395,True,19546,12586,1.5529953917050692,38.55695695916556,0.9737073288706828
imagenette,data/imagenette2-320/val/n03445777/n03445777_9120.JPEG,n03445777,574,golf ball,webp,77,574,golf ball,0.4012705087661743,True,15231,9310,1.6359828141783028,39.285701690230695,0.9585064358372838
imagenette,data/imagenette2-320/val/n03445777/n03445777_9151.JPEG,n03445777,574,golf ball,webp,77,574,golf ball,0.4473918676376343,True,64536,63978,1.0087217481009096,33.23942742809504,0.9804722140397205
imagenette,data/imagenette2-320/val/n03445777/n03445777_9171.JPEG,n03445777,574,golf ball,webp,77,574,golf ball,0.3979456424713135,True,16934,12090,1.4006617038875104,37.98884011984599,0.9623773444121188
imagenette,data/imagenette2-320/val/n03445777/n03445777_9220.JPEG,n03445777,574,golf ball,webp,77,574,golf ball,0.5768316388130188,True,19348,14118,1.3704490721065308,37.04206076185316,0.9698143382235443
imagenette,data/imagenette2-320/val/n03445777/n03445777_9270.JPEG,n03445777,574,golf ball,webp,77,574,golf ball,0.5022391676902771,True,46922,46124,1.0173011881016392,34.285663386333695,0.9871649479790093
imagenette,data/imagenette2-320/val/n03445777/n03445777_9292.JPEG,n03445777,574,golf ball,webp,77,574,golf ball,0.46316176652908325,True,11966,6354,1.8832231665092856,42.319079164160904,0.9790755148495199
imagenette,data/imagenette2-320/val/n03445777/n03445777_9300.JPEG,n03445777,574,golf ball,webp,77,574,golf ball,0.3542075455188751,True,9937,5022,1.9786937475109518,41.22246929435814,0.9701526736718827
imagenette,data/imagenette2-320/val/n03445777/n03445777_9330.JPEG,n03445777,574,golf ball,webp,77,574,golf ball,0.4596761465072632,True,20395,14736,1.3840255157437569,38.1170811348141,0.9699980107927413
imagenette,data/imagenette2-320/val/n03445777/n03445777_9340.JPEG,n03445777,574,golf ball,webp,77,574,golf ball,0.31598255038261414,True,23539,17612,1.3365319100613218,36.43904459312838,0.9554895770458365
imagenette,data/imagenette2-320/val/n03445777/n03445777_9380.JPEG,n03445777,574,golf ball,webp,77,574,golf ball,0.49468323588371277,True,13129,7678,1.7099505079447772,39.75493458016408,0.964043994374811
imagenette,data/imagenette2-320/val/n03445777/n03445777_9381.JPEG,n03445777,574,golf ball,webp,77,574,golf ball,0.3006551265716553,True,18344,12708,1.4435001573811772,37.05266997935193,0.9653467167645736
imagenette,data/imagenette2-320/val/n03445777/n03445777_9411.JPEG,n03445777,574,golf ball,webp,77,574,golf ball,0.6731876730918884,True,42314,39214,1.0790533992961697,34.358017072260324,0.9674220074557661
imagenette,data/imagenette2-320/val/n03445777/n03445777_9442.JPEG,n03445777,574,golf ball,webp,77,574,golf ball,0.30136051774024963,True,39126,34410,1.1370531822144725,35.00966484040615,0.9672870488007049
imagenette,data/imagenette2-320/val/n03445777/n03445777_9552.JPEG,n03445777,574,golf ball,webp,77,574,golf ball,0.4159759283065796,True,20632,15232,1.3545168067226891,36.88015164599772,0.9542979499125618
imagenette,data/imagenette2-320/val/n03445777/n03445777_9572.JPEG,n03445777,574,golf ball,webp,77,574,golf ball,0.5118167400360107,True,36924,30470,1.2118148999015426,35.391970704164216,0.9687469670323683
imagenette,data/imagenette2-320/val/n03445777/n03445777_9740.JPEG,n03445777,574,golf ball,webp,77,574,golf ball,0.5117926001548767,True,24173,18362,1.3164687942489925,36.84873565562157,0.95353497729358
imagenette,data/imagenette2-320/val/n03445777/n03445777_9762.JPEG,n03445777,574,golf ball,webp,77,574,golf ball,0.88956618309021,True,11272,6458,1.7454320222979252,39.085465420263475,0.9648095540929963
imagenette,data/imagenette2-320/val/n03445777/n03445777_9771.JPEG,n03445777,574,golf ball,webp,77,574,golf ball,0.3529215455055237,True,18606,13384,1.3901673640167365,37.73204273160189,0.965737420019506
imagenette,data/imagenette2-320/val/n03445777/n03445777_980.JPEG,n03445777,574,golf ball,webp,77,574,golf ball,0.5719196200370789,True,16045,10360,1.5487451737451738,39.657253029544094,0.955841232587957
imagenette,data/imagenette2-320/val/n03445777/n03445777_9850.JPEG,n03445777,574,golf ball,webp,77,574,golf ball,0.4589991569519043,True,9290,4518,2.0562195661797253,40.99679431962278,0.977834185122275
imagenette,data/imagenette2-320/val/n03445777/n03445777_9880.JPEG,n03445777,574,golf ball,webp,77,574,golf ball,0.572165846824646,True,8658,4388,1.9731084776663628,42.31974417811412,0.9785007971121461
imagenette,data/imagenette2-320/val/n03445777/n03445777_9892.JPEG,n03445777,574,golf ball,webp,77,574,golf ball,0.41332682967185974,True,20934,13630,1.5358767424798239,37.471360392004286,0.9593096638936845
imagenette,data/imagenette2-320/val/n03445777/n03445777_9900.JPEG,n03445777,574,golf ball,webp,77,574,golf ball,0.38265570998191833,True,20268,14294,1.4179375961942073,37.669460845408324,0.9649046697473768
imagenette,data/imagenette2-320/val/n03445777/n03445777_992.JPEG,n03445777,574,golf ball,webp,77,574,golf ball,0.4319664239883423,True,20450,13718,1.4907420906837732,37.29069687404441,0.9631710976447024
imagenette,data/imagenette2-320/val/n03445777/n03445777_9921.JPEG,n03445777,574,golf ball,webp,77,574,golf ball,0.4221774637699127,True,8265,4128,2.0021802325581395,42.02493966714939,0.9795227847938138
imagenette,data/imagenette2-320/val/n03445777/n03445777_9971.JPEG,n03445777,574,golf ball,webp,77,574,golf ball,0.516812264919281,True,13596,8074,1.6839237057220708,39.77299571876625,0.960349258614447
imagenette,data/imagenette2-320/val/n03888257/ILSVRC2012_val_00001440.JPEG,n03888257,701,parachute,webp,77,701,parachute,0.6198799014091492,True,9029,5658,1.5957935666313185,39.86518602931874,0.9802033443912918
imagenette,data/imagenette2-320/val/n03888257/ILSVRC2012_val_00002990.JPEG,n03888257,701,parachute,webp,77,975,lakeside,0.10103845596313477,False,26356,21974,1.1994174934012924,35.858156338261374,0.9563132738382113
imagenette,data/imagenette2-320/val/n03888257/ILSVRC2012_val_00006561.JPEG,n03888257,701,parachute,webp,77,701,parachute,0.3819945752620697,True,13831,9074,1.5242450958783338,37.859993645446146,0.964658138747951
imagenette,data/imagenette2-320/val/n03888257/ILSVRC2012_val_00009370.JPEG,n03888257,701,parachute,webp,77,701,parachute,0.6102474331855774,True,18181,10082,1.803312834755009,37.64519941917452,0.9423875987550986
imagenette,data/imagenette2-320/val/n03888257/ILSVRC2012_val_00010460.JPEG,n03888257,701,parachute,webp,77,701,parachute,0.6098615527153015,True,25863,19310,1.3393578456758157,35.932247188987034,0.9540058267988009
imagenette,data/imagenette2-320/val/n03888257/ILSVRC2012_val_00014381.JPEG,n03888257,701,parachute,webp,77,701,parachute,0.4567822515964508,True,16666,9058,1.8399205122543607,37.7975143577211,0.95206640834198
imagenette,data/imagenette2-320/val/n03888257/ILSVRC2012_val_00017020.JPEG,n03888257,701,parachute,webp,77,701,parachute,0.3880842626094818,True,19452,13320,1.4603603603603603,34.01490104254231,0.9423161371780627
imagenette,data/imagenette2-320/val/n03888257/ILSVRC2012_val_00024340.JPEG,n03888257,701,parachute,webp,77,701,parachute,0.5294490456581116,True,16411,12042,1.3628134861318717,36.44891801179925,0.9625774875823153
imagenette,data/imagenette2-320/val/n03888257/ILSVRC2012_val_00025121.JPEG,n03888257,701,parachute,webp,77,701,parachute,0.8990023732185364,True,17818,9772,1.8233729021694638,38.898699311196594,0.9756817641420561
imagenette,data/imagenette2-320/val/n03888257/ILSVRC2012_val_00032482.JPEG,n03888257,701,parachute,webp,77,701,parachute,0.49032026529312134,True,15457,9382,1.647516520997655,36.78733829709606,0.9510811316850419
imagenette,data/imagenette2-320/val/n03888257/ILSVRC2012_val_00037770.JPEG,n03888257,701,parachute,webp,77,701,parachute,0.5985168814659119,True,16143,9302,1.7354332401634056,36.91878865164026,0.9624296072502202
imagenette,data/imagenette2-320/val/n03888257/ILSVRC2012_val_00038942.JPEG,n03888257,701,parachute,webp,77,701,parachute,0.33819565176963806,True,19236,13104,1.4679487179487178,37.317542397184354,0.9409802833289342
imagenette,data/imagenette2-320/val/n03888257/ILSVRC2012_val_00042262.JPEG,n03888257,701,parachute,webp,77,701,parachute,0.43126964569091797,True,8228,4700,1.7506382978723405,41.036055668007315,0.9861557482303013
imagenette,data/imagenette2-320/val/n03888257/ILSVRC2012_val_00044850.JPEG,n03888257,701,parachute,webp,77,701,parachute,0.6445116996765137,True,7762,4286,1.811012599160056,40.32010672824885,0.9735316748037183
imagenette,data/imagenette2-320/val/n03888257/n03888257_10050.JPEG,n03888257,701,parachute,webp,77,701,parachute,0.32643985748291016,True,16601,11052,1.5020810712993122,37.51988208770351,0.9472729037742568
imagenette,data/imagenette2-320/val/n03888257/n03888257_10092.JPEG,n03888257,701,parachute,webp,77,701,parachute,0.5107159614562988,True,9345,5488,1.7028061224489797,40.859095467398625,0.9818832610903998
imagenette,data/imagenette2-320/val/n03888257/n03888257_10210.JPEG,n03888257,701,parachute,webp,77,701,parachute,0.4326402544975281,True,12315,7652,1.6093831677992683,39.82556431556575,0.9794312473272538
imagenette,data/imagenette2-320/val/n03888257/n03888257_10271.JPEG,n03888257,701,parachute,webp,77,701,parachute,0.4985913634300232,True,8296,4516,1.837023914968999,41.60403002289072,0.9728566429646963
imagenette,data/imagenette2-320/val/n03888257/n03888257_10341.JPEG,n03888257,701,parachute,webp,77,701,parachute,0.45469722151756287,True,35859,32046,1.1189852087624041,34.81528020596491,0.9642847346841208
imagenette,data/imagenette2-320/val/n03888257/n03888257_10380.JPEG,n03888257,701,parachute,webp,77,701,parachute,0.6261692643165588,True,8356,4142,2.0173829068083053,41.86992825893755,0.9742809185318038
imagenette,data/imagenette2-320/val/n03888257/n03888257_10402.JPEG,n03888257,701,parachute,webp,77,701,parachute,0.7064024806022644,True,28327,21040,1.3463403041825095,36.30199301654447,0.9626826725936128
imagenette,data/imagenette2-320/val/n03888257/n03888257_10661.JPEG,n03888257,701,parachute,webp,77,701,parachute,0.8287087678909302,True,13518,7694,1.756953470236548,38.57716117282934,0.9412357497514519
imagenette,data/imagenette2-320/val/n03888257/n03888257_10680.JPEG,n03888257,701,parachute,webp,77,701,parachute,0.4366268515586853,True,19186,14034,1.3671084509049451,36.1011464772032,0.9528199011872623
imagenette,data/imagenette2-320/val/n03888257/n03888257_10721.JPEG,n03888257,701,parachute,webp,77,701,parachute,0.5230315327644348,True,17510,11522,1.5197014407220968,37.99214780043563,0.9697793644994267
imagenette,data/imagenette2-320/val/n03888257/n03888257_10892.JPEG,n03888257,701,parachute,webp,77,701,parachute,0.5235248804092407,True,15076,9044,1.6669615214506854,38.92491368747947,0.9623776628826558
imagenette,data/imagenette2-320/val/n03888257/n03888257_10980.JPEG,n03888257,701,parachute,webp,77,701,parachute,0.9270924925804138,True,27914,21936,1.2725200583515681,35.7991909997473,0.9624611292442032
imagenette,data/imagenette2-320/val/n03888257/n03888257_1100.JPEG,n03888257,701,parachute,webp,77,701,parachute,0.32347142696380615,True,15804,8200,1.9273170731707316,38.55242016926267,0.9277768240874117
imagenette,data/imagenette2-320/val/n03888257/n03888257_11042.JPEG,n03888257,701,parachute,webp,77,701,parachute,0.3919927477836609,True,6462,3206,2.0155957579538364,42.80577843362644,0.9818528581092822
imagenette,data/imagenette2-320/val/n03888257/n03888257_11081.JPEG,n03888257,701,parachute,webp,77,701,parachute,0.5688246488571167,True,21903,18862,1.1612236242180045,36.000249323575225,0.9642148916695096
imagenette,data/imagenette2-320/val/n03888257/n03888257_11210.JPEG,n03888257,701,parachute,webp,77,701,parachute,0.617701530456543,True,9249,4816,1.9204734219269104,41.464829612855354,0.9645099099096552
imagenette,data/imagenette2-320/val/n03888257/n03888257_11222.JPEG,n03888257,701,parachute,webp,77,701,parachute,0.43976229429244995,True,9743,4810,2.0255717255717256,41.15225771724607,0.9680461111358124
imagenette,data/imagenette2-320/val/n03888257/n03888257_11282.JPEG,n03888257,701,parachute,webp,77,701,parachute,0.8927426338195801,True,26639,21042,1.2659918258720655,36.171104183947904,0.939815855229417
imagenette,data/imagenette2-320/val/n03888257/n03888257_11450.JPEG,n03888257,701,parachute,webp,77,701,parachute,0.42584386467933655,True,18763,12078,1.5534856764364962,38.49179174774507,0.9594278271605806
imagenette,data/imagenette2-320/val/n03888257/n03888257_11452.JPEG,n03888257,701,parachute,webp,77,701,parachute,0.563042402267456,True,17157,11454,1.497904662126768,38.059788191725545,0.9748111826316368
imagenette,data/imagenette2-320/val/n03888257/n03888257_11491.JPEG,n03888257,701,parachute,webp,77,701,parachute,0.5254355072975159,True,16880,7634,2.211160597327744,38.587678818007774,0.9523016804344762
imagenette,data/imagenette2-320/val/n03888257/n03888257_11561.JPEG,n03888257,701,parachute,webp,77,701,parachute,0.6615986227989197,True,26823,20900,1.2833971291866029,36.54130460162901,0.955124072830435
imagenette,data/imagenette2-320/val/n03888257/n03888257_11580.JPEG,n03888257,701,parachute,webp,77,701,parachute,0.5157738924026489,True,16305,10860,1.5013812154696133,37.34450344767866,0.941553334843428
imagenette,data/imagenette2-320/val/n03888257/n03888257_1171.JPEG,n03888257,701,parachute,webp,77,701,parachute,0.6080685257911682,True,17998,11382,1.5812686698295555,38.22367181275741,0.9493437852069754
imagenette,data/imagenette2-320/val/n03888257/n03888257_11730.JPEG,n03888257,701,parachute,webp,77,701,parachute,0.42682692408561707,True,24746,18278,1.3538680380785644,35.71932347001797,0.9490159803057555
imagenette,data/imagenette2-320/val/n03888257/n03888257_11802.JPEG,n03888257,701,parachute,webp,77,701,parachute,0.48580849170684814,True,10893,6874,1.584666860634274,37.358880740785644,0.9691453020981536
imagenette,data/imagenette2-320/val/n03888257/n03888257_11901.JPEG,n03888257,701,parachute,webp,77,701,parachute,0.9250848293304443,True,29911,23894,1.25182054072152,36.02759576309787,0.9581741050537778
imagenette,data/imagenette2-320/val/n03888257/n03888257_11912.JPEG,n03888257,701,parachute,webp,77,701,parachute,0.06509719043970108,True,16507,9742,1.6944159310203244,38.38333233885054,0.9447303364498647
imagenette,data/imagenette2-320/val/n03888257/n03888257_11931.JPEG,n03888257,701,parachute,webp,77,701,parachute,0.7683774828910828,True,25672,18176,1.412411971830986,36.14718704452714,0.9526825502293064
imagenette,data/imagenette2-320/val/n03888257/n03888257_12.JPEG,n03888257,701,parachute,webp,77,701,parachute,0.49190065264701843,True,16110,8896,1.8109262589928057,39.446672661641166,0.9594389187101332
imagenette,data/imagenette2-320/val/n03888257/n03888257_12070.JPEG,n03888257,701,parachute,webp,77,701,parachute,0.26767197251319885,True,17437,11790,1.4789652247667515,38.20399416400279,0.9654610466277905
imagenette,data/imagenette2-320/val/n03888257/n03888257_121.JPEG,n03888257,701,parachute,webp,77,701,parachute,0.6223087906837463,True,6728,3360,2.0023809523809524,41.8166034903858,0.9841927486298857
imagenette,data/imagenette2-320/val/n03888257/n03888257_12212.JPEG,n03888257,701,parachute,webp,77,819,stage,0.03572952374815941,False,22048,15720,1.4025445292620866,37.145660343537806,0.9576837250795642
imagenette,data/imagenette2-320/val/n03888257/n03888257_1222.JPEG,n03888257,701,parachute,webp,77,701,parachute,0.6034961938858032,True,9720,5274,1.8430034129692834,41.010802507456575,0.9735919530526983
imagenette,data/imagenette2-320/val/n03888257/n03888257_12301.JPEG,n03888257,701,parachute,webp,77,701,parachute,0.37366318702697754,True,9914,3712,2.6707974137931036,42.4049284221052,0.9645753378240215
imagenette,data/imagenette2-320/val/n03888257/n03888257_12331.JPEG,n03888257,701,parachute,webp,77,701,parachute,0.32937857508659363,True,18422,10582,1.740880740880741,38.02543053226388,0.9624593267428591
imagenette,data/imagenette2-320/val/n03888257/n03888257_12400.JPEG,n03888257,701,parachute,webp,77,701,parachute,0.2996200621128082,True,6762,2868,2.3577405857740588,43.39848690438672,0.9831734785028005
imagenette,data/imagenette2-320/val/n03888257/n03888257_12401.JPEG,n03888257,701,parachute,webp,77,701,parachute,0.40710628032684326,True,38913,34480,1.1285672853828306,35.42189632274267,0.9673999036453006
imagenette,data/imagenette2-320/val/n03888257/n03888257_12491.JPEG,n03888257,701,parachute,webp,77,701,parachute,0.8687679767608643,True,9237,4770,1.9364779874213836,42.28699560989541,0.9773544026338209
imagenette,data/imagenette2-320/val/n03888257/n03888257_12501.JPEG,n03888257,701,parachute,webp,77,676,muzzle,0.06571665406227112,False,23856,16720,1.4267942583732058,36.82879188040202,0.9535190774263486
imagenette,data/imagenette2-320/val/n03888257/n03888257_1251.JPEG,n03888257,701,parachute,webp,77,701,parachute,0.6369526386260986,True,16132,8986,1.795237035388382,37.95173548891252,0.9422236408982342
imagenette,data/imagenette2-320/val/n03888257/n03888257_12560.JPEG,n03888257,701,parachute,webp,77,701,parachute,0.753799557685852,True,25047,16400,1.5272560975609757,36.97018934854792,0.9545438419812236
imagenette,data/imagenette2-320/val/n03888257/n03888257_12641.JPEG,n03888257,701,parachute,webp,77,895,warplane,0.21422171592712402,False,20533,14188,1.44720890893713,37.87409166157311,0.9561705215129876
imagenette,data/imagenette2-320/val/n03888257/n03888257_12752.JPEG,n03888257,701,parachute,webp,77,701,parachute,0.35325178503990173,True,10976,6166,1.7800843334414531,40.54009064374963,0.9808752836405259
imagenette,data/imagenette2-320/val/n03888257/n03888257_12801.JPEG,n03888257,701,parachute,webp,77,701,parachute,0.406013160943985,True,13673,7748,1.7647134744450181,39.82727863472025,0.9672019310958805
imagenette,data/imagenette2-320/val/n03888257/n03888257_12811.JPEG,n03888257,701,parachute,webp,77,701,parachute,0.062315184623003006,True,26791,20596,1.300786560497184,35.87382251384247,0.965045268756532
imagenette,data/imagenette2-320/val/n03888257/n03888257_12831.JPEG,n03888257,701,parachute,webp,77,701,parachute,0.4690502882003784,True,19547,11704,1.6701127819548873,36.70376271017501,0.8961561820364573
imagenette,data/imagenette2-320/val/n03888257/n03888257_12842.JPEG,n03888257,701,parachute,webp,77,701,parachute,0.42163950204849243,True,8913,4320,2.0631944444444446,41.86474487108275,0.9650423842562086
imagenette,data/imagenette2-320/val/n03888257/n03888257_12900.JPEG,n03888257,701,parachute,webp,77,701,parachute,0.36340558528900146,True,14000,8146,1.718634912840658,39.31747004405626,0.9556649190421549
imagenette,data/imagenette2-320/val/n03888257/n03888257_1291.JPEG,n03888257,701,parachute,webp,77,701,parachute,0.36693745851516724,True,11536,6128,1.8825065274151436,40.53087605305449,0.9656006450940184
imagenette,data/imagenette2-320/val/n03888257/n03888257_13072.JPEG,n03888257,701,parachute,webp,77,701,parachute,0.5341516137123108,True,41356,39692,1.0419228056031442,34.296025881943216,0.9685075798025565
imagenette,data/imagenette2-320/val/n03888257/n03888257_13100.JPEG,n03888257,701,parachute,webp,77,701,parachute,0.5588729977607727,True,14621,9518,1.5361420466484557,38.79400445724723,0.9780922295114952
imagenette,data/imagenette2-320/val/n03888257/n03888257_13242.JPEG,n03888257,701,parachute,webp,77,701,parachute,0.6966477036476135,True,11109,4916,2.2597640358014646,40.40909568524627,0.9605089970304531
imagenette,data/imagenette2-320/val/n03888257/n03888257_13290.JPEG,n03888257,701,parachute,webp,77,701,parachute,0.8638805747032166,True,19086,14020,1.3613409415121256,37.34221012241561,0.9612464877674828
imagenette,data/imagenette2-320/val/n03888257/n03888257_13321.JPEG,n03888257,701,parachute,webp,77,701,parachute,0.8886163830757141,True,28212,22626,1.2468841156191992,35.87578082065876,0.957400894708996
imagenette,data/imagenette2-320/val/n03888257/n03888257_13410.JPEG,n03888257,701,parachute,webp,77,701,parachute,0.4473722279071808,True,14086,9638,1.461506536625856,37.58324295737143,0.9720575700373253
imagenette,data/imagenette2-320/val/n03888257/n03888257_13600.JPEG,n03888257,701,parachute,webp,77,701,parachute,0.4150383472442627,True,11908,6778,1.7568604308055473,40.29882404143276,0.9696006328541777
imagenette,data/imagenette2-320/val/n03888257/n03888257_13681.JPEG,n03888257,701,parachute,webp,77,701,parachute,0.797674834728241,True,24286,19390,1.252501289324394,36.752062052235246,0.961505125515143
imagenette,data/imagenette2-320/val/n03888257/n03888257_13790.JPEG,n03888257,701,parachute,webp,77,701,parachute,0.36803799867630005,True,14765,9866,1.4965538212041354,37.82058792285046,0.9575530278814686
imagenette,data/imagenette2-320/val/n03888257/n03888257_14090.JPEG,n03888257,701,parachute,webp,77,701,parachute,0.6787613034248352,True,8582,4326,1.9838187702265373,41.52315246279884,0.9786876045564048
imagenette,data/imagenette2-320/val/n03888257/n03888257_142.JPEG,n03888257,701,parachute,webp,77,701,parachute,0.45024529099464417,True,17891,11132,1.6071685231764283,38.00497868240673,0.9379667182723104
imagenette,data/imagenette2-320/val/n03888257/n03888257_1421.JPEG,n03888257,701,parachute,webp,77,701,parachute,0.5502360463142395,True,17212,10178,1.6910984476321478,38.646228206511196,0.9602872087991207
imagenette,data/imagenette2-320/val/n03888257/n03888257_1430.JPEG,n03888257,701,parachute,webp,77,701,parachute,0.45790350437164307,True,12079,6002,2.0124958347217596,40.26747721612292,0.9684151626319873
imagenette,data/imagenette2-320/val/n03888257/n03888257_14472.JPEG,n03888257,701,parachute,webp,77,701,parachute,0.5511435270309448,True,11471,6910,1.6600578871201157,39.72679292231007,0.9641076559190401
imagenette,data/imagenette2-320/val/n03888257/n03888257_14530.JPEG,n03888257,701,parachute,webp,77,701,parachute,0.3501245379447937,True,14770,8282,1.7833856556387346,39.45717116125126,0.9688868508652825
imagenette,data/imagenette2-320/val/n03888257/n03888257_14901.JPEG,n03888257,701,parachute,webp,77,701,parachute,0.6665235161781311,True,34524,29790,1.1589123867069486,34.79188367479078,0.9688228390731318
imagenette,data/imagenette2-320/val/n03888257/n03888257_15312.JPEG,n03888257,701,parachute,webp,77,701,parachute,0.41640645265579224,True,9897,6024,1.6429282868525896,39.889854730278586,0.9740944304419203
imagenette,data/imagenette2-320/val/n03888257/n03888257_15382.JPEG,n03888257,701,parachute,webp,77,701,parachute,0.43739211559295654,True,15459,8574,1.8030090972708188,37.68994394659439,0.9596090127903092
imagenette,data/imagenette2-320/val/n03888257/n03888257_15491.JPEG,n03888257,701,parachute,webp,77,701,parachute,0.4786471426486969,True,14174,7860,1.8033078880407125,39.804790966261436,0.9620015370031577
imagenette,data/imagenette2-320/val/n03888257/n03888257_15840.JPEG,n03888257,701,parachute,webp,77,701,parachute,0.41044971346855164,True,16679,10156,1.6422804253643166,38.22329658543468,0.9730061980803454
imagenette,data/imagenette2-320/val/n03888257/n03888257_16081.JPEG,n03888257,701,parachute,webp,77,701,parachute,0.3740469813346863,True,11921,7454,1.5992755567480548,40.097173551612556,0.9753144419746236
imagenette,data/imagenette2-320/val/n03888257/n03888257_16112.JPEG,n03888257,701,parachute,webp,77,701,parachute,0.38215047121047974,True,28815,19074,1.5106951871657754,34.71167174672688,0.9127692725804096
imagenette,data/imagenette2-320/val/n03888257/n03888257_16211.JPEG,n03888257,701,parachute,webp,77,970,alp,0.20066960155963898,False,10519,5328,1.9742867867867868,40.44001096698111,0.9626116076163515
imagenette,data/imagenette2-320/val/n03888257/n03888257_16542.JPEG,n03888257,701,parachute,webp,77,701,parachute,0.5759485363960266,True,9859,5522,1.7854038391886997,41.19029960567417,0.9763127251163702
imagenette,data/imagenette2-320/val/n03888257/n03888257_16741.JPEG,n03888257,701,parachute,webp,77,701,parachute,0.5628261566162109,True,22536,16212,1.390081421169504,37.188323606719166,0.9542627030177528
imagenette,data/imagenette2-320/val/n03888257/n03888257_16912.JPEG,n03888257,701,parachute,webp,77,701,parachute,0.7491691708564758,True,23407,16720,1.3999401913875598,34.6818750122616,0.9369719546378027
imagenette,data/imagenette2-320/val/n03888257/n03888257_16991.JPEG,n03888257,701,parachute,webp,77,701,parachute,0.22419597208499908,True,25652,16742,1.5321944809461234,37.43959006931129,0.9546518704738568
imagenette,data/imagenette2-320/val/n03888257/n03888257_17031.JPEG,n03888257,701,parachute,webp,77,978,seashore,0.2735615074634552,False,16614,11182,1.485780719012699,38.422830609817886,0.9610520134566135
imagenette,data/imagenette2-320/val/n03888257/n03888257_171.JPEG,n03888257,701,parachute,webp,77,701,parachute,0.5682988166809082,True,13448,7842,1.7148686559551134,39.66363282345175,0.9582259847669862
imagenette,data/imagenette2-320/val/n03888257/n03888257_17340.JPEG,n03888257,701,parachute,webp,77,701,parachute,0.7289597392082214,True,22047,17106,1.2888460189407225,37.50416607962358,0.9643548902134386
imagenette,data/imagenette2-320/val/n03888257/n03888257_17380.JPEG,n03888257,701,parachute,webp,77,701,parachute,0.4269813895225525,True,13070,8872,1.4731740306582506,39.3124490878048,0.9758699668013552
imagenette,data/imagenette2-320/val/n03888257/n03888257_17421.JPEG,n03888257,701,parachute,webp,77,701,parachute,0.5710824131965637,True,6774,3118,2.1725465041693393,41.542206027694924,0.984697766114262
imagenette,data/imagenette2-320/val/n03888257/n03888257_17542.JPEG,n03888257,701,parachute,webp,77,701,parachute,0.562185525894165,True,27515,23150,1.1885529157667387,35.95419411857448,0.9740168850207797
imagenette,data/imagenette2-320/val/n03888257/n03888257_17641.JPEG,n03888257,701,parachute,webp,77,701,parachute,0.34644412994384766,True,8426,4968,1.6960547504025765,40.67792038339623,0.9881692928065906
imagenette,data/imagenette2-320/val/n03888257/n03888257_17690.JPEG,n03888257,701,parachute,webp,77,701,parachute,0.692157506942749,True,12733,7152,1.780341163310962,40.07065057459461,0.9697705732072542
imagenette,data/imagenette2-320/val/n03888257/n03888257_17801.JPEG,n03888257,701,parachute,webp,77,701,parachute,0.547488272190094,True,13254,7758,1.708430007733952,40.371400196047496,0.974948889393313
imagenette,data/imagenette2-320/val/n03888257/n03888257_17851.JPEG,n03888257,701,parachute,webp,77,701,parachute,0.4167465567588806,True,33493,30234,1.1077925514321625,34.439232322760404,0.9620529672847375
imagenette,data/imagenette2-320/val/n03888257/n03888257_17872.JPEG,n03888257,701,parachute,webp,77,701,parachute,0.766891598701477,True,32464,27978,1.1603402673529202,36.0340648807301,0.9603825351305179
imagenette,data/imagenette2-320/val/n03888257/n03888257_17970.JPEG,n03888257,701,parachute,webp,77,701,parachute,0.5035398006439209,True,13659,7120,1.9183988764044944,39.792270168800165,0.9597012630400116
imagenette,data/imagenette2-320/val/n03888257/n03888257_18002.JPEG,n03888257,701,parachute,webp,77,701,parachute,0.5533508062362671,True,17320,8642,2.0041657023837076,38.80646066298056,0.9556387303830264
imagenette,data/imagenette2-320/val/n03888257/n03888257_18031.JPEG,n03888257,701,parachute,webp,77,977,sandbar,0.5660532712936401,False,25308,19938,1.269334938308757,36.877218113123206,0.9671982559418629
imagenette,data/imagenette2-320/val/n03888257/n03888257_18052.JPEG,n03888257,701,parachute,webp,77,701,parachute,0.7138555645942688,True,22983,16622,1.3826855974010348,36.52265896615139,0.939378483465239
imagenette,data/imagenette2-320/val/n03888257/n03888257_18181.JPEG,n03888257,701,parachute,webp,77,701,parachute,0.5017787218093872,True,26266,22238,1.181131396708337,34.85583560618522,0.962648712717502
imagenette,data/imagenette2-320/val/n03888257/n03888257_18360.JPEG,n03888257,701,parachute,webp,77,701,parachute,0.7768537998199463,True,11212,5276,2.125094768764215,40.580385813344805,0.9674608150399687
imagenette,data/imagenette2-320/val/n03888257/n03888257_18382.JPEG,n03888257,701,parachute,webp,77,701,parachute,0.34627899527549744,True,11336,6194,1.8301582176299644,40.93830657249973,0.9764884351576316
imagenette,data/imagenette2-320/val/n03888257/n03888257_18441.JPEG,n03888257,701,parachute,webp,77,701,parachute,0.25809475779533386,True,10108,6576,1.5371046228710463,40.14696449391786,0.9845488537411059
imagenette,data/imagenette2-320/val/n03888257/n03888257_18560.JPEG,n03888257,701,parachute,webp,77,701,parachute,0.6499955058097839,True,13419,7858,1.7076864342071774,39.670599405726264,0.9644293353440184
imagenette,data/imagenette2-320/val/n03888257/n03888257_18742.JPEG,n03888257,701,parachute,webp,77,701,parachute,0.4754335880279541,True,14508,9208,1.5755864465682015,38.88874050706575,0.9657937216487996
imagenette,data/imagenette2-320/val/n03888257/n03888257_18921.JPEG,n03888257,701,parachute,webp,77,978,seashore,0.21158599853515625,False,10185,4734,2.1514575411913817,40.794388357623035,0.9596086564460583
imagenette,data/imagenette2-320/val/n03888257/n03888257_19162.JPEG,n03888257,701,parachute,webp,77,701,parachute,0.904532790184021,True,25900,18690,1.3857677902621723,36.434893423284194,0.9606881749608895
imagenette,data/imagenette2-320/val/n03888257/n03888257_19211.JPEG,n03888257,701,parachute,webp,77,701,parachute,0.3188627064228058,True,24362,19294,1.2626723333678864,36.11731300366834,0.9464686354154516
imagenette,data/imagenette2-320/val/n03888257/n03888257_19260.JPEG,n03888257,701,parachute,webp,77,701,parachute,0.4378625154495239,True,6920,3974,1.7413185707096124,41.045374057564565,0.9863491922215321
imagenette,data/imagenette2-320/val/n03888257/n03888257_19451.JPEG,n03888257,701,parachute,webp,77,701,parachute,0.43073955178260803,True,6280,2758,2.277012327773749,43.46443603516473,0.9836302581012849
imagenette,data/imagenette2-320/val/n03888257/n03888257_19462.JPEG,n03888257,701,parachute,webp,77,701,parachute,0.5370400547981262,True,7976,4616,1.7279029462738302,39.36365626913365,0.9758017531520332
imagenette,data/imagenette2-320/val/n03888257/n03888257_19471.JPEG,n03888257,701,parachute,webp,77,701,parachute,0.3990679085254669,True,22189,16774,1.3228210325503755,36.84070452820853,0.9610641931364831
imagenette,data/imagenette2-320/val/n03888257/n03888257_19531.JPEG,n03888257,701,parachute,webp,77,701,parachute,0.893471360206604,True,17689,10868,1.6276223776223777,38.220307767464774,0.9564291857093691
imagenette,data/imagenette2-320/val/n03888257/n03888257_19570.JPEG,n03888257,701,parachute,webp,77,701,parachute,0.4638139605522156,True,7075,3152,2.2446065989847717,44.32548009520399,0.9835334373360659
imagenette,data/imagenette2-320/val/n03888257/n03888257_19580.JPEG,n03888257,701,parachute,webp,77,701,parachute,0.7251780033111572,True,26425,20724,1.2750916811426365,36.43034832710741,0.9399162062172683
imagenette,data/imagenette2-320/val/n03888257/n03888257_19702.JPEG,n03888257,701,parachute,webp,77,701,parachute,0.5507903695106506,True,9879,5224,1.8910796324655437,41.24756255349742,0.9672725600170634
imagenette,data/imagenette2-320/val/n03888257/n03888257_19792.JPEG,n03888257,701,parachute,webp,77,701,parachute,0.4525925815105438,True,9150,4404,2.077656675749319,40.6688453851718,0.9675432550740982
imagenette,data/imagenette2-320/val/n03888257/n03888257_19830.JPEG,n03888257,701,parachute,webp,77,701,parachute,0.5255184769630432,True,6911,3416,2.023126463700234,41.990820976083725,0.9775331356399914
imagenette,data/imagenette2-320/val/n03888257/n03888257_19921.JPEG,n03888257,701,parachute,webp,77,701,parachute,0.5601522922515869,True,5532,2304,2.4010416666666665,44.01219257336891,0.988514322553489
imagenette,data/imagenette2-320/val/n03888257/n03888257_19960.JPEG,n03888257,701,parachute,webp,77,701,parachute,0.3568204641342163,True,9141,4546,2.010778706555213,41.572311419407654,0.9824618342021832
imagenette,data/imagenette2-320/val/n03888257/n03888257_20012.JPEG,n03888257,701,parachute,webp,77,701,parachute,0.6930540800094604,True,11638,6196,1.8783085861846351,40.47870895408564,0.9565123368141252
imagenette,data/imagenette2-320/val/n03888257/n03888257_20151.JPEG,n03888257,701,parachute,webp,77,701,parachute,0.7424489259719849,True,32767,26828,1.221373192187267,35.597976863297326,0.9609039269360194
imagenette,data/imagenette2-320/val/n03888257/n03888257_20300.JPEG,n03888257,701,parachute,webp,77,701,parachute,0.40057289600372314,True,10273,5856,1.75426912568306,38.44781234683586,0.9502337918350579
imagenette,data/imagenette2-320/val/n03888257/n03888257_20352.JPEG,n03888257,701,parachute,webp,77,701,parachute,0.6872215867042542,True,9515,3802,2.5026301946344027,41.063290731560016,0.9686302770174496
imagenette,data/imagenette2-320/val/n03888257/n03888257_20450.JPEG,n03888257,701,parachute,webp,77,701,parachute,0.346658319234848,True,17691,12504,1.414827255278311,37.97564160235419,0.966378108484717
imagenette,data/imagenette2-320/val/n03888257/n03888257_20572.JPEG,n03888257,701,parachute,webp,77,701,parachute,0.32018208503723145,True,9559,5202,1.8375624759707805,39.528642709033406,0.9642746632763021
imagenette,data/imagenette2-320/val/n03888257/n03888257_21150.JPEG,n03888257,701,parachute,webp,77,701,parachute,0.44117432832717896,True,14499,8950,1.62,39.297672614285226,0.9617492464525146
imagenette,data/imagenette2-320/val/n03888257/n03888257_21201.JPEG,n03888257,701,parachute,webp,77,701,parachute,0.24167689681053162,True,9208,4316,2.1334569045412417,41.296609878523476,0.9752129259327121
imagenette,data/imagenette2-320/val/n03888257/n03888257_2122.JPEG,n03888257,701,parachute,webp,77,701,parachute,0.32917341589927673,True,14165,7072,2.0029694570135748,38.73248629841297,0.9510563554454978
imagenette,data/imagenette2-320/val/n03888257/n03888257_21432.JPEG,n03888257,701,parachute,webp,77,701,parachute,0.47807902097702026,True,12845,7854,1.6354723707664884,39.12757254837714,0.9702079929237399
imagenette,data/imagenette2-320/val/n03888257/n03888257_21552.JPEG,n03888257,701,parachute,webp,77,701,parachute,0.6387026906013489,True,30267,24978,1.2117463367763632,35.21908669352713,0.960425972684639
imagenette,data/imagenette2-320/val/n03888257/n03888257_21651.JPEG,n03888257,701,parachute,webp,77,701,parachute,0.3195028603076935,True,9709,5206,1.864963503649635,39.034386198623274,0.9694655935409434
imagenette,data/imagenette2-320/val/n03888257/n03888257_21912.JPEG,n03888257,701,parachute,webp,77,701,parachute,0.4268473982810974,True,21936,14074,1.5586187295722609,37.368703833337435,0.9548368597973386
imagenette,data/imagenette2-320/val/n03888257/n03888257_21932.JPEG,n03888257,701,parachute,webp,77,701,parachute,0.7138020396232605,True,29164,21832,1.335837303041407,36.2332723223814,0.9541855198805694
imagenette,data/imagenette2-320/val/n03888257/n03888257_22061.JPEG,n03888257,701,parachute,webp,77,701,parachute,0.6968715786933899,True,47982,44008,1.0903017633157608,34.076561085649566,0.9635205702183706
imagenette,data/imagenette2-320/val/n03888257/n03888257_22211.JPEG,n03888257,701,parachute,webp,77,701,parachute,0.7220990061759949,True,15730,9862,1.5950111539241534,38.61262801444163,0.9510667981235074
imagenette,data/imagenette2-320/val/n03888257/n03888257_22212.JPEG,n03888257,701,parachute,webp,77,701,parachute,0.5451527833938599,True,10442,5784,1.8053250345781466,39.53344200196256,0.962856940836137
imagenette,data/imagenette2-320/val/n03888257/n03888257_2222.JPEG,n03888257,701,parachute,webp,77,701,parachute,0.5760908722877502,True,18632,11764,1.583815028901734,37.9297653771401,0.9439530278820186
imagenette,data/imagenette2-320/val/n03888257/n03888257_22302.JPEG,n03888257,701,parachute,webp,77,701,parachute,0.537324070930481,True,13717,8488,1.6160461828463712,38.774686724475714,0.9684796996736026
imagenette,data/imagenette2-320/val/n03888257/n03888257_22330.JPEG,n03888257,701,parachute,webp,77,701,parachute,0.663472592830658,True,15634,7828,1.9971895758814513,40.54869613194673,0.9648832518697098
imagenette,data/imagenette2-320/val/n03888257/n03888257_22540.JPEG,n03888257,701,parachute,webp,77,701,parachute,0.41910669207572937,True,13089,7372,1.7755018990775908,39.37476992633235,0.9635058529134791
imagenette,data/imagenette2-320/val/n03888257/n03888257_22972.JPEG,n03888257,701,parachute,webp,77,701,parachute,0.5621886253356934,True,7444,3394,2.1932822628167354,42.27199513319501,0.9841682407145974
imagenette,data/imagenette2-320/val/n03888257/n03888257_23192.JPEG,n03888257,701,parachute,webp,77,701,parachute,0.4381071627140045,True,11030,5990,1.8414023372287145,40.01712953684765,0.9693094745631546
imagenette,data/imagenette2-320/val/n03888257/n03888257_23350.JPEG,n03888257,701,parachute,webp,77,701,parachute,0.5358568429946899,True,14977,9048,1.6552829354553493,38.44686373890026,0.949373969559363
imagenette,data/imagenette2-320/val/n03888257/n03888257_23372.JPEG,n03888257,701,parachute,webp,77,701,parachute,0.48595619201660156,True,10547,6072,1.7369894598155469,38.67776689374688,0.9548468733730671
imagenette,data/imagenette2-320/val/n03888257/n03888257_23421.JPEG,n03888257,701,parachute,webp,77,701,parachute,0.4028331935405731,True,15813,8448,1.8718039772727273,38.712638649219684,0.9530413245799144
imagenette,data/imagenette2-320/val/n03888257/n03888257_23571.JPEG,n03888257,701,parachute,webp,77,701,parachute,0.5695330500602722,True,9408,3992,2.3567134268537075,40.733733903728336,0.9562510258132654
imagenette,data/imagenette2-320/val/n03888257/n03888257_23680.JPEG,n03888257,701,parachute,webp,77,701,parachute,0.5665013194084167,True,8749,3758,2.328100053219798,41.19587447625847,0.9687744659911895
imagenette,data/imagenette2-320/val/n03888257/n03888257_23801.JPEG,n03888257,701,parachute,webp,77,701,parachute,0.5551354885101318,True,5015,1838,2.7285092491838956,45.17125218184689,0.9848085348526482
imagenette,data/imagenette2-320/val/n03888257/n03888257_24470.JPEG,n03888257,701,parachute,webp,77,701,parachute,0.3794361352920532,True,13022,8254,1.5776593166949358,38.33625944397363,0.971136103007737
imagenette,data/imagenette2-320/val/n03888257/n03888257_25150.JPEG,n03888257,701,parachute,webp,77,701,parachute,0.6368889808654785,True,21615,14750,1.4654237288135594,36.937832799429685,0.9495526316940924
imagenette,data/imagenette2-320/val/n03888257/n03888257_2520.JPEG,n03888257,701,parachute,webp,77,701,parachute,0.5611924529075623,True,14508,7062,2.054375531011045,40.89248005638565,0.9713484549322775
imagenette,data/imagenette2-320/val/n03888257/n03888257_25420.JPEG,n03888257,701,parachute,webp,77,701,parachute,0.4825558364391327,True,10439,6864,1.5208333333333333,38.78801401185093,0.9673723015934513
imagenette,data/imagenette2-320/val/n03888257/n03888257_25460.JPEG,n03888257,701,parachute,webp,77,701,parachute,0.4886993169784546,True,9796,5426,1.8053814964983412,41.653292581596645,0.9821653240389526
imagenette,data/imagenette2-320/val/n03888257/n03888257_25611.JPEG,n03888257,701,parachute,webp,77,701,parachute,0.3522222638130188,True,10536,5254,2.005329272934907,41.11362604469047,0.9708362200741121
imagenette,data/imagenette2-320/val/n03888257/n03888257_25810.JPEG,n03888257,701,parachute,webp,77,701,parachute,0.6734083890914917,True,26048,21610,1.2053678852383156,36.994828186255624,0.9754195903997069
imagenette,data/imagenette2-320/val/n03888257/n03888257_26182.JPEG,n03888257,701,parachute,webp,77,701,parachute,0.5855669379234314,True,7083,4102,1.7267186738176499,41.59304695962411,0.9836755238634588
imagenette,data/imagenette2-320/val/n03888257/n03888257_26651.JPEG,n03888257,701,parachute,webp,77,701,parachute,0.4679507613182068,True,8638,4954,1.7436415018167137,40.864422275251826,0.9879910731529492
imagenette,data/imagenette2-320/val/n03888257/n03888257_26672.JPEG,n03888257,701,parachute,webp,77,701,parachute,0.2031455785036087,True,18967,12990,1.4601231716705159,37.85952371726337,0.9695080281995034
imagenette,data/imagenette2-320/val/n03888257/n03888257_26931.JPEG,n03888257,701,parachute,webp,77,701,parachute,0.6215581893920898,True,12950,8446,1.5332701870708028,38.866735981396715,0.9763704530726486
imagenette,data/imagenette2-320/val/n03888257/n03888257_27102.JPEG,n03888257,701,parachute,webp,77,701,parachute,0.41130220890045166,True,8976,4480,2.0035714285714286,41.01033569639235,0.966842585977891
imagenette,data/imagenette2-320/val/n03888257/n03888257_2740.JPEG,n03888257,701,parachute,webp,77,701,parachute,0.3026399612426758,True,27885,15018,1.8567718737514982,39.67229131562299,0.9733473888803198
imagenette,data/imagenette2-320/val/n03888257/n03888257_2760.JPEG,n03888257,701,parachute,webp,77,701,parachute,0.21703557670116425,True,17183,11156,1.540247400501972,37.0867988101295,0.9459574275291102
imagenette,data/imagenette2-320/val/n03888257/n03888257_27671.JPEG,n03888257,701,parachute,webp,77,701,parachute,0.13775773346424103,True,11245,7570,1.4854689564068693,39.18857689261863,0.9798680405842802
imagenette,data/imagenette2-320/val/n03888257/n03888257_2791.JPEG,n03888257,701,parachute,webp,77,701,parachute,0.475423663854599,True,13257,7184,1.8453507795100224,38.19252819260835,0.9557662946896103
imagenette,data/imagenette2-320/val/n03888257/n03888257_28011.JPEG,n03888257,701,parachute,webp,77,701,parachute,0.56184983253479,True,9456,5598,1.6891747052518757,40.986969304224445,0.9878554695159828
imagenette,data/imagenette2-320/val/n03888257/n03888257_28352.JPEG,n03888257,701,parachute,webp,77,701,parachute,0.9259597063064575,True,18381,10518,1.7475755847119223,38.23473069365513,0.9603951711988783
imagenette,data/imagenette2-320/val/n03888257/n03888257_28482.JPEG,n03888257,701,parachute,webp,77,701,parachute,0.38885653018951416,True,9765,6170,1.5826580226904376,38.707854580296505,0.9735149996196387
imagenette,data/imagenette2-320/val/n03888257/n03888257_28581.JPEG,n03888257,701,parachute,webp,77,701,parachute,0.4899991452693939,True,35300,29904,1.1804440877474585,34.74642457850101,0.961451272710424
imagenette,data/imagenette2-320/val/n03888257/n03888257_28610.JPEG,n03888257,701,parachute,webp,77,701,parachute,0.1503618210554123,True,22553,18150,1.2425895316804407,35.912402685869566,0.9740446546182476
imagenette,data/imagenette2-320/val/n03888257/n03888257_29050.JPEG,n03888257,701,parachute,webp,77,701,parachute,0.7606097459793091,True,17818,11870,1.501095197978096,37.672332551029044,0.9672736274373198
imagenette,data/imagenette2-320/val/n03888257/n03888257_29090.JPEG,n03888257,701,parachute,webp,77,701,parachute,0.28157341480255127,True,11038,6040,1.8274834437086094,39.37480484220869,0.9742849368574937
imagenette,data/imagenette2-320/val/n03888257/n03888257_29170.JPEG,n03888257,701,parachute,webp,77,701,parachute,0.46476590633392334,True,11473,7432,1.543729817007535,38.508457622659286,0.9634736830249936
imagenette,data/imagenette2-320/val/n03888257/n03888257_29191.JPEG,n03888257,701,parachute,webp,77,701,parachute,0.43292224407196045,True,10873,6852,1.586835960303561,38.987773934004196,0.9793602934972574
imagenette,data/imagenette2-320/val/n03888257/n03888257_29201.JPEG,n03888257,701,parachute,webp,77,701,parachute,0.5659518837928772,True,23283,14732,1.5804371436329079,37.41497738955859,0.975003792720638
imagenette,data/imagenette2-320/val/n03888257/n03888257_29390.JPEG,n03888257,701,parachute,webp,77,701,parachute,0.44414088129997253,True,18553,11362,1.6328991374757966,37.00940568034547,0.9609214184665328
imagenette,data/imagenette2-320/val/n03888257/n03888257_29500.JPEG,n03888257,701,parachute,webp,77,701,parachute,0.21247608959674835,True,36972,33468,1.1046970240229472,36.63865093315203,0.9709466013730851
imagenette,data/imagenette2-320/val/n03888257/n03888257_29512.JPEG,n03888257,701,parachute,webp,77,701,parachute,0.5556469559669495,True,7384,3162,2.3352308665401647,43.1026730582823,0.9867018879551944
imagenette,data/imagenette2-320/val/n03888257/n03888257_29712.JPEG,n03888257,701,parachute,webp,77,701,parachute,0.5956268906593323,True,12449,6722,1.851978577804225,40.103161681321666,0.9604775693438529
imagenette,data/imagenette2-320/val/n03888257/n03888257_29762.JPEG,n03888257,701,parachute,webp,77,701,parachute,0.4005226790904999,True,41906,39252,1.067614389075716,34.43512585739636,0.9701961173411141
imagenette,data/imagenette2-320/val/n03888257/n03888257_29910.JPEG,n03888257,701,parachute,webp,77,701,parachute,0.40578970313072205,True,23073,16078,1.4350665505659908,36.06739045503672,0.9643705054689313
imagenette,data/imagenette2-320/val/n03888257/n03888257_30032.JPEG,n03888257,701,parachute,webp,77,701,parachute,0.4382826089859009,True,13638,8510,1.6025851938895417,38.90264492821957,0.9674418307108635
imagenette,data/imagenette2-320/val/n03888257/n03888257_30042.JPEG,n03888257,701,parachute,webp,77,701,parachute,0.5377262234687805,True,14735,7764,1.8978619268418342,40.18402052032413,0.9554878799686097
imagenette,data/imagenette2-320/val/n03888257/n03888257_30270.JPEG,n03888257,701,parachute,webp,77,701,parachute,0.6162627339363098,True,21333,14546,1.4665887529217654,36.530036531865505,0.9565772105304579
imagenette,data/imagenette2-320/val/n03888257/n03888257_30332.JPEG,n03888257,701,parachute,webp,77,701,parachute,0.44388529658317566,True,6611,3156,2.0947401774397973,42.970821162077584,0.9876497811545225
imagenette,data/imagenette2-320/val/n03888257/n03888257_30382.JPEG,n03888257,701,parachute,webp,77,701,parachute,0.4043424427509308,True,14835,7782,1.9063222821896684,36.51065130349555,0.9698729568175642
imagenette,data/imagenette2-320/val/n03888257/n03888257_30402.JPEG,n03888257,701,parachute,webp,77,701,parachute,0.15569263696670532,True,23645,17978,1.3152186005117366,36.513262437898284,0.9664047427315926
imagenette,data/imagenette2-320/val/n03888257/n03888257_30412.JPEG,n03888257,701,parachute,webp,77,701,parachute,0.48701542615890503,True,16004,10266,1.558932398207676,38.45272062142209,0.9671430296612226
imagenette,data/imagenette2-320/val/n03888257/n03888257_30521.JPEG,n03888257,701,parachute,webp,77,701,parachute,0.6659224033355713,True,28390,21640,1.3119223659889094,35.67466443381151,0.9459006558707465
imagenette,data/imagenette2-320/val/n03888257/n03888257_30680.JPEG,n03888257,701,parachute,webp,77,701,parachute,0.6916417479515076,True,20138,14870,1.3542703429724277,35.68199805402397,0.9479346106889689
imagenette,data/imagenette2-320/val/n03888257/n03888257_30682.JPEG,n03888257,701,parachute,webp,77,701,parachute,0.87110835313797,True,10750,6166,1.743431722348362,39.93217955543746,0.9657902384039833
imagenette,data/imagenette2-320/val/n03888257/n03888257_30691.JPEG,n03888257,701,parachute,webp,77,701,parachute,0.331266313791275,True,23389,15756,1.4844503681137344,36.50907887541103,0.953679339525681
imagenette,data/imagenette2-320/val/n03888257/n03888257_30712.JPEG,n03888257,701,parachute,webp,77,701,parachute,0.46190425753593445,True,20880,14538,1.4362360709863806,37.29814029521919,0.9551198028150282
imagenette,data/imagenette2-320/val/n03888257/n03888257_3072.JPEG,n03888257,701,parachute,webp,77,701,parachute,0.4845006763935089,True,8878,4744,1.87141652613828,41.920917286018295,0.9774966703111136
imagenette,data/imagenette2-320/val/n03888257/n03888257_30911.JPEG,n03888257,701,parachute,webp,77,701,parachute,0.41411277651786804,True,6341,2534,2.5023677979479086,43.70811959492221,0.9828072466858431
imagenette,data/imagenette2-320/val/n03888257/n03888257_31010.JPEG,n03888257,701,parachute,webp,77,701,parachute,0.4250083863735199,True,14678,8938,1.6422018348623852,35.83064390241668,0.9574142915828819
imagenette,data/imagenette2-320/val/n03888257/n03888257_31180.JPEG,n03888257,701,parachute,webp,77,701,parachute,0.4011777341365814,True,17058,12558,1.358337314859054,37.881435291962745,0.9710797754025743
imagenette,data/imagenette2-320/val/n03888257/n03888257_31301.JPEG,n03888257,701,parachute,webp,77,701,parachute,0.2846873104572296,True,22324,16450,1.3570820668693009,36.667493458137734,0.9667059814171463
imagenette,data/imagenette2-320/val/n03888257/n03888257_31370.JPEG,n03888257,701,parachute,webp,77,701,parachute,0.49757346510887146,True,18675,12282,1.5205178309721543,37.660579653595086,0.9509945464528456
imagenette,data/imagenette2-320/val/n03888257/n03888257_3142.JPEG,n03888257,701,parachute,webp,77,701,parachute,0.4093894958496094,True,10110,6648,1.5207581227436824,36.898199748157175,0.9615473096142549
imagenette,data/imagenette2-320/val/n03888257/n03888257_31742.JPEG,n03888257,701,parachute,webp,77,701,parachute,0.5252432227134705,True,9151,4452,2.0554806828391734,42.030901517910365,0.9788869364248262
imagenette,data/imagenette2-320/val/n03888257/n03888257_31790.JPEG,n03888257,701,parachute,webp,77,701,parachute,0.43976643681526184,True,29475,22624,1.3028200141442716,36.205216762094224,0.9655800050151666
imagenette,data/imagenette2-320/val/n03888257/n03888257_31921.JPEG,n03888257,701,parachute,webp,77,701,parachute,0.6226145625114441,True,21181,14888,1.4226894142933906,35.431422929837936,0.9411009173754078
imagenette,data/imagenette2-320/val/n03888257/n03888257_32001.JPEG,n03888257,701,parachute,webp,77,701,parachute,0.47374191880226135,True,14796,10054,1.4716530734036204,37.98138985038933,0.9523990436001424
imagenette,data/imagenette2-320/val/n03888257/n03888257_32032.JPEG,n03888257,701,parachute,webp,77,701,parachute,0.3185690939426422,True,10481,5910,1.773434856175973,40.79933074996154,0.9763131246773064
imagenette,data/imagenette2-320/val/n03888257/n03888257_32042.JPEG,n03888257,701,parachute,webp,77,701,parachute,0.613507866859436,True,17746,9886,1.7950637264818936,37.90139934918141,0.938587647205154
imagenette,data/imagenette2-320/val/n03888257/n03888257_32141.JPEG,n03888257,701,parachute,webp,77,701,parachute,0.6353986263275146,True,15278,10094,1.5135724192589657,38.30451400688538,0.964029098356899
imagenette,data/imagenette2-320/val/n03888257/n03888257_32350.JPEG,n03888257,701,parachute,webp,77,701,parachute,0.4367780387401581,True,12972,6578,1.972027972027972,38.45665932710777,0.9688712646874392
imagenette,data/imagenette2-320/val/n03888257/n03888257_32391.JPEG,n03888257,701,parachute,webp,77,701,parachute,0.48979365825653076,True,12644,7784,1.6243576567317575,39.05175211978015,0.9733191097583211
imagenette,data/imagenette2-320/val/n03888257/n03888257_32520.JPEG,n03888257,701,parachute,webp,77,701,parachute,0.33571338653564453,True,17521,12854,1.3630776412011825,36.476944646004384,0.9609982985969081
imagenette,data/imagenette2-320/val/n03888257/n03888257_32670.JPEG,n03888257,701,parachute,webp,77,701,parachute,0.5197265148162842,True,19346,12834,1.5074022128720586,36.83684400140224,0.9454630166191856
imagenette,data/imagenette2-320/val/n03888257/n03888257_32682.JPEG,n03888257,701,parachute,webp,77,701,parachute,0.49128758907318115,True,16383,11452,1.4305798113866575,37.06753758926534,0.9794718470994798
imagenette,data/imagenette2-320/val/n03888257/n03888257_32911.JPEG,n03888257,701,parachute,webp,77,701,parachute,0.4981022775173187,True,8349,4620,1.8071428571428572,40.11573147026059,0.9796847054820921
imagenette,data/imagenette2-320/val/n03888257/n03888257_32970.JPEG,n03888257,701,parachute,webp,77,701,parachute,0.6618515253067017,True,26417,21366,1.236403631938594,35.978178025118524,0.9623244342124787
imagenette,data/imagenette2-320/val/n03888257/n03888257_33021.JPEG,n03888257,701,parachute,webp,77,557,flagpole,0.2562876045703888,False,6745,2654,2.541446872645064,43.568629749176786,0.9839282005059916
imagenette,data/imagenette2-320/val/n03888257/n03888257_33070.JPEG,n03888257,701,parachute,webp,77,842,swimming trunks,0.046706799417734146,False,15902,8812,1.8045846572855198,37.49672548655794,0.9422937687413985
imagenette,data/imagenette2-320/val/n03888257/n03888257_33170.JPEG,n03888257,701,parachute,webp,77,915,yurt,0.09462587535381317,False,27168,20270,1.3403058707449433,36.56776165497054,0.9482161213689931
imagenette,data/imagenette2-320/val/n03888257/n03888257_33182.JPEG,n03888257,701,parachute,webp,77,701,parachute,0.5545712113380432,True,11473,5376,2.1341145833333335,41.14648079596401,0.9585595555038844
imagenette,data/imagenette2-320/val/n03888257/n03888257_33250.JPEG,n03888257,701,parachute,webp,77,701,parachute,0.7730834484100342,True,31061,24752,1.254888493859082,34.21158086407387,0.95543949118148
imagenette,data/imagenette2-320/val/n03888257/n03888257_33471.JPEG,n03888257,701,parachute,webp,77,701,parachute,0.6532034873962402,True,11546,6748,1.7110254890337877,40.18585204069642,0.9789351802971126
imagenette,data/imagenette2-320/val/n03888257/n03888257_33481.JPEG,n03888257,701,parachute,webp,77,978,seashore,0.2759110927581787,False,14339,9926,1.4445899657465242,38.38206180346284,0.9710935033003674
imagenette,data/imagenette2-320/val/n03888257/n03888257_33801.JPEG,n03888257,701,parachute,webp,77,701,parachute,0.9024327397346497,True,12293,7758,1.5845578757411705,38.63442567969983,0.9651784937280553
imagenette,data/imagenette2-320/val/n03888257/n03888257_33931.JPEG,n03888257,701,parachute,webp,77,701,parachute,0.5630114078521729,True,12570,7092,1.772419627749577,40.298406431875335,0.9637860593102184
imagenette,data/imagenette2-320/val/n03888257/n03888257_34031.JPEG,n03888257,701,parachute,webp,77,701,parachute,0.6565072536468506,True,13475,8118,1.6598915989159893,39.990083344850675,0.9703192563965798
imagenette,data/imagenette2-320/val/n03888257/n03888257_34081.JPEG,n03888257,701,parachute,webp,77,701,parachute,0.2628471553325653,True,16662,11106,1.5002701242571583,36.28573553018547,0.954520936791301
imagenette,data/imagenette2-320/val/n03888257/n03888257_34162.JPEG,n03888257,701,parachute,webp,77,701,parachute,0.8264417052268982,True,25322,22146,1.1434119028266956,36.28619436651156,0.9685261596998557
imagenette,data/imagenette2-320/val/n03888257/n03888257_34280.JPEG,n03888257,701,parachute,webp,77,701,parachute,0.5578866004943848,True,12465,6502,1.9171024300215318,40.127095431413515,0.9558832822978552
imagenette,data/imagenette2-320/val/n03888257/n03888257_34320.JPEG,n03888257,701,parachute,webp,77,701,parachute,0.4987022578716278,True,10945,6604,1.6573288915808602,39.55810258396144,0.9684084574736511
imagenette,data/imagenette2-320/val/n03888257/n03888257_34452.JPEG,n03888257,701,parachute,webp,77,701,parachute,0.3396760821342468,True,4552,1704,2.671361502347418,44.68108426523962,0.980000666826764
imagenette,data/imagenette2-320/val/n03888257/n03888257_34632.JPEG,n03888257,701,parachute,webp,77,701,parachute,0.5491644144058228,True,28398,22862,1.24214854343452,36.162302094979715,0.9501299923271728
imagenette,data/imagenette2-320/val/n03888257/n03888257_3492.JPEG,n03888257,701,parachute,webp,77,701,parachute,0.47298914194107056,True,13748,8344,1.6476510067114094,40.16470648484209,0.9706470779810289
imagenette,data/imagenette2-320/val/n03888257/n03888257_35020.JPEG,n03888257,701,parachute,webp,77,701,parachute,0.4125281572341919,True,9762,5512,1.771044992743106,40.8824457651533,0.9817803068085121
imagenette,data/imagenette2-320/val/n03888257/n03888257_35241.JPEG,n03888257,701,parachute,webp,77,701,parachute,0.587337076663971,True,11989,6234,1.92316329804299,39.30367248452173,0.9640513732133291
imagenette,data/imagenette2-320/val/n03888257/n03888257_35621.JPEG,n03888257,701,parachute,webp,77,701,parachute,0.5333410501480103,True,17387,11994,1.4496414874103718,37.47896578405617,0.9634606102533151
imagenette,data/imagenette2-320/val/n03888257/n03888257_35800.JPEG,n03888257,701,parachute,webp,77,701,parachute,0.5189089179039001,True,6355,3162,2.0098039215686274,42.68360029921609,0.9884715216167882
imagenette,data/imagenette2-320/val/n03888257/n03888257_35890.JPEG,n03888257,701,parachute,webp,77,701,parachute,0.5289114713668823,True,7682,3386,2.2687536916715887,43.0692515558069,0.9753987052845652
imagenette,data/imagenette2-320/val/n03888257/n03888257_35962.JPEG,n03888257,701,parachute,webp,77,701,parachute,0.6650162935256958,True,9358,5330,1.7557223264540338,40.66988855881607,0.970250126441543
imagenette,data/imagenette2-320/val/n03888257/n03888257_3632.JPEG,n03888257,701,parachute,webp,77,701,parachute,0.6734029650688171,True,5213,2638,1.9761182714177408,42.36876804716321,0.9875549815480259
imagenette,data/imagenette2-320/val/n03888257/n03888257_36371.JPEG,n03888257,701,parachute,webp,77,701,parachute,0.6214470863342285,True,11621,6424,1.808997509339975,39.57390632330546,0.9778927421597868
imagenette,data/imagenette2-320/val/n03888257/n03888257_36390.JPEG,n03888257,701,parachute,webp,77,701,parachute,0.356467604637146,True,7774,3886,2.0005146680391146,42.01742569288961,0.9797945762419635
imagenette,data/imagenette2-320/val/n03888257/n03888257_3642.JPEG,n03888257,701,parachute,webp,77,701,parachute,0.5171862840652466,True,6732,2894,2.3261921216309607,44.15794780081886,0.9844486593940432
imagenette,data/imagenette2-320/val/n03888257/n03888257_3651.JPEG,n03888257,701,parachute,webp,77,701,parachute,0.23115482926368713,True,16760,10348,1.619636644762273,38.9559680631639,0.966730672343188
imagenette,data/imagenette2-320/val/n03888257/n03888257_36541.JPEG,n03888257,701,parachute,webp,77,701,parachute,0.39213669300079346,True,25127,20084,1.251095399322844,36.46877424354421,0.9687853038726294
imagenette,data/imagenette2-320/val/n03888257/n03888257_36631.JPEG,n03888257,701,parachute,webp,77,701,parachute,0.5437995195388794,True,9297,5634,1.6501597444089458,38.34258272580461,0.958245931368559
imagenette,data/imagenette2-320/val/n03888257/n03888257_36831.JPEG,n03888257,701,parachute,webp,77,701,parachute,0.312965989112854,True,16459,9608,1.7130516236469608,36.94424875942258,0.9565909932834781
imagenette,data/imagenette2-320/val/n03888257/n03888257_36971.JPEG,n03888257,701,parachute,webp,77,701,parachute,0.7669702172279358,True,20707,13814,1.4989865353988707,37.03093251076756,0.9541412559239232
imagenette,data/imagenette2-320/val/n03888257/n03888257_3720.JPEG,n03888257,701,parachute,webp,77,701,parachute,0.677855908870697,True,5393,1876,2.874733475479744,45.91577731979156,0.987936039938956
imagenette,data/imagenette2-320/val/n03888257/n03888257_37270.JPEG,n03888257,701,parachute,webp,77,978,seashore,0.21933093667030334,False,24059,17538,1.3718211882768845,36.00837252025011,0.9566519783606652
imagenette,data/imagenette2-320/val/n03888257/n03888257_37362.JPEG,n03888257,701,parachute,webp,77,701,parachute,0.16601207852363586,True,14182,10220,1.3876712328767122,37.320919920313706,0.9687203830524876
imagenette,data/imagenette2-320/val/n03888257/n03888257_37561.JPEG,n03888257,701,parachute,webp,77,701,parachute,0.45154809951782227,True,36638,33124,1.106086221470837,34.84726525033295,0.9628092871342208
imagenette,data/imagenette2-320/val/n03888257/n03888257_37950.JPEG,n03888257,701,parachute,webp,77,701,parachute,0.49561986327171326,True,10832,5846,1.8528908655490934,38.44688167213233,0.9636903941288518
imagenette,data/imagenette2-320/val/n03888257/n03888257_38102.JPEG,n03888257,701,parachute,webp,77,701,parachute,0.6466533541679382,True,12887,7468,1.725629351901446,39.48260225352436,0.962691425858664
imagenette,data/imagenette2-320/val/n03888257/n03888257_38200.JPEG,n03888257,701,parachute,webp,77,701,parachute,0.6074785590171814,True,8046,4386,1.8344733242134064,40.683063686926104,0.972861004396303
imagenette,data/imagenette2-320/val/n03888257/n03888257_38391.JPEG,n03888257,701,parachute,webp,77,701,parachute,0.28553080558776855,True,19788,13928,1.4207352096496266,37.29664598188758,0.9515765577839269
imagenette,data/imagenette2-320/val/n03888257/n03888257_38501.JPEG,n03888257,701,parachute,webp,77,701,parachute,0.7965743541717529,True,33451,27734,1.2061368717098147,35.81263038047205,0.9657893954498372
imagenette,data/imagenette2-320/val/n03888257/n03888257_38560.JPEG,n03888257,701,parachute,webp,77,701,parachute,0.5886719226837158,True,28424,24724,1.1496521598446854,34.73608330721956,0.9663734415763027
imagenette,data/imagenette2-320/val/n03888257/n03888257_39021.JPEG,n03888257,701,parachute,webp,77,701,parachute,0.46367302536964417,True,16138,10152,1.5896375098502757,38.4259334624279,0.9549561559798493
imagenette,data/imagenette2-320/val/n03888257/n03888257_39031.JPEG,n03888257,701,parachute,webp,77,701,parachute,0.539727509021759,True,9298,4922,1.889069483949614,41.6656197936209,0.9685973047949746
imagenette,data/imagenette2-320/val/n03888257/n03888257_3932.JPEG,n03888257,701,parachute,webp,77,701,parachute,0.6873595118522644,True,6177,2890,2.137370242214533,43.55851425124072,0.9894347577431694
imagenette,data/imagenette2-320/val/n03888257/n03888257_39402.JPEG,n03888257,701,parachute,webp,77,701,parachute,0.391172856092453,True,31779,28356,1.1207151925518408,35.65436068026721,0.9571048941215216
imagenette,data/imagenette2-320/val/n03888257/n03888257_39511.JPEG,n03888257,701,parachute,webp,77,701,parachute,0.59562748670578,True,20297,14456,1.4040536801328167,37.37556513088441,0.9692326916661811
imagenette,data/imagenette2-320/val/n03888257/n03888257_39552.JPEG,n03888257,701,parachute,webp,77,701,parachute,0.5672018527984619,True,12979,7722,1.6807821807821808,37.21840213584889,0.949397718411923
imagenette,data/imagenette2-320/val/n03888257/n03888257_400.JPEG,n03888257,701,parachute,webp,77,701,parachute,0.3531257212162018,True,21759,15888,1.36952416918429,36.764984892843074,0.9556659918207558
imagenette,data/imagenette2-320/val/n03888257/n03888257_4042.JPEG,n03888257,701,parachute,webp,77,701,parachute,0.834055483341217,True,14477,9310,1.5549946294307198,37.660928968375906,0.9587864482991509
imagenette,data/imagenette2-320/val/n03888257/n03888257_4052.JPEG,n03888257,701,parachute,webp,77,701,parachute,0.7869077324867249,True,28452,23510,1.2102084219481073,35.474170151874326,0.9577446951772474
imagenette,data/imagenette2-320/val/n03888257/n03888257_40951.JPEG,n03888257,701,parachute,webp,77,701,parachute,0.369791716337204,True,13227,7900,1.6743037974683543,39.562868904305006,0.9780101484324183
imagenette,data/imagenette2-320/val/n03888257/n03888257_41091.JPEG,n03888257,701,parachute,webp,77,701,parachute,0.4731496274471283,True,15004,9036,1.6604692341744134,38.692637271662,0.9441075321454638
imagenette,data/imagenette2-320/val/n03888257/n03888257_41260.JPEG,n03888257,701,parachute,webp,77,701,parachute,0.4960600733757019,True,12120,7592,1.5964172813487882,39.05969542460306,0.9726982590459429
imagenette,data/imagenette2-320/val/n03888257/n03888257_41391.JPEG,n03888257,701,parachute,webp,77,701,parachute,0.4549331068992615,True,32964,28214,1.1683561352520027,36.11512497598922,0.9656119367276151
imagenette,data/imagenette2-320/val/n03888257/n03888257_42.JPEG,n03888257,701,parachute,webp,77,701,parachute,0.44917812943458557,True,22609,16650,1.357897897897898,36.40441394085038,0.9545585033469167
imagenette,data/imagenette2-320/val/n03888257/n03888257_42680.JPEG,n03888257,701,parachute,webp,77,701,parachute,0.7711293697357178,True,20422,13584,1.5033863368669023,38.016497974892914,0.9564630362548483
imagenette,data/imagenette2-320/val/n03888257/n03888257_4311.JPEG,n03888257,701,parachute,webp,77,701,parachute,0.7157790660858154,True,28744,21530,1.3350673478866697,36.58940408407542,0.9513921897499413
imagenette,data/imagenette2-320/val/n03888257/n03888257_43260.JPEG,n03888257,701,parachute,webp,77,701,parachute,0.5810379981994629,True,9943,5526,1.7993123416576184,41.4891098087384,0.9790994295165968
imagenette,data/imagenette2-320/val/n03888257/n03888257_43782.JPEG,n03888257,701,parachute,webp,77,701,parachute,0.6045525670051575,True,7254,3452,2.101390498261877,42.745333896447974,0.9890443172609316
imagenette,data/imagenette2-320/val/n03888257/n03888257_43982.JPEG,n03888257,701,parachute,webp,77,701,parachute,0.8764045834541321,True,14385,7872,1.8273628048780488,40.372638708097796,0.9815359148854205
imagenette,data/imagenette2-320/val/n03888257/n03888257_44112.JPEG,n03888257,701,parachute,webp,77,701,parachute,0.27141329646110535,True,16721,11518,1.4517277305087688,38.47521828382847,0.9720451980474034
imagenette,data/imagenette2-320/val/n03888257/n03888257_44391.JPEG,n03888257,701,parachute,webp,77,701,parachute,0.539984405040741,True,33734,30516,1.1054528771791847,35.2943459492178,0.9584634882581295
imagenette,data/imagenette2-320/val/n03888257/n03888257_4512.JPEG,n03888257,701,parachute,webp,77,701,parachute,0.5950060486793518,True,12888,7952,1.6207243460764587,39.97232598347526,0.9762533314454062
imagenette,data/imagenette2-320/val/n03888257/n03888257_4561.JPEG,n03888257,701,parachute,webp,77,701,parachute,0.4637441635131836,True,17733,12262,1.446175175338444,36.70171622488486,0.9592821993394395
imagenette,data/imagenette2-320/val/n03888257/n03888257_4580.JPEG,n03888257,701,parachute,webp,77,701,parachute,0.6376110911369324,True,7582,3356,2.2592371871275327,43.062383980452815,0.9801048825335948
imagenette,data/imagenette2-320/val/n03888257/n03888257_46572.JPEG,n03888257,701,parachute,webp,77,701,parachute,0.463832825422287,True,11190,6366,1.7577756833176248,39.60744137343659,0.9668046987599439
imagenette,data/imagenette2-320/val/n03888257/n03888257_46621.JPEG,n03888257,701,parachute,webp,77,701,parachute,0.695276141166687,True,12756,7574,1.6841827303934513,40.59583530038897,0.9807596949460375
imagenette,data/imagenette2-320/val/n03888257/n03888257_4682.JPEG,n03888257,701,parachute,webp,77,701,parachute,0.6130581498146057,True,17789,11636,1.5287899621863184,37.47036949767306,0.95722015833485
imagenette,data/imagenette2-320/val/n03888257/n03888257_46870.JPEG,n03888257,701,parachute,webp,77,701,parachute,0.5603625774383545,True,9573,5480,1.746897810218978,39.98618611812561,0.9783271308946193
imagenette,data/imagenette2-320/val/n03888257/n03888257_4732.JPEG,n03888257,701,parachute,webp,77,701,parachute,0.4930168092250824,True,40382,38546,1.0476314014424324,35.38922457285267,0.9861719686189282
imagenette,data/imagenette2-320/val/n03888257/n03888257_482.JPEG,n03888257,701,parachute,webp,77,701,parachute,0.5016368627548218,True,14001,9166,1.5274929085751692,38.76035649256801,0.9649284959914843
imagenette,data/imagenette2-320/val/n03888257/n03888257_4842.JPEG,n03888257,701,parachute,webp,77,701,parachute,0.5497457385063171,True,5172,1794,2.882943143812709,46.008754105647554,0.990325710357153
imagenette,data/imagenette2-320/val/n03888257/n03888257_48910.JPEG,n03888257,701,parachute,webp,77,701,parachute,0.28439897298812866,True,13933,8694,1.6025994939038417,38.28848295278466,0.9625654822227139
imagenette,data/imagenette2-320/val/n03888257/n03888257_49081.JPEG,n03888257,701,parachute,webp,77,701,parachute,0.6587865352630615,True,23214,17346,1.338291248702871,37.09403803586338,0.9547213689513233
imagenette,data/imagenette2-320/val/n03888257/n03888257_49381.JPEG,n03888257,701,parachute,webp,77,701,parachute,0.4341677129268646,True,15404,8324,1.850552618933205,40.96493804460073,0.9743633857475341
imagenette,data/imagenette2-320/val/n03888257/n03888257_4952.JPEG,n03888257,701,parachute,webp,77,701,parachute,0.4196762442588806,True,19206,11714,1.6395765750384155,37.66575797245227,0.9388771949281355
imagenette,data/imagenette2-320/val/n03888257/n03888257_50102.JPEG,n03888257,701,parachute,webp,77,701,parachute,0.5434572696685791,True,27651,22046,1.254241132178173,37.12867223363184,0.9620161648319051
imagenette,data/imagenette2-320/val/n03888257/n03888257_50392.JPEG,n03888257,701,parachute,webp,77,701,parachute,0.5883480906486511,True,10494,6566,1.5982333231800183,39.9897994405558,0.9874768504082049
imagenette,data/imagenette2-320/val/n03888257/n03888257_50622.JPEG,n03888257,701,parachute,webp,77,701,parachute,0.6147147417068481,True,12738,7324,1.739213544511196,40.07250903719084,0.9650022691218552
imagenette,data/imagenette2-320/val/n03888257/n03888257_50880.JPEG,n03888257,701,parachute,webp,77,701,parachute,0.5033025741577148,True,8368,4414,1.8957861350249208,41.8381990264702,0.9774106949987601
imagenette,data/imagenette2-320/val/n03888257/n03888257_510.JPEG,n03888257,701,parachute,webp,77,701,parachute,0.14320296049118042,True,19941,14444,1.3805732484076434,36.15398712832405,0.9393677261160548
imagenette,data/imagenette2-320/val/n03888257/n03888257_5140.JPEG,n03888257,701,parachute,webp,77,701,parachute,0.387365460395813,True,7748,4094,1.892525647288715,42.29676217924602,0.985576819849729
imagenette,data/imagenette2-320/val/n03888257/n03888257_51522.JPEG,n03888257,701,parachute,webp,77,701,parachute,0.5155107378959656,True,12746,5382,2.36826458565589,39.78824886690717,0.9810879405568039
imagenette,data/imagenette2-320/val/n03888257/n03888257_51872.JPEG,n03888257,701,parachute,webp,77,701,parachute,0.28644946217536926,True,15211,9784,1.5546811120196238,38.57488539034901,0.9696136648017076
imagenette,data/imagenette2-320/val/n03888257/n03888257_5281.JPEG,n03888257,701,parachute,webp,77,701,parachute,0.42425885796546936,True,14024,8934,1.5697336019700023,38.351601719184856,0.9617599466054924
imagenette,data/imagenette2-320/val/n03888257/n03888257_5442.JPEG,n03888257,701,parachute,webp,77,701,parachute,0.3845875859260559,True,6316,2968,2.128032345013477,43.1042204623696,0.982715899546005
imagenette,data/imagenette2-320/val/n03888257/n03888257_5501.JPEG,n03888257,701,parachute,webp,77,701,parachute,0.7456104159355164,True,4620,1550,2.9806451612903224,46.75289301846788,0.9949197225712741
imagenette,data/imagenette2-320/val/n03888257/n03888257_55090.JPEG,n03888257,701,parachute,webp,77,701,parachute,0.6219107508659363,True,36383,29440,1.2358355978260869,34.384055165585984,0.9670118522299426
imagenette,data/imagenette2-320/val/n03888257/n03888257_5551.JPEG,n03888257,701,parachute,webp,77,701,parachute,0.7155736088752747,True,37482,32294,1.1606490369728122,34.64310973003956,0.9487380320908246
imagenette,data/imagenette2-320/val/n03888257/n03888257_5621.JPEG,n03888257,701,parachute,webp,77,701,parachute,0.5599873065948486,True,14972,9014,1.6609718216108276,37.66048746624446,0.9564853198802643
imagenette,data/imagenette2-320/val/n03888257/n03888257_5662.JPEG,n03888257,701,parachute,webp,77,917,comic book,0.3651758134365082,False,25958,19246,1.3487477917489348,35.549038358219256,0.9535558423162082
imagenette,data/imagenette2-320/val/n03888257/n03888257_5692.JPEG,n03888257,701,parachute,webp,77,701,parachute,0.4679999351501465,True,9042,4766,1.8971884179605538,41.96742992886396,0.9827649074068665
imagenette,data/imagenette2-320/val/n03888257/n03888257_57010.JPEG,n03888257,701,parachute,webp,77,701,parachute,0.44802993535995483,True,11515,6578,1.750532076619033,39.57375358843927,0.9719556022541065
imagenette,data/imagenette2-320/val/n03888257/n03888257_5722.JPEG,n03888257,701,parachute,webp,77,701,parachute,0.7576143741607666,True,13259,8446,1.5698555529244613,38.5858918200708,0.9691795033354266
imagenette,data/imagenette2-320/val/n03888257/n03888257_57570.JPEG,n03888257,701,parachute,webp,77,701,parachute,0.3633318543434143,True,12354,7408,1.667656587473002,39.22415118162251,0.9637328024302798
imagenette,data/imagenette2-320/val/n03888257/n03888257_5812.JPEG,n03888257,701,parachute,webp,77,701,parachute,0.5601441860198975,True,17354,10004,1.7347061175529788,37.78773082088322,0.9481520180501085
imagenette,data/imagenette2-320/val/n03888257/n03888257_5820.JPEG,n03888257,701,parachute,webp,77,701,parachute,0.6297016739845276,True,8115,4438,1.8285263632266786,39.62552583177849,0.9601428995556894
imagenette,data/imagenette2-320/val/n03888257/n03888257_58270.JPEG,n03888257,701,parachute,webp,77,701,parachute,0.395986944437027,True,10387,6248,1.6624519846350831,40.36093217531128,0.9797009543906693
imagenette,data/imagenette2-320/val/n03888257/n03888257_58392.JPEG,n03888257,701,parachute,webp,77,701,parachute,0.27658647298812866,True,18384,10922,1.6832082036257097,38.06342338335416,0.9469108183916352
imagenette,data/imagenette2-320/val/n03888257/n03888257_59412.JPEG,n03888257,701,parachute,webp,77,701,parachute,0.528988778591156,True,26230,19804,1.3244799030498888,36.60617493761758,0.9607978819451155
imagenette,data/imagenette2-320/val/n03888257/n03888257_59442.JPEG,n03888257,701,parachute,webp,77,701,parachute,0.27636346220970154,True,38778,34710,1.117199654278306,34.93407285741627,0.9621614266941547
imagenette,data/imagenette2-320/val/n03888257/n03888257_61350.JPEG,n03888257,701,parachute,webp,77,701,parachute,0.4054262042045593,True,23978,16586,1.4456770770529361,37.09262317430528,0.9507381758958061
imagenette,data/imagenette2-320/val/n03888257/n03888257_61581.JPEG,n03888257,701,parachute,webp,77,701,parachute,0.6542733311653137,True,28869,23040,1.2529947916666666,35.138987547859394,0.9564944121458163
imagenette,data/imagenette2-320/val/n03888257/n03888257_621.JPEG,n03888257,701,parachute,webp,77,701,parachute,0.5150173902511597,True,11794,6058,1.946847144272037,39.841660533754855,0.9630706232060969
imagenette,data/imagenette2-320/val/n03888257/n03888257_6230.JPEG,n03888257,701,parachute,webp,77,701,parachute,0.6655449271202087,True,34879,27770,1.2559956787900612,36.423503647988234,0.9532463168513413
imagenette,data/imagenette2-320/val/n03888257/n03888257_6250.JPEG,n03888257,701,parachute,webp,77,701,parachute,0.508134126663208,True,6234,2030,3.070935960591133,45.556521124518554,0.9875345934700276
imagenette,data/imagenette2-320/val/n03888257/n03888257_6331.JPEG,n03888257,701,parachute,webp,77,701,parachute,0.3669161796569824,True,17193,11364,1.5129355860612461,36.952759769227725,0.9470958012541496
imagenette,data/imagenette2-320/val/n03888257/n03888257_6402.JPEG,n03888257,701,parachute,webp,77,701,parachute,0.42553260922431946,True,17523,11070,1.5829268292682928,39.23126463386405,0.9685814556250717
imagenette,data/imagenette2-320/val/n03888257/n03888257_64711.JPEG,n03888257,701,parachute,webp,77,701,parachute,0.7433094382286072,True,17905,8824,2.0291251133272894,38.00810014254783,0.9606590285161407
imagenette,data/imagenette2-320/val/n03888257/n03888257_6491.JPEG,n03888257,701,parachute,webp,77,701,parachute,0.44098350405693054,True,13463,8196,1.642630551488531,39.33076815700352,0.9690499686938113
imagenette,data/imagenette2-320/val/n03888257/n03888257_6541.JPEG,n03888257,701,parachute,webp,77,701,parachute,0.30849459767341614,True,26203,18682,1.4025800235520822,36.281910684434926,0.947027043850008
imagenette,data/imagenette2-320/val/n03888257/n03888257_65922.JPEG,n03888257,701,parachute,webp,77,701,parachute,0.48383504152297974,True,18005,10788,1.6689840563589173,38.37194841946291,0.9585809497664304
imagenette,data/imagenette2-320/val/n03888257/n03888257_66102.JPEG,n03888257,701,parachute,webp,77,701,parachute,0.9117041230201721,True,36314,32324,1.1234376933547827,34.80539423894436,0.9674382738915291
imagenette,data/imagenette2-320/val/n03888257/n03888257_66361.JPEG,n03888257,701,parachute,webp,77,701,parachute,0.6376298666000366,True,9902,4340,2.2815668202764976,41.161571478843456,0.9532329205629555
imagenette,data/imagenette2-320/val/n03888257/n03888257_66552.JPEG,n03888257,701,parachute,webp,77,701,parachute,0.4073535203933716,True,15828,9584,1.6515025041736227,37.933232065955195,0.9517992448363559
imagenette,data/imagenette2-320/val/n03888257/n03888257_6662.JPEG,n03888257,701,parachute,webp,77,701,parachute,0.5439831614494324,True,9601,5672,1.6927009873060648,40.77384452072568,0.9829193662360428
imagenette,data/imagenette2-320/val/n03888257/n03888257_66961.JPEG,n03888257,701,parachute,webp,77,701,parachute,0.5757572650909424,True,17556,8898,1.9730276466621712,36.92772100529056,0.9532332801268896
imagenette,data/imagenette2-320/val/n03888257/n03888257_67221.JPEG,n03888257,701,parachute,webp,77,701,parachute,0.4746742844581604,True,15843,9666,1.639044072004966,38.3672361437825,0.9627758508660299
imagenette,data/imagenette2-320/val/n03888257/n03888257_67480.JPEG,n03888257,701,parachute,webp,77,701,parachute,0.48206108808517456,True,19249,12562,1.5323196943161916,36.88867211134458,0.9397025579391897
imagenette,data/imagenette2-320/val/n03888257/n03888257_68660.JPEG,n03888257,701,parachute,webp,77,701,parachute,0.5760603547096252,True,15193,10196,1.4900941545704198,37.58518476462445,0.9743733365042845
imagenette,data/imagenette2-320/val/n03888257/n03888257_6912.JPEG,n03888257,701,parachute,webp,77,701,parachute,0.514671802520752,True,18875,11326,1.6665195126258168,37.895316956890525,0.9571676169562421
imagenette,data/imagenette2-320/val/n03888257/n03888257_69371.JPEG,n03888257,701,parachute,webp,77,701,parachute,0.3355712592601776,True,13358,7604,1.7567069963177275,39.95812429918892,0.9742785420327245
imagenette,data/imagenette2-320/val/n03888257/n03888257_7011.JPEG,n03888257,701,parachute,webp,77,417,balloon,0.18895752727985382,False,5113,2310,2.2134199134199135,44.78917071094867,0.9905391732492056
imagenette,data/imagenette2-320/val/n03888257/n03888257_7061.JPEG,n03888257,701,parachute,webp,77,701,parachute,0.5224410891532898,True,12958,7544,1.7176564156945917,40.765470909249785,0.978164037955462
imagenette,data/imagenette2-320/val/n03888257/n03888257_70632.JPEG,n03888257,701,parachute,webp,77,701,parachute,0.6164296269416809,True,13675,8120,1.6841133004926108,39.94349860869597,0.983849778851886
imagenette,data/imagenette2-320/val/n03888257/n03888257_7130.JPEG,n03888257,701,parachute,webp,77,701,parachute,0.5498687028884888,True,8808,4002,2.2008995502248876,41.42675845812985,0.9763780175808853
imagenette,data/imagenette2-320/val/n03888257/n03888257_7210.JPEG,n03888257,701,parachute,webp,77,701,parachute,0.49607545137405396,True,8524,4494,1.8967512238540276,40.47509049952205,0.9795391492195504
imagenette,data/imagenette2-320/val/n03888257/n03888257_7231.JPEG,n03888257,701,parachute,webp,77,701,parachute,0.28666025400161743,True,6903,2772,2.49025974025974,43.08934087303544,0.9764934499862831
imagenette,data/imagenette2-320/val/n03888257/n03888257_72591.JPEG,n03888257,701,parachute,webp,77,701,parachute,0.5350936055183411,True,12564,5832,2.154320987654321,40.38836879440499,0.951777778735822
imagenette,data/imagenette2-320/val/n03888257/n03888257_72911.JPEG,n03888257,701,parachute,webp,77,701,parachute,0.45808878540992737,True,15691,10534,1.4895576229352572,38.42459303660996,0.9726689653676278
imagenette,data/imagenette2-320/val/n03888257/n03888257_72982.JPEG,n03888257,701,parachute,webp,77,701,parachute,0.5251975655555725,True,17780,9670,1.8386763185108583,37.546031838714974,0.9610140065811003
imagenette,data/imagenette2-320/val/n03888257/n03888257_7311.JPEG,n03888257,701,parachute,webp,77,701,parachute,0.9485694766044617,True,33248,25604,1.29854710201531,36.55325161020496,0.9651145834066558
imagenette,data/imagenette2-320/val/n03888257/n03888257_7331.JPEG,n03888257,701,parachute,webp,77,701,parachute,0.4924217164516449,True,13420,9282,1.4458090928679164,37.31671471458149,0.9710214208230309
imagenette,data/imagenette2-320/val/n03888257/n03888257_73320.JPEG,n03888257,701,parachute,webp,77,701,parachute,0.4325553774833679,True,11049,6048,1.8268849206349207,41.107923067037504,0.9706606481975104
imagenette,data/imagenette2-320/val/n03888257/n03888257_760.JPEG,n03888257,701,parachute,webp,77,701,parachute,0.1912275105714798,True,17586,10698,1.64385866517106,37.794533094874424,0.9556798969353085
imagenette,data/imagenette2-320/val/n03888257/n03888257_7610.JPEG,n03888257,701,parachute,webp,77,701,parachute,0.14421188831329346,True,7720,3372,2.2894424673784104,42.63155142845771,0.9730804368276543
imagenette,data/imagenette2-320/val/n03888257/n03888257_76121.JPEG,n03888257,701,parachute,webp,77,701,parachute,0.44946807622909546,True,11727,7022,1.67003702648818,40.035561550455874,0.9769396102790416
imagenette,data/imagenette2-320/val/n03888257/n03888257_76331.JPEG,n03888257,701,parachute,webp,77,701,parachute,0.6462993621826172,True,10471,6134,1.7070427127486143,39.3675553677894,0.9752686587248695
imagenette,data/imagenette2-320/val/n03888257/n03888257_76721.JPEG,n03888257,701,parachute,webp,77,701,parachute,0.400863915681839,True,10435,6356,1.6417558212712398,39.954267773154285,0.980774858975615
imagenette,data/imagenette2-320/val/n03888257/n03888257_7831.JPEG,n03888257,701,parachute,webp,77,701,parachute,0.355997771024704,True,8387,3890,2.1560411311053986,41.67020957500878,0.9754051392166336
imagenette,data/imagenette2-320/val/n03888257/n03888257_7921.JPEG,n03888257,701,parachute,webp,77,701,parachute,0.5595481395721436,True,10489,4250,2.468,40.853124687147556,0.9469920956445956
imagenette,data/imagenette2-320/val/n03888257/n03888257_7960.JPEG,n03888257,701,parachute,webp,77,701,parachute,0.4241555631160736,True,11882,5822,2.040879422878736,39.49327708931426,0.9571639041244843
imagenette,data/imagenette2-320/val/n03888257/n03888257_7982.JPEG,n03888257,701,parachute,webp,77,701,parachute,0.8185729384422302,True,20333,13234,1.5364213389753665,37.7054364305453,0.9398954280611465
imagenette,data/imagenette2-320/val/n03888257/n03888257_80.JPEG,n03888257,701,parachute,webp,77,701,parachute,0.3170052170753479,True,16146,8912,1.8117145421903051,38.69349426200766,0.9333158794207028
imagenette,data/imagenette2-320/val/n03888257/n03888257_8001.JPEG,n03888257,701,parachute,webp,77,701,parachute,0.625084400177002,True,34059,32870,1.0361728019470642,34.04313982163666,0.9748188120130786
imagenette,data/imagenette2-320/val/n03888257/n03888257_8080.JPEG,n03888257,701,parachute,webp,77,701,parachute,0.3724094033241272,True,8286,3238,2.5589870290302654,44.077567571797644,0.9897686897502388
imagenette,data/imagenette2-320/val/n03888257/n03888257_8100.JPEG,n03888257,701,parachute,webp,77,701,parachute,0.6503613591194153,True,20416,14136,1.4442558007923034,36.770376004053006,0.9579477432105633
imagenette,data/imagenette2-320/val/n03888257/n03888257_8112.JPEG,n03888257,701,parachute,webp,77,701,parachute,0.5202437043190002,True,13969,8218,1.6998053054271112,38.81046104796309,0.9624308478450644
imagenette,data/imagenette2-320/val/n03888257/n03888257_8160.JPEG,n03888257,701,parachute,webp,77,414,backpack,0.13127076625823975,False,22077,15876,1.3905895691609977,37.21975058999401,0.9630643262321151
imagenette,data/imagenette2-320/val/n03888257/n03888257_8381.JPEG,n03888257,701,parachute,webp,77,701,parachute,0.5364551544189453,True,9126,5078,1.7971642378889328,40.185807194226925,0.9779174839968219
imagenette,data/imagenette2-320/val/n03888257/n03888257_8391.JPEG,n03888257,701,parachute,webp,77,701,parachute,0.6621121764183044,True,14413,9442,1.5264774412200806,39.07105387817366,0.9694934441070228
imagenette,data/imagenette2-320/val/n03888257/n03888257_850.JPEG,n03888257,701,parachute,webp,77,701,parachute,0.6814247369766235,True,10485,5618,1.866322534709861,41.210241561672035,0.9760652395652074
imagenette,data/imagenette2-320/val/n03888257/n03888257_8502.JPEG,n03888257,701,parachute,webp,77,701,parachute,0.2664434015750885,True,17009,11050,1.5392760180995475,38.22102801290242,0.9386155100136544
imagenette,data/imagenette2-320/val/n03888257/n03888257_880.JPEG,n03888257,701,parachute,webp,77,701,parachute,0.8412448167800903,True,26029,17738,1.4674145901454505,37.1319853015162,0.9534039092028826
imagenette,data/imagenette2-320/val/n03888257/n03888257_8882.JPEG,n03888257,701,parachute,webp,77,701,parachute,0.5821101665496826,True,10177,6768,1.503693853427896,39.12886825360941,0.9848748119210476
imagenette,data/imagenette2-320/val/n03888257/n03888257_8982.JPEG,n03888257,701,parachute,webp,77,701,parachute,0.5637738108634949,True,12116,6310,1.9201267828843107,40.051008951172086,0.9565033440236458
imagenette,data/imagenette2-320/val/n03888257/n03888257_9082.JPEG,n03888257,701,parachute,webp,77,701,parachute,0.5697266459465027,True,22712,17986,1.2627599243856333,36.3854651286185,0.9697489145359462
imagenette,data/imagenette2-320/val/n03888257/n03888257_912.JPEG,n03888257,701,parachute,webp,77,701,parachute,0.581310510635376,True,11566,6796,1.701883460859329,38.79569518093959,0.9653501772200536
imagenette,data/imagenette2-320/val/n03888257/n03888257_9301.JPEG,n03888257,701,parachute,webp,77,701,parachute,0.5030688047409058,True,17889,10146,1.763157894736842,38.405330211924735,0.9276660896363199
imagenette,data/imagenette2-320/val/n03888257/n03888257_9371.JPEG,n03888257,701,parachute,webp,77,701,parachute,0.21038831770420074,True,40389,37092,1.0888870915561306,34.181326796058464,0.9667576502868384
imagenette,data/imagenette2-320/val/n03888257/n03888257_9552.JPEG,n03888257,701,parachute,webp,77,701,parachute,0.634533703327179,True,10341,5386,1.9199777200148533,40.42655109636059,0.972744490774649
imagenette,data/imagenette2-320/val/n03888257/n03888257_9640.JPEG,n03888257,701,parachute,webp,77,701,parachute,0.37859252095222473,True,18132,12066,1.5027349577324713,37.782353533386555,0.9613070702204652
imagenette,data/imagenette2-320/val/n03888257/n03888257_9650.JPEG,n03888257,701,parachute,webp,77,701,parachute,0.4954686462879181,True,14167,7734,1.8317817429531937,38.24941960370029,0.9449186774247947
imagenette,data/imagenette2-320/val/n03888257/n03888257_9671.JPEG,n03888257,701,parachute,webp,77,701,parachute,0.5823693871498108,True,17155,10036,1.7093463531287365,37.82013434990454,0.9648624673496601
imagenette,data/imagenette2-320/val/n03888257/n03888257_9770.JPEG,n03888257,701,parachute,webp,77,895,warplane,0.2532404959201813,False,23772,17652,1.346702923181509,37.41230862328733,0.9587534427198467
imagenette,data/imagenette2-320/val/n03888257/n03888257_9771.JPEG,n03888257,701,parachute,webp,77,701,parachute,0.6132177114486694,True,8113,3378,2.401716992303138,42.56678365095547,0.9794129948788156
imagenette,data/imagenette2-320/val/n03888257/n03888257_9812.JPEG,n03888257,701,parachute,webp,77,701,parachute,0.4838096499443054,True,11789,6208,1.8990012886597938,40.38473094280894,0.9561496566263848
imagenette,data/imagenette2-320/val/n03888257/n03888257_9932.JPEG,n03888257,701,parachute,webp,77,701,parachute,0.13607603311538696,True,31003,27306,1.1353914890500256,36.46241166079847,0.9730676656100221
