dataset,path,class_id,target_index,target_label,codec,quality,predicted_index,predicted_class,top1_confidence,is_correct,original_size_bytes,compressed_size_bytes,compression_ratio,psnr,ssim
imagewoof,data/imagewoof2-320/val/n02086240/ILSVRC2012_val_00002701.JPEG,n02086240,155,Shih-Tzu,webp,77,155,Shih-Tzu,0.3095585107803345,True,24499,17702,1.3839679132301435,36.56497249245521,0.9552881472607089
imagewoof,data/imagewoof2-320/val/n02086240/ILSVRC2012_val_00003841.JPEG,n02086240,155,Shih-Tzu,webp,77,155,Shih-Tzu,0.31891492009162903,True,17369,11158,1.5566409750851407,38.33566094530204,0.9590629458774081
imagewoof,data/imagewoof2-320/val/n02086240/ILSVRC2012_val_00004081.JPEG,n02086240,155,Shih-Tzu,webp,77,155,Shih-Tzu,0.5003988742828369,True,16358,9732,1.680846691327579,38.289710951582904,0.9593946754550293
imagewoof,data/imagewoof2-320/val/n02086240/ILSVRC2012_val_00010550.JPEG,n02086240,155,Shih-Tzu,webp,77,157,papillon,0.3271865248680115,False,24535,19046,1.2881969967447233,36.97802639171592,0.9618116137916779
imagewoof,data/imagewoof2-320/val/n02086240/ILSVRC2012_val_00014050.JPEG,n02086240,155,Shih-Tzu,webp,77,155,Shih-Tzu,0.10143633186817169,True,28228,24122,1.170218058204129,35.918875517300975,0.9585747579306374
imagewoof,data/imagewoof2-320/val/n02086240/ILSVRC2012_val_00018392.JPEG,n02086240,155,Shih-Tzu,webp,77,153,Maltese dog,0.23068560659885406,False,14041,7888,1.7800456389452333,39.28124031474472,0.9496904401359941
imagewoof,data/imagewoof2-320/val/n02086240/ILSVRC2012_val_00022091.JPEG,n02086240,155,Shih-Tzu,webp,77,155,Shih-Tzu,0.38735270500183105,True,22368,16254,1.3761535622000738,37.27345701652201,0.9530871202833925
imagewoof,data/imagewoof2-320/val/n02086240/ILSVRC2012_val_00026070.JPEG,n02086240,155,Shih-Tzu,webp,77,155,Shih-Tzu,0.3096001148223877,True,21064,14136,1.490096208262592,37.100029675326404,0.9465874127837385
imagewoof,data/imagewoof2-320/val/n02086240/ILSVRC2012_val_00026421.JPEG,n02086240,155,Shih-Tzu,webp,77,155,Shih-Tzu,0.2197132706642151,True,42951,43032,0.9981176798661461,34.053475230701366,0.9753458825782174
imagewoof,data/imagewoof2-320/val/n02086240/ILSVRC2012_val_00026911.JPEG,n02086240,155,Shih-Tzu,webp,77,155,Shih-Tzu,0.38372790813446045,True,18312,11320,1.6176678445229682,37.66940355029425,0.9586040157596513
imagewoof,data/imagewoof2-320/val/n02086240/ILSVRC2012_val_00029700.JPEG,n02086240,155,Shih-Tzu,webp,77,155,Shih-Tzu,0.30228251218795776,True,28839,24126,1.1953494155682667,35.845445307108136,0.9541829858140553
imagewoof,data/imagewoof2-320/val/n02086240/ILSVRC2012_val_00031191.JPEG,n02086240,155,Shih-Tzu,webp,77,155,Shih-Tzu,0.3385813236236572,True,28276,24656,1.1468202465931214,35.93277210271991,0.9534806802830964
imagewoof,data/imagewoof2-320/val/n02086240/ILSVRC2012_val_00036602.JPEG,n02086240,155,Shih-Tzu,webp,77,155,Shih-Tzu,0.4514405131340027,True,19742,13312,1.4830228365384615,37.582638980946015,0.9491854480557218
imagewoof,data/imagewoof2-320/val/n02086240/ILSVRC2012_val_00038882.JPEG,n02086240,155,Shih-Tzu,webp,77,155,Shih-Tzu,0.423910915851593,True,20950,15544,1.3477869274318064,36.857886522338134,0.952314031382322
imagewoof,data/imagewoof2-320/val/n02086240/ILSVRC2012_val_00044661.JPEG,n02086240,155,Shih-Tzu,webp,77,155,Shih-Tzu,0.35432764887809753,True,21490,15250,1.4091803278688524,37.28850424967571,0.9501353133083756
imagewoof,data/imagewoof2-320/val/n02086240/ILSVRC2012_val_00045970.JPEG,n02086240,155,Shih-Tzu,webp,77,155,Shih-Tzu,0.3715326488018036,True,27236,24170,1.1268514687629292,36.27219101400984,0.95058008995953
imagewoof,data/imagewoof2-320/val/n02086240/n02086240_10.JPEG,n02086240,155,Shih-Tzu,webp,77,155,Shih-Tzu,0.2734958231449127,True,32634,28528,1.1439287717330342,35.72468376707771,0.9715913515208786
imagewoof,data/imagewoof2-320/val/n02086240/n02086240_1001.JPEG,n02086240,155,Shih-Tzu,webp,77,155,Shih-Tzu,0.48897233605384827,True,22477,16722,1.3441573974404974,37.24455810859125,0.9536896229799865
imagewoof,data/imagewoof2-320/val/n02086240/n02086240_10061.JPEG,n02086240,155,Shih-Tzu,webp,77,155,Shih-Tzu,0.20421276986598969,True,27707,23914,1.1586100192355941,35.856259032810755,0.9677196958948998
imagewoof,data/imagewoof2-320/val/n02086240/n02086240_10092.JPEG,n02086240,155,Shih-Tzu,webp,77,155,Shih-Tzu,0.1746360808610916,True,28564,22622,1.2626646627177085,35.88794345960417,0.9576601044383793
imagewoof,data/imagewoof2-320/val/n02086240/n02086240_1011.JPEG,n02086240,155,Shih-Tzu,webp,77,155,Shih-Tzu,0.4067932367324829,True,37839,36558,1.0350402100771376,34.8482501819979,0.9677610244248135
imagewoof,data/imagewoof2-320/val/n02086240/n02086240_10162.JPEG,n02086240,155,Shih-Tzu,webp,77,155,Shih-Tzu,0.2949146032333374,True,23873,18206,1.3112710095572888,36.67144732200524,0.9505810780379212
imagewoof,data/imagewoof2-320/val/n02086240/n02086240_10272.JPEG,n02086240,155,Shih-Tzu,webp,77,155,Shih-Tzu,0.1596556305885315,True,14201,8504,1.6699200376293508,38.123514600138016,0.9564972145401215
imagewoof,data/imagewoof2-320/val/n02086240/n02086240_1030.JPEG,n02086240,155,Shih-Tzu,webp,77,204,Lhasa,0.24737770855426788,False,17729,13414,1.321678842999851,36.90589894882971,0.9617280454726725
imagewoof,data/imagewoof2-320/val/n02086240/n02086240_10350.JPEG,n02086240,155,Shih-Tzu,webp,77,155,Shih-Tzu,0.27465179562568665,True,19519,13622,1.432902657465864,37.53704301101037,0.9544884733501706
imagewoof,data/imagewoof2-320/val/n02086240/n02086240_10380.JPEG,n02086240,155,Shih-Tzu,webp,77,155,Shih-Tzu,0.3315875232219696,True,25998,19522,1.3317283065259706,36.55822281807428,0.9536097091001722
imagewoof,data/imagewoof2-320/val/n02086240/n02086240_10482.JPEG,n02086240,155,Shih-Tzu,webp,77,194,Dandie Dinmont,0.1907368153333664,False,29279,25288,1.1578218918063903,35.42120299444659,0.9680446491728959
imagewoof,data/imagewoof2-320/val/n02086240/n02086240_10540.JPEG,n02086240,155,Shih-Tzu,webp,77,155,Shih-Tzu,0.4102744162082672,True,33755,30318,1.1133649976911406,34.88141805164154,0.9589391954111007
imagewoof,data/imagewoof2-320/val/n02086240/n02086240_10542.JPEG,n02086240,155,Shih-Tzu,webp,77,155,Shih-Tzu,0.20637737214565277,True,13728,7524,1.8245614035087718,39.298986638291325,0.9548925726882787
imagewoof,data/imagewoof2-320/val/n02086240/n02086240_10642.JPEG,n02086240,155,Shih-Tzu,webp,77,155,Shih-Tzu,0.46087712049484253,True,24083,17920,1.3439174107142857,36.86019706936608,0.9580838323164896
imagewoof,data/imagewoof2-320/val/n02086240/n02086240_10771.JPEG,n02086240,155,Shih-Tzu,webp,77,155,Shih-Tzu,0.48761582374572754,True,18962,14258,1.329920044887081,36.86353662187074,0.9468868053847763
imagewoof,data/imagewoof2-320/val/n02086240/n02086240_1082.JPEG,n02086240,155,Shih-Tzu,webp,77,155,Shih-Tzu,0.3909849226474762,True,34633,32192,1.075826292246521,35.587715592737595,0.9605040329445851
imagewoof,data/imagewoof2-320/val/n02086240/n02086240_10820.JPEG,n02086240,155,Shih-Tzu,webp,77,155,Shih-Tzu,0.5580020546913147,True,24428,19720,1.2387423935091277,35.865175439935996,0.961072528993471
imagewoof,data/imagewoof2-320/val/n02086240/n02086240_10901.JPEG,n02086240,155,Shih-Tzu,webp,77,155,Shih-Tzu,0.4100062847137451,True,26222,18536,1.4146525679758308,36.859068805062726,0.950245003838099
imagewoof,data/imagewoof2-320/val/n02086240/n02086240_10970.JPEG,n02086240,155,Shih-Tzu,webp,77,155,Shih-Tzu,0.2715340256690979,True,14068,7778,1.8086911802519927,39.13463120689547,0.9621104019989007
imagewoof,data/imagewoof2-320/val/n02086240/n02086240_110.JPEG,n02086240,155,Shih-Tzu,webp,77,155,Shih-Tzu,0.29074764251708984,True,31504,27654,1.139220365950676,35.29471386763938,0.9624057828962628
imagewoof,data/imagewoof2-320/val/n02086240/n02086240_112.JPEG,n02086240,155,Shih-Tzu,webp,77,155,Shih-Tzu,0.2648911774158478,True,22003,15678,1.403431560147978,36.77264011987509,0.9648099224146874
imagewoof,data/imagewoof2-320/val/n02086240/n02086240_1122.JPEG,n02086240,155,Shih-Tzu,webp,77,155,Shih-Tzu,0.38493606448173523,True,19738,12730,1.550510604870385,38.39713521636756,0.9541196406683962
imagewoof,data/imagewoof2-320/val/n02086240/n02086240_1142.JPEG,n02086240,155,Shih-Tzu,webp,77,155,Shih-Tzu,0.18351595103740692,True,21426,14852,1.442633988688392,37.68309659324924,0.9520645574608991
imagewoof,data/imagewoof2-320/val/n02086240/n02086240_11420.JPEG,n02086240,155,Shih-Tzu,webp,77,204,Lhasa,0.2337149977684021,False,30791,26278,1.1717406195296445,35.94362256869068,0.9686128941759199
imagewoof,data/imagewoof2-320/val/n02086240/n02086240_11492.JPEG,n02086240,155,Shih-Tzu,webp,77,155,Shih-Tzu,0.4011074900627136,True,20991,13732,1.5286192834255754,37.76952186325354,0.9614831525314159
imagewoof,data/imagewoof2-320/val/n02086240/n02086240_11500.JPEG,n02086240,155,Shih-Tzu,webp,77,155,Shih-Tzu,0.4243122935295105,True,14645,7820,1.8727621483375958,39.78991284901745,0.9590659744732727
imagewoof,data/imagewoof2-320/val/n02086240/n02086240_11551.JPEG,n02086240,155,Shih-Tzu,webp,77,155,Shih-Tzu,0.15655118227005005,True,23366,16076,1.453471012689724,37.12013219380216,0.9628978606644264
imagewoof,data/imagewoof2-320/val/n02086240/n02086240_11552.JPEG,n02086240,155,Shih-Tzu,webp,77,155,Shih-Tzu,0.4371697008609772,True,11927,6730,1.7722139673105497,40.90089769916116,0.971754174850968
imagewoof,data/imagewoof2-320/val/n02086240/n02086240_11622.JPEG,n02086240,155,Shih-Tzu,webp,77,155,Shih-Tzu,0.5853115320205688,True,24212,18450,1.3123035230352305,36.57613418986059,0.9511152606712029
imagewoof,data/imagewoof2-320/val/n02086240/n02086240_11670.JPEG,n02086240,155,Shih-Tzu,webp,77,155,Shih-Tzu,0.37443721294403076,True,29095,25692,1.1324536820800248,35.27678623488455,0.969696766382246
imagewoof,data/imagewoof2-320/val/n02086240/n02086240_11692.JPEG,n02086240,155,Shih-Tzu,webp,77,155,Shih-Tzu,0.22949716448783875,True,25642,19498,1.3151092419735357,35.984356090511724,0.9514852370967212
imagewoof,data/imagewoof2-320/val/n02086240/n02086240_1170.JPEG,n02086240,155,Shih-Tzu,webp,77,155,Shih-Tzu,0.26042354106903076,True,20481,14380,1.424269819193324,37.24463497356494,0.9430877846299022
imagewoof,data/imagewoof2-320/val/n02086240/n02086240_11762.JPEG,n02086240,155,Shih-Tzu,webp,77,155,Shih-Tzu,0.382487952709198,True,16218,9944,1.6309332260659695,39.21094281094304,0.955768983347666
imagewoof,data/imagewoof2-320/val/n02086240/n02086240_1182.JPEG,n02086240,155,Shih-Tzu,webp,77,155,Shih-Tzu,0.21212708950042725,True,10545,6200,1.7008064516129033,40.50758816336717,0.960414231093338
imagewoof,data/imagewoof2-320/val/n02086240/n02086240_11860.JPEG,n02086240,155,Shih-Tzu,webp,77,200,Tibetan terrier,0.19312548637390137,False,30239,25718,1.1757912745936698,35.8148747975758,0.9527718585867229
imagewoof,data/imagewoof2-320/val/n02086240/n02086240_11861.JPEG,n02086240,155,Shih-Tzu,webp,77,155,Shih-Tzu,0.2341870367527008,True,20770,14480,1.4343922651933703,37.234968885369845,0.9472179097114122
imagewoof,data/imagewoof2-320/val/n02086240/n02086240_11901.JPEG,n02086240,155,Shih-Tzu,webp,77,155,Shih-Tzu,0.48970142006874084,True,25835,21042,1.2277825301777399,36.24736269804794,0.9478289178758184
imagewoof,data/imagewoof2-320/val/n02086240/n02086240_11920.JPEG,n02086240,155,Shih-Tzu,webp,77,155,Shih-Tzu,0.23539407551288605,True,19141,11236,1.7035421858312567,38.07598117674531,0.9448995985966467
imagewoof,data/imagewoof2-320/val/n02086240/n02086240_1200.JPEG,n02086240,155,Shih-Tzu,webp,77,155,Shih-Tzu,0.259102463722229,True,23218,16412,1.4146965634901292,37.00804688220804,0.9545174618228754
imagewoof,data/imagewoof2-320/val/n02086240/n02086240_12012.JPEG,n02086240,155,Shih-Tzu,webp,77,155,Shih-Tzu,0.5319139361381531,True,19499,13498,1.4445843828715366,38.39582451629638,0.96449999548766
imagewoof,data/imagewoof2-320/val/n02086240/n02086240_12071.JPEG,n02086240,155,Shih-Tzu,webp,77,155,Shih-Tzu,0.4211862087249756,True,22988,17062,1.347321533231743,36.79971129471888,0.9545356382307348
imagewoof,data/imagewoof2-320/val/n02086240/n02086240_12122.JPEG,n02086240,155,Shih-Tzu,webp,77,155,Shih-Tzu,0.42368218302726746,True,33319,31808,1.047503772635815,34.96454099031056,0.9757521202426324
imagewoof,data/imagewoof2-320/val/n02086240/n02086240_12182.JPEG,n02086240,155,Shih-Tzu,webp,77,155,Shih-Tzu,0.4272373616695404,True,20021,13674,1.4641655696943103,37.05901670049995,0.9363853546632255
imagewoof,data/imagewoof2-320/val/n02086240/n02086240_1220.JPEG,n02086240,155,Shih-Tzu,webp,77,155,Shih-Tzu,0.3955993354320526,True,32656,27290,1.196628801758886,35.62349200781108,0.9611423995507161
imagewoof,data/imagewoof2-320/val/n02086240/n02086240_12232.JPEG,n02086240,155,Shih-Tzu,webp,77,155,Shih-Tzu,0.25296518206596375,True,40283,39714,1.014327441204613,34.182558734894,0.9712865926071445
imagewoof,data/imagewoof2-320/val/n02086240/n02086240_12251.JPEG,n02086240,155,Shih-Tzu,webp,77,155,Shih-Tzu,0.46102505922317505,True,26908,20778,1.29502358263548,35.74971220628183,0.9556734181819421
imagewoof,data/imagewoof2-320/val/n02086240/n02086240_1230.JPEG,n02086240,155,Shih-Tzu,webp,77,155,Shih-Tzu,0.5885319709777832,True,15663,9116,1.718187801667398,38.57525733211693,0.9511252878845139
imagewoof,data/imagewoof2-320/val/n02086240/n02086240_12302.JPEG,n02086240,155,Shih-Tzu,webp,77,155,Shih-Tzu,0.316142737865448,True,13979,6888,2.029471544715447,39.26422927980625,0.9508017118650477
imagewoof,data/imagewoof2-320/val/n02086240/n02086240_1231.JPEG,n02086240,155,Shih-Tzu,webp,77,155,Shih-Tzu,0.34571924805641174,True,22000,15202,1.447178002894356,36.44952079368182,0.9601839055609824
imagewoof,data/imagewoof2-320/val/n02086240/n02086240_12311.JPEG,n02086240,155,Shih-Tzu,webp,77,252,affenpinscher,0.34094029664993286,False,53313,41114,1.2967115824293427,36.09440019076554,0.9667242133262516
imagewoof,data/imagewoof2-320/val/n02086240/n02086240_12342.JPEG,n02086240,155,Shih-Tzu,webp,77,155,Shih-Tzu,0.609302818775177,True,15318,10960,1.3976277372262773,37.48316214416767,0.959072663924252
imagewoof,data/imagewoof2-320/val/n02086240/n02086240_12401.JPEG,n02086240,155,Shih-Tzu,webp,77,155,Shih-Tzu,0.4486609697341919,True,18164,11942,1.521018254898677,37.058388555561955,0.9351941225153507
imagewoof,data/imagewoof2-320/val/n02086240/n02086240_12470.JPEG,n02086240,155,Shih-Tzu,webp,77,155,Shih-Tzu,0.39709264039993286,True,26539,21384,1.2410680882903105,36.13233475807253,0.9619183406910699
imagewoof,data/imagewoof2-320/val/n02086240/n02086240_12480.JPEG,n02086240,155,Shih-Tzu,webp,77,153,Maltese dog,0.21669252216815948,False,42128,35620,1.1827063447501405,36.40273226070842,0.9645874615758073
imagewoof,data/imagewoof2-320/val/n02086240/n02086240_12500.JPEG,n02086240,155,Shih-Tzu,webp,77,155,Shih-Tzu,0.372125506401062,True,32912,29660,1.1096426163182738,35.26504721043454,0.9614363041212495
imagewoof,data/imagewoof2-320/val/n02086240/n02086240_12501.JPEG,n02086240,155,Shih-Tzu,webp,77,155,Shih-Tzu,0.4072909951210022,True,24379,18674,1.3055049801863554,36.74894376875705,0.9424562145015815
imagewoof,data/imagewoof2-320/val/n02086240/n02086240_12630.JPEG,n02086240,155,Shih-Tzu,webp,77,155,Shih-Tzu,0.4265190064907074,True,34726,29136,1.1918588687534322,34.97793873834567,0.9717332278642202
imagewoof,data/imagewoof2-320/val/n02086240/n02086240_12650.JPEG,n02086240,155,Shih-Tzu,webp,77,155,Shih-Tzu,0.5255144834518433,True,23296,15774,1.4768606567769749,37.15210427430888,0.9591063259014613
imagewoof,data/imagewoof2-320/val/n02086240/n02086240_12690.JPEG,n02086240,155,Shih-Tzu,webp,77,155,Shih-Tzu,0.3517231047153473,True,12931,7544,1.7140774125132556,38.68196375120858,0.9562452091405587
imagewoof,data/imagewoof2-320/val/n02086240/n02086240_12751.JPEG,n02086240,155,Shih-Tzu,webp,77,155,Shih-Tzu,0.46807780861854553,True,27376,20414,1.3410404624277457,36.1136747259811,0.9415084136970385
imagewoof,data/imagewoof2-320/val/n02086240/n02086240_12752.JPEG,n02086240,155,Shih-Tzu,webp,77,155,Shih-Tzu,0.34049707651138306,True,39194,39402,0.9947210801482158,34.463917922038384,0.9670075427809861
imagewoof,data/imagewoof2-320/val/n02086240/n02086240_12760.JPEG,n02086240,155,Shih-Tzu,webp,77,155,Shih-Tzu,0.5595425367355347,True,15146,9408,1.6099064625850341,37.8911200289235,0.950212763199307
imagewoof,data/imagewoof2-320/val/n02086240/n02086240_12790.JPEG,n02086240,155,Shih-Tzu,webp,77,155,Shih-Tzu,0.2237379252910614,True,31409,27546,1.1402381470993974,35.67212146203842,0.9639549408603388
imagewoof,data/imagewoof2-320/val/n02086240/n02086240_12821.JPEG,n02086240,155,Shih-Tzu,webp,77,155,Shih-Tzu,0.32236525416374207,True,21197,15262,1.3888743283973266,37.1635550619718,0.9540170525949178
imagewoof,data/imagewoof2-320/val/n02086240/n02086240_12841.JPEG,n02086240,155,Shih-Tzu,webp,77,155,Shih-Tzu,0.5030215978622437,True,15507,8044,1.9277722526106416,38.98490037984245,0.9424579891944503
imagewoof,data/imagewoof2-320/val/n02086240/n02086240_12850.JPEG,n02086240,155,Shih-Tzu,webp,77,155,Shih-Tzu,0.36209821701049805,True,22935,16544,1.3863031914893618,36.814408658856564,0.9567593593153276
imagewoof,data/imagewoof2-320/val/n02086240/n02086240_1292.JPEG,n02086240,155,Shih-Tzu,webp,77,155,Shih-Tzu,0.2127254754304886,True,20560,13282,1.5479596446318327,37.61882814135674,0.957520252458362
imagewoof,data/imagewoof2-320/val/n02086240/n02086240_12950.JPEG,n02086240,155,Shih-Tzu,webp,77,155,Shih-Tzu,0.3166741728782654,True,16467,9788,1.6823661626481405,38.719497012182735,0.9598494971842547
imagewoof,data/imagewoof2-320/val/n02086240/n02086240_12991.JPEG,n02086240,155,Shih-Tzu,webp,77,155,Shih-Tzu,0.2938103973865509,True,31448,27156,1.1580497864192076,36.21001359793781,0.958226473974514
imagewoof,data/imagewoof2-320/val/n02086240/n02086240_13011.JPEG,n02086240,155,Shih-Tzu,webp,77,155,Shih-Tzu,0.3954814374446869,True,12802,7402,1.7295325587679005,39.13177128473991,0.9550907044349372
imagewoof,data/imagewoof2-320/val/n02086240/n02086240_13101.JPEG,n02086240,155,Shih-Tzu,webp,77,155,Shih-Tzu,0.2748699188232422,True,29645,25466,1.1641011544804838,35.97817909966205,0.9683073649120496
imagewoof,data/imagewoof2-320/val/n02086240/n02086240_1312.JPEG,n02086240,155,Shih-Tzu,webp,77,155,Shih-Tzu,0.2236405909061432,True,16162,9836,1.6431476209841398,37.82413962693894,0.9400653982045682
imagewoof,data/imagewoof2-320/val/n02086240/n02086240_1320.JPEG,n02086240,155,Shih-Tzu,webp,77,252,affenpinscher,0.22572392225265503,False,23557,18608,1.2659608770421324,36.75990206883617,0.954157674153261
imagewoof,data/imagewoof2-320/val/n02086240/n02086240_1342.JPEG,n02086240,155,Shih-Tzu,webp,77,155,Shih-Tzu,0.2747049033641815,True,26365,19788,1.332373155447746,37.2619173814174,0.9558142792666993
imagewoof,data/imagewoof2-320/val/n02086240/n02086240_1362.JPEG,n02086240,155,Shih-Tzu,webp,77,155,Shih-Tzu,0.388966828584671,True,46667,43232,1.0794550333086603,34.88377501104496,0.9739695728703706
imagewoof,data/imagewoof2-320/val/n02086240/n02086240_1370.JPEG,n02086240,155,Shih-Tzu,webp,77,155,Shih-Tzu,0.45442646741867065,True,20270,14440,1.4037396121883656,37.67628914875552,0.9544306672601889
imagewoof,data/imagewoof2-320/val/n02086240/n02086240_1371.JPEG,n02086240,155,Shih-Tzu,webp,77,155,Shih-Tzu,0.47204872965812683,True,29440,25320,1.1627172195892574,35.58242764396455,0.9550176645271494
imagewoof,data/imagewoof2-320/val/n02086240/n02086240_1372.JPEG,n02086240,155,Shih-Tzu,webp,77,155,Shih-Tzu,0.42769360542297363,True,26312,22564,1.1661053004786386,36.365776147552104,0.9493783218507049
imagewoof,data/imagewoof2-320/val/n02086240/n02086240_1422.JPEG,n02086240,155,Shih-Tzu,webp,77,155,Shih-Tzu,0.5224207043647766,True,18641,11994,1.5541937635484409,37.98278342925158,0.9539396456885711
imagewoof,data/imagewoof2-320/val/n02086240/n02086240_1482.JPEG,n02086240,155,Shih-Tzu,webp,77,154,Pekinese,0.13376028835773468,False,22246,15154,1.4679952487792003,37.63289278927397,0.950364394273438
imagewoof,data/imagewoof2-320/val/n02086240/n02086240_1501.JPEG,n02086240,155,Shih-Tzu,webp,77,155,Shih-Tzu,0.32114389538764954,True,26619,19864,1.3400624244865083,36.70459410733975,0.968845601429526
imagewoof,data/imagewoof2-320/val/n02086240/n02086240_151.JPEG,n02086240,155,Shih-Tzu,webp,77,155,Shih-Tzu,0.48732659220695496,True,29224,21484,1.3602681064978588,36.68128127118136,0.9592654914970513
imagewoof,data/imagewoof2-320/val/n02086240/n02086240_1551.JPEG,n02086240,155,Shih-Tzu,webp,77,155,Shih-Tzu,0.3566032946109772,True,29573,23848,1.2400620597115062,36.59093267028735,0.9627247714297728
imagewoof,data/imagewoof2-320/val/n02086240/n02086240_1582.JPEG,n02086240,155,Shih-Tzu,webp,77,155,Shih-Tzu,0.4179535210132599,True,34659,31778,1.0906602051733905,34.95761793956822,0.9672109255064121
imagewoof,data/imagewoof2-320/val/n02086240/n02086240_1602.JPEG,n02086240,155,Shih-Tzu,webp,77,155,Shih-Tzu,0.5040591359138489,True,30140,25226,1.1947990168873384,35.69469541241339,0.9578940135832396
imagewoof,data/imagewoof2-320/val/n02086240/n02086240_1611.JPEG,n02086240,155,Shih-Tzu,webp,77,552,feather boa,0.03452484682202339,False,24275,19866,1.2219369777509312,37.476641969206966,0.9682113402557194
imagewoof,data/imagewoof2-320/val/n02086240/n02086240_1612.JPEG,n02086240,155,Shih-Tzu,webp,77,155,Shih-Tzu,0.4298136532306671,True,32931,28256,1.1654515855039638,35.963229463090876,0.9697967086954032
imagewoof,data/imagewoof2-320/val/n02086240/n02086240_1621.JPEG,n02086240,155,Shih-Tzu,webp,77,155,Shih-Tzu,0.1965528428554535,True,25925,18308,1.4160476294516058,37.119952910016984,0.9641293494348541
imagewoof,data/imagewoof2-320/val/n02086240/n02086240_1680.JPEG,n02086240,155,Shih-Tzu,webp,77,155,Shih-Tzu,0.28460943698883057,True,21072,14924,1.4119538997587777,36.328064962355626,0.9589927005514874
imagewoof,data/imagewoof2-320/val/n02086240/n02086240_1681.JPEG,n02086240,155,Shih-Tzu,webp,77,155,Shih-Tzu,0.3670375943183899,True,27694,20338,1.361687481561609,36.50756314781791,0.9570301098254012
imagewoof,data/imagewoof2-320/val/n02086240/n02086240_1690.JPEG,n02086240,155,Shih-Tzu,webp,77,155,Shih-Tzu,0.3089563846588135,True,21443,14896,1.4395139634801288,37.136524323513605,0.9491908039536218
imagewoof,data/imagewoof2-320/val/n02086240/n02086240_1732.JPEG,n02086240,155,Shih-Tzu,webp,77,155,Shih-Tzu,0.5251469612121582,True,36205,33196,1.090643451018195,34.90098094573002,0.9686783492307492
imagewoof,data/imagewoof2-320/val/n02086240/n02086240_1770.JPEG,n02086240,155,Shih-Tzu,webp,77,155,Shih-Tzu,0.49794071912765503,True,26153,20658,1.2659986445928937,36.58410148020033,0.9573306731253012
imagewoof,data/imagewoof2-320/val/n02086240/n02086240_1781.JPEG,n02086240,155,Shih-Tzu,webp,77,155,Shih-Tzu,0.3721012771129608,True,18116,11854,1.5282605027838705,37.56007675997603,0.9570764612499939
imagewoof,data/imagewoof2-320/val/n02086240/n02086240_1831.JPEG,n02086240,155,Shih-Tzu,webp,77,200,Tibetan terrier,0.49782314896583557,False,15323,9814,1.5613409415121255,38.30913577287906,0.970901558675413
imagewoof,data/imagewoof2-320/val/n02086240/n02086240_1900.JPEG,n02086240,155,Shih-Tzu,webp,77,155,Shih-Tzu,0.31952500343322754,True,42595,41844,1.0179476149507696,34.2038034787184,0.9766257994541995
imagewoof,data/imagewoof2-320/val/n02086240/n02086240_1920.JPEG,n02086240,155,Shih-Tzu,webp,77,155,Shih-Tzu,0.4302094578742981,True,21384,15388,1.389654276059267,37.43935901245429,0.9590358543005832
imagewoof,data/imagewoof2-320/val/n02086240/n02086240_1961.JPEG,n02086240,155,Shih-Tzu,webp,77,155,Shih-Tzu,0.30437636375427246,True,18273,11540,1.5834488734835355,37.627244163586596,0.9433574011294213
imagewoof,data/imagewoof2-320/val/n02086240/n02086240_2.JPEG,n02086240,155,Shih-Tzu,webp,77,155,Shih-Tzu,0.3642079830169678,True,22345,16394,1.3629986580456264,36.73814340581214,0.9590500417611049
imagewoof,data/imagewoof2-320/val/n02086240/n02086240_220.JPEG,n02086240,155,Shih-Tzu,webp,77,155,Shih-Tzu,0.4221390187740326,True,22242,16454,1.3517685669138204,37.36141534735472,0.9638502187616224
imagewoof,data/imagewoof2-320/val/n02086240/n02086240_2211.JPEG,n02086240,155,Shih-Tzu,webp,77,155,Shih-Tzu,0.21972526609897614,True,27261,20112,1.3554594272076372,36.58936371496155,0.9718962278190714
imagewoof,data/imagewoof2-320/val/n02086240/n02086240_2222.JPEG,n02086240,155,Shih-Tzu,webp,77,155,Shih-Tzu,0.3861403167247772,True,30214,26042,1.1602027494048077,35.60767539014534,0.9610535724992917
imagewoof,data/imagewoof2-320/val/n02086240/n02086240_232.JPEG,n02086240,155,Shih-Tzu,webp,77,155,Shih-Tzu,0.33636969327926636,True,16250,10338,1.57187076804024,37.92049266464461,0.952298852685784
imagewoof,data/imagewoof2-320/val/n02086240/n02086240_2402.JPEG,n02086240,155,Shih-Tzu,webp,77,155,Shih-Tzu,0.31688109040260315,True,30056,26134,1.150072702226984,35.88624636786097,0.9605906878919862
imagewoof,data/imagewoof2-320/val/n02086240/n02086240_2430.JPEG,n02086240,155,Shih-Tzu,webp,77,155,Shih-Tzu,0.34017568826675415,True,15508,9046,1.714348883484413,37.65419379813026,0.9513696520313517
imagewoof,data/imagewoof2-320/val/n02086240/n02086240_2530.JPEG,n02086240,155,Shih-Tzu,webp,77,155,Shih-Tzu,0.7087672352790833,True,26421,21116,1.251231293805645,36.21903355274016,0.9491364845189504
imagewoof,data/imagewoof2-320/val/n02086240/n02086240_2552.JPEG,n02086240,155,Shih-Tzu,webp,77,155,Shih-Tzu,0.4570658504962921,True,23416,18088,1.2945599292348517,37.030592886362506,0.9570372373303164
imagewoof,data/imagewoof2-320/val/n02086240/n02086240_2572.JPEG,n02086240,155,Shih-Tzu,webp,77,155,Shih-Tzu,0.49225056171417236,True,27350,21442,1.2755339986941516,36.099862364757854,0.9593279747527833
imagewoof,data/imagewoof2-320/val/n02086240/n02086240_2601.JPEG,n02086240,155,Shih-Tzu,webp,77,155,Shih-Tzu,0.22142034769058228,True,21793,16744,1.301540850453894,36.95761187940338,0.9663871254270889
imagewoof,data/imagewoof2-320/val/n02086240/n02086240_262.JPEG,n02086240,155,Shih-Tzu,webp,77,155,Shih-Tzu,0.36390289664268494,True,24021,18414,1.304496578690127,36.331944653928005,0.942953313720718
imagewoof,data/imagewoof2-320/val/n02086240/n02086240_2640.JPEG,n02086240,155,Shih-Tzu,webp,77,155,Shih-Tzu,0.20520572364330292,True,13758,7832,1.7566394279877426,39.179960879794194,0.9678786194033341
imagewoof,data/imagewoof2-320/val/n02086240/n02086240_2661.JPEG,n02086240,155,Shih-Tzu,webp,77,155,Shih-Tzu,0.3783189654350281,True,20973,14034,1.4944420692603677,37.377830737606395,0.9393378087402091
imagewoof,data/imagewoof2-320/val/n02086240/n02086240_2690.JPEG,n02086240,155,Shih-Tzu,webp,77,155,Shih-Tzu,0.36554986238479614,True,28009,23236,1.2054140127388535,36.21864378065943,0.9565669704231347
imagewoof,data/imagewoof2-320/val/n02086240/n02086240_271.JPEG,n02086240,155,Shih-Tzu,webp,77,155,Shih-Tzu,0.7046653032302856,True,21163,15312,1.3821185997910135,37.23367737879166,0.9595362663905144
imagewoof,data/imagewoof2-320/val/n02086240/n02086240_2710.JPEG,n02086240,155,Shih-Tzu,webp,77,155,Shih-Tzu,0.3535035252571106,True,34207,27344,1.2509874195435928,34.49360092673172,0.9575832327200504
imagewoof,data/imagewoof2-320/val/n02086240/n02086240_272.JPEG,n02086240,155,Shih-Tzu,webp,77,155,Shih-Tzu,0.40311914682388306,True,31932,28190,1.132742107130188,35.160385852517926,0.9647052691215414
imagewoof,data/imagewoof2-320/val/n02086240/n02086240_2722.JPEG,n02086240,155,Shih-Tzu,webp,77,155,Shih-Tzu,0.3169657289981842,True,29183,23832,1.224530043638805,36.124670470032044,0.9671518823085273
imagewoof,data/imagewoof2-320/val/n02086240/n02086240_2761.JPEG,n02086240,155,Shih-Tzu,webp,77,155,Shih-Tzu,0.44367170333862305,True,18204,10100,1.8023762376237624,39.067743291203016,0.9535285297206841
imagewoof,data/imagewoof2-320/val/n02086240/n02086240_2770.JPEG,n02086240,155,Shih-Tzu,webp,77,155,Shih-Tzu,0.43506523966789246,True,22578,18226,1.2387797651706354,38.08328645942347,0.9666193494018204
imagewoof,data/imagewoof2-320/val/n02086240/n02086240_2781.JPEG,n02086240,155,Shih-Tzu,webp,77,155,Shih-Tzu,0.3283750116825104,True,21018,14366,1.4630377279688151,37.44835731052859,0.9500926771731456
imagewoof,data/imagewoof2-320/val/n02086240/n02086240_2800.JPEG,n02086240,155,Shih-Tzu,webp,77,155,Shih-Tzu,0.5236297249794006,True,13633,8540,1.5963700234192038,39.49128933159896,0.9654878375990865
imagewoof,data/imagewoof2-320/val/n02086240/n02086240_2870.JPEG,n02086240,155,Shih-Tzu,webp,77,155,Shih-Tzu,0.5684558749198914,True,21383,15824,1.3513018200202225,35.84260684376206,0.9572437369887549
imagewoof,data/imagewoof2-320/val/n02086240/n02086240_2880.JPEG,n02086240,155,Shih-Tzu,webp,77,155,Shih-Tzu,0.6636030077934265,True,19897,13642,1.4585104823339685,37.50174028830212,0.9572273859868652
imagewoof,data/imagewoof2-320/val/n02086240/n02086240_2960.JPEG,n02086240,155,Shih-Tzu,webp,77,155,Shih-Tzu,0.3878868520259857,True,18625,11998,1.5523420570095017,37.92065964541466,0.9418130675429964
imagewoof,data/imagewoof2-320/val/n02086240/n02086240_2961.JPEG,n02086240,155,Shih-Tzu,webp,77,155,Shih-Tzu,0.31839415431022644,True,14548,7314,1.9890620727372164,39.48957557804568,0.9528662148444766
imagewoof,data/imagewoof2-320/val/n02086240/n02086240_30.JPEG,n02086240,155,Shih-Tzu,webp,77,155,Shih-Tzu,0.21673552691936493,True,21610,14586,1.4815576580282463,36.68468853441255,0.9424339056849768
imagewoof,data/imagewoof2-320/val/n02086240/n02086240_3031.JPEG,n02086240,155,Shih-Tzu,webp,77,152,Japanese spaniel,0.15455397963523865,False,17474,11768,1.48487423521414,36.91657450928365,0.9534205837282875
imagewoof,data/imagewoof2-320/val/n02086240/n02086240_3050.JPEG,n02086240,155,Shih-Tzu,webp,77,155,Shih-Tzu,0.20632945001125336,True,45500,44344,1.0260689157495941,34.243332036439746,0.9798859583960019
imagewoof,data/imagewoof2-320/val/n02086240/n02086240_3052.JPEG,n02086240,155,Shih-Tzu,webp,77,155,Shih-Tzu,0.28652650117874146,True,23879,17694,1.3495535209675595,36.70576283697046,0.9470855067545093
imagewoof,data/imagewoof2-320/val/n02086240/n02086240_3131.JPEG,n02086240,155,Shih-Tzu,webp,77,200,Tibetan terrier,0.2917180359363556,False,13418,8186,1.6391399951136085,38.489346754404885,0.9733560289504389
imagewoof,data/imagewoof2-320/val/n02086240/n02086240_32.JPEG,n02086240,155,Shih-Tzu,webp,77,155,Shih-Tzu,0.35171350836753845,True,14453,7984,1.8102454909819639,38.92300603417301,0.9460953836218992
imagewoof,data/imagewoof2-320/val/n02086240/n02086240_3210.JPEG,n02086240,155,Shih-Tzu,webp,77,155,Shih-Tzu,0.21300677955150604,True,40432,38004,1.0638880117882328,33.57713581831394,0.9738056087440535
imagewoof,data/imagewoof2-320/val/n02086240/n02086240_331.JPEG,n02086240,155,Shih-Tzu,webp,77,200,Tibetan terrier,0.2731945812702179,False,28998,23038,1.2587030124142722,36.071126742633446,0.961481490518655
imagewoof,data/imagewoof2-320/val/n02086240/n02086240_3330.JPEG,n02086240,155,Shih-Tzu,webp,77,155,Shih-Tzu,0.2401537299156189,True,17761,11596,1.5316488444291134,37.766178172455945,0.9509609536753265
imagewoof,data/imagewoof2-320/val/n02086240/n02086240_3410.JPEG,n02086240,155,Shih-Tzu,webp,77,155,Shih-Tzu,0.4144431948661804,True,20735,14892,1.392358313188289,37.48075446472396,0.962187142990167
imagewoof,data/imagewoof2-320/val/n02086240/n02086240_3492.JPEG,n02086240,155,Shih-Tzu,webp,77,155,Shih-Tzu,0.2852798104286194,True,27032,20952,1.2901870943108056,36.255483311161335,0.9518786514101162
imagewoof,data/imagewoof2-320/val/n02086240/n02086240_350.JPEG,n02086240,155,Shih-Tzu,webp,77,155,Shih-Tzu,0.37422722578048706,True,20888,14168,1.4743083003952568,37.68937076060949,0.9620510425214265
imagewoof,data/imagewoof2-320/val/n02086240/n02086240_3501.JPEG,n02086240,155,Shih-Tzu,webp,77,155,Shih-Tzu,0.586787760257721,True,26392,20738,1.2726395988041277,35.68090474198429,0.9533912762002581
imagewoof,data/imagewoof2-320/val/n02086240/n02086240_3550.JPEG,n02086240,155,Shih-Tzu,webp,77,155,Shih-Tzu,0.31051012873649597,True,15610,8546,1.826585537093377,38.65770662554675,0.9476474151960893
imagewoof,data/imagewoof2-320/val/n02086240/n02086240_3552.JPEG,n02086240,155,Shih-Tzu,webp,77,252,affenpinscher,0.2623155117034912,False,21401,16988,1.2597716034848128,36.25088428364449,0.9453609500682246
imagewoof,data/imagewoof2-320/val/n02086240/n02086240_3561.JPEG,n02086240,155,Shih-Tzu,webp,77,155,Shih-Tzu,0.19670812785625458,True,43806,43498,1.0070807853234631,34.246607693733246,0.9756214258100848
imagewoof,data/imagewoof2-320/val/n02086240/n02086240_3572.JPEG,n02086240,155,Shih-Tzu,webp,77,155,Shih-Tzu,0.19922859966754913,True,28688,24044,1.1931458991848278,35.98299975358392,0.9679748241695029
imagewoof,data/imagewoof2-320/val/n02086240/n02086240_3582.JPEG,n02086240,155,Shih-Tzu,webp,77,155,Shih-Tzu,0.3512885272502899,True,18414,11210,1.6426404995539696,38.154238634508836,0.9534922013662013
imagewoof,data/imagewoof2-320/val/n02086240/n02086240_3610.JPEG,n02086240,155,Shih-Tzu,webp,77,155,Shih-Tzu,0.48646023869514465,True,41141,40598,1.0133750431055717,34.03225134523344,0.9703899296904289
imagewoof,data/imagewoof2-320/val/n02086240/n02086240_3611.JPEG,n02086240,155,Shih-Tzu,webp,77,155,Shih-Tzu,0.39948469400405884,True,21233,14008,1.5157766990291262,37.431426452964644,0.947240055365655
imagewoof,data/imagewoof2-320/val/n02086240/n02086240_3620.JPEG,n02086240,155,Shih-Tzu,webp,77,155,Shih-Tzu,0.14467136561870575,True,19529,13356,1.462189278227014,35.830332968162764,0.940227924966636
imagewoof,data/imagewoof2-320/val/n02086240/n02086240_3650.JPEG,n02086240,155,Shih-Tzu,webp,77,155,Shih-Tzu,0.4469417333602905,True,27416,22798,1.2025616282130012,36.072509565689714,0.9649598053461538
imagewoof,data/imagewoof2-320/val/n02086240/n02086240_3672.JPEG,n02086240,155,Shih-Tzu,webp,77,155,Shih-Tzu,0.47329533100128174,True,13268,8352,1.5886015325670497,38.355026679766134,0.9609750433076346
imagewoof,data/imagewoof2-320/val/n02086240/n02086240_3681.JPEG,n02086240,155,Shih-Tzu,webp,77,155,Shih-Tzu,0.270502507686615,True,24849,18844,1.3186690723837826,36.592884861017055,0.961008773041554
imagewoof,data/imagewoof2-320/val/n02086240/n02086240_3692.JPEG,n02086240,155,Shih-Tzu,webp,77,153,Maltese dog,0.22406360507011414,False,18614,12616,1.475428027901078,38.22753428733898,0.9554116785322965
imagewoof,data/imagewoof2-320/val/n02086240/n02086240_3712.JPEG,n02086240,155,Shih-Tzu,webp,77,204,Lhasa,0.22383272647857666,False,26885,21488,1.2511634400595681,36.75498222635274,0.9635373232911663
imagewoof,data/imagewoof2-320/val/n02086240/n02086240_3752.JPEG,n02086240,155,Shih-Tzu,webp,77,155,Shih-Tzu,0.1989171952009201,True,20547,15340,1.339439374185137,37.07547291565581,0.9621692514245264
imagewoof,data/imagewoof2-320/val/n02086240/n02086240_3780.JPEG,n02086240,155,Shih-Tzu,webp,77,155,Shih-Tzu,0.3211350440979004,True,22139,15810,1.400316255534472,36.9497562782921,0.9478445307938138
imagewoof,data/imagewoof2-320/val/n02086240/n02086240_3802.JPEG,n02086240,155,Shih-Tzu,webp,77,155,Shih-Tzu,0.24318601191043854,True,19573,11452,1.7091337757596927,38.78760004802764,0.9516998883879265
imagewoof,data/imagewoof2-320/val/n02086240/n02086240_3832.JPEG,n02086240,155,Shih-Tzu,webp,77,155,Shih-Tzu,0.4178455173969269,True,30794,25752,1.1957906182044113,35.974279187736684,0.9680145904294294
imagewoof,data/imagewoof2-320/val/n02086240/n02086240_3850.JPEG,n02086240,155,Shih-Tzu,webp,77,155,Shih-Tzu,0.45155346393585205,True,28929,25422,1.1379513806938872,36.051211968892474,0.9485973817797889
imagewoof,data/imagewoof2-320/val/n02086240/n02086240_3862.JPEG,n02086240,155,Shih-Tzu,webp,77,155,Shih-Tzu,0.5310722589492798,True,16715,10460,1.5979923518164436,38.24332649313513,0.9494316971100805
imagewoof,data/imagewoof2-320/val/n02086240/n02086240_3872.JPEG,n02086240,155,Shih-Tzu,webp,77,155,Shih-Tzu,0.397323340177536,True,20742,14496,1.4308774834437086,37.23524969849863,0.9547915305181848
imagewoof,data/imagewoof2-320/val/n02086240/n02086240_3881.JPEG,n02086240,155,Shih-Tzu,webp,77,155,Shih-Tzu,0.32299771904945374,True,19808,13878,1.427294999279435,38.469089792502245,0.9667177298527271
imagewoof,data/imagewoof2-320/val/n02086240/n02086240_3891.JPEG,n02086240,155,Shih-Tzu,webp,77,155,Shih-Tzu,0.3043958246707916,True,19606,13092,1.4975557592422855,37.69393468974105,0.956075902639354
imagewoof,data/imagewoof2-320/val/n02086240/n02086240_3892.JPEG,n02086240,155,Shih-Tzu,webp,77,155,Shih-Tzu,0.3615418076515198,True,23634,20856,1.1331990794016111,35.83414488747917,0.9482200444156407
imagewoof,data/imagewoof2-320/val/n02086240/n02086240_3921.JPEG,n02086240,155,Shih-Tzu,webp,77,155,Shih-Tzu,0.22245296835899353,True,34043,30474,1.1171162302290476,35.43782257440713,0.9697294070219656
imagewoof,data/imagewoof2-320/val/n02086240/n02086240_3930.JPEG,n02086240,155,Shih-Tzu,webp,77,155,Shih-Tzu,0.14452692866325378,True,24377,18108,1.346200574331787,36.828080324092866,0.9584801303454439
imagewoof,data/imagewoof2-320/val/n02086240/n02086240_3932.JPEG,n02086240,155,Shih-Tzu,webp,77,155,Shih-Tzu,0.24726217985153198,True,14209,8928,1.5915098566308243,37.97052468780735,0.958289399832375
imagewoof,data/imagewoof2-320/val/n02086240/n02086240_3961.JPEG,n02086240,155,Shih-Tzu,webp,77,155,Shih-Tzu,0.21564921736717224,True,20186,13100,1.5409160305343512,37.17088927131207,0.9525553549145496
imagewoof,data/imagewoof2-320/val/n02086240/n02086240_402.JPEG,n02086240,155,Shih-Tzu,webp,77,155,Shih-Tzu,0.4123286306858063,True,28182,23120,1.2189446366782006,35.853417887777155,0.9536901198785864
imagewoof,data/imagewoof2-320/val/n02086240/n02086240_4070.JPEG,n02086240,155,Shih-Tzu,webp,77,155,Shih-Tzu,0.3205941617488861,True,37668,37428,1.0064123116383457,34.462490309767226,0.9617646631135811
imagewoof,data/imagewoof2-320/val/n02086240/n02086240_412.JPEG,n02086240,155,Shih-Tzu,webp,77,155,Shih-Tzu,0.42063024640083313,True,22951,18772,1.2226187939484339,37.5806576640886,0.9726601321968676
imagewoof,data/imagewoof2-320/val/n02086240/n02086240_4140.JPEG,n02086240,155,Shih-Tzu,webp,77,155,Shih-Tzu,0.42314088344573975,True,19144,12098,1.5824103157546703,37.89717550491747,0.9589038986479822
imagewoof,data/imagewoof2-320/val/n02086240/n02086240_4141.JPEG,n02086240,155,Shih-Tzu,webp,77,155,Shih-Tzu,0.36620044708251953,True,24732,18594,1.330106485963214,36.52924890797044,0.9572829764372882
imagewoof,data/imagewoof2-320/val/n02086240/n02086240_4142.JPEG,n02086240,155,Shih-Tzu,webp,77,155,Shih-Tzu,0.3737441301345825,True,25762,20588,1.2513114435593549,36.32053453146044,0.9576079565994927
imagewoof,data/imagewoof2-320/val/n02086240/n02086240_4152.JPEG,n02086240,155,Shih-Tzu,webp,77,155,Shih-Tzu,0.27595850825309753,True,17226,10320,1.669186046511628,38.073459527304564,0.963616150998465
imagewoof,data/imagewoof2-320/val/n02086240/n02086240_4172.JPEG,n02086240,155,Shih-Tzu,webp,77,204,Lhasa,0.27490314841270447,False,21906,15380,1.4243172951885565,37.705809973415214,0.9631070829985285
imagewoof,data/imagewoof2-320/val/n02086240/n02086240_4190.JPEG,n02086240,155,Shih-Tzu,webp,77,200,Tibetan terrier,0.18726882338523865,False,23047,16626,1.386202333694214,36.676156390902655,0.9463310722857795
imagewoof,data/imagewoof2-320/val/n02086240/n02086240_4220.JPEG,n02086240,155,Shih-Tzu,webp,77,155,Shih-Tzu,0.23441599309444427,True,30908,25920,1.1924382716049382,35.80418490744587,0.9597049141637995
imagewoof,data/imagewoof2-320/val/n02086240/n02086240_4252.JPEG,n02086240,155,Shih-Tzu,webp,77,155,Shih-Tzu,0.2615461051464081,True,25759,21116,1.2198806592157605,36.76648631226459,0.9603829530877296
imagewoof,data/imagewoof2-320/val/n02086240/n02086240_4272.JPEG,n02086240,155,Shih-Tzu,webp,77,155,Shih-Tzu,0.5222436189651489,True,36892,37282,0.9895391878118127,35.005864087044095,0.9683544137127317
imagewoof,data/imagewoof2-320/val/n02086240/n02086240_4352.JPEG,n02086240,155,Shih-Tzu,webp,77,155,Shih-Tzu,0.4097719192504883,True,10109,6252,1.6169225847728728,39.57391670881306,0.9712881113086573
imagewoof,data/imagewoof2-320/val/n02086240/n02086240_441.JPEG,n02086240,155,Shih-Tzu,webp,77,155,Shih-Tzu,0.2032366842031479,True,25329,20316,1.246751329001772,36.7924342833654,0.956975870774705
imagewoof,data/imagewoof2-320/val/n02086240/n02086240_4430.JPEG,n02086240,155,Shih-Tzu,webp,77,155,Shih-Tzu,0.06657958775758743,True,35107,31842,1.1025375290496828,35.47907968733521,0.9673893338372178
imagewoof,data/imagewoof2-320/val/n02086240/n02086240_4440.JPEG,n02086240,155,Shih-Tzu,webp,77,155,Shih-Tzu,0.42254120111465454,True,25787,20524,1.2564314948353148,35.96738191530183,0.9506418328278555
imagewoof,data/imagewoof2-320/val/n02086240/n02086240_4442.JPEG,n02086240,155,Shih-Tzu,webp,77,155,Shih-Tzu,0.5031518340110779,True,23342,16354,1.427296074354898,37.684529111155065,0.9466528788405499
imagewoof,data/imagewoof2-320/val/n02086240/n02086240_4450.JPEG,n02086240,155,Shih-Tzu,webp,77,155,Shih-Tzu,0.13579152524471283,True,24947,18456,1.3517013437364542,36.72086275869218,0.9602468175581339
imagewoof,data/imagewoof2-320/val/n02086240/n02086240_4451.JPEG,n02086240,155,Shih-Tzu,webp,77,155,Shih-Tzu,0.3728223443031311,True,14826,8686,1.7068846419525674,38.46402588949861,0.9625167283472401
imagewoof,data/imagewoof2-320/val/n02086240/n02086240_4472.JPEG,n02086240,155,Shih-Tzu,webp,77,204,Lhasa,0.11108049750328064,False,39796,36250,1.0978206896551723,34.238882703785954,0.9683219854076691
imagewoof,data/imagewoof2-320/val/n02086240/n02086240_450.JPEG,n02086240,155,Shih-Tzu,webp,77,155,Shih-Tzu,0.32648545503616333,True,18896,12412,1.5223976796648404,39.082001769966915,0.9659506658693656
imagewoof,data/imagewoof2-320/val/n02086240/n02086240_4501.JPEG,n02086240,155,Shih-Tzu,webp,77,155,Shih-Tzu,0.5659897923469543,True,18621,12502,1.4894416893297073,37.95739165627438,0.9586707717954354
imagewoof,data/imagewoof2-320/val/n02086240/n02086240_4521.JPEG,n02086240,155,Shih-Tzu,webp,77,155,Shih-Tzu,0.24854958057403564,True,20133,13544,1.4864884819846427,37.69994846432652,0.9518781470972252
imagewoof,data/imagewoof2-320/val/n02086240/n02086240_4542.JPEG,n02086240,155,Shih-Tzu,webp,77,155,Shih-Tzu,0.357748806476593,True,19998,14456,1.3833702268954067,37.45263026972297,0.9523924379028049
imagewoof,data/imagewoof2-320/val/n02086240/n02086240_4570.JPEG,n02086240,155,Shih-Tzu,webp,77,155,Shih-Tzu,0.4123898446559906,True,24342,17520,1.3893835616438357,36.884592895769444,0.964668757742412
imagewoof,data/imagewoof2-320/val/n02086240/n02086240_4580.JPEG,n02086240,155,Shih-Tzu,webp,77,155,Shih-Tzu,0.49273526668548584,True,23456,18654,1.2574246810335585,36.12204449189421,0.9559006105459228
imagewoof,data/imagewoof2-320/val/n02086240/n02086240_461.JPEG,n02086240,155,Shih-Tzu,webp,77,155,Shih-Tzu,0.3767363429069519,True,17344,11296,1.5354107648725213,38.3266035029472,0.9525641341777177
imagewoof,data/imagewoof2-320/val/n02086240/n02086240_4612.JPEG,n02086240,155,Shih-Tzu,webp,77,155,Shih-Tzu,0.4050346314907074,True,26249,20488,1.2811889886762984,36.57197133528892,0.9551321727058285
imagewoof,data/imagewoof2-320/val/n02086240/n02086240_4620.JPEG,n02086240,155,Shih-Tzu,webp,77,155,Shih-Tzu,0.27724090218544006,True,23738,15722,1.5098587965907646,37.114424612249785,0.9611680737255174
imagewoof,data/imagewoof2-320/val/n02086240/n02086240_4621.JPEG,n02086240,155,Shih-Tzu,webp,77,155,Shih-Tzu,0.0953020378947258,True,20889,14606,1.430165685334794,37.114738762934905,0.9484337083401289
imagewoof,data/imagewoof2-320/val/n02086240/n02086240_4672.JPEG,n02086240,155,Shih-Tzu,webp,77,155,Shih-Tzu,0.3855195641517639,True,50430,50842,0.9918964635537547,34.02228653135111,0.9842750346098205
imagewoof,data/imagewoof2-320/val/n02086240/n02086240_4711.JPEG,n02086240,155,Shih-Tzu,webp,77,155,Shih-Tzu,0.27274900674819946,True,15658,9388,1.667873881550916,38.01827642862287,0.9727539131559629
imagewoof,data/imagewoof2-320/val/n02086240/n02086240_4720.JPEG,n02086240,155,Shih-Tzu,webp,77,155,Shih-Tzu,0.4442051351070404,True,27182,17582,1.5460129678079855,37.02546326172947,0.9664035180295922
imagewoof,data/imagewoof2-320/val/n02086240/n02086240_4732.JPEG,n02086240,155,Shih-Tzu,webp,77,204,Lhasa,0.24022343754768372,False,15474,8254,1.8747274048945965,38.8326931593625,0.9518883928162388
imagewoof,data/imagewoof2-320/val/n02086240/n02086240_4750.JPEG,n02086240,155,Shih-Tzu,webp,77,252,affenpinscher,0.5048313140869141,False,53863,55286,0.9742611149296386,33.63341513442729,0.9846347601435953
imagewoof,data/imagewoof2-320/val/n02086240/n02086240_4751.JPEG,n02086240,155,Shih-Tzu,webp,77,155,Shih-Tzu,0.3639969527721405,True,22476,15862,1.4169713781364266,36.78048701162382,0.9431043390655575
imagewoof,data/imagewoof2-320/val/n02086240/n02086240_4762.JPEG,n02086240,155,Shih-Tzu,webp,77,155,Shih-Tzu,0.2517598867416382,True,16688,9970,1.6738214643931795,38.24171554632307,0.9547561015472902
imagewoof,data/imagewoof2-320/val/n02086240/n02086240_4840.JPEG,n02086240,155,Shih-Tzu,webp,77,155,Shih-Tzu,0.3225898742675781,True,14488,8756,1.6546368204659663,37.96441485594918,0.955339604008515
imagewoof,data/imagewoof2-320/val/n02086240/n02086240_4850.JPEG,n02086240,155,Shih-Tzu,webp,77,155,Shih-Tzu,0.22667337954044342,True,39118,39422,0.9922885698341027,35.679755883169236,0.9794108221641885
imagewoof,data/imagewoof2-320/val/n02086240/n02086240_4872.JPEG,n02086240,155,Shih-Tzu,webp,77,204,Lhasa,0.14934074878692627,False,26908,21064,1.277440182301557,35.879254051554746,0.9536083842161291
imagewoof,data/imagewoof2-320/val/n02086240/n02086240_4920.JPEG,n02086240,155,Shih-Tzu,webp,77,155,Shih-Tzu,0.328117698431015,True,31933,28196,1.132536530004256,35.22422696694723,0.9615386879962768
imagewoof,data/imagewoof2-320/val/n02086240/n02086240_4961.JPEG,n02086240,155,Shih-Tzu,webp,77,155,Shih-Tzu,0.5007193088531494,True,19403,12974,1.4955295205796209,37.580216290499926,0.9486246196720423
imagewoof,data/imagewoof2-320/val/n02086240/n02086240_500.JPEG,n02086240,155,Shih-Tzu,webp,77,200,Tibetan terrier,0.2866780459880829,False,18343,10856,1.6896647015475312,38.45578023370751,0.966432248879013
imagewoof,data/imagewoof2-320/val/n02086240/n02086240_5031.JPEG,n02086240,155,Shih-Tzu,webp,77,155,Shih-Tzu,0.32163360714912415,True,25202,19102,1.3193382891843786,37.21841431068373,0.9675848538940813
imagewoof,data/imagewoof2-320/val/n02086240/n02086240_5042.JPEG,n02086240,155,Shih-Tzu,webp,77,155,Shih-Tzu,0.357610821723938,True,33213,30936,1.0736035686578744,35.554922663998816,0.9657741844404316
imagewoof,data/imagewoof2-320/val/n02086240/n02086240_5071.JPEG,n02086240,155,Shih-Tzu,webp,77,194,Dandie Dinmont,0.11748681962490082,False,25311,20982,1.2063197026022305,36.55350838174336,0.9699587198243641
imagewoof,data/imagewoof2-320/val/n02086240/n02086240_5111.JPEG,n02086240,155,Shih-Tzu,webp,77,155,Shih-Tzu,0.44537553191185,True,26550,21028,1.2626022446262126,35.79537784071837,0.9421491618087852
imagewoof,data/imagewoof2-320/val/n02086240/n02086240_5140.JPEG,n02086240,155,Shih-Tzu,webp,77,155,Shih-Tzu,0.380926251411438,True,26317,21344,1.2329928785607196,36.586595282151514,0.9601780404530739
imagewoof,data/imagewoof2-320/val/n02086240/n02086240_5141.JPEG,n02086240,155,Shih-Tzu,webp,77,155,Shih-Tzu,0.25854435563087463,True,23221,17430,1.332243258749283,36.74516000186235,0.9603136902710757
imagewoof,data/imagewoof2-320/val/n02086240/n02086240_5151.JPEG,n02086240,155,Shih-Tzu,webp,77,155,Shih-Tzu,0.47197967767715454,True,8620,4474,1.9266875279392044,40.93773086187782,0.9678596990721897
imagewoof,data/imagewoof2-320/val/n02086240/n02086240_5202.JPEG,n02086240,155,Shih-Tzu,webp,77,155,Shih-Tzu,0.5048912167549133,True,41155,39232,1.0490161092985317,34.20243571068426,0.9740271399840156
imagewoof,data/imagewoof2-320/val/n02086240/n02086240_5212.JPEG,n02086240,155,Shih-Tzu,webp,77,155,Shih-Tzu,0.3473776876926422,True,17027,10424,1.6334420567920185,38.52692150994204,0.9576198401227298
imagewoof,data/imagewoof2-320/val/n02086240/n02086240_5232.JPEG,n02086240,155,Shih-Tzu,webp,77,155,Shih-Tzu,0.6469489932060242,True,21243,14158,1.5004237886707161,36.77700225417955,0.9530241097008728
imagewoof,data/imagewoof2-320/val/n02086240/n02086240_5270.JPEG,n02086240,155,Shih-Tzu,webp,77,155,Shih-Tzu,0.3711702823638916,True,21157,16132,1.3114926853458964,36.77565884980546,0.9615172909903634
imagewoof,data/imagewoof2-320/val/n02086240/n02086240_5271.JPEG,n02086240,155,Shih-Tzu,webp,77,153,Maltese dog,0.09447991847991943,False,21775,15204,1.4321888976585109,37.74139867063131,0.9653207030800287
imagewoof,data/imagewoof2-320/val/n02086240/n02086240_5272.JPEG,n02086240,155,Shih-Tzu,webp,77,155,Shih-Tzu,0.4816288650035858,True,39359,39164,1.0049790624042487,35.025101377548545,0.9748809246401574
imagewoof,data/imagewoof2-320/val/n02086240/n02086240_5291.JPEG,n02086240,155,Shih-Tzu,webp,77,155,Shih-Tzu,0.4237207770347595,True,22831,18208,1.2538993848857645,37.01837239082057,0.954734362017378
imagewoof,data/imagewoof2-320/val/n02086240/n02086240_5292.JPEG,n02086240,155,Shih-Tzu,webp,77,155,Shih-Tzu,0.6936720013618469,True,22157,16522,1.3410604043094057,37.14127461706028,0.9532689942537167
imagewoof,data/imagewoof2-320/val/n02086240/n02086240_5300.JPEG,n02086240,155,Shih-Tzu,webp,77,155,Shih-Tzu,0.5650495290756226,True,15408,8986,1.7146672601825061,38.26668606136452,0.9538048944596996
imagewoof,data/imagewoof2-320/val/n02086240/n02086240_5310.JPEG,n02086240,155,Shih-Tzu,webp,77,155,Shih-Tzu,0.2012731432914734,True,18278,11710,1.5608881298035866,37.76390934752273,0.9477428984393299
imagewoof,data/imagewoof2-320/val/n02086240/n02086240_5340.JPEG,n02086240,155,Shih-Tzu,webp,77,155,Shih-Tzu,0.45779818296432495,True,23144,16858,1.3728793451180448,36.333931221508564,0.9535159306172959
imagewoof,data/imagewoof2-320/val/n02086240/n02086240_5352.JPEG,n02086240,155,Shih-Tzu,webp,77,155,Shih-Tzu,0.19368231296539307,True,19504,12612,1.5464636853790041,37.955821574048215,0.9628115378825886
imagewoof,data/imagewoof2-320/val/n02086240/n02086240_5362.JPEG,n02086240,155,Shih-Tzu,webp,77,155,Shih-Tzu,0.37286126613616943,True,28152,25142,1.11971999045422,36.673754902227174,0.9633967546110623
imagewoof,data/imagewoof2-320/val/n02086240/n02086240_5370.JPEG,n02086240,155,Shih-Tzu,webp,77,152,Japanese spaniel,0.2071082592010498,False,19950,13526,1.4749371580659472,37.72543290037635,0.9449864256390317
imagewoof,data/imagewoof2-320/val/n02086240/n02086240_5520.JPEG,n02086240,155,Shih-Tzu,webp,77,155,Shih-Tzu,0.2192358523607254,True,21345,13804,1.5462909301651695,37.16781355413047,0.9630185219522955
imagewoof,data/imagewoof2-320/val/n02086240/n02086240_5522.JPEG,n02086240,155,Shih-Tzu,webp,77,179,Staffordshire bullterrier,0.11102284491062164,False,21171,13644,1.5516710642040457,37.517599263943325,0.945078723955412
imagewoof,data/imagewoof2-320/val/n02086240/n02086240_5541.JPEG,n02086240,155,Shih-Tzu,webp,77,155,Shih-Tzu,0.33530378341674805,True,28635,24274,1.1796572464365165,35.71531651646507,0.9605240907405183
imagewoof,data/imagewoof2-320/val/n02086240/n02086240_5550.JPEG,n02086240,155,Shih-Tzu,webp,77,200,Tibetan terrier,0.28447428345680237,False,30964,25474,1.2155138572662323,35.79501005301391,0.9639447462273097
imagewoof,data/imagewoof2-320/val/n02086240/n02086240_5551.JPEG,n02086240,155,Shih-Tzu,webp,77,155,Shih-Tzu,0.18975180387496948,True,28533,24498,1.1647073230467793,36.22525598112814,0.9686249405696907
imagewoof,data/imagewoof2-320/val/n02086240/n02086240_5560.JPEG,n02086240,155,Shih-Tzu,webp,77,204,Lhasa,0.10579564422369003,False,18084,11356,1.5924621345544205,37.93823487885136,0.946230296541597
imagewoof,data/imagewoof2-320/val/n02086240/n02086240_5562.JPEG,n02086240,155,Shih-Tzu,webp,77,155,Shih-Tzu,0.3961912989616394,True,22545,16042,1.4053733948385487,37.23596581096162,0.9578169477656341
imagewoof,data/imagewoof2-320/val/n02086240/n02086240_5570.JPEG,n02086240,155,Shih-Tzu,webp,77,155,Shih-Tzu,0.4174167811870575,True,21186,16064,1.3188496015936255,37.52124405218243,0.9575330984435592
imagewoof,data/imagewoof2-320/val/n02086240/n02086240_5590.JPEG,n02086240,155,Shih-Tzu,webp,77,155,Shih-Tzu,0.39483606815338135,True,25509,18520,1.3773758099352051,36.71301689908667,0.9374682422700914
imagewoof,data/imagewoof2-320/val/n02086240/n02086240_5602.JPEG,n02086240,155,Shih-Tzu,webp,77,155,Shih-Tzu,0.3911043107509613,True,19807,12450,1.5909236947791165,37.70317800913322,0.9474467121055749
imagewoof,data/imagewoof2-320/val/n02086240/n02086240_5642.JPEG,n02086240,155,Shih-Tzu,webp,77,155,Shih-Tzu,0.3639650046825409,True,29539,25450,1.1606679764243615,35.98898312199128,0.962690332559418
imagewoof,data/imagewoof2-320/val/n02086240/n02086240_5721.JPEG,n02086240,155,Shih-Tzu,webp,77,155,Shih-Tzu,0.7454367280006409,True,36818,33924,1.085308336281099,34.833422441389544,0.9654916558319272
imagewoof,data/imagewoof2-320/val/n02086240/n02086240_5731.JPEG,n02086240,155,Shih-Tzu,webp,77,155,Shih-Tzu,0.38640502095222473,True,16310,10690,1.5257249766136576,38.609549831219695,0.9679007655834803
imagewoof,data/imagewoof2-320/val/n02086240/n02086240_5750.JPEG,n02086240,155,Shih-Tzu,webp,77,155,Shih-Tzu,0.40876561403274536,True,10142,5638,1.798864845689961,40.077638635257095,0.9685637983092669
imagewoof,data/imagewoof2-320/val/n02086240/n02086240_5781.JPEG,n02086240,155,Shih-Tzu,webp,77,155,Shih-Tzu,0.2994765043258667,True,26487,22130,1.1968820605512878,36.047872218332586,0.9634771459261057
imagewoof,data/imagewoof2-320/val/n02086240/n02086240_5792.JPEG,n02086240,155,Shih-Tzu,webp,77,155,Shih-Tzu,0.3348453640937805,True,23493,17542,1.3392429597537339,36.704132226913245,0.957352759468054
imagewoof,data/imagewoof2-320/val/n02086240/n02086240_5810.JPEG,n02086240,155,Shih-Tzu,webp,77,155,Shih-Tzu,0.41965025663375854,True,16157,9372,1.7239650021340163,38.682809905137184,0.9543819079958857
imagewoof,data/imagewoof2-320/val/n02086240/n02086240_5832.JPEG,n02086240,155,Shih-Tzu,webp,77,155,Shih-Tzu,0.34278246760368347,True,21948,15488,1.4170971074380165,37.28613003061289,0.9543750318287549
imagewoof,data/imagewoof2-320/val/n02086240/n02086240_5840.JPEG,n02086240,155,Shih-Tzu,webp,77,200,Tibetan terrier,0.352950781583786,False,18710,15000,1.2473333333333334,37.11442255654512,0.9714600647140571
imagewoof,data/imagewoof2-320/val/n02086240/n02086240_5862.JPEG,n02086240,155,Shih-Tzu,webp,77,155,Shih-Tzu,0.24237316846847534,True,26137,21698,1.204581067379482,35.89966635624923,0.9600101990019838
imagewoof,data/imagewoof2-320/val/n02086240/n02086240_5891.JPEG,n02086240,155,Shih-Tzu,webp,77,155,Shih-Tzu,0.4733489155769348,True,22243,16646,1.3362369337979094,37.011898748867516,0.9536949528860544
imagewoof,data/imagewoof2-320/val/n02086240/n02086240_5901.JPEG,n02086240,155,Shih-Tzu,webp,77,155,Shih-Tzu,0.6235554814338684,True,34403,32156,1.0698780942903345,35.504577103896096,0.9699472531929018
imagewoof,data/imagewoof2-320/val/n02086240/n02086240_5902.JPEG,n02086240,155,Shih-Tzu,webp,77,155,Shih-Tzu,0.28564056754112244,True,21331,14174,1.5049386200084662,37.874183975289036,0.9497888192129901
imagewoof,data/imagewoof2-320/val/n02086240/n02086240_5941.JPEG,n02086240,155,Shih-Tzu,webp,77,155,Shih-Tzu,0.47401684522628784,True,27443,21114,1.2997537179122858,36.3354796895817,0.9621025883090771
imagewoof,data/imagewoof2-320/val/n02086240/n02086240_5981.JPEG,n02086240,155,Shih-Tzu,webp,77,155,Shih-Tzu,0.4521566331386566,True,17188,10994,1.563398217209387,37.59723666534638,0.9467188266189234
imagewoof,data/imagewoof2-320/val/n02086240/n02086240_6010.JPEG,n02086240,155,Shih-Tzu,webp,77,233,Bouvier des Flandres,0.16243313252925873,False,32121,27356,1.1741848223424478,35.29903929048632,0.9674099733061463
imagewoof,data/imagewoof2-320/val/n02086240/n02086240_6032.JPEG,n02086240,155,Shih-Tzu,webp,77,155,Shih-Tzu,0.3676525056362152,True,26083,21870,1.1926383173296753,35.86866366804748,0.9559896108762863
imagewoof,data/imagewoof2-320/val/n02086240/n02086240_6050.JPEG,n02086240,155,Shih-Tzu,webp,77,155,Shih-Tzu,0.29291102290153503,True,16168,10940,1.4778793418647167,38.57874214919808,0.966286385843962
imagewoof,data/imagewoof2-320/val/n02086240/n02086240_6081.JPEG,n02086240,155,Shih-Tzu,webp,77,155,Shih-Tzu,0.29411837458610535,True,23046,17338,1.3292190564078903,36.93797800420274,0.952030487135624
imagewoof,data/imagewoof2-320/val/n02086240/n02086240_6082.JPEG,n02086240,155,Shih-Tzu,webp,77,155,Shih-Tzu,0.33022356033325195,True,16669,11084,1.5038794658967882,38.68075716909833,0.9619101346203599
imagewoof,data/imagewoof2-320/val/n02086240/n02086240_61.JPEG,n02086240,155,Shih-Tzu,webp,77,155,Shih-Tzu,0.4884088635444641,True,24925,19232,1.296017054908486,36.61162734882763,0.9570919536932755
imagewoof,data/imagewoof2-320/val/n02086240/n02086240_6101.JPEG,n02086240,155,Shih-Tzu,webp,77,155,Shih-Tzu,0.42262688279151917,True,14668,10058,1.4583416186120501,39.07659984789291,0.9604807425971543
imagewoof,data/imagewoof2-320/val/n02086240/n02086240_6131.JPEG,n02086240,155,Shih-Tzu,webp,77,155,Shih-Tzu,0.42588576674461365,True,16225,9190,1.7655059847660501,39.05767294029167,0.9601376232307904
imagewoof,data/imagewoof2-320/val/n02086240/n02086240_6202.JPEG,n02086240,155,Shih-Tzu,webp,77,155,Shih-Tzu,0.38585272431373596,True,43895,43438,1.010520742207284,34.530463036132254,0.9728304289772334
imagewoof,data/imagewoof2-320/val/n02086240/n02086240_6222.JPEG,n02086240,155,Shih-Tzu,webp,77,153,Maltese dog,0.2885998487472534,False,14233,8288,1.7173021235521235,39.367635669826385,0.9611094830028862
imagewoof,data/imagewoof2-320/val/n02086240/n02086240_630.JPEG,n02086240,155,Shih-Tzu,webp,77,155,Shih-Tzu,0.4602999687194824,True,26338,20820,1.2650336215177713,36.02467421893645,0.9487027178044157
imagewoof,data/imagewoof2-320/val/n02086240/n02086240_6310.JPEG,n02086240,155,Shih-Tzu,webp,77,155,Shih-Tzu,0.2972171902656555,True,33154,29714,1.1157703439456148,35.568614525982206,0.9690578998721495
imagewoof,data/imagewoof2-320/val/n02086240/n02086240_632.JPEG,n02086240,155,Shih-Tzu,webp,77,155,Shih-Tzu,0.2292160838842392,True,23255,16584,1.4022551857211771,37.274700566288104,0.9549655938927305
imagewoof,data/imagewoof2-320/val/n02086240/n02086240_6320.JPEG,n02086240,155,Shih-Tzu,webp,77,155,Shih-Tzu,0.3665972352027893,True,27539,23846,1.1548687410886522,35.9473214311315,0.9682676874975374
imagewoof,data/imagewoof2-320/val/n02086240/n02086240_6322.JPEG,n02086240,155,Shih-Tzu,webp,77,155,Shih-Tzu,0.35475194454193115,True,24625,17884,1.376929098635652,36.677092742427554,0.9599188451591015
imagewoof,data/imagewoof2-320/val/n02086240/n02086240_6332.JPEG,n02086240,155,Shih-Tzu,webp,77,155,Shih-Tzu,0.2808815538883209,True,24583,17748,1.385113815641199,36.663693276480224,0.9555763807847516
imagewoof,data/imagewoof2-320/val/n02086240/n02086240_6371.JPEG,n02086240,155,Shih-Tzu,webp,77,154,Pekinese,0.1886846423149109,False,24314,18210,1.3352004393190555,36.54867526057097,0.9523783803763988
imagewoof,data/imagewoof2-320/val/n02086240/n02086240_6400.JPEG,n02086240,155,Shih-Tzu,webp,77,155,Shih-Tzu,0.33135780692100525,True,31124,27330,1.1388218075375045,35.257561680991444,0.9501953730996994
imagewoof,data/imagewoof2-320/val/n02086240/n02086240_6471.JPEG,n02086240,155,Shih-Tzu,webp,77,155,Shih-Tzu,0.3408559262752533,True,22830,16440,1.3886861313868613,37.22611056578428,0.9504349924757531
imagewoof,data/imagewoof2-320/val/n02086240/n02086240_6500.JPEG,n02086240,155,Shih-Tzu,webp,77,153,Maltese dog,0.15102635324001312,False,21701,14654,1.480892589054183,38.00143645060413,0.9623128136650746
imagewoof,data/imagewoof2-320/val/n02086240/n02086240_6501.JPEG,n02086240,155,Shih-Tzu,webp,77,153,Maltese dog,0.298803448677063,False,19578,13174,1.486109002580841,37.95429488447567,0.9562585092017457
imagewoof,data/imagewoof2-320/val/n02086240/n02086240_651.JPEG,n02086240,155,Shih-Tzu,webp,77,155,Shih-Tzu,0.3598206043243408,True,13653,7180,1.9015320334261838,39.574352115069274,0.9502897021982956
imagewoof,data/imagewoof2-320/val/n02086240/n02086240_6512.JPEG,n02086240,155,Shih-Tzu,webp,77,155,Shih-Tzu,0.4493595063686371,True,32862,30158,1.0896611181112805,35.2781917783291,0.9625224440312605
imagewoof,data/imagewoof2-320/val/n02086240/n02086240_6601.JPEG,n02086240,155,Shih-Tzu,webp,77,204,Lhasa,0.2485051304101944,False,17284,10730,1.6108108108108108,37.773553287956446,0.9509466427373322
imagewoof,data/imagewoof2-320/val/n02086240/n02086240_6620.JPEG,n02086240,155,Shih-Tzu,webp,77,155,Shih-Tzu,0.14703664183616638,True,16939,10634,1.5929095354523228,38.0581980914923,0.9622715135743927
imagewoof,data/imagewoof2-320/val/n02086240/n02086240_6621.JPEG,n02086240,155,Shih-Tzu,webp,77,155,Shih-Tzu,0.3321075439453125,True,18385,11586,1.5868289314690143,38.36062462479805,0.9561239727063402
imagewoof,data/imagewoof2-320/val/n02086240/n02086240_6641.JPEG,n02086240,155,Shih-Tzu,webp,77,155,Shih-Tzu,0.3602164685726166,True,32237,26222,1.2293875371825185,36.21599629602565,0.9706758317944892
imagewoof,data/imagewoof2-320/val/n02086240/n02086240_6662.JPEG,n02086240,155,Shih-Tzu,webp,77,155,Shih-Tzu,0.13589727878570557,True,47930,43958,1.0903589790254333,34.832959593364606,0.9621176270782833
imagewoof,data/imagewoof2-320/val/n02086240/n02086240_6681.JPEG,n02086240,155,Shih-Tzu,webp,77,153,Maltese dog,0.4465320408344269,False,27779,19652,1.4135456950946468,35.63023432591413,0.9509303751310844
imagewoof,data/imagewoof2-320/val/n02086240/n02086240_6690.JPEG,n02086240,155,Shih-Tzu,webp,77,155,Shih-Tzu,0.31218263506889343,True,32154,27542,1.167453343983734,34.6233962200688,0.966075262448311
imagewoof,data/imagewoof2-320/val/n02086240/n02086240_6702.JPEG,n02086240,155,Shih-Tzu,webp,77,155,Shih-Tzu,0.30436092615127563,True,16126,8266,1.9508831357367529,39.59677797495475,0.9614338454171937
imagewoof,data/imagewoof2-320/val/n02086240/n02086240_6732.JPEG,n02086240,155,Shih-Tzu,webp,77,155,Shih-Tzu,0.49354588985443115,True,18415,11542,1.5954773869346734,37.74010080570022,0.9614813999929482
imagewoof,data/imagewoof2-320/val/n02086240/n02086240_6792.JPEG,n02086240,155,Shih-Tzu,webp,77,155,Shih-Tzu,0.44088175892829895,True,17916,9872,1.8148298217179903,39.63014785348689,0.9633419980151788
imagewoof,data/imagewoof2-320/val/n02086240/n02086240_6820.JPEG,n02086240,155,Shih-Tzu,webp,77,155,Shih-Tzu,0.4346838593482971,True,20233,13814,1.4646735196177791,37.91296808960465,0.9618262526364024
imagewoof,data/imagewoof2-320/val/n02086240/n02086240_6821.JPEG,n02086240,155,Shih-Tzu,webp,77,155,Shih-Tzu,0.4913365840911865,True,21316,16430,1.2973828362751065,36.53668893162286,0.961099457797156
imagewoof,data/imagewoof2-320/val/n02086240/n02086240_6871.JPEG,n02086240,155,Shih-Tzu,webp,77,155,Shih-Tzu,0.19587154686450958,True,24987,19252,1.2978911281944734,36.592264483810574,0.9470435357708135
imagewoof,data/imagewoof2-320/val/n02086240/n02086240_6882.JPEG,n02086240,155,Shih-Tzu,webp,77,155,Shih-Tzu,0.51263427734375,True,28673,23738,1.2078945151234308,36.126499501786014,0.9601647747125948
imagewoof,data/imagewoof2-320/val/n02086240/n02086240_6890.JPEG,n02086240,155,Shih-Tzu,webp,77,155,Shih-Tzu,0.389533132314682,True,45289,46122,0.9819392047179221,34.621787880051976,0.9810440096323113
imagewoof,data/imagewoof2-320/val/n02086240/n02086240_691.JPEG,n02086240,155,Shih-Tzu,webp,77,155,Shih-Tzu,0.2872924208641052,True,43153,44628,0.9669490006274089,35.10776304654337,0.9793339495911603
imagewoof,data/imagewoof2-320/val/n02086240/n02086240_6911.JPEG,n02086240,155,Shih-Tzu,webp,77,155,Shih-Tzu,0.5659124255180359,True,29953,25802,1.1608790016277808,36.02800695832912,0.9632611408835615
imagewoof,data/imagewoof2-320/val/n02086240/n02086240_6951.JPEG,n02086240,155,Shih-Tzu,webp,77,155,Shih-Tzu,0.25152915716171265,True,25717,19624,1.310487158581329,36.3956643746856,0.9512873880133816
imagewoof,data/imagewoof2-320/val/n02086240/n02086240_6952.JPEG,n02086240,155,Shih-Tzu,webp,77,155,Shih-Tzu,0.3781372904777527,True,29389,24786,1.1857096748164286,35.90305595941377,0.9512135908916953
imagewoof,data/imagewoof2-320/val/n02086240/n02086240_6992.JPEG,n02086240,155,Shih-Tzu,webp,77,155,Shih-Tzu,0.425828218460083,True,17653,12158,1.4519657838460274,37.1575816482488,0.9480659938265954
imagewoof,data/imagewoof2-320/val/n02086240/n02086240_7022.JPEG,n02086240,155,Shih-Tzu,webp,77,155,Shih-Tzu,0.3754507303237915,True,27124,21856,1.2410322108345535,36.20465933502818,0.9538882265378658
imagewoof,data/imagewoof2-320/val/n02086240/n02086240_7060.JPEG,n02086240,155,Shih-Tzu,webp,77,155,Shih-Tzu,0.2994934022426605,True,19685,15186,1.2962597128934545,37.27808006121208,0.9654392784140918
imagewoof,data/imagewoof2-320/val/n02086240/n02086240_7081.JPEG,n02086240,155,Shih-Tzu,webp,77,155,Shih-Tzu,0.22804643213748932,True,26045,19590,1.3295048494129658,36.527925674028424,0.9641569980775418
imagewoof,data/imagewoof2-320/val/n02086240/n02086240_7092.JPEG,n02086240,155,Shih-Tzu,webp,77,155,Shih-Tzu,0.28698933124542236,True,37248,36880,1.0099783080260303,34.721314536133015,0.9711266140727141
imagewoof,data/imagewoof2-320/val/n02086240/n02086240_7100.JPEG,n02086240,155,Shih-Tzu,webp,77,155,Shih-Tzu,0.3979610502719879,True,26378,20934,1.2600554122480176,36.79661406781539,0.9637112205910369
imagewoof,data/imagewoof2-320/val/n02086240/n02086240_7101.JPEG,n02086240,155,Shih-Tzu,webp,77,155,Shih-Tzu,0.5030485987663269,True,32060,28620,1.1201956673654787,35.5071226193186,0.9602095391577077
imagewoof,data/imagewoof2-320/val/n02086240/n02086240_7110.JPEG,n02086240,155,Shih-Tzu,webp,77,155,Shih-Tzu,0.3590008616447449,True,18248,10838,1.6837054807159992,38.31214073827829,0.9513747318679746
imagewoof,data/imagewoof2-320/val/n02086240/n02086240_7142.JPEG,n02086240,155,Shih-Tzu,webp,77,155,Shih-Tzu,0.20136409997940063,True,23141,15946,1.4512103348802208,37.474618303671626,0.9591106024647251
imagewoof,data/imagewoof2-320/val/n02086240/n02086240_7161.JPEG,n02086240,155,Shih-Tzu,webp,77,155,Shih-Tzu,0.32453835010528564,True,22028,15414,1.429090437264824,36.3431037142337,0.9305466382074057
imagewoof,data/imagewoof2-320/val/n02086240/n02086240_7170.JPEG,n02086240,155,Shih-Tzu,webp,77,155,Shih-Tzu,0.36757785081863403,True,25995,19336,1.344383533305751,36.65031392080003,0.9528949238923338
imagewoof,data/imagewoof2-320/val/n02086240/n02086240_7200.JPEG,n02086240,155,Shih-Tzu,webp,77,155,Shih-Tzu,0.26628971099853516,True,23675,17764,1.3327516325151993,37.45318180845221,0.9581183913880107
imagewoof,data/imagewoof2-320/val/n02086240/n02086240_7220.JPEG,n02086240,155,Shih-Tzu,webp,77,155,Shih-Tzu,0.4370473325252533,True,21776,15368,1.4169703279541905,37.512501141227716,0.9625050642855606
imagewoof,data/imagewoof2-320/val/n02086240/n02086240_7221.JPEG,n02086240,155,Shih-Tzu,webp,77,204,Lhasa,0.20792469382286072,False,21717,13976,1.5538780767029192,37.664028358578115,0.9371777081013407
imagewoof,data/imagewoof2-320/val/n02086240/n02086240_7240.JPEG,n02086240,155,Shih-Tzu,webp,77,155,Shih-Tzu,0.2528468370437622,True,19185,12832,1.4950903990024937,37.76114447159201,0.9471946330132718
imagewoof,data/imagewoof2-320/val/n02086240/n02086240_7261.JPEG,n02086240,155,Shih-Tzu,webp,77,155,Shih-Tzu,0.12412021309137344,True,44406,43390,1.0234155335330721,34.77901027114263,0.975168365506307
imagewoof,data/imagewoof2-320/val/n02086240/n02086240_7281.JPEG,n02086240,155,Shih-Tzu,webp,77,155,Shih-Tzu,0.39925289154052734,True,29685,25812,1.150046490004649,36.06502263040491,0.9616881216479682
imagewoof,data/imagewoof2-320/val/n02086240/n02086240_7340.JPEG,n02086240,155,Shih-Tzu,webp,77,194,Dandie Dinmont,0.024612311273813248,False,20659,12978,1.5918477423331792,37.32098765162737,0.9560986645385116
imagewoof,data/imagewoof2-320/val/n02086240/n02086240_7360.JPEG,n02086240,155,Shih-Tzu,webp,77,155,Shih-Tzu,0.4358622431755066,True,22360,16560,1.3502415458937198,37.192723496943316,0.9481714871015342
imagewoof,data/imagewoof2-320/val/n02086240/n02086240_7361.JPEG,n02086240,155,Shih-Tzu,webp,77,155,Shih-Tzu,0.41619443893432617,True,30081,23558,1.2768910773410307,36.41660940307175,0.9636645035469994
imagewoof,data/imagewoof2-320/val/n02086240/n02086240_7362.JPEG,n02086240,155,Shih-Tzu,webp,77,155,Shih-Tzu,0.28035083413124084,True,18450,12496,1.476472471190781,37.86044365478333,0.9604154644508642
imagewoof,data/imagewoof2-320/val/n02086240/n02086240_7382.JPEG,n02086240,155,Shih-Tzu,webp,77,155,Shih-Tzu,0.2470981925725937,True,27509,21050,1.3068408551068884,36.247233682033624,0.9634747059027733
imagewoof,data/imagewoof2-320/val/n02086240/n02086240_740.JPEG,n02086240,155,Shih-Tzu,webp,77,200,Tibetan terrier,0.15360692143440247,False,21987,15266,1.440259399973798,37.38744190004318,0.9591086903583587
imagewoof,data/imagewoof2-320/val/n02086240/n02086240_7420.JPEG,n02086240,155,Shih-Tzu,webp,77,155,Shih-Tzu,0.4576055109500885,True,32298,29528,1.093809265781631,35.2524436528966,0.963148731818314
imagewoof,data/imagewoof2-320/val/n02086240/n02086240_7421.JPEG,n02086240,155,Shih-Tzu,webp,77,155,Shih-Tzu,0.40443846583366394,True,22740,15900,1.430188679245283,37.53348026933906,0.9656597925829655
imagewoof,data/imagewoof2-320/val/n02086240/n02086240_7441.JPEG,n02086240,155,Shih-Tzu,webp,77,155,Shih-Tzu,0.2535872757434845,True,16838,10960,1.5363138686131388,37.51979276733914,0.948751153040444
imagewoof,data/imagewoof2-320/val/n02086240/n02086240_7442.JPEG,n02086240,155,Shih-Tzu,webp,77,155,Shih-Tzu,0.40171897411346436,True,24898,19596,1.2705654215145947,35.81669035132186,0.9641168460798178
imagewoof,data/imagewoof2-320/val/n02086240/n02086240_7462.JPEG,n02086240,155,Shih-Tzu,webp,77,155,Shih-Tzu,0.37209779024124146,True,27133,19250,1.4095064935064936,37.39785975196182,0.9648018497148255
imagewoof,data/imagewoof2-320/val/n02086240/n02086240_751.JPEG,n02086240,155,Shih-Tzu,webp,77,155,Shih-Tzu,0.4343048334121704,True,60882,57548,1.0579342461944812,34.42119820181184,0.9769061598507763
imagewoof,data/imagewoof2-320/val/n02086240/n02086240_7511.JPEG,n02086240,155,Shih-Tzu,webp,77,155,Shih-Tzu,0.2532861828804016,True,50639,51106,0.99086212969123,34.49804196852575,0.9826312823523482
imagewoof,data/imagewoof2-320/val/n02086240/n02086240_7521.JPEG,n02086240,155,Shih-Tzu,webp,77,155,Shih-Tzu,0.22903138399124146,True,14719,9308,1.581327889987108,38.031280365614116,0.9618066725756101
imagewoof,data/imagewoof2-320/val/n02086240/n02086240_7562.JPEG,n02086240,155,Shih-Tzu,webp,77,219,cocker spaniel,0.12126799672842026,False,25214,18796,1.3414556288572037,36.24107889232765,0.9551223396622506
imagewoof,data/imagewoof2-320/val/n02086240/n02086240_7581.JPEG,n02086240,155,Shih-Tzu,webp,77,155,Shih-Tzu,0.32201534509658813,True,32065,26992,1.1879445761707172,35.673833288002086,0.957689174073618
imagewoof,data/imagewoof2-320/val/n02086240/n02086240_7601.JPEG,n02086240,155,Shih-Tzu,webp,77,155,Shih-Tzu,0.32822272181510925,True,26736,21126,1.2655495597841522,36.29933442068839,0.9422849029182844
imagewoof,data/imagewoof2-320/val/n02086240/n02086240_762.JPEG,n02086240,155,Shih-Tzu,webp,77,155,Shih-Tzu,0.3832412660121918,True,18535,11746,1.5779839945513365,39.097197561024075,0.9656084565556055
imagewoof,data/imagewoof2-320/val/n02086240/n02086240_7622.JPEG,n02086240,155,Shih-Tzu,webp,77,155,Shih-Tzu,0.16961632668972015,True,22746,14172,1.604995766299746,38.1052567340349,0.9684531358878745
imagewoof,data/imagewoof2-320/val/n02086240/n02086240_7642.JPEG,n02086240,155,Shih-Tzu,webp,77,155,Shih-Tzu,0.2278905212879181,True,17721,11418,1.5520231213872833,38.16411718267434,0.9643799099155551
imagewoof,data/imagewoof2-320/val/n02086240/n02086240_7672.JPEG,n02086240,155,Shih-Tzu,webp,77,155,Shih-Tzu,0.28232353925704956,True,32967,31768,1.0377423822714682,34.654438858294526,0.9740872922551023
imagewoof,data/imagewoof2-320/val/n02086240/n02086240_7691.JPEG,n02086240,155,Shih-Tzu,webp,77,155,Shih-Tzu,0.4082677960395813,True,31773,28768,1.104456340378198,36.1347735585541,0.966396593922766
imagewoof,data/imagewoof2-320/val/n02086240/n02086240_7730.JPEG,n02086240,155,Shih-Tzu,webp,77,200,Tibetan terrier,0.2841808497905731,False,10833,5672,1.9099083215796897,40.485096906054174,0.9672250796988204
imagewoof,data/imagewoof2-320/val/n02086240/n02086240_7761.JPEG,n02086240,155,Shih-Tzu,webp,77,155,Shih-Tzu,0.28287771344184875,True,26672,20578,1.2961415103508602,36.52368428753509,0.9668822458325467
imagewoof,data/imagewoof2-320/val/n02086240/n02086240_7790.JPEG,n02086240,155,Shih-Tzu,webp,77,155,Shih-Tzu,0.2670956552028656,True,25971,21186,1.2258566978193146,36.28225712162178,0.9645502326366523
imagewoof,data/imagewoof2-320/val/n02086240/n02086240_7862.JPEG,n02086240,155,Shih-Tzu,webp,77,220,Sussex spaniel,0.13605235517024994,False,16847,10582,1.5920430920430921,37.6010922777187,0.9484357784434745
imagewoof,data/imagewoof2-320/val/n02086240/n02086240_7890.JPEG,n02086240,155,Shih-Tzu,webp,77,204,Lhasa,0.3506000339984894,False,27318,23200,1.1775,36.952655418883396,0.9710519170678408
imagewoof,data/imagewoof2-320/val/n02086240/n02086240_7982.JPEG,n02086240,155,Shih-Tzu,webp,77,155,Shih-Tzu,0.3880757689476013,True,32372,27140,1.1927781871775975,35.97239811222971,0.9575484000592521
imagewoof,data/imagewoof2-320/val/n02086240/n02086240_8012.JPEG,n02086240,155,Shih-Tzu,webp,77,155,Shih-Tzu,0.30535635352134705,True,24518,17458,1.404399129338985,36.53986372616552,0.9599936918124014
imagewoof,data/imagewoof2-320/val/n02086240/n02086240_8021.JPEG,n02086240,155,Shih-Tzu,webp,77,155,Shih-Tzu,0.4058510959148407,True,25177,19342,1.3016751111570675,36.39612201034216,0.9659732875908796
imagewoof,data/imagewoof2-320/val/n02086240/n02086240_8052.JPEG,n02086240,155,Shih-Tzu,webp,77,155,Shih-Tzu,0.5314375162124634,True,21443,15078,1.4221382146173231,36.83471209473309,0.9523985058862028
imagewoof,data/imagewoof2-320/val/n02086240/n02086240_8091.JPEG,n02086240,155,Shih-Tzu,webp,77,155,Shih-Tzu,0.40442949533462524,True,25393,21342,1.189813513260238,36.34937527211426,0.9400827295616633
imagewoof,data/imagewoof2-320/val/n02086240/n02086240_8121.JPEG,n02086240,155,Shih-Tzu,webp,77,204,Lhasa,0.18257656693458557,False,19682,12174,1.6167241662559553,38.20578144025795,0.9557612468454163
imagewoof,data/imagewoof2-320/val/n02086240/n02086240_8141.JPEG,n02086240,155,Shih-Tzu,webp,77,155,Shih-Tzu,0.32969585061073303,True,20247,14016,1.4445633561643836,38.463578261920794,0.9646460946442382
imagewoof,data/imagewoof2-320/val/n02086240/n02086240_8190.JPEG,n02086240,155,Shih-Tzu,webp,77,155,Shih-Tzu,0.32765862345695496,True,27605,23866,1.156666387329255,35.69005050996381,0.9606983257032957
imagewoof,data/imagewoof2-320/val/n02086240/n02086240_8241.JPEG,n02086240,155,Shih-Tzu,webp,77,155,Shih-Tzu,0.4387865960597992,True,16029,9636,1.6634495641344957,38.690707786107424,0.9556529856363354
imagewoof,data/imagewoof2-320/val/n02086240/n02086240_8252.JPEG,n02086240,155,Shih-Tzu,webp,77,155,Shih-Tzu,0.5140740275382996,True,37756,37794,0.9989945493993756,34.61894195783407,0.9649486975547203
imagewoof,data/imagewoof2-320/val/n02086240/n02086240_8300.JPEG,n02086240,155,Shih-Tzu,webp,77,155,Shih-Tzu,0.31153154373168945,True,19079,11598,1.6450250043110881,38.16070400531474,0.9556862144087671
imagewoof,data/imagewoof2-320/val/n02086240/n02086240_831.JPEG,n02086240,155,Shih-Tzu,webp,77,155,Shih-Tzu,0.4165974259376526,True,25320,19038,1.3299716356760163,37.11154372005855,0.9550654519518794
imagewoof,data/imagewoof2-320/val/n02086240/n02086240_8311.JPEG,n02086240,155,Shih-Tzu,webp,77,155,Shih-Tzu,0.2010037750005722,True,33885,28684,1.1813205968484173,35.9408998013408,0.9632833974258993
imagewoof,data/imagewoof2-320/val/n02086240/n02086240_8340.JPEG,n02086240,155,Shih-Tzu,webp,77,155,Shih-Tzu,0.5037216544151306,True,16582,11270,1.4713398402839397,38.151257010014405,0.9606840582699423
imagewoof,data/imagewoof2-320/val/n02086240/n02086240_8341.JPEG,n02086240,155,Shih-Tzu,webp,77,155,Shih-Tzu,0.3731120824813843,True,21748,14472,1.5027639579878387,37.128469329964304,0.9505092911987063
imagewoof,data/imagewoof2-320/val/n02086240/n02086240_8342.JPEG,n02086240,155,Shih-Tzu,webp,77,155,Shih-Tzu,0.32445791363716125,True,24489,19312,1.2680716652858326,36.707098541580436,0.963813132633153
imagewoof,data/imagewoof2-320/val/n02086240/n02086240_8431.JPEG,n02086240,155,Shih-Tzu,webp,77,200,Tibetan terrier,0.26657775044441223,False,18596,12280,1.5143322475570034,37.72834548481614,0.9523652088331799
imagewoof,data/imagewoof2-320/val/n02086240/n02086240_8451.JPEG,n02086240,155,Shih-Tzu,webp,77,155,Shih-Tzu,0.3312571048736572,True,41421,41476,0.9986739319124313,34.439952698860196,0.9747416285735753
imagewoof,data/imagewoof2-320/val/n02086240/n02086240_852.JPEG,n02086240,155,Shih-Tzu,webp,77,155,Shih-Tzu,0.14006344974040985,True,15629,8896,1.7568570143884892,38.781873157379124,0.9555193722792126
imagewoof,data/imagewoof2-320/val/n02086240/n02086240_8552.JPEG,n02086240,155,Shih-Tzu,webp,77,155,Shih-Tzu,0.4791252315044403,True,19552,13704,1.4267367192060711,36.65470553419378,0.954576917300562
imagewoof,data/imagewoof2-320/val/n02086240/n02086240_8580.JPEG,n02086240,155,Shih-Tzu,webp,77,155,Shih-Tzu,0.49027034640312195,True,20968,15316,1.3690258553147037,37.31234558055159,0.945458068727472
imagewoof,data/imagewoof2-320/val/n02086240/n02086240_8600.JPEG,n02086240,155,Shih-Tzu,webp,77,155,Shih-Tzu,0.4585966169834137,True,33871,28394,1.1928928646897232,35.330262300687,0.9675040864213549
imagewoof,data/imagewoof2-320/val/n02086240/n02086240_8660.JPEG,n02086240,155,Shih-Tzu,webp,77,155,Shih-Tzu,0.4621485471725464,True,13062,7296,1.790296052631579,39.42162702060096,0.9630694681638663
imagewoof,data/imagewoof2-320/val/n02086240/n02086240_870.JPEG,n02086240,155,Shih-Tzu,webp,77,155,Shih-Tzu,0.2809608578681946,True,22332,15700,1.4224203821656052,36.98159320062659,0.9471003042926455
imagewoof,data/imagewoof2-320/val/n02086240/n02086240_872.JPEG,n02086240,155,Shih-Tzu,webp,77,155,Shih-Tzu,0.4558034837245941,True,21707,15650,1.3870287539936101,37.82865354876563,0.9658541932434995
imagewoof,data/imagewoof2-320/val/n02086240/n02086240_8780.JPEG,n02086240,155,Shih-Tzu,webp,77,155,Shih-Tzu,0.3792634904384613,True,32581,29956,1.0876285218320203,35.35454281510508,0.9703435571641119
imagewoof,data/imagewoof2-320/val/n02086240/n02086240_8800.JPEG,n02086240,155,Shih-Tzu,webp,77,155,Shih-Tzu,0.449158638715744,True,23255,17050,1.3639296187683285,36.901542393928175,0.9492927937072725
imagewoof,data/imagewoof2-320/val/n02086240/n02086240_8812.JPEG,n02086240,155,Shih-Tzu,webp,77,155,Shih-Tzu,0.42147019505500793,True,25941,19708,1.3162675055814899,36.94012444725948,0.9594503161724607
imagewoof,data/imagewoof2-320/val/n02086240/n02086240_8870.JPEG,n02086240,155,Shih-Tzu,webp,77,155,Shih-Tzu,0.30751168727874756,True,17406,12078,1.4411326378539493,38.12136147623321,0.9503437692397756
imagewoof,data/imagewoof2-320/val/n02086240/n02086240_8871.JPEG,n02086240,155,Shih-Tzu,webp,77,155,Shih-Tzu,0.3421142101287842,True,19799,13430,1.4742367833209233,36.52874908729095,0.965996347168625
imagewoof,data/imagewoof2-320/val/n02086240/n02086240_901.JPEG,n02086240,155,Shih-Tzu,webp,77,155,Shih-Tzu,0.46700161695480347,True,27455,22206,1.2363775556155994,36.276292258584014,0.9554401733142387
imagewoof,data/imagewoof2-320/val/n02086240/n02086240_902.JPEG,n02086240,155,Shih-Tzu,webp,77,155,Shih-Tzu,0.31198975443840027,True,29517,24462,1.2066470443953887,35.388974887500765,0.9516212962807389
imagewoof,data/imagewoof2-320/val/n02086240/n02086240_9101.JPEG,n02086240,155,Shih-Tzu,webp,77,155,Shih-Tzu,0.32610905170440674,True,21802,13870,1.5718817591925018,36.80058679450573,0.9461162099991375
imagewoof,data/imagewoof2-320/val/n02086240/n02086240_912.JPEG,n02086240,155,Shih-Tzu,webp,77,155,Shih-Tzu,0.34945985674858093,True,22290,14616,1.5250410509031198,36.506032707770395,0.9575946060481701
imagewoof,data/imagewoof2-320/val/n02086240/n02086240_9130.JPEG,n02086240,155,Shih-Tzu,webp,77,155,Shih-Tzu,0.41379281878471375,True,18305,11346,1.6133439097479287,37.72877431251958,0.956745103945673
imagewoof,data/imagewoof2-320/val/n02086240/n02086240_9271.JPEG,n02086240,155,Shih-Tzu,webp,77,155,Shih-Tzu,0.24605360627174377,True,17013,10038,1.6948595337716676,38.99826149947887,0.9668065317726295
imagewoof,data/imagewoof2-320/val/n02086240/n02086240_9280.JPEG,n02086240,155,Shih-Tzu,webp,77,155,Shih-Tzu,0.26627427339553833,True,22980,17696,1.2985985533453888,37.21483058925201,0.9660422019157778
imagewoof,data/imagewoof2-320/val/n02086240/n02086240_9390.JPEG,n02086240,155,Shih-Tzu,webp,77,155,Shih-Tzu,0.39185622334480286,True,31383,25496,1.2308989645434578,36.07277642888637,0.9650190935841859
imagewoof,data/imagewoof2-320/val/n02086240/n02086240_940.JPEG,n02086240,155,Shih-Tzu,webp,77,155,Shih-Tzu,0.18104059994220734,True,14291,6980,2.0474212034383954,38.66481249834742,0.9208749259086275
imagewoof,data/imagewoof2-320/val/n02086240/n02086240_9401.JPEG,n02086240,155,Shih-Tzu,webp,77,155,Shih-Tzu,0.41769328713417053,True,29314,25666,1.142133561910699,35.74773035279544,0.9624577144437853
imagewoof,data/imagewoof2-320/val/n02086240/n02086240_9411.JPEG,n02086240,155,Shih-Tzu,webp,77,155,Shih-Tzu,0.38207876682281494,True,22972,16682,1.3770531111377533,36.95905624093003,0.9532772546575426
imagewoof,data/imagewoof2-320/val/n02086240/n02086240_9430.JPEG,n02086240,155,Shih-Tzu,webp,77,155,Shih-Tzu,0.3113327920436859,True,20834,13402,1.5545440978958365,37.462300379791444,0.9495015211079237
imagewoof,data/imagewoof2-320/val/n02086240/n02086240_951.JPEG,n02086240,155,Shih-Tzu,webp,77,155,Shih-Tzu,0.3313969671726227,True,20305,14274,1.42251646350007,36.86638876079732,0.9338389720416259
imagewoof,data/imagewoof2-320/val/n02086240/n02086240_9520.JPEG,n02086240,155,Shih-Tzu,webp,77,187,Yorkshire terrier,0.22839605808258057,False,26504,20954,1.2648658967261621,35.89172413246751,0.9555409549804761
imagewoof,data/imagewoof2-320/val/n02086240/n02086240_9540.JPEG,n02086240,155,Shih-Tzu,webp,77,155,Shih-Tzu,0.546969473361969,True,22209,16032,1.3852919161676647,37.140640552014325,0.949425763979456
imagewoof,data/imagewoof2-320/val/n02086240/n02086240_9551.JPEG,n02086240,155,Shih-Tzu,webp,77,155,Shih-Tzu,0.33510759472846985,True,18594,11600,1.6029310344827585,38.24227173675938,0.9467273779425809
imagewoof,data/imagewoof2-320/val/n02086240/n02086240_961.JPEG,n02086240,155,Shih-Tzu,webp,77,155,Shih-Tzu,0.4854792654514313,True,27996,23424,1.1951844262295082,36.095053668836606,0.9524658512955085
imagewoof,data/imagewoof2-320/val/n02086240/n02086240_962.JPEG,n02086240,155,Shih-Tzu,webp,77,155,Shih-Tzu,0.6659466028213501,True,28269,22822,1.238673210060468,35.90419788693759,0.9577416130728964
imagewoof,data/imagewoof2-320/val/n02086240/n02086240_9750.JPEG,n02086240,155,Shih-Tzu,webp,77,155,Shih-Tzu,0.38008028268814087,True,18384,11532,1.5941727367325702,38.62893895717453,0.9494220173196171
imagewoof,data/imagewoof2-320/val/n02086240/n02086240_9762.JPEG,n02086240,155,Shih-Tzu,webp,77,155,Shih-Tzu,0.20745877921581268,True,17276,10712,1.61277072442121,38.70490272105107,0.9644903788981712
imagewoof,data/imagewoof2-320/val/n02086240/n02086240_9792.JPEG,n02086240,155,Shih-Tzu,webp,77,155,Shih-Tzu,0.2517146170139313,True,25692,23754,1.0815862591563525,35.716750093572024,0.970523987175822
imagewoof,data/imagewoof2-320/val/n02086240/n02086240_9812.JPEG,n02086240,155,Shih-Tzu,webp,77,155,Shih-Tzu,0.41378524899482727,True,23442,16116,1.4545793000744602,36.855525741333054,0.9541746159364791
imagewoof,data/imagewoof2-320/val/n02086240/n02086240_9901.JPEG,n02086240,155,Shih-Tzu,webp,77,155,Shih-Tzu,0.5074133276939392,True,24106,18328,1.3152553470100392,36.889033904810205,0.9467372453572843
imagewoof,data/imagewoof2-320/val/n02087394/ILSVRC2012_val_00000102.JPEG,n02087394,159,Rhodesian ridgeback,webp,77,159,Rhodesian ridgeback,0.2133602648973465,True,21007,14800,1.419391891891892,36.65202199934356,0.9542295156198491
imagewoof,data/imagewoof2-320/val/n02087394/ILSVRC2012_val_00001651.JPEG,n02087394,159,Rhodesian ridgeback,webp,77,159,Rhodesian ridgeback,0.47301149368286133,True,22506,17982,1.251584918251585,37.04951616757227,0.9631839116421409
imagewoof,data/imagewoof2-320/val/n02087394/ILSVRC2012_val_00004992.JPEG,n02087394,159,Rhodesian ridgeback,webp,77,159,Rhodesian ridgeback,0.10177350789308548,True,33185,29844,1.1119488004288969,34.69939539376589,0.9692904582520784
imagewoof,data/imagewoof2-320/val/n02087394/ILSVRC2012_val_00006900.JPEG,n02087394,159,Rhodesian ridgeback,webp,77,159,Rhodesian ridgeback,0.46027088165283203,True,24480,18594,1.3165537270087124,36.0476387756451,0.962116959794157
imagewoof,data/imagewoof2-320/val/n02087394/ILSVRC2012_val_00009200.JPEG,n02087394,159,Rhodesian ridgeback,webp,77,159,Rhodesian ridgeback,0.3074289858341217,True,29103,22726,1.2806037138079733,35.60753283110242,0.9555061602618471
imagewoof,data/imagewoof2-320/val/n02087394/ILSVRC2012_val_00009470.JPEG,n02087394,159,Rhodesian ridgeback,webp,77,159,Rhodesian ridgeback,0.22295960783958435,True,28218,23180,1.2173425366695427,34.97460805274754,0.9559854724452284
imagewoof,data/imagewoof2-320/val/n02087394/ILSVRC2012_val_00016510.JPEG,n02087394,159,Rhodesian ridgeback,webp,77,159,Rhodesian ridgeback,0.43234899640083313,True,14857,8208,1.8100633528265107,38.59873422998309,0.9507812640534933
imagewoof,data/imagewoof2-320/val/n02087394/ILSVRC2012_val_00017792.JPEG,n02087394,159,Rhodesian ridgeback,webp,77,159,Rhodesian ridgeback,0.2819293141365051,True,14152,8336,1.6976967370441458,38.43823717303198,0.9293821277167336
imagewoof,data/imagewoof2-320/val/n02087394/ILSVRC2012_val_00027290.JPEG,n02087394,159,Rhodesian ridgeback,webp,77,168,redbone,0.30528613924980164,False,36730,33662,1.0911413463252333,34.257938256608384,0.9655415499452964
imagewoof,data/imagewoof2-320/val/n02087394/ILSVRC2012_val_00033731.JPEG,n02087394,159,Rhodesian ridgeback,webp,77,168,redbone,0.4025179147720337,False,27629,24860,1.1113837489943685,35.54800369947079,0.9652761926696377
imagewoof,data/imagewoof2-320/val/n02087394/ILSVRC2012_val_00034160.JPEG,n02087394,159,Rhodesian ridgeback,webp,77,246,Great Dane,0.20529191195964813,False,25843,21846,1.1829625560743386,34.55245473163305,0.9590272223721289
imagewoof,data/imagewoof2-320/val/n02087394/ILSVRC2012_val_00035341.JPEG,n02087394,159,Rhodesian ridgeback,webp,77,159,Rhodesian ridgeback,0.22418998181819916,True,40352,37262,1.082926305619666,34.34806934572376,0.9675722105893881
imagewoof,data/imagewoof2-320/val/n02087394/ILSVRC2012_val_00042252.JPEG,n02087394,159,Rhodesian ridgeback,webp,77,159,Rhodesian ridgeback,0.37553080916404724,True,16431,9952,1.651024919614148,38.16858380394521,0.9577997623497311
imagewoof,data/imagewoof2-320/val/n02087394/ILSVRC2012_val_00043252.JPEG,n02087394,159,Rhodesian ridgeback,webp,77,211,vizsla,0.23987378180027008,False,15797,9590,1.6472367049009384,38.89040205476648,0.9642110896727996
imagewoof,data/imagewoof2-320/val/n02087394/ILSVRC2012_val_00044140.JPEG,n02087394,159,Rhodesian ridgeback,webp,77,159,Rhodesian ridgeback,0.4793608486652374,True,29670,27042,1.0971821610827601,33.77589724120912,0.9639829340740281
imagewoof,data/imagewoof2-320/val/n02087394/n02087394_10040.JPEG,n02087394,159,Rhodesian ridgeback,webp,77,159,Rhodesian ridgeback,0.37694308161735535,True,31705,27980,1.1331308077198,35.833128702381515,0.9652203832664813
imagewoof,data/imagewoof2-320/val/n02087394/n02087394_101.JPEG,n02087394,159,Rhodesian ridgeback,webp,77,159,Rhodesian ridgeback,0.24031895399093628,True,30050,24130,1.2453377538334025,36.37859836329751,0.9569470767318062
imagewoof,data/imagewoof2-320/val/n02087394/n02087394_10110.JPEG,n02087394,159,Rhodesian ridgeback,webp,77,172,whippet,0.10569874197244644,False,30040,23976,1.2529195862529197,36.46478488916392,0.9602243769996613
imagewoof,data/imagewoof2-320/val/n02087394/n02087394_10112.JPEG,n02087394,159,Rhodesian ridgeback,webp,77,246,Great Dane,0.16075807809829712,False,35607,33120,1.0750905797101449,35.03307582592414,0.9695139461221719
imagewoof,data/imagewoof2-320/val/n02087394/n02087394_10152.JPEG,n02087394,159,Rhodesian ridgeback,webp,77,159,Rhodesian ridgeback,0.5834566354751587,True,25577,20526,1.246078144791971,35.95699019439754,0.9401520512355407
imagewoof,data/imagewoof2-320/val/n02087394/n02087394_10181.JPEG,n02087394,159,Rhodesian ridgeback,webp,77,159,Rhodesian ridgeback,0.33059975504875183,True,31860,29156,1.092742488681575,35.19242324394112,0.9643198619496709
imagewoof,data/imagewoof2-320/val/n02087394/n02087394_10200.JPEG,n02087394,159,Rhodesian ridgeback,webp,77,159,Rhodesian ridgeback,0.3209530711174011,True,48782,46930,1.0394630300447476,34.32733148528232,0.9812472499829035
imagewoof,data/imagewoof2-320/val/n02087394/n02087394_10212.JPEG,n02087394,159,Rhodesian ridgeback,webp,77,159,Rhodesian ridgeback,0.5521410703659058,True,22493,17562,1.280776676916069,36.85840877498171,0.9437878178007791
imagewoof,data/imagewoof2-320/val/n02087394/n02087394_1022.JPEG,n02087394,159,Rhodesian ridgeback,webp,77,159,Rhodesian ridgeback,0.5729295015335083,True,22542,14378,1.5678119349005426,37.468928766385204,0.9585835112121698
imagewoof,data/imagewoof2-320/val/n02087394/n02087394_10230.JPEG,n02087394,159,Rhodesian ridgeback,webp,77,159,Rhodesian ridgeback,0.314039409160614,True,14860,8738,1.7006179903868162,39.21294022417814,0.9670567557441326
imagewoof,data/imagewoof2-320/val/n02087394/n02087394_10231.JPEG,n02087394,159,Rhodesian ridgeback,webp,77,159,Rhodesian ridgeback,0.5314685106277466,True,26736,20214,1.3226476699317304,36.25857349425394,0.9225312852665749
imagewoof,data/imagewoof2-320/val/n02087394/n02087394_10232.JPEG,n02087394,159,Rhodesian ridgeback,webp,77,159,Rhodesian ridgeback,0.5566222667694092,True,12757,7298,1.7480131542888462,39.16529589881196,0.9776406224642195
imagewoof,data/imagewoof2-320/val/n02087394/n02087394_10240.JPEG,n02087394,159,Rhodesian ridgeback,webp,77,159,Rhodesian ridgeback,0.2692519724369049,True,31952,31604,1.0110112643969118,34.20161790731264,0.974313565015858
imagewoof,data/imagewoof2-320/val/n02087394/n02087394_1031.JPEG,n02087394,159,Rhodesian ridgeback,webp,77,159,Rhodesian ridgeback,0.45553386211395264,True,22137,12930,1.7120649651972157,37.315560628575035,0.9459653534709314
imagewoof,data/imagewoof2-320/val/n02087394/n02087394_1032.JPEG,n02087394,159,Rhodesian ridgeback,webp,77,159,Rhodesian ridgeback,0.20332691073417664,True,17192,9490,1.8115911485774499,38.48082819780388,0.9428635159976659
imagewoof,data/imagewoof2-320/val/n02087394/n02087394_10351.JPEG,n02087394,159,Rhodesian ridgeback,webp,77,159,Rhodesian ridgeback,0.5577986836433411,True,40945,33112,1.236560763469437,35.278470882512366,0.9546081030735439
imagewoof,data/imagewoof2-320/val/n02087394/n02087394_10352.JPEG,n02087394,159,Rhodesian ridgeback,webp,77,159,Rhodesian ridgeback,0.17321927845478058,True,33911,25578,1.3257877863789194,36.606776421274255,0.9692206758032372
imagewoof,data/imagewoof2-320/val/n02087394/n02087394_1041.JPEG,n02087394,159,Rhodesian ridgeback,webp,77,159,Rhodesian ridgeback,0.5097581744194031,True,26937,20212,1.332723134771423,35.764838708350666,0.9550924471791676
imagewoof,data/imagewoof2-320/val/n02087394/n02087394_10411.JPEG,n02087394,159,Rhodesian ridgeback,webp,77,159,Rhodesian ridgeback,0.44176408648490906,True,18076,11562,1.5633973361010205,37.683711701293696,0.9543316722362517
imagewoof,data/imagewoof2-320/val/n02087394/n02087394_10480.JPEG,n02087394,159,Rhodesian ridgeback,webp,77,211,vizsla,0.25667792558670044,False,17713,10090,1.7555004955401388,38.29488910815948,0.9546153314288599
imagewoof,data/imagewoof2-320/val/n02087394/n02087394_10491.JPEG,n02087394,159,Rhodesian ridgeback,webp,77,159,Rhodesian ridgeback,0.1966121792793274,True,17815,10978,1.622791036618692,37.48342736852392,0.9343112549700626
imagewoof,data/imagewoof2-320/val/n02087394/n02087394_10511.JPEG,n02087394,159,Rhodesian ridgeback,webp,77,168,redbone,0.30763766169548035,False,37934,36530,1.0384341637010677,34.18464323221856,0.9654441872155614
imagewoof,data/imagewoof2-320/val/n02087394/n02087394_10591.JPEG,n02087394,159,Rhodesian ridgeback,webp,77,159,Rhodesian ridgeback,0.28682273626327515,True,42558,41166,1.0338143127823933,34.276345379030985,0.9850652793665994
imagewoof,data/imagewoof2-320/val/n02087394/n02087394_10752.JPEG,n02087394,159,Rhodesian ridgeback,webp,77,159,Rhodesian ridgeback,0.37137624621391296,True,11654,6024,1.9345949535192564,39.902141536715504,0.9653799271292716
imagewoof,data/imagewoof2-320/val/n02087394/n02087394_10792.JPEG,n02087394,159,Rhodesian ridgeback,webp,77,159,Rhodesian ridgeback,0.2270926982164383,True,17964,11478,1.56508102456874,37.84420899834244,0.950510034803456
imagewoof,data/imagewoof2-320/val/n02087394/n02087394_1081.JPEG,n02087394,159,Rhodesian ridgeback,webp,77,159,Rhodesian ridgeback,0.3160678744316101,True,36216,34680,1.0442906574394464,34.36100500013582,0.958194976249117
imagewoof,data/imagewoof2-320/val/n02087394/n02087394_10810.JPEG,n02087394,159,Rhodesian ridgeback,webp,77,159,Rhodesian ridgeback,0.39084485173225403,True,14780,8922,1.6565792423223493,39.17450574620963,0.9689662542526877
imagewoof,data/imagewoof2-320/val/n02087394/n02087394_1082.JPEG,n02087394,159,Rhodesian ridgeback,webp,77,159,Rhodesian ridgeback,0.5585084557533264,True,24300,19582,1.2409355530589317,36.537276643494025,0.9593634063005391
imagewoof,data/imagewoof2-320/val/n02087394/n02087394_10842.JPEG,n02087394,159,Rhodesian ridgeback,webp,77,159,Rhodesian ridgeback,0.2900938391685486,True,32284,29926,1.0787943594199023,34.517379243364424,0.9678144469093515
imagewoof,data/imagewoof2-320/val/n02087394/n02087394_10880.JPEG,n02087394,159,Rhodesian ridgeback,webp,77,159,Rhodesian ridgeback,0.22113162279129028,True,20957,14864,1.409916576964478,37.62170219106408,0.9596374056393752
imagewoof,data/imagewoof2-320/val/n02087394/n02087394_10962.JPEG,n02087394,159,Rhodesian ridgeback,webp,77,159,Rhodesian ridgeback,0.375673770904541,True,35178,34680,1.0143598615916956,34.64441269815607,0.9795728504148477
imagewoof,data/imagewoof2-320/val/n02087394/n02087394_10972.JPEG,n02087394,159,Rhodesian ridgeback,webp,77,159,Rhodesian ridgeback,0.6051189303398132,True,23219,16882,1.3753702167989574,36.193641199978934,0.9532564800354493
imagewoof,data/imagewoof2-320/val/n02087394/n02087394_10992.JPEG,n02087394,159,Rhodesian ridgeback,webp,77,159,Rhodesian ridgeback,0.5496650338172913,True,34492,28654,1.203741187966776,35.729124424282816,0.9607753695679199
imagewoof,data/imagewoof2-320/val/n02087394/n02087394_11010.JPEG,n02087394,159,Rhodesian ridgeback,webp,77,159,Rhodesian ridgeback,0.09874770790338516,True,24265,19352,1.2538755684167011,36.64783108544149,0.954470937450052
imagewoof,data/imagewoof2-320/val/n02087394/n02087394_11072.JPEG,n02087394,159,Rhodesian ridgeback,webp,77,159,Rhodesian ridgeback,0.39113229513168335,True,30840,25372,1.2155131641179253,35.790009247682825,0.9615817215944754
imagewoof,data/imagewoof2-320/val/n02087394/n02087394_11131.JPEG,n02087394,159,Rhodesian ridgeback,webp,77,159,Rhodesian ridgeback,0.8390986919403076,True,41106,38460,1.068798751950078,35.20159794069696,0.9640881015600397
imagewoof,data/imagewoof2-320/val/n02087394/n02087394_11181.JPEG,n02087394,159,Rhodesian ridgeback,webp,77,227,kelpie,0.08945224434137344,False,54172,56388,0.9607008583386536,34.40233218099149,0.9832010558403036
imagewoof,data/imagewoof2-320/val/n02087394/n02087394_11261.JPEG,n02087394,159,Rhodesian ridgeback,webp,77,159,Rhodesian ridgeback,0.6818318367004395,True,31337,24728,1.2672678744742802,35.763043195459346,0.9593448174206604
imagewoof,data/imagewoof2-320/val/n02087394/n02087394_11290.JPEG,n02087394,159,Rhodesian ridgeback,webp,77,159,Rhodesian ridgeback,0.4154485762119293,True,27903,21962,1.2705127037610418,35.312252718855135,0.9566024615421104
imagewoof,data/imagewoof2-320/val/n02087394/n02087394_11300.JPEG,n02087394,159,Rhodesian ridgeback,webp,77,159,Rhodesian ridgeback,0.5905493497848511,True,23535,18474,1.2739525820071451,35.70419755120462,0.9610032820875775
imagewoof,data/imagewoof2-320/val/n02087394/n02087394_11442.JPEG,n02087394,159,Rhodesian ridgeback,webp,77,159,Rhodesian ridgeback,0.463716983795166,True,22499,15404,1.4605946507400676,36.86793954253553,0.9532950288554476
imagewoof,data/imagewoof2-320/val/n02087394/n02087394_11541.JPEG,n02087394,159,Rhodesian ridgeback,webp,77,159,Rhodesian ridgeback,0.34403419494628906,True,19799,12778,1.549460009391141,37.200562319118085,0.9511350523308931
imagewoof,data/imagewoof2-320/val/n02087394/n02087394_1161.JPEG,n02087394,159,Rhodesian ridgeback,webp,77,159,Rhodesian ridgeback,0.4419202506542206,True,23791,17682,1.3454925913358218,36.08760292243991,0.9580469027081501
imagewoof,data/imagewoof2-320/val/n02087394/n02087394_11610.JPEG,n02087394,159,Rhodesian ridgeback,webp,77,159,Rhodesian ridgeback,0.2623453140258789,True,16365,10714,1.5274407317528467,36.87009883683998,0.9398510627211752
imagewoof,data/imagewoof2-320/val/n02087394/n02087394_11612.JPEG,n02087394,159,Rhodesian ridgeback,webp,77,159,Rhodesian ridgeback,0.2956114113330841,True,25123,17616,1.426146684831971,37.09373347574987,0.9568601199128005
imagewoof,data/imagewoof2-320/val/n02087394/n02087394_11690.JPEG,n02087394,159,Rhodesian ridgeback,webp,77,159,Rhodesian ridgeback,0.25696250796318054,True,21811,15292,1.426301334030866,36.87055574572612,0.9473482565627074
imagewoof,data/imagewoof2-320/val/n02087394/n02087394_1171.JPEG,n02087394,159,Rhodesian ridgeback,webp,77,194,Dandie Dinmont,0.21878643333911896,False,25791,17980,1.4344271412680756,37.77247901965432,0.9784253996439061
imagewoof,data/imagewoof2-320/val/n02087394/n02087394_11710.JPEG,n02087394,159,Rhodesian ridgeback,webp,77,159,Rhodesian ridgeback,0.5526288151741028,True,26202,19446,1.347423634680654,36.53691423234519,0.9658497925333714
imagewoof,data/imagewoof2-320/val/n02087394/n02087394_11752.JPEG,n02087394,159,Rhodesian ridgeback,webp,77,193,Australian terrier,0.1101309210062027,False,27260,22134,1.2315894099575313,36.03085178472978,0.9633647696222151
imagewoof,data/imagewoof2-320/val/n02087394/n02087394_1180.JPEG,n02087394,159,Rhodesian ridgeback,webp,77,159,Rhodesian ridgeback,0.39476311206817627,True,18252,12170,1.4997534921939195,37.932295580146025,0.9511053284077335
imagewoof,data/imagewoof2-320/val/n02087394/n02087394_11890.JPEG,n02087394,159,Rhodesian ridgeback,webp,77,159,Rhodesian ridgeback,0.10529506951570511,True,22718,15124,1.5021158423697434,36.62227868439291,0.9505325182856321
imagewoof,data/imagewoof2-320/val/n02087394/n02087394_11901.JPEG,n02087394,159,Rhodesian ridgeback,webp,77,159,Rhodesian ridgeback,0.319632887840271,True,19631,14636,1.3412817709756764,35.74698853745759,0.9565404334181481
imagewoof,data/imagewoof2-320/val/n02087394/n02087394_12.JPEG,n02087394,159,Rhodesian ridgeback,webp,77,168,redbone,0.21289123594760895,False,50480,51158,0.986746940849916,32.92822090107335,0.9770964705267208
imagewoof,data/imagewoof2-320/val/n02087394/n02087394_120.JPEG,n02087394,159,Rhodesian ridgeback,webp,77,159,Rhodesian ridgeback,0.5555023550987244,True,19244,12696,1.515752993068683,36.80685891332663,0.944734366835867
imagewoof,data/imagewoof2-320/val/n02087394/n02087394_12002.JPEG,n02087394,159,Rhodesian ridgeback,webp,77,246,Great Dane,0.45282232761383057,False,19168,11056,1.7337192474674386,38.1724758844152,0.9603413664566897
imagewoof,data/imagewoof2-320/val/n02087394/n02087394_12071.JPEG,n02087394,159,Rhodesian ridgeback,webp,77,159,Rhodesian ridgeback,0.42687076330184937,True,39878,38454,1.0370312581265928,34.710708538362454,0.9655548762467584
imagewoof,data/imagewoof2-320/val/n02087394/n02087394_12262.JPEG,n02087394,159,Rhodesian ridgeback,webp,77,159,Rhodesian ridgeback,0.6418696045875549,True,20340,14820,1.3724696356275303,36.98883766834359,0.9591980860732372
imagewoof,data/imagewoof2-320/val/n02087394/n02087394_12331.JPEG,n02087394,159,Rhodesian ridgeback,webp,77,172,whippet,0.1274029016494751,False,42514,39662,1.071907619383793,34.94956856392227,0.9752009680352165
imagewoof,data/imagewoof2-320/val/n02087394/n02087394_12332.JPEG,n02087394,159,Rhodesian ridgeback,webp,77,159,Rhodesian ridgeback,0.43280673027038574,True,25353,15552,1.6302083333333333,37.33962084178512,0.9630363424216446
imagewoof,data/imagewoof2-320/val/n02087394/n02087394_12470.JPEG,n02087394,159,Rhodesian ridgeback,webp,77,159,Rhodesian ridgeback,0.6558284759521484,True,37206,34260,1.0859894921190894,34.32041986331798,0.9737852077397741
imagewoof,data/imagewoof2-320/val/n02087394/n02087394_12472.JPEG,n02087394,159,Rhodesian ridgeback,webp,77,159,Rhodesian ridgeback,0.23625603318214417,True,37348,33068,1.129430264908673,35.09517844576329,0.9701411633950626
imagewoof,data/imagewoof2-320/val/n02087394/n02087394_12482.JPEG,n02087394,159,Rhodesian ridgeback,webp,77,159,Rhodesian ridgeback,0.34200319647789,True,19927,16270,1.2247695144437616,36.12489190176278,0.9401641735175574
imagewoof,data/imagewoof2-320/val/n02087394/n02087394_1250.JPEG,n02087394,159,Rhodesian ridgeback,webp,77,159,Rhodesian ridgeback,0.5039312839508057,True,28775,22682,1.2686271051935456,36.370232209046954,0.954089308184405
imagewoof,data/imagewoof2-320/val/n02087394/n02087394_12782.JPEG,n02087394,159,Rhodesian ridgeback,webp,77,168,redbone,0.21176005899906158,False,14985,10496,1.427686737804878,37.398884476739134,0.9513545754464913
imagewoof,data/imagewoof2-320/val/n02087394/n02087394_12821.JPEG,n02087394,159,Rhodesian ridgeback,webp,77,159,Rhodesian ridgeback,0.3037296533584595,True,20510,14900,1.376510067114094,37.45629949421763,0.9680973039203083
imagewoof,data/imagewoof2-320/val/n02087394/n02087394_12920.JPEG,n02087394,159,Rhodesian ridgeback,webp,77,225,malinois,0.24179169535636902,False,32251,28232,1.1423561915556815,35.55700407661396,0.9667335988855016
imagewoof,data/imagewoof2-320/val/n02087394/n02087394_12960.JPEG,n02087394,159,Rhodesian ridgeback,webp,77,242,boxer,0.13334563374519348,False,17075,10294,1.6587332426656305,37.99409430914928,0.954808461141845
imagewoof,data/imagewoof2-320/val/n02087394/n02087394_12981.JPEG,n02087394,159,Rhodesian ridgeback,webp,77,159,Rhodesian ridgeback,0.3481505215167999,True,20485,13020,1.5733486943164363,37.39080976354811,0.95030883168178
imagewoof,data/imagewoof2-320/val/n02087394/n02087394_13012.JPEG,n02087394,159,Rhodesian ridgeback,webp,77,159,Rhodesian ridgeback,0.5240030884742737,True,27003,18514,1.4585178783623205,36.305987064610726,0.9575773905747208
imagewoof,data/imagewoof2-320/val/n02087394/n02087394_13070.JPEG,n02087394,159,Rhodesian ridgeback,webp,77,159,Rhodesian ridgeback,0.33399277925491333,True,16504,10824,1.5247597930524759,36.99390433004123,0.9449261281557036
imagewoof,data/imagewoof2-320/val/n02087394/n02087394_13150.JPEG,n02087394,159,Rhodesian ridgeback,webp,77,159,Rhodesian ridgeback,0.3532457947731018,True,26375,24204,1.0896959180300776,35.42080349306697,0.9600445902017788
imagewoof,data/imagewoof2-320/val/n02087394/n02087394_13161.JPEG,n02087394,159,Rhodesian ridgeback,webp,77,209,Chesapeake Bay retriever,0.11057065427303314,False,30488,28418,1.0728411570131606,35.20677917595182,0.9733041522580715
imagewoof,data/imagewoof2-320/val/n02087394/n02087394_13341.JPEG,n02087394,159,Rhodesian ridgeback,webp,77,159,Rhodesian ridgeback,0.28595301508903503,True,21187,13866,1.5279821145247368,38.29476877840225,0.9409607906448022
imagewoof,data/imagewoof2-320/val/n02087394/n02087394_13360.JPEG,n02087394,159,Rhodesian ridgeback,webp,77,159,Rhodesian ridgeback,0.3484635055065155,True,38060,37722,1.0089602884258524,33.96611175011368,0.9707445341926696
imagewoof,data/imagewoof2-320/val/n02087394/n02087394_13370.JPEG,n02087394,159,Rhodesian ridgeback,webp,77,159,Rhodesian ridgeback,0.27509987354278564,True,43074,42974,1.0023269884115977,34.80198767287484,0.9739841261756763
imagewoof,data/imagewoof2-320/val/n02087394/n02087394_13440.JPEG,n02087394,159,Rhodesian ridgeback,webp,77,168,redbone,0.23382538557052612,False,27708,19780,1.400808897876643,36.6354152453572,0.9590839882273339
imagewoof,data/imagewoof2-320/val/n02087394/n02087394_13442.JPEG,n02087394,159,Rhodesian ridgeback,webp,77,159,Rhodesian ridgeback,0.2437298446893692,True,51462,50880,1.011438679245283,33.83542495409566,0.9775695090851478
imagewoof,data/imagewoof2-320/val/n02087394/n02087394_13470.JPEG,n02087394,159,Rhodesian ridgeback,webp,77,159,Rhodesian ridgeback,0.5099547505378723,True,18147,10932,1.6599890230515917,38.28989491009257,0.9317234429984147
imagewoof,data/imagewoof2-320/val/n02087394/n02087394_1352.JPEG,n02087394,159,Rhodesian ridgeback,webp,77,168,redbone,0.19217035174369812,False,38420,35946,1.0688254604128415,34.74723617242974,0.961051257414015
imagewoof,data/imagewoof2-320/val/n02087394/n02087394_13660.JPEG,n02087394,159,Rhodesian ridgeback,webp,77,159,Rhodesian ridgeback,0.5665563344955444,True,25658,20012,1.2821307215670599,36.380747070018856,0.9509635783941603
imagewoof,data/imagewoof2-320/val/n02087394/n02087394_13731.JPEG,n02087394,159,Rhodesian ridgeback,webp,77,159,Rhodesian ridgeback,0.659346878528595,True,28819,23528,1.2248809928595716,36.36530733336836,0.9554352740953981
imagewoof,data/imagewoof2-320/val/n02087394/n02087394_13822.JPEG,n02087394,159,Rhodesian ridgeback,webp,77,159,Rhodesian ridgeback,0.4887341856956482,True,17396,9914,1.754690336897317,38.47486367674411,0.9534309889398108
imagewoof,data/imagewoof2-320/val/n02087394/n02087394_13881.JPEG,n02087394,159,Rhodesian ridgeback,webp,77,159,Rhodesian ridgeback,0.17358721792697906,True,22995,15952,1.441512036108325,36.70522132808909,0.9491978851673833
imagewoof,data/imagewoof2-320/val/n02087394/n02087394_14022.JPEG,n02087394,159,Rhodesian ridgeback,webp,77,159,Rhodesian ridgeback,0.2738773822784424,True,35424,30402,1.1651865008880995,34.65010420437003,0.9566917074274363
imagewoof,data/imagewoof2-320/val/n02087394/n02087394_14041.JPEG,n02087394,159,Rhodesian ridgeback,webp,77,159,Rhodesian ridgeback,0.35023659467697144,True,25744,17932,1.4356457729199197,37.26835737033951,0.9663471306004979
imagewoof,data/imagewoof2-320/val/n02087394/n02087394_14291.JPEG,n02087394,159,Rhodesian ridgeback,webp,77,168,redbone,0.19250404834747314,False,23950,17504,1.3682586837294333,36.54903444808441,0.9470048237447143
imagewoof,data/imagewoof2-320/val/n02087394/n02087394_1430.JPEG,n02087394,159,Rhodesian ridgeback,webp,77,159,Rhodesian ridgeback,0.5262753367424011,True,22751,15384,1.4788741549661986,37.239079701570255,0.9517361759579641
imagewoof,data/imagewoof2-320/val/n02087394/n02087394_14362.JPEG,n02087394,159,Rhodesian ridgeback,webp,77,159,Rhodesian ridgeback,0.4817666709423065,True,13045,6842,1.9066062554808536,39.48148650188179,0.9626763882283688
imagewoof,data/imagewoof2-320/val/n02087394/n02087394_14392.JPEG,n02087394,159,Rhodesian ridgeback,webp,77,159,Rhodesian ridgeback,0.34384676814079285,True,40605,37236,1.0904769577827909,34.505533239965295,0.9741462870688462
imagewoof,data/imagewoof2-320/val/n02087394/n02087394_14521.JPEG,n02087394,159,Rhodesian ridgeback,webp,77,211,vizsla,0.300431489944458,False,48222,47912,1.0064701953581565,34.50185542685355,0.9795427743117507
imagewoof,data/imagewoof2-320/val/n02087394/n02087394_14572.JPEG,n02087394,159,Rhodesian ridgeback,webp,77,159,Rhodesian ridgeback,0.26540639996528625,True,16725,9736,1.7178512736236649,38.72867585830064,0.9604270506475924
imagewoof,data/imagewoof2-320/val/n02087394/n02087394_14642.JPEG,n02087394,159,Rhodesian ridgeback,webp,77,159,Rhodesian ridgeback,0.30170464515686035,True,36591,31140,1.17504816955684,34.87990949886977,0.9633007586528904
imagewoof,data/imagewoof2-320/val/n02087394/n02087394_14651.JPEG,n02087394,159,Rhodesian ridgeback,webp,77,159,Rhodesian ridgeback,0.25974881649017334,True,43433,43354,1.0018222078700927,34.07328212429793,0.9810089200387209
imagewoof,data/imagewoof2-320/val/n02087394/n02087394_14790.JPEG,n02087394,159,Rhodesian ridgeback,webp,77,159,Rhodesian ridgeback,0.0791628360748291,True,20682,12308,1.6803704907377315,38.066364289331545,0.9565163113867697
imagewoof,data/imagewoof2-320/val/n02087394/n02087394_14822.JPEG,n02087394,159,Rhodesian ridgeback,webp,77,159,Rhodesian ridgeback,0.5047906041145325,True,18156,10628,1.7083176514866392,37.93664389319885,0.9625029137979128
imagewoof,data/imagewoof2-320/val/n02087394/n02087394_14830.JPEG,n02087394,159,Rhodesian ridgeback,webp,77,159,Rhodesian ridgeback,0.40875208377838135,True,23266,17456,1.3328368469294225,35.928862492151275,0.9596792108570845
imagewoof,data/imagewoof2-320/val/n02087394/n02087394_14840.JPEG,n02087394,159,Rhodesian ridgeback,webp,77,159,Rhodesian ridgeback,0.5069085955619812,True,16842,9998,1.6845369073814762,38.36583728361003,0.9557555621966417
imagewoof,data/imagewoof2-320/val/n02087394/n02087394_1492.JPEG,n02087394,159,Rhodesian ridgeback,webp,77,159,Rhodesian ridgeback,0.43875041604042053,True,26334,20656,1.2748838109992253,36.03360543435235,0.9574938752343504
imagewoof,data/imagewoof2-320/val/n02087394/n02087394_15150.JPEG,n02087394,159,Rhodesian ridgeback,webp,77,159,Rhodesian ridgeback,0.44857877492904663,True,20269,14258,1.421587880488147,36.47336079745862,0.948526874006521
imagewoof,data/imagewoof2-320/val/n02087394/n02087394_15241.JPEG,n02087394,159,Rhodesian ridgeback,webp,77,159,Rhodesian ridgeback,0.3815387785434723,True,23344,16470,1.4173649058894962,36.3130349915888,0.9483001368145687
imagewoof,data/imagewoof2-320/val/n02087394/n02087394_15292.JPEG,n02087394,159,Rhodesian ridgeback,webp,77,168,redbone,0.34174278378486633,False,44515,44006,1.0115666045539244,34.7155692231936,0.9860959980159908
imagewoof,data/imagewoof2-320/val/n02087394/n02087394_15341.JPEG,n02087394,159,Rhodesian ridgeback,webp,77,159,Rhodesian ridgeback,0.2517464756965637,True,36059,34514,1.0447644434142667,35.37592096241191,0.9603663599778559
imagewoof,data/imagewoof2-320/val/n02087394/n02087394_15431.JPEG,n02087394,159,Rhodesian ridgeback,webp,77,159,Rhodesian ridgeback,0.3525307774543762,True,40432,36512,1.107361963190184,35.21975328524728,0.9707199485545305
imagewoof,data/imagewoof2-320/val/n02087394/n02087394_15582.JPEG,n02087394,159,Rhodesian ridgeback,webp,77,159,Rhodesian ridgeback,0.3548850417137146,True,39667,35608,1.113991237924062,35.292911903668404,0.9694556667417092
imagewoof,data/imagewoof2-320/val/n02087394/n02087394_15762.JPEG,n02087394,159,Rhodesian ridgeback,webp,77,159,Rhodesian ridgeback,0.4967293441295624,True,20221,12524,1.6145800063877356,38.29616142244144,0.9630623785325678
imagewoof,data/imagewoof2-320/val/n02087394/n02087394_15821.JPEG,n02087394,159,Rhodesian ridgeback,webp,77,159,Rhodesian ridgeback,0.3669551610946655,True,34087,29942,1.1384343063255629,34.67950305101163,0.9655282427002833
imagewoof,data/imagewoof2-320/val/n02087394/n02087394_15822.JPEG,n02087394,159,Rhodesian ridgeback,webp,77,159,Rhodesian ridgeback,0.5063301920890808,True,26713,21380,1.2494387277829748,36.620006600419984,0.967433589321116
imagewoof,data/imagewoof2-320/val/n02087394/n02087394_15980.JPEG,n02087394,159,Rhodesian ridgeback,webp,77,159,Rhodesian ridgeback,0.48230937123298645,True,20229,12492,1.6193563880883766,37.57456523294357,0.9496539322742805
imagewoof,data/imagewoof2-320/val/n02087394/n02087394_1611.JPEG,n02087394,159,Rhodesian ridgeback,webp,77,159,Rhodesian ridgeback,0.20170991122722626,True,32490,27580,1.178027556200145,35.47430470550027,0.9493830852427209
imagewoof,data/imagewoof2-320/val/n02087394/n02087394_16150.JPEG,n02087394,159,Rhodesian ridgeback,webp,77,159,Rhodesian ridgeback,0.4398960769176483,True,31680,24652,1.2850884309589485,36.233965378053526,0.9683512336030375
imagewoof,data/imagewoof2-320/val/n02087394/n02087394_16381.JPEG,n02087394,159,Rhodesian ridgeback,webp,77,159,Rhodesian ridgeback,0.33292174339294434,True,24995,18730,1.334490122797651,36.74081547436708,0.9564262278515732
imagewoof,data/imagewoof2-320/val/n02087394/n02087394_1650.JPEG,n02087394,159,Rhodesian ridgeback,webp,77,159,Rhodesian ridgeback,0.24070997536182404,True,13016,6740,1.9311572700296735,39.63487374951572,0.9594172719172552
imagewoof,data/imagewoof2-320/val/n02087394/n02087394_16610.JPEG,n02087394,159,Rhodesian ridgeback,webp,77,159,Rhodesian ridgeback,0.7161244750022888,True,40718,38002,1.0714699226356508,34.84739122015267,0.9709619261513304
imagewoof,data/imagewoof2-320/val/n02087394/n02087394_16862.JPEG,n02087394,159,Rhodesian ridgeback,webp,77,159,Rhodesian ridgeback,0.2410077154636383,True,19913,13510,1.4739452257586974,37.76726831291376,0.9548663276696798
imagewoof,data/imagewoof2-320/val/n02087394/n02087394_1722.JPEG,n02087394,159,Rhodesian ridgeback,webp,77,159,Rhodesian ridgeback,0.18120965361595154,True,23806,16088,1.4797364495275982,36.80108904560142,0.9562918965503112
imagewoof,data/imagewoof2-320/val/n02087394/n02087394_1730.JPEG,n02087394,159,Rhodesian ridgeback,webp,77,159,Rhodesian ridgeback,0.5189908146858215,True,19735,14170,1.3927311220889202,35.934245144598556,0.9482798849503048
imagewoof,data/imagewoof2-320/val/n02087394/n02087394_17382.JPEG,n02087394,159,Rhodesian ridgeback,webp,77,159,Rhodesian ridgeback,0.18919695913791656,True,23407,16432,1.4244766309639727,37.06845899972707,0.9370062259721587
imagewoof,data/imagewoof2-320/val/n02087394/n02087394_1740.JPEG,n02087394,159,Rhodesian ridgeback,webp,77,159,Rhodesian ridgeback,0.706102192401886,True,33267,30666,1.0848170612404617,34.75534414812116,0.9685761184305267
imagewoof,data/imagewoof2-320/val/n02087394/n02087394_17592.JPEG,n02087394,159,Rhodesian ridgeback,webp,77,159,Rhodesian ridgeback,0.5515152215957642,True,30209,23324,1.2951895043731778,35.43710732190472,0.9439601648231171
imagewoof,data/imagewoof2-320/val/n02087394/n02087394_1762.JPEG,n02087394,159,Rhodesian ridgeback,webp,77,168,redbone,0.2975318431854248,False,36105,36174,0.998092552662133,34.399112065932265,0.9770673500727592
imagewoof,data/imagewoof2-320/val/n02087394/n02087394_1780.JPEG,n02087394,159,Rhodesian ridgeback,webp,77,159,Rhodesian ridgeback,0.5954287052154541,True,34460,29120,1.183379120879121,35.52769535219469,0.9562190327272407
imagewoof,data/imagewoof2-320/val/n02087394/n02087394_17872.JPEG,n02087394,159,Rhodesian ridgeback,webp,77,159,Rhodesian ridgeback,0.47437959909439087,True,30214,23590,1.2807969478592625,35.703998474800784,0.9428235437490713
imagewoof,data/imagewoof2-320/val/n02087394/n02087394_18011.JPEG,n02087394,159,Rhodesian ridgeback,webp,77,159,Rhodesian ridgeback,0.3976222574710846,True,37991,33864,1.1218698322702576,35.61774696281325,0.9695979448912667
imagewoof,data/imagewoof2-320/val/n02087394/n02087394_18060.JPEG,n02087394,159,Rhodesian ridgeback,webp,77,159,Rhodesian ridgeback,0.27823007106781006,True,46522,46036,1.0105569554261882,34.639384703982934,0.9792044101821955
imagewoof,data/imagewoof2-320/val/n02087394/n02087394_181.JPEG,n02087394,159,Rhodesian ridgeback,webp,77,159,Rhodesian ridgeback,0.19668418169021606,True,38173,34096,1.1195741435945565,35.524706935211505,0.9820323009754698
imagewoof,data/imagewoof2-320/val/n02087394/n02087394_18182.JPEG,n02087394,159,Rhodesian ridgeback,webp,77,159,Rhodesian ridgeback,0.4809492528438568,True,23987,16376,1.4647655105031754,36.727867814153036,0.9594109713329128
imagewoof,data/imagewoof2-320/val/n02087394/n02087394_18661.JPEG,n02087394,159,Rhodesian ridgeback,webp,77,159,Rhodesian ridgeback,0.33996692299842834,True,39934,35282,1.1318519358313022,35.13314371191636,0.9724512223947134
imagewoof,data/imagewoof2-320/val/n02087394/n02087394_1891.JPEG,n02087394,159,Rhodesian ridgeback,webp,77,159,Rhodesian ridgeback,0.35385820269584656,True,46397,45172,1.0271185690250597,34.516379029916514,0.9727469553010936
imagewoof,data/imagewoof2-320/val/n02087394/n02087394_18911.JPEG,n02087394,159,Rhodesian ridgeback,webp,77,159,Rhodesian ridgeback,0.6693399548530579,True,37721,34530,1.0924123950188243,35.3443805567867,0.9685907470578093
imagewoof,data/imagewoof2-320/val/n02087394/n02087394_19011.JPEG,n02087394,159,Rhodesian ridgeback,webp,77,159,Rhodesian ridgeback,0.21785718202590942,True,42206,41564,1.0154460590895968,34.24649386024841,0.9789491271286201
imagewoof,data/imagewoof2-320/val/n02087394/n02087394_1921.JPEG,n02087394,159,Rhodesian ridgeback,webp,77,159,Rhodesian ridgeback,0.4974512457847595,True,42234,42158,1.0018027420655629,34.79314116328172,0.9595739844158819
imagewoof,data/imagewoof2-320/val/n02087394/n02087394_19430.JPEG,n02087394,159,Rhodesian ridgeback,webp,77,159,Rhodesian ridgeback,0.3748966455459595,True,31587,26406,1.1962054078618496,35.319959233968476,0.9586449351713856
imagewoof,data/imagewoof2-320/val/n02087394/n02087394_19460.JPEG,n02087394,159,Rhodesian ridgeback,webp,77,159,Rhodesian ridgeback,0.6090978980064392,True,17588,11354,1.549057600845517,36.891290269502306,0.949781846185731
imagewoof,data/imagewoof2-320/val/n02087394/n02087394_1960.JPEG,n02087394,159,Rhodesian ridgeback,webp,77,211,vizsla,0.20811808109283447,False,38985,37976,1.026569412260375,34.04925359035814,0.9859383914848108
imagewoof,data/imagewoof2-320/val/n02087394/n02087394_19901.JPEG,n02087394,159,Rhodesian ridgeback,webp,77,159,Rhodesian ridgeback,0.15336951613426208,True,47869,47748,1.0025341375554997,34.480595606864085,0.9763952800112818
imagewoof,data/imagewoof2-320/val/n02087394/n02087394_1991.JPEG,n02087394,159,Rhodesian ridgeback,webp,77,159,Rhodesian ridgeback,0.28286492824554443,True,18796,12210,1.5393939393939393,37.29417078887598,0.9377776316443822
imagewoof,data/imagewoof2-320/val/n02087394/n02087394_19972.JPEG,n02087394,159,Rhodesian ridgeback,webp,77,159,Rhodesian ridgeback,0.6408738493919373,True,18209,10984,1.657774945375091,37.15313139958567,0.9573252504558023
imagewoof,data/imagewoof2-320/val/n02087394/n02087394_20062.JPEG,n02087394,159,Rhodesian ridgeback,webp,77,211,vizsla,0.25919634103775024,False,38324,34498,1.1109049799988404,34.91059428089589,0.9656894398929405
imagewoof,data/imagewoof2-320/val/n02087394/n02087394_20330.JPEG,n02087394,159,Rhodesian ridgeback,webp,77,159,Rhodesian ridgeback,0.5049554109573364,True,30180,25060,1.2043096568236233,35.56322373255843,0.9611293747678992
imagewoof,data/imagewoof2-320/val/n02087394/n02087394_20392.JPEG,n02087394,159,Rhodesian ridgeback,webp,77,159,Rhodesian ridgeback,0.38787320256233215,True,21402,14292,1.4974811083123425,37.79947902358106,0.9601697059459888
imagewoof,data/imagewoof2-320/val/n02087394/n02087394_20412.JPEG,n02087394,159,Rhodesian ridgeback,webp,77,168,redbone,0.20161210000514984,False,16508,9718,1.698703436921177,39.36182252759734,0.9684172643012254
imagewoof,data/imagewoof2-320/val/n02087394/n02087394_20422.JPEG,n02087394,159,Rhodesian ridgeback,webp,77,159,Rhodesian ridgeback,0.5765121579170227,True,28961,23166,1.2501510834844167,36.056457305003796,0.9583662866812768
imagewoof,data/imagewoof2-320/val/n02087394/n02087394_20431.JPEG,n02087394,159,Rhodesian ridgeback,webp,77,159,Rhodesian ridgeback,0.5427080392837524,True,17465,11154,1.565805988882912,38.350910993012015,0.9638788764709498
imagewoof,data/imagewoof2-320/val/n02087394/n02087394_20762.JPEG,n02087394,159,Rhodesian ridgeback,webp,77,159,Rhodesian ridgeback,0.3974250853061676,True,20329,12936,1.5715058750773037,37.37577237390657,0.9497605345243332
imagewoof,data/imagewoof2-320/val/n02087394/n02087394_2090.JPEG,n02087394,159,Rhodesian ridgeback,webp,77,159,Rhodesian ridgeback,0.19500108063220978,True,24845,18848,1.3181769949066213,36.09047201184655,0.9449276291567705
imagewoof,data/imagewoof2-320/val/n02087394/n02087394_21000.JPEG,n02087394,159,Rhodesian ridgeback,webp,77,159,Rhodesian ridgeback,0.3991262912750244,True,14381,8680,1.6567972350230415,39.094065859816865,0.9711852822452866
imagewoof,data/imagewoof2-320/val/n02087394/n02087394_21270.JPEG,n02087394,159,Rhodesian ridgeback,webp,77,159,Rhodesian ridgeback,0.5112815499305725,True,26596,20356,1.3065435252505404,36.205170210678816,0.9499783270667354
imagewoof,data/imagewoof2-320/val/n02087394/n02087394_21480.JPEG,n02087394,159,Rhodesian ridgeback,webp,77,159,Rhodesian ridgeback,0.38506460189819336,True,23074,16670,1.3841631673665267,37.35874741095432,0.956729549014896
imagewoof,data/imagewoof2-320/val/n02087394/n02087394_21621.JPEG,n02087394,159,Rhodesian ridgeback,webp,77,159,Rhodesian ridgeback,0.3789229989051819,True,49859,49148,1.0144665093187921,33.85529276274524,0.9756491323648825
imagewoof,data/imagewoof2-320/val/n02087394/n02087394_2172.JPEG,n02087394,159,Rhodesian ridgeback,webp,77,159,Rhodesian ridgeback,0.4146821200847626,True,29854,24224,1.2324141347424042,35.54929094862687,0.9594310100639953
imagewoof,data/imagewoof2-320/val/n02087394/n02087394_21761.JPEG,n02087394,159,Rhodesian ridgeback,webp,77,159,Rhodesian ridgeback,0.5149776339530945,True,24801,17166,1.4447745543516253,36.79524786106745,0.9497663270910032
imagewoof,data/imagewoof2-320/val/n02087394/n02087394_21851.JPEG,n02087394,159,Rhodesian ridgeback,webp,77,159,Rhodesian ridgeback,0.3727918863296509,True,34169,30452,1.1220609483777748,34.15899702464547,0.9666269068620409
imagewoof,data/imagewoof2-320/val/n02087394/n02087394_21991.JPEG,n02087394,159,Rhodesian ridgeback,webp,77,159,Rhodesian ridgeback,0.20435214042663574,True,26729,17098,1.5632822552345305,37.38414488264431,0.9510996941598034
imagewoof,data/imagewoof2-320/val/n02087394/n02087394_22042.JPEG,n02087394,159,Rhodesian ridgeback,webp,77,159,Rhodesian ridgeback,0.3741961419582367,True,26855,19664,1.365693653376729,36.05507871368228,0.9509657304086397
imagewoof,data/imagewoof2-320/val/n02087394/n02087394_22202.JPEG,n02087394,159,Rhodesian ridgeback,webp,77,168,redbone,0.19384442269802094,False,25377,21294,1.1917441532826147,35.456705357172844,0.956508267164378
imagewoof,data/imagewoof2-320/val/n02087394/n02087394_22342.JPEG,n02087394,159,Rhodesian ridgeback,webp,77,211,vizsla,0.19952435791492462,False,19626,12716,1.5434098773199119,37.646476618645664,0.9416266582516357
imagewoof,data/imagewoof2-320/val/n02087394/n02087394_22441.JPEG,n02087394,159,Rhodesian ridgeback,webp,77,159,Rhodesian ridgeback,0.2533767521381378,True,16659,10070,1.6543197616683218,38.16969959325726,0.9460878116967931
imagewoof,data/imagewoof2-320/val/n02087394/n02087394_22712.JPEG,n02087394,159,Rhodesian ridgeback,webp,77,159,Rhodesian ridgeback,0.2805551588535309,True,15038,9470,1.587961985216473,37.378627993647484,0.9393861634595329
imagewoof,data/imagewoof2-320/val/n02087394/n02087394_22910.JPEG,n02087394,159,Rhodesian ridgeback,webp,77,159,Rhodesian ridgeback,0.16261175274848938,True,53128,54014,0.9835968452623394,34.01278224841198,0.9782126657747597
imagewoof,data/imagewoof2-320/val/n02087394/n02087394_2301.JPEG,n02087394,159,Rhodesian ridgeback,webp,77,159,Rhodesian ridgeback,0.32927405834198,True,12172,6054,2.0105715229600265,39.94185503252823,0.9641166553028445
imagewoof,data/imagewoof2-320/val/n02087394/n02087394_2311.JPEG,n02087394,159,Rhodesian ridgeback,webp,77,163,bloodhound,0.29398226737976074,False,32744,27214,1.2032042331153083,35.55027800885334,0.9712585315708747
imagewoof,data/imagewoof2-320/val/n02087394/n02087394_23121.JPEG,n02087394,159,Rhodesian ridgeback,webp,77,159,Rhodesian ridgeback,0.6051689386367798,True,36465,32834,1.110586587074374,35.08072478976441,0.9594568208867337
imagewoof,data/imagewoof2-320/val/n02087394/n02087394_23350.JPEG,n02087394,159,Rhodesian ridgeback,webp,77,159,Rhodesian ridgeback,0.3851691484451294,True,35158,29128,1.2070173029387532,35.167075327884746,0.9694231833102398
imagewoof,data/imagewoof2-320/val/n02087394/n02087394_23371.JPEG,n02087394,159,Rhodesian ridgeback,webp,77,159,Rhodesian ridgeback,0.6885857582092285,True,43384,42930,1.0105753552294432,34.15992895764373,0.9642643845002778
imagewoof,data/imagewoof2-320/val/n02087394/n02087394_2341.JPEG,n02087394,159,Rhodesian ridgeback,webp,77,159,Rhodesian ridgeback,0.16161027550697327,True,55620,54814,1.0147042726310795,33.586530420878134,0.9813116904172396
imagewoof,data/imagewoof2-320/val/n02087394/n02087394_23481.JPEG,n02087394,159,Rhodesian ridgeback,webp,77,159,Rhodesian ridgeback,0.3327966034412384,True,20484,15450,1.3258252427184467,37.89410067003041,0.9669910741028859
imagewoof,data/imagewoof2-320/val/n02087394/n02087394_23502.JPEG,n02087394,159,Rhodesian ridgeback,webp,77,159,Rhodesian ridgeback,0.6872217655181885,True,13147,7256,1.8118798235942668,39.533462634624726,0.9734050874210686
imagewoof,data/imagewoof2-320/val/n02087394/n02087394_23832.JPEG,n02087394,159,Rhodesian ridgeback,webp,77,159,Rhodesian ridgeback,0.7275965809822083,True,19217,13272,1.4479355033152501,37.66999390524545,0.9599434879567458
imagewoof,data/imagewoof2-320/val/n02087394/n02087394_24042.JPEG,n02087394,159,Rhodesian ridgeback,webp,77,211,vizsla,0.3733200430870056,False,61439,63806,0.9629031752499765,33.86873482247307,0.9859313961746299
imagewoof,data/imagewoof2-320/val/n02087394/n02087394_2411.JPEG,n02087394,159,Rhodesian ridgeback,webp,77,159,Rhodesian ridgeback,0.25876155495643616,True,64604,64882,0.9957152985419685,33.38953679365816,0.9854969830879096
imagewoof,data/imagewoof2-320/val/n02087394/n02087394_24520.JPEG,n02087394,159,Rhodesian ridgeback,webp,77,159,Rhodesian ridgeback,0.6023674011230469,True,18891,12336,1.5313715953307394,38.11504194593727,0.950145309308275
imagewoof,data/imagewoof2-320/val/n02087394/n02087394_24561.JPEG,n02087394,159,Rhodesian ridgeback,webp,77,159,Rhodesian ridgeback,0.32577088475227356,True,31359,25216,1.2436151649746192,35.30945837993767,0.9540339734729133
imagewoof,data/imagewoof2-320/val/n02087394/n02087394_24691.JPEG,n02087394,159,Rhodesian ridgeback,webp,77,159,Rhodesian ridgeback,0.5113723874092102,True,15019,8932,1.6814823107926555,38.66300057849823,0.9611644276566502
imagewoof,data/imagewoof2-320/val/n02087394/n02087394_24792.JPEG,n02087394,159,Rhodesian ridgeback,webp,77,159,Rhodesian ridgeback,0.27008071541786194,True,37619,28828,1.3049465797141668,34.15493322161395,0.9558568908908255
imagewoof,data/imagewoof2-320/val/n02087394/n02087394_24832.JPEG,n02087394,159,Rhodesian ridgeback,webp,77,159,Rhodesian ridgeback,0.38873714208602905,True,32237,30894,1.043471224185926,34.231597438743634,0.9691038983825871
imagewoof,data/imagewoof2-320/val/n02087394/n02087394_24880.JPEG,n02087394,159,Rhodesian ridgeback,webp,77,159,Rhodesian ridgeback,0.4005073010921478,True,46630,45704,1.0202608086819533,33.87294433598733,0.9784880391697222
imagewoof,data/imagewoof2-320/val/n02087394/n02087394_25111.JPEG,n02087394,159,Rhodesian ridgeback,webp,77,159,Rhodesian ridgeback,0.30165669322013855,True,36748,32016,1.1478010994502748,35.178729212897736,0.968099827087174
imagewoof,data/imagewoof2-320/val/n02087394/n02087394_25192.JPEG,n02087394,159,Rhodesian ridgeback,webp,77,159,Rhodesian ridgeback,0.296215683221817,True,23857,16526,1.4436040179111702,37.18576250492761,0.9421703194083948
imagewoof,data/imagewoof2-320/val/n02087394/n02087394_25392.JPEG,n02087394,159,Rhodesian ridgeback,webp,77,159,Rhodesian ridgeback,0.20571190118789673,True,20223,12994,1.5563336924734492,37.71309905841271,0.9583501586587699
imagewoof,data/imagewoof2-320/val/n02087394/n02087394_25491.JPEG,n02087394,159,Rhodesian ridgeback,webp,77,159,Rhodesian ridgeback,0.5571891665458679,True,16454,9506,1.730906795707974,38.772764416157955,0.9518888759417296
imagewoof,data/imagewoof2-320/val/n02087394/n02087394_25552.JPEG,n02087394,159,Rhodesian ridgeback,webp,77,159,Rhodesian ridgeback,0.5917624831199646,True,27220,20990,1.2968080038113388,36.6412420645996,0.9558364656458679
imagewoof,data/imagewoof2-320/val/n02087394/n02087394_25580.JPEG,n02087394,159,Rhodesian ridgeback,webp,77,159,Rhodesian ridgeback,0.4497421085834503,True,52176,52586,0.992203248012779,32.899642322296884,0.9768503572002584
imagewoof,data/imagewoof2-320/val/n02087394/n02087394_25921.JPEG,n02087394,159,Rhodesian ridgeback,webp,77,159,Rhodesian ridgeback,0.2622992694377899,True,35576,34372,1.0350285115791924,35.1462748720642,0.9677553853639278
imagewoof,data/imagewoof2-320/val/n02087394/n02087394_261.JPEG,n02087394,159,Rhodesian ridgeback,webp,77,159,Rhodesian ridgeback,0.5564265847206116,True,30682,28642,1.0712240765309684,35.52314927426436,0.9642109854041347
imagewoof,data/imagewoof2-320/val/n02087394/n02087394_2621.JPEG,n02087394,159,Rhodesian ridgeback,webp,77,159,Rhodesian ridgeback,0.3932082951068878,True,45124,43532,1.0365707984930626,34.42497685165531,0.9749863831432898
imagewoof,data/imagewoof2-320/val/n02087394/n02087394_26301.JPEG,n02087394,159,Rhodesian ridgeback,webp,77,159,Rhodesian ridgeback,0.3243260085582733,True,37425,34868,1.073333715727888,35.06200296084764,0.9611928981390453
imagewoof,data/imagewoof2-320/val/n02087394/n02087394_2640.JPEG,n02087394,159,Rhodesian ridgeback,webp,77,159,Rhodesian ridgeback,0.5295906066894531,True,19852,13530,1.4672579453067258,36.55959136158269,0.9473562267300863
imagewoof,data/imagewoof2-320/val/n02087394/n02087394_2642.JPEG,n02087394,159,Rhodesian ridgeback,webp,77,163,bloodhound,0.20731975138187408,False,17958,9890,1.81577350859454,38.516518390280794,0.9566908352823017
imagewoof,data/imagewoof2-320/val/n02087394/n02087394_26422.JPEG,n02087394,159,Rhodesian ridgeback,webp,77,159,Rhodesian ridgeback,0.39635005593299866,True,22379,14526,1.5406168250034422,37.49810103437758,0.9513500664264911
imagewoof,data/imagewoof2-320/val/n02087394/n02087394_2651.JPEG,n02087394,159,Rhodesian ridgeback,webp,77,159,Rhodesian ridgeback,0.42038121819496155,True,15629,10050,1.5551243781094528,37.54133422437836,0.9673791494038743
imagewoof,data/imagewoof2-320/val/n02087394/n02087394_2690.JPEG,n02087394,159,Rhodesian ridgeback,webp,77,159,Rhodesian ridgeback,0.4517085552215576,True,18867,11874,1.5889338049519959,37.66578304852321,0.9622643195868439
imagewoof,data/imagewoof2-320/val/n02087394/n02087394_27070.JPEG,n02087394,159,Rhodesian ridgeback,webp,77,159,Rhodesian ridgeback,0.6517202854156494,True,20213,12368,1.634298188874515,37.94765556499682,0.9481026064330896
imagewoof,data/imagewoof2-320/val/n02087394/n02087394_271.JPEG,n02087394,159,Rhodesian ridgeback,webp,77,159,Rhodesian ridgeback,0.5177841186523438,True,18559,12064,1.5383786472148542,37.620133820813116,0.9519716381302766
imagewoof,data/imagewoof2-320/val/n02087394/n02087394_2722.JPEG,n02087394,159,Rhodesian ridgeback,webp,77,159,Rhodesian ridgeback,0.5444694757461548,True,21362,13890,1.5379409647228222,37.32776847539663,0.9462009800818874
imagewoof,data/imagewoof2-320/val/n02087394/n02087394_2731.JPEG,n02087394,159,Rhodesian ridgeback,webp,77,159,Rhodesian ridgeback,0.41395658254623413,True,32722,30804,1.06226464095572,34.345073663304404,0.9711959598417702
imagewoof,data/imagewoof2-320/val/n02087394/n02087394_2761.JPEG,n02087394,159,Rhodesian ridgeback,webp,77,159,Rhodesian ridgeback,0.4120742678642273,True,17973,10882,1.6516265392391105,38.04891101153263,0.9524545085354167
imagewoof,data/imagewoof2-320/val/n02087394/n02087394_27612.JPEG,n02087394,159,Rhodesian ridgeback,webp,77,159,Rhodesian ridgeback,0.4599034786224365,True,23458,17692,1.3259100158263621,36.350671108843684,0.9551662727929245
imagewoof,data/imagewoof2-320/val/n02087394/n02087394_27802.JPEG,n02087394,159,Rhodesian ridgeback,webp,77,211,vizsla,0.2008310705423355,False,15776,8742,1.8046213681079843,39.517433062008706,0.9666545106566863
imagewoof,data/imagewoof2-320/val/n02087394/n02087394_2811.JPEG,n02087394,159,Rhodesian ridgeback,webp,77,159,Rhodesian ridgeback,0.4325391948223114,True,30855,23990,1.2861609003751564,36.218160629455404,0.9620116581877495
imagewoof,data/imagewoof2-320/val/n02087394/n02087394_28361.JPEG,n02087394,159,Rhodesian ridgeback,webp,77,159,Rhodesian ridgeback,0.44600242376327515,True,20001,15754,1.2695823282975751,36.029365282468724,0.9555566206773802
imagewoof,data/imagewoof2-320/val/n02087394/n02087394_28611.JPEG,n02087394,159,Rhodesian ridgeback,webp,77,159,Rhodesian ridgeback,0.24251201748847961,True,24895,17502,1.4224088675579933,36.877130292662244,0.9615811564628248
imagewoof,data/imagewoof2-320/val/n02087394/n02087394_29021.JPEG,n02087394,159,Rhodesian ridgeback,webp,77,159,Rhodesian ridgeback,0.6288180351257324,True,35788,30952,1.1562419229775136,35.37719064346421,0.9586853645555508
imagewoof,data/imagewoof2-320/val/n02087394/n02087394_29330.JPEG,n02087394,159,Rhodesian ridgeback,webp,77,179,Staffordshire bullterrier,0.07015614956617355,False,35321,33418,1.0569453587886768,34.24049171513595,0.9719529681326499
imagewoof,data/imagewoof2-320/val/n02087394/n02087394_29562.JPEG,n02087394,159,Rhodesian ridgeback,webp,77,168,redbone,0.21836161613464355,False,16013,9592,1.6694120100083403,38.88162341785201,0.9610565585557383
imagewoof,data/imagewoof2-320/val/n02087394/n02087394_29611.JPEG,n02087394,159,Rhodesian ridgeback,webp,77,159,Rhodesian ridgeback,0.27438607811927795,True,17902,10302,1.73772083090662,38.54247523439369,0.94846668063325
imagewoof,data/imagewoof2-320/val/n02087394/n02087394_2972.JPEG,n02087394,159,Rhodesian ridgeback,webp,77,159,Rhodesian ridgeback,0.2749752104282379,True,17626,10944,1.610562865497076,37.56465938521768,0.9573762920638038
imagewoof,data/imagewoof2-320/val/n02087394/n02087394_29790.JPEG,n02087394,159,Rhodesian ridgeback,webp,77,159,Rhodesian ridgeback,0.27796146273612976,True,24793,19384,1.2790445728435824,36.36554981897406,0.9432502486723431
imagewoof,data/imagewoof2-320/val/n02087394/n02087394_2990.JPEG,n02087394,159,Rhodesian ridgeback,webp,77,159,Rhodesian ridgeback,0.5301797986030579,True,30640,25168,1.217418944691672,35.142176798000364,0.9665940357778607
imagewoof,data/imagewoof2-320/val/n02087394/n02087394_30051.JPEG,n02087394,159,Rhodesian ridgeback,webp,77,159,Rhodesian ridgeback,0.6952439546585083,True,13827,9298,1.4870939987093998,37.78768964527991,0.9603847940804083
imagewoof,data/imagewoof2-320/val/n02087394/n02087394_3040.JPEG,n02087394,159,Rhodesian ridgeback,webp,77,159,Rhodesian ridgeback,0.5400193929672241,True,38541,36302,1.0616770425871853,34.287034907040066,0.9730383198978035
imagewoof,data/imagewoof2-320/val/n02087394/n02087394_30620.JPEG,n02087394,159,Rhodesian ridgeback,webp,77,159,Rhodesian ridgeback,0.2635628283023834,True,21197,14234,1.489180834621329,37.46976804291089,0.9572777434188735
imagewoof,data/imagewoof2-320/val/n02087394/n02087394_3072.JPEG,n02087394,159,Rhodesian ridgeback,webp,77,159,Rhodesian ridgeback,0.625253438949585,True,50980,50750,1.0045320197044334,34.30874323765936,0.9868103485594705
imagewoof,data/imagewoof2-320/val/n02087394/n02087394_30721.JPEG,n02087394,159,Rhodesian ridgeback,webp,77,159,Rhodesian ridgeback,0.6331251263618469,True,27798,22872,1.2153725078698845,36.57741225754512,0.9647955777201765
imagewoof,data/imagewoof2-320/val/n02087394/n02087394_310.JPEG,n02087394,159,Rhodesian ridgeback,webp,77,159,Rhodesian ridgeback,0.11816209554672241,True,15449,8190,1.8863247863247863,39.14542644602382,0.9628440820803648
imagewoof,data/imagewoof2-320/val/n02087394/n02087394_31182.JPEG,n02087394,159,Rhodesian ridgeback,webp,77,211,vizsla,0.04242642596364021,False,20548,13880,1.4804034582132566,37.53913034994455,0.9550461808474185
imagewoof,data/imagewoof2-320/val/n02087394/n02087394_3130.JPEG,n02087394,159,Rhodesian ridgeback,webp,77,159,Rhodesian ridgeback,0.4847439229488373,True,26133,20868,1.2523001725129386,36.187126989200415,0.9537790791147019
imagewoof,data/imagewoof2-320/val/n02087394/n02087394_31662.JPEG,n02087394,159,Rhodesian ridgeback,webp,77,211,vizsla,0.3123112618923187,False,15674,8720,1.7974770642201834,39.12893704114307,0.9494738867088582
imagewoof,data/imagewoof2-320/val/n02087394/n02087394_3171.JPEG,n02087394,159,Rhodesian ridgeback,webp,77,159,Rhodesian ridgeback,0.35549238324165344,True,21500,15528,1.3845955692941783,36.02824276362125,0.9568331527285245
imagewoof,data/imagewoof2-320/val/n02087394/n02087394_3181.JPEG,n02087394,159,Rhodesian ridgeback,webp,77,159,Rhodesian ridgeback,0.2444590926170349,True,29680,19386,1.5310017538429794,35.718444659857,0.9577488266735478
imagewoof,data/imagewoof2-320/val/n02087394/n02087394_31831.JPEG,n02087394,159,Rhodesian ridgeback,webp,77,211,vizsla,0.22936135530471802,False,28419,24040,1.1821547420965057,36.388842212023185,0.9478989897365068
imagewoof,data/imagewoof2-320/val/n02087394/n02087394_32312.JPEG,n02087394,159,Rhodesian ridgeback,webp,77,159,Rhodesian ridgeback,0.30734875798225403,True,32862,28414,1.1565425494474555,35.1432843757624,0.9542378105445625
imagewoof,data/imagewoof2-320/val/n02087394/n02087394_32380.JPEG,n02087394,159,Rhodesian ridgeback,webp,77,159,Rhodesian ridgeback,0.40899327397346497,True,29962,24812,1.2075608576495245,35.5035742776781,0.9500191278231694
imagewoof,data/imagewoof2-320/val/n02087394/n02087394_32782.JPEG,n02087394,159,Rhodesian ridgeback,webp,77,159,Rhodesian ridgeback,0.614162802696228,True,18772,11588,1.6199516741456679,37.82421617179337,0.9575593310528078
imagewoof,data/imagewoof2-320/val/n02087394/n02087394_330.JPEG,n02087394,159,Rhodesian ridgeback,webp,77,159,Rhodesian ridgeback,0.2306891530752182,True,26144,21652,1.2074635137631629,35.45050576112633,0.9524286194768594
imagewoof,data/imagewoof2-320/val/n02087394/n02087394_3311.JPEG,n02087394,159,Rhodesian ridgeback,webp,77,159,Rhodesian ridgeback,0.48574429750442505,True,31339,24880,1.2596061093247588,36.08922916273812,0.9614991391880996
imagewoof,data/imagewoof2-320/val/n02087394/n02087394_3361.JPEG,n02087394,159,Rhodesian ridgeback,webp,77,159,Rhodesian ridgeback,0.36796626448631287,True,35673,32292,1.1047008547008548,34.677395687433695,0.9658889801874282
imagewoof,data/imagewoof2-320/val/n02087394/n02087394_3370.JPEG,n02087394,159,Rhodesian ridgeback,webp,77,159,Rhodesian ridgeback,0.2785346210002899,True,35104,28546,1.2297344636726686,35.33410100334425,0.962042690073362
imagewoof,data/imagewoof2-320/val/n02087394/n02087394_33872.JPEG,n02087394,159,Rhodesian ridgeback,webp,77,159,Rhodesian ridgeback,0.17436598241329193,True,57030,58324,0.977813593032028,33.765702050365235,0.9839309848931609
imagewoof,data/imagewoof2-320/val/n02087394/n02087394_33901.JPEG,n02087394,159,Rhodesian ridgeback,webp,77,159,Rhodesian ridgeback,0.4541657269001007,True,25955,20630,1.25811924381968,36.204687693269165,0.95451231688465
imagewoof,data/imagewoof2-320/val/n02087394/n02087394_33980.JPEG,n02087394,159,Rhodesian ridgeback,webp,77,159,Rhodesian ridgeback,0.37967658042907715,True,41532,38554,1.0772423094879908,33.986609208624564,0.969753925190965
imagewoof,data/imagewoof2-320/val/n02087394/n02087394_34161.JPEG,n02087394,159,Rhodesian ridgeback,webp,77,159,Rhodesian ridgeback,0.2772136628627777,True,18985,10078,1.8838063107759475,38.940176910460934,0.9519580860176301
imagewoof,data/imagewoof2-320/val/n02087394/n02087394_34391.JPEG,n02087394,159,Rhodesian ridgeback,webp,77,159,Rhodesian ridgeback,0.36187273263931274,True,20799,13646,1.5241829107430749,37.59411715884187,0.9436251114689297
imagewoof,data/imagewoof2-320/val/n02087394/n02087394_3450.JPEG,n02087394,159,Rhodesian ridgeback,webp,77,159,Rhodesian ridgeback,0.5301105976104736,True,18189,11512,1.5800034746351632,37.42622898841561,0.9555904763632604
imagewoof,data/imagewoof2-320/val/n02087394/n02087394_3451.JPEG,n02087394,159,Rhodesian ridgeback,webp,77,159,Rhodesian ridgeback,0.4551845192909241,True,16343,11052,1.4787368802026783,37.481548721364035,0.9521815922947633
imagewoof,data/imagewoof2-320/val/n02087394/n02087394_34682.JPEG,n02087394,159,Rhodesian ridgeback,webp,77,159,Rhodesian ridgeback,0.40032270550727844,True,22748,15586,1.4595149493134865,37.86598310364593,0.9675241442726503
imagewoof,data/imagewoof2-320/val/n02087394/n02087394_3471.JPEG,n02087394,159,Rhodesian ridgeback,webp,77,159,Rhodesian ridgeback,0.12229809165000916,True,15033,9460,1.5891120507399576,38.5924096508683,0.9678734810543421
imagewoof,data/imagewoof2-320/val/n02087394/n02087394_34751.JPEG,n02087394,159,Rhodesian ridgeback,webp,77,159,Rhodesian ridgeback,0.5513699054718018,True,19285,12732,1.5146874018221803,38.03392549534854,0.947872672346212
imagewoof,data/imagewoof2-320/val/n02087394/n02087394_35282.JPEG,n02087394,159,Rhodesian ridgeback,webp,77,159,Rhodesian ridgeback,0.4147014617919922,True,16246,10522,1.5440030412469112,38.427430709896264,0.9643417704031733
imagewoof,data/imagewoof2-320/val/n02087394/n02087394_35760.JPEG,n02087394,159,Rhodesian ridgeback,webp,77,159,Rhodesian ridgeback,0.5486299991607666,True,18780,14430,1.3014553014553014,37.24067256022068,0.975136777018875
imagewoof,data/imagewoof2-320/val/n02087394/n02087394_36031.JPEG,n02087394,159,Rhodesian ridgeback,webp,77,159,Rhodesian ridgeback,0.5494697690010071,True,18558,12108,1.5327056491575817,37.96261391273465,0.9572616752404435
imagewoof,data/imagewoof2-320/val/n02087394/n02087394_3642.JPEG,n02087394,159,Rhodesian ridgeback,webp,77,159,Rhodesian ridgeback,0.3887508809566498,True,24144,16382,1.473812721279453,37.26180924027681,0.9453268682906598
imagewoof,data/imagewoof2-320/val/n02087394/n02087394_3682.JPEG,n02087394,159,Rhodesian ridgeback,webp,77,159,Rhodesian ridgeback,0.12743739783763885,True,12412,6470,1.9183925811437403,40.61691385468598,0.9689468572349579
imagewoof,data/imagewoof2-320/val/n02087394/n02087394_3690.JPEG,n02087394,159,Rhodesian ridgeback,webp,77,159,Rhodesian ridgeback,0.28309038281440735,True,26764,22616,1.183409975238769,35.89854643865103,0.9631073820806876
imagewoof,data/imagewoof2-320/val/n02087394/n02087394_3712.JPEG,n02087394,159,Rhodesian ridgeback,webp,77,173,Ibizan hound,0.10093052685260773,False,33772,31666,1.0665066632981748,35.345000784160746,0.9659608181643091
imagewoof,data/imagewoof2-320/val/n02087394/n02087394_3762.JPEG,n02087394,159,Rhodesian ridgeback,webp,77,159,Rhodesian ridgeback,0.2424897849559784,True,29756,27162,1.0955010676680657,35.500066498076926,0.9558245330301133
imagewoof,data/imagewoof2-320/val/n02087394/n02087394_3791.JPEG,n02087394,159,Rhodesian ridgeback,webp,77,159,Rhodesian ridgeback,0.31804701685905457,True,32458,27990,1.1596284387281173,35.85509537705819,0.9578145803342412
imagewoof,data/imagewoof2-320/val/n02087394/n02087394_3792.JPEG,n02087394,159,Rhodesian ridgeback,webp,77,159,Rhodesian ridgeback,0.2581935524940491,True,19736,13822,1.4278686152510491,36.895956827572036,0.9638465327535601
imagewoof,data/imagewoof2-320/val/n02087394/n02087394_381.JPEG,n02087394,159,Rhodesian ridgeback,webp,77,159,Rhodesian ridgeback,0.3633124828338623,True,19498,13810,1.411875452570601,36.53554484656729,0.9617039404880673
imagewoof,data/imagewoof2-320/val/n02087394/n02087394_3831.JPEG,n02087394,159,Rhodesian ridgeback,webp,77,159,Rhodesian ridgeback,0.11054276674985886,True,24607,17836,1.3796254765642522,36.410779597875504,0.9533595456127397
imagewoof,data/imagewoof2-320/val/n02087394/n02087394_3971.JPEG,n02087394,159,Rhodesian ridgeback,webp,77,159,Rhodesian ridgeback,0.5910580158233643,True,8599,4164,2.0650816522574447,40.06938603157585,0.9786670841130727
imagewoof,data/imagewoof2-320/val/n02087394/n02087394_3980.JPEG,n02087394,159,Rhodesian ridgeback,webp,77,159,Rhodesian ridgeback,0.25505417585372925,True,34984,30738,1.138135207235344,36.33536678931669,0.9670913241743367
imagewoof,data/imagewoof2-320/val/n02087394/n02087394_3992.JPEG,n02087394,159,Rhodesian ridgeback,webp,77,159,Rhodesian ridgeback,0.5820136666297913,True,36286,34696,1.0458266082545538,34.85840093080197,0.9827594091128523
imagewoof,data/imagewoof2-320/val/n02087394/n02087394_4030.JPEG,n02087394,159,Rhodesian ridgeback,webp,77,159,Rhodesian ridgeback,0.16258689761161804,True,25160,19080,1.3186582809224319,36.51616944864701,0.9618947387115814
imagewoof,data/imagewoof2-320/val/n02087394/n02087394_4032.JPEG,n02087394,159,Rhodesian ridgeback,webp,77,159,Rhodesian ridgeback,0.4806576371192932,True,25384,18518,1.3707743816826872,36.34608785388712,0.9479665574669517
imagewoof,data/imagewoof2-320/val/n02087394/n02087394_4080.JPEG,n02087394,159,Rhodesian ridgeback,webp,77,159,Rhodesian ridgeback,0.4614366292953491,True,38534,37628,1.0240778143935367,34.70773737566538,0.9693107980108083
imagewoof,data/imagewoof2-320/val/n02087394/n02087394_4112.JPEG,n02087394,159,Rhodesian ridgeback,webp,77,159,Rhodesian ridgeback,0.20813599228858948,True,24174,18590,1.3003765465303927,36.74972829323314,0.9708075806626733
imagewoof,data/imagewoof2-320/val/n02087394/n02087394_4291.JPEG,n02087394,159,Rhodesian ridgeback,webp,77,159,Rhodesian ridgeback,0.5308774709701538,True,22461,18080,1.242311946902655,35.440959051752266,0.9589444009987537
imagewoof,data/imagewoof2-320/val/n02087394/n02087394_4330.JPEG,n02087394,159,Rhodesian ridgeback,webp,77,159,Rhodesian ridgeback,0.599603533744812,True,23195,16528,1.4033760890609874,36.08129399445735,0.9627767871000419
imagewoof,data/imagewoof2-320/val/n02087394/n02087394_4370.JPEG,n02087394,159,Rhodesian ridgeback,webp,77,207,golden retriever,0.17872953414916992,False,19580,12504,1.5658989123480487,37.952760513336706,0.9515404194774276
imagewoof,data/imagewoof2-320/val/n02087394/n02087394_4371.JPEG,n02087394,159,Rhodesian ridgeback,webp,77,168,redbone,0.4133482277393341,False,15638,9398,1.6639710576718452,38.33389595506966,0.9630083283108369
imagewoof,data/imagewoof2-320/val/n02087394/n02087394_4391.JPEG,n02087394,159,Rhodesian ridgeback,webp,77,159,Rhodesian ridgeback,0.6231236457824707,True,22433,17168,1.306675209692451,36.21070388694796,0.9438897161623195
imagewoof,data/imagewoof2-320/val/n02087394/n02087394_4410.JPEG,n02087394,159,Rhodesian ridgeback,webp,77,159,Rhodesian ridgeback,0.6496575474739075,True,17486,10444,1.6742627345844503,38.531339103253444,0.956481595791999
imagewoof,data/imagewoof2-320/val/n02087394/n02087394_4430.JPEG,n02087394,159,Rhodesian ridgeback,webp,77,159,Rhodesian ridgeback,0.2285037338733673,True,36118,33274,1.0854721404099297,35.283981435447075,0.954774750699985
imagewoof,data/imagewoof2-320/val/n02087394/n02087394_4451.JPEG,n02087394,159,Rhodesian ridgeback,webp,77,159,Rhodesian ridgeback,0.4136112332344055,True,22114,17362,1.2737011864992513,35.68285823605815,0.9581451401063353
imagewoof,data/imagewoof2-320/val/n02087394/n02087394_450.JPEG,n02087394,159,Rhodesian ridgeback,webp,77,159,Rhodesian ridgeback,0.42683321237564087,True,29812,23924,1.2461126901855877,36.40289904971381,0.9633788470906403
imagewoof,data/imagewoof2-320/val/n02087394/n02087394_4562.JPEG,n02087394,159,Rhodesian ridgeback,webp,77,159,Rhodesian ridgeback,0.4044515788555145,True,31582,25870,1.2207962891379978,35.593727264834946,0.9600179352749093
imagewoof,data/imagewoof2-320/val/n02087394/n02087394_4580.JPEG,n02087394,159,Rhodesian ridgeback,webp,77,159,Rhodesian ridgeback,0.27781596779823303,True,49504,46644,1.0613154960981048,33.48679248605062,0.9706147802255612
imagewoof,data/imagewoof2-320/val/n02087394/n02087394_4602.JPEG,n02087394,159,Rhodesian ridgeback,webp,77,159,Rhodesian ridgeback,0.32899144291877747,True,12691,7220,1.7577562326869807,38.73748796861425,0.96736797164024
imagewoof,data/imagewoof2-320/val/n02087394/n02087394_4681.JPEG,n02087394,159,Rhodesian ridgeback,webp,77,159,Rhodesian ridgeback,0.5512237548828125,True,22702,17700,1.2825988700564972,36.55810930011156,0.9586694924016842
imagewoof,data/imagewoof2-320/val/n02087394/n02087394_4700.JPEG,n02087394,159,Rhodesian ridgeback,webp,77,159,Rhodesian ridgeback,0.40709295868873596,True,23462,18174,1.2909651149994497,35.34542308109723,0.9503428336748838
imagewoof,data/imagewoof2-320/val/n02087394/n02087394_4722.JPEG,n02087394,159,Rhodesian ridgeback,webp,77,159,Rhodesian ridgeback,0.5622098445892334,True,27525,19994,1.37666299889967,36.54911054549034,0.951917842553728
imagewoof,data/imagewoof2-320/val/n02087394/n02087394_4741.JPEG,n02087394,159,Rhodesian ridgeback,webp,77,159,Rhodesian ridgeback,0.2642008066177368,True,42472,39124,1.0855740721807585,34.19459206619066,0.977431812855242
imagewoof,data/imagewoof2-320/val/n02087394/n02087394_4761.JPEG,n02087394,159,Rhodesian ridgeback,webp,77,159,Rhodesian ridgeback,0.4452870488166809,True,40587,40764,0.9956579334707094,34.795582389994934,0.9745685133073473
imagewoof,data/imagewoof2-320/val/n02087394/n02087394_4842.JPEG,n02087394,159,Rhodesian ridgeback,webp,77,159,Rhodesian ridgeback,0.5456886887550354,True,27875,23420,1.1902220324508967,36.097172110291716,0.9435275659351564
imagewoof,data/imagewoof2-320/val/n02087394/n02087394_4931.JPEG,n02087394,159,Rhodesian ridgeback,webp,77,159,Rhodesian ridgeback,0.4185500741004944,True,27267,21976,1.2407626501638152,36.12436269555067,0.949529497491311
imagewoof,data/imagewoof2-320/val/n02087394/n02087394_5092.JPEG,n02087394,159,Rhodesian ridgeback,webp,77,172,whippet,0.14270690083503723,False,42800,42694,1.0024827844662014,34.03373652740427,0.9729579999490898
imagewoof,data/imagewoof2-320/val/n02087394/n02087394_5140.JPEG,n02087394,159,Rhodesian ridgeback,webp,77,159,Rhodesian ridgeback,0.24987128376960754,True,15722,10436,1.5065159064775777,37.07613325589197,0.9496031738055994
imagewoof,data/imagewoof2-320/val/n02087394/n02087394_5161.JPEG,n02087394,159,Rhodesian ridgeback,webp,77,159,Rhodesian ridgeback,0.3924519121646881,True,30383,20110,1.510840377921432,38.070283206934164,0.9646672077253288
imagewoof,data/imagewoof2-320/val/n02087394/n02087394_5182.JPEG,n02087394,159,Rhodesian ridgeback,webp,77,159,Rhodesian ridgeback,0.2624111771583557,True,38845,36264,1.0711725126847562,33.95751788455448,0.9704104060381433
imagewoof,data/imagewoof2-320/val/n02087394/n02087394_52.JPEG,n02087394,159,Rhodesian ridgeback,webp,77,159,Rhodesian ridgeback,0.45124149322509766,True,41352,38410,1.07659463681333,35.07156180208411,0.9809666070878059
imagewoof,data/imagewoof2-320/val/n02087394/n02087394_5251.JPEG,n02087394,159,Rhodesian ridgeback,webp,77,159,Rhodesian ridgeback,0.3695111572742462,True,16939,10152,1.6685382190701339,39.059301266963395,0.9621350052885584
imagewoof,data/imagewoof2-320/val/n02087394/n02087394_531.JPEG,n02087394,159,Rhodesian ridgeback,webp,77,159,Rhodesian ridgeback,0.09364016354084015,True,25248,19582,1.2893473598202432,36.409724883904545,0.962723940168989
imagewoof,data/imagewoof2-320/val/n02087394/n02087394_5321.JPEG,n02087394,159,Rhodesian ridgeback,webp,77,159,Rhodesian ridgeback,0.49152877926826477,True,52647,53674,0.9808659686254052,33.99670121486438,0.9797606983498515
imagewoof,data/imagewoof2-320/val/n02087394/n02087394_5521.JPEG,n02087394,159,Rhodesian ridgeback,webp,77,159,Rhodesian ridgeback,0.6666336059570312,True,10880,5294,2.0551567812618057,40.38623546643222,0.9378414316819055
imagewoof,data/imagewoof2-320/val/n02087394/n02087394_5552.JPEG,n02087394,159,Rhodesian ridgeback,webp,77,159,Rhodesian ridgeback,0.5284181237220764,True,23266,15716,1.4804021379485874,37.42808020579709,0.9419392000951294
imagewoof,data/imagewoof2-320/val/n02087394/n02087394_5612.JPEG,n02087394,159,Rhodesian ridgeback,webp,77,159,Rhodesian ridgeback,0.663061797618866,True,20034,15016,1.3341768779968035,37.102150387747905,0.9583023777690602
imagewoof,data/imagewoof2-320/val/n02087394/n02087394_5632.JPEG,n02087394,159,Rhodesian ridgeback,webp,77,159,Rhodesian ridgeback,0.39013609290122986,True,26306,21336,1.2329396325459319,36.747152921838534,0.9639270443631283
imagewoof,data/imagewoof2-320/val/n02087394/n02087394_5650.JPEG,n02087394,159,Rhodesian ridgeback,webp,77,159,Rhodesian ridgeback,0.6380134224891663,True,39401,35438,1.1118291099949207,34.949643580193865,0.9714682803075118
imagewoof,data/imagewoof2-320/val/n02087394/n02087394_5692.JPEG,n02087394,159,Rhodesian ridgeback,webp,77,159,Rhodesian ridgeback,0.5255131125450134,True,18648,14246,1.308999017268005,36.07931526840061,0.9531977519606446
imagewoof,data/imagewoof2-320/val/n02087394/n02087394_5760.JPEG,n02087394,159,Rhodesian ridgeback,webp,77,159,Rhodesian ridgeback,0.14146365225315094,True,14741,8272,1.7820357833655707,38.91377606717506,0.9472559291784294
imagewoof,data/imagewoof2-320/val/n02087394/n02087394_5761.JPEG,n02087394,159,Rhodesian ridgeback,webp,77,159,Rhodesian ridgeback,0.5535133481025696,True,32336,25484,1.2688745879767698,35.86063190596932,0.9636786418468392
imagewoof,data/imagewoof2-320/val/n02087394/n02087394_5822.JPEG,n02087394,159,Rhodesian ridgeback,webp,77,159,Rhodesian ridgeback,0.37427884340286255,True,17515,10260,1.7071150097465886,37.99526551536956,0.9308847700483027
imagewoof,data/imagewoof2-320/val/n02087394/n02087394_5831.JPEG,n02087394,159,Rhodesian ridgeback,webp,77,159,Rhodesian ridgeback,0.4204578697681427,True,36950,33590,1.1000297707651088,35.08353436108878,0.9636064242591512
imagewoof,data/imagewoof2-320/val/n02087394/n02087394_5880.JPEG,n02087394,159,Rhodesian ridgeback,webp,77,159,Rhodesian ridgeback,0.45266756415367126,True,14850,8858,1.6764506660645744,38.03792861963532,0.973442916002218
imagewoof,data/imagewoof2-320/val/n02087394/n02087394_5890.JPEG,n02087394,159,Rhodesian ridgeback,webp,77,159,Rhodesian ridgeback,0.21662117540836334,True,34756,30396,1.1434399263060928,34.86452612288137,0.9673342003858494
imagewoof,data/imagewoof2-320/val/n02087394/n02087394_591.JPEG,n02087394,159,Rhodesian ridgeback,webp,77,159,Rhodesian ridgeback,0.4745938777923584,True,27898,19184,1.454232693911593,36.395602415498615,0.948433446123298
imagewoof,data/imagewoof2-320/val/n02087394/n02087394_5912.JPEG,n02087394,159,Rhodesian ridgeback,webp,77,159,Rhodesian ridgeback,0.1854526251554489,True,21452,14038,1.528137911383388,37.031430730657576,0.9720426290576202
imagewoof,data/imagewoof2-320/val/n02087394/n02087394_5991.JPEG,n02087394,159,Rhodesian ridgeback,webp,77,246,Great Dane,0.33620980381965637,False,18732,11010,1.7013623978201635,38.32376172766302,0.9484639838157013
imagewoof,data/imagewoof2-320/val/n02087394/n02087394_601.JPEG,n02087394,159,Rhodesian ridgeback,webp,77,159,Rhodesian ridgeback,0.29276227951049805,True,15352,9592,1.6005004170141786,38.83990905146281,0.9657681576204643
imagewoof,data/imagewoof2-320/val/n02087394/n02087394_6010.JPEG,n02087394,159,Rhodesian ridgeback,webp,77,159,Rhodesian ridgeback,0.4764362871646881,True,21464,14618,1.468326720481598,37.3365551011652,0.9600840985300678
imagewoof,data/imagewoof2-320/val/n02087394/n02087394_6031.JPEG,n02087394,159,Rhodesian ridgeback,webp,77,159,Rhodesian ridgeback,0.5273968577384949,True,29744,22506,1.321603128054741,36.590728270435974,0.9518669583824017
imagewoof,data/imagewoof2-320/val/n02087394/n02087394_6042.JPEG,n02087394,159,Rhodesian ridgeback,webp,77,159,Rhodesian ridgeback,0.20851477980613708,True,40397,40084,1.0078086019359345,34.46042229105888,0.9708922559482923
imagewoof,data/imagewoof2-320/val/n02087394/n02087394_6050.JPEG,n02087394,159,Rhodesian ridgeback,webp,77,159,Rhodesian ridgeback,0.14815209805965424,True,18690,11254,1.6607428469877377,37.99690922452359,0.9630937602851475
imagewoof,data/imagewoof2-320/val/n02087394/n02087394_6061.JPEG,n02087394,159,Rhodesian ridgeback,webp,77,159,Rhodesian ridgeback,0.08996934443712234,True,26207,19674,1.3320626207176984,36.51487064272234,0.9625936250163633
imagewoof,data/imagewoof2-320/val/n02087394/n02087394_6071.JPEG,n02087394,159,Rhodesian ridgeback,webp,77,159,Rhodesian ridgeback,0.1837581843137741,True,15407,9072,1.6983024691358024,39.12617572202733,0.9595787884958998
imagewoof,data/imagewoof2-320/val/n02087394/n02087394_6151.JPEG,n02087394,159,Rhodesian ridgeback,webp,77,159,Rhodesian ridgeback,0.11828101426362991,True,18057,10942,1.6502467556205447,37.78308403412323,0.9609008968477456
imagewoof,data/imagewoof2-320/val/n02087394/n02087394_6160.JPEG,n02087394,159,Rhodesian ridgeback,webp,77,159,Rhodesian ridgeback,0.4332348108291626,True,19743,13006,1.5179916961402429,38.04598372990259,0.9668387426022657
imagewoof,data/imagewoof2-320/val/n02087394/n02087394_622.JPEG,n02087394,159,Rhodesian ridgeback,webp,77,211,vizsla,0.3948485851287842,False,41665,41580,1.002044252044252,34.324659148106385,0.9856326542573731
imagewoof,data/imagewoof2-320/val/n02087394/n02087394_6231.JPEG,n02087394,159,Rhodesian ridgeback,webp,77,211,vizsla,0.19531579315662384,False,44813,45064,0.9944301437954909,33.81305620476542,0.9743588213525585
imagewoof,data/imagewoof2-320/val/n02087394/n02087394_6280.JPEG,n02087394,159,Rhodesian ridgeback,webp,77,159,Rhodesian ridgeback,0.662880003452301,True,33866,28452,1.1902853929424997,36.145381761511864,0.9658114788113523
imagewoof,data/imagewoof2-320/val/n02087394/n02087394_631.JPEG,n02087394,159,Rhodesian ridgeback,webp,77,159,Rhodesian ridgeback,0.41335731744766235,True,23996,16032,1.4967564870259482,36.990138512247455,0.9493922463164326
imagewoof,data/imagewoof2-320/val/n02087394/n02087394_6330.JPEG,n02087394,159,Rhodesian ridgeback,webp,77,159,Rhodesian ridgeback,0.15274375677108765,True,39606,37766,1.048721071863581,33.925246021419476,0.9687465144675156
imagewoof,data/imagewoof2-320/val/n02087394/n02087394_6340.JPEG,n02087394,159,Rhodesian ridgeback,webp,77,159,Rhodesian ridgeback,0.38458335399627686,True,11906,6490,1.8345146379044683,40.648398652173306,0.9704901449938044
imagewoof,data/imagewoof2-320/val/n02087394/n02087394_6350.JPEG,n02087394,159,Rhodesian ridgeback,webp,77,159,Rhodesian ridgeback,0.5234990119934082,True,24322,17142,1.4188542760471357,36.27503406243561,0.945577075048548
imagewoof,data/imagewoof2-320/val/n02087394/n02087394_6371.JPEG,n02087394,159,Rhodesian ridgeback,webp,77,159,Rhodesian ridgeback,0.5172218084335327,True,24202,17684,1.3685817688305812,37.00259064742982,0.9503344826111824
imagewoof,data/imagewoof2-320/val/n02087394/n02087394_6382.JPEG,n02087394,159,Rhodesian ridgeback,webp,77,159,Rhodesian ridgeback,0.4534233808517456,True,18887,12036,1.5692090395480225,37.4379497960553,0.9507163122252488
imagewoof,data/imagewoof2-320/val/n02087394/n02087394_6501.JPEG,n02087394,159,Rhodesian ridgeback,webp,77,159,Rhodesian ridgeback,0.1136048287153244,True,24905,21182,1.1757624398073836,35.538975590573656,0.9439685721302998
imagewoof,data/imagewoof2-320/val/n02087394/n02087394_6512.JPEG,n02087394,159,Rhodesian ridgeback,webp,77,159,Rhodesian ridgeback,0.54881352186203,True,29450,23776,1.2386440107671601,35.82664372075338,0.9471481901619048
imagewoof,data/imagewoof2-320/val/n02087394/n02087394_6690.JPEG,n02087394,159,Rhodesian ridgeback,webp,77,159,Rhodesian ridgeback,0.18546219170093536,True,18746,12904,1.4527278363298202,36.62079416205908,0.9436579564166249
imagewoof,data/imagewoof2-320/val/n02087394/n02087394_6792.JPEG,n02087394,159,Rhodesian ridgeback,webp,77,208,Labrador retriever,0.1556748002767563,False,20296,13426,1.511693728586325,37.08090717789615,0.9254688900763027
imagewoof,data/imagewoof2-320/val/n02087394/n02087394_681.JPEG,n02087394,159,Rhodesian ridgeback,webp,77,159,Rhodesian ridgeback,0.5227031707763672,True,36105,31936,1.1305423346693386,35.5282807524262,0.9668915998207557
imagewoof,data/imagewoof2-320/val/n02087394/n02087394_6841.JPEG,n02087394,159,Rhodesian ridgeback,webp,77,159,Rhodesian ridgeback,0.4502945840358734,True,29212,22724,1.2855131138884,36.301363355136395,0.9466883270075677
imagewoof,data/imagewoof2-320/val/n02087394/n02087394_7012.JPEG,n02087394,159,Rhodesian ridgeback,webp,77,159,Rhodesian ridgeback,0.24629783630371094,True,19656,14578,1.3483331046782823,36.83619558491871,0.9558547640980396
imagewoof,data/imagewoof2-320/val/n02087394/n02087394_7181.JPEG,n02087394,159,Rhodesian ridgeback,webp,77,159,Rhodesian ridgeback,0.4079274535179138,True,37461,32898,1.138701440817071,35.78186743026633,0.9648499665965814
imagewoof,data/imagewoof2-320/val/n02087394/n02087394_7182.JPEG,n02087394,159,Rhodesian ridgeback,webp,77,168,redbone,0.2604573667049408,False,21964,18062,1.2160336618314693,36.485855635427306,0.9530159725542466
imagewoof,data/imagewoof2-320/val/n02087394/n02087394_7192.JPEG,n02087394,159,Rhodesian ridgeback,webp,77,159,Rhodesian ridgeback,0.37488773465156555,True,11951,6728,1.776307966706302,38.149147127251794,0.9517735328648862
imagewoof,data/imagewoof2-320/val/n02087394/n02087394_7222.JPEG,n02087394,159,Rhodesian ridgeback,webp,77,159,Rhodesian ridgeback,0.6368924379348755,True,31538,29570,1.0665539398038553,34.84466294626472,0.9475960231414557
imagewoof,data/imagewoof2-320/val/n02087394/n02087394_7302.JPEG,n02087394,159,Rhodesian ridgeback,webp,77,159,Rhodesian ridgeback,0.6429713368415833,True,49238,49602,0.9926615862263618,34.45660787857471,0.9784570959319799
imagewoof,data/imagewoof2-320/val/n02087394/n02087394_7342.JPEG,n02087394,159,Rhodesian ridgeback,webp,77,159,Rhodesian ridgeback,0.42370080947875977,True,40335,33444,1.2060459275206314,35.599585331944894,0.9650430664772985
imagewoof,data/imagewoof2-320/val/n02087394/n02087394_740.JPEG,n02087394,159,Rhodesian ridgeback,webp,77,246,Great Dane,0.1441763937473297,False,21385,16034,1.333728327304478,37.97664114955915,0.9647947192039815
imagewoof,data/imagewoof2-320/val/n02087394/n02087394_7471.JPEG,n02087394,159,Rhodesian ridgeback,webp,77,159,Rhodesian ridgeback,0.2370421290397644,True,52690,52640,1.0009498480243162,34.08465521057324,0.9817990640238553
imagewoof,data/imagewoof2-320/val/n02087394/n02087394_7480.JPEG,n02087394,159,Rhodesian ridgeback,webp,77,159,Rhodesian ridgeback,0.21456600725650787,True,28409,22976,1.2364641364902507,35.82246809679218,0.9554616808983575
imagewoof,data/imagewoof2-320/val/n02087394/n02087394_7491.JPEG,n02087394,159,Rhodesian ridgeback,webp,77,159,Rhodesian ridgeback,0.17715789377689362,True,37810,35862,1.0543193352294908,34.02347230368357,0.9646489259151377
imagewoof,data/imagewoof2-320/val/n02087394/n02087394_7532.JPEG,n02087394,159,Rhodesian ridgeback,webp,77,211,vizsla,0.273637592792511,False,14926,8736,1.708562271062271,38.881213278564395,0.9567628412684837
imagewoof,data/imagewoof2-320/val/n02087394/n02087394_760.JPEG,n02087394,159,Rhodesian ridgeback,webp,77,159,Rhodesian ridgeback,0.16293761134147644,True,48959,49644,0.986201756506325,34.386787876130185,0.9826905348147958
imagewoof,data/imagewoof2-320/val/n02087394/n02087394_7612.JPEG,n02087394,159,Rhodesian ridgeback,webp,77,159,Rhodesian ridgeback,0.05734730511903763,True,33511,30392,1.1026256909713081,35.340683920400835,0.9617201009716577
imagewoof,data/imagewoof2-320/val/n02087394/n02087394_7711.JPEG,n02087394,159,Rhodesian ridgeback,webp,77,159,Rhodesian ridgeback,0.47848939895629883,True,26483,21054,1.2578607390519616,36.10042513463925,0.9617136058037596
imagewoof,data/imagewoof2-320/val/n02087394/n02087394_7771.JPEG,n02087394,159,Rhodesian ridgeback,webp,77,159,Rhodesian ridgeback,0.46188318729400635,True,24580,19274,1.2752931410189894,35.28388214022988,0.9663878356560449
imagewoof,data/imagewoof2-320/val/n02087394/n02087394_7780.JPEG,n02087394,159,Rhodesian ridgeback,webp,77,159,Rhodesian ridgeback,0.12324217706918716,True,26071,21634,1.2050938337801609,35.10481481468005,0.9605416611176046
imagewoof,data/imagewoof2-320/val/n02087394/n02087394_7801.JPEG,n02087394,159,Rhodesian ridgeback,webp,77,159,Rhodesian ridgeback,0.6221503615379333,True,39796,37648,1.0570548236294093,34.86684932216874,0.9675355583387578
imagewoof,data/imagewoof2-320/val/n02087394/n02087394_7841.JPEG,n02087394,159,Rhodesian ridgeback,webp,77,243,bull mastiff,0.13633307814598083,False,19715,13088,1.506341687041565,36.81980512919996,0.9498087506942371
imagewoof,data/imagewoof2-320/val/n02087394/n02087394_7952.JPEG,n02087394,159,Rhodesian ridgeback,webp,77,159,Rhodesian ridgeback,0.3486385643482208,True,25873,19264,1.3430751661129567,36.506850225821566,0.9548091403663884
imagewoof,data/imagewoof2-320/val/n02087394/n02087394_7962.JPEG,n02087394,159,Rhodesian ridgeback,webp,77,159,Rhodesian ridgeback,0.3235791325569153,True,23095,17930,1.288064696040156,36.22197110376415,0.9567674259941672
imagewoof,data/imagewoof2-320/val/n02087394/n02087394_8081.JPEG,n02087394,159,Rhodesian ridgeback,webp,77,159,Rhodesian ridgeback,0.23638641834259033,True,35857,32130,1.1159975101151571,34.733002472192226,0.9660002810593117
imagewoof,data/imagewoof2-320/val/n02087394/n02087394_8122.JPEG,n02087394,159,Rhodesian ridgeback,webp,77,159,Rhodesian ridgeback,0.4279249310493469,True,52524,51852,1.0129599629715345,34.87767622464104,0.9854371914814309
imagewoof,data/imagewoof2-320/val/n02087394/n02087394_8152.JPEG,n02087394,159,Rhodesian ridgeback,webp,77,159,Rhodesian ridgeback,0.3032068908214569,True,24338,16800,1.4486904761904762,37.52776961779692,0.9582780158096273
imagewoof,data/imagewoof2-320/val/n02087394/n02087394_8202.JPEG,n02087394,159,Rhodesian ridgeback,webp,77,173,Ibizan hound,0.10004889965057373,False,26654,22314,1.1944967285112484,36.154481045025136,0.9579701004090108
imagewoof,data/imagewoof2-320/val/n02087394/n02087394_8260.JPEG,n02087394,159,Rhodesian ridgeback,webp,77,159,Rhodesian ridgeback,0.5672876238822937,True,22228,16356,1.3590119833700172,36.65083151961123,0.951764534213278
imagewoof,data/imagewoof2-320/val/n02087394/n02087394_831.JPEG,n02087394,159,Rhodesian ridgeback,webp,77,211,vizsla,0.18748925626277924,False,29064,20672,1.4059597523219813,35.85108372961951,0.9542347093326923
imagewoof,data/imagewoof2-320/val/n02087394/n02087394_8310.JPEG,n02087394,159,Rhodesian ridgeback,webp,77,207,golden retriever,0.0857619121670723,False,19713,11040,1.7855978260869565,37.76892951324108,0.9576085041378365
imagewoof,data/imagewoof2-320/val/n02087394/n02087394_8330.JPEG,n02087394,159,Rhodesian ridgeback,webp,77,159,Rhodesian ridgeback,0.40703141689300537,True,37721,36212,1.041671269192533,34.51067798924544,0.9772025353884272
imagewoof,data/imagewoof2-320/val/n02087394/n02087394_8521.JPEG,n02087394,159,Rhodesian ridgeback,webp,77,159,Rhodesian ridgeback,0.4606293737888336,True,18641,14282,1.3052093544321524,35.96355604345706,0.9535443378039105
imagewoof,data/imagewoof2-320/val/n02087394/n02087394_8532.JPEG,n02087394,159,Rhodesian ridgeback,webp,77,159,Rhodesian ridgeback,0.44157466292381287,True,18040,11156,1.6170670491215489,37.75291003517823,0.9548429791540801
imagewoof,data/imagewoof2-320/val/n02087394/n02087394_8560.JPEG,n02087394,159,Rhodesian ridgeback,webp,77,159,Rhodesian ridgeback,0.5420680642127991,True,27921,22406,1.2461394269392128,36.0158428995582,0.9541491143969817
imagewoof,data/imagewoof2-320/val/n02087394/n02087394_8570.JPEG,n02087394,159,Rhodesian ridgeback,webp,77,159,Rhodesian ridgeback,0.3060532808303833,True,27997,21994,1.2729380740201872,36.0578319591085,0.9625407006405394
imagewoof,data/imagewoof2-320/val/n02087394/n02087394_8591.JPEG,n02087394,159,Rhodesian ridgeback,webp,77,159,Rhodesian ridgeback,0.5975973010063171,True,36940,34178,1.0808122183860964,35.3943169869905,0.9654728733965051
imagewoof,data/imagewoof2-320/val/n02087394/n02087394_8630.JPEG,n02087394,159,Rhodesian ridgeback,webp,77,159,Rhodesian ridgeback,0.4105694890022278,True,17629,10752,1.6396019345238095,37.686562203523465,0.948991992016397
imagewoof,data/imagewoof2-320/val/n02087394/n02087394_8730.JPEG,n02087394,159,Rhodesian ridgeback,webp,77,159,Rhodesian ridgeback,0.5403462648391724,True,26172,19282,1.3573280780002075,36.800126595564805,0.946704625547174
imagewoof,data/imagewoof2-320/val/n02087394/n02087394_8740.JPEG,n02087394,159,Rhodesian ridgeback,webp,77,159,Rhodesian ridgeback,0.3751978874206543,True,24577,17332,1.4180129240710824,37.27787247801066,0.9453889892694037
imagewoof,data/imagewoof2-320/val/n02087394/n02087394_8742.JPEG,n02087394,159,Rhodesian ridgeback,webp,77,159,Rhodesian ridgeback,0.37715524435043335,True,25100,16088,1.560169070114371,36.00789351158872,0.964019559402022
imagewoof,data/imagewoof2-320/val/n02087394/n02087394_8780.JPEG,n02087394,159,Rhodesian ridgeback,webp,77,159,Rhodesian ridgeback,0.201913520693779,True,18066,13816,1.3076143601621308,36.23400830987171,0.9407229079459393
imagewoof,data/imagewoof2-320/val/n02087394/n02087394_8782.JPEG,n02087394,159,Rhodesian ridgeback,webp,77,159,Rhodesian ridgeback,0.6761142015457153,True,29721,23324,1.2742668495969816,36.04283154345734,0.947216937541033
imagewoof,data/imagewoof2-320/val/n02087394/n02087394_8851.JPEG,n02087394,159,Rhodesian ridgeback,webp,77,159,Rhodesian ridgeback,0.44661837816238403,True,11670,5772,2.0218295218295217,39.30867063767322,0.9670933941402318
imagewoof,data/imagewoof2-320/val/n02087394/n02087394_8852.JPEG,n02087394,159,Rhodesian ridgeback,webp,77,211,vizsla,0.20315971970558167,False,44641,42364,1.0537484656784062,34.580930529957065,0.982306783051104
imagewoof,data/imagewoof2-320/val/n02087394/n02087394_8912.JPEG,n02087394,159,Rhodesian ridgeback,webp,77,159,Rhodesian ridgeback,0.5340785384178162,True,44868,44168,1.015848578156131,33.6604802087861,0.9804786791193875
imagewoof,data/imagewoof2-320/val/n02087394/n02087394_8962.JPEG,n02087394,159,Rhodesian ridgeback,webp,77,159,Rhodesian ridgeback,0.2547728717327118,True,20061,13762,1.457709635227438,36.69057890972642,0.9609430586229152
imagewoof,data/imagewoof2-320/val/n02087394/n02087394_9040.JPEG,n02087394,159,Rhodesian ridgeback,webp,77,159,Rhodesian ridgeback,0.3706585466861725,True,26217,18044,1.4529483484814898,36.226608081874254,0.9482771767524382
imagewoof,data/imagewoof2-320/val/n02087394/n02087394_9061.JPEG,n02087394,159,Rhodesian ridgeback,webp,77,159,Rhodesian ridgeback,0.6068997383117676,True,39299,38440,1.0223465140478667,34.7075181750603,0.9767703467088779
imagewoof,data/imagewoof2-320/val/n02087394/n02087394_9140.JPEG,n02087394,159,Rhodesian ridgeback,webp,77,159,Rhodesian ridgeback,0.46130600571632385,True,25374,19946,1.2721347638624285,36.20338275340787,0.9522201705147877
imagewoof,data/imagewoof2-320/val/n02087394/n02087394_9142.JPEG,n02087394,159,Rhodesian ridgeback,webp,77,159,Rhodesian ridgeback,0.5871813893318176,True,18248,11560,1.5785467128027681,37.768889391840126,0.9388932549394909
imagewoof,data/imagewoof2-320/val/n02087394/n02087394_9261.JPEG,n02087394,159,Rhodesian ridgeback,webp,77,159,Rhodesian ridgeback,0.5814945101737976,True,23954,15852,1.5111026999747665,37.46206444468217,0.9615297385928065
imagewoof,data/imagewoof2-320/val/n02087394/n02087394_9270.JPEG,n02087394,159,Rhodesian ridgeback,webp,77,159,Rhodesian ridgeback,0.31310462951660156,True,25192,18630,1.3522275899087493,35.959697393503966,0.9425630743876262
imagewoof,data/imagewoof2-320/val/n02087394/n02087394_9272.JPEG,n02087394,159,Rhodesian ridgeback,webp,77,225,malinois,0.12395278364419937,False,44146,41848,1.0549130185432996,35.054564459878016,0.9794553695797806
imagewoof,data/imagewoof2-320/val/n02087394/n02087394_9310.JPEG,n02087394,159,Rhodesian ridgeback,webp,77,159,Rhodesian ridgeback,0.5743852853775024,True,27128,20090,1.3503235440517671,36.373563372518355,0.9715627547359796
imagewoof,data/imagewoof2-320/val/n02087394/n02087394_9331.JPEG,n02087394,159,Rhodesian ridgeback,webp,77,159,Rhodesian ridgeback,0.4163673520088196,True,38940,36444,1.068488640105367,33.49227443129746,0.9659877879644604
imagewoof,data/imagewoof2-320/val/n02087394/n02087394_9350.JPEG,n02087394,159,Rhodesian ridgeback,webp,77,159,Rhodesian ridgeback,0.35239243507385254,True,35453,33986,1.0431648325781204,34.42328313017568,0.9796364873418834
imagewoof,data/imagewoof2-320/val/n02087394/n02087394_9352.JPEG,n02087394,159,Rhodesian ridgeback,webp,77,159,Rhodesian ridgeback,0.21587839722633362,True,19957,11982,1.6655817058921716,38.430164761711225,0.9538114063859325
imagewoof,data/imagewoof2-320/val/n02087394/n02087394_9360.JPEG,n02087394,159,Rhodesian ridgeback,webp,77,159,Rhodesian ridgeback,0.3731926381587982,True,16753,10996,1.5235540196435067,39.148346565280484,0.9672610946709143
imagewoof,data/imagewoof2-320/val/n02087394/n02087394_9361.JPEG,n02087394,159,Rhodesian ridgeback,webp,77,159,Rhodesian ridgeback,0.2587551474571228,True,13285,7526,1.7652139250597927,38.49563281056602,0.9504042873306888
imagewoof,data/imagewoof2-320/val/n02087394/n02087394_9410.JPEG,n02087394,159,Rhodesian ridgeback,webp,77,159,Rhodesian ridgeback,0.295867383480072,True,43198,41340,1.0449443638122884,34.58966333604596,0.973408062127277
imagewoof,data/imagewoof2-320/val/n02087394/n02087394_9462.JPEG,n02087394,159,Rhodesian ridgeback,webp,77,159,Rhodesian ridgeback,0.5307862758636475,True,30802,26808,1.148985377499254,35.5261500533811,0.9476709170677927
imagewoof,data/imagewoof2-320/val/n02087394/n02087394_9510.JPEG,n02087394,159,Rhodesian ridgeback,webp,77,159,Rhodesian ridgeback,0.480920672416687,True,37718,33274,1.1335577327643205,34.37878310930072,0.961321654119096
imagewoof,data/imagewoof2-320/val/n02087394/n02087394_9511.JPEG,n02087394,159,Rhodesian ridgeback,webp,77,159,Rhodesian ridgeback,0.3745783269405365,True,29667,25494,1.1636855730760178,36.046647390442054,0.9675468899877463
imagewoof,data/imagewoof2-320/val/n02087394/n02087394_9520.JPEG,n02087394,159,Rhodesian ridgeback,webp,77,159,Rhodesian ridgeback,0.4993226230144501,True,17480,10064,1.7368839427662957,38.52813000763925,0.959177895057159
imagewoof,data/imagewoof2-320/val/n02087394/n02087394_9690.JPEG,n02087394,159,Rhodesian ridgeback,webp,77,159,Rhodesian ridgeback,0.2533312439918518,True,21571,14462,1.4915640990181165,37.62180061425302,0.9720775055396077
imagewoof,data/imagewoof2-320/val/n02087394/n02087394_9691.JPEG,n02087394,159,Rhodesian ridgeback,webp,77,159,Rhodesian ridgeback,0.676105797290802,True,24829,17322,1.4333795173767463,36.83529975219053,0.9447774693353411
imagewoof,data/imagewoof2-320/val/n02087394/n02087394_9712.JPEG,n02087394,159,Rhodesian ridgeback,webp,77,159,Rhodesian ridgeback,0.212223082780838,True,39090,37094,1.0538092413867473,34.77944008695401,0.9760905767737617
imagewoof,data/imagewoof2-320/val/n02087394/n02087394_9790.JPEG,n02087394,159,Rhodesian ridgeback,webp,77,159,Rhodesian ridgeback,0.20348438620567322,True,15563,9934,1.5666398228306826,38.04182689312721,0.9663976375834328
imagewoof,data/imagewoof2-320/val/n02087394/n02087394_9841.JPEG,n02087394,159,Rhodesian ridgeback,webp,77,211,vizsla,0.2792465090751648,False,32841,29172,1.1257712875359933,35.633122702622806,0.9580033837669975
imagewoof,data/imagewoof2-320/val/n02087394/n02087394_9860.JPEG,n02087394,159,Rhodesian ridgeback,webp,77,159,Rhodesian ridgeback,0.33492982387542725,True,20812,15204,1.36885030255196,35.82895205295881,0.9450483480161282
imagewoof,data/imagewoof2-320/val/n02087394/n02087394_9891.JPEG,n02087394,159,Rhodesian ridgeback,webp,77,159,Rhodesian ridgeback,0.38088229298591614,True,21464,16724,1.2834250179382922,36.585569168168206,0.9694441940069457
imagewoof,data/imagewoof2-320/val/n02087394/n02087394_9922.JPEG,n02087394,159,Rhodesian ridgeback,webp,77,159,Rhodesian ridgeback,0.3242332637310028,True,34773,30276,1.1485334918747523,35.63097348679914,0.9653266512443167
imagewoof,data/imagewoof2-320/val/n02087394/n02087394_9990.JPEG,n02087394,159,Rhodesian ridgeback,webp,77,159,Rhodesian ridgeback,0.14611440896987915,True,9341,4160,2.245432692307692,42.813512705795716,0.9732430258150679
imagewoof,data/imagewoof2-320/val/n02088364/ILSVRC2012_val_00005291.JPEG,n02088364,162,beagle,webp,77,166,Walker hound,0.18610942363739014,False,30040,27500,1.0923636363636364,35.78327855443423,0.9622337077700059
imagewoof,data/imagewoof2-320/val/n02088364/ILSVRC2012_val_00005922.JPEG,n02088364,162,beagle,webp,77,162,beagle,0.3961296081542969,True,29317,26016,1.1268834563345633,35.92191802621778,0.9544681463875327
imagewoof,data/imagewoof2-320/val/n02088364/ILSVRC2012_val_00009542.JPEG,n02088364,162,beagle,webp,77,162,beagle,0.2357119470834732,True,10653,4668,2.282133676092545,40.822141638444734,0.9612976021628569
imagewoof,data/imagewoof2-320/val/n02088364/ILSVRC2012_val_00010420.JPEG,n02088364,162,beagle,webp,77,162,beagle,0.5868975520133972,True,20963,13790,1.5201595358955764,37.43723216819292,0.951853952628825
imagewoof,data/imagewoof2-320/val/n02088364/ILSVRC2012_val_00013381.JPEG,n02088364,162,beagle,webp,77,166,Walker hound,0.27591368556022644,False,19864,13970,1.4219040801717968,36.65317206705969,0.9518638723697936
imagewoof,data/imagewoof2-320/val/n02088364/ILSVRC2012_val_00018480.JPEG,n02088364,162,beagle,webp,77,162,beagle,0.28849270939826965,True,33289,28896,1.1520279623477299,35.03119917711577,0.968268372874757
imagewoof,data/imagewoof2-320/val/n02088364/ILSVRC2012_val_00020762.JPEG,n02088364,162,beagle,webp,77,162,beagle,0.2827247083187103,True,22729,15816,1.437089023773394,37.20651275160863,0.9579518749899822
imagewoof,data/imagewoof2-320/val/n02088364/ILSVRC2012_val_00028001.JPEG,n02088364,162,beagle,webp,77,167,English foxhound,0.18315593898296356,False,23960,20206,1.1857864000791845,34.93926841162935,0.9652760400682814
imagewoof,data/imagewoof2-320/val/n02088364/ILSVRC2012_val_00028602.JPEG,n02088364,162,beagle,webp,77,162,beagle,0.36145690083503723,True,20962,15196,1.3794419584101079,36.94862751712422,0.9474724579171808
imagewoof,data/imagewoof2-320/val/n02088364/ILSVRC2012_val_00029932.JPEG,n02088364,162,beagle,webp,77,162,beagle,0.5205416679382324,True,29000,26692,1.0864678555372396,34.51043228933457,0.9711444647109992
imagewoof,data/imagewoof2-320/val/n02088364/ILSVRC2012_val_00031220.JPEG,n02088364,162,beagle,webp,77,162,beagle,0.34162190556526184,True,27101,21004,1.2902780422776614,36.463924879232714,0.9576038258071954
imagewoof,data/imagewoof2-320/val/n02088364/ILSVRC2012_val_00034041.JPEG,n02088364,162,beagle,webp,77,162,beagle,0.0641808956861496,True,18147,12026,1.5089805421586562,38.14729295129895,0.9607118792141831
imagewoof,data/imagewoof2-320/val/n02088364/ILSVRC2012_val_00035320.JPEG,n02088364,162,beagle,webp,77,162,beagle,0.22773157060146332,True,10748,4634,2.319378506689685,41.108334707796416,0.9550535463842001
imagewoof,data/imagewoof2-320/val/n02088364/ILSVRC2012_val_00036340.JPEG,n02088364,162,beagle,webp,77,162,beagle,0.32081878185272217,True,24062,18528,1.2986830742659758,36.29910973192902,0.9522022583608276
imagewoof,data/imagewoof2-320/val/n02088364/ILSVRC2012_val_00042531.JPEG,n02088364,162,beagle,webp,77,162,beagle,0.29207852482795715,True,27625,20700,1.3345410628019323,35.65552801557777,0.9580669705208997
imagewoof,data/imagewoof2-320/val/n02088364/n02088364_10001.JPEG,n02088364,162,beagle,webp,77,162,beagle,0.251240074634552,True,39229,37204,1.0544296312224493,34.67082423226719,0.9750955128363751
imagewoof,data/imagewoof2-320/val/n02088364/n02088364_10012.JPEG,n02088364,162,beagle,webp,77,162,beagle,0.17107023298740387,True,15914,10588,1.5030222893842085,38.23955260140631,0.969174322646746
imagewoof,data/imagewoof2-320/val/n02088364/n02088364_10091.JPEG,n02088364,162,beagle,webp,77,162,beagle,0.38999050855636597,True,22127,15918,1.3900615655233068,36.93235360767109,0.9228826838526301
imagewoof,data/imagewoof2-320/val/n02088364/n02088364_1022.JPEG,n02088364,162,beagle,webp,77,167,English foxhound,0.2597912847995758,False,16429,10414,1.5775878624927981,38.19809221972576,0.9531828788313144
imagewoof,data/imagewoof2-320/val/n02088364/n02088364_10220.JPEG,n02088364,162,beagle,webp,77,162,beagle,0.41283440589904785,True,17480,10818,1.6158254760584212,38.230502975665054,0.9497742695796522
imagewoof,data/imagewoof2-320/val/n02088364/n02088364_10222.JPEG,n02088364,162,beagle,webp,77,162,beagle,0.23599137365818024,True,44612,43922,1.0157096671371977,34.265645614692616,0.9776939892680717
imagewoof,data/imagewoof2-320/val/n02088364/n02088364_10281.JPEG,n02088364,162,beagle,webp,77,162,beagle,0.21320907771587372,True,20589,13666,1.506585687106688,37.101945467323446,0.94133637092176
imagewoof,data/imagewoof2-320/val/n02088364/n02088364_10362.JPEG,n02088364,162,beagle,webp,77,167,English foxhound,0.33897367119789124,False,40138,35538,1.1294389104620406,35.593824399468666,0.9671302693018723
imagewoof,data/imagewoof2-320/val/n02088364/n02088364_10370.JPEG,n02088364,162,beagle,webp,77,166,Walker hound,0.3227173984050751,False,11902,6582,1.808264965056214,38.94924874899392,0.9632029702959617
imagewoof,data/imagewoof2-320/val/n02088364/n02088364_1041.JPEG,n02088364,162,beagle,webp,77,162,beagle,0.4543367624282837,True,49917,49714,1.004083356800901,34.80435586194964,0.9855001100102124
imagewoof,data/imagewoof2-320/val/n02088364/n02088364_10580.JPEG,n02088364,162,beagle,webp,77,162,beagle,0.21766044199466705,True,24813,18622,1.3324562345612716,36.478961264606134,0.9468530300634431
imagewoof,data/imagewoof2-320/val/n02088364/n02088364_10592.JPEG,n02088364,162,beagle,webp,77,162,beagle,0.393448144197464,True,10942,5472,1.9996345029239766,40.96516060720903,0.9740536725563209
imagewoof,data/imagewoof2-320/val/n02088364/n02088364_10641.JPEG,n02088364,162,beagle,webp,77,162,beagle,0.48812371492385864,True,17646,11218,1.5730076662506687,37.579488354120244,0.9569848910678466
imagewoof,data/imagewoof2-320/val/n02088364/n02088364_10642.JPEG,n02088364,162,beagle,webp,77,162,beagle,0.09479063749313354,True,11753,5346,2.198466142910587,40.5277101920108,0.9561663099211805
imagewoof,data/imagewoof2-320/val/n02088364/n02088364_10651.JPEG,n02088364,162,beagle,webp,77,162,beagle,0.34235140681266785,True,21753,14922,1.4577804583835947,37.32059385805613,0.9583669372203807
imagewoof,data/imagewoof2-320/val/n02088364/n02088364_10731.JPEG,n02088364,162,beagle,webp,77,162,beagle,0.19833514094352722,True,18121,12024,1.5070691949434465,37.557284181241194,0.9536166043789817
imagewoof,data/imagewoof2-320/val/n02088364/n02088364_10740.JPEG,n02088364,162,beagle,webp,77,162,beagle,0.22876104712486267,True,27756,21302,1.302976246361844,35.810252489128096,0.957592106901657
imagewoof,data/imagewoof2-320/val/n02088364/n02088364_10950.JPEG,n02088364,162,beagle,webp,77,162,beagle,0.3978205621242523,True,31584,27918,1.1313131313131313,35.521066128659776,0.959517926879388
imagewoof,data/imagewoof2-320/val/n02088364/n02088364_10970.JPEG,n02088364,162,beagle,webp,77,162,beagle,0.4465116560459137,True,18562,11678,1.58948450077068,38.50419776076717,0.9557557770522066
imagewoof,data/imagewoof2-320/val/n02088364/n02088364_10971.JPEG,n02088364,162,beagle,webp,77,162,beagle,0.39569351077079773,True,21439,15462,1.386560600181089,37.07996664084636,0.9565153044412419
imagewoof,data/imagewoof2-320/val/n02088364/n02088364_11040.JPEG,n02088364,162,beagle,webp,77,162,beagle,0.1998739242553711,True,20044,13992,1.4325328759291023,38.01556997904629,0.9575736090118672
imagewoof,data/imagewoof2-320/val/n02088364/n02088364_11130.JPEG,n02088364,162,beagle,webp,77,162,beagle,0.3779388666152954,True,37907,36236,1.046114361408544,34.610037673424465,0.9682934915935224
imagewoof,data/imagewoof2-320/val/n02088364/n02088364_11231.JPEG,n02088364,162,beagle,webp,77,166,Walker hound,0.23228563368320465,False,31032,26396,1.1756326716169117,35.173355351526055,0.9500052261313262
imagewoof,data/imagewoof2-320/val/n02088364/n02088364_11251.JPEG,n02088364,162,beagle,webp,77,162,beagle,0.3324337899684906,True,23076,17244,1.3382045929018789,36.73816177631827,0.9389912427715675
imagewoof,data/imagewoof2-320/val/n02088364/n02088364_11260.JPEG,n02088364,162,beagle,webp,77,162,beagle,0.3838358521461487,True,40484,37896,1.068292168038843,34.22146764669578,0.9757635654457494
imagewoof,data/imagewoof2-320/val/n02088364/n02088364_11262.JPEG,n02088364,162,beagle,webp,77,162,beagle,0.6356161832809448,True,28718,22556,1.273186735236744,36.13446573789159,0.9556508262022291
imagewoof,data/imagewoof2-320/val/n02088364/n02088364_11270.JPEG,n02088364,162,beagle,webp,77,166,Walker hound,0.24779540300369263,False,17015,10766,1.5804384172394577,38.03450839555817,0.952026971354439
imagewoof,data/imagewoof2-320/val/n02088364/n02088364_11321.JPEG,n02088364,162,beagle,webp,77,162,beagle,0.3520914316177368,True,40838,40248,1.0146591134963228,34.80386959962535,0.9764413198739806
imagewoof,data/imagewoof2-320/val/n02088364/n02088364_11342.JPEG,n02088364,162,beagle,webp,77,161,basset,0.11586696654558182,False,23821,18136,1.3134649316277018,36.739747998340306,0.9596884196963682
imagewoof,data/imagewoof2-320/val/n02088364/n02088364_11391.JPEG,n02088364,162,beagle,webp,77,162,beagle,0.2496330440044403,True,20807,13770,1.511038489469862,37.23867362249321,0.9444776578135663
imagewoof,data/imagewoof2-320/val/n02088364/n02088364_11530.JPEG,n02088364,162,beagle,webp,77,162,beagle,0.359681099653244,True,34908,30020,1.1628247834776815,34.84760091002408,0.9713515808341778
imagewoof,data/imagewoof2-320/val/n02088364/n02088364_11531.JPEG,n02088364,162,beagle,webp,77,162,beagle,0.5202268362045288,True,24374,17114,1.424214093724436,36.3255706115582,0.9566037021874864
imagewoof,data/imagewoof2-320/val/n02088364/n02088364_11590.JPEG,n02088364,162,beagle,webp,77,162,beagle,0.4940897822380066,True,25685,20468,1.2548856752003126,36.22177504576675,0.9543648706380842
imagewoof,data/imagewoof2-320/val/n02088364/n02088364_1160.JPEG,n02088364,162,beagle,webp,77,233,Bouvier des Flandres,0.03175825625658035,False,29862,25462,1.1728065352289687,35.78599195009585,0.9632578246517842
imagewoof,data/imagewoof2-320/val/n02088364/n02088364_1162.JPEG,n02088364,162,beagle,webp,77,161,basset,0.13985247910022736,False,22365,16446,1.3599051441079897,36.98055821478447,0.9398050108354473
imagewoof,data/imagewoof2-320/val/n02088364/n02088364_11691.JPEG,n02088364,162,beagle,webp,77,166,Walker hound,0.19889788329601288,False,33256,30102,1.1047770912231745,35.27458954514306,0.9635669556566656
imagewoof,data/imagewoof2-320/val/n02088364/n02088364_11711.JPEG,n02088364,162,beagle,webp,77,162,beagle,0.2529517710208893,True,8565,3730,2.2962466487935655,41.403864267739266,0.9688963076727245
imagewoof,data/imagewoof2-320/val/n02088364/n02088364_11811.JPEG,n02088364,162,beagle,webp,77,162,beagle,0.1975545883178711,True,20613,13872,1.4859429065743945,37.177569049698455,0.9513180633526442
imagewoof,data/imagewoof2-320/val/n02088364/n02088364_11812.JPEG,n02088364,162,beagle,webp,77,162,beagle,0.4955132305622101,True,18246,11106,1.642895732036737,38.066194452971445,0.950811327852661
imagewoof,data/imagewoof2-320/val/n02088364/n02088364_11831.JPEG,n02088364,162,beagle,webp,77,162,beagle,0.5237674117088318,True,16367,10092,1.6217796274276655,37.38217512734594,0.9573305767064917
imagewoof,data/imagewoof2-320/val/n02088364/n02088364_11851.JPEG,n02088364,162,beagle,webp,77,162,beagle,0.27587834000587463,True,26227,20610,1.2725376031052886,35.83972500090064,0.936081754455731
imagewoof,data/imagewoof2-320/val/n02088364/n02088364_11860.JPEG,n02088364,162,beagle,webp,77,162,beagle,0.4208470582962036,True,19973,12506,1.5970734047657125,37.20007803125697,0.9502013398054233
imagewoof,data/imagewoof2-320/val/n02088364/n02088364_11910.JPEG,n02088364,162,beagle,webp,77,166,Walker hound,0.19730225205421448,False,15912,9254,1.7194726604711477,38.46194065865289,0.9524550104249035
imagewoof,data/imagewoof2-320/val/n02088364/n02088364_11930.JPEG,n02088364,162,beagle,webp,77,162,beagle,0.40246516466140747,True,14298,6692,2.136580992229528,39.33626982490969,0.946037738301902
imagewoof,data/imagewoof2-320/val/n02088364/n02088364_11961.JPEG,n02088364,162,beagle,webp,77,162,beagle,0.041145455092191696,True,35393,32782,1.0796473674577511,34.94592607099396,0.9675396407879712
imagewoof,data/imagewoof2-320/val/n02088364/n02088364_12010.JPEG,n02088364,162,beagle,webp,77,162,beagle,0.20917198061943054,True,30087,24910,1.2078281814532317,35.49129236457315,0.9620496231265073
imagewoof,data/imagewoof2-320/val/n02088364/n02088364_12011.JPEG,n02088364,162,beagle,webp,77,162,beagle,0.2174895852804184,True,21757,15358,1.4166558145591874,37.35427999867291,0.9662565201174571
imagewoof,data/imagewoof2-320/val/n02088364/n02088364_12052.JPEG,n02088364,162,beagle,webp,77,162,beagle,0.2316243052482605,True,37509,34710,1.0806395851339672,35.14309074381451,0.9689058761509443
imagewoof,data/imagewoof2-320/val/n02088364/n02088364_12102.JPEG,n02088364,162,beagle,webp,77,166,Walker hound,0.22958829998970032,False,35049,33158,1.0570299776826104,34.95830330781334,0.9633816933076789
imagewoof,data/imagewoof2-320/val/n02088364/n02088364_12112.JPEG,n02088364,162,beagle,webp,77,261,keeshond,0.21087829768657684,False,24039,18370,1.3086009798584648,36.97951695827431,0.95924680501488
imagewoof,data/imagewoof2-320/val/n02088364/n02088364_12121.JPEG,n02088364,162,beagle,webp,77,162,beagle,0.24925194680690765,True,27184,21786,1.247773799687873,36.29598248992806,0.9537448753742378
imagewoof,data/imagewoof2-320/val/n02088364/n02088364_12131.JPEG,n02088364,162,beagle,webp,77,166,Walker hound,0.10773265361785889,False,17799,10536,1.6893507972665147,38.00196124285765,0.9487391906024042
imagewoof,data/imagewoof2-320/val/n02088364/n02088364_12141.JPEG,n02088364,162,beagle,webp,77,162,beagle,0.4686809778213501,True,11708,5636,2.07735982966643,40.64479697451453,0.9598778461753006
imagewoof,data/imagewoof2-320/val/n02088364/n02088364_12171.JPEG,n02088364,162,beagle,webp,77,162,beagle,0.2386815994977951,True,14020,8796,1.593906321055025,37.959083491821495,0.9760016313056233
imagewoof,data/imagewoof2-320/val/n02088364/n02088364_12272.JPEG,n02088364,162,beagle,webp,77,162,beagle,0.3705264627933502,True,22905,15454,1.4821405461369226,37.53270341415348,0.9576399202079785
imagewoof,data/imagewoof2-320/val/n02088364/n02088364_12291.JPEG,n02088364,162,beagle,webp,77,162,beagle,0.2988281548023224,True,34056,31318,1.0874257615428826,35.08664144245051,0.9641574889098022
imagewoof,data/imagewoof2-320/val/n02088364/n02088364_12322.JPEG,n02088364,162,beagle,webp,77,162,beagle,0.16427111625671387,True,23446,17516,1.3385476136104133,36.93077360773156,0.9606893233583197
imagewoof,data/imagewoof2-320/val/n02088364/n02088364_12351.JPEG,n02088364,162,beagle,webp,77,161,basset,0.15639501810073853,False,20803,13452,1.546461492714838,37.11285518666582,0.9472207745704102
imagewoof,data/imagewoof2-320/val/n02088364/n02088364_12372.JPEG,n02088364,162,beagle,webp,77,210,German short-haired pointer,0.04549887031316757,False,25588,18516,1.3819399438323612,36.37520188294077,0.9488426451201791
imagewoof,data/imagewoof2-320/val/n02088364/n02088364_12440.JPEG,n02088364,162,beagle,webp,77,162,beagle,0.22871854901313782,True,17189,10384,1.6553351309707243,38.642659656002664,0.9591961931341397
imagewoof,data/imagewoof2-320/val/n02088364/n02088364_12481.JPEG,n02088364,162,beagle,webp,77,162,beagle,0.4629932940006256,True,36388,32742,1.1113554456050332,35.075089819768564,0.9688457355302322
imagewoof,data/imagewoof2-320/val/n02088364/n02088364_12700.JPEG,n02088364,162,beagle,webp,77,162,beagle,0.5936433672904968,True,41319,41418,0.9976097348978705,34.86190586311201,0.9767569254419165
imagewoof,data/imagewoof2-320/val/n02088364/n02088364_12710.JPEG,n02088364,162,beagle,webp,77,162,beagle,0.41953781247138977,True,19338,12028,1.6077485866311938,37.35012489382076,0.9451094420042011
imagewoof,data/imagewoof2-320/val/n02088364/n02088364_12722.JPEG,n02088364,162,beagle,webp,77,162,beagle,0.43671655654907227,True,16766,8922,1.8791750728536203,38.31123622692527,0.941516345960455
imagewoof,data/imagewoof2-320/val/n02088364/n02088364_12730.JPEG,n02088364,162,beagle,webp,77,162,beagle,0.18884754180908203,True,15679,8348,1.8781744130330618,38.97144913992466,0.961006787088729
imagewoof,data/imagewoof2-320/val/n02088364/n02088364_12802.JPEG,n02088364,162,beagle,webp,77,162,beagle,0.2458784580230713,True,37637,37548,1.002370299350165,34.48119183823415,0.9645684285714083
imagewoof,data/imagewoof2-320/val/n02088364/n02088364_12821.JPEG,n02088364,162,beagle,webp,77,166,Walker hound,0.14965666830539703,False,23328,16916,1.3790494206668242,36.80245485676861,0.9564324648189434
imagewoof,data/imagewoof2-320/val/n02088364/n02088364_12852.JPEG,n02088364,162,beagle,webp,77,162,beagle,0.18557560443878174,True,34520,31080,1.1106821106821108,35.522629241735174,0.9673599185926003
imagewoof,data/imagewoof2-320/val/n02088364/n02088364_12900.JPEG,n02088364,162,beagle,webp,77,162,beagle,0.12611925601959229,True,21989,16462,1.3357429230956142,36.307619709283024,0.9513787375235196
imagewoof,data/imagewoof2-320/val/n02088364/n02088364_12910.JPEG,n02088364,162,beagle,webp,77,254,pug,0.10082694888114929,False,18185,10458,1.7388602027156244,37.363840905985086,0.917708518496778
imagewoof,data/imagewoof2-320/val/n02088364/n02088364_12920.JPEG,n02088364,162,beagle,webp,77,162,beagle,0.48218992352485657,True,21655,11148,1.9425008970218873,38.784586675517566,0.9570174960465937
imagewoof,data/imagewoof2-320/val/n02088364/n02088364_12952.JPEG,n02088364,162,beagle,webp,77,162,beagle,0.48104411363601685,True,25051,17382,1.4412035438959843,36.36666601612002,0.9520266379954224
imagewoof,data/imagewoof2-320/val/n02088364/n02088364_12972.JPEG,n02088364,162,beagle,webp,77,162,beagle,0.46840086579322815,True,16283,9550,1.7050261780104712,38.278848094138176,0.9549064512256873
imagewoof,data/imagewoof2-320/val/n02088364/n02088364_1300.JPEG,n02088364,162,beagle,webp,77,162,beagle,0.6858169436454773,True,25423,19724,1.2889373352261204,36.311594920196264,0.9641058606393412
imagewoof,data/imagewoof2-320/val/n02088364/n02088364_1301.JPEG,n02088364,162,beagle,webp,77,162,beagle,0.5112007856369019,True,40825,37666,1.0838687410396644,34.39979743250382,0.9629183086208831
imagewoof,data/imagewoof2-320/val/n02088364/n02088364_13050.JPEG,n02088364,162,beagle,webp,77,162,beagle,0.41996487975120544,True,14412,7832,1.8401430030643513,38.69927278279307,0.9530604394310093
imagewoof,data/imagewoof2-320/val/n02088364/n02088364_13140.JPEG,n02088364,162,beagle,webp,77,162,beagle,0.3505553603172302,True,24468,18028,1.3572220989571777,37.105166005946906,0.9493819744852253
imagewoof,data/imagewoof2-320/val/n02088364/n02088364_13200.JPEG,n02088364,162,beagle,webp,77,162,beagle,0.12465406209230423,True,52411,52546,0.9974308225174133,34.19904419191832,0.9853870016320777
imagewoof,data/imagewoof2-320/val/n02088364/n02088364_13240.JPEG,n02088364,162,beagle,webp,77,162,beagle,0.4995405077934265,True,29415,23696,1.2413487508440244,35.940968340986565,0.9616686387763322
imagewoof,data/imagewoof2-320/val/n02088364/n02088364_13251.JPEG,n02088364,162,beagle,webp,77,162,beagle,0.12385675311088562,True,8228,3456,2.380787037037037,42.88995855443622,0.9718598311368337
imagewoof,data/imagewoof2-320/val/n02088364/n02088364_13312.JPEG,n02088364,162,beagle,webp,77,162,beagle,0.43399861454963684,True,21663,13694,1.581933693588433,38.058034490758665,0.9584197026873493
imagewoof,data/imagewoof2-320/val/n02088364/n02088364_13340.JPEG,n02088364,162,beagle,webp,77,162,beagle,0.3273544907569885,True,20020,12038,1.6630669546436285,38.15990190442292,0.964008741240237
imagewoof,data/imagewoof2-320/val/n02088364/n02088364_13361.JPEG,n02088364,162,beagle,webp,77,162,beagle,0.22436761856079102,True,25226,18092,1.3943179305770506,36.38055757420875,0.958016137411025
imagewoof,data/imagewoof2-320/val/n02088364/n02088364_13371.JPEG,n02088364,162,beagle,webp,77,162,beagle,0.4549185037612915,True,18663,12162,1.5345337937839172,37.57681520160867,0.9439437798832556
imagewoof,data/imagewoof2-320/val/n02088364/n02088364_13381.JPEG,n02088364,162,beagle,webp,77,162,beagle,0.5705056190490723,True,15234,9140,1.6667396061269146,38.18989880923652,0.9248749769784608
imagewoof,data/imagewoof2-320/val/n02088364/n02088364_13391.JPEG,n02088364,162,beagle,webp,77,162,beagle,0.23613332211971283,True,21446,16338,1.3126453666299425,35.93942740259158,0.9657405956924506
imagewoof,data/imagewoof2-320/val/n02088364/n02088364_1341.JPEG,n02088364,162,beagle,webp,77,162,beagle,0.4356634318828583,True,24995,19922,1.2546431081216745,37.333895016355655,0.9643121737779062
imagewoof,data/imagewoof2-320/val/n02088364/n02088364_1350.JPEG,n02088364,162,beagle,webp,77,162,beagle,0.21804939210414886,True,18572,11878,1.5635628893753157,37.32545560478342,0.9317852495894913
imagewoof,data/imagewoof2-320/val/n02088364/n02088364_13500.JPEG,n02088364,162,beagle,webp,77,173,Ibizan hound,0.37391433119773865,False,18710,11516,1.6246960750260506,37.94379190855397,0.9457400272454549
imagewoof,data/imagewoof2-320/val/n02088364/n02088364_13572.JPEG,n02088364,162,beagle,webp,77,162,beagle,0.5672000050544739,True,17413,9982,1.744439991985574,38.69629728151084,0.9629628721420156
imagewoof,data/imagewoof2-320/val/n02088364/n02088364_13630.JPEG,n02088364,162,beagle,webp,77,162,beagle,0.20777224004268646,True,19096,12198,1.5655025414002295,37.973228234871996,0.9569294945873507
imagewoof,data/imagewoof2-320/val/n02088364/n02088364_13660.JPEG,n02088364,162,beagle,webp,77,162,beagle,0.6068177819252014,True,31451,28826,1.0910636231180184,35.747664591949075,0.9588205943118221
imagewoof,data/imagewoof2-320/val/n02088364/n02088364_13682.JPEG,n02088364,162,beagle,webp,77,162,beagle,0.3282085061073303,True,31806,24968,1.2738705543095161,35.99677734191839,0.9613139056061665
imagewoof,data/imagewoof2-320/val/n02088364/n02088364_13711.JPEG,n02088364,162,beagle,webp,77,166,Walker hound,0.19653387367725372,False,16537,8434,1.9607540905857244,40.14718966424439,0.9607028723341059
imagewoof,data/imagewoof2-320/val/n02088364/n02088364_13712.JPEG,n02088364,162,beagle,webp,77,162,beagle,0.4568842649459839,True,25906,19836,1.3060092760637225,35.71008667407452,0.9446479464766888
imagewoof,data/imagewoof2-320/val/n02088364/n02088364_1372.JPEG,n02088364,162,beagle,webp,77,162,beagle,0.7094095945358276,True,20315,14164,1.434269980231573,37.357320065411855,0.9586070112932309
imagewoof,data/imagewoof2-320/val/n02088364/n02088364_13722.JPEG,n02088364,162,beagle,webp,77,162,beagle,0.3630234897136688,True,18878,11184,1.6879470672389127,38.28497497050162,0.9454587430558173
imagewoof,data/imagewoof2-320/val/n02088364/n02088364_13822.JPEG,n02088364,162,beagle,webp,77,162,beagle,0.4826487898826599,True,17175,11238,1.528296849973305,38.22945886965131,0.9580118476390947
imagewoof,data/imagewoof2-320/val/n02088364/n02088364_1391.JPEG,n02088364,162,beagle,webp,77,162,beagle,0.40715572237968445,True,13548,7032,1.9266211604095562,39.367068145656866,0.9598215398963154
imagewoof,data/imagewoof2-320/val/n02088364/n02088364_13981.JPEG,n02088364,162,beagle,webp,77,162,beagle,0.31030648946762085,True,16939,8378,2.02184292193841,39.895425552941305,0.9541824389183792
imagewoof,data/imagewoof2-320/val/n02088364/n02088364_14032.JPEG,n02088364,162,beagle,webp,77,162,beagle,0.41608044505119324,True,34291,29760,1.1522513440860216,35.38828810401709,0.9675509699812347
imagewoof,data/imagewoof2-320/val/n02088364/n02088364_14051.JPEG,n02088364,162,beagle,webp,77,162,beagle,0.23269905149936676,True,27502,20124,1.3666269131385411,36.29080019014511,0.9615505433951851
imagewoof,data/imagewoof2-320/val/n02088364/n02088364_14080.JPEG,n02088364,162,beagle,webp,77,162,beagle,0.2634658217430115,True,29502,26470,1.1145447676615037,35.45659670132416,0.9664854883770353
imagewoof,data/imagewoof2-320/val/n02088364/n02088364_141.JPEG,n02088364,162,beagle,webp,77,162,beagle,0.22321371734142303,True,29742,23400,1.271025641025641,35.66974024151766,0.9550417436438261
imagewoof,data/imagewoof2-320/val/n02088364/n02088364_1411.JPEG,n02088364,162,beagle,webp,77,162,beagle,0.17221319675445557,True,33711,33090,1.0187669990933816,34.57488837874398,0.9731676868999095
imagewoof,data/imagewoof2-320/val/n02088364/n02088364_14141.JPEG,n02088364,162,beagle,webp,77,162,beagle,0.382744699716568,True,19974,12486,1.5997116770783277,37.15259210488294,0.9557902846903805
imagewoof,data/imagewoof2-320/val/n02088364/n02088364_14220.JPEG,n02088364,162,beagle,webp,77,162,beagle,0.3803198039531708,True,18726,12560,1.4909235668789809,36.91665011471935,0.962776867878001
imagewoof,data/imagewoof2-320/val/n02088364/n02088364_14222.JPEG,n02088364,162,beagle,webp,77,162,beagle,0.25928738713264465,True,22433,14916,1.5039554840439797,37.41399248791167,0.9572157780489139
imagewoof,data/imagewoof2-320/val/n02088364/n02088364_14252.JPEG,n02088364,162,beagle,webp,77,162,beagle,0.6957612633705139,True,27173,22758,1.1939977150891994,36.10912838743327,0.9615867061797067
imagewoof,data/imagewoof2-320/val/n02088364/n02088364_14321.JPEG,n02088364,162,beagle,webp,77,162,beagle,0.3670620918273926,True,16441,10138,1.6217202604063918,38.62264555422364,0.9582987107588131
imagewoof,data/imagewoof2-320/val/n02088364/n02088364_14332.JPEG,n02088364,162,beagle,webp,77,162,beagle,0.5211523771286011,True,34366,32982,1.0419622824570978,35.307908754747,0.9646143359751149
imagewoof,data/imagewoof2-320/val/n02088364/n02088364_14431.JPEG,n02088364,162,beagle,webp,77,162,beagle,0.4824041724205017,True,14390,8248,1.7446653734238604,38.30827219139934,0.9605730306453683
imagewoof,data/imagewoof2-320/val/n02088364/n02088364_14542.JPEG,n02088364,162,beagle,webp,77,162,beagle,0.44549795985221863,True,15711,10612,1.4804937806257068,37.118980230987184,0.9519066360269544
imagewoof,data/imagewoof2-320/val/n02088364/n02088364_1461.JPEG,n02088364,162,beagle,webp,77,162,beagle,0.3311777114868164,True,40940,40858,1.002006950903128,35.27998473188849,0.9864182257513351
imagewoof,data/imagewoof2-320/val/n02088364/n02088364_14641.JPEG,n02088364,162,beagle,webp,77,162,beagle,0.24043260514736176,True,34354,29818,1.1521228787980415,35.02449835253904,0.9721589750808645
imagewoof,data/imagewoof2-320/val/n02088364/n02088364_14652.JPEG,n02088364,162,beagle,webp,77,162,beagle,0.22946666181087494,True,15939,8190,1.9461538461538461,38.76819721651936,0.9672350925472193
imagewoof,data/imagewoof2-320/val/n02088364/n02088364_14690.JPEG,n02088364,162,beagle,webp,77,162,beagle,0.3013960123062134,True,22496,15648,1.4376278118609407,36.76319470902626,0.9374255851127348
imagewoof,data/imagewoof2-320/val/n02088364/n02088364_14702.JPEG,n02088364,162,beagle,webp,77,162,beagle,0.2606234848499298,True,20957,12790,1.6385457388584832,38.15215265594982,0.9561204056496707
imagewoof,data/imagewoof2-320/val/n02088364/n02088364_14732.JPEG,n02088364,162,beagle,webp,77,162,beagle,0.33568188548088074,True,48587,49616,0.9792607223476298,34.39740144829342,0.9808202802383413
imagewoof,data/imagewoof2-320/val/n02088364/n02088364_14790.JPEG,n02088364,162,beagle,webp,77,264,Cardigan,0.40729600191116333,False,49658,49514,1.0029082683685422,34.710116462053804,0.9834514581143664
imagewoof,data/imagewoof2-320/val/n02088364/n02088364_14891.JPEG,n02088364,162,beagle,webp,77,162,beagle,0.283698171377182,True,21989,14268,1.5411410148584244,36.36107745221651,0.9647946012047813
imagewoof,data/imagewoof2-320/val/n02088364/n02088364_14892.JPEG,n02088364,162,beagle,webp,77,167,English foxhound,0.2249748855829239,False,24169,17340,1.393829296424452,36.442455047414676,0.9441552231063021
imagewoof,data/imagewoof2-320/val/n02088364/n02088364_14910.JPEG,n02088364,162,beagle,webp,77,162,beagle,0.3451021611690521,True,18243,10914,1.67152281473337,38.222124612048916,0.9515215093860819
imagewoof,data/imagewoof2-320/val/n02088364/n02088364_14911.JPEG,n02088364,162,beagle,webp,77,162,beagle,0.363421231508255,True,19123,12218,1.5651497790145688,37.599605323179794,0.9528907257484374
imagewoof,data/imagewoof2-320/val/n02088364/n02088364_1492.JPEG,n02088364,162,beagle,webp,77,162,beagle,0.13991545140743256,True,10403,5392,1.929339762611276,39.16727125175344,0.9659882413310155
imagewoof,data/imagewoof2-320/val/n02088364/n02088364_14972.JPEG,n02088364,162,beagle,webp,77,162,beagle,0.3074265122413635,True,19648,12408,1.5834945196647325,38.04982858348753,0.9492677024675208
imagewoof,data/imagewoof2-320/val/n02088364/n02088364_14992.JPEG,n02088364,162,beagle,webp,77,162,beagle,0.5156940221786499,True,20374,13152,1.5491180048661801,37.47147671179156,0.9430763806313798
imagewoof,data/imagewoof2-320/val/n02088364/n02088364_15082.JPEG,n02088364,162,beagle,webp,77,162,beagle,0.298369824886322,True,32877,28282,1.162470829502864,35.54285535567835,0.9696817632017418
imagewoof,data/imagewoof2-320/val/n02088364/n02088364_15111.JPEG,n02088364,162,beagle,webp,77,162,beagle,0.3313921391963959,True,36313,34920,1.0398911798396335,35.0458653478828,0.9741821728926223
imagewoof,data/imagewoof2-320/val/n02088364/n02088364_15140.JPEG,n02088364,162,beagle,webp,77,161,basset,0.20223136246204376,False,42928,42138,1.018747923489487,34.8461251996418,0.9781025237426307
imagewoof,data/imagewoof2-320/val/n02088364/n02088364_15151.JPEG,n02088364,162,beagle,webp,77,166,Walker hound,0.16600936651229858,False,23267,15638,1.4878501087095537,36.24376628445536,0.9399414973093597
imagewoof,data/imagewoof2-320/val/n02088364/n02088364_15280.JPEG,n02088364,162,beagle,webp,77,162,beagle,0.4410592019557953,True,35397,31906,1.1094151570237574,34.91589971912077,0.9664234493042717
imagewoof,data/imagewoof2-320/val/n02088364/n02088364_1531.JPEG,n02088364,162,beagle,webp,77,162,beagle,0.25311774015426636,True,23528,16752,1.4044890162368673,36.36090985451813,0.9488113042396651
imagewoof,data/imagewoof2-320/val/n02088364/n02088364_15370.JPEG,n02088364,162,beagle,webp,77,162,beagle,0.46792638301849365,True,21609,18032,1.1983695652173914,36.071457783568434,0.9661507793809018
imagewoof,data/imagewoof2-320/val/n02088364/n02088364_15440.JPEG,n02088364,162,beagle,webp,77,162,beagle,0.5066010355949402,True,54990,55960,0.9826661901358112,34.73389816109751,0.9890855740263493
imagewoof,data/imagewoof2-320/val/n02088364/n02088364_15500.JPEG,n02088364,162,beagle,webp,77,162,beagle,0.4822465777397156,True,39325,38210,1.029180842711332,34.70362365692918,0.9716148230480423
imagewoof,data/imagewoof2-320/val/n02088364/n02088364_15690.JPEG,n02088364,162,beagle,webp,77,162,beagle,0.42094194889068604,True,22304,15494,1.4395249774106105,37.698072223937025,0.9607267311096642
imagewoof,data/imagewoof2-320/val/n02088364/n02088364_15702.JPEG,n02088364,162,beagle,webp,77,162,beagle,0.6490027904510498,True,24018,18770,1.2795950985615343,36.50707088709331,0.9424313689954635
imagewoof,data/imagewoof2-320/val/n02088364/n02088364_15791.JPEG,n02088364,162,beagle,webp,77,162,beagle,0.29263004660606384,True,21958,15752,1.3939817166074149,36.71758116691726,0.9542670695382793
imagewoof,data/imagewoof2-320/val/n02088364/n02088364_16002.JPEG,n02088364,162,beagle,webp,77,162,beagle,0.22486764192581177,True,32346,29216,1.1071330777656079,35.38265053290915,0.9562021736798186
imagewoof,data/imagewoof2-320/val/n02088364/n02088364_16060.JPEG,n02088364,162,beagle,webp,77,162,beagle,0.15127122402191162,True,20285,13644,1.4867340955731456,37.428279884451776,0.9516408855252392
imagewoof,data/imagewoof2-320/val/n02088364/n02088364_161.JPEG,n02088364,162,beagle,webp,77,162,beagle,0.39418095350265503,True,24402,16634,1.466995310809186,36.76926063097062,0.9533189593636996
imagewoof,data/imagewoof2-320/val/n02088364/n02088364_16210.JPEG,n02088364,162,beagle,webp,77,161,basset,0.25537580251693726,False,20254,13182,1.5364891518737673,37.98734461161716,0.9683471404460796
imagewoof,data/imagewoof2-320/val/n02088364/n02088364_16240.JPEG,n02088364,162,beagle,webp,77,162,beagle,0.5875741839408875,True,21738,14744,1.4743624525230603,37.35921163064576,0.9535047958511256
imagewoof,data/imagewoof2-320/val/n02088364/n02088364_16372.JPEG,n02088364,162,beagle,webp,77,167,English foxhound,0.23038719594478607,False,20805,13164,1.5804466727438469,37.13107048127587,0.95141233719063
imagewoof,data/imagewoof2-320/val/n02088364/n02088364_16401.JPEG,n02088364,162,beagle,webp,77,162,beagle,0.2639296054840088,True,27245,22966,1.1863189062091788,36.10511665604663,0.958734155546933
imagewoof,data/imagewoof2-320/val/n02088364/n02088364_16502.JPEG,n02088364,162,beagle,webp,77,162,beagle,0.21267877519130707,True,15831,10052,1.5749104655789892,37.29984550692785,0.9506778965836166
imagewoof,data/imagewoof2-320/val/n02088364/n02088364_16721.JPEG,n02088364,162,beagle,webp,77,162,beagle,0.37517762184143066,True,22540,14622,1.5415127889481604,37.07019565023722,0.9435460054620908
imagewoof,data/imagewoof2-320/val/n02088364/n02088364_16791.JPEG,n02088364,162,beagle,webp,77,162,beagle,0.5981364250183105,True,14633,7960,1.838316582914573,39.05486456910663,0.9608869739520793
imagewoof,data/imagewoof2-320/val/n02088364/n02088364_1681.JPEG,n02088364,162,beagle,webp,77,162,beagle,0.24761638045310974,True,23717,16982,1.396596396184195,36.8882616453226,0.9495649523906269
imagewoof,data/imagewoof2-320/val/n02088364/n02088364_16881.JPEG,n02088364,162,beagle,webp,77,162,beagle,0.4381783902645111,True,41361,40332,1.025513240107111,34.9795529323638,0.973976509665453
imagewoof,data/imagewoof2-320/val/n02088364/n02088364_17170.JPEG,n02088364,162,beagle,webp,77,166,Walker hound,0.2221425473690033,False,22496,16200,1.388641975308642,36.850213066361405,0.9401330532399811
imagewoof,data/imagewoof2-320/val/n02088364/n02088364_17321.JPEG,n02088364,162,beagle,webp,77,162,beagle,0.4652423858642578,True,32558,31438,1.0356256759335836,34.69354472775038,0.9731062158878556
imagewoof,data/imagewoof2-320/val/n02088364/n02088364_1750.JPEG,n02088364,162,beagle,webp,77,162,beagle,0.44676342606544495,True,17431,9470,1.8406546990496304,38.03480564719682,0.922759317838822
imagewoof,data/imagewoof2-320/val/n02088364/n02088364_17530.JPEG,n02088364,162,beagle,webp,77,166,Walker hound,0.1741548329591751,False,30901,23642,1.3070383216309958,36.69608027834688,0.9644217854062859
imagewoof,data/imagewoof2-320/val/n02088364/n02088364_17671.JPEG,n02088364,162,beagle,webp,77,162,beagle,0.3515855669975281,True,21514,14416,1.492369589345172,37.860147120701974,0.9558146074072195
imagewoof,data/imagewoof2-320/val/n02088364/n02088364_17781.JPEG,n02088364,162,beagle,webp,77,162,beagle,0.32731902599334717,True,17224,10968,1.5703865791393143,36.914006055347464,0.9470574152107661
imagewoof,data/imagewoof2-320/val/n02088364/n02088364_17830.JPEG,n02088364,162,beagle,webp,77,162,beagle,0.25780290365219116,True,27570,21438,1.2860341449762105,35.57624000595119,0.9488244508239588
imagewoof,data/imagewoof2-320/val/n02088364/n02088364_1791.JPEG,n02088364,162,beagle,webp,77,162,beagle,0.20523160696029663,True,27801,22350,1.2438926174496645,36.404772012820764,0.9651847048639718
imagewoof,data/imagewoof2-320/val/n02088364/n02088364_17942.JPEG,n02088364,162,beagle,webp,77,167,English foxhound,0.1931428462266922,False,23248,16758,1.3872777181047857,37.28962741422671,0.9606556178971841
imagewoof,data/imagewoof2-320/val/n02088364/n02088364_18130.JPEG,n02088364,162,beagle,webp,77,162,beagle,0.20497402548789978,True,18053,12250,1.4737142857142858,37.02317020239602,0.9454609908523047
imagewoof,data/imagewoof2-320/val/n02088364/n02088364_18260.JPEG,n02088364,162,beagle,webp,77,162,beagle,0.22422507405281067,True,23045,14688,1.5689678649237473,37.65303405817035,0.9543369037866692
imagewoof,data/imagewoof2-320/val/n02088364/n02088364_18282.JPEG,n02088364,162,beagle,webp,77,162,beagle,0.23988346755504608,True,23441,14668,1.5981047177529315,37.54019786928656,0.9468751259870944
imagewoof,data/imagewoof2-320/val/n02088364/n02088364_1830.JPEG,n02088364,162,beagle,webp,77,162,beagle,0.14150196313858032,True,22920,17058,1.3436510728104116,36.93199823886766,0.9669658475051298
imagewoof,data/imagewoof2-320/val/n02088364/n02088364_18391.JPEG,n02088364,162,beagle,webp,77,162,beagle,0.14113041758537292,True,27847,22906,1.2157076748450188,35.72126305205978,0.9576557210951561
imagewoof,data/imagewoof2-320/val/n02088364/n02088364_1860.JPEG,n02088364,162,beagle,webp,77,162,beagle,0.36486998200416565,True,19517,13460,1.45,37.33862830881272,0.9560725920219312
imagewoof,data/imagewoof2-320/val/n02088364/n02088364_1890.JPEG,n02088364,162,beagle,webp,77,161,basset,0.37575459480285645,False,28076,21930,1.2802553579571363,36.21959036912208,0.9617877538207641
imagewoof,data/imagewoof2-320/val/n02088364/n02088364_1892.JPEG,n02088364,162,beagle,webp,77,162,beagle,0.4050169885158539,True,43783,43994,0.9952038914397418,34.20016523962866,0.9738722786008402
imagewoof,data/imagewoof2-320/val/n02088364/n02088364_1901.JPEG,n02088364,162,beagle,webp,77,162,beagle,0.41554537415504456,True,46699,46628,1.0015226902290468,34.69362587637245,0.9861213943736403
imagewoof,data/imagewoof2-320/val/n02088364/n02088364_1912.JPEG,n02088364,162,beagle,webp,77,162,beagle,0.24969585239887238,True,31029,28954,1.0716654002901154,35.35989827514459,0.9824935745734883
imagewoof,data/imagewoof2-320/val/n02088364/n02088364_1960.JPEG,n02088364,162,beagle,webp,77,162,beagle,0.19569756090641022,True,24289,17616,1.3788033605812897,36.314271269935865,0.9354793577519643
imagewoof,data/imagewoof2-320/val/n02088364/n02088364_1980.JPEG,n02088364,162,beagle,webp,77,162,beagle,0.31694483757019043,True,25374,18010,1.4088839533592448,37.324353798678615,0.9615644022780395
imagewoof,data/imagewoof2-320/val/n02088364/n02088364_2000.JPEG,n02088364,162,beagle,webp,77,162,beagle,0.36868390440940857,True,41137,38054,1.0810164503074577,34.616397675479206,0.9692354315200534
imagewoof,data/imagewoof2-320/val/n02088364/n02088364_2070.JPEG,n02088364,162,beagle,webp,77,162,beagle,0.34083840250968933,True,35067,29066,1.2064611573659947,35.43971830465864,0.9736197845017056
imagewoof,data/imagewoof2-320/val/n02088364/n02088364_2102.JPEG,n02088364,162,beagle,webp,77,162,beagle,0.12828151881694794,True,32861,30476,1.0782583016143852,35.509824690936604,0.9649956178621976
imagewoof,data/imagewoof2-320/val/n02088364/n02088364_2112.JPEG,n02088364,162,beagle,webp,77,162,beagle,0.43980497121810913,True,22819,16210,1.4077112893275756,36.32469963240887,0.9667665346100683
imagewoof,data/imagewoof2-320/val/n02088364/n02088364_2132.JPEG,n02088364,162,beagle,webp,77,162,beagle,0.29308223724365234,True,42716,39796,1.0733742084631621,34.22168910823859,0.9832607300300366
imagewoof,data/imagewoof2-320/val/n02088364/n02088364_2141.JPEG,n02088364,162,beagle,webp,77,162,beagle,0.250397264957428,True,19529,11788,1.6566847641669495,37.58549947630764,0.9420502989331915
imagewoof,data/imagewoof2-320/val/n02088364/n02088364_2160.JPEG,n02088364,162,beagle,webp,77,162,beagle,0.47608157992362976,True,15494,9298,1.6663798666379868,37.43859443677448,0.9458286432571934
imagewoof,data/imagewoof2-320/val/n02088364/n02088364_2181.JPEG,n02088364,162,beagle,webp,77,162,beagle,0.1775657832622528,True,39576,38556,1.0264550264550265,34.71940427336492,0.973003115675553
imagewoof,data/imagewoof2-320/val/n02088364/n02088364_2192.JPEG,n02088364,162,beagle,webp,77,166,Walker hound,0.24882762134075165,False,32348,29870,1.0829594911282223,34.2107140433125,0.9798839360978104
imagewoof,data/imagewoof2-320/val/n02088364/n02088364_2270.JPEG,n02088364,162,beagle,webp,77,166,Walker hound,0.2197958528995514,False,29861,25752,1.159560422491457,36.145868985805464,0.9570092034728473
imagewoof,data/imagewoof2-320/val/n02088364/n02088364_232.JPEG,n02088364,162,beagle,webp,77,162,beagle,0.23456425964832306,True,13464,7720,1.744041450777202,38.41439138994873,0.9584102110058289
imagewoof,data/imagewoof2-320/val/n02088364/n02088364_2360.JPEG,n02088364,162,beagle,webp,77,162,beagle,0.2351577877998352,True,16699,9730,1.7162384378211717,39.34153601785249,0.9639085628861411
imagewoof,data/imagewoof2-320/val/n02088364/n02088364_2362.JPEG,n02088364,162,beagle,webp,77,162,beagle,0.3931148946285248,True,26499,20322,1.3039563035134336,36.22727218717471,0.9564424254207653
imagewoof,data/imagewoof2-320/val/n02088364/n02088364_2402.JPEG,n02088364,162,beagle,webp,77,162,beagle,0.9067776203155518,True,25686,20752,1.2377602158828065,35.64578942488393,0.9625725893372828
imagewoof,data/imagewoof2-320/val/n02088364/n02088364_2430.JPEG,n02088364,162,beagle,webp,77,421,bannister,0.6397699117660522,False,17084,9438,1.8101292646747191,38.55866910921166,0.9596226270790594
imagewoof,data/imagewoof2-320/val/n02088364/n02088364_2502.JPEG,n02088364,162,beagle,webp,77,162,beagle,0.19709384441375732,True,33269,28510,1.1669238863556646,35.51055768691449,0.972988092423452
imagewoof,data/imagewoof2-320/val/n02088364/n02088364_2511.JPEG,n02088364,162,beagle,webp,77,162,beagle,0.3192799389362335,True,13393,7654,1.7498040240397177,37.74371497982284,0.9669403704382938
imagewoof,data/imagewoof2-320/val/n02088364/n02088364_2572.JPEG,n02088364,162,beagle,webp,77,162,beagle,0.37971633672714233,True,14183,8576,1.6538013059701493,38.84523336920333,0.9573254641618587
imagewoof,data/imagewoof2-320/val/n02088364/n02088364_2630.JPEG,n02088364,162,beagle,webp,77,162,beagle,0.39942532777786255,True,23071,18966,1.216439945165032,36.245723477876396,0.9494035583424845
imagewoof,data/imagewoof2-320/val/n02088364/n02088364_2641.JPEG,n02088364,162,beagle,webp,77,162,beagle,0.3031713664531708,True,31691,30130,1.0518088284102223,34.35387784483803,0.9797082103156646
imagewoof,data/imagewoof2-320/val/n02088364/n02088364_2652.JPEG,n02088364,162,beagle,webp,77,162,beagle,0.3100000321865082,True,38139,31818,1.1986611352064869,35.76931209415669,0.9638002510254949
imagewoof,data/imagewoof2-320/val/n02088364/n02088364_2661.JPEG,n02088364,162,beagle,webp,77,162,beagle,0.2819288671016693,True,28440,24530,1.1593966571545047,36.269105194433486,0.9339964519988629
imagewoof,data/imagewoof2-320/val/n02088364/n02088364_2680.JPEG,n02088364,162,beagle,webp,77,162,beagle,0.2996504604816437,True,12997,6354,2.0454831602140384,39.794115702447755,0.9570227965853818
imagewoof,data/imagewoof2-320/val/n02088364/n02088364_2690.JPEG,n02088364,162,beagle,webp,77,162,beagle,0.46456843614578247,True,18505,11230,1.6478183437221727,37.78334821322164,0.9312078429541287
imagewoof,data/imagewoof2-320/val/n02088364/n02088364_2772.JPEG,n02088364,162,beagle,webp,77,162,beagle,0.34722191095352173,True,14107,7982,1.767351540967176,39.11774256563489,0.9553767190562001
imagewoof,data/imagewoof2-320/val/n02088364/n02088364_282.JPEG,n02088364,162,beagle,webp,77,162,beagle,0.26217976212501526,True,26347,21212,1.2420799547425985,36.195632912331206,0.9635966065418673
imagewoof,data/imagewoof2-320/val/n02088364/n02088364_2832.JPEG,n02088364,162,beagle,webp,77,162,beagle,0.36581936478614807,True,22423,17360,1.291647465437788,36.34313264515224,0.9499620443970321
imagewoof,data/imagewoof2-320/val/n02088364/n02088364_2840.JPEG,n02088364,162,beagle,webp,77,162,beagle,0.2994033694267273,True,28515,22778,1.2518658354552639,36.380378731814915,0.9693177220860427
imagewoof,data/imagewoof2-320/val/n02088364/n02088364_2880.JPEG,n02088364,162,beagle,webp,77,162,beagle,0.3279731571674347,True,16130,10574,1.5254397578967278,38.89089666695187,0.9600554406706262
imagewoof,data/imagewoof2-320/val/n02088364/n02088364_2952.JPEG,n02088364,162,beagle,webp,77,162,beagle,0.5510737299919128,True,24727,17774,1.3911893777427704,36.615349686090454,0.9535890773674995
imagewoof,data/imagewoof2-320/val/n02088364/n02088364_3020.JPEG,n02088364,162,beagle,webp,77,162,beagle,0.41669049859046936,True,19443,14378,1.3522743079705104,37.62785417470318,0.9546826393246097
imagewoof,data/imagewoof2-320/val/n02088364/n02088364_3041.JPEG,n02088364,162,beagle,webp,77,162,beagle,0.12840047478675842,True,53244,54186,0.9826154357214041,34.14630908607223,0.9863182719473907
imagewoof,data/imagewoof2-320/val/n02088364/n02088364_3071.JPEG,n02088364,162,beagle,webp,77,162,beagle,0.27923986315727234,True,36512,33150,1.1014177978883861,34.24608598326802,0.9764643627608237
imagewoof,data/imagewoof2-320/val/n02088364/n02088364_311.JPEG,n02088364,162,beagle,webp,77,162,beagle,0.1446004956960678,True,27418,20984,1.3066145634769348,35.78671768787356,0.9662963874359907
imagewoof,data/imagewoof2-320/val/n02088364/n02088364_3121.JPEG,n02088364,162,beagle,webp,77,162,beagle,0.5005233287811279,True,34272,33630,1.0190900981266726,35.561073518596366,0.9733696360986785
imagewoof,data/imagewoof2-320/val/n02088364/n02088364_3171.JPEG,n02088364,162,beagle,webp,77,167,English foxhound,0.23190441727638245,False,23750,16422,1.4462306661795152,36.70689365699996,0.9605651529280411
imagewoof,data/imagewoof2-320/val/n02088364/n02088364_3180.JPEG,n02088364,162,beagle,webp,77,162,beagle,0.3435620963573456,True,23263,16566,1.4042617409151275,36.35510627806268,0.9486006448973798
imagewoof,data/imagewoof2-320/val/n02088364/n02088364_3182.JPEG,n02088364,162,beagle,webp,77,162,beagle,0.41865769028663635,True,25832,20092,1.2856858451124826,35.43828734262436,0.9426991189807267
imagewoof,data/imagewoof2-320/val/n02088364/n02088364_3191.JPEG,n02088364,162,beagle,webp,77,162,beagle,0.21487034857273102,True,28998,21494,1.3491206848422816,36.09723451450491,0.9584574148512727
imagewoof,data/imagewoof2-320/val/n02088364/n02088364_3192.JPEG,n02088364,162,beagle,webp,77,162,beagle,0.37587350606918335,True,31815,27980,1.1370621872766262,35.411561346424904,0.9683108956580536
imagewoof,data/imagewoof2-320/val/n02088364/n02088364_3200.JPEG,n02088364,162,beagle,webp,77,171,Italian greyhound,0.1575344353914261,False,24667,17460,1.4127720504009165,36.83717872895238,0.9509296520700694
imagewoof,data/imagewoof2-320/val/n02088364/n02088364_321.JPEG,n02088364,162,beagle,webp,77,162,beagle,0.42310830950737,True,16692,11546,1.4456954789537502,37.65078389013533,0.9625099787539922
imagewoof,data/imagewoof2-320/val/n02088364/n02088364_3220.JPEG,n02088364,162,beagle,webp,77,162,beagle,0.3709926903247833,True,17703,10386,1.7045060658578857,37.76256083597825,0.9604151838079593
imagewoof,data/imagewoof2-320/val/n02088364/n02088364_3270.JPEG,n02088364,162,beagle,webp,77,167,English foxhound,0.21153737604618073,False,10493,5982,1.754095620193915,39.5523531255043,0.9697927071642379
imagewoof,data/imagewoof2-320/val/n02088364/n02088364_3280.JPEG,n02088364,162,beagle,webp,77,162,beagle,0.22989413142204285,True,24327,18200,1.3366483516483516,36.37440381145739,0.9516403901352316
imagewoof,data/imagewoof2-320/val/n02088364/n02088364_3301.JPEG,n02088364,162,beagle,webp,77,162,beagle,0.4287261664867401,True,24389,18068,1.3498450298870932,36.42199640745885,0.9457137515536691
imagewoof,data/imagewoof2-320/val/n02088364/n02088364_331.JPEG,n02088364,162,beagle,webp,77,162,beagle,0.10849824547767639,True,19443,12494,1.5561869697454778,37.494986302239575,0.9341735546785106
imagewoof,data/imagewoof2-320/val/n02088364/n02088364_3332.JPEG,n02088364,162,beagle,webp,77,162,beagle,0.48408403992652893,True,30543,24988,1.2223067072194653,35.83749422446399,0.9572865111727831
imagewoof,data/imagewoof2-320/val/n02088364/n02088364_3402.JPEG,n02088364,162,beagle,webp,77,167,English foxhound,0.14020857214927673,False,19088,11704,1.6308954203691046,38.19844767913406,0.9584267467091859
imagewoof,data/imagewoof2-320/val/n02088364/n02088364_3432.JPEG,n02088364,162,beagle,webp,77,162,beagle,0.4651387929916382,True,19683,13770,1.4294117647058824,37.43641032097257,0.9549215935596997
imagewoof,data/imagewoof2-320/val/n02088364/n02088364_3480.JPEG,n02088364,162,beagle,webp,77,162,beagle,0.49387016892433167,True,21083,15220,1.3852168199737187,36.93510344622124,0.944818260182306
imagewoof,data/imagewoof2-320/val/n02088364/n02088364_3501.JPEG,n02088364,162,beagle,webp,77,743,prison,0.18830357491970062,False,24792,17324,1.4310782729161857,36.607738463381445,0.9682781703473111
imagewoof,data/imagewoof2-320/val/n02088364/n02088364_3510.JPEG,n02088364,162,beagle,webp,77,162,beagle,0.2683396339416504,True,29151,24878,1.171758179918,35.866578404416714,0.9587507640411991
imagewoof,data/imagewoof2-320/val/n02088364/n02088364_3551.JPEG,n02088364,162,beagle,webp,77,162,beagle,0.20167137682437897,True,25456,17810,1.4293093767546323,36.68078159156811,0.9626612216481555
imagewoof,data/imagewoof2-320/val/n02088364/n02088364_3560.JPEG,n02088364,162,beagle,webp,77,162,beagle,0.2648514211177826,True,16296,10664,1.528132033008252,37.23187002874279,0.9418582684310768
imagewoof,data/imagewoof2-320/val/n02088364/n02088364_3570.JPEG,n02088364,162,beagle,webp,77,162,beagle,0.16575637459754944,True,28121,22970,1.2242490204614715,35.94341671621346,0.9599511967264581
imagewoof,data/imagewoof2-320/val/n02088364/n02088364_3602.JPEG,n02088364,162,beagle,webp,77,162,beagle,0.4251209497451782,True,26070,20010,1.302848575712144,35.73438500072709,0.940551421589328
imagewoof,data/imagewoof2-320/val/n02088364/n02088364_3632.JPEG,n02088364,162,beagle,webp,77,162,beagle,0.48321428894996643,True,22833,16562,1.3786378456708126,36.900457511182864,0.9493409474022054
imagewoof,data/imagewoof2-320/val/n02088364/n02088364_3651.JPEG,n02088364,162,beagle,webp,77,162,beagle,0.48857346177101135,True,14073,7732,1.820098292809105,39.54165203525487,0.9550741268607608
imagewoof,data/imagewoof2-320/val/n02088364/n02088364_3671.JPEG,n02088364,162,beagle,webp,77,166,Walker hound,0.3144465386867523,False,21942,15122,1.4509985451659833,36.558049204312326,0.9605243330810573
imagewoof,data/imagewoof2-320/val/n02088364/n02088364_3680.JPEG,n02088364,162,beagle,webp,77,162,beagle,0.35422781109809875,True,38981,37504,1.0393824658703072,34.61399560959467,0.9730599810423893
imagewoof,data/imagewoof2-320/val/n02088364/n02088364_3722.JPEG,n02088364,162,beagle,webp,77,162,beagle,0.3056391179561615,True,24410,17510,1.3940605368360937,36.939226564428076,0.9642856773540546
imagewoof,data/imagewoof2-320/val/n02088364/n02088364_3731.JPEG,n02088364,162,beagle,webp,77,162,beagle,0.25151902437210083,True,24051,17944,1.3403366027641552,36.49143275913916,0.942028898416064
imagewoof,data/imagewoof2-320/val/n02088364/n02088364_3741.JPEG,n02088364,162,beagle,webp,77,162,beagle,0.37269076704978943,True,18126,11238,1.612920448478377,37.11205225641253,0.9397276272857512
imagewoof,data/imagewoof2-320/val/n02088364/n02088364_3750.JPEG,n02088364,162,beagle,webp,77,162,beagle,0.41438230872154236,True,26001,21722,1.1969892275112788,36.56751312298721,0.9494984449679632
imagewoof,data/imagewoof2-320/val/n02088364/n02088364_3751.JPEG,n02088364,162,beagle,webp,77,162,beagle,0.28341516852378845,True,12354,5980,2.065886287625418,39.5467117490976,0.9612559392449072
imagewoof,data/imagewoof2-320/val/n02088364/n02088364_3752.JPEG,n02088364,162,beagle,webp,77,162,beagle,0.16721734404563904,True,22024,15054,1.462999867144945,36.84073772677689,0.9491069924869087
imagewoof,data/imagewoof2-320/val/n02088364/n02088364_3781.JPEG,n02088364,162,beagle,webp,77,162,beagle,0.4305877089500427,True,24283,17348,1.3997578971639382,36.35483182402482,0.9485442604086254
imagewoof,data/imagewoof2-320/val/n02088364/n02088364_3791.JPEG,n02088364,162,beagle,webp,77,162,beagle,0.38236916065216064,True,18524,12360,1.498705501618123,37.55229822085309,0.9469312842617091
imagewoof,data/imagewoof2-320/val/n02088364/n02088364_3840.JPEG,n02088364,162,beagle,webp,77,162,beagle,0.3851737082004547,True,16151,9308,1.7351740438332617,38.63349352074225,0.9409097000680658
imagewoof,data/imagewoof2-320/val/n02088364/n02088364_3850.JPEG,n02088364,162,beagle,webp,77,162,beagle,0.5204994678497314,True,27646,24938,1.1085893014676398,36.2372284192907,0.9620358627609876
imagewoof,data/imagewoof2-320/val/n02088364/n02088364_3872.JPEG,n02088364,162,beagle,webp,77,162,beagle,0.3034149706363678,True,17618,10192,1.7286106750392465,38.06710794020207,0.9455933352199416
imagewoof,data/imagewoof2-320/val/n02088364/n02088364_3900.JPEG,n02088364,162,beagle,webp,77,162,beagle,0.3297133147716522,True,48225,45972,1.049008091882015,34.32460372876974,0.9844583422086295
imagewoof,data/imagewoof2-320/val/n02088364/n02088364_3911.JPEG,n02088364,162,beagle,webp,77,162,beagle,0.2892237603664398,True,22572,17310,1.3039861351819757,37.12459402948972,0.9643561112371711
imagewoof,data/imagewoof2-320/val/n02088364/n02088364_3992.JPEG,n02088364,162,beagle,webp,77,198,standard schnauzer,0.13174472749233246,False,28427,24534,1.1586777533219206,36.259851144036915,0.9629044667861537
imagewoof,data/imagewoof2-320/val/n02088364/n02088364_4051.JPEG,n02088364,162,beagle,webp,77,162,beagle,0.18781262636184692,True,34517,30484,1.1322989109040809,35.33073470936128,0.9589000761474881
imagewoof,data/imagewoof2-320/val/n02088364/n02088364_4052.JPEG,n02088364,162,beagle,webp,77,162,beagle,0.5012045502662659,True,25448,20068,1.2680884991030497,36.43288921426608,0.9520131466199073
imagewoof,data/imagewoof2-320/val/n02088364/n02088364_4070.JPEG,n02088364,162,beagle,webp,77,162,beagle,0.2515338361263275,True,20432,13738,1.4872616101324792,37.335331622810976,0.9420725846510015
imagewoof,data/imagewoof2-320/val/n02088364/n02088364_4111.JPEG,n02088364,162,beagle,webp,77,162,beagle,0.2555469572544098,True,16803,10414,1.6135010562704053,37.85876384887226,0.9644239554665662
imagewoof,data/imagewoof2-320/val/n02088364/n02088364_412.JPEG,n02088364,162,beagle,webp,77,162,beagle,0.32206597924232483,True,18401,12212,1.5067965935145757,37.13438850338153,0.9559383798874229
imagewoof,data/imagewoof2-320/val/n02088364/n02088364_4140.JPEG,n02088364,162,beagle,webp,77,162,beagle,0.3319139778614044,True,39613,38882,1.0188004732266858,34.29879560509227,0.9704049536946484
imagewoof,data/imagewoof2-320/val/n02088364/n02088364_4150.JPEG,n02088364,162,beagle,webp,77,166,Walker hound,0.18203884363174438,False,31873,26750,1.1915140186915887,35.34916429715561,0.9619736412815211
imagewoof,data/imagewoof2-320/val/n02088364/n02088364_420.JPEG,n02088364,162,beagle,webp,77,166,Walker hound,0.28883302211761475,False,45649,47080,0.9696049277824978,34.96808845184017,0.9764024176058456
imagewoof,data/imagewoof2-320/val/n02088364/n02088364_4272.JPEG,n02088364,162,beagle,webp,77,162,beagle,0.34926483035087585,True,34736,31908,1.088629810705779,34.97625699966011,0.9655300959073075
imagewoof,data/imagewoof2-320/val/n02088364/n02088364_4281.JPEG,n02088364,162,beagle,webp,77,162,beagle,0.46217548847198486,True,24950,21070,1.1841480778357856,35.495526249421474,0.9550914646718601
imagewoof,data/imagewoof2-320/val/n02088364/n02088364_4300.JPEG,n02088364,162,beagle,webp,77,162,beagle,0.31824082136154175,True,23210,16436,1.4121440739839377,36.441478980687926,0.9453171039383618
imagewoof,data/imagewoof2-320/val/n02088364/n02088364_4332.JPEG,n02088364,162,beagle,webp,77,162,beagle,0.585337221622467,True,25108,17968,1.3973731077471059,36.29532132179433,0.944872024343761
imagewoof,data/imagewoof2-320/val/n02088364/n02088364_4352.JPEG,n02088364,162,beagle,webp,77,104,wallaby,0.034573744982481,False,29484,25044,1.1772879731672257,35.48382774003177,0.9548299016046341
imagewoof,data/imagewoof2-320/val/n02088364/n02088364_4442.JPEG,n02088364,162,beagle,webp,77,162,beagle,0.19672101736068726,True,39107,36016,1.0858229675699689,34.76827682931974,0.9675760427294927
imagewoof,data/imagewoof2-320/val/n02088364/n02088364_4481.JPEG,n02088364,162,beagle,webp,77,162,beagle,0.6205193996429443,True,40863,39808,1.0265022106109325,33.48445753676803,0.9673754751572149
imagewoof,data/imagewoof2-320/val/n02088364/n02088364_4491.JPEG,n02088364,162,beagle,webp,77,166,Walker hound,0.22391997277736664,False,38221,33914,1.1269977000648699,34.73435187542753,0.9667768726405542
imagewoof,data/imagewoof2-320/val/n02088364/n02088364_4561.JPEG,n02088364,162,beagle,webp,77,162,beagle,0.2586953639984131,True,24601,20070,1.2257598405580468,35.57145367818364,0.959800141632332
imagewoof,data/imagewoof2-320/val/n02088364/n02088364_4562.JPEG,n02088364,162,beagle,webp,77,162,beagle,0.15761926770210266,True,19571,13856,1.4124566974595842,37.41412434974246,0.9537965585845366
imagewoof,data/imagewoof2-320/val/n02088364/n02088364_4572.JPEG,n02088364,162,beagle,webp,77,166,Walker hound,0.16662265360355377,False,25274,18138,1.393428161870107,36.714441162611045,0.9757265521941775
imagewoof,data/imagewoof2-320/val/n02088364/n02088364_4581.JPEG,n02088364,162,beagle,webp,77,162,beagle,0.407778263092041,True,29465,25086,1.17455951526748,35.30503963486588,0.9603227437920842
imagewoof,data/imagewoof2-320/val/n02088364/n02088364_4670.JPEG,n02088364,162,beagle,webp,77,166,Walker hound,0.2668922245502472,False,20534,13798,1.488186693723728,37.0705095411334,0.9523587894590003
imagewoof,data/imagewoof2-320/val/n02088364/n02088364_4691.JPEG,n02088364,162,beagle,webp,77,166,Walker hound,0.23642738163471222,False,27387,21124,1.2964874076879378,35.51960369477059,0.9627839557686211
imagewoof,data/imagewoof2-320/val/n02088364/n02088364_4702.JPEG,n02088364,162,beagle,webp,77,162,beagle,0.2351706624031067,True,49371,50448,0.978651284490961,34.40993726755976,0.9848342503559127
imagewoof,data/imagewoof2-320/val/n02088364/n02088364_4730.JPEG,n02088364,162,beagle,webp,77,162,beagle,0.447770893573761,True,35475,33844,1.0481917031083796,34.76852311042859,0.9630975227693194
imagewoof,data/imagewoof2-320/val/n02088364/n02088364_4731.JPEG,n02088364,162,beagle,webp,77,161,basset,0.44321388006210327,False,18783,12322,1.5243466969647785,36.94977686089176,0.9522557617466635
imagewoof,data/imagewoof2-320/val/n02088364/n02088364_4770.JPEG,n02088364,162,beagle,webp,77,162,beagle,0.5276537537574768,True,15586,9042,1.7237336872373368,38.64195992184414,0.9562100710973364
imagewoof,data/imagewoof2-320/val/n02088364/n02088364_4802.JPEG,n02088364,162,beagle,webp,77,162,beagle,0.18480925261974335,True,28363,25100,1.13,34.36514537203501,0.9621427143938844
imagewoof,data/imagewoof2-320/val/n02088364/n02088364_4812.JPEG,n02088364,162,beagle,webp,77,162,beagle,0.17189329862594604,True,16436,10396,1.58099268949596,37.808112481225564,0.9546225830735336
imagewoof,data/imagewoof2-320/val/n02088364/n02088364_4841.JPEG,n02088364,162,beagle,webp,77,162,beagle,0.4703054130077362,True,22634,15850,1.42801261829653,36.81476473070617,0.9574592855541946
imagewoof,data/imagewoof2-320/val/n02088364/n02088364_4980.JPEG,n02088364,162,beagle,webp,77,162,beagle,0.3329121172428131,True,21502,15710,1.3686823679185232,36.98592570351974,0.9537817977481565
imagewoof,data/imagewoof2-320/val/n02088364/n02088364_5090.JPEG,n02088364,162,beagle,webp,77,166,Walker hound,0.049406249076128006,False,21604,16324,1.3234501347708896,36.509315181390306,0.9670045722068128
imagewoof,data/imagewoof2-320/val/n02088364/n02088364_512.JPEG,n02088364,162,beagle,webp,77,162,beagle,0.32112979888916016,True,20061,13166,1.5236974024001215,37.57437333492702,0.9613105705373904
imagewoof,data/imagewoof2-320/val/n02088364/n02088364_5120.JPEG,n02088364,162,beagle,webp,77,162,beagle,0.15497954189777374,True,17668,10912,1.6191348973607038,37.88801993238821,0.9547375336471405
imagewoof,data/imagewoof2-320/val/n02088364/n02088364_5141.JPEG,n02088364,162,beagle,webp,77,167,English foxhound,0.22313106060028076,False,14016,8644,1.6214715409532623,37.78962961693573,0.9437275259360721
imagewoof,data/imagewoof2-320/val/n02088364/n02088364_5182.JPEG,n02088364,162,beagle,webp,77,167,English foxhound,0.17496037483215332,False,39707,38686,1.0263919764255802,34.365284807996275,0.9695962638552339
imagewoof,data/imagewoof2-320/val/n02088364/n02088364_521.JPEG,n02088364,162,beagle,webp,77,162,beagle,0.55170077085495,True,20096,15066,1.333864330280101,36.64770388271674,0.9572002419801863
imagewoof,data/imagewoof2-320/val/n02088364/n02088364_522.JPEG,n02088364,162,beagle,webp,77,162,beagle,0.2702910900115967,True,32202,29622,1.0870974275876037,36.33075385102563,0.9735235295385695
imagewoof,data/imagewoof2-320/val/n02088364/n02088364_5260.JPEG,n02088364,162,beagle,webp,77,162,beagle,0.1927993893623352,True,25683,20148,1.2747170935080405,36.146133236282324,0.9640812139367435
imagewoof,data/imagewoof2-320/val/n02088364/n02088364_5272.JPEG,n02088364,162,beagle,webp,77,162,beagle,0.25553861260414124,True,50128,50864,0.9855300408933627,34.789586939017155,0.9864601667206547
imagewoof,data/imagewoof2-320/val/n02088364/n02088364_5282.JPEG,n02088364,162,beagle,webp,77,162,beagle,0.31720438599586487,True,41997,42186,0.9955198407054473,34.453530078808654,0.9716515583350295
imagewoof,data/imagewoof2-320/val/n02088364/n02088364_5302.JPEG,n02088364,162,beagle,webp,77,162,beagle,0.4538861811161041,True,19570,12448,1.5721401028277635,37.622788480337434,0.928707017035986
imagewoof,data/imagewoof2-320/val/n02088364/n02088364_5311.JPEG,n02088364,162,beagle,webp,77,162,beagle,0.16038945317268372,True,33544,29936,1.1205237840726885,35.47639494209692,0.9572339069507426
imagewoof,data/imagewoof2-320/val/n02088364/n02088364_5352.JPEG,n02088364,162,beagle,webp,77,162,beagle,0.31295040249824524,True,44008,45070,0.9764366540936321,33.9314064284804,0.9721467291901531
imagewoof,data/imagewoof2-320/val/n02088364/n02088364_5381.JPEG,n02088364,162,beagle,webp,77,162,beagle,0.47511857748031616,True,24918,18722,1.3309475483388526,36.758005138764005,0.9445552103583031
imagewoof,data/imagewoof2-320/val/n02088364/n02088364_5410.JPEG,n02088364,162,beagle,webp,77,162,beagle,0.21712331473827362,True,24950,18938,1.3174569648326118,36.571975785408945,0.9486362622727191
imagewoof,data/imagewoof2-320/val/n02088364/n02088364_5480.JPEG,n02088364,162,beagle,webp,77,162,beagle,0.2986193299293518,True,36140,35386,1.0213078618662748,34.26254734604295,0.9576038465395503
imagewoof,data/imagewoof2-320/val/n02088364/n02088364_5481.JPEG,n02088364,162,beagle,webp,77,167,English foxhound,0.45006853342056274,False,21556,12904,1.6704897706137631,37.417470153026464,0.963844152544239
imagewoof,data/imagewoof2-320/val/n02088364/n02088364_5572.JPEG,n02088364,162,beagle,webp,77,162,beagle,0.525442898273468,True,16468,10208,1.613244514106583,37.40217559912963,0.9648331443646939
imagewoof,data/imagewoof2-320/val/n02088364/n02088364_5582.JPEG,n02088364,162,beagle,webp,77,162,beagle,0.2833540439605713,True,59117,60204,0.981944721280978,34.97373068408762,0.9922260835326092
imagewoof,data/imagewoof2-320/val/n02088364/n02088364_5601.JPEG,n02088364,162,beagle,webp,77,162,beagle,0.39011940360069275,True,16325,10032,1.627292663476874,39.23422674711204,0.9522648252740972
imagewoof,data/imagewoof2-320/val/n02088364/n02088364_562.JPEG,n02088364,162,beagle,webp,77,162,beagle,0.1729504019021988,True,28033,21432,1.307997387084733,36.03191137946728,0.9537018612033846
imagewoof,data/imagewoof2-320/val/n02088364/n02088364_5631.JPEG,n02088364,162,beagle,webp,77,162,beagle,0.2915193438529968,True,18803,13868,1.35585520623017,37.006490157508864,0.9507152645284039
imagewoof,data/imagewoof2-320/val/n02088364/n02088364_5661.JPEG,n02088364,162,beagle,webp,77,162,beagle,0.3187308609485626,True,16746,9358,1.7894849326779225,38.2536014968347,0.9602465842030948
imagewoof,data/imagewoof2-320/val/n02088364/n02088364_5662.JPEG,n02088364,162,beagle,webp,77,162,beagle,0.2425050586462021,True,22728,16756,1.356409644306517,36.69395500277177,0.9543312292625744
imagewoof,data/imagewoof2-320/val/n02088364/n02088364_5682.JPEG,n02088364,162,beagle,webp,77,162,beagle,0.22989030182361603,True,34539,31706,1.0893521730902669,34.78922089235985,0.9610210820149444
imagewoof,data/imagewoof2-320/val/n02088364/n02088364_5801.JPEG,n02088364,162,beagle,webp,77,162,beagle,0.2760123908519745,True,44148,42272,1.0443792581377744,34.40892977001451,0.9757009045577064
imagewoof,data/imagewoof2-320/val/n02088364/n02088364_5871.JPEG,n02088364,162,beagle,webp,77,162,beagle,0.28762298822402954,True,15696,8692,1.805798435342844,38.74275520260361,0.9630896998415875
imagewoof,data/imagewoof2-320/val/n02088364/n02088364_5941.JPEG,n02088364,162,beagle,webp,77,162,beagle,0.44699743390083313,True,20155,13922,1.4477086625484845,36.88956770572818,0.9555856286506144
imagewoof,data/imagewoof2-320/val/n02088364/n02088364_5981.JPEG,n02088364,162,beagle,webp,77,162,beagle,0.5341663956642151,True,27521,21868,1.258505578928114,36.15686941570126,0.9570155624072137
imagewoof,data/imagewoof2-320/val/n02088364/n02088364_6002.JPEG,n02088364,162,beagle,webp,77,180,American Staffordshire terrier,0.21439796686172485,False,19334,13868,1.39414479376983,36.90508139414334,0.9482693768108019
imagewoof,data/imagewoof2-320/val/n02088364/n02088364_6031.JPEG,n02088364,162,beagle,webp,77,162,beagle,0.32275113463401794,True,21097,13834,1.525010842850947,37.20391953266164,0.943845632936995
imagewoof,data/imagewoof2-320/val/n02088364/n02088364_6050.JPEG,n02088364,162,beagle,webp,77,162,beagle,0.5218149423599243,True,24361,17856,1.3643033154121864,36.187242883343075,0.94992958318713
imagewoof,data/imagewoof2-320/val/n02088364/n02088364_6092.JPEG,n02088364,162,beagle,webp,77,162,beagle,0.3864659070968628,True,17309,12734,1.3592743835401289,36.69379381336007,0.9386657503269799
imagewoof,data/imagewoof2-320/val/n02088364/n02088364_610.JPEG,n02088364,162,beagle,webp,77,162,beagle,0.1880555897951126,True,26164,19072,1.3718540268456376,36.11609707843853,0.9625729709249734
imagewoof,data/imagewoof2-320/val/n02088364/n02088364_6142.JPEG,n02088364,162,beagle,webp,77,162,beagle,0.24420085549354553,True,26832,20654,1.299118814757432,36.0617778066777,0.945457390764617
imagewoof,data/imagewoof2-320/val/n02088364/n02088364_6162.JPEG,n02088364,162,beagle,webp,77,162,beagle,0.5106582045555115,True,37780,36304,1.0406566769501984,34.410197406678755,0.9654328523521016
imagewoof,data/imagewoof2-320/val/n02088364/n02088364_6181.JPEG,n02088364,162,beagle,webp,77,162,beagle,0.5658396482467651,True,36513,35324,1.03365983467331,35.13935373413123,0.9703050950965353
imagewoof,data/imagewoof2-320/val/n02088364/n02088364_62.JPEG,n02088364,162,beagle,webp,77,162,beagle,0.20885619521141052,True,33115,28580,1.1586773967809658,35.39272474240548,0.9682408253699637
imagewoof,data/imagewoof2-320/val/n02088364/n02088364_6200.JPEG,n02088364,162,beagle,webp,77,162,beagle,0.2769993245601654,True,23119,16640,1.3893629807692307,36.85948222150856,0.9581901698970688
imagewoof,data/imagewoof2-320/val/n02088364/n02088364_6210.JPEG,n02088364,162,beagle,webp,77,162,beagle,0.1500472128391266,True,28202,22156,1.2728831919118975,35.785340913351284,0.961742622047744
imagewoof,data/imagewoof2-320/val/n02088364/n02088364_6211.JPEG,n02088364,162,beagle,webp,77,162,beagle,0.6334670782089233,True,15933,10286,1.5489986389266965,38.633464906497906,0.9621046252492137
imagewoof,data/imagewoof2-320/val/n02088364/n02088364_622.JPEG,n02088364,162,beagle,webp,77,162,beagle,0.4374581277370453,True,22778,16472,1.3828314715881496,36.55669649896792,0.9468953274446618
imagewoof,data/imagewoof2-320/val/n02088364/n02088364_6291.JPEG,n02088364,162,beagle,webp,77,162,beagle,0.13691304624080658,True,22198,15846,1.4008582607598132,36.29537977892027,0.9524918905025928
imagewoof,data/imagewoof2-320/val/n02088364/n02088364_630.JPEG,n02088364,162,beagle,webp,77,162,beagle,0.3415805399417877,True,25600,18842,1.3586668081944593,36.06425308302145,0.942362834232603
imagewoof,data/imagewoof2-320/val/n02088364/n02088364_6311.JPEG,n02088364,162,beagle,webp,77,162,beagle,0.30073311924934387,True,20927,11956,1.7503345600535296,37.319452589721,0.9625019544464894
imagewoof,data/imagewoof2-320/val/n02088364/n02088364_6390.JPEG,n02088364,162,beagle,webp,77,162,beagle,0.5409060120582581,True,25544,19194,1.3308325518391164,36.419107680219255,0.9500843842980368
imagewoof,data/imagewoof2-320/val/n02088364/n02088364_6402.JPEG,n02088364,162,beagle,webp,77,215,Brittany spaniel,0.1668379008769989,False,25925,22122,1.1719103155230088,35.92460600957572,0.9672412842877599
imagewoof,data/imagewoof2-320/val/n02088364/n02088364_6471.JPEG,n02088364,162,beagle,webp,77,162,beagle,0.27236509323120117,True,27110,20530,1.3205065757428154,35.80230836532668,0.956901404381305
imagewoof,data/imagewoof2-320/val/n02088364/n02088364_6511.JPEG,n02088364,162,beagle,webp,77,162,beagle,0.31262922286987305,True,26339,21706,1.213443287570257,35.91043304885385,0.9638105793071802
imagewoof,data/imagewoof2-320/val/n02088364/n02088364_6512.JPEG,n02088364,162,beagle,webp,77,162,beagle,0.3490062952041626,True,19289,12046,1.601278432674747,38.0179107823004,0.9396767262165421
imagewoof,data/imagewoof2-320/val/n02088364/n02088364_6611.JPEG,n02088364,162,beagle,webp,77,162,beagle,0.5467469096183777,True,41728,41168,1.0136027982899338,34.50953184990058,0.980729049797965
imagewoof,data/imagewoof2-320/val/n02088364/n02088364_6622.JPEG,n02088364,162,beagle,webp,77,162,beagle,0.5154711008071899,True,21065,14050,1.499288256227758,37.17907085788528,0.9544233028029178
imagewoof,data/imagewoof2-320/val/n02088364/n02088364_6652.JPEG,n02088364,162,beagle,webp,77,162,beagle,0.29451125860214233,True,19237,12914,1.4896236642403593,37.24043197154841,0.9574808984403181
imagewoof,data/imagewoof2-320/val/n02088364/n02088364_6692.JPEG,n02088364,162,beagle,webp,77,162,beagle,0.2834468483924866,True,23687,15796,1.4995568498354013,36.006097579606426,0.9522350662246053
imagewoof,data/imagewoof2-320/val/n02088364/n02088364_6731.JPEG,n02088364,162,beagle,webp,77,162,beagle,0.28327125310897827,True,21724,15292,1.4206120847501962,36.78815405815672,0.9309773302213321
imagewoof,data/imagewoof2-320/val/n02088364/n02088364_6741.JPEG,n02088364,162,beagle,webp,77,162,beagle,0.27730998396873474,True,17736,9732,1.8224414303329224,37.00502039971561,0.8970603216213018
imagewoof,data/imagewoof2-320/val/n02088364/n02088364_6742.JPEG,n02088364,162,beagle,webp,77,162,beagle,0.43142879009246826,True,40532,34752,1.1663213627992635,34.45241268874725,0.9700780279989444
imagewoof,data/imagewoof2-320/val/n02088364/n02088364_6792.JPEG,n02088364,162,beagle,webp,77,162,beagle,0.5237753391265869,True,16578,9770,1.6968270214943706,38.010681150276255,0.9396562007548064
imagewoof,data/imagewoof2-320/val/n02088364/n02088364_6800.JPEG,n02088364,162,beagle,webp,77,162,beagle,0.7343615889549255,True,15592,9416,1.6559048428207306,37.71590661399898,0.9463483936903109
imagewoof,data/imagewoof2-320/val/n02088364/n02088364_6812.JPEG,n02088364,162,beagle,webp,77,162,beagle,0.24759133160114288,True,31904,27618,1.1551886450865378,35.33752290505034,0.9586491740327698
imagewoof,data/imagewoof2-320/val/n02088364/n02088364_6890.JPEG,n02088364,162,beagle,webp,77,162,beagle,0.3547821044921875,True,18195,10744,1.6935033507073716,37.76728636614131,0.9494328183223719
imagewoof,data/imagewoof2-320/val/n02088364/n02088364_6962.JPEG,n02088364,162,beagle,webp,77,162,beagle,0.3892059624195099,True,43756,44628,0.9804606973200681,34.09133523670098,0.9755698208103825
imagewoof,data/imagewoof2-320/val/n02088364/n02088364_6991.JPEG,n02088364,162,beagle,webp,77,162,beagle,0.353445440530777,True,16094,9072,1.7740299823633157,38.3208234388032,0.944140885619334
imagewoof,data/imagewoof2-320/val/n02088364/n02088364_7000.JPEG,n02088364,162,beagle,webp,77,162,beagle,0.3577382266521454,True,22702,15642,1.4513489323615907,37.18861091204219,0.9324369664270091
imagewoof,data/imagewoof2-320/val/n02088364/n02088364_7012.JPEG,n02088364,162,beagle,webp,77,162,beagle,0.28686466813087463,True,17825,10686,1.6680703724499344,38.18979977260176,0.9527687390966756
imagewoof,data/imagewoof2-320/val/n02088364/n02088364_7050.JPEG,n02088364,162,beagle,webp,77,162,beagle,0.5467497706413269,True,19524,12218,1.5979702078899984,37.569534796191476,0.9529165643858372
imagewoof,data/imagewoof2-320/val/n02088364/n02088364_7051.JPEG,n02088364,162,beagle,webp,77,162,beagle,0.3428199887275696,True,23879,16126,1.4807763859605605,36.89175120644175,0.9283531577445521
imagewoof,data/imagewoof2-320/val/n02088364/n02088364_7062.JPEG,n02088364,162,beagle,webp,77,162,beagle,0.5583780407905579,True,42479,39386,1.0785304422891382,34.56369922956648,0.9788525230725345
imagewoof,data/imagewoof2-320/val/n02088364/n02088364_71.JPEG,n02088364,162,beagle,webp,77,162,beagle,0.19561590254306793,True,26435,20812,1.270180665000961,36.325759124810055,0.9562331647737893
imagewoof,data/imagewoof2-320/val/n02088364/n02088364_7110.JPEG,n02088364,162,beagle,webp,77,162,beagle,0.49270516633987427,True,21204,14566,1.4557187971989565,37.52259536583381,0.9630776601814839
imagewoof,data/imagewoof2-320/val/n02088364/n02088364_7160.JPEG,n02088364,162,beagle,webp,77,162,beagle,0.5447729825973511,True,23946,18172,1.317741580453445,35.75718433428754,0.9265329183530765
imagewoof,data/imagewoof2-320/val/n02088364/n02088364_7171.JPEG,n02088364,162,beagle,webp,77,166,Walker hound,0.2982950508594513,False,25705,20822,1.2345115742964172,36.511735892817995,0.9632051840466375
imagewoof,data/imagewoof2-320/val/n02088364/n02088364_72.JPEG,n02088364,162,beagle,webp,77,162,beagle,0.43519070744514465,True,13346,7764,1.718959299330242,38.32277714911013,0.9647087925074675
imagewoof,data/imagewoof2-320/val/n02088364/n02088364_7250.JPEG,n02088364,162,beagle,webp,77,162,beagle,0.10102562606334686,True,21822,15230,1.4328299409061063,36.854386594970336,0.9455928541559078
imagewoof,data/imagewoof2-320/val/n02088364/n02088364_7281.JPEG,n02088364,162,beagle,webp,77,161,basset,0.27472156286239624,False,29332,24306,1.2067802188759977,35.806518010544075,0.9606812575953718
imagewoof,data/imagewoof2-320/val/n02088364/n02088364_7322.JPEG,n02088364,162,beagle,webp,77,167,English foxhound,0.2837691009044647,False,19954,11426,1.7463679327848767,38.53566002895549,0.9689974685274053
imagewoof,data/imagewoof2-320/val/n02088364/n02088364_7340.JPEG,n02088364,162,beagle,webp,77,162,beagle,0.42518800497055054,True,18263,13146,1.3892438764643238,36.95681781454955,0.9471974781023276
imagewoof,data/imagewoof2-320/val/n02088364/n02088364_740.JPEG,n02088364,162,beagle,webp,77,162,beagle,0.2785540521144867,True,25117,18244,1.3767265950449463,36.62599064080005,0.9540449015225309
imagewoof,data/imagewoof2-320/val/n02088364/n02088364_742.JPEG,n02088364,162,beagle,webp,77,164,bluetick,0.26405632495880127,False,17871,9980,1.790681362725451,38.535589064698215,0.958340715773959
imagewoof,data/imagewoof2-320/val/n02088364/n02088364_7532.JPEG,n02088364,162,beagle,webp,77,162,beagle,0.4428062438964844,True,23165,18458,1.2550113771806264,36.20486585129059,0.9704320648383037
imagewoof,data/imagewoof2-320/val/n02088364/n02088364_7602.JPEG,n02088364,162,beagle,webp,77,162,beagle,0.3664693534374237,True,16868,10602,1.5910205621580833,37.74648618530878,0.9483838992375127
imagewoof,data/imagewoof2-320/val/n02088364/n02088364_7652.JPEG,n02088364,162,beagle,webp,77,162,beagle,0.3591960668563843,True,25638,20346,1.2601002654084341,36.449034822187684,0.9555076395853995
imagewoof,data/imagewoof2-320/val/n02088364/n02088364_7731.JPEG,n02088364,162,beagle,webp,77,167,English foxhound,0.21312730014324188,False,24508,19458,1.2595333538904308,35.99780913314005,0.961687461611444
imagewoof,data/imagewoof2-320/val/n02088364/n02088364_7751.JPEG,n02088364,162,beagle,webp,77,162,beagle,0.17711253464221954,True,29308,23450,1.2498081023454157,36.275806288778575,0.9474578501384802
imagewoof,data/imagewoof2-320/val/n02088364/n02088364_7762.JPEG,n02088364,162,beagle,webp,77,162,beagle,0.4615667760372162,True,14918,7864,1.896998982706002,38.22185566064682,0.9375881077813997
imagewoof,data/imagewoof2-320/val/n02088364/n02088364_7772.JPEG,n02088364,162,beagle,webp,77,162,beagle,0.1350383758544922,True,14175,7108,1.9942318514350028,39.76976670896021,0.9681023705083915
imagewoof,data/imagewoof2-320/val/n02088364/n02088364_780.JPEG,n02088364,162,beagle,webp,77,162,beagle,0.4219943881034851,True,45055,42420,1.062116925978312,34.150590481215936,0.9751711723560897
imagewoof,data/imagewoof2-320/val/n02088364/n02088364_7850.JPEG,n02088364,162,beagle,webp,77,162,beagle,0.27001506090164185,True,22519,15430,1.4594296824368114,37.058142277288624,0.9517639381299458
imagewoof,data/imagewoof2-320/val/n02088364/n02088364_7902.JPEG,n02088364,162,beagle,webp,77,162,beagle,0.31850719451904297,True,42480,43242,0.982378243374497,34.20052180204372,0.9710038649397482
imagewoof,data/imagewoof2-320/val/n02088364/n02088364_7910.JPEG,n02088364,162,beagle,webp,77,166,Walker hound,0.08099329471588135,False,18046,11362,1.588276711846506,37.74510122113992,0.9509759089214814
imagewoof,data/imagewoof2-320/val/n02088364/n02088364_800.JPEG,n02088364,162,beagle,webp,77,162,beagle,0.3582788407802582,True,18026,10736,1.6790238450074515,37.76053007698516,0.9474376574997819
imagewoof,data/imagewoof2-320/val/n02088364/n02088364_801.JPEG,n02088364,162,beagle,webp,77,162,beagle,0.46135279536247253,True,47077,46272,1.0173971300138314,34.24683895471696,0.9829723786442935
imagewoof,data/imagewoof2-320/val/n02088364/n02088364_8011.JPEG,n02088364,162,beagle,webp,77,162,beagle,0.20761369168758392,True,15714,9468,1.6596958174904943,37.42471831463839,0.9548304118837369
imagewoof,data/imagewoof2-320/val/n02088364/n02088364_8060.JPEG,n02088364,162,beagle,webp,77,168,redbone,0.15510194003582,False,19126,12316,1.552939265995453,37.645229064402315,0.9462459245215676
imagewoof,data/imagewoof2-320/val/n02088364/n02088364_8090.JPEG,n02088364,162,beagle,webp,77,162,beagle,0.4775887727737427,True,17017,10000,1.7017,38.0283883607058,0.9135869509238926
imagewoof,data/imagewoof2-320/val/n02088364/n02088364_8190.JPEG,n02088364,162,beagle,webp,77,162,beagle,0.22358736395835876,True,26256,20192,1.3003169572107764,36.29507928222749,0.9485954828329174
imagewoof,data/imagewoof2-320/val/n02088364/n02088364_821.JPEG,n02088364,162,beagle,webp,77,166,Walker hound,0.2393256425857544,False,33010,29986,1.100847061962249,34.882280484566,0.9579522181964162
imagewoof,data/imagewoof2-320/val/n02088364/n02088364_8470.JPEG,n02088364,162,beagle,webp,77,162,beagle,0.3800680935382843,True,22288,14716,1.5145419951073662,36.596687024296095,0.9318169508475852
imagewoof,data/imagewoof2-320/val/n02088364/n02088364_8471.JPEG,n02088364,162,beagle,webp,77,162,beagle,0.5441609621047974,True,21574,15730,1.371519389701208,36.534992978074406,0.9266698486223498
imagewoof,data/imagewoof2-320/val/n02088364/n02088364_852.JPEG,n02088364,162,beagle,webp,77,162,beagle,0.32102540135383606,True,19550,14138,1.3827981326920356,36.72269586259923,0.9512511920838606
imagewoof,data/imagewoof2-320/val/n02088364/n02088364_8572.JPEG,n02088364,162,beagle,webp,77,162,beagle,0.4922518730163574,True,32821,29394,1.1165884194053208,35.43452787010298,0.9640994041185525
imagewoof,data/imagewoof2-320/val/n02088364/n02088364_8612.JPEG,n02088364,162,beagle,webp,77,162,beagle,0.14128969609737396,True,20203,13178,1.5330854454393688,37.84988124114045,0.9629416471152267
imagewoof,data/imagewoof2-320/val/n02088364/n02088364_8632.JPEG,n02088364,162,beagle,webp,77,162,beagle,0.5653098821640015,True,31456,26690,1.178568752341701,35.211675537151066,0.9530133698117006
imagewoof,data/imagewoof2-320/val/n02088364/n02088364_8651.JPEG,n02088364,162,beagle,webp,77,162,beagle,0.3163471817970276,True,23778,16100,1.4768944099378882,37.43748682825575,0.947200229764049
imagewoof,data/imagewoof2-320/val/n02088364/n02088364_871.JPEG,n02088364,162,beagle,webp,77,162,beagle,0.3976670801639557,True,41292,39952,1.0335402482979577,34.59452837086984,0.9758400610254944
imagewoof,data/imagewoof2-320/val/n02088364/n02088364_8750.JPEG,n02088364,162,beagle,webp,77,166,Walker hound,0.20739741623401642,False,15317,9388,1.6315509160630592,37.56720573806722,0.9632387610555839
imagewoof,data/imagewoof2-320/val/n02088364/n02088364_8820.JPEG,n02088364,162,beagle,webp,77,162,beagle,0.25051915645599365,True,35300,31518,1.1199949235357574,35.68293150925059,0.9618360156044655
imagewoof,data/imagewoof2-320/val/n02088364/n02088364_8871.JPEG,n02088364,162,beagle,webp,77,162,beagle,0.3378346264362335,True,19324,10798,1.7895906649379514,38.17068551632046,0.9615406357791793
imagewoof,data/imagewoof2-320/val/n02088364/n02088364_891.JPEG,n02088364,162,beagle,webp,77,166,Walker hound,0.3300829231739044,False,21810,15482,1.4087327218705594,36.99706749916561,0.9621813586141635
imagewoof,data/imagewoof2-320/val/n02088364/n02088364_8950.JPEG,n02088364,162,beagle,webp,77,162,beagle,0.27251511812210083,True,15956,9788,1.6301593788312219,38.1202125097905,0.9648963735201145
imagewoof,data/imagewoof2-320/val/n02088364/n02088364_9021.JPEG,n02088364,162,beagle,webp,77,162,beagle,0.36869293451309204,True,26627,21846,1.2188501327474137,35.345310611691005,0.9669223254210307
imagewoof,data/imagewoof2-320/val/n02088364/n02088364_9170.JPEG,n02088364,162,beagle,webp,77,162,beagle,0.4772178530693054,True,17587,10328,1.7028466305189776,38.4359012844444,0.9607290285272846
imagewoof,data/imagewoof2-320/val/n02088364/n02088364_9172.JPEG,n02088364,162,beagle,webp,77,162,beagle,0.24814243614673615,True,22255,16048,1.3867771684945165,36.78668799049515,0.9553735261571411
imagewoof,data/imagewoof2-320/val/n02088364/n02088364_9191.JPEG,n02088364,162,beagle,webp,77,162,beagle,0.40249478816986084,True,24098,18298,1.3169745327358182,36.8757045929639,0.9475372727297203
imagewoof,data/imagewoof2-320/val/n02088364/n02088364_9220.JPEG,n02088364,162,beagle,webp,77,162,beagle,0.4788394868373871,True,31518,24154,1.3048770389997515,36.26006226323597,0.9570821027315618
imagewoof,data/imagewoof2-320/val/n02088364/n02088364_9302.JPEG,n02088364,162,beagle,webp,77,162,beagle,0.6384789943695068,True,35009,32212,1.086830994660375,34.738882387789225,0.9638314234466255
imagewoof,data/imagewoof2-320/val/n02088364/n02088364_9371.JPEG,n02088364,162,beagle,webp,77,162,beagle,0.2589848041534424,True,21982,13584,1.6182273262661955,37.20424430814758,0.9504842997530486
imagewoof,data/imagewoof2-320/val/n02088364/n02088364_941.JPEG,n02088364,162,beagle,webp,77,162,beagle,0.37067440152168274,True,44324,44266,1.0013102606966973,33.72854464113309,0.973298065617108
imagewoof,data/imagewoof2-320/val/n02088364/n02088364_9420.JPEG,n02088364,162,beagle,webp,77,162,beagle,0.6294642686843872,True,22522,16744,1.345078834209269,37.16074358319076,0.9610966025786528
imagewoof,data/imagewoof2-320/val/n02088364/n02088364_9520.JPEG,n02088364,162,beagle,webp,77,162,beagle,0.18108946084976196,True,21055,14450,1.4570934256055363,37.42520251768909,0.9645965377337807
imagewoof,data/imagewoof2-320/val/n02088364/n02088364_9602.JPEG,n02088364,162,beagle,webp,77,162,beagle,0.5912469625473022,True,36294,34770,1.0438308886971528,34.59303565406722,0.9881698140903336
imagewoof,data/imagewoof2-320/val/n02088364/n02088364_9650.JPEG,n02088364,162,beagle,webp,77,161,basset,0.19150970876216888,False,21153,15592,1.3566572601334017,37.44257253146925,0.9659425342137231
imagewoof,data/imagewoof2-320/val/n02088364/n02088364_9652.JPEG,n02088364,162,beagle,webp,77,162,beagle,0.34252798557281494,True,30304,24980,1.2131305044035228,36.40832080936842,0.9508225781027385
imagewoof,data/imagewoof2-320/val/n02088364/n02088364_9841.JPEG,n02088364,162,beagle,webp,77,162,beagle,0.4922683537006378,True,34207,29870,1.145195848677603,35.05512189681395,0.9748074065350482
imagewoof,data/imagewoof2-320/val/n02088364/n02088364_9842.JPEG,n02088364,162,beagle,webp,77,162,beagle,0.16501910984516144,True,31066,26276,1.182295630994063,35.579718397776205,0.9567804278876798
imagewoof,data/imagewoof2-320/val/n02088364/n02088364_9991.JPEG,n02088364,162,beagle,webp,77,162,beagle,0.46934711933135986,True,53023,51266,1.0342722272071159,34.100068533981094,0.9854327236969181
imagewoof,data/imagewoof2-320/val/n02089973/ILSVRC2012_val_00003671.JPEG,n02089973,167,English foxhound,webp,77,162,beagle,0.21042579412460327,False,27136,19024,1.426408746846089,36.033042641354236,0.9626306885490646
imagewoof,data/imagewoof2-320/val/n02089973/ILSVRC2012_val_00007850.JPEG,n02089973,167,English foxhound,webp,77,167,English foxhound,0.8832525610923767,True,30886,25206,1.225343172260573,35.73636055319889,0.9620925015727937
imagewoof,data/imagewoof2-320/val/n02089973/ILSVRC2012_val_00011342.JPEG,n02089973,167,English foxhound,webp,77,166,Walker hound,0.10653267800807953,False,30356,25880,1.172952086553323,35.77450731929085,0.9542779471137566
imagewoof,data/imagewoof2-320/val/n02089973/ILSVRC2012_val_00018202.JPEG,n02089973,167,English foxhound,webp,77,167,English foxhound,0.14835968613624573,True,21011,14304,1.4688898210290828,37.56797847198498,0.9601302562805278
imagewoof,data/imagewoof2-320/val/n02089973/ILSVRC2012_val_00033611.JPEG,n02089973,167,English foxhound,webp,77,166,Walker hound,0.2732864022254944,False,35534,32822,1.082627505941137,34.895318234749276,0.9665635175337309
imagewoof,data/imagewoof2-320/val/n02089973/ILSVRC2012_val_00033862.JPEG,n02089973,167,English foxhound,webp,77,210,German short-haired pointer,0.2987528443336487,False,32687,29978,1.090366268596971,34.84758326980669,0.9714464560947679
imagewoof,data/imagewoof2-320/val/n02089973/ILSVRC2012_val_00034690.JPEG,n02089973,167,English foxhound,webp,77,166,Walker hound,0.5614309906959534,False,34433,30896,1.1144808389435525,34.95225594404647,0.966542637997553
imagewoof,data/imagewoof2-320/val/n02089973/ILSVRC2012_val_00036191.JPEG,n02089973,167,English foxhound,webp,77,168,redbone,0.46013712882995605,False,25044,18136,1.3808998676665196,36.55284167910879,0.9572689363735858
imagewoof,data/imagewoof2-320/val/n02089973/ILSVRC2012_val_00043341.JPEG,n02089973,167,English foxhound,webp,77,166,Walker hound,0.3993147313594818,False,26011,20344,1.2785587888320882,36.37549747593798,0.9588932097214099
imagewoof,data/imagewoof2-320/val/n02089973/ILSVRC2012_val_00043391.JPEG,n02089973,167,English foxhound,webp,77,167,English foxhound,0.32047051191329956,True,33090,27322,1.2111119244564819,35.28739069770894,0.9715342350730238
imagewoof,data/imagewoof2-320/val/n02089973/ILSVRC2012_val_00043580.JPEG,n02089973,167,English foxhound,webp,77,167,English foxhound,0.43786317110061646,True,20731,12508,1.6574192516789255,38.05197787825073,0.9513291816371213
imagewoof,data/imagewoof2-320/val/n02089973/ILSVRC2012_val_00043610.JPEG,n02089973,167,English foxhound,webp,77,167,English foxhound,0.2535603940486908,True,23294,16256,1.4329478346456692,37.068218722169604,0.9422510565550932
imagewoof,data/imagewoof2-320/val/n02089973/ILSVRC2012_val_00049640.JPEG,n02089973,167,English foxhound,webp,77,167,English foxhound,0.42330849170684814,True,40608,39420,1.0301369863013699,34.362387946679796,0.9730425482179691
imagewoof,data/imagewoof2-320/val/n02089973/n02089973_1.JPEG,n02089973,167,English foxhound,webp,77,166,Walker hound,0.14585836231708527,False,15873,9362,1.695471053193762,38.21201241996349,0.9499230779915177
imagewoof,data/imagewoof2-320/val/n02089973/n02089973_1000.JPEG,n02089973,167,English foxhound,webp,77,167,English foxhound,0.43205562233924866,True,20549,12678,1.6208392490929169,37.18099817198127,0.9667206097682671
imagewoof,data/imagewoof2-320/val/n02089973/n02089973_10000.JPEG,n02089973,167,English foxhound,webp,77,166,Walker hound,0.4055640399456024,False,50995,48716,1.0467813449380081,33.67501054626108,0.981775582849674
imagewoof,data/imagewoof2-320/val/n02089973/n02089973_10272.JPEG,n02089973,167,English foxhound,webp,77,167,English foxhound,0.3693574368953705,True,19893,14836,1.3408600700997573,36.68983450075987,0.9543676414702329
imagewoof,data/imagewoof2-320/val/n02089973/n02089973_1030.JPEG,n02089973,167,English foxhound,webp,77,162,beagle,0.2824448347091675,False,16746,10296,1.6264568764568765,37.86428038396784,0.9653922504869955
imagewoof,data/imagewoof2-320/val/n02089973/n02089973_1040.JPEG,n02089973,167,English foxhound,webp,77,167,English foxhound,0.3341206908226013,True,12644,7048,1.793984108967083,39.73362104301582,0.9737056796589311
imagewoof,data/imagewoof2-320/val/n02089973/n02089973_10430.JPEG,n02089973,167,English foxhound,webp,77,167,English foxhound,0.5288266539573669,True,33992,22316,1.5232120451693851,38.154552895923494,0.9698215754872764
imagewoof,data/imagewoof2-320/val/n02089973/n02089973_10432.JPEG,n02089973,167,English foxhound,webp,77,166,Walker hound,0.4414472281932831,False,11734,5470,2.1451553930530163,41.10866566572466,0.9738368231242392
imagewoof,data/imagewoof2-320/val/n02089973/n02089973_10571.JPEG,n02089973,167,English foxhound,webp,77,166,Walker hound,0.22755782306194305,False,18994,11934,1.5915870621752974,39.14671953557602,0.9644131303499123
imagewoof,data/imagewoof2-320/val/n02089973/n02089973_1060.JPEG,n02089973,167,English foxhound,webp,77,167,English foxhound,0.33931389451026917,True,15934,9932,1.604309303262183,38.15507289940144,0.9566796106611148
imagewoof,data/imagewoof2-320/val/n02089973/n02089973_10790.JPEG,n02089973,167,English foxhound,webp,77,167,English foxhound,0.41783538460731506,True,19202,12128,1.583278364116095,37.6108626954361,0.9619461151463392
imagewoof,data/imagewoof2-320/val/n02089973/n02089973_11.JPEG,n02089973,167,English foxhound,webp,77,161,basset,0.20785164833068848,False,11910,6104,1.9511795543905637,40.134107699356676,0.9650402222747951
imagewoof,data/imagewoof2-320/val/n02089973/n02089973_11021.JPEG,n02089973,167,English foxhound,webp,77,164,bluetick,0.29480552673339844,False,20021,14444,1.3861118803655497,36.561174007999526,0.951708922504952
imagewoof,data/imagewoof2-320/val/n02089973/n02089973_1132.JPEG,n02089973,167,English foxhound,webp,77,167,English foxhound,0.2415475994348526,True,43729,43550,1.004110218140069,34.446549217420376,0.9764571697952368
imagewoof,data/imagewoof2-320/val/n02089973/n02089973_11392.JPEG,n02089973,167,English foxhound,webp,77,247,Saint Bernard,0.0888131856918335,False,12769,7158,1.7838781782620843,38.302856311173656,0.9466743580391713
imagewoof,data/imagewoof2-320/val/n02089973/n02089973_11432.JPEG,n02089973,167,English foxhound,webp,77,166,Walker hound,0.22587063908576965,False,31551,28394,1.1111854617172643,34.616339768748986,0.9623734012980633
imagewoof,data/imagewoof2-320/val/n02089973/n02089973_1151.JPEG,n02089973,167,English foxhound,webp,77,167,English foxhound,0.3079238533973694,True,16647,10592,1.5716578549848943,37.13475620321015,0.956432156577805
imagewoof,data/imagewoof2-320/val/n02089973/n02089973_11580.JPEG,n02089973,167,English foxhound,webp,77,168,redbone,0.34646719694137573,False,11565,6754,1.7123186259994077,39.412880122806186,0.9686929476456343
imagewoof,data/imagewoof2-320/val/n02089973/n02089973_11880.JPEG,n02089973,167,English foxhound,webp,77,167,English foxhound,0.412463515996933,True,12862,6258,2.055289229785874,39.122022341864124,0.9695134996181561
imagewoof,data/imagewoof2-320/val/n02089973/n02089973_12190.JPEG,n02089973,167,English foxhound,webp,77,167,English foxhound,0.22193710505962372,True,24790,18042,1.3740161844584857,36.22894413899421,0.9467434088290377
imagewoof,data/imagewoof2-320/val/n02089973/n02089973_12272.JPEG,n02089973,167,English foxhound,webp,77,167,English foxhound,0.5136088132858276,True,25774,17098,1.5074277693297462,36.583096245753836,0.9524520066218426
imagewoof,data/imagewoof2-320/val/n02089973/n02089973_1232.JPEG,n02089973,167,English foxhound,webp,77,167,English foxhound,0.18555988371372223,True,19131,12024,1.591067864271457,37.29718936554782,0.9507080009789138
imagewoof,data/imagewoof2-320/val/n02089973/n02089973_1241.JPEG,n02089973,167,English foxhound,webp,77,167,English foxhound,0.4448980987071991,True,12131,6474,1.8738029039233859,40.261169888750665,0.9745381343456317
imagewoof,data/imagewoof2-320/val/n02089973/n02089973_1260.JPEG,n02089973,167,English foxhound,webp,77,167,English foxhound,0.5415182113647461,True,21878,15410,1.419727449707982,36.567975315786335,0.9573784626881611
imagewoof,data/imagewoof2-320/val/n02089973/n02089973_1271.JPEG,n02089973,167,English foxhound,webp,77,167,English foxhound,0.7938351035118103,True,30795,23804,1.2936901361115778,36.08580901588378,0.9517026188930661
imagewoof,data/imagewoof2-320/val/n02089973/n02089973_1310.JPEG,n02089973,167,English foxhound,webp,77,167,English foxhound,0.5333980321884155,True,14404,8668,1.661744347023535,39.372180433825605,0.9628468977033101
imagewoof,data/imagewoof2-320/val/n02089973/n02089973_1312.JPEG,n02089973,167,English foxhound,webp,77,167,English foxhound,0.5004724860191345,True,15170,8404,1.805092812946216,37.62995281804273,0.9606935120300891
imagewoof,data/imagewoof2-320/val/n02089973/n02089973_1351.JPEG,n02089973,167,English foxhound,webp,77,167,English foxhound,0.5108474493026733,True,27656,17934,1.542098806735809,36.8729440618475,0.9634333286646027
imagewoof,data/imagewoof2-320/val/n02089973/n02089973_1352.JPEG,n02089973,167,English foxhound,webp,77,167,English foxhound,0.48237302899360657,True,28720,21904,1.3111760409057707,36.21636617463011,0.9594050850318814
imagewoof,data/imagewoof2-320/val/n02089973/n02089973_1381.JPEG,n02089973,167,English foxhound,webp,77,167,English foxhound,0.5481665730476379,True,16017,9682,1.6543069613716175,37.99551663259605,0.9651062981506261
imagewoof,data/imagewoof2-320/val/n02089973/n02089973_1392.JPEG,n02089973,167,English foxhound,webp,77,167,English foxhound,0.1346963346004486,True,20999,14170,1.4819336626676076,37.960860072746556,0.9776476871474773
imagewoof,data/imagewoof2-320/val/n02089973/n02089973_140.JPEG,n02089973,167,English foxhound,webp,77,167,English foxhound,0.4486578702926636,True,13203,6914,1.9096037026323402,39.658498506295714,0.9543822367014646
imagewoof,data/imagewoof2-320/val/n02089973/n02089973_1460.JPEG,n02089973,167,English foxhound,webp,77,167,English foxhound,0.5221262574195862,True,13882,8594,1.6153130090760996,37.86835458994647,0.9619559381902375
imagewoof,data/imagewoof2-320/val/n02089973/n02089973_1472.JPEG,n02089973,167,English foxhound,webp,77,167,English foxhound,0.6653231382369995,True,16526,8950,1.8464804469273743,38.53763634743772,0.9744881102788968
imagewoof,data/imagewoof2-320/val/n02089973/n02089973_1480.JPEG,n02089973,167,English foxhound,webp,77,167,English foxhound,0.24693869054317474,True,26761,21940,1.219735642661805,36.08021516786815,0.960234150117444
imagewoof,data/imagewoof2-320/val/n02089973/n02089973_1490.JPEG,n02089973,167,English foxhound,webp,77,167,English foxhound,0.44006815552711487,True,42128,42038,1.0021409201198914,34.45821894810421,0.9729666635856935
imagewoof,data/imagewoof2-320/val/n02089973/n02089973_1492.JPEG,n02089973,167,English foxhound,webp,77,166,Walker hound,0.2901853024959564,False,17593,10470,1.6803247373447947,38.057338467498376,0.9450003367011662
imagewoof,data/imagewoof2-320/val/n02089973/n02089973_1501.JPEG,n02089973,167,English foxhound,webp,77,167,English foxhound,0.6585558652877808,True,19063,13442,1.4181669394435352,37.99344673684507,0.9745652982433999
imagewoof,data/imagewoof2-320/val/n02089973/n02089973_1522.JPEG,n02089973,167,English foxhound,webp,77,167,English foxhound,0.45337116718292236,True,10430,5468,1.907461594732992,40.981028478618924,0.971913628206794
imagewoof,data/imagewoof2-320/val/n02089973/n02089973_1602.JPEG,n02089973,167,English foxhound,webp,77,167,English foxhound,0.6893652677536011,True,38301,37112,1.032038154774736,34.580064345689145,0.9673825022832588
imagewoof,data/imagewoof2-320/val/n02089973/n02089973_161.JPEG,n02089973,167,English foxhound,webp,77,159,Rhodesian ridgeback,0.4962008595466614,False,25491,21078,1.209365214916026,35.37632598308198,0.9742831550332792
imagewoof,data/imagewoof2-320/val/n02089973/n02089973_1641.JPEG,n02089973,167,English foxhound,webp,77,167,English foxhound,0.14959260821342468,True,39701,34110,1.1639108765757842,35.06150115249008,0.974553467603696
imagewoof,data/imagewoof2-320/val/n02089973/n02089973_1642.JPEG,n02089973,167,English foxhound,webp,77,167,English foxhound,0.4776420295238495,True,11268,4854,2.3213844252163165,41.38389422425828,0.9750619170302497
imagewoof,data/imagewoof2-320/val/n02089973/n02089973_1651.JPEG,n02089973,167,English foxhound,webp,77,167,English foxhound,0.5841214656829834,True,9577,4382,2.1855317206754905,40.1965994554902,0.9729258570372782
imagewoof,data/imagewoof2-320/val/n02089973/n02089973_1690.JPEG,n02089973,167,English foxhound,webp,77,167,English foxhound,0.5943560004234314,True,18358,11152,1.6461621233859398,37.59162804297417,0.95813359123665
imagewoof,data/imagewoof2-320/val/n02089973/n02089973_1701.JPEG,n02089973,167,English foxhound,webp,77,167,English foxhound,0.46426719427108765,True,36534,32866,1.1116046978640541,34.6530222836754,0.9687041917111072
imagewoof,data/imagewoof2-320/val/n02089973/n02089973_1762.JPEG,n02089973,167,English foxhound,webp,77,167,English foxhound,0.28052106499671936,True,16139,10342,1.560529878166699,37.64819754221118,0.9616390231531081
imagewoof,data/imagewoof2-320/val/n02089973/n02089973_1841.JPEG,n02089973,167,English foxhound,webp,77,167,English foxhound,0.4644557237625122,True,21906,15822,1.3845278725824801,36.33429713410529,0.9592453566500464
imagewoof,data/imagewoof2-320/val/n02089973/n02089973_1870.JPEG,n02089973,167,English foxhound,webp,77,167,English foxhound,0.4046245515346527,True,14311,8056,1.7764399205561072,39.09197795000863,0.9663542107747762
imagewoof,data/imagewoof2-320/val/n02089973/n02089973_1890.JPEG,n02089973,167,English foxhound,webp,77,167,English foxhound,0.33047083020210266,True,25314,18766,1.3489289139933922,37.13454346943454,0.9667556041404173
imagewoof,data/imagewoof2-320/val/n02089973/n02089973_1911.JPEG,n02089973,167,English foxhound,webp,77,167,English foxhound,0.43220505118370056,True,13810,6388,2.161865998747652,39.45876231381333,0.9686088818400655
imagewoof,data/imagewoof2-320/val/n02089973/n02089973_1912.JPEG,n02089973,167,English foxhound,webp,77,166,Walker hound,0.316005676984787,False,15760,9160,1.720524017467249,38.00276913962684,0.9339482570534177
imagewoof,data/imagewoof2-320/val/n02089973/n02089973_2.JPEG,n02089973,167,English foxhound,webp,77,167,English foxhound,0.14870496094226837,True,16125,9486,1.6998734977862113,39.69566147150329,0.9613759865054057
imagewoof,data/imagewoof2-320/val/n02089973/n02089973_2062.JPEG,n02089973,167,English foxhound,webp,77,167,English foxhound,0.25585323572158813,True,20750,14074,1.4743498649992894,36.81089251783713,0.9683869158900701
imagewoof,data/imagewoof2-320/val/n02089973/n02089973_2072.JPEG,n02089973,167,English foxhound,webp,77,167,English foxhound,0.4373447299003601,True,11088,6456,1.7174721189591078,39.54508311236224,0.9722957163625333
imagewoof,data/imagewoof2-320/val/n02089973/n02089973_2110.JPEG,n02089973,167,English foxhound,webp,77,167,English foxhound,0.29641327261924744,True,18939,13588,1.3938033559022667,36.37785472585796,0.9585549083241377
imagewoof,data/imagewoof2-320/val/n02089973/n02089973_2112.JPEG,n02089973,167,English foxhound,webp,77,167,English foxhound,0.20274293422698975,True,14979,8946,1.6743796109993294,39.70261515508245,0.9735534210482014
imagewoof,data/imagewoof2-320/val/n02089973/n02089973_2131.JPEG,n02089973,167,English foxhound,webp,77,162,beagle,0.2516021728515625,False,14412,7888,1.827079107505071,39.70782684495988,0.9663471113808576
imagewoof,data/imagewoof2-320/val/n02089973/n02089973_2150.JPEG,n02089973,167,English foxhound,webp,77,167,English foxhound,0.338333398103714,True,22302,13596,1.6403353927625772,38.42642079754394,0.9560691231284707
imagewoof,data/imagewoof2-320/val/n02089973/n02089973_2151.JPEG,n02089973,167,English foxhound,webp,77,167,English foxhound,0.531425952911377,True,17000,10200,1.6666666666666667,38.06280840212415,0.9586258502248305
imagewoof,data/imagewoof2-320/val/n02089973/n02089973_2181.JPEG,n02089973,167,English foxhound,webp,77,162,beagle,0.24800275266170502,False,18999,12920,1.4705108359133128,36.7981443296498,0.954285037480426
imagewoof,data/imagewoof2-320/val/n02089973/n02089973_2211.JPEG,n02089973,167,English foxhound,webp,77,166,Walker hound,0.1956004947423935,False,27644,21178,1.3053168382283502,35.3061129082637,0.9648632967899337
imagewoof,data/imagewoof2-320/val/n02089973/n02089973_2300.JPEG,n02089973,167,English foxhound,webp,77,166,Walker hound,0.3232080936431885,False,16153,9058,1.7832854934864208,38.88401816154229,0.958658723031005
imagewoof,data/imagewoof2-320/val/n02089973/n02089973_2302.JPEG,n02089973,167,English foxhound,webp,77,210,German short-haired pointer,0.14021152257919312,False,19048,12392,1.537120723047127,38.12717248670064,0.9671271216267515
imagewoof,data/imagewoof2-320/val/n02089973/n02089973_2321.JPEG,n02089973,167,English foxhound,webp,77,167,English foxhound,0.5358624458312988,True,13979,7830,1.7853128991060025,38.7720456927081,0.9662268308572918
imagewoof,data/imagewoof2-320/val/n02089973/n02089973_2322.JPEG,n02089973,167,English foxhound,webp,77,167,English foxhound,0.5350968837738037,True,18701,11052,1.692091929062613,38.35827852570786,0.9598331929200263
imagewoof,data/imagewoof2-320/val/n02089973/n02089973_2331.JPEG,n02089973,167,English foxhound,webp,77,167,English foxhound,0.3244752287864685,True,24693,20270,1.2182042427232362,35.89546339325429,0.9585118894717497
imagewoof,data/imagewoof2-320/val/n02089973/n02089973_2372.JPEG,n02089973,167,English foxhound,webp,77,166,Walker hound,0.30949854850769043,False,13967,8288,1.685207528957529,40.030311897475485,0.9731824940828191
imagewoof,data/imagewoof2-320/val/n02089973/n02089973_2411.JPEG,n02089973,167,English foxhound,webp,77,167,English foxhound,0.2967497408390045,True,38617,33992,1.1360614262179336,35.43056805632099,0.9701843500900241
imagewoof,data/imagewoof2-320/val/n02089973/n02089973_2451.JPEG,n02089973,167,English foxhound,webp,77,167,English foxhound,0.4890238642692566,True,10436,5712,1.82703081232493,39.665213797293376,0.9666998728374262
imagewoof,data/imagewoof2-320/val/n02089973/n02089973_2500.JPEG,n02089973,167,English foxhound,webp,77,167,English foxhound,0.634436309337616,True,46021,39936,1.1523687900641026,35.592917675572416,0.9709681654990127
imagewoof,data/imagewoof2-320/val/n02089973/n02089973_251.JPEG,n02089973,167,English foxhound,webp,77,167,English foxhound,0.3184305429458618,True,16000,9600,1.6666666666666667,36.807249614863856,0.9425727782503288
imagewoof,data/imagewoof2-320/val/n02089973/n02089973_2551.JPEG,n02089973,167,English foxhound,webp,77,167,English foxhound,0.5160728096961975,True,16169,9366,1.726350629938074,38.81088288173006,0.9573379594526359
imagewoof,data/imagewoof2-320/val/n02089973/n02089973_2560.JPEG,n02089973,167,English foxhound,webp,77,167,English foxhound,0.6390385031700134,True,28775,24954,1.1531217440089765,35.92555242486319,0.963881569217433
imagewoof,data/imagewoof2-320/val/n02089973/n02089973_2651.JPEG,n02089973,167,English foxhound,webp,77,167,English foxhound,0.509347677230835,True,17203,10022,1.7165236479744561,38.34141951483677,0.9608556400016379
imagewoof,data/imagewoof2-320/val/n02089973/n02089973_2681.JPEG,n02089973,167,English foxhound,webp,77,162,beagle,0.2704024016857147,False,19216,12466,1.541472806032408,37.10679524283662,0.9540161040534604
imagewoof,data/imagewoof2-320/val/n02089973/n02089973_270.JPEG,n02089973,167,English foxhound,webp,77,167,English foxhound,0.3299414813518524,True,25866,20264,1.276450848795894,35.51267508500786,0.9538929496369665
imagewoof,data/imagewoof2-320/val/n02089973/n02089973_2701.JPEG,n02089973,167,English foxhound,webp,77,167,English foxhound,0.16924774646759033,True,24179,17440,1.3864105504587156,36.6182751502931,0.974167882364152
imagewoof,data/imagewoof2-320/val/n02089973/n02089973_2740.JPEG,n02089973,167,English foxhound,webp,77,167,English foxhound,0.6323814392089844,True,13466,6714,2.0056598153112897,40.15280563573097,0.9730220804200961
imagewoof,data/imagewoof2-320/val/n02089973/n02089973_2761.JPEG,n02089973,167,English foxhound,webp,77,166,Walker hound,0.21374918520450592,False,19083,12750,1.496705882352941,36.71791804876242,0.9518932380734121
imagewoof,data/imagewoof2-320/val/n02089973/n02089973_2781.JPEG,n02089973,167,English foxhound,webp,77,167,English foxhound,0.7832880616188049,True,20296,13696,1.481892523364486,36.70329957367312,0.9643404148310522
imagewoof,data/imagewoof2-320/val/n02089973/n02089973_2791.JPEG,n02089973,167,English foxhound,webp,77,167,English foxhound,0.6061878204345703,True,38496,37684,1.021547606411209,34.62997165466513,0.9684813234368881
imagewoof,data/imagewoof2-320/val/n02089973/n02089973_2810.JPEG,n02089973,167,English foxhound,webp,77,162,beagle,0.21382270753383636,False,16509,10000,1.6509,38.58431049157412,0.9573584144346353
imagewoof,data/imagewoof2-320/val/n02089973/n02089973_2860.JPEG,n02089973,167,English foxhound,webp,77,159,Rhodesian ridgeback,0.4435553252696991,False,17012,11994,1.4183758545939638,37.4120939223855,0.9732949951308623
imagewoof,data/imagewoof2-320/val/n02089973/n02089973_2890.JPEG,n02089973,167,English foxhound,webp,77,166,Walker hound,0.39724045991897583,False,11140,5508,2.0225127087872186,40.16125745798302,0.9626146235702704
imagewoof,data/imagewoof2-320/val/n02089973/n02089973_2931.JPEG,n02089973,167,English foxhound,webp,77,164,bluetick,0.09645497053861618,False,32033,27552,1.1626379210220674,35.84946830501649,0.972624756401633
imagewoof,data/imagewoof2-320/val/n02089973/n02089973_2982.JPEG,n02089973,167,English foxhound,webp,77,167,English foxhound,0.08361482620239258,True,15386,10480,1.4681297709923664,38.446766182037436,0.9769925738354681
imagewoof,data/imagewoof2-320/val/n02089973/n02089973_3040.JPEG,n02089973,167,English foxhound,webp,77,167,English foxhound,0.3200816214084625,True,21376,13652,1.565777907998828,37.450323542873896,0.9525505502314319
imagewoof,data/imagewoof2-320/val/n02089973/n02089973_3120.JPEG,n02089973,167,English foxhound,webp,77,167,English foxhound,0.4282185435295105,True,25522,18576,1.3739233419465977,36.74044250034485,0.9642960800025474
imagewoof,data/imagewoof2-320/val/n02089973/n02089973_3152.JPEG,n02089973,167,English foxhound,webp,77,210,German short-haired pointer,0.16719508171081543,False,16528,10766,1.5352034181683076,37.289005535679244,0.9555389736666463
imagewoof,data/imagewoof2-320/val/n02089973/n02089973_3160.JPEG,n02089973,167,English foxhound,webp,77,167,English foxhound,0.47621411085128784,True,20950,15502,1.3514385240614115,36.39549135663124,0.9675038961968804
imagewoof,data/imagewoof2-320/val/n02089973/n02089973_32.JPEG,n02089973,167,English foxhound,webp,77,167,English foxhound,0.37172529101371765,True,28875,22286,1.2956564659427443,36.076165723259344,0.9600146809043393
imagewoof,data/imagewoof2-320/val/n02089973/n02089973_3270.JPEG,n02089973,167,English foxhound,webp,77,167,English foxhound,0.974953830242157,True,33637,26422,1.2730678979638181,35.970436920960594,0.9673212643516536
imagewoof,data/imagewoof2-320/val/n02089973/n02089973_3272.JPEG,n02089973,167,English foxhound,webp,77,166,Walker hound,0.16644348204135895,False,21571,14390,1.4990271021542738,37.37241979659505,0.9544420968933472
imagewoof,data/imagewoof2-320/val/n02089973/n02089973_3291.JPEG,n02089973,167,English foxhound,webp,77,167,English foxhound,0.2530214488506317,True,19576,11528,1.6981263011797363,38.232269123288916,0.9638637880138128
imagewoof,data/imagewoof2-320/val/n02089973/n02089973_3312.JPEG,n02089973,167,English foxhound,webp,77,167,English foxhound,0.4894081950187683,True,19560,12556,1.5578209620898376,37.80129514940114,0.9650382157603081
imagewoof,data/imagewoof2-320/val/n02089973/n02089973_3351.JPEG,n02089973,167,English foxhound,webp,77,167,English foxhound,0.5141473412513733,True,15265,8636,1.767600741083835,38.10605343105279,0.9607380175906993
imagewoof,data/imagewoof2-320/val/n02089973/n02089973_3401.JPEG,n02089973,167,English foxhound,webp,77,167,English foxhound,0.5449049472808838,True,23588,17116,1.3781257303108203,37.23563624428139,0.9607436108084889
imagewoof,data/imagewoof2-320/val/n02089973/n02089973_3420.JPEG,n02089973,167,English foxhound,webp,77,167,English foxhound,0.5403124690055847,True,22360,13934,1.6047079087125018,37.67798947869458,0.9531877497005046
imagewoof,data/imagewoof2-320/val/n02089973/n02089973_3440.JPEG,n02089973,167,English foxhound,webp,77,167,English foxhound,0.32358571887016296,True,14905,7942,1.8767313019390581,39.400755710686525,0.9743684504169566
imagewoof,data/imagewoof2-320/val/n02089973/n02089973_3480.JPEG,n02089973,167,English foxhound,webp,77,167,English foxhound,0.35643085837364197,True,21375,14426,1.4816997088590045,38.18706547826696,0.9639931618378644
imagewoof,data/imagewoof2-320/val/n02089973/n02089973_3571.JPEG,n02089973,167,English foxhound,webp,77,166,Walker hound,0.23168180882930756,False,11661,5776,2.018871191135734,39.93686047021805,0.9736469292259476
imagewoof,data/imagewoof2-320/val/n02089973/n02089973_362.JPEG,n02089973,167,English foxhound,webp,77,167,English foxhound,0.5031949281692505,True,14744,8600,1.7144186046511627,38.162286932000015,0.9603260082905317
imagewoof,data/imagewoof2-320/val/n02089973/n02089973_3620.JPEG,n02089973,167,English foxhound,webp,77,167,English foxhound,0.571401059627533,True,16533,9216,1.7939453125,39.29905874965627,0.9633262789652038
imagewoof,data/imagewoof2-320/val/n02089973/n02089973_3651.JPEG,n02089973,167,English foxhound,webp,77,167,English foxhound,0.6728869080543518,True,30989,18560,1.669665948275862,37.83128596510283,0.9612648595964951
imagewoof,data/imagewoof2-320/val/n02089973/n02089973_3671.JPEG,n02089973,167,English foxhound,webp,77,167,English foxhound,0.38667792081832886,True,36641,32992,1.1106025703200777,35.29926345570394,0.9644980865319243
imagewoof,data/imagewoof2-320/val/n02089973/n02089973_3721.JPEG,n02089973,167,English foxhound,webp,77,167,English foxhound,0.6126054525375366,True,17883,10902,1.6403412217941662,37.705573929476174,0.9611781837534833
imagewoof,data/imagewoof2-320/val/n02089973/n02089973_382.JPEG,n02089973,167,English foxhound,webp,77,167,English foxhound,0.5724867582321167,True,18118,11276,1.6067754522880453,37.48908532867545,0.9523399738526092
imagewoof,data/imagewoof2-320/val/n02089973/n02089973_3820.JPEG,n02089973,167,English foxhound,webp,77,167,English foxhound,0.42790088057518005,True,24484,18914,1.2944908533361532,35.99245099942199,0.9708804469780064
imagewoof,data/imagewoof2-320/val/n02089973/n02089973_3860.JPEG,n02089973,167,English foxhound,webp,77,167,English foxhound,0.33717718720436096,True,33938,31690,1.0709372041653518,34.11349220716546,0.9694325781909329
imagewoof,data/imagewoof2-320/val/n02089973/n02089973_3862.JPEG,n02089973,167,English foxhound,webp,77,166,Walker hound,0.21111232042312622,False,20883,13608,1.5346119929453264,37.70322470733876,0.9627179951312218
imagewoof,data/imagewoof2-320/val/n02089973/n02089973_3891.JPEG,n02089973,167,English foxhound,webp,77,167,English foxhound,0.5527546405792236,True,15174,8644,1.7554372975474317,39.213449464221235,0.9661669494413169
imagewoof,data/imagewoof2-320/val/n02089973/n02089973_3920.JPEG,n02089973,167,English foxhound,webp,77,167,English foxhound,0.8676064014434814,True,50120,41988,1.1936743831570924,35.0068264903565,0.9674529863576554
imagewoof,data/imagewoof2-320/val/n02089973/n02089973_3981.JPEG,n02089973,167,English foxhound,webp,77,167,English foxhound,0.5825757384300232,True,13970,8712,1.6035353535353536,38.51983537985135,0.9729565431948798
imagewoof,data/imagewoof2-320/val/n02089973/n02089973_3982.JPEG,n02089973,167,English foxhound,webp,77,167,English foxhound,0.39886799454689026,True,15409,9358,1.6466125240435991,38.48440108667245,0.9576220637982074
imagewoof,data/imagewoof2-320/val/n02089973/n02089973_4010.JPEG,n02089973,167,English foxhound,webp,77,167,English foxhound,0.4766969084739685,True,30534,26826,1.1382241109371505,34.71175920828657,0.9653330691856303
imagewoof,data/imagewoof2-320/val/n02089973/n02089973_4121.JPEG,n02089973,167,English foxhound,webp,77,173,Ibizan hound,0.18375897407531738,False,24069,19486,1.23519449861439,35.98709829879904,0.9571924750624908
imagewoof,data/imagewoof2-320/val/n02089973/n02089973_4202.JPEG,n02089973,167,English foxhound,webp,77,167,English foxhound,0.5740561485290527,True,16440,10876,1.511585141596175,37.849582171210805,0.958534458192091
imagewoof,data/imagewoof2-320/val/n02089973/n02089973_4292.JPEG,n02089973,167,English foxhound,webp,77,167,English foxhound,0.2240033894777298,True,26656,19074,1.3975044563279857,36.96354644295915,0.96481836824982
imagewoof,data/imagewoof2-320/val/n02089973/n02089973_432.JPEG,n02089973,167,English foxhound,webp,77,167,English foxhound,0.6073895692825317,True,25642,17646,1.4531338546979486,37.61948660386925,0.9652083196356677
imagewoof,data/imagewoof2-320/val/n02089973/n02089973_4410.JPEG,n02089973,167,English foxhound,webp,77,167,English foxhound,0.4084602892398834,True,24501,17740,1.3811161217587373,36.33230375551583,0.9431565478213394
imagewoof,data/imagewoof2-320/val/n02089973/n02089973_4511.JPEG,n02089973,167,English foxhound,webp,77,162,beagle,0.2964645028114319,False,10673,5430,1.9655616942909762,39.566841564899086,0.9752675657101998
imagewoof,data/imagewoof2-320/val/n02089973/n02089973_4562.JPEG,n02089973,167,English foxhound,webp,77,167,English foxhound,0.529931902885437,True,47720,47170,1.0116599533601867,34.49511136853412,0.9836677032817148
imagewoof,data/imagewoof2-320/val/n02089973/n02089973_460.JPEG,n02089973,167,English foxhound,webp,77,167,English foxhound,0.16699786484241486,True,19237,12260,1.5690864600326264,38.756446660513795,0.9710600164990014
imagewoof,data/imagewoof2-320/val/n02089973/n02089973_4612.JPEG,n02089973,167,English foxhound,webp,77,167,English foxhound,0.7616667747497559,True,41981,39710,1.0571896247796524,34.68980004888634,0.9758157614889987
imagewoof,data/imagewoof2-320/val/n02089973/n02089973_4621.JPEG,n02089973,167,English foxhound,webp,77,167,English foxhound,0.5235875844955444,True,27355,19580,1.3970888661899898,37.09552009534532,0.9626597931011159
imagewoof,data/imagewoof2-320/val/n02089973/n02089973_470.JPEG,n02089973,167,English foxhound,webp,77,167,English foxhound,0.6596649289131165,True,16605,10436,1.5911268685320046,37.08363938549069,0.953159324409315
imagewoof,data/imagewoof2-320/val/n02089973/n02089973_4702.JPEG,n02089973,167,English foxhound,webp,77,167,English foxhound,0.5715478658676147,True,23451,16708,1.4035791237730428,36.96643421811131,0.9631304048203999
imagewoof,data/imagewoof2-320/val/n02089973/n02089973_4780.JPEG,n02089973,167,English foxhound,webp,77,167,English foxhound,0.6662407517433167,True,39189,33438,1.1719899515521264,35.237492636035654,0.9707773693066969
imagewoof,data/imagewoof2-320/val/n02089973/n02089973_4810.JPEG,n02089973,167,English foxhound,webp,77,167,English foxhound,0.3773353695869446,True,25220,22666,1.11267978469955,35.40586210141528,0.9623805995512988
imagewoof,data/imagewoof2-320/val/n02089973/n02089973_4820.JPEG,n02089973,167,English foxhound,webp,77,166,Walker hound,0.21786512434482574,False,17704,11788,1.501866304716661,37.71370661421106,0.968076566178166
imagewoof,data/imagewoof2-320/val/n02089973/n02089973_4852.JPEG,n02089973,167,English foxhound,webp,77,167,English foxhound,0.6932729482650757,True,15200,9514,1.5976455749421905,37.15571796043442,0.9580758330372413
imagewoof,data/imagewoof2-320/val/n02089973/n02089973_4881.JPEG,n02089973,167,English foxhound,webp,77,167,English foxhound,0.08833186328411102,True,16068,10482,1.532913566113337,39.64871458945203,0.963663408955695
imagewoof,data/imagewoof2-320/val/n02089973/n02089973_4891.JPEG,n02089973,167,English foxhound,webp,77,167,English foxhound,0.4862462878227234,True,25458,19216,1.3248334721065778,34.91842892201715,0.9478093138195307
imagewoof,data/imagewoof2-320/val/n02089973/n02089973_491.JPEG,n02089973,167,English foxhound,webp,77,167,English foxhound,0.42922601103782654,True,16464,10028,1.6418029517351416,37.973952993175814,0.9625947572156758
imagewoof,data/imagewoof2-320/val/n02089973/n02089973_4911.JPEG,n02089973,167,English foxhound,webp,77,167,English foxhound,0.3149557411670685,True,29345,25342,1.157959119248678,35.86885904830913,0.9582383724612488
imagewoof,data/imagewoof2-320/val/n02089973/n02089973_4941.JPEG,n02089973,167,English foxhound,webp,77,167,English foxhound,0.2549460232257843,True,14204,8952,1.5866845397676497,38.851240253862656,0.968913067118264
imagewoof,data/imagewoof2-320/val/n02089973/n02089973_4960.JPEG,n02089973,167,English foxhound,webp,77,167,English foxhound,0.9335426688194275,True,28064,17654,1.589668063894868,37.815796338010045,0.969583425810665
imagewoof,data/imagewoof2-320/val/n02089973/n02089973_4962.JPEG,n02089973,167,English foxhound,webp,77,167,English foxhound,0.738423228263855,True,38678,36146,1.0700492447297072,35.0223118556411,0.9727997472108841
imagewoof,data/imagewoof2-320/val/n02089973/n02089973_4981.JPEG,n02089973,167,English foxhound,webp,77,167,English foxhound,0.28385910391807556,True,34446,31918,1.0792029575787956,34.646477013603146,0.9641976691304075
imagewoof,data/imagewoof2-320/val/n02089973/n02089973_5042.JPEG,n02089973,167,English foxhound,webp,77,167,English foxhound,0.7111175656318665,True,43049,39878,1.0795175284618086,34.73795492130868,0.9733599298241451
imagewoof,data/imagewoof2-320/val/n02089973/n02089973_5090.JPEG,n02089973,167,English foxhound,webp,77,167,English foxhound,0.8610901832580566,True,36081,28160,1.2812855113636363,36.22109541809604,0.9695920452107991
imagewoof,data/imagewoof2-320/val/n02089973/n02089973_5102.JPEG,n02089973,167,English foxhound,webp,77,167,English foxhound,0.4398401379585266,True,10239,5164,1.9827652982184354,39.64704793311878,0.9697345155956058
imagewoof,data/imagewoof2-320/val/n02089973/n02089973_5141.JPEG,n02089973,167,English foxhound,webp,77,172,whippet,0.14641441404819489,False,26768,22240,1.2035971223021582,35.510309839696525,0.9653514040091467
imagewoof,data/imagewoof2-320/val/n02089973/n02089973_522.JPEG,n02089973,167,English foxhound,webp,77,167,English foxhound,0.3617975115776062,True,17137,10194,1.6810869138709044,38.52692267330526,0.9643959201169894
imagewoof,data/imagewoof2-320/val/n02089973/n02089973_5262.JPEG,n02089973,167,English foxhound,webp,77,167,English foxhound,0.27137789130210876,True,24997,20028,1.2481026562812063,35.33794092114719,0.9713803053134961
imagewoof,data/imagewoof2-320/val/n02089973/n02089973_5291.JPEG,n02089973,167,English foxhound,webp,77,166,Walker hound,0.4942127466201782,False,39287,36682,1.071015757047053,35.00558742506722,0.9760293308812181
imagewoof,data/imagewoof2-320/val/n02089973/n02089973_5340.JPEG,n02089973,167,English foxhound,webp,77,167,English foxhound,0.7167783379554749,True,20330,14456,1.4063364692861096,36.88368468307773,0.9765928830842644
imagewoof,data/imagewoof2-320/val/n02089973/n02089973_5341.JPEG,n02089973,167,English foxhound,webp,77,162,beagle,0.2472318708896637,False,17241,10236,1.6843493552168816,38.8677335522385,0.9655417078112203
imagewoof,data/imagewoof2-320/val/n02089973/n02089973_5351.JPEG,n02089973,167,English foxhound,webp,77,167,English foxhound,0.5921078324317932,True,36401,32434,1.1223099216871184,35.29560436896393,0.9711561132182825
imagewoof,data/imagewoof2-320/val/n02089973/n02089973_5422.JPEG,n02089973,167,English foxhound,webp,77,216,clumber,0.30877062678337097,False,14481,7586,1.9089111521223305,39.69147626751624,0.9599925946174102
imagewoof,data/imagewoof2-320/val/n02089973/n02089973_5461.JPEG,n02089973,167,English foxhound,webp,77,212,English setter,0.10254301130771637,False,43930,44296,0.9917374029257721,34.16581979911313,0.9722112905628771
imagewoof,data/imagewoof2-320/val/n02089973/n02089973_5582.JPEG,n02089973,167,English foxhound,webp,77,167,English foxhound,0.42641937732696533,True,18665,11244,1.6599964425471363,38.28380096591094,0.9534752760372028
imagewoof,data/imagewoof2-320/val/n02089973/n02089973_5641.JPEG,n02089973,167,English foxhound,webp,77,166,Walker hound,0.27160128951072693,False,20857,16442,1.2685196448120666,36.1705070178825,0.9655574835758917
imagewoof,data/imagewoof2-320/val/n02089973/n02089973_5670.JPEG,n02089973,167,English foxhound,webp,77,253,basenji,0.15152354538440704,False,13193,8274,1.5945129320763838,39.36432832758422,0.9628515004262511
imagewoof,data/imagewoof2-320/val/n02089973/n02089973_5710.JPEG,n02089973,167,English foxhound,webp,77,166,Walker hound,0.18972148001194,False,28223,20676,1.3650125749661444,36.188812296179755,0.9680102414337249
imagewoof,data/imagewoof2-320/val/n02089973/n02089973_5732.JPEG,n02089973,167,English foxhound,webp,77,167,English foxhound,0.5509625673294067,True,39736,36568,1.086633121855174,34.680835818293616,0.9694874376074023
imagewoof,data/imagewoof2-320/val/n02089973/n02089973_5782.JPEG,n02089973,167,English foxhound,webp,77,167,English foxhound,0.32159343361854553,True,15280,7720,1.9792746113989637,40.237905336671076,0.9704406178273081
imagewoof,data/imagewoof2-320/val/n02089973/n02089973_5811.JPEG,n02089973,167,English foxhound,webp,77,167,English foxhound,0.4784850776195526,True,27409,20286,1.3511288573400375,36.81622100761385,0.9542001468248872
imagewoof,data/imagewoof2-320/val/n02089973/n02089973_5871.JPEG,n02089973,167,English foxhound,webp,77,167,English foxhound,0.08192373067140579,True,11060,5918,1.8688746198039878,39.024693842192676,0.9643938174362999
imagewoof,data/imagewoof2-320/val/n02089973/n02089973_5900.JPEG,n02089973,167,English foxhound,webp,77,162,beagle,0.13474121689796448,False,29465,25530,1.154132393262828,35.66890746007181,0.9626848923769439
imagewoof,data/imagewoof2-320/val/n02089973/n02089973_5901.JPEG,n02089973,167,English foxhound,webp,77,167,English foxhound,0.18128590285778046,True,44781,44680,1.0022605192479856,34.412135159280126,0.9747443602397964
imagewoof,data/imagewoof2-320/val/n02089973/n02089973_5981.JPEG,n02089973,167,English foxhound,webp,77,166,Walker hound,0.14525143802165985,False,18474,10320,1.7901162790697673,38.96645384719192,0.9687434146469406
imagewoof,data/imagewoof2-320/val/n02089973/n02089973_6012.JPEG,n02089973,167,English foxhound,webp,77,166,Walker hound,0.18549256026744843,False,13007,6930,1.8769119769119769,38.914146384456075,0.957535131516489
imagewoof,data/imagewoof2-320/val/n02089973/n02089973_6061.JPEG,n02089973,167,English foxhound,webp,77,167,English foxhound,0.7299450635910034,True,27200,20582,1.3215430959090468,35.862249817678,0.9553143097167568
imagewoof,data/imagewoof2-320/val/n02089973/n02089973_6072.JPEG,n02089973,167,English foxhound,webp,77,167,English foxhound,0.5627869367599487,True,17197,11686,1.471589936676365,37.43805840153974,0.9636212227059763
imagewoof,data/imagewoof2-320/val/n02089973/n02089973_6100.JPEG,n02089973,167,English foxhound,webp,77,167,English foxhound,0.4113337993621826,True,22269,15192,1.4658372827804107,37.469322229374235,0.9585867097092861
imagewoof,data/imagewoof2-320/val/n02089973/n02089973_612.JPEG,n02089973,167,English foxhound,webp,77,166,Walker hound,0.33584824204444885,False,28270,22102,1.2790697674418605,36.169991225119105,0.9715737364084703
imagewoof,data/imagewoof2-320/val/n02089973/n02089973_6171.JPEG,n02089973,167,English foxhound,webp,77,167,English foxhound,0.5218819975852966,True,31832,29990,1.0614204734911636,34.72626002499953,0.9630553667338484
imagewoof,data/imagewoof2-320/val/n02089973/n02089973_6192.JPEG,n02089973,167,English foxhound,webp,77,167,English foxhound,0.19595937430858612,True,31380,24004,1.3072821196467255,35.6946880188786,0.9635180388241437
imagewoof,data/imagewoof2-320/val/n02089973/n02089973_620.JPEG,n02089973,167,English foxhound,webp,77,146,albatross,0.014112981036305428,False,33314,18980,1.7552160168598525,39.70885592910799,0.9692825486534611
imagewoof,data/imagewoof2-320/val/n02089973/n02089973_6200.JPEG,n02089973,167,English foxhound,webp,77,166,Walker hound,0.2849316895008087,False,25559,20626,1.2391641617376128,36.23290588144411,0.9606773084211606
imagewoof,data/imagewoof2-320/val/n02089973/n02089973_6202.JPEG,n02089973,167,English foxhound,webp,77,166,Walker hound,0.4008200764656067,False,21760,14204,1.5319628273725712,37.692740320924656,0.9556109976353698
imagewoof,data/imagewoof2-320/val/n02089973/n02089973_6242.JPEG,n02089973,167,English foxhound,webp,77,167,English foxhound,0.47558510303497314,True,39089,36266,1.0778415044394198,35.001764055341546,0.9727218209773739
imagewoof,data/imagewoof2-320/val/n02089973/n02089973_6252.JPEG,n02089973,167,English foxhound,webp,77,167,English foxhound,0.23853838443756104,True,25635,18270,1.40311986863711,36.828766041675806,0.9607215220608024
imagewoof,data/imagewoof2-320/val/n02089973/n02089973_6271.JPEG,n02089973,167,English foxhound,webp,77,167,English foxhound,0.36689838767051697,True,24419,18096,1.3494142351900973,36.8855911480065,0.9692855388275184
imagewoof,data/imagewoof2-320/val/n02089973/n02089973_6280.JPEG,n02089973,167,English foxhound,webp,77,167,English foxhound,0.6194059252738953,True,21137,14102,1.498865409161821,36.819697967357016,0.9571571145624636
imagewoof,data/imagewoof2-320/val/n02089973/n02089973_6321.JPEG,n02089973,167,English foxhound,webp,77,167,English foxhound,0.5389378666877747,True,19681,11740,1.6764054514480409,38.240353875985285,0.9524892699596138
imagewoof,data/imagewoof2-320/val/n02089973/n02089973_6352.JPEG,n02089973,167,English foxhound,webp,77,246,Great Dane,0.0675334632396698,False,26776,19838,1.349732835971368,36.30052737902269,0.9536801497980578
imagewoof,data/imagewoof2-320/val/n02089973/n02089973_6360.JPEG,n02089973,167,English foxhound,webp,77,167,English foxhound,0.301327645778656,True,28766,21270,1.3524212505876823,35.512041886806735,0.9566705333815909
imagewoof,data/imagewoof2-320/val/n02089973/n02089973_6410.JPEG,n02089973,167,English foxhound,webp,77,167,English foxhound,0.39013776183128357,True,14432,8544,1.6891385767790261,38.6441743037713,0.9647136440840915
imagewoof,data/imagewoof2-320/val/n02089973/n02089973_6412.JPEG,n02089973,167,English foxhound,webp,77,166,Walker hound,0.3143908977508545,False,19115,11200,1.7066964285714286,38.56764128963264,0.9686590343356339
imagewoof,data/imagewoof2-320/val/n02089973/n02089973_6561.JPEG,n02089973,167,English foxhound,webp,77,167,English foxhound,0.5405452847480774,True,43054,39914,1.0786691386480933,34.57426215463155,0.9693540902106444
imagewoof,data/imagewoof2-320/val/n02089973/n02089973_6570.JPEG,n02089973,167,English foxhound,webp,77,211,vizsla,0.0781906396150589,False,32157,27762,1.1583099200345797,34.06950577938941,0.9552126569459277
imagewoof,data/imagewoof2-320/val/n02089973/n02089973_660.JPEG,n02089973,167,English foxhound,webp,77,167,English foxhound,0.4643092155456543,True,23950,18824,1.272311942201445,36.08211433800439,0.9645422786059493
imagewoof,data/imagewoof2-320/val/n02089973/n02089973_671.JPEG,n02089973,167,English foxhound,webp,77,167,English foxhound,0.6916860938072205,True,8461,4270,1.9814988290398126,41.79369996582124,0.9765337990847067
imagewoof,data/imagewoof2-320/val/n02089973/n02089973_6872.JPEG,n02089973,167,English foxhound,webp,77,167,English foxhound,0.15425024926662445,True,21230,13508,1.5716612377850163,37.73111817814326,0.9525430794438444
imagewoof,data/imagewoof2-320/val/n02089973/n02089973_721.JPEG,n02089973,167,English foxhound,webp,77,167,English foxhound,0.6170629262924194,True,25185,18544,1.3581212251941328,36.491369420918545,0.9516096617158052
imagewoof,data/imagewoof2-320/val/n02089973/n02089973_7552.JPEG,n02089973,167,English foxhound,webp,77,167,English foxhound,0.7488724589347839,True,32126,19754,1.6263035334615774,37.61661013193569,0.957952905211449
imagewoof,data/imagewoof2-320/val/n02089973/n02089973_770.JPEG,n02089973,167,English foxhound,webp,77,166,Walker hound,0.3255782127380371,False,37328,35188,1.060816187336592,33.45298100443093,0.9667870614130606
imagewoof,data/imagewoof2-320/val/n02089973/n02089973_780.JPEG,n02089973,167,English foxhound,webp,77,167,English foxhound,0.251775860786438,True,16250,9096,1.786499560246262,38.3459820535378,0.9660721997965314
imagewoof,data/imagewoof2-320/val/n02089973/n02089973_790.JPEG,n02089973,167,English foxhound,webp,77,167,English foxhound,0.5800586938858032,True,21206,12928,1.6403155940594059,37.38555800963161,0.9621837715476905
imagewoof,data/imagewoof2-320/val/n02089973/n02089973_7990.JPEG,n02089973,167,English foxhound,webp,77,167,English foxhound,0.491426557302475,True,12919,6044,2.137491727332892,38.71069914253858,0.9717478497033841
imagewoof,data/imagewoof2-320/val/n02089973/n02089973_80.JPEG,n02089973,167,English foxhound,webp,77,235,German shepherd,0.11588498204946518,False,17882,11338,1.5771741047803844,37.58721761532896,0.9341312752363943
imagewoof,data/imagewoof2-320/val/n02089973/n02089973_8061.JPEG,n02089973,167,English foxhound,webp,77,167,English foxhound,0.21337105333805084,True,19203,12802,1.5,37.23230767848708,0.9621472858943316
imagewoof,data/imagewoof2-320/val/n02089973/n02089973_811.JPEG,n02089973,167,English foxhound,webp,77,167,English foxhound,0.6148281097412109,True,18150,12266,1.479699983694766,37.6754773352779,0.9625932292094008
imagewoof,data/imagewoof2-320/val/n02089973/n02089973_8140.JPEG,n02089973,167,English foxhound,webp,77,167,English foxhound,0.3953284025192261,True,9141,4810,1.9004158004158005,41.646047262411145,0.9764035442364363
imagewoof,data/imagewoof2-320/val/n02089973/n02089973_8482.JPEG,n02089973,167,English foxhound,webp,77,167,English foxhound,0.47425320744514465,True,9523,5134,1.8548889754577327,40.367340126375055,0.9681095397553056
imagewoof,data/imagewoof2-320/val/n02089973/n02089973_8720.JPEG,n02089973,167,English foxhound,webp,77,167,English foxhound,0.2821352183818817,True,29121,22862,1.2737730732219403,36.0908218751784,0.95678411927907
imagewoof,data/imagewoof2-320/val/n02089973/n02089973_880.JPEG,n02089973,167,English foxhound,webp,77,167,English foxhound,0.4228251278400421,True,33291,26470,1.2576879486210806,35.8194814489716,0.968612270850414
imagewoof,data/imagewoof2-320/val/n02089973/n02089973_8832.JPEG,n02089973,167,English foxhound,webp,77,167,English foxhound,0.6219362020492554,True,30410,19632,1.54900162999185,36.340974216944154,0.9513215126059936
imagewoof,data/imagewoof2-320/val/n02089973/n02089973_9060.JPEG,n02089973,167,English foxhound,webp,77,167,English foxhound,0.7655497193336487,True,18409,10650,1.7285446009389671,38.3435124374792,0.9616460192710997
imagewoof,data/imagewoof2-320/val/n02089973/n02089973_9112.JPEG,n02089973,167,English foxhound,webp,77,166,Walker hound,0.22319461405277252,False,26331,22768,1.1564915671117357,35.08032055330829,0.9668662436746476
imagewoof,data/imagewoof2-320/val/n02089973/n02089973_92.JPEG,n02089973,167,English foxhound,webp,77,166,Walker hound,0.3336308002471924,False,17797,9632,1.8476951827242525,39.5088389355471,0.9757128392133549
imagewoof,data/imagewoof2-320/val/n02089973/n02089973_9230.JPEG,n02089973,167,English foxhound,webp,77,167,English foxhound,0.36650893092155457,True,12118,7140,1.6971988795518207,39.55402710605154,0.9639256992918094
imagewoof,data/imagewoof2-320/val/n02089973/n02089973_9351.JPEG,n02089973,167,English foxhound,webp,77,167,English foxhound,0.31473323702812195,True,25781,19370,1.3309757356737222,35.9651984697117,0.9523376359778437
imagewoof,data/imagewoof2-320/val/n02089973/n02089973_9560.JPEG,n02089973,167,English foxhound,webp,77,162,beagle,0.18137115240097046,False,32283,25938,1.2446217904233172,36.098285342541274,0.9725186779729603
imagewoof,data/imagewoof2-320/val/n02089973/n02089973_9591.JPEG,n02089973,167,English foxhound,webp,77,167,English foxhound,0.5433990359306335,True,15205,8318,1.8279634527530657,39.40994795416736,0.9720960090042828
imagewoof,data/imagewoof2-320/val/n02089973/n02089973_9612.JPEG,n02089973,167,English foxhound,webp,77,166,Walker hound,0.3155265748500824,False,23356,18222,1.2817473383821754,36.05585021207587,0.9762165767231342
imagewoof,data/imagewoof2-320/val/n02089973/n02089973_980.JPEG,n02089973,167,English foxhound,webp,77,246,Great Dane,0.059208352118730545,False,21462,14902,1.4402093678700845,37.54719357778892,0.9551806679076921
imagewoof,data/imagewoof2-320/val/n02089973/n02089973_981.JPEG,n02089973,167,English foxhound,webp,77,167,English foxhound,0.4870266318321228,True,17024,11040,1.5420289855072464,37.43986034616115,0.953560768338161
imagewoof,data/imagewoof2-320/val/n02093754/ILSVRC2012_val_00000832.JPEG,n02093754,182,Border terrier,webp,77,182,Border terrier,0.5705702900886536,True,19464,12280,1.585016286644951,38.058594130879506,0.9613719849320853
imagewoof,data/imagewoof2-320/val/n02093754/ILSVRC2012_val_00004511.JPEG,n02093754,182,Border terrier,webp,77,182,Border terrier,0.5365601778030396,True,18457,11762,1.5692059173609931,37.70759463357823,0.9567714078384729
imagewoof,data/imagewoof2-320/val/n02093754/ILSVRC2012_val_00005340.JPEG,n02093754,182,Border terrier,webp,77,182,Border terrier,0.4622293710708618,True,23035,17108,1.346446107084405,36.69793359269015,0.9262733735043059
imagewoof,data/imagewoof2-320/val/n02093754/ILSVRC2012_val_00009740.JPEG,n02093754,182,Border terrier,webp,77,182,Border terrier,0.43684688210487366,True,24710,17928,1.3782909415439535,36.489215358729936,0.9452574658181297
imagewoof,data/imagewoof2-320/val/n02093754/ILSVRC2012_val_00014730.JPEG,n02093754,182,Border terrier,webp,77,182,Border terrier,0.5411186218261719,True,23897,17904,1.3347296693476318,36.338453875112705,0.9428864985665699
imagewoof,data/imagewoof2-320/val/n02093754/ILSVRC2012_val_00020832.JPEG,n02093754,182,Border terrier,webp,77,182,Border terrier,0.3960447907447815,True,26101,20550,1.2701216545012166,36.238436433934744,0.9502414104696645
imagewoof,data/imagewoof2-320/val/n02093754/ILSVRC2012_val_00024411.JPEG,n02093754,182,Border terrier,webp,77,182,Border terrier,0.2813433110713959,True,30227,26862,1.1252698979971707,35.36193872607205,0.9652719266236777
imagewoof,data/imagewoof2-320/val/n02093754/ILSVRC2012_val_00024681.JPEG,n02093754,182,Border terrier,webp,77,182,Border terrier,0.2414955049753189,True,31386,26304,1.1932025547445255,35.73640861761986,0.9662936229063886
imagewoof,data/imagewoof2-320/val/n02093754/ILSVRC2012_val_00025302.JPEG,n02093754,182,Border terrier,webp,77,182,Border terrier,0.6868093013763428,True,33589,30624,1.096819487983281,35.0735337131611,0.9737414654856421
imagewoof,data/imagewoof2-320/val/n02093754/ILSVRC2012_val_00026151.JPEG,n02093754,182,Border terrier,webp,77,182,Border terrier,0.41277506947517395,True,39028,37392,1.043752674368849,35.101896285016196,0.9734665470391075
imagewoof,data/imagewoof2-320/val/n02093754/ILSVRC2012_val_00027082.JPEG,n02093754,182,Border terrier,webp,77,182,Border terrier,0.21822646260261536,True,17154,9830,1.7450661241098677,38.42021448873093,0.953789920830169
imagewoof,data/imagewoof2-320/val/n02093754/ILSVRC2012_val_00030770.JPEG,n02093754,182,Border terrier,webp,77,182,Border terrier,0.5077322125434875,True,22865,15444,1.4805102305102305,37.09017201649743,0.9318106338275576
imagewoof,data/imagewoof2-320/val/n02093754/ILSVRC2012_val_00031172.JPEG,n02093754,182,Border terrier,webp,77,182,Border terrier,0.44841504096984863,True,54206,56310,0.9626354111170308,33.74958391182383,0.9854205208187725
imagewoof,data/imagewoof2-320/val/n02093754/ILSVRC2012_val_00040130.JPEG,n02093754,182,Border terrier,webp,77,243,bull mastiff,0.19501271843910217,False,20710,13374,1.5485269926723493,37.505641212883766,0.9528774455776797
imagewoof,data/imagewoof2-320/val/n02093754/ILSVRC2012_val_00044070.JPEG,n02093754,182,Border terrier,webp,77,182,Border terrier,0.23656971752643585,True,20274,14980,1.3534045393858478,37.24279611138081,0.9444096027945154
imagewoof,data/imagewoof2-320/val/n02093754/n02093754_1000.JPEG,n02093754,182,Border terrier,webp,77,182,Border terrier,0.365201473236084,True,38948,37990,1.0252171624111608,34.846690318866806,0.9775521664324587
imagewoof,data/imagewoof2-320/val/n02093754/n02093754_1011.JPEG,n02093754,182,Border terrier,webp,77,182,Border terrier,0.440604031085968,True,24802,18866,1.3146400932895155,36.56492180521297,0.9610169701893732
imagewoof,data/imagewoof2-320/val/n02093754/n02093754_1062.JPEG,n02093754,182,Border terrier,webp,77,182,Border terrier,0.5508575439453125,True,19617,13700,1.431897810218978,37.98634205959853,0.964190447250172
imagewoof,data/imagewoof2-320/val/n02093754/n02093754_1072.JPEG,n02093754,182,Border terrier,webp,77,182,Border terrier,0.3526259660720825,True,22343,15252,1.4649226330972986,37.28423144143568,0.9619909096788698
imagewoof,data/imagewoof2-320/val/n02093754/n02093754_1080.JPEG,n02093754,182,Border terrier,webp,77,182,Border terrier,0.3746836483478546,True,24969,19788,1.2618253486961795,36.593965272047065,0.9686537352099688
imagewoof,data/imagewoof2-320/val/n02093754/n02093754_110.JPEG,n02093754,182,Border terrier,webp,77,182,Border terrier,0.4153117835521698,True,35543,32016,1.110163668165917,35.424886531028285,0.9800671164924015
imagewoof,data/imagewoof2-320/val/n02093754/n02093754_1100.JPEG,n02093754,182,Border terrier,webp,77,182,Border terrier,0.6557247638702393,True,38284,35886,1.0668227163796467,34.65540327965274,0.9641953196235066
imagewoof,data/imagewoof2-320/val/n02093754/n02093754_1102.JPEG,n02093754,182,Border terrier,webp,77,182,Border terrier,0.445686936378479,True,16914,10096,1.6753169572107764,39.210665280095796,0.9663460447069329
imagewoof,data/imagewoof2-320/val/n02093754/n02093754_1111.JPEG,n02093754,182,Border terrier,webp,77,182,Border terrier,0.33027148246765137,True,28124,24244,1.1600395974261672,35.5118805964458,0.9646386293810886
imagewoof,data/imagewoof2-320/val/n02093754/n02093754_1132.JPEG,n02093754,182,Border terrier,webp,77,189,Lakeland terrier,0.06376267224550247,False,37228,34330,1.0844159627148267,34.77503675528191,0.9708294112939901
imagewoof,data/imagewoof2-320/val/n02093754/n02093754_1172.JPEG,n02093754,182,Border terrier,webp,77,182,Border terrier,0.5244202613830566,True,17063,12504,1.3646033269353808,36.80169701443704,0.9629756846032045
imagewoof,data/imagewoof2-320/val/n02093754/n02093754_1181.JPEG,n02093754,182,Border terrier,webp,77,182,Border terrier,0.4859265983104706,True,24544,19128,1.2831451275616896,36.41349759556619,0.9635608325030699
imagewoof,data/imagewoof2-320/val/n02093754/n02093754_1202.JPEG,n02093754,182,Border terrier,webp,77,182,Border terrier,0.43250760436058044,True,22176,15856,1.3985872855701311,37.05756163808694,0.9584734582425632
imagewoof,data/imagewoof2-320/val/n02093754/n02093754_1221.JPEG,n02093754,182,Border terrier,webp,77,182,Border terrier,0.2419392317533493,True,35548,33654,1.0562785998692577,34.547279612296606,0.9769332890046356
imagewoof,data/imagewoof2-320/val/n02093754/n02093754_1302.JPEG,n02093754,182,Border terrier,webp,77,182,Border terrier,0.5941318869590759,True,15768,9518,1.656650556839672,38.58847763061554,0.9577048299792844
imagewoof,data/imagewoof2-320/val/n02093754/n02093754_1310.JPEG,n02093754,182,Border terrier,webp,77,182,Border terrier,0.4426695704460144,True,26045,18480,1.4093614718614718,36.81349822021694,0.9666540654652257
imagewoof,data/imagewoof2-320/val/n02093754/n02093754_1340.JPEG,n02093754,182,Border terrier,webp,77,182,Border terrier,0.40351760387420654,True,51871,50932,1.0184363465012174,33.980409498047166,0.9794995594606822
imagewoof,data/imagewoof2-320/val/n02093754/n02093754_1422.JPEG,n02093754,182,Border terrier,webp,77,182,Border terrier,0.2732294499874115,True,22797,14968,1.5230491715660075,37.315999072400324,0.9522216538278333
imagewoof,data/imagewoof2-320/val/n02093754/n02093754_1441.JPEG,n02093754,182,Border terrier,webp,77,182,Border terrier,0.35391589999198914,True,45782,46270,0.9894532094229522,34.22987123834099,0.9817847078206445
imagewoof,data/imagewoof2-320/val/n02093754/n02093754_1451.JPEG,n02093754,182,Border terrier,webp,77,182,Border terrier,0.3766281008720398,True,26397,21828,1.209318306761957,36.13301411098518,0.9458499268739465
imagewoof,data/imagewoof2-320/val/n02093754/n02093754_1460.JPEG,n02093754,182,Border terrier,webp,77,182,Border terrier,0.4151926636695862,True,15835,9916,1.5969140782573619,38.22871478495578,0.9547225163055716
imagewoof,data/imagewoof2-320/val/n02093754/n02093754_1612.JPEG,n02093754,182,Border terrier,webp,77,182,Border terrier,0.09642333537340164,True,31165,26810,1.1624393882879522,35.2090139598842,0.9635477206464106
imagewoof,data/imagewoof2-320/val/n02093754/n02093754_1631.JPEG,n02093754,182,Border terrier,webp,77,182,Border terrier,0.3390567898750305,True,29832,25132,1.1870125736113322,35.46354937506838,0.9545288102360522
imagewoof,data/imagewoof2-320/val/n02093754/n02093754_1652.JPEG,n02093754,182,Border terrier,webp,77,182,Border terrier,0.40418633818626404,True,25459,18910,1.3463246959280804,36.82258732004954,0.9639286176783136
imagewoof,data/imagewoof2-320/val/n02093754/n02093754_1702.JPEG,n02093754,182,Border terrier,webp,77,182,Border terrier,0.5098389387130737,True,46362,44848,1.0337584730645737,33.97324843575716,0.9749952810749445
imagewoof,data/imagewoof2-320/val/n02093754/n02093754_1711.JPEG,n02093754,182,Border terrier,webp,77,182,Border terrier,0.19155114889144897,True,24135,17674,1.3655652370714044,36.64413963657438,0.9487395333376011
imagewoof,data/imagewoof2-320/val/n02093754/n02093754_172.JPEG,n02093754,182,Border terrier,webp,77,182,Border terrier,0.3845978081226349,True,28474,24248,1.1742824150445397,35.81678979813363,0.9481149774400871
imagewoof,data/imagewoof2-320/val/n02093754/n02093754_1720.JPEG,n02093754,182,Border terrier,webp,77,182,Border terrier,0.48771435022354126,True,30540,23792,1.2836247478143914,35.87864420409277,0.9615439307988108
imagewoof,data/imagewoof2-320/val/n02093754/n02093754_1721.JPEG,n02093754,182,Border terrier,webp,77,182,Border terrier,0.35776829719543457,True,29221,23548,1.2409121793782911,35.823803229768025,0.958636722626175
imagewoof,data/imagewoof2-320/val/n02093754/n02093754_1722.JPEG,n02093754,182,Border terrier,webp,77,182,Border terrier,0.41123297810554504,True,30064,25240,1.1911251980982567,35.400972131043964,0.9597575752152868
imagewoof,data/imagewoof2-320/val/n02093754/n02093754_1782.JPEG,n02093754,182,Border terrier,webp,77,193,Australian terrier,0.1112910732626915,False,25607,19964,1.282658785814466,36.3504168389828,0.9572423097979517
imagewoof,data/imagewoof2-320/val/n02093754/n02093754_1791.JPEG,n02093754,182,Border terrier,webp,77,185,Norfolk terrier,0.18064053356647491,False,31202,25752,1.2116340478409444,35.73843746300342,0.9705481729177872
imagewoof,data/imagewoof2-320/val/n02093754/n02093754_1792.JPEG,n02093754,182,Border terrier,webp,77,219,cocker spaniel,0.04226931184530258,False,20902,15474,1.350781956830813,37.11661551994123,0.9593959162611886
imagewoof,data/imagewoof2-320/val/n02093754/n02093754_180.JPEG,n02093754,182,Border terrier,webp,77,182,Border terrier,0.5255233645439148,True,24519,19392,1.2643873762376239,36.48188302799822,0.9560764966750009
imagewoof,data/imagewoof2-320/val/n02093754/n02093754_1841.JPEG,n02093754,182,Border terrier,webp,77,182,Border terrier,0.10653053224086761,True,35839,32856,1.090790114438763,34.995077806748164,0.9665771324589959
imagewoof,data/imagewoof2-320/val/n02093754/n02093754_1851.JPEG,n02093754,182,Border terrier,webp,77,182,Border terrier,0.3145780861377716,True,52576,50954,1.0318326333555756,33.65891666369526,0.9798844659814178
imagewoof,data/imagewoof2-320/val/n02093754/n02093754_1861.JPEG,n02093754,182,Border terrier,webp,77,182,Border terrier,0.3922331631183624,True,34673,31756,1.091856657009699,35.5828558893448,0.9609194170257315
imagewoof,data/imagewoof2-320/val/n02093754/n02093754_1882.JPEG,n02093754,182,Border terrier,webp,77,182,Border terrier,0.20887480676174164,True,18318,11386,1.608817846478131,37.38803430914124,0.9367389515771841
imagewoof,data/imagewoof2-320/val/n02093754/n02093754_1901.JPEG,n02093754,182,Border terrier,webp,77,182,Border terrier,0.44059625267982483,True,32526,29250,1.112,35.42219579592241,0.9599257221656678
imagewoof,data/imagewoof2-320/val/n02093754/n02093754_1940.JPEG,n02093754,182,Border terrier,webp,77,184,Irish terrier,0.2767874002456665,False,25325,19804,1.2787820642294485,36.12667287480078,0.9344841841365885
imagewoof,data/imagewoof2-320/val/n02093754/n02093754_1952.JPEG,n02093754,182,Border terrier,webp,77,182,Border terrier,0.44820770621299744,True,28742,25264,1.137666244458518,35.94940692082166,0.9708979580856312
imagewoof,data/imagewoof2-320/val/n02093754/n02093754_1962.JPEG,n02093754,182,Border terrier,webp,77,182,Border terrier,0.6321373581886292,True,25557,18878,1.353798071829643,36.32578855884444,0.9517567132630215
imagewoof,data/imagewoof2-320/val/n02093754/n02093754_2.JPEG,n02093754,182,Border terrier,webp,77,182,Border terrier,0.6333038806915283,True,19616,12302,1.5945374735815314,36.515597578053466,0.9166358525785879
imagewoof,data/imagewoof2-320/val/n02093754/n02093754_2040.JPEG,n02093754,182,Border terrier,webp,77,182,Border terrier,0.4735119044780731,True,22757,17274,1.3174134537455136,36.24065553142132,0.9679512350435028
imagewoof,data/imagewoof2-320/val/n02093754/n02093754_2061.JPEG,n02093754,182,Border terrier,webp,77,182,Border terrier,0.43658778071403503,True,25016,22472,1.1132075471698113,35.211674062464205,0.9691368990705668
imagewoof,data/imagewoof2-320/val/n02093754/n02093754_2071.JPEG,n02093754,182,Border terrier,webp,77,182,Border terrier,0.23757772147655487,True,17689,10834,1.6327302935203987,37.68108253816798,0.942833824686724
imagewoof,data/imagewoof2-320/val/n02093754/n02093754_2082.JPEG,n02093754,182,Border terrier,webp,77,182,Border terrier,0.24887852370738983,True,20990,13156,1.5954697476436608,37.139432574078,0.9525277721000704
imagewoof,data/imagewoof2-320/val/n02093754/n02093754_2090.JPEG,n02093754,182,Border terrier,webp,77,182,Border terrier,0.25766655802726746,True,15430,9316,1.6562902533276085,38.35290912130864,0.9613519949207158
imagewoof,data/imagewoof2-320/val/n02093754/n02093754_210.JPEG,n02093754,182,Border terrier,webp,77,158,toy terrier,0.2984297275543213,False,20617,16614,1.2409413747441917,36.273517851480825,0.9569256463490357
imagewoof,data/imagewoof2-320/val/n02093754/n02093754_2150.JPEG,n02093754,182,Border terrier,webp,77,182,Border terrier,0.4464108347892761,True,23139,17354,1.333352541200876,36.32522794485588,0.930269159942969
imagewoof,data/imagewoof2-320/val/n02093754/n02093754_2180.JPEG,n02093754,182,Border terrier,webp,77,182,Border terrier,0.2713853418827057,True,24061,18642,1.290687694453385,36.72634425513877,0.9644758812639381
imagewoof,data/imagewoof2-320/val/n02093754/n02093754_220.JPEG,n02093754,182,Border terrier,webp,77,182,Border terrier,0.24854589998722076,True,30729,26588,1.155746953512863,36.03503338200675,0.9667279209741956
imagewoof,data/imagewoof2-320/val/n02093754/n02093754_2201.JPEG,n02093754,182,Border terrier,webp,77,182,Border terrier,0.4701215922832489,True,32823,26030,1.2609681137149442,35.25247732813804,0.968576912114479
imagewoof,data/imagewoof2-320/val/n02093754/n02093754_222.JPEG,n02093754,182,Border terrier,webp,77,182,Border terrier,0.32938677072525024,True,49242,48786,1.009346943795351,33.96200724617904,0.9741369722282768
imagewoof,data/imagewoof2-320/val/n02093754/n02093754_2230.JPEG,n02093754,182,Border terrier,webp,77,182,Border terrier,0.25485822558403015,True,34463,31428,1.0965699376352298,35.50917105958579,0.9615020692819805
imagewoof,data/imagewoof2-320/val/n02093754/n02093754_2240.JPEG,n02093754,182,Border terrier,webp,77,182,Border terrier,0.3283747136592865,True,37080,32500,1.140923076923077,35.56392392660377,0.9617680200464384
imagewoof,data/imagewoof2-320/val/n02093754/n02093754_2251.JPEG,n02093754,182,Border terrier,webp,77,182,Border terrier,0.3860601782798767,True,20025,13234,1.5131479522442195,36.82603843337488,0.9308915062319034
imagewoof,data/imagewoof2-320/val/n02093754/n02093754_2262.JPEG,n02093754,182,Border terrier,webp,77,182,Border terrier,0.4811035990715027,True,23853,17116,1.3936083197008646,37.37625677213968,0.9485733692282899
imagewoof,data/imagewoof2-320/val/n02093754/n02093754_2281.JPEG,n02093754,182,Border terrier,webp,77,182,Border terrier,0.45684289932250977,True,33191,30274,1.0963533064675959,35.24924117696799,0.9587131352404837
imagewoof,data/imagewoof2-320/val/n02093754/n02093754_2282.JPEG,n02093754,182,Border terrier,webp,77,182,Border terrier,0.4500095248222351,True,34364,31422,1.0936286678123608,35.32120835901847,0.9738732120257406
imagewoof,data/imagewoof2-320/val/n02093754/n02093754_2291.JPEG,n02093754,182,Border terrier,webp,77,262,Brabancon griffon,0.07489973306655884,False,27051,22404,1.2074183181574718,36.20620192581433,0.9597335310514623
imagewoof,data/imagewoof2-320/val/n02093754/n02093754_2302.JPEG,n02093754,182,Border terrier,webp,77,182,Border terrier,0.4064367115497589,True,31231,28440,1.0981364275668073,36.260840729793486,0.9762686959145626
imagewoof,data/imagewoof2-320/val/n02093754/n02093754_231.JPEG,n02093754,182,Border terrier,webp,77,182,Border terrier,0.49079108238220215,True,42846,41766,1.0258583536848154,34.30408224623087,0.9766138892433229
imagewoof,data/imagewoof2-320/val/n02093754/n02093754_2310.JPEG,n02093754,182,Border terrier,webp,77,154,Pekinese,0.15901851654052734,False,21117,14858,1.4212545430071342,37.45936730589813,0.9528545734547197
imagewoof,data/imagewoof2-320/val/n02093754/n02093754_2312.JPEG,n02093754,182,Border terrier,webp,77,182,Border terrier,0.41665056347846985,True,32587,28310,1.1510773578240905,35.33446960964774,0.9657620786154079
imagewoof,data/imagewoof2-320/val/n02093754/n02093754_232.JPEG,n02093754,182,Border terrier,webp,77,182,Border terrier,0.508737325668335,True,21068,12610,1.6707375099127677,37.9595213318065,0.946237697687108
imagewoof,data/imagewoof2-320/val/n02093754/n02093754_2342.JPEG,n02093754,182,Border terrier,webp,77,182,Border terrier,0.3268290162086487,True,21997,15964,1.3779128038085693,37.29990320851226,0.9719108189918811
imagewoof,data/imagewoof2-320/val/n02093754/n02093754_2390.JPEG,n02093754,182,Border terrier,webp,77,182,Border terrier,0.3785194158554077,True,34108,31594,1.0795720706463252,36.01227089452688,0.9713657069902646
imagewoof,data/imagewoof2-320/val/n02093754/n02093754_2430.JPEG,n02093754,182,Border terrier,webp,77,182,Border terrier,0.5185496807098389,True,48887,49758,0.9824952771413642,33.13905802702571,0.9766213536488921
imagewoof,data/imagewoof2-320/val/n02093754/n02093754_2441.JPEG,n02093754,182,Border terrier,webp,77,182,Border terrier,0.28894877433776855,True,21518,15080,1.426923076923077,37.10430007976533,0.9416774861444139
imagewoof,data/imagewoof2-320/val/n02093754/n02093754_2442.JPEG,n02093754,182,Border terrier,webp,77,182,Border terrier,0.34761056303977966,True,20217,14768,1.3689734561213434,37.11418604048488,0.9521214478166229
imagewoof,data/imagewoof2-320/val/n02093754/n02093754_2510.JPEG,n02093754,182,Border terrier,webp,77,182,Border terrier,0.19973260164260864,True,27648,21416,1.290997385132611,35.82733960859035,0.9634437493188316
imagewoof,data/imagewoof2-320/val/n02093754/n02093754_2630.JPEG,n02093754,182,Border terrier,webp,77,182,Border terrier,0.3948417603969574,True,31733,27286,1.1629773510225023,35.73180657233396,0.9618919440677404
imagewoof,data/imagewoof2-320/val/n02093754/n02093754_2681.JPEG,n02093754,182,Border terrier,webp,77,182,Border terrier,0.3661702871322632,True,40472,39408,1.0269995939910679,34.259915532658184,0.972650622421277
imagewoof,data/imagewoof2-320/val/n02093754/n02093754_2692.JPEG,n02093754,182,Border terrier,webp,77,182,Border terrier,0.44792476296424866,True,38533,35420,1.087888198757764,35.33411182255329,0.9683495033084211
imagewoof,data/imagewoof2-320/val/n02093754/n02093754_2711.JPEG,n02093754,182,Border terrier,webp,77,182,Border terrier,0.41582757234573364,True,22566,17794,1.2681802854894908,36.9839501397838,0.967755392215386
imagewoof,data/imagewoof2-320/val/n02093754/n02093754_2742.JPEG,n02093754,182,Border terrier,webp,77,182,Border terrier,0.520340621471405,True,15332,8550,1.793216374269006,39.4651683988763,0.9565913185779126
imagewoof,data/imagewoof2-320/val/n02093754/n02093754_2791.JPEG,n02093754,182,Border terrier,webp,77,182,Border terrier,0.21534377336502075,True,31909,27018,1.1810274631726996,35.64502643242934,0.9570053754475979
imagewoof,data/imagewoof2-320/val/n02093754/n02093754_2801.JPEG,n02093754,182,Border terrier,webp,77,182,Border terrier,0.4115651547908783,True,28386,23144,1.226494987901832,36.600266915404184,0.9616805438785558
imagewoof,data/imagewoof2-320/val/n02093754/n02093754_2812.JPEG,n02093754,182,Border terrier,webp,77,182,Border terrier,0.6125524640083313,True,28486,24478,1.1637388675545388,35.866476265589625,0.9564741353039955
imagewoof,data/imagewoof2-320/val/n02093754/n02093754_2821.JPEG,n02093754,182,Border terrier,webp,77,182,Border terrier,0.4543578028678894,True,22264,16130,1.3802851828890266,37.80088178577708,0.9615692578179454
imagewoof,data/imagewoof2-320/val/n02093754/n02093754_2822.JPEG,n02093754,182,Border terrier,webp,77,182,Border terrier,0.47339358925819397,True,22975,18572,1.2370773206978247,36.200389177030985,0.9560244927352332
imagewoof,data/imagewoof2-320/val/n02093754/n02093754_2830.JPEG,n02093754,182,Border terrier,webp,77,182,Border terrier,0.49255403876304626,True,38173,35352,1.0797974654899298,35.4487358453524,0.9754123639470144
imagewoof,data/imagewoof2-320/val/n02093754/n02093754_2840.JPEG,n02093754,182,Border terrier,webp,77,182,Border terrier,0.5985884070396423,True,29630,27190,1.0897388745862449,34.99912063867811,0.9662185354759197
imagewoof,data/imagewoof2-320/val/n02093754/n02093754_2841.JPEG,n02093754,182,Border terrier,webp,77,182,Border terrier,0.39661189913749695,True,20480,14424,1.4198557958957294,37.64680714351874,0.9574156138706181
imagewoof,data/imagewoof2-320/val/n02093754/n02093754_2892.JPEG,n02093754,182,Border terrier,webp,77,182,Border terrier,0.4482439160346985,True,34012,30694,1.1080993027953345,35.11387207025011,0.9649366398722812
imagewoof,data/imagewoof2-320/val/n02093754/n02093754_290.JPEG,n02093754,182,Border terrier,webp,77,182,Border terrier,0.5237854719161987,True,24355,19840,1.227570564516129,36.25698863629274,0.9693979798273576
imagewoof,data/imagewoof2-320/val/n02093754/n02093754_2902.JPEG,n02093754,182,Border terrier,webp,77,182,Border terrier,0.3499428331851959,True,34468,31794,1.0841039189784236,35.13189576635521,0.966608509135409
imagewoof,data/imagewoof2-320/val/n02093754/n02093754_3042.JPEG,n02093754,182,Border terrier,webp,77,182,Border terrier,0.46005934476852417,True,19215,15086,1.2736974678509876,36.50277115491389,0.9710546723876949
imagewoof,data/imagewoof2-320/val/n02093754/n02093754_3060.JPEG,n02093754,182,Border terrier,webp,77,182,Border terrier,0.3924068808555603,True,34225,29562,1.1577362830660984,35.91824816856867,0.9723800427815883
imagewoof,data/imagewoof2-320/val/n02093754/n02093754_31.JPEG,n02093754,182,Border terrier,webp,77,182,Border terrier,0.48686766624450684,True,17198,10344,1.6626063418406807,38.46936794118891,0.9595255041442674
imagewoof,data/imagewoof2-320/val/n02093754/n02093754_3101.JPEG,n02093754,182,Border terrier,webp,77,182,Border terrier,0.3582628071308136,True,37148,33968,1.093617522373999,35.264613998777975,0.9759839100918087
imagewoof,data/imagewoof2-320/val/n02093754/n02093754_3111.JPEG,n02093754,182,Border terrier,webp,77,182,Border terrier,0.7193745374679565,True,27715,23552,1.1767578125,36.26349486219453,0.9613614182443793
imagewoof,data/imagewoof2-320/val/n02093754/n02093754_3120.JPEG,n02093754,182,Border terrier,webp,77,182,Border terrier,0.4542888104915619,True,26400,23708,1.1135481693942972,35.08339278807871,0.9780336838790635
imagewoof,data/imagewoof2-320/val/n02093754/n02093754_3151.JPEG,n02093754,182,Border terrier,webp,77,182,Border terrier,0.2769348919391632,True,29661,25186,1.1776780751210991,35.76495786650638,0.9631166947234426
imagewoof,data/imagewoof2-320/val/n02093754/n02093754_3152.JPEG,n02093754,182,Border terrier,webp,77,182,Border terrier,0.48803412914276123,True,32161,30858,1.0422256789163264,35.27130225248147,0.9856466645008374
imagewoof,data/imagewoof2-320/val/n02093754/n02093754_3162.JPEG,n02093754,182,Border terrier,webp,77,182,Border terrier,0.2880496084690094,True,27990,23958,1.1682945154019535,35.36029221481468,0.9641145824535453
imagewoof,data/imagewoof2-320/val/n02093754/n02093754_3182.JPEG,n02093754,182,Border terrier,webp,77,182,Border terrier,0.3264472782611847,True,29250,25532,1.145621181262729,36.033515670860055,0.9703847365147614
imagewoof,data/imagewoof2-320/val/n02093754/n02093754_3200.JPEG,n02093754,182,Border terrier,webp,77,182,Border terrier,0.28202787041664124,True,18693,10520,1.7769011406844106,38.04605920170411,0.9579194434338216
imagewoof,data/imagewoof2-320/val/n02093754/n02093754_3202.JPEG,n02093754,182,Border terrier,webp,77,182,Border terrier,0.26930686831474304,True,22242,14216,1.5645751266178953,37.070465243929085,0.9629344555068862
imagewoof,data/imagewoof2-320/val/n02093754/n02093754_322.JPEG,n02093754,182,Border terrier,webp,77,182,Border terrier,0.30948659777641296,True,26505,21136,1.2540215745647236,36.291042170890066,0.9612194038691803
imagewoof,data/imagewoof2-320/val/n02093754/n02093754_3241.JPEG,n02093754,182,Border terrier,webp,77,182,Border terrier,0.6090437173843384,True,21024,17924,1.172952465967418,36.39335831893538,0.9604477559806947
imagewoof,data/imagewoof2-320/val/n02093754/n02093754_3270.JPEG,n02093754,182,Border terrier,webp,77,182,Border terrier,0.6062428951263428,True,24564,19436,1.2638402963572752,36.908746375528935,0.944944389276853
imagewoof,data/imagewoof2-320/val/n02093754/n02093754_3281.JPEG,n02093754,182,Border terrier,webp,77,182,Border terrier,0.49779993295669556,True,24091,17866,1.3484271801186611,36.97183095708964,0.9610500924129909
imagewoof,data/imagewoof2-320/val/n02093754/n02093754_3302.JPEG,n02093754,182,Border terrier,webp,77,182,Border terrier,0.45809808373451233,True,24924,17004,1.465772759350741,37.36344475587682,0.9538384590573709
imagewoof,data/imagewoof2-320/val/n02093754/n02093754_3350.JPEG,n02093754,182,Border terrier,webp,77,182,Border terrier,0.23145809769630432,True,32392,28742,1.1269918586041334,35.43631371090301,0.9579512999740075
imagewoof,data/imagewoof2-320/val/n02093754/n02093754_3351.JPEG,n02093754,182,Border terrier,webp,77,182,Border terrier,0.3817518353462219,True,30424,25494,1.1933788342355065,35.75437991689565,0.9617149899291123
imagewoof,data/imagewoof2-320/val/n02093754/n02093754_3372.JPEG,n02093754,182,Border terrier,webp,77,182,Border terrier,0.6869129538536072,True,46564,44668,1.0424464941345035,34.36635805558214,0.982636454054841
imagewoof,data/imagewoof2-320/val/n02093754/n02093754_3400.JPEG,n02093754,182,Border terrier,webp,77,182,Border terrier,0.607113242149353,True,19271,14534,1.325925416265309,37.348924066801786,0.9739679886360509
imagewoof,data/imagewoof2-320/val/n02093754/n02093754_341.JPEG,n02093754,182,Border terrier,webp,77,231,collie,0.11189211159944534,False,27558,22998,1.198278111140099,36.08816707064764,0.9523381118184829
imagewoof,data/imagewoof2-320/val/n02093754/n02093754_3432.JPEG,n02093754,182,Border terrier,webp,77,182,Border terrier,0.29049888253211975,True,21975,14828,1.4819935257620718,37.02819897072095,0.9575350869162556
imagewoof,data/imagewoof2-320/val/n02093754/n02093754_3442.JPEG,n02093754,182,Border terrier,webp,77,182,Border terrier,0.24320848286151886,True,23981,18672,1.2843294772922023,36.459226366950915,0.9622121292342022
imagewoof,data/imagewoof2-320/val/n02093754/n02093754_3482.JPEG,n02093754,182,Border terrier,webp,77,182,Border terrier,0.5263879299163818,True,19702,13276,1.4840313347393794,37.696975170901794,0.9476617552606754
imagewoof,data/imagewoof2-320/val/n02093754/n02093754_3530.JPEG,n02093754,182,Border terrier,webp,77,182,Border terrier,0.4068283140659332,True,19244,12470,1.543223736968725,37.90007110567193,0.9324477554414049
imagewoof,data/imagewoof2-320/val/n02093754/n02093754_3571.JPEG,n02093754,182,Border terrier,webp,77,182,Border terrier,0.3951418101787567,True,29763,25574,1.1637991710330804,35.94648713026092,0.966253794263705
imagewoof,data/imagewoof2-320/val/n02093754/n02093754_360.JPEG,n02093754,182,Border terrier,webp,77,182,Border terrier,0.29749637842178345,True,25568,20212,1.2649910943993667,36.7454669175762,0.9625039805579578
imagewoof,data/imagewoof2-320/val/n02093754/n02093754_3601.JPEG,n02093754,182,Border terrier,webp,77,182,Border terrier,0.41454795002937317,True,22889,16658,1.374054508344339,37.03353249092693,0.9534066184324623
imagewoof,data/imagewoof2-320/val/n02093754/n02093754_3602.JPEG,n02093754,182,Border terrier,webp,77,182,Border terrier,0.33702072501182556,True,17221,13172,1.3073944731248102,37.11729406258741,0.9637923710805323
imagewoof,data/imagewoof2-320/val/n02093754/n02093754_361.JPEG,n02093754,182,Border terrier,webp,77,194,Dandie Dinmont,0.1678679883480072,False,24984,19992,1.2496998799519807,36.18006634111789,0.9422065672498071
imagewoof,data/imagewoof2-320/val/n02093754/n02093754_3751.JPEG,n02093754,182,Border terrier,webp,77,182,Border terrier,0.4516628086566925,True,26133,21404,1.2209400112128574,35.742339916529396,0.9396650473877125
imagewoof,data/imagewoof2-320/val/n02093754/n02093754_3761.JPEG,n02093754,182,Border terrier,webp,77,182,Border terrier,0.45820945501327515,True,23096,17120,1.3490654205607477,36.986158241388615,0.9476762018476723
imagewoof,data/imagewoof2-320/val/n02093754/n02093754_3770.JPEG,n02093754,182,Border terrier,webp,77,182,Border terrier,0.45139655470848083,True,34216,30338,1.1278264882325797,35.73494865676644,0.9660715018124009
imagewoof,data/imagewoof2-320/val/n02093754/n02093754_3792.JPEG,n02093754,182,Border terrier,webp,77,182,Border terrier,0.4418865442276001,True,18191,12872,1.4132224984462398,37.069279112331714,0.9596781128752735
imagewoof,data/imagewoof2-320/val/n02093754/n02093754_3860.JPEG,n02093754,182,Border terrier,webp,77,182,Border terrier,0.33034563064575195,True,43588,42026,1.0371674677580545,34.324896621505346,0.9760184452874826
imagewoof,data/imagewoof2-320/val/n02093754/n02093754_3871.JPEG,n02093754,182,Border terrier,webp,77,182,Border terrier,0.37297946214675903,True,24793,19788,1.2529310693349505,36.268988615019424,0.9399017708830413
imagewoof,data/imagewoof2-320/val/n02093754/n02093754_3901.JPEG,n02093754,182,Border terrier,webp,77,182,Border terrier,0.3408876061439514,True,21292,15948,1.3350890393779784,36.92254129278735,0.9500402699776521
imagewoof,data/imagewoof2-320/val/n02093754/n02093754_3902.JPEG,n02093754,182,Border terrier,webp,77,182,Border terrier,0.34833481907844543,True,26613,23222,1.1460253208164672,36.28773483987827,0.9703725972867753
imagewoof,data/imagewoof2-320/val/n02093754/n02093754_3912.JPEG,n02093754,182,Border terrier,webp,77,182,Border terrier,0.5493696331977844,True,32889,28410,1.1576557550158395,35.87936163199144,0.9719836316315074
imagewoof,data/imagewoof2-320/val/n02093754/n02093754_3972.JPEG,n02093754,182,Border terrier,webp,77,182,Border terrier,0.5326369404792786,True,36320,31356,1.1583110090572777,35.59840979951973,0.9752457706825951
imagewoof,data/imagewoof2-320/val/n02093754/n02093754_4011.JPEG,n02093754,182,Border terrier,webp,77,182,Border terrier,0.4019377827644348,True,44939,45196,0.994313656075759,34.24496788173822,0.9771263315441292
imagewoof,data/imagewoof2-320/val/n02093754/n02093754_4042.JPEG,n02093754,182,Border terrier,webp,77,182,Border terrier,0.37340232729911804,True,18640,13582,1.3724046532174938,36.52584400176685,0.951522691494112
imagewoof,data/imagewoof2-320/val/n02093754/n02093754_4051.JPEG,n02093754,182,Border terrier,webp,77,182,Border terrier,0.3605700433254242,True,24734,16456,1.5030384054448225,37.06377505444252,0.9471660216183332
imagewoof,data/imagewoof2-320/val/n02093754/n02093754_4070.JPEG,n02093754,182,Border terrier,webp,77,182,Border terrier,0.3964163064956665,True,30827,25704,1.1993075007780891,35.8905075141477,0.9616150904325332
imagewoof,data/imagewoof2-320/val/n02093754/n02093754_4072.JPEG,n02093754,182,Border terrier,webp,77,182,Border terrier,0.45167478919029236,True,54661,56202,0.9725810469378314,33.81298154637772,0.9856746571548278
imagewoof,data/imagewoof2-320/val/n02093754/n02093754_4081.JPEG,n02093754,182,Border terrier,webp,77,182,Border terrier,0.4402141571044922,True,53653,55050,0.9746230699364214,33.38971623484229,0.9849708656928549
imagewoof,data/imagewoof2-320/val/n02093754/n02093754_4091.JPEG,n02093754,182,Border terrier,webp,77,182,Border terrier,0.26098260283470154,True,32162,28008,1.1483147672093688,35.94889798438483,0.9640708157484195
imagewoof,data/imagewoof2-320/val/n02093754/n02093754_41.JPEG,n02093754,182,Border terrier,webp,77,182,Border terrier,0.3137672245502472,True,30379,26514,1.145772044957381,35.87457411927555,0.9628454530118248
imagewoof,data/imagewoof2-320/val/n02093754/n02093754_411.JPEG,n02093754,182,Border terrier,webp,77,182,Border terrier,0.4841063916683197,True,46926,47196,0.994279176201373,34.02331955711223,0.9791186485209232
imagewoof,data/imagewoof2-320/val/n02093754/n02093754_4110.JPEG,n02093754,182,Border terrier,webp,77,182,Border terrier,0.38515985012054443,True,38224,36902,1.0358246165519485,34.43145107570619,0.966880884097424
imagewoof,data/imagewoof2-320/val/n02093754/n02093754_4111.JPEG,n02093754,182,Border terrier,webp,77,182,Border terrier,0.47023850679397583,True,27518,23122,1.1901219617680132,36.17404722380663,0.9584607468619604
imagewoof,data/imagewoof2-320/val/n02093754/n02093754_4112.JPEG,n02093754,182,Border terrier,webp,77,182,Border terrier,0.3409413695335388,True,49243,50724,0.9708027758063245,34.27777289647792,0.9833128534662151
imagewoof,data/imagewoof2-320/val/n02093754/n02093754_4120.JPEG,n02093754,182,Border terrier,webp,77,182,Border terrier,0.3179449439048767,True,25111,19678,1.276095131619067,35.26610133635674,0.9374172537160094
imagewoof,data/imagewoof2-320/val/n02093754/n02093754_4122.JPEG,n02093754,182,Border terrier,webp,77,182,Border terrier,0.5585403442382812,True,18474,12812,1.441929441148923,37.21369379782027,0.9408804849592795
imagewoof,data/imagewoof2-320/val/n02093754/n02093754_4161.JPEG,n02093754,182,Border terrier,webp,77,182,Border terrier,0.42450398206710815,True,37754,34970,1.0796110952244782,34.2763209724657,0.9647439785242616
imagewoof,data/imagewoof2-320/val/n02093754/n02093754_4192.JPEG,n02093754,182,Border terrier,webp,77,182,Border terrier,0.5418285727500916,True,17383,10494,1.6564703640175338,38.15563164965545,0.9545815333790477
imagewoof,data/imagewoof2-320/val/n02093754/n02093754_4202.JPEG,n02093754,182,Border terrier,webp,77,182,Border terrier,0.28151267766952515,True,32141,28582,1.1245189279966412,35.53408495930797,0.9680982671577197
imagewoof,data/imagewoof2-320/val/n02093754/n02093754_421.JPEG,n02093754,182,Border terrier,webp,77,182,Border terrier,0.20278096199035645,True,22794,14248,1.5998034811903425,38.06521897639466,0.9528779443793612
imagewoof,data/imagewoof2-320/val/n02093754/n02093754_4261.JPEG,n02093754,182,Border terrier,webp,77,182,Border terrier,0.2180742472410202,True,23748,17496,1.3573388203017833,36.36731788793394,0.956263659518716
imagewoof,data/imagewoof2-320/val/n02093754/n02093754_4271.JPEG,n02093754,182,Border terrier,webp,77,182,Border terrier,0.4986227750778198,True,26787,19318,1.3866342271456673,37.076636157994194,0.9684619308759009
imagewoof,data/imagewoof2-320/val/n02093754/n02093754_4272.JPEG,n02093754,182,Border terrier,webp,77,182,Border terrier,0.27902868390083313,True,26183,19666,1.331384114715753,36.04869500374501,0.9586346702720293
imagewoof,data/imagewoof2-320/val/n02093754/n02093754_4300.JPEG,n02093754,182,Border terrier,webp,77,182,Border terrier,0.41532301902770996,True,17834,11808,1.5103319783197833,37.8251793241519,0.9524279586224947
imagewoof,data/imagewoof2-320/val/n02093754/n02093754_4302.JPEG,n02093754,182,Border terrier,webp,77,182,Border terrier,0.09544050693511963,True,52589,52466,1.0023443754050243,34.036549969015674,0.9876041099100329
imagewoof,data/imagewoof2-320/val/n02093754/n02093754_4332.JPEG,n02093754,182,Border terrier,webp,77,182,Border terrier,0.3312809467315674,True,25019,22716,1.1013822856136644,35.44172309977776,0.9632248004586536
imagewoof,data/imagewoof2-320/val/n02093754/n02093754_4361.JPEG,n02093754,182,Border terrier,webp,77,182,Border terrier,0.24645200371742249,True,29764,26632,1.1176028837488736,36.82221888122229,0.9722917671297969
imagewoof,data/imagewoof2-320/val/n02093754/n02093754_4372.JPEG,n02093754,182,Border terrier,webp,77,182,Border terrier,0.3458558917045593,True,25555,20634,1.2384898710865562,36.14162609427514,0.9585014796057035
imagewoof,data/imagewoof2-320/val/n02093754/n02093754_4411.JPEG,n02093754,182,Border terrier,webp,77,182,Border terrier,0.19739840924739838,True,13567,7396,1.8343699296917253,39.48406565227866,0.9658002044126212
imagewoof,data/imagewoof2-320/val/n02093754/n02093754_4412.JPEG,n02093754,182,Border terrier,webp,77,182,Border terrier,0.371442049741745,True,38211,36236,1.0545038083673695,34.69161753409954,0.9758310711601271
imagewoof,data/imagewoof2-320/val/n02093754/n02093754_4420.JPEG,n02093754,182,Border terrier,webp,77,182,Border terrier,0.7195153832435608,True,21850,15942,1.3705934010789111,37.0248538201863,0.9508128972921318
imagewoof,data/imagewoof2-320/val/n02093754/n02093754_4421.JPEG,n02093754,182,Border terrier,webp,77,182,Border terrier,0.333967000246048,True,24091,19002,1.267813914324808,36.49089372936691,0.9368389919891212
imagewoof,data/imagewoof2-320/val/n02093754/n02093754_4452.JPEG,n02093754,182,Border terrier,webp,77,182,Border terrier,0.49293550848960876,True,26712,21404,1.2479910297140722,36.13858791827093,0.9440794446365434
imagewoof,data/imagewoof2-320/val/n02093754/n02093754_4460.JPEG,n02093754,182,Border terrier,webp,77,182,Border terrier,0.42831602692604065,True,24942,20198,1.2348747400732747,36.55907699608197,0.9663574209773516
imagewoof,data/imagewoof2-320/val/n02093754/n02093754_4480.JPEG,n02093754,182,Border terrier,webp,77,180,American Staffordshire terrier,0.16232506930828094,False,20418,14786,1.3809008521574462,36.39634347164406,0.9613332380218099
imagewoof,data/imagewoof2-320/val/n02093754/n02093754_4490.JPEG,n02093754,182,Border terrier,webp,77,182,Border terrier,0.3864468038082123,True,29885,25688,1.1633836810962317,35.78665175039419,0.9647424247079815
imagewoof,data/imagewoof2-320/val/n02093754/n02093754_4510.JPEG,n02093754,182,Border terrier,webp,77,182,Border terrier,0.34380659461021423,True,24908,19370,1.2859060402684563,36.84218810595254,0.9702788536248015
imagewoof,data/imagewoof2-320/val/n02093754/n02093754_4522.JPEG,n02093754,182,Border terrier,webp,77,182,Border terrier,0.19410717487335205,True,30333,27982,1.0840182974769494,35.85320291658519,0.9588504441557996
imagewoof,data/imagewoof2-320/val/n02093754/n02093754_4550.JPEG,n02093754,182,Border terrier,webp,77,182,Border terrier,0.32893678545951843,True,22265,15226,1.4623013266780507,36.75549283810556,0.9394556149492246
imagewoof,data/imagewoof2-320/val/n02093754/n02093754_4580.JPEG,n02093754,182,Border terrier,webp,77,182,Border terrier,0.4705944061279297,True,22551,16576,1.3604609073359073,37.196895075646324,0.9550534531205629
imagewoof,data/imagewoof2-320/val/n02093754/n02093754_4582.JPEG,n02093754,182,Border terrier,webp,77,182,Border terrier,0.2704632878303528,True,25148,18954,1.3267911786430304,36.922784119428044,0.9645707076137001
imagewoof,data/imagewoof2-320/val/n02093754/n02093754_460.JPEG,n02093754,182,Border terrier,webp,77,182,Border terrier,0.5327207446098328,True,31350,26340,1.1902050113895217,35.73163211962243,0.9623450284921781
imagewoof,data/imagewoof2-320/val/n02093754/n02093754_4671.JPEG,n02093754,182,Border terrier,webp,77,182,Border terrier,0.29881131649017334,True,27653,22648,1.2209908159660898,35.52767767499265,0.9520234336534208
imagewoof,data/imagewoof2-320/val/n02093754/n02093754_4702.JPEG,n02093754,182,Border terrier,webp,77,192,cairn,0.3198171854019165,False,46627,47976,0.9718817742204435,34.18530118421068,0.9787494011470502
imagewoof,data/imagewoof2-320/val/n02093754/n02093754_4710.JPEG,n02093754,182,Border terrier,webp,77,185,Norfolk terrier,0.11296022683382034,False,17623,11436,1.5410108429520812,36.72368963712389,0.9378561656687753
imagewoof,data/imagewoof2-320/val/n02093754/n02093754_4712.JPEG,n02093754,182,Border terrier,webp,77,182,Border terrier,0.5508918762207031,True,30792,26914,1.1440885784350152,35.81434587531948,0.9616587594109144
imagewoof,data/imagewoof2-320/val/n02093754/n02093754_4721.JPEG,n02093754,182,Border terrier,webp,77,182,Border terrier,0.4722547233104706,True,60794,61938,0.981529917013788,34.50633765235782,0.9912337369367217
imagewoof,data/imagewoof2-320/val/n02093754/n02093754_4722.JPEG,n02093754,182,Border terrier,webp,77,182,Border terrier,0.29499348998069763,True,26921,24428,1.1020550188308498,35.60687373186225,0.9733182159378447
imagewoof,data/imagewoof2-320/val/n02093754/n02093754_4730.JPEG,n02093754,182,Border terrier,webp,77,182,Border terrier,0.3953618109226227,True,22629,16980,1.3326855123674912,36.96024507749219,0.9617716921431927
imagewoof,data/imagewoof2-320/val/n02093754/n02093754_4741.JPEG,n02093754,182,Border terrier,webp,77,182,Border terrier,0.4613543152809143,True,30583,25926,1.179626629638201,35.402180988762964,0.953416115848531
imagewoof,data/imagewoof2-320/val/n02093754/n02093754_4751.JPEG,n02093754,182,Border terrier,webp,77,182,Border terrier,0.5615543723106384,True,31613,27932,1.1317843333810682,35.52935226233795,0.9701329432531095
imagewoof,data/imagewoof2-320/val/n02093754/n02093754_4772.JPEG,n02093754,182,Border terrier,webp,77,182,Border terrier,0.2410764843225479,True,13460,9618,1.3994593470576002,37.80545277162524,0.9707296451090324
imagewoof,data/imagewoof2-320/val/n02093754/n02093754_4782.JPEG,n02093754,182,Border terrier,webp,77,182,Border terrier,0.45114466547966003,True,29135,23608,1.2341155540494748,35.49212866527656,0.9639408853084624
imagewoof,data/imagewoof2-320/val/n02093754/n02093754_480.JPEG,n02093754,182,Border terrier,webp,77,182,Border terrier,0.4797716736793518,True,26787,22226,1.2052101142805722,35.71861015405812,0.9444399963386149
imagewoof,data/imagewoof2-320/val/n02093754/n02093754_4842.JPEG,n02093754,182,Border terrier,webp,77,182,Border terrier,0.4506131112575531,True,39415,38508,1.0235535473148436,34.851641237891585,0.9768326929777843
imagewoof,data/imagewoof2-320/val/n02093754/n02093754_4892.JPEG,n02093754,182,Border terrier,webp,77,182,Border terrier,0.3481374680995941,True,22858,19010,1.2024197790636506,36.48741098443856,0.961370762360104
imagewoof,data/imagewoof2-320/val/n02093754/n02093754_4910.JPEG,n02093754,182,Border terrier,webp,77,182,Border terrier,0.6673274040222168,True,28478,24358,1.1691436078495772,35.86012190359799,0.9518167542035169
imagewoof,data/imagewoof2-320/val/n02093754/n02093754_4940.JPEG,n02093754,182,Border terrier,webp,77,182,Border terrier,0.5761668086051941,True,19747,12452,1.5858496627047864,37.521807048440095,0.9579491190647182
imagewoof,data/imagewoof2-320/val/n02093754/n02093754_4942.JPEG,n02093754,182,Border terrier,webp,77,182,Border terrier,0.4701346457004547,True,37871,35216,1.0753918673330305,34.85404107271191,0.9744813877036044
imagewoof,data/imagewoof2-320/val/n02093754/n02093754_4992.JPEG,n02093754,182,Border terrier,webp,77,182,Border terrier,0.4355354607105255,True,40630,41274,0.9843969569220332,33.780297054184615,0.9840379523094138
imagewoof,data/imagewoof2-320/val/n02093754/n02093754_50.JPEG,n02093754,182,Border terrier,webp,77,182,Border terrier,0.3507120907306671,True,18368,13856,1.325635103926097,37.44277878433333,0.964436508413141
imagewoof,data/imagewoof2-320/val/n02093754/n02093754_500.JPEG,n02093754,182,Border terrier,webp,77,182,Border terrier,0.3915402889251709,True,21402,14954,1.4311889795372477,37.073803994690245,0.9324707432388482
imagewoof,data/imagewoof2-320/val/n02093754/n02093754_5012.JPEG,n02093754,182,Border terrier,webp,77,182,Border terrier,0.4378213882446289,True,28606,24706,1.1578563911600421,36.12666952776587,0.9521345621480813
imagewoof,data/imagewoof2-320/val/n02093754/n02093754_5030.JPEG,n02093754,182,Border terrier,webp,77,182,Border terrier,0.3930365741252899,True,19406,13592,1.4277516185991759,36.73928346680921,0.9631486034616558
imagewoof,data/imagewoof2-320/val/n02093754/n02093754_5052.JPEG,n02093754,182,Border terrier,webp,77,182,Border terrier,0.46729376912117004,True,25778,21624,1.1921013688494266,36.208135880221974,0.9592012309887757
imagewoof,data/imagewoof2-320/val/n02093754/n02093754_5061.JPEG,n02093754,182,Border terrier,webp,77,182,Border terrier,0.41127872467041016,True,22132,17368,1.2742975587286964,36.020519066166095,0.966015961427551
imagewoof,data/imagewoof2-320/val/n02093754/n02093754_5062.JPEG,n02093754,182,Border terrier,webp,77,182,Border terrier,0.3916354775428772,True,29785,26046,1.143553712662213,35.97567418136907,0.963473056473709
imagewoof,data/imagewoof2-320/val/n02093754/n02093754_5090.JPEG,n02093754,182,Border terrier,webp,77,182,Border terrier,0.3636244237422943,True,25651,19570,1.3107307102708228,36.491700949776366,0.9607736309451674
imagewoof,data/imagewoof2-320/val/n02093754/n02093754_51.JPEG,n02093754,182,Border terrier,webp,77,182,Border terrier,0.5114113688468933,True,31424,25482,1.2331842084608744,35.09327138961012,0.9748587099224789
imagewoof,data/imagewoof2-320/val/n02093754/n02093754_5142.JPEG,n02093754,182,Border terrier,webp,77,182,Border terrier,0.36110079288482666,True,33334,32694,1.0195754572704472,33.903787094886994,0.9787297464787151
imagewoof,data/imagewoof2-320/val/n02093754/n02093754_5170.JPEG,n02093754,182,Border terrier,webp,77,182,Border terrier,0.33083420991897583,True,12206,6876,1.7751599767306574,38.151696241815486,0.9509152034653993
imagewoof,data/imagewoof2-320/val/n02093754/n02093754_5171.JPEG,n02093754,182,Border terrier,webp,77,182,Border terrier,0.5501013398170471,True,37299,36760,1.0146626768226332,34.432048267038,0.9627119196927639
imagewoof,data/imagewoof2-320/val/n02093754/n02093754_5172.JPEG,n02093754,182,Border terrier,webp,77,182,Border terrier,0.11377836018800735,True,31275,25576,1.2228260869565217,35.56889710501685,0.9665730540896057
imagewoof,data/imagewoof2-320/val/n02093754/n02093754_5190.JPEG,n02093754,182,Border terrier,webp,77,182,Border terrier,0.46984943747520447,True,14911,9224,1.6165437987857763,38.26682898727439,0.963583555240315
imagewoof,data/imagewoof2-320/val/n02093754/n02093754_5192.JPEG,n02093754,182,Border terrier,webp,77,182,Border terrier,0.368586927652359,True,25421,22242,1.1429277942631058,35.91824108266556,0.9669454627496415
imagewoof,data/imagewoof2-320/val/n02093754/n02093754_521.JPEG,n02093754,182,Border terrier,webp,77,182,Border terrier,0.4224250018596649,True,25437,19342,1.315117361182918,36.56707748075531,0.9520965995710947
imagewoof,data/imagewoof2-320/val/n02093754/n02093754_5211.JPEG,n02093754,182,Border terrier,webp,77,182,Border terrier,0.10521555691957474,True,18557,11620,1.596987951807229,37.846817022549764,0.9598787130961814
imagewoof,data/imagewoof2-320/val/n02093754/n02093754_5240.JPEG,n02093754,182,Border terrier,webp,77,182,Border terrier,0.321764200925827,True,33669,30108,1.1182742128337984,34.66843163808117,0.9594321882888144
imagewoof,data/imagewoof2-320/val/n02093754/n02093754_5252.JPEG,n02093754,182,Border terrier,webp,77,155,Shih-Tzu,0.1583605706691742,False,30609,23776,1.2873906460296096,35.95324510190945,0.9613833088293947
imagewoof,data/imagewoof2-320/val/n02093754/n02093754_5260.JPEG,n02093754,182,Border terrier,webp,77,182,Border terrier,0.445037841796875,True,33009,28612,1.1536767789738571,35.43997718918601,0.9707919017161634
imagewoof,data/imagewoof2-320/val/n02093754/n02093754_5261.JPEG,n02093754,182,Border terrier,webp,77,182,Border terrier,0.17641940712928772,True,20081,12324,1.629422265498215,36.78310635166301,0.9272756061475985
imagewoof,data/imagewoof2-320/val/n02093754/n02093754_5270.JPEG,n02093754,182,Border terrier,webp,77,182,Border terrier,0.504560649394989,True,30041,24210,1.240850888062784,36.1558843961097,0.9577650540788166
imagewoof,data/imagewoof2-320/val/n02093754/n02093754_5271.JPEG,n02093754,182,Border terrier,webp,77,182,Border terrier,0.4050934910774231,True,26803,19910,1.3462079357106982,36.82535388737192,0.9610033541715065
imagewoof,data/imagewoof2-320/val/n02093754/n02093754_5272.JPEG,n02093754,182,Border terrier,webp,77,182,Border terrier,0.311318576335907,True,19089,13584,1.405256183745583,37.71071012520267,0.959300156062548
imagewoof,data/imagewoof2-320/val/n02093754/n02093754_5290.JPEG,n02093754,182,Border terrier,webp,77,182,Border terrier,0.46932604908943176,True,24015,18424,1.3034628745115067,36.729213334920125,0.9407617071043607
imagewoof,data/imagewoof2-320/val/n02093754/n02093754_5292.JPEG,n02093754,182,Border terrier,webp,77,252,affenpinscher,0.07556721568107605,False,17879,10482,1.7056859377981302,38.171992140328605,0.9540967614613338
imagewoof,data/imagewoof2-320/val/n02093754/n02093754_5342.JPEG,n02093754,182,Border terrier,webp,77,182,Border terrier,0.4677376449108124,True,17729,11760,1.5075680272108845,38.677593704248636,0.9643015627230541
imagewoof,data/imagewoof2-320/val/n02093754/n02093754_5360.JPEG,n02093754,182,Border terrier,webp,77,227,kelpie,0.19244909286499023,False,29462,28062,1.0498895303257074,34.803358625994846,0.9671722395947628
imagewoof,data/imagewoof2-320/val/n02093754/n02093754_5391.JPEG,n02093754,182,Border terrier,webp,77,182,Border terrier,0.41817712783813477,True,32223,27416,1.1753355704697988,35.737428924638756,0.9625867923672224
imagewoof,data/imagewoof2-320/val/n02093754/n02093754_5401.JPEG,n02093754,182,Border terrier,webp,77,182,Border terrier,0.3697214424610138,True,36782,34008,1.081569042578217,35.29170873739964,0.9744236107219582
imagewoof,data/imagewoof2-320/val/n02093754/n02093754_541.JPEG,n02093754,182,Border terrier,webp,77,182,Border terrier,0.494540274143219,True,21880,14996,1.4590557481995199,37.92526578114674,0.95277274757659
imagewoof,data/imagewoof2-320/val/n02093754/n02093754_5410.JPEG,n02093754,182,Border terrier,webp,77,182,Border terrier,0.42425134778022766,True,47160,46288,1.0188385758727965,34.22804334398433,0.9820326560445412
imagewoof,data/imagewoof2-320/val/n02093754/n02093754_5412.JPEG,n02093754,182,Border terrier,webp,77,182,Border terrier,0.414456307888031,True,15914,12230,1.3012264922322159,38.29815310134004,0.9764053748165008
imagewoof,data/imagewoof2-320/val/n02093754/n02093754_5420.JPEG,n02093754,182,Border terrier,webp,77,978,seashore,0.2185440957546234,False,17385,11064,1.5713123644251628,38.87055281014383,0.9561427876011184
imagewoof,data/imagewoof2-320/val/n02093754/n02093754_5422.JPEG,n02093754,182,Border terrier,webp,77,182,Border terrier,0.4884764552116394,True,30288,25692,1.1788883699205979,36.19748708084575,0.9680962747430565
imagewoof,data/imagewoof2-320/val/n02093754/n02093754_5431.JPEG,n02093754,182,Border terrier,webp,77,182,Border terrier,0.3658211827278137,True,28305,23294,1.2151197733321886,36.427408631940175,0.9569832682840674
imagewoof,data/imagewoof2-320/val/n02093754/n02093754_5451.JPEG,n02093754,182,Border terrier,webp,77,182,Border terrier,0.4592113196849823,True,18957,13476,1.4067230632235084,37.50649834152544,0.9611899175390167
imagewoof,data/imagewoof2-320/val/n02093754/n02093754_5470.JPEG,n02093754,182,Border terrier,webp,77,182,Border terrier,0.5854222774505615,True,21649,14788,1.463957262645388,36.30831395637025,0.947740726914534
imagewoof,data/imagewoof2-320/val/n02093754/n02093754_551.JPEG,n02093754,182,Border terrier,webp,77,184,Irish terrier,0.22613362967967987,False,17630,11458,1.5386629429219758,38.51283627178331,0.9495585265725163
imagewoof,data/imagewoof2-320/val/n02093754/n02093754_5522.JPEG,n02093754,182,Border terrier,webp,77,182,Border terrier,0.5299224257469177,True,35129,31906,1.1010154829812575,35.6140115173464,0.9694285353451977
imagewoof,data/imagewoof2-320/val/n02093754/n02093754_5530.JPEG,n02093754,182,Border terrier,webp,77,182,Border terrier,0.0880933627486229,True,19240,10914,1.762873373648525,39.060191399302234,0.9639986750264365
imagewoof,data/imagewoof2-320/val/n02093754/n02093754_5551.JPEG,n02093754,182,Border terrier,webp,77,182,Border terrier,0.4691734313964844,True,24269,18092,1.3414216228167146,36.862367735728625,0.956083161041723
imagewoof,data/imagewoof2-320/val/n02093754/n02093754_5562.JPEG,n02093754,182,Border terrier,webp,77,182,Border terrier,0.4322463274002075,True,38668,35606,1.0859967421221142,35.34880658309066,0.9661008088857551
imagewoof,data/imagewoof2-320/val/n02093754/n02093754_5571.JPEG,n02093754,182,Border terrier,webp,77,182,Border terrier,0.5032708644866943,True,28451,23720,1.1994519392917369,35.83595821714067,0.9638226449559727
imagewoof,data/imagewoof2-320/val/n02093754/n02093754_5581.JPEG,n02093754,182,Border terrier,webp,77,182,Border terrier,0.5300441384315491,True,21605,17166,1.2585925667016196,36.280675895853626,0.964264587230946
imagewoof,data/imagewoof2-320/val/n02093754/n02093754_560.JPEG,n02093754,182,Border terrier,webp,77,106,wombat,0.28816351294517517,False,21210,13570,1.5630066322770817,37.29725247257276,0.9534000299288842
imagewoof,data/imagewoof2-320/val/n02093754/n02093754_5601.JPEG,n02093754,182,Border terrier,webp,77,182,Border terrier,0.4671352803707123,True,21675,14228,1.5234045543997752,37.49305637630095,0.9570107332537704
imagewoof,data/imagewoof2-320/val/n02093754/n02093754_561.JPEG,n02093754,182,Border terrier,webp,77,151,Chihuahua,0.1745997667312622,False,21058,10492,2.007052992756386,37.63564810845354,0.9619310589710132
imagewoof,data/imagewoof2-320/val/n02093754/n02093754_5610.JPEG,n02093754,182,Border terrier,webp,77,182,Border terrier,0.5553525686264038,True,29355,25460,1.1529850746268657,35.472355317604666,0.959469876369024
imagewoof,data/imagewoof2-320/val/n02093754/n02093754_5660.JPEG,n02093754,182,Border terrier,webp,77,182,Border terrier,0.5289338827133179,True,26924,22036,1.2218188418950808,36.218455074036314,0.9579380997362446
imagewoof,data/imagewoof2-320/val/n02093754/n02093754_5662.JPEG,n02093754,182,Border terrier,webp,77,182,Border terrier,0.33254024386405945,True,35206,36086,0.975613811450424,34.90846262901196,0.9702236481704573
imagewoof,data/imagewoof2-320/val/n02093754/n02093754_5672.JPEG,n02093754,182,Border terrier,webp,77,182,Border terrier,0.30218183994293213,True,43671,42352,1.0311437476388363,34.074397281054004,0.9772196570970878
imagewoof,data/imagewoof2-320/val/n02093754/n02093754_5681.JPEG,n02093754,182,Border terrier,webp,77,182,Border terrier,0.37433210015296936,True,30277,25654,1.1802058158571762,36.050014023546694,0.965347355425902
imagewoof,data/imagewoof2-320/val/n02093754/n02093754_5700.JPEG,n02093754,182,Border terrier,webp,77,182,Border terrier,0.43499884009361267,True,24197,20912,1.1570868400918133,36.13333018988567,0.9486593761912313
imagewoof,data/imagewoof2-320/val/n02093754/n02093754_5770.JPEG,n02093754,182,Border terrier,webp,77,182,Border terrier,0.38196519017219543,True,29620,26158,1.1323495680097866,35.68565501283766,0.9552566166944253
imagewoof,data/imagewoof2-320/val/n02093754/n02093754_5772.JPEG,n02093754,182,Border terrier,webp,77,182,Border terrier,0.337455689907074,True,20481,12534,1.6340354236476784,38.44060333481304,0.9524067601483323
imagewoof,data/imagewoof2-320/val/n02093754/n02093754_5781.JPEG,n02093754,182,Border terrier,webp,77,182,Border terrier,0.5108916163444519,True,25815,21206,1.2173441478826748,35.87369766991019,0.9591756975788907
imagewoof,data/imagewoof2-320/val/n02093754/n02093754_5822.JPEG,n02093754,182,Border terrier,webp,77,192,cairn,0.20836928486824036,False,23374,19450,1.2017480719794345,35.88023602367815,0.9762156002317143
imagewoof,data/imagewoof2-320/val/n02093754/n02093754_5840.JPEG,n02093754,182,Border terrier,webp,77,182,Border terrier,0.29951056838035583,True,37378,33776,1.106643770724775,34.68739586098752,0.9672431346220868
imagewoof,data/imagewoof2-320/val/n02093754/n02093754_5870.JPEG,n02093754,182,Border terrier,webp,77,182,Border terrier,0.24194219708442688,True,37813,36312,1.0413361974003084,35.18591225252872,0.9743428862289503
imagewoof,data/imagewoof2-320/val/n02093754/n02093754_5891.JPEG,n02093754,182,Border terrier,webp,77,182,Border terrier,0.22851987183094025,True,36026,32806,1.0981527769310493,35.43714995477168,0.9665409473845473
imagewoof,data/imagewoof2-320/val/n02093754/n02093754_590.JPEG,n02093754,182,Border terrier,webp,77,182,Border terrier,0.5154761672019958,True,29137,25102,1.1607441638116485,36.19579410408299,0.9574262066384324
imagewoof,data/imagewoof2-320/val/n02093754/n02093754_5900.JPEG,n02093754,182,Border terrier,webp,77,182,Border terrier,0.4256646931171417,True,31870,27412,1.1626295053261346,35.434332664512596,0.9634307047402313
imagewoof,data/imagewoof2-320/val/n02093754/n02093754_5902.JPEG,n02093754,182,Border terrier,webp,77,182,Border terrier,0.27206534147262573,True,26709,23158,1.1533379393730028,35.21859639572379,0.9698291645260398
imagewoof,data/imagewoof2-320/val/n02093754/n02093754_591.JPEG,n02093754,182,Border terrier,webp,77,182,Border terrier,0.3789720833301544,True,24564,18532,1.3254910425210447,37.04582284752993,0.9539342010446014
imagewoof,data/imagewoof2-320/val/n02093754/n02093754_592.JPEG,n02093754,182,Border terrier,webp,77,182,Border terrier,0.1445947140455246,True,21777,16744,1.3005852842809364,36.002632542433865,0.9481315729374998
imagewoof,data/imagewoof2-320/val/n02093754/n02093754_5932.JPEG,n02093754,182,Border terrier,webp,77,182,Border terrier,0.13646499812602997,True,31481,30166,1.0435921235828416,35.45788907094091,0.9597337691547766
imagewoof,data/imagewoof2-320/val/n02093754/n02093754_5961.JPEG,n02093754,182,Border terrier,webp,77,186,Norwich terrier,0.15597876906394958,False,15611,10032,1.5561204146730463,38.40428724571714,0.9574105407517348
imagewoof,data/imagewoof2-320/val/n02093754/n02093754_5971.JPEG,n02093754,182,Border terrier,webp,77,182,Border terrier,0.5423336625099182,True,27909,23586,1.183286695497329,36.00373689241525,0.9481304530130282
imagewoof,data/imagewoof2-320/val/n02093754/n02093754_602.JPEG,n02093754,182,Border terrier,webp,77,182,Border terrier,0.30285441875457764,True,17291,9600,1.8011458333333332,37.708666007168034,0.9405654963191803
imagewoof,data/imagewoof2-320/val/n02093754/n02093754_6061.JPEG,n02093754,182,Border terrier,webp,77,182,Border terrier,0.5403066873550415,True,25123,19258,1.3045487589573164,36.64557118111576,0.9518034332784356
imagewoof,data/imagewoof2-320/val/n02093754/n02093754_6082.JPEG,n02093754,182,Border terrier,webp,77,182,Border terrier,0.5635766386985779,True,21965,14420,1.523231622746186,37.28477377633258,0.9461009629165451
imagewoof,data/imagewoof2-320/val/n02093754/n02093754_611.JPEG,n02093754,182,Border terrier,webp,77,182,Border terrier,0.49096640944480896,True,42309,41502,1.0194448460315166,34.50094922634208,0.9740819209419024
imagewoof,data/imagewoof2-320/val/n02093754/n02093754_6112.JPEG,n02093754,182,Border terrier,webp,77,182,Border terrier,0.28203684091567993,True,17232,10508,1.6398934145413018,38.61587743831695,0.9616644307991605
imagewoof,data/imagewoof2-320/val/n02093754/n02093754_6122.JPEG,n02093754,182,Border terrier,webp,77,182,Border terrier,0.04171784222126007,True,34107,29868,1.1419244676576938,35.887306503824156,0.9673437845318014
imagewoof,data/imagewoof2-320/val/n02093754/n02093754_6141.JPEG,n02093754,182,Border terrier,webp,77,182,Border terrier,0.18358299136161804,True,38731,37340,1.037252276379218,35.417265701958954,0.9724486689410047
imagewoof,data/imagewoof2-320/val/n02093754/n02093754_62.JPEG,n02093754,182,Border terrier,webp,77,182,Border terrier,0.2871921956539154,True,36192,33746,1.0724826646121022,34.635922527855755,0.9678339997361106
imagewoof,data/imagewoof2-320/val/n02093754/n02093754_620.JPEG,n02093754,182,Border terrier,webp,77,182,Border terrier,0.5691843032836914,True,24311,17040,1.4267018779342724,37.315924153284556,0.9631942955954788
imagewoof,data/imagewoof2-320/val/n02093754/n02093754_6200.JPEG,n02093754,182,Border terrier,webp,77,182,Border terrier,0.2957019507884979,True,26360,21960,1.2003642987249545,36.17011167986748,0.9620898129355998
imagewoof,data/imagewoof2-320/val/n02093754/n02093754_621.JPEG,n02093754,182,Border terrier,webp,77,182,Border terrier,0.34095609188079834,True,34578,26800,1.290223880597015,36.25903111426854,0.9703850116724935
imagewoof,data/imagewoof2-320/val/n02093754/n02093754_6211.JPEG,n02093754,182,Border terrier,webp,77,182,Border terrier,0.5202177166938782,True,25600,20816,1.2298232129131437,36.262519752165524,0.944169115017298
imagewoof,data/imagewoof2-320/val/n02093754/n02093754_6212.JPEG,n02093754,182,Border terrier,webp,77,182,Border terrier,0.519000232219696,True,20972,14774,1.4195207797482063,36.75014676332797,0.9507691911679509
imagewoof,data/imagewoof2-320/val/n02093754/n02093754_622.JPEG,n02093754,182,Border terrier,webp,77,182,Border terrier,0.45311442017555237,True,33587,31196,1.0766444415950762,35.436535800555205,0.9703023888012337
imagewoof,data/imagewoof2-320/val/n02093754/n02093754_6220.JPEG,n02093754,182,Border terrier,webp,77,182,Border terrier,0.6004406213760376,True,15671,9162,1.7104344029687841,38.629710922215004,0.9455535843081421
imagewoof,data/imagewoof2-320/val/n02093754/n02093754_6221.JPEG,n02093754,182,Border terrier,webp,77,182,Border terrier,0.370292603969574,True,37262,34114,1.0922788298059447,35.166504720337315,0.9691479436100175
imagewoof,data/imagewoof2-320/val/n02093754/n02093754_6242.JPEG,n02093754,182,Border terrier,webp,77,182,Border terrier,0.5209249258041382,True,29026,28572,1.015889682206356,34.819887298595624,0.9692301983006911
imagewoof,data/imagewoof2-320/val/n02093754/n02093754_6250.JPEG,n02093754,182,Border terrier,webp,77,182,Border terrier,0.5278722643852234,True,33109,28716,1.1529809165621954,35.412964350818854,0.9622326794201598
imagewoof,data/imagewoof2-320/val/n02093754/n02093754_6271.JPEG,n02093754,182,Border terrier,webp,77,182,Border terrier,0.27693161368370056,True,41257,40154,1.0274692434128605,34.39171505253633,0.9684559431363611
imagewoof,data/imagewoof2-320/val/n02093754/n02093754_6281.JPEG,n02093754,182,Border terrier,webp,77,182,Border terrier,0.4301425814628601,True,36537,34932,1.0459464101683271,35.116887099550944,0.975208457921284
imagewoof,data/imagewoof2-320/val/n02093754/n02093754_6302.JPEG,n02093754,182,Border terrier,webp,77,182,Border terrier,0.29207396507263184,True,19676,13544,1.4527466036621381,37.160528815219806,0.9486250778217088
imagewoof,data/imagewoof2-320/val/n02093754/n02093754_632.JPEG,n02093754,182,Border terrier,webp,77,182,Border terrier,0.2240571677684784,True,29723,25326,1.1736160467503751,35.434530153261214,0.9537837520950543
imagewoof,data/imagewoof2-320/val/n02093754/n02093754_6320.JPEG,n02093754,182,Border terrier,webp,77,182,Border terrier,0.5120412111282349,True,28098,23590,1.1910979228486647,35.717976451022594,0.9609799141756672
imagewoof,data/imagewoof2-320/val/n02093754/n02093754_6341.JPEG,n02093754,182,Border terrier,webp,77,182,Border terrier,0.4870561361312866,True,35050,29896,1.1723976451699223,34.8154945627189,0.9719921872231505
imagewoof,data/imagewoof2-320/val/n02093754/n02093754_6351.JPEG,n02093754,182,Border terrier,webp,77,182,Border terrier,0.2136216163635254,True,36713,33400,1.099191616766467,35.239908103441365,0.9633764654669813
imagewoof,data/imagewoof2-320/val/n02093754/n02093754_6360.JPEG,n02093754,182,Border terrier,webp,77,182,Border terrier,0.3753839135169983,True,26507,21832,1.2141352143642359,36.39799475306897,0.9643888193076622
imagewoof,data/imagewoof2-320/val/n02093754/n02093754_6370.JPEG,n02093754,182,Border terrier,webp,77,170,Irish wolfhound,0.1791744828224182,False,23247,16208,1.434291707798618,36.71539660453194,0.9619680460071942
imagewoof,data/imagewoof2-320/val/n02093754/n02093754_6401.JPEG,n02093754,182,Border terrier,webp,77,182,Border terrier,0.4436856806278229,True,28794,25312,1.1375632111251581,35.02345507291532,0.9607577493104538
imagewoof,data/imagewoof2-320/val/n02093754/n02093754_6402.JPEG,n02093754,182,Border terrier,webp,77,182,Border terrier,0.2824501693248749,True,41758,40080,1.0418662674650698,34.324907436197456,0.9741675802008402
imagewoof,data/imagewoof2-320/val/n02093754/n02093754_642.JPEG,n02093754,182,Border terrier,webp,77,182,Border terrier,0.4968045949935913,True,31591,28792,1.097214504028897,35.49908962420516,0.9579793538292858
imagewoof,data/imagewoof2-320/val/n02093754/n02093754_6432.JPEG,n02093754,182,Border terrier,webp,77,182,Border terrier,0.5113189816474915,True,40172,38416,1.045710120783007,34.84440533367986,0.9758969996444616
imagewoof,data/imagewoof2-320/val/n02093754/n02093754_6472.JPEG,n02093754,182,Border terrier,webp,77,182,Border terrier,0.333740234375,True,16827,12198,1.3794884407279882,37.11187407193179,0.9550218369039722
imagewoof,data/imagewoof2-320/val/n02093754/n02093754_6490.JPEG,n02093754,182,Border terrier,webp,77,182,Border terrier,0.5266450047492981,True,52923,53622,0.9869643056954235,33.81751052406659,0.9847501516210247
imagewoof,data/imagewoof2-320/val/n02093754/n02093754_6492.JPEG,n02093754,182,Border terrier,webp,77,182,Border terrier,0.21560505032539368,True,24639,17690,1.3928208027133975,35.85731624332847,0.9409494632898957
imagewoof,data/imagewoof2-320/val/n02093754/n02093754_6501.JPEG,n02093754,182,Border terrier,webp,77,182,Border terrier,0.3379365801811218,True,30096,26444,1.1381031613976706,35.07836654866911,0.9738043929539448
imagewoof,data/imagewoof2-320/val/n02093754/n02093754_652.JPEG,n02093754,182,Border terrier,webp,77,182,Border terrier,0.365679532289505,True,20807,13810,1.5066618392469224,37.974861873381684,0.9570671902188249
imagewoof,data/imagewoof2-320/val/n02093754/n02093754_6531.JPEG,n02093754,182,Border terrier,webp,77,182,Border terrier,0.18883918225765228,True,30305,25110,1.206889685384309,36.15350876120568,0.9616006187934115
imagewoof,data/imagewoof2-320/val/n02093754/n02093754_6541.JPEG,n02093754,182,Border terrier,webp,77,182,Border terrier,0.46257275342941284,True,17766,13394,1.3264148126026578,37.77681123887681,0.9494948068511776
imagewoof,data/imagewoof2-320/val/n02093754/n02093754_6551.JPEG,n02093754,182,Border terrier,webp,77,182,Border terrier,0.321243554353714,True,29599,24120,1.2271558872305142,35.45179001848565,0.945126024055512
imagewoof,data/imagewoof2-320/val/n02093754/n02093754_6561.JPEG,n02093754,182,Border terrier,webp,77,182,Border terrier,0.5740984082221985,True,13695,7756,1.765729757607014,39.47052735010021,0.9685441815673673
imagewoof,data/imagewoof2-320/val/n02093754/n02093754_6572.JPEG,n02093754,182,Border terrier,webp,77,182,Border terrier,0.2359219789505005,True,25145,18564,1.3545033397974575,36.849468067348894,0.9545299376288199
imagewoof,data/imagewoof2-320/val/n02093754/n02093754_661.JPEG,n02093754,182,Border terrier,webp,77,182,Border terrier,0.46146929264068604,True,43105,43020,1.0019758251975825,34.37190286743984,0.9747835177780884
imagewoof,data/imagewoof2-320/val/n02093754/n02093754_6622.JPEG,n02093754,182,Border terrier,webp,77,182,Border terrier,0.20072361826896667,True,23288,18812,1.23793323410589,35.96975258198184,0.9520013899867298
imagewoof,data/imagewoof2-320/val/n02093754/n02093754_6630.JPEG,n02093754,182,Border terrier,webp,77,182,Border terrier,0.44398197531700134,True,14835,8712,1.7028236914600552,38.70750444341995,0.9625485365589453
imagewoof,data/imagewoof2-320/val/n02093754/n02093754_6651.JPEG,n02093754,182,Border terrier,webp,77,182,Border terrier,0.47902175784111023,True,36203,33970,1.0657344715925816,35.06231233011656,0.971407951274737
imagewoof,data/imagewoof2-320/val/n02093754/n02093754_6671.JPEG,n02093754,182,Border terrier,webp,77,182,Border terrier,0.31208011507987976,True,27921,22524,1.2396110815130528,35.74796949460771,0.9469007812579998
imagewoof,data/imagewoof2-320/val/n02093754/n02093754_6682.JPEG,n02093754,182,Border terrier,webp,77,182,Border terrier,0.4820225238800049,True,29733,24398,1.2186654643823265,34.69369854823428,0.9427281870915399
imagewoof,data/imagewoof2-320/val/n02093754/n02093754_6690.JPEG,n02093754,182,Border terrier,webp,77,170,Irish wolfhound,0.21887455880641937,False,37197,35444,1.0494583004175602,35.1875404335683,0.968572486469068
imagewoof,data/imagewoof2-320/val/n02093754/n02093754_6692.JPEG,n02093754,182,Border terrier,webp,77,182,Border terrier,0.44416746497154236,True,50337,50656,0.9937026216045484,34.08528560202371,0.9864435301597981
imagewoof,data/imagewoof2-320/val/n02093754/n02093754_670.JPEG,n02093754,182,Border terrier,webp,77,182,Border terrier,0.6740482449531555,True,19647,12674,1.550181473883541,37.091022953777205,0.9377324270551785
imagewoof,data/imagewoof2-320/val/n02093754/n02093754_672.JPEG,n02093754,182,Border terrier,webp,77,182,Border terrier,0.4102957844734192,True,40229,38732,1.0386502117112466,34.73772172585393,0.9756685462492504
imagewoof,data/imagewoof2-320/val/n02093754/n02093754_6732.JPEG,n02093754,182,Border terrier,webp,77,198,standard schnauzer,0.27733343839645386,False,14934,9370,1.5938100320170758,37.58026122784892,0.95408446647752
imagewoof,data/imagewoof2-320/val/n02093754/n02093754_6760.JPEG,n02093754,182,Border terrier,webp,77,182,Border terrier,0.31983938813209534,True,16907,12948,1.3057615075687365,37.54161826201594,0.970088719964382
imagewoof,data/imagewoof2-320/val/n02093754/n02093754_6770.JPEG,n02093754,182,Border terrier,webp,77,182,Border terrier,0.4790468215942383,True,31028,25916,1.1972526624479087,36.15344265584031,0.9553025802282061
imagewoof,data/imagewoof2-320/val/n02093754/n02093754_6771.JPEG,n02093754,182,Border terrier,webp,77,182,Border terrier,0.3008987307548523,True,32483,29014,1.1195629696008824,34.87814929730616,0.9636476806389567
imagewoof,data/imagewoof2-320/val/n02093754/n02093754_6781.JPEG,n02093754,182,Border terrier,webp,77,182,Border terrier,0.45518064498901367,True,43625,43314,1.007180126517985,34.502659420613014,0.9793280472692251
imagewoof,data/imagewoof2-320/val/n02093754/n02093754_680.JPEG,n02093754,182,Border terrier,webp,77,182,Border terrier,0.5761501789093018,True,22873,15732,1.4539155860666158,37.26183012137725,0.9558348657102888
imagewoof,data/imagewoof2-320/val/n02093754/n02093754_681.JPEG,n02093754,182,Border terrier,webp,77,182,Border terrier,0.40198981761932373,True,29925,25772,1.1611438770758964,35.743009663501425,0.9668173800774449
imagewoof,data/imagewoof2-320/val/n02093754/n02093754_6850.JPEG,n02093754,182,Border terrier,webp,77,182,Border terrier,0.4950147569179535,True,26135,20678,1.2639036657316955,36.691835009875184,0.9649571429941947
imagewoof,data/imagewoof2-320/val/n02093754/n02093754_6852.JPEG,n02093754,182,Border terrier,webp,77,187,Yorkshire terrier,0.1483556628227234,False,39897,37920,1.052136075949367,35.041091385191955,0.9735147301789024
imagewoof,data/imagewoof2-320/val/n02093754/n02093754_692.JPEG,n02093754,182,Border terrier,webp,77,182,Border terrier,0.4010346829891205,True,38091,34408,1.107039060683562,35.03914784065741,0.9722792854541691
imagewoof,data/imagewoof2-320/val/n02093754/n02093754_6920.JPEG,n02093754,182,Border terrier,webp,77,182,Border terrier,0.4773063063621521,True,23892,17890,1.3354946897708218,36.787591266589004,0.9550820757185289
imagewoof,data/imagewoof2-320/val/n02093754/n02093754_6951.JPEG,n02093754,182,Border terrier,webp,77,182,Border terrier,0.5471058487892151,True,19928,14792,1.347214710654408,37.42619281947881,0.9578116286560321
imagewoof,data/imagewoof2-320/val/n02093754/n02093754_6962.JPEG,n02093754,182,Border terrier,webp,77,182,Border terrier,0.677600622177124,True,41253,37998,1.0856624032843833,34.78191570391951,0.9744030771568907
imagewoof,data/imagewoof2-320/val/n02093754/n02093754_6980.JPEG,n02093754,182,Border terrier,webp,77,182,Border terrier,0.3243597447872162,True,32296,27768,1.1630653990204551,35.34813628724199,0.964683648906678
imagewoof,data/imagewoof2-320/val/n02093754/n02093754_6992.JPEG,n02093754,182,Border terrier,webp,77,182,Border terrier,0.5097175240516663,True,16849,12310,1.3687246141348497,37.18285749017847,0.937269954792242
imagewoof,data/imagewoof2-320/val/n02093754/n02093754_70.JPEG,n02093754,182,Border terrier,webp,77,182,Border terrier,0.453909307718277,True,27064,22440,1.206060606060606,35.95861147775677,0.9394072380605669
imagewoof,data/imagewoof2-320/val/n02093754/n02093754_7021.JPEG,n02093754,182,Border terrier,webp,77,182,Border terrier,0.3787621259689331,True,19874,13298,1.494510452699654,37.62855319200368,0.9552107475784649
imagewoof,data/imagewoof2-320/val/n02093754/n02093754_7060.JPEG,n02093754,182,Border terrier,webp,77,182,Border terrier,0.3512093722820282,True,25288,19304,1.3099875673435557,36.31775646625206,0.9459417450508858
imagewoof,data/imagewoof2-320/val/n02093754/n02093754_7082.JPEG,n02093754,182,Border terrier,webp,77,182,Border terrier,0.44793248176574707,True,33884,31140,1.0881181759794476,35.1305836751867,0.9654861706682931
imagewoof,data/imagewoof2-320/val/n02093754/n02093754_7090.JPEG,n02093754,182,Border terrier,webp,77,182,Border terrier,0.292707234621048,True,24835,19890,1.2486173956762192,36.664856978653646,0.9691768963698199
imagewoof,data/imagewoof2-320/val/n02093754/n02093754_7091.JPEG,n02093754,182,Border terrier,webp,77,182,Border terrier,0.418765664100647,True,47124,47434,0.9934646034490028,34.76757112523663,0.9769064174698601
imagewoof,data/imagewoof2-320/val/n02093754/n02093754_7101.JPEG,n02093754,182,Border terrier,webp,77,182,Border terrier,0.20518091320991516,True,28321,23726,1.1936693922279356,36.17199477491376,0.9728584280183643
imagewoof,data/imagewoof2-320/val/n02093754/n02093754_712.JPEG,n02093754,182,Border terrier,webp,77,182,Border terrier,0.6067683100700378,True,40750,38228,1.0659725855393951,33.94206157509799,0.9700080446675515
imagewoof,data/imagewoof2-320/val/n02093754/n02093754_7132.JPEG,n02093754,182,Border terrier,webp,77,182,Border terrier,0.490288108587265,True,28851,24600,1.1728048780487805,34.76851527622199,0.9516029916511274
imagewoof,data/imagewoof2-320/val/n02093754/n02093754_7180.JPEG,n02093754,182,Border terrier,webp,77,182,Border terrier,0.4502962827682495,True,52692,53400,0.9867415730337079,33.717872233663755,0.9845510513346384
imagewoof,data/imagewoof2-320/val/n02093754/n02093754_7181.JPEG,n02093754,182,Border terrier,webp,77,182,Border terrier,0.18503965437412262,True,26126,20276,1.288518445452752,35.70856466748486,0.9631791843585757
imagewoof,data/imagewoof2-320/val/n02093754/n02093754_721.JPEG,n02093754,182,Border terrier,webp,77,182,Border terrier,0.8495723009109497,True,21313,14840,1.4361859838274933,36.954733436423155,0.9398432699111005
imagewoof,data/imagewoof2-320/val/n02093754/n02093754_7222.JPEG,n02093754,182,Border terrier,webp,77,182,Border terrier,0.5551684498786926,True,25198,20546,1.226418767643337,35.82365760026963,0.9567536800139798
imagewoof,data/imagewoof2-320/val/n02093754/n02093754_7241.JPEG,n02093754,182,Border terrier,webp,77,182,Border terrier,0.4455451965332031,True,24350,19302,1.2615273028701688,36.59946347716752,0.9601519064432503
imagewoof,data/imagewoof2-320/val/n02093754/n02093754_7251.JPEG,n02093754,182,Border terrier,webp,77,182,Border terrier,0.4662930369377136,True,47645,47486,1.0033483553047213,33.92848012332907,0.9769647982681328
imagewoof,data/imagewoof2-320/val/n02093754/n02093754_7261.JPEG,n02093754,182,Border terrier,webp,77,182,Border terrier,0.34973424673080444,True,38835,37538,1.0345516543236188,35.01508312375302,0.9777157420525611
imagewoof,data/imagewoof2-320/val/n02093754/n02093754_7280.JPEG,n02093754,182,Border terrier,webp,77,182,Border terrier,0.3781265616416931,True,23929,21010,1.1389338410280818,35.87143130663798,0.9698516655496139
imagewoof,data/imagewoof2-320/val/n02093754/n02093754_730.JPEG,n02093754,182,Border terrier,webp,77,182,Border terrier,0.29445406794548035,True,36491,32432,1.1251541687222497,35.07302417885466,0.9656895647465378
imagewoof,data/imagewoof2-320/val/n02093754/n02093754_7300.JPEG,n02093754,182,Border terrier,webp,77,182,Border terrier,0.5034434199333191,True,27544,22244,1.2382664988311454,36.145804438514084,0.9548583880510467
imagewoof,data/imagewoof2-320/val/n02093754/n02093754_7310.JPEG,n02093754,182,Border terrier,webp,77,182,Border terrier,0.38943707942962646,True,27465,21498,1.2775607033212393,36.42858511631685,0.9509522212547764
imagewoof,data/imagewoof2-320/val/n02093754/n02093754_7370.JPEG,n02093754,182,Border terrier,webp,77,182,Border terrier,0.4212837815284729,True,23289,17288,1.3471193891716797,37.31591447788949,0.9588806605077164
imagewoof,data/imagewoof2-320/val/n02093754/n02093754_7372.JPEG,n02093754,182,Border terrier,webp,77,182,Border terrier,0.45668452978134155,True,13999,8970,1.5606465997770345,37.685164585269966,0.9652228426813331
imagewoof,data/imagewoof2-320/val/n02093754/n02093754_7390.JPEG,n02093754,182,Border terrier,webp,77,182,Border terrier,0.4026453197002411,True,26338,19784,1.3312778002426202,36.4834119586277,0.9545346457682714
imagewoof,data/imagewoof2-320/val/n02093754/n02093754_7440.JPEG,n02093754,182,Border terrier,webp,77,182,Border terrier,0.3786216378211975,True,26544,21918,1.2110594032302218,36.202408803538304,0.9566477157689436
imagewoof,data/imagewoof2-320/val/n02093754/n02093754_7441.JPEG,n02093754,182,Border terrier,webp,77,182,Border terrier,0.32464104890823364,True,35568,30298,1.1739388738530596,35.76355136205126,0.9774557372418652
imagewoof,data/imagewoof2-320/val/n02093754/n02093754_7451.JPEG,n02093754,182,Border terrier,webp,77,182,Border terrier,0.5404494404792786,True,26845,22510,1.1925810750777432,35.80092214212406,0.9556045489812197
imagewoof,data/imagewoof2-320/val/n02093754/n02093754_7480.JPEG,n02093754,182,Border terrier,webp,77,182,Border terrier,0.41891664266586304,True,30197,26608,1.1348842453397474,35.50784993477415,0.9678158593800629
imagewoof,data/imagewoof2-320/val/n02093754/n02093754_7482.JPEG,n02093754,182,Border terrier,webp,77,361,skunk,0.04813707619905472,False,22379,16878,1.325927242564285,36.908311271202344,0.9485310473049365
imagewoof,data/imagewoof2-320/val/n02093754/n02093754_7512.JPEG,n02093754,182,Border terrier,webp,77,182,Border terrier,0.3847380578517914,True,26890,22094,1.217072508373314,36.40171231838346,0.9696172830801796
imagewoof,data/imagewoof2-320/val/n02093754/n02093754_7532.JPEG,n02093754,182,Border terrier,webp,77,182,Border terrier,0.4636591076850891,True,20568,14920,1.3785522788203752,37.68862166195555,0.9648124685994803
imagewoof,data/imagewoof2-320/val/n02093754/n02093754_7552.JPEG,n02093754,182,Border terrier,webp,77,182,Border terrier,0.504638135433197,True,36238,33286,1.0886859340263173,35.251924245983766,0.9727170401856445
imagewoof,data/imagewoof2-320/val/n02093754/n02093754_7561.JPEG,n02093754,182,Border terrier,webp,77,180,American Staffordshire terrier,0.14301525056362152,False,20020,13776,1.4532520325203253,36.95675313571342,0.9580208646395247
imagewoof,data/imagewoof2-320/val/n02093754/n02093754_7662.JPEG,n02093754,182,Border terrier,webp,77,182,Border terrier,0.5453017950057983,True,15763,9164,1.720100392841554,38.12412696317428,0.9622132567112773
imagewoof,data/imagewoof2-320/val/n02093754/n02093754_7671.JPEG,n02093754,182,Border terrier,webp,77,182,Border terrier,0.5801987051963806,True,25114,15036,1.6702580473530195,38.155529952601256,0.9584894077269118
imagewoof,data/imagewoof2-320/val/n02093754/n02093754_7701.JPEG,n02093754,182,Border terrier,webp,77,182,Border terrier,0.47557681798934937,True,32900,29750,1.1058823529411765,35.02888192999794,0.9704167011774215
imagewoof,data/imagewoof2-320/val/n02093754/n02093754_771.JPEG,n02093754,182,Border terrier,webp,77,191,Airedale,0.062015678733587265,False,14714,7422,1.9824845055241176,38.61913618917206,0.9450324339750061
imagewoof,data/imagewoof2-320/val/n02093754/n02093754_7740.JPEG,n02093754,182,Border terrier,webp,77,182,Border terrier,0.4940754771232605,True,26680,22850,1.1676148796498906,36.41435938866845,0.9700645853160458
imagewoof,data/imagewoof2-320/val/n02093754/n02093754_7742.JPEG,n02093754,182,Border terrier,webp,77,182,Border terrier,0.3926529586315155,True,28623,23436,1.221326164874552,35.79034912769585,0.9523169516597708
imagewoof,data/imagewoof2-320/val/n02093754/n02093754_7791.JPEG,n02093754,182,Border terrier,webp,77,182,Border terrier,0.43166935443878174,True,18541,13312,1.3928034855769231,37.078045019287885,0.948172034486718
imagewoof,data/imagewoof2-320/val/n02093754/n02093754_7792.JPEG,n02093754,182,Border terrier,webp,77,182,Border terrier,0.26997101306915283,True,26284,22394,1.173707243011521,36.24765972994219,0.9647515126369752
imagewoof,data/imagewoof2-320/val/n02093754/n02093754_782.JPEG,n02093754,182,Border terrier,webp,77,182,Border terrier,0.4597819745540619,True,30524,26020,1.173097617217525,35.642362703817646,0.9577945207435109
imagewoof,data/imagewoof2-320/val/n02093754/n02093754_7820.JPEG,n02093754,182,Border terrier,webp,77,182,Border terrier,0.23019950091838837,True,47407,47230,1.0037476180393818,34.49875463992828,0.9841439995267508
imagewoof,data/imagewoof2-320/val/n02093754/n02093754_7900.JPEG,n02093754,182,Border terrier,webp,77,182,Border terrier,0.36340102553367615,True,24016,19444,1.2351368031269285,36.12323950375324,0.9700041395684064
imagewoof,data/imagewoof2-320/val/n02093754/n02093754_7902.JPEG,n02093754,182,Border terrier,webp,77,182,Border terrier,0.3139888346195221,True,36526,34458,1.0600150908352197,34.9359895201289,0.969452795285056
imagewoof,data/imagewoof2-320/val/n02093754/n02093754_791.JPEG,n02093754,182,Border terrier,webp,77,182,Border terrier,0.29376277327537537,True,26252,21390,1.2273024777933614,35.972460809570336,0.9454022915983832
imagewoof,data/imagewoof2-320/val/n02093754/n02093754_7931.JPEG,n02093754,182,Border terrier,webp,77,182,Border terrier,0.42283809185028076,True,44706,45498,0.9825926414347883,33.31603421917737,0.970422886577286
imagewoof,data/imagewoof2-320/val/n02093754/n02093754_7940.JPEG,n02093754,182,Border terrier,webp,77,182,Border terrier,0.48094886541366577,True,15667,9144,1.7133639545056867,38.62223498324019,0.9617696738395152
imagewoof,data/imagewoof2-320/val/n02093754/n02093754_7950.JPEG,n02093754,182,Border terrier,webp,77,187,Yorkshire terrier,0.03245534002780914,False,24575,18882,1.3015040779578435,36.399940268973566,0.9567371104490707
imagewoof,data/imagewoof2-320/val/n02093754/n02093754_7991.JPEG,n02093754,182,Border terrier,webp,77,182,Border terrier,0.4234743118286133,True,20475,13856,1.4776991916859123,37.3432737967458,0.9625349020668859
imagewoof,data/imagewoof2-320/val/n02093754/n02093754_8021.JPEG,n02093754,182,Border terrier,webp,77,182,Border terrier,0.20700794458389282,True,24482,18704,1.308917878528657,35.885127099121064,0.954390824749999
imagewoof,data/imagewoof2-320/val/n02093754/n02093754_8032.JPEG,n02093754,182,Border terrier,webp,77,182,Border terrier,0.3809274435043335,True,38713,35050,1.1045078459343796,34.88870468432491,0.971331122732665
imagewoof,data/imagewoof2-320/val/n02093754/n02093754_8082.JPEG,n02093754,182,Border terrier,webp,77,182,Border terrier,0.4095822870731354,True,28011,22746,1.2314692693220786,36.68866343359109,0.9706985771686356
imagewoof,data/imagewoof2-320/val/n02093754/n02093754_810.JPEG,n02093754,182,Border terrier,webp,77,182,Border terrier,0.5478959083557129,True,28097,21634,1.2987427197929187,34.92543362033097,0.9589794895510733
imagewoof,data/imagewoof2-320/val/n02093754/n02093754_811.JPEG,n02093754,182,Border terrier,webp,77,182,Border terrier,0.5297559499740601,True,29154,25594,1.1390951004141596,35.074177924433776,0.967378360702143
imagewoof,data/imagewoof2-320/val/n02093754/n02093754_820.JPEG,n02093754,182,Border terrier,webp,77,182,Border terrier,0.3539296090602875,True,26116,18022,1.4491177449783599,36.6692867011365,0.9557749928281014
imagewoof,data/imagewoof2-320/val/n02093754/n02093754_850.JPEG,n02093754,182,Border terrier,webp,77,182,Border terrier,0.33889418840408325,True,29408,24112,1.2196416721964167,34.2510016181391,0.9271960130033752
imagewoof,data/imagewoof2-320/val/n02093754/n02093754_851.JPEG,n02093754,182,Border terrier,webp,77,182,Border terrier,0.11139006912708282,True,28936,25014,1.1567921963700327,35.61056797326862,0.967490296028407
imagewoof,data/imagewoof2-320/val/n02093754/n02093754_860.JPEG,n02093754,182,Border terrier,webp,77,182,Border terrier,0.1838054209947586,True,20948,13794,1.5186312889662172,37.082279159649914,0.9424893545403693
imagewoof,data/imagewoof2-320/val/n02093754/n02093754_862.JPEG,n02093754,182,Border terrier,webp,77,170,Irish wolfhound,0.10833729803562164,False,26640,21138,1.2602895259721827,35.96609731405796,0.9446871912575096
imagewoof,data/imagewoof2-320/val/n02093754/n02093754_90.JPEG,n02093754,182,Border terrier,webp,77,182,Border terrier,0.5534949898719788,True,49696,51718,0.9609033605321164,34.373177175224455,0.9840592632146167
imagewoof,data/imagewoof2-320/val/n02093754/n02093754_900.JPEG,n02093754,182,Border terrier,webp,77,182,Border terrier,0.39004990458488464,True,28713,23242,1.2353928233370621,36.00461090265338,0.9572917829696478
imagewoof,data/imagewoof2-320/val/n02093754/n02093754_912.JPEG,n02093754,182,Border terrier,webp,77,182,Border terrier,0.5143322348594666,True,27512,22774,1.2080442609993853,36.188428924097224,0.9582867011476717
imagewoof,data/imagewoof2-320/val/n02093754/n02093754_921.JPEG,n02093754,182,Border terrier,webp,77,182,Border terrier,0.40784117579460144,True,18541,11550,1.6052813852813852,37.193011860110545,0.9415814475127218
imagewoof,data/imagewoof2-320/val/n02093754/n02093754_970.JPEG,n02093754,182,Border terrier,webp,77,182,Border terrier,0.32648494839668274,True,20601,16086,1.2806788511749347,36.35430241820282,0.9473531556407035
imagewoof,data/imagewoof2-320/val/n02096294/ILSVRC2012_val_00003690.JPEG,n02096294,193,Australian terrier,webp,77,193,Australian terrier,0.18059247732162476,True,29214,23324,1.2525295832618761,35.4142290230913,0.9528169235892482
imagewoof,data/imagewoof2-320/val/n02096294/ILSVRC2012_val_00009052.JPEG,n02096294,193,Australian terrier,webp,77,193,Australian terrier,0.3801098167896271,True,21244,13422,1.582774549247504,37.3631642514865,0.9488726537496879
imagewoof,data/imagewoof2-320/val/n02096294/ILSVRC2012_val_00011152.JPEG,n02096294,193,Australian terrier,webp,77,187,Yorkshire terrier,0.11194934695959091,False,15871,8550,1.8562573099415205,38.83027116677491,0.9543438654297769
imagewoof,data/imagewoof2-320/val/n02096294/ILSVRC2012_val_00012460.JPEG,n02096294,193,Australian terrier,webp,77,193,Australian terrier,0.24698801338672638,True,17517,12704,1.3788570528967254,36.93028526791447,0.9582641577519865
imagewoof,data/imagewoof2-320/val/n02096294/ILSVRC2012_val_00017380.JPEG,n02096294,193,Australian terrier,webp,77,186,Norwich terrier,0.40801578760147095,False,43879,42462,1.0333710140831802,34.366099169224526,0.9700268898427534
imagewoof,data/imagewoof2-320/val/n02096294/ILSVRC2012_val_00019830.JPEG,n02096294,193,Australian terrier,webp,77,193,Australian terrier,0.3099982440471649,True,29451,24616,1.1964169645758855,35.59149199410838,0.9572574020090766
imagewoof,data/imagewoof2-320/val/n02096294/ILSVRC2012_val_00022292.JPEG,n02096294,193,Australian terrier,webp,77,200,Tibetan terrier,0.15741585195064545,False,20944,16910,1.2385570668243642,35.37442136531957,0.9624661448311803
imagewoof,data/imagewoof2-320/val/n02096294/ILSVRC2012_val_00025912.JPEG,n02096294,193,Australian terrier,webp,77,186,Norwich terrier,0.4415947496891022,False,44077,42534,1.0362768608642499,34.287399038181135,0.9711031405534168
imagewoof,data/imagewoof2-320/val/n02096294/ILSVRC2012_val_00027492.JPEG,n02096294,193,Australian terrier,webp,77,193,Australian terrier,0.37190520763397217,True,17264,9512,1.8149705634987385,37.44604882253917,0.954343435522918
imagewoof,data/imagewoof2-320/val/n02096294/ILSVRC2012_val_00028540.JPEG,n02096294,193,Australian terrier,webp,77,185,Norfolk terrier,0.2974873185157776,False,19761,13240,1.492522658610272,38.10529267052941,0.9538901100425622
imagewoof,data/imagewoof2-320/val/n02096294/ILSVRC2012_val_00029381.JPEG,n02096294,193,Australian terrier,webp,77,193,Australian terrier,0.5437455773353577,True,37810,33556,1.126773155322446,35.171508086298,0.9656957970537299
imagewoof,data/imagewoof2-320/val/n02096294/ILSVRC2012_val_00029691.JPEG,n02096294,193,Australian terrier,webp,77,182,Border terrier,0.08125951141119003,False,25771,21720,1.1865101289134439,35.96797595409109,0.9587432616504898
imagewoof,data/imagewoof2-320/val/n02096294/ILSVRC2012_val_00039692.JPEG,n02096294,193,Australian terrier,webp,77,193,Australian terrier,0.2778915762901306,True,28315,23308,1.2148189462845376,36.25869544760877,0.9586037442280118
imagewoof,data/imagewoof2-320/val/n02096294/ILSVRC2012_val_00039701.JPEG,n02096294,193,Australian terrier,webp,77,184,Irish terrier,0.2484658658504486,False,21040,14300,1.4713286713286713,37.3748291244519,0.9445720273316437
imagewoof,data/imagewoof2-320/val/n02096294/ILSVRC2012_val_00042022.JPEG,n02096294,193,Australian terrier,webp,77,192,cairn,0.1735355257987976,False,25285,20632,1.2255234587049244,36.222037056553674,0.9716390026075988
imagewoof,data/imagewoof2-320/val/n02096294/ILSVRC2012_val_00042181.JPEG,n02096294,193,Australian terrier,webp,77,193,Australian terrier,0.5691529512405396,True,26709,20088,1.329599761051374,36.12567284235121,0.9602410170530273
imagewoof,data/imagewoof2-320/val/n02096294/ILSVRC2012_val_00044000.JPEG,n02096294,193,Australian terrier,webp,77,200,Tibetan terrier,0.12454956024885178,False,23395,19848,1.178708182184603,35.557353486756796,0.9647463240491653
imagewoof,data/imagewoof2-320/val/n02096294/ILSVRC2012_val_00048652.JPEG,n02096294,193,Australian terrier,webp,77,207,golden retriever,0.11345253884792328,False,18806,12132,1.5501153972964061,37.99805029843427,0.9514649898097535
imagewoof,data/imagewoof2-320/val/n02096294/n02096294_1.JPEG,n02096294,193,Australian terrier,webp,77,180,American Staffordshire terrier,0.06346998363733292,False,31470,26772,1.1754818467055133,35.83231042072101,0.9673891471781056
imagewoof,data/imagewoof2-320/val/n02096294/n02096294_10.JPEG,n02096294,193,Australian terrier,webp,77,193,Australian terrier,0.19363783299922943,True,18422,13356,1.3793051811919737,37.22467252913727,0.9615918493324435
imagewoof,data/imagewoof2-320/val/n02096294/n02096294_10071.JPEG,n02096294,193,Australian terrier,webp,77,193,Australian terrier,0.191989466547966,True,12879,9058,1.4218370501214397,39.44023480771929,0.9803687980260186
imagewoof,data/imagewoof2-320/val/n02096294/n02096294_101.JPEG,n02096294,193,Australian terrier,webp,77,193,Australian terrier,0.3957786560058594,True,13722,8528,1.6090525328330207,38.1591683406632,0.9565965455019917
imagewoof,data/imagewoof2-320/val/n02096294/n02096294_10190.JPEG,n02096294,193,Australian terrier,webp,77,193,Australian terrier,0.3440898358821869,True,19426,12760,1.5224137931034483,37.972786111363426,0.9567280094560355
imagewoof,data/imagewoof2-320/val/n02096294/n02096294_1020.JPEG,n02096294,193,Australian terrier,webp,77,199,Scotch terrier,0.11723126471042633,False,26668,23000,1.1594782608695653,35.46892611020948,0.9661577519235646
imagewoof,data/imagewoof2-320/val/n02096294/n02096294_1031.JPEG,n02096294,193,Australian terrier,webp,77,193,Australian terrier,0.3746304214000702,True,19616,12318,1.5924663094658225,37.547497482090805,0.9467257341828751
imagewoof,data/imagewoof2-320/val/n02096294/n02096294_10390.JPEG,n02096294,193,Australian terrier,webp,77,193,Australian terrier,0.28492429852485657,True,30045,24758,1.2135471362791825,35.626147210330515,0.9617600363229215
imagewoof,data/imagewoof2-320/val/n02096294/n02096294_10461.JPEG,n02096294,193,Australian terrier,webp,77,187,Yorkshire terrier,0.10902959853410721,False,23510,17746,1.324805589992111,37.14383186644737,0.9454448063477482
imagewoof,data/imagewoof2-320/val/n02096294/n02096294_1062.JPEG,n02096294,193,Australian terrier,webp,77,187,Yorkshire terrier,0.2737678289413452,False,29986,23948,1.2521296141640221,36.03102804532366,0.9479104674098479
imagewoof,data/imagewoof2-320/val/n02096294/n02096294_10661.JPEG,n02096294,193,Australian terrier,webp,77,193,Australian terrier,0.4579453468322754,True,28412,21342,1.3312716708837036,35.793373031368034,0.9634849544068121
imagewoof,data/imagewoof2-320/val/n02096294/n02096294_10711.JPEG,n02096294,193,Australian terrier,webp,77,193,Australian terrier,0.46745380759239197,True,43614,38454,1.1341863005149009,35.32558930418011,0.9605598291502776
imagewoof,data/imagewoof2-320/val/n02096294/n02096294_10741.JPEG,n02096294,193,Australian terrier,webp,77,193,Australian terrier,0.14578869938850403,True,15279,10206,1.4970605526161083,37.38814643875389,0.940442594378371
imagewoof,data/imagewoof2-320/val/n02096294/n02096294_1081.JPEG,n02096294,193,Australian terrier,webp,77,193,Australian terrier,0.27573132514953613,True,24290,18152,1.3381445570736008,36.46678153575335,0.959665308679825
imagewoof,data/imagewoof2-320/val/n02096294/n02096294_10870.JPEG,n02096294,193,Australian terrier,webp,77,193,Australian terrier,0.6295914649963379,True,32759,28026,1.1688788981659888,35.3729158288052,0.9727361094851686
imagewoof,data/imagewoof2-320/val/n02096294/n02096294_10931.JPEG,n02096294,193,Australian terrier,webp,77,193,Australian terrier,0.22280994057655334,True,33738,28360,1.1896332863187589,35.68402428310981,0.9495768946499359
imagewoof,data/imagewoof2-320/val/n02096294/n02096294_11.JPEG,n02096294,193,Australian terrier,webp,77,193,Australian terrier,0.5080718398094177,True,25419,18534,1.3714794431854969,36.73454227208615,0.9447669619549247
imagewoof,data/imagewoof2-320/val/n02096294/n02096294_1102.JPEG,n02096294,193,Australian terrier,webp,77,193,Australian terrier,0.4624156355857849,True,32908,28726,1.1455823992202185,35.41065996513897,0.9630616464405853
imagewoof,data/imagewoof2-320/val/n02096294/n02096294_11050.JPEG,n02096294,193,Australian terrier,webp,77,193,Australian terrier,0.5276138186454773,True,27122,19166,1.4151100907857666,36.54749552708892,0.9555519010878847
imagewoof,data/imagewoof2-320/val/n02096294/n02096294_11091.JPEG,n02096294,193,Australian terrier,webp,77,193,Australian terrier,0.33218511939048767,True,22059,15498,1.4233449477351916,36.9767716172976,0.9498678802915759
imagewoof,data/imagewoof2-320/val/n02096294/n02096294_1111.JPEG,n02096294,193,Australian terrier,webp,77,193,Australian terrier,0.30469241738319397,True,18428,12356,1.4914211719002914,37.16427915759998,0.9562623609325609
imagewoof,data/imagewoof2-320/val/n02096294/n02096294_11121.JPEG,n02096294,193,Australian terrier,webp,77,193,Australian terrier,0.13743320107460022,True,31815,31234,1.018601523980278,34.27966252041555,0.9693759215393268
imagewoof,data/imagewoof2-320/val/n02096294/n02096294_11181.JPEG,n02096294,193,Australian terrier,webp,77,193,Australian terrier,0.21385516226291656,True,14928,8816,1.693284936479129,37.432618076186415,0.9345802091066785
imagewoof,data/imagewoof2-320/val/n02096294/n02096294_1120.JPEG,n02096294,193,Australian terrier,webp,77,201,silky terrier,0.09855799376964569,False,48292,49402,0.9775312740374884,34.14885771563232,0.9803785348967214
imagewoof,data/imagewoof2-320/val/n02096294/n02096294_11202.JPEG,n02096294,193,Australian terrier,webp,77,201,silky terrier,0.14779528975486755,False,34166,30080,1.1358377659574468,35.60639004052818,0.9513609816021896
imagewoof,data/imagewoof2-320/val/n02096294/n02096294_1121.JPEG,n02096294,193,Australian terrier,webp,77,187,Yorkshire terrier,0.16919362545013428,False,34046,30908,1.1015271127216255,35.12519532085378,0.9730075903319086
imagewoof,data/imagewoof2-320/val/n02096294/n02096294_11282.JPEG,n02096294,193,Australian terrier,webp,77,193,Australian terrier,0.2618059813976288,True,23474,17362,1.352033175901394,36.325150530158,0.9419412403784575
imagewoof,data/imagewoof2-320/val/n02096294/n02096294_1132.JPEG,n02096294,193,Australian terrier,webp,77,170,Irish wolfhound,0.12999816238880157,False,29558,19882,1.4866713610300775,37.250195153343284,0.9580087719250834
imagewoof,data/imagewoof2-320/val/n02096294/n02096294_1150.JPEG,n02096294,193,Australian terrier,webp,77,193,Australian terrier,0.4848504364490509,True,48930,48300,1.0130434782608695,34.02493701427182,0.9820005551160461
imagewoof,data/imagewoof2-320/val/n02096294/n02096294_1160.JPEG,n02096294,193,Australian terrier,webp,77,193,Australian terrier,0.528396725654602,True,41828,36894,1.133734482571692,35.013334731257174,0.9646543851061615
imagewoof,data/imagewoof2-320/val/n02096294/n02096294_11600.JPEG,n02096294,193,Australian terrier,webp,77,193,Australian terrier,0.5094258785247803,True,26405,18402,1.434898380610803,36.78694013994075,0.9541694105130701
imagewoof,data/imagewoof2-320/val/n02096294/n02096294_1161.JPEG,n02096294,193,Australian terrier,webp,77,193,Australian terrier,0.36183202266693115,True,27210,21882,1.2434877981902934,36.15522436201671,0.9511557438497178
imagewoof,data/imagewoof2-320/val/n02096294/n02096294_1162.JPEG,n02096294,193,Australian terrier,webp,77,193,Australian terrier,0.5953190922737122,True,19040,11022,1.7274541825440028,38.096916611177896,0.9564678817331398
imagewoof,data/imagewoof2-320/val/n02096294/n02096294_11651.JPEG,n02096294,193,Australian terrier,webp,77,193,Australian terrier,0.24326208233833313,True,45334,42882,1.0571801688354088,34.929579259171376,0.9830007935505828
imagewoof,data/imagewoof2-320/val/n02096294/n02096294_1170.JPEG,n02096294,193,Australian terrier,webp,77,193,Australian terrier,0.40487200021743774,True,13253,8414,1.5751129070596626,38.449380545380976,0.9816819035271359
imagewoof,data/imagewoof2-320/val/n02096294/n02096294_1182.JPEG,n02096294,193,Australian terrier,webp,77,187,Yorkshire terrier,0.33968836069107056,False,39294,36934,1.0638977635782747,34.221447357411535,0.9705413965937338
imagewoof,data/imagewoof2-320/val/n02096294/n02096294_11902.JPEG,n02096294,193,Australian terrier,webp,77,187,Yorkshire terrier,0.20401504635810852,False,21186,17008,1.2456491063029163,36.725266312997746,0.9674382783630632
imagewoof,data/imagewoof2-320/val/n02096294/n02096294_12.JPEG,n02096294,193,Australian terrier,webp,77,187,Yorkshire terrier,0.17951424419879913,False,13990,7622,1.835476252951981,39.01965045986068,0.9557215816052861
imagewoof,data/imagewoof2-320/val/n02096294/n02096294_1211.JPEG,n02096294,193,Australian terrier,webp,77,193,Australian terrier,0.19846086204051971,True,25169,19054,1.3209299884538679,36.17471696725675,0.9495952684283077
imagewoof,data/imagewoof2-320/val/n02096294/n02096294_1212.JPEG,n02096294,193,Australian terrier,webp,77,193,Australian terrier,0.29933491349220276,True,15848,9738,1.627438899157938,38.23641227272323,0.9716600108734609
imagewoof,data/imagewoof2-320/val/n02096294/n02096294_12140.JPEG,n02096294,193,Australian terrier,webp,77,193,Australian terrier,0.5033166408538818,True,24673,20076,1.2289798764694162,35.6064858399876,0.9607848256735606
imagewoof,data/imagewoof2-320/val/n02096294/n02096294_12161.JPEG,n02096294,193,Australian terrier,webp,77,193,Australian terrier,0.3005806505680084,True,20639,13684,1.508257819351067,37.216094135518354,0.9365706825559973
imagewoof,data/imagewoof2-320/val/n02096294/n02096294_1222.JPEG,n02096294,193,Australian terrier,webp,77,187,Yorkshire terrier,0.2092372328042984,False,32120,27508,1.1676603169986912,35.292298659600476,0.9575002629321562
imagewoof,data/imagewoof2-320/val/n02096294/n02096294_1231.JPEG,n02096294,193,Australian terrier,webp,77,193,Australian terrier,0.3384087383747101,True,18432,11792,1.5630936227951153,38.06719036430781,0.9698615944919564
imagewoof,data/imagewoof2-320/val/n02096294/n02096294_1260.JPEG,n02096294,193,Australian terrier,webp,77,193,Australian terrier,0.42552247643470764,True,28964,24064,1.203623670212766,35.567686265525104,0.9591010381801651
imagewoof,data/imagewoof2-320/val/n02096294/n02096294_12642.JPEG,n02096294,193,Australian terrier,webp,77,187,Yorkshire terrier,0.1878160834312439,False,25245,19588,1.2887992648560342,36.15174748203855,0.9539917903324696
imagewoof,data/imagewoof2-320/val/n02096294/n02096294_12761.JPEG,n02096294,193,Australian terrier,webp,77,193,Australian terrier,0.549360454082489,True,28338,23258,1.2184194685699545,35.56405577126973,0.955641030438096
imagewoof,data/imagewoof2-320/val/n02096294/n02096294_12852.JPEG,n02096294,193,Australian terrier,webp,77,256,Newfoundland,0.12007122486829758,False,18375,11310,1.6246684350132625,37.74007168827306,0.9580183483029784
imagewoof,data/imagewoof2-320/val/n02096294/n02096294_12931.JPEG,n02096294,193,Australian terrier,webp,77,193,Australian terrier,0.20540209114551544,True,17988,11342,1.5859636748368895,37.85686881378156,0.9541781311561192
imagewoof,data/imagewoof2-320/val/n02096294/n02096294_1302.JPEG,n02096294,193,Australian terrier,webp,77,193,Australian terrier,0.3931589424610138,True,20798,11916,1.7453843571668346,37.29089214082668,0.9573297451293364
imagewoof,data/imagewoof2-320/val/n02096294/n02096294_132.JPEG,n02096294,193,Australian terrier,webp,77,193,Australian terrier,0.5894838571548462,True,36443,31246,1.1663252896370735,35.433914361493734,0.9657713511605909
imagewoof,data/imagewoof2-320/val/n02096294/n02096294_1370.JPEG,n02096294,193,Australian terrier,webp,77,193,Australian terrier,0.22087423503398895,True,21308,14776,1.4420682187330807,36.675061050141224,0.9317478132533541
imagewoof,data/imagewoof2-320/val/n02096294/n02096294_1380.JPEG,n02096294,193,Australian terrier,webp,77,193,Australian terrier,0.40071171522140503,True,14664,10230,1.4334310850439882,37.27897945029767,0.9648018372357005
imagewoof,data/imagewoof2-320/val/n02096294/n02096294_1381.JPEG,n02096294,193,Australian terrier,webp,77,186,Norwich terrier,0.29320767521858215,False,23299,15714,1.4826905943744433,37.82246948823564,0.9681034406116119
imagewoof,data/imagewoof2-320/val/n02096294/n02096294_1400.JPEG,n02096294,193,Australian terrier,webp,77,193,Australian terrier,0.4629255533218384,True,19873,11516,1.725686002084057,38.16885846183507,0.9544739195830311
imagewoof,data/imagewoof2-320/val/n02096294/n02096294_141.JPEG,n02096294,193,Australian terrier,webp,77,193,Australian terrier,0.5358371734619141,True,40770,33874,1.2035779654011927,35.578671343687766,0.9701008496421295
imagewoof,data/imagewoof2-320/val/n02096294/n02096294_1411.JPEG,n02096294,193,Australian terrier,webp,77,193,Australian terrier,0.4967573285102844,True,21723,15458,1.4052917583128477,36.46289350615311,0.9561061494900255
imagewoof,data/imagewoof2-320/val/n02096294/n02096294_1420.JPEG,n02096294,193,Australian terrier,webp,77,193,Australian terrier,0.20332001149654388,True,29315,21938,1.3362658400948126,36.41868922879119,0.9652256706672236
imagewoof,data/imagewoof2-320/val/n02096294/n02096294_1441.JPEG,n02096294,193,Australian terrier,webp,77,201,silky terrier,0.23718684911727905,False,44155,43106,1.0243353593467266,34.15787784147149,0.9759140130711076
imagewoof,data/imagewoof2-320/val/n02096294/n02096294_1470.JPEG,n02096294,193,Australian terrier,webp,77,193,Australian terrier,0.3338887691497803,True,11074,5964,1.8568075117370892,39.38664656615692,0.9549464898382348
imagewoof,data/imagewoof2-320/val/n02096294/n02096294_1542.JPEG,n02096294,193,Australian terrier,webp,77,193,Australian terrier,0.5136532187461853,True,28697,22516,1.2745158998045834,35.76821820939613,0.9650685311678373
imagewoof,data/imagewoof2-320/val/n02096294/n02096294_1552.JPEG,n02096294,193,Australian terrier,webp,77,193,Australian terrier,0.4054940640926361,True,49680,49558,1.0024617619758667,33.920683102989464,0.9859720208682098
imagewoof,data/imagewoof2-320/val/n02096294/n02096294_160.JPEG,n02096294,193,Australian terrier,webp,77,187,Yorkshire terrier,0.1763063371181488,False,26407,22100,1.1948868778280544,35.9247757992744,0.9734064620304869
imagewoof,data/imagewoof2-320/val/n02096294/n02096294_1642.JPEG,n02096294,193,Australian terrier,webp,77,193,Australian terrier,0.24766705930233002,True,23276,17616,1.3212988192552226,37.406007260845136,0.9677035767797632
imagewoof,data/imagewoof2-320/val/n02096294/n02096294_1652.JPEG,n02096294,193,Australian terrier,webp,77,193,Australian terrier,0.3090254068374634,True,17577,11210,1.5679750223015165,38.19565600714712,0.9579479266968929
imagewoof,data/imagewoof2-320/val/n02096294/n02096294_1682.JPEG,n02096294,193,Australian terrier,webp,77,193,Australian terrier,0.6256982088088989,True,28648,19670,1.4564311133706151,36.38531567582346,0.9560200376302106
imagewoof,data/imagewoof2-320/val/n02096294/n02096294_171.JPEG,n02096294,193,Australian terrier,webp,77,232,Border collie,0.25430554151535034,False,33248,29022,1.1456136723864654,35.568517165574185,0.9593317963166174
imagewoof,data/imagewoof2-320/val/n02096294/n02096294_1741.JPEG,n02096294,193,Australian terrier,webp,77,193,Australian terrier,0.18411602079868317,True,33287,29146,1.1420778151375832,35.226536193470565,0.9711161532950096
imagewoof,data/imagewoof2-320/val/n02096294/n02096294_1750.JPEG,n02096294,193,Australian terrier,webp,77,193,Australian terrier,0.2197798490524292,True,13259,6136,2.1608539765319428,38.32090749243352,0.9279866185301016
imagewoof,data/imagewoof2-320/val/n02096294/n02096294_1792.JPEG,n02096294,193,Australian terrier,webp,77,193,Australian terrier,0.25309211015701294,True,17359,10540,1.6469639468690702,37.985383988019294,0.9516755207509079
imagewoof,data/imagewoof2-320/val/n02096294/n02096294_180.JPEG,n02096294,193,Australian terrier,webp,77,193,Australian terrier,0.44020897150039673,True,29733,24886,1.1947681427308527,35.79284241299152,0.959401662088235
imagewoof,data/imagewoof2-320/val/n02096294/n02096294_1811.JPEG,n02096294,193,Australian terrier,webp,77,193,Australian terrier,0.4985099732875824,True,25874,19362,1.3363288916434253,36.1728427770146,0.9526490091368977
imagewoof,data/imagewoof2-320/val/n02096294/n02096294_1850.JPEG,n02096294,193,Australian terrier,webp,77,193,Australian terrier,0.3911236524581909,True,23232,18368,1.264808362369338,36.37291366737395,0.9487318109691435
imagewoof,data/imagewoof2-320/val/n02096294/n02096294_1871.JPEG,n02096294,193,Australian terrier,webp,77,193,Australian terrier,0.5155915021896362,True,30959,26798,1.155272781550862,35.42079529214506,0.9594715158136023
imagewoof,data/imagewoof2-320/val/n02096294/n02096294_1880.JPEG,n02096294,193,Australian terrier,webp,77,193,Australian terrier,0.2010194957256317,True,32662,28710,1.137652385928248,35.443222269635164,0.9661578169418567
imagewoof,data/imagewoof2-320/val/n02096294/n02096294_1881.JPEG,n02096294,193,Australian terrier,webp,77,192,cairn,0.5737402439117432,False,30440,24626,1.236091935352879,36.33660812406545,0.9631021714426814
imagewoof,data/imagewoof2-320/val/n02096294/n02096294_1911.JPEG,n02096294,193,Australian terrier,webp,77,187,Yorkshire terrier,0.41504207253456116,False,18909,11196,1.6889067524115755,38.32734829533172,0.9553006389193258
imagewoof,data/imagewoof2-320/val/n02096294/n02096294_1992.JPEG,n02096294,193,Australian terrier,webp,77,182,Border terrier,0.3179449439048767,False,25111,19678,1.276095131619067,35.26610133635674,0.9374172537160094
imagewoof,data/imagewoof2-320/val/n02096294/n02096294_2051.JPEG,n02096294,193,Australian terrier,webp,77,193,Australian terrier,0.338040292263031,True,22614,17756,1.2735976571299843,36.37638694738071,0.9813091693052186
imagewoof,data/imagewoof2-320/val/n02096294/n02096294_2060.JPEG,n02096294,193,Australian terrier,webp,77,193,Australian terrier,0.3891858458518982,True,11356,7242,1.568075117370892,37.90206297944394,0.961194069476948
imagewoof,data/imagewoof2-320/val/n02096294/n02096294_2112.JPEG,n02096294,193,Australian terrier,webp,77,193,Australian terrier,0.5038884282112122,True,32580,23136,1.408195020746888,36.63915650965704,0.9482614256895028
imagewoof,data/imagewoof2-320/val/n02096294/n02096294_2142.JPEG,n02096294,193,Australian terrier,webp,77,193,Australian terrier,0.2804521322250366,True,26711,21608,1.236162532395409,36.22235873117716,0.9606972961281319
imagewoof,data/imagewoof2-320/val/n02096294/n02096294_2160.JPEG,n02096294,193,Australian terrier,webp,77,193,Australian terrier,0.3249308466911316,True,21246,16566,1.2825063382832307,35.985603828456355,0.9616784024967604
imagewoof,data/imagewoof2-320/val/n02096294/n02096294_2200.JPEG,n02096294,193,Australian terrier,webp,77,193,Australian terrier,0.380196213722229,True,27482,21810,1.2600641907381935,36.1378610193548,0.9598055942754202
imagewoof,data/imagewoof2-320/val/n02096294/n02096294_2220.JPEG,n02096294,193,Australian terrier,webp,77,193,Australian terrier,0.4705573618412018,True,38083,35478,1.0734257849935172,35.36041136057834,0.9655948885002781
imagewoof,data/imagewoof2-320/val/n02096294/n02096294_2230.JPEG,n02096294,193,Australian terrier,webp,77,193,Australian terrier,0.5581871867179871,True,18798,11656,1.6127316403568976,38.014584372729956,0.9541406303961272
imagewoof,data/imagewoof2-320/val/n02096294/n02096294_2232.JPEG,n02096294,193,Australian terrier,webp,77,193,Australian terrier,0.4749465584754944,True,18516,10532,1.7580706418533991,38.64870004111326,0.9620763826321149
imagewoof,data/imagewoof2-320/val/n02096294/n02096294_2242.JPEG,n02096294,193,Australian terrier,webp,77,193,Australian terrier,0.24745319783687592,True,17552,13054,1.3445687145702467,36.95877082533596,0.9771886433835814
imagewoof,data/imagewoof2-320/val/n02096294/n02096294_2282.JPEG,n02096294,193,Australian terrier,webp,77,187,Yorkshire terrier,0.19187971949577332,False,36275,32928,1.1016460155490768,34.36026636527465,0.9618788463318221
imagewoof,data/imagewoof2-320/val/n02096294/n02096294_232.JPEG,n02096294,193,Australian terrier,webp,77,186,Norwich terrier,0.24451324343681335,False,28388,24574,1.1552046878815008,36.326135466234184,0.9369812072353975
imagewoof,data/imagewoof2-320/val/n02096294/n02096294_2330.JPEG,n02096294,193,Australian terrier,webp,77,187,Yorkshire terrier,0.2094351053237915,False,16952,11814,1.4349077365837142,37.060541716217756,0.9680926780386879
imagewoof,data/imagewoof2-320/val/n02096294/n02096294_2380.JPEG,n02096294,193,Australian terrier,webp,77,193,Australian terrier,0.20299141108989716,True,31213,27410,1.138744983582634,34.267209628919446,0.9635191718424169
imagewoof,data/imagewoof2-320/val/n02096294/n02096294_2392.JPEG,n02096294,193,Australian terrier,webp,77,201,silky terrier,0.29239538311958313,False,46945,46754,1.004085211960474,34.385240128951175,0.9745004287270559
imagewoof,data/imagewoof2-320/val/n02096294/n02096294_2411.JPEG,n02096294,193,Australian terrier,webp,77,193,Australian terrier,0.19432933628559113,True,35020,32630,1.0732454796199815,35.300711167757186,0.9580297343238291
imagewoof,data/imagewoof2-320/val/n02096294/n02096294_2412.JPEG,n02096294,193,Australian terrier,webp,77,193,Australian terrier,0.5822038054466248,True,15009,8178,1.8352898019075568,38.92849219338344,0.9586544540080982
imagewoof,data/imagewoof2-320/val/n02096294/n02096294_2431.JPEG,n02096294,193,Australian terrier,webp,77,193,Australian terrier,0.5688775181770325,True,43125,41492,1.0393569844789357,33.966309649376825,0.9788501730387035
imagewoof,data/imagewoof2-320/val/n02096294/n02096294_2432.JPEG,n02096294,193,Australian terrier,webp,77,193,Australian terrier,0.46866241097450256,True,31440,26522,1.1854309629741346,35.35413692808517,0.9614207404896123
imagewoof,data/imagewoof2-320/val/n02096294/n02096294_2440.JPEG,n02096294,193,Australian terrier,webp,77,193,Australian terrier,0.3174586892127991,True,18765,10888,1.7234570168993386,38.11681995997814,0.9296033394230608
imagewoof,data/imagewoof2-320/val/n02096294/n02096294_2472.JPEG,n02096294,193,Australian terrier,webp,77,193,Australian terrier,0.57868891954422,True,31332,25270,1.2398891966759003,35.832027245567375,0.964083908340719
imagewoof,data/imagewoof2-320/val/n02096294/n02096294_250.JPEG,n02096294,193,Australian terrier,webp,77,193,Australian terrier,0.38829490542411804,True,21966,14238,1.5427728613569323,37.926425403139675,0.9598940529326758
imagewoof,data/imagewoof2-320/val/n02096294/n02096294_2540.JPEG,n02096294,193,Australian terrier,webp,77,193,Australian terrier,0.5028055310249329,True,13776,6862,2.0075779656076946,38.20981091350416,0.9601848589370275
imagewoof,data/imagewoof2-320/val/n02096294/n02096294_2580.JPEG,n02096294,193,Australian terrier,webp,77,193,Australian terrier,0.6955227851867676,True,38606,36400,1.0606043956043956,34.74987127608651,0.9793634814813122
imagewoof,data/imagewoof2-320/val/n02096294/n02096294_2590.JPEG,n02096294,193,Australian terrier,webp,77,201,silky terrier,0.27550411224365234,False,21363,16206,1.3182154757497224,36.39102719213986,0.9613095496631531
imagewoof,data/imagewoof2-320/val/n02096294/n02096294_2591.JPEG,n02096294,193,Australian terrier,webp,77,193,Australian terrier,0.6268213391304016,True,35479,29002,1.223329425556858,35.535004820394605,0.9732979479166866
imagewoof,data/imagewoof2-320/val/n02096294/n02096294_2602.JPEG,n02096294,193,Australian terrier,webp,77,185,Norfolk terrier,0.20173564553260803,False,20467,16696,1.2258624820316244,36.576576305472166,0.9719311686707476
imagewoof,data/imagewoof2-320/val/n02096294/n02096294_261.JPEG,n02096294,193,Australian terrier,webp,77,193,Australian terrier,0.16783373057842255,True,15329,9154,1.6745684946471489,38.32171906282285,0.9582008284103015
imagewoof,data/imagewoof2-320/val/n02096294/n02096294_2621.JPEG,n02096294,193,Australian terrier,webp,77,193,Australian terrier,0.4189779460430145,True,32550,28258,1.1518861915209853,35.342489092963156,0.9704259086949389
imagewoof,data/imagewoof2-320/val/n02096294/n02096294_2672.JPEG,n02096294,193,Australian terrier,webp,77,193,Australian terrier,0.3905199468135834,True,12703,8274,1.535291273869954,38.137288555499175,0.9768756108594968
imagewoof,data/imagewoof2-320/val/n02096294/n02096294_2681.JPEG,n02096294,193,Australian terrier,webp,77,187,Yorkshire terrier,0.22568245232105255,False,11862,5846,2.0290797126240165,41.153038235211945,0.9640818211023721
imagewoof,data/imagewoof2-320/val/n02096294/n02096294_2690.JPEG,n02096294,193,Australian terrier,webp,77,193,Australian terrier,0.5502354502677917,True,30875,24584,1.2558981451350473,35.704542188042005,0.9613318745442752
imagewoof,data/imagewoof2-320/val/n02096294/n02096294_2710.JPEG,n02096294,193,Australian terrier,webp,77,193,Australian terrier,0.36096978187561035,True,34614,30212,1.1457036938964649,35.4585209746116,0.9723845885787489
imagewoof,data/imagewoof2-320/val/n02096294/n02096294_2750.JPEG,n02096294,193,Australian terrier,webp,77,193,Australian terrier,0.44420528411865234,True,27711,21264,1.3031884875846502,36.48205947599447,0.9758819633916693
imagewoof,data/imagewoof2-320/val/n02096294/n02096294_2802.JPEG,n02096294,193,Australian terrier,webp,77,193,Australian terrier,0.1831650286912918,True,22522,13680,1.6463450292397661,38.21672763025744,0.9552469284272348
imagewoof,data/imagewoof2-320/val/n02096294/n02096294_2820.JPEG,n02096294,193,Australian terrier,webp,77,193,Australian terrier,0.2625609040260315,True,22262,14850,1.499124579124579,36.94136841965787,0.955147508461259
imagewoof,data/imagewoof2-320/val/n02096294/n02096294_2821.JPEG,n02096294,193,Australian terrier,webp,77,193,Australian terrier,0.1958513855934143,True,14665,9186,1.5964511212715,37.021878490005086,0.9704927148166899
imagewoof,data/imagewoof2-320/val/n02096294/n02096294_2850.JPEG,n02096294,193,Australian terrier,webp,77,193,Australian terrier,0.5644175410270691,True,27849,23212,1.1997673617094606,35.39777992585828,0.946724722338704
imagewoof,data/imagewoof2-320/val/n02096294/n02096294_2851.JPEG,n02096294,193,Australian terrier,webp,77,193,Australian terrier,0.542810320854187,True,22224,18134,1.2255431785596118,36.19183254421945,0.9730542627970395
imagewoof,data/imagewoof2-320/val/n02096294/n02096294_2920.JPEG,n02096294,193,Australian terrier,webp,77,193,Australian terrier,0.6267015933990479,True,19923,13322,1.495496171745984,37.489807440051315,0.9350781535964519
imagewoof,data/imagewoof2-320/val/n02096294/n02096294_2942.JPEG,n02096294,193,Australian terrier,webp,77,193,Australian terrier,0.1429966390132904,True,28718,25428,1.1293849299984269,35.29416782250354,0.9563325981336225
imagewoof,data/imagewoof2-320/val/n02096294/n02096294_2961.JPEG,n02096294,193,Australian terrier,webp,77,193,Australian terrier,0.6428055763244629,True,21215,14352,1.478191192865106,37.40623841578578,0.9598184031323379
imagewoof,data/imagewoof2-320/val/n02096294/n02096294_2990.JPEG,n02096294,193,Australian terrier,webp,77,201,silky terrier,0.30274099111557007,False,28342,20852,1.3591981584500288,36.520394896404504,0.9636726805114955
imagewoof,data/imagewoof2-320/val/n02096294/n02096294_3002.JPEG,n02096294,193,Australian terrier,webp,77,200,Tibetan terrier,0.1623961329460144,False,20384,12040,1.6930232558139535,37.368388455715234,0.9599792344859338
imagewoof,data/imagewoof2-320/val/n02096294/n02096294_3011.JPEG,n02096294,193,Australian terrier,webp,77,193,Australian terrier,0.4230249226093292,True,23327,17006,1.371692343878631,36.71472819006273,0.9525292936561263
imagewoof,data/imagewoof2-320/val/n02096294/n02096294_3021.JPEG,n02096294,193,Australian terrier,webp,77,193,Australian terrier,0.643656313419342,True,49260,49024,1.0048139686684072,33.96687427264976,0.9869796926057148
imagewoof,data/imagewoof2-320/val/n02096294/n02096294_3022.JPEG,n02096294,193,Australian terrier,webp,77,193,Australian terrier,0.43007996678352356,True,26657,20760,1.2840558766859345,35.869205360165964,0.9630753769643748
imagewoof,data/imagewoof2-320/val/n02096294/n02096294_3041.JPEG,n02096294,193,Australian terrier,webp,77,193,Australian terrier,0.16214466094970703,True,15334,8378,1.8302697541179278,38.89478088739764,0.963410191953598
imagewoof,data/imagewoof2-320/val/n02096294/n02096294_3050.JPEG,n02096294,193,Australian terrier,webp,77,186,Norwich terrier,0.307472288608551,False,33436,27640,1.2096960926193923,35.83047914029149,0.9575692723361215
imagewoof,data/imagewoof2-320/val/n02096294/n02096294_3052.JPEG,n02096294,193,Australian terrier,webp,77,193,Australian terrier,0.4859858751296997,True,16342,9764,1.673699303564113,39.36098444172227,0.9647557933330401
imagewoof,data/imagewoof2-320/val/n02096294/n02096294_3060.JPEG,n02096294,193,Australian terrier,webp,77,193,Australian terrier,0.235791876912117,True,30136,20248,1.488344527854603,37.10918373967,0.9531143908316025
imagewoof,data/imagewoof2-320/val/n02096294/n02096294_3070.JPEG,n02096294,193,Australian terrier,webp,77,193,Australian terrier,0.2706623077392578,True,10890,5356,2.0332337565347274,39.5605513211488,0.9750528624493978
imagewoof,data/imagewoof2-320/val/n02096294/n02096294_3082.JPEG,n02096294,193,Australian terrier,webp,77,186,Norwich terrier,0.38950619101524353,False,18674,11158,1.6735974188922746,38.00554349104343,0.9523204557833332
imagewoof,data/imagewoof2-320/val/n02096294/n02096294_3182.JPEG,n02096294,193,Australian terrier,webp,77,187,Yorkshire terrier,0.23995958268642426,False,24706,20160,1.2254960317460317,36.150251273398936,0.9658224470678997
imagewoof,data/imagewoof2-320/val/n02096294/n02096294_3250.JPEG,n02096294,193,Australian terrier,webp,77,193,Australian terrier,0.2949807047843933,True,13645,9298,1.4675198967519896,37.55867670989255,0.9746085521401276
imagewoof,data/imagewoof2-320/val/n02096294/n02096294_3321.JPEG,n02096294,193,Australian terrier,webp,77,187,Yorkshire terrier,0.21276599168777466,False,28399,22012,1.29015991277485,36.25937886909602,0.9639226539650828
imagewoof,data/imagewoof2-320/val/n02096294/n02096294_3352.JPEG,n02096294,193,Australian terrier,webp,77,193,Australian terrier,0.27419474720954895,True,19614,12828,1.528999064546305,37.11354996918846,0.9404912939736555
imagewoof,data/imagewoof2-320/val/n02096294/n02096294_3390.JPEG,n02096294,193,Australian terrier,webp,77,201,silky terrier,0.2999305725097656,False,24354,18396,1.3238747553816046,36.51886553126126,0.9387120465061569
imagewoof,data/imagewoof2-320/val/n02096294/n02096294_3460.JPEG,n02096294,193,Australian terrier,webp,77,193,Australian terrier,0.5315757989883423,True,16319,10186,1.602100922835264,38.5695496963499,0.9699551757364219
imagewoof,data/imagewoof2-320/val/n02096294/n02096294_3472.JPEG,n02096294,193,Australian terrier,webp,77,193,Australian terrier,0.5206400156021118,True,16324,10816,1.5092455621301775,36.1047085283561,0.9586407016406636
imagewoof,data/imagewoof2-320/val/n02096294/n02096294_3510.JPEG,n02096294,193,Australian terrier,webp,77,193,Australian terrier,0.6286444067955017,True,16423,9366,1.7534699978646167,39.29432511214627,0.9702213471890065
imagewoof,data/imagewoof2-320/val/n02096294/n02096294_3521.JPEG,n02096294,193,Australian terrier,webp,77,193,Australian terrier,0.415209025144577,True,22208,16144,1.375619425173439,36.75276609007602,0.9481875887496439
imagewoof,data/imagewoof2-320/val/n02096294/n02096294_3552.JPEG,n02096294,193,Australian terrier,webp,77,193,Australian terrier,0.5529479384422302,True,28084,23290,1.205839416058394,35.86882291246647,0.9643385316836864
imagewoof,data/imagewoof2-320/val/n02096294/n02096294_3560.JPEG,n02096294,193,Australian terrier,webp,77,193,Australian terrier,0.4144841134548187,True,33780,30346,1.1131615369406183,34.99027287723129,0.9599569602779451
imagewoof,data/imagewoof2-320/val/n02096294/n02096294_3632.JPEG,n02096294,193,Australian terrier,webp,77,193,Australian terrier,0.4319922626018524,True,14242,8512,1.6731672932330828,38.07002852344143,0.9646445236859401
imagewoof,data/imagewoof2-320/val/n02096294/n02096294_3642.JPEG,n02096294,193,Australian terrier,webp,77,193,Australian terrier,0.35807299613952637,True,14994,8706,1.722260509993108,38.492652161396464,0.9668570857673506
imagewoof,data/imagewoof2-320/val/n02096294/n02096294_3682.JPEG,n02096294,193,Australian terrier,webp,77,193,Australian terrier,0.19281087815761566,True,60853,55926,1.088098558809856,35.21881076783425,0.9809408103925245
imagewoof,data/imagewoof2-320/val/n02096294/n02096294_370.JPEG,n02096294,193,Australian terrier,webp,77,193,Australian terrier,0.4530222713947296,True,28214,25756,1.0954340736139152,35.62825918330225,0.9740311758819867
imagewoof,data/imagewoof2-320/val/n02096294/n02096294_3711.JPEG,n02096294,193,Australian terrier,webp,77,193,Australian terrier,0.29458075761795044,True,24182,18012,1.3425494115034422,35.69712539329717,0.9418713473089051
imagewoof,data/imagewoof2-320/val/n02096294/n02096294_3800.JPEG,n02096294,193,Australian terrier,webp,77,193,Australian terrier,0.3226805329322815,True,18792,12072,1.5566600397614314,38.25625837311888,0.9625760769915374
imagewoof,data/imagewoof2-320/val/n02096294/n02096294_381.JPEG,n02096294,193,Australian terrier,webp,77,193,Australian terrier,0.40174075961112976,True,18636,11810,1.5779847586790856,37.53740413590961,0.9481202503707022
imagewoof,data/imagewoof2-320/val/n02096294/n02096294_3812.JPEG,n02096294,193,Australian terrier,webp,77,188,wire-haired fox terrier,0.4114382565021515,False,11910,6728,1.7702140309155767,40.60569380649024,0.9690956508793529
imagewoof,data/imagewoof2-320/val/n02096294/n02096294_3842.JPEG,n02096294,193,Australian terrier,webp,77,193,Australian terrier,0.39682456851005554,True,24494,17614,1.3905983876461905,36.7138261469453,0.9575240641829793
imagewoof,data/imagewoof2-320/val/n02096294/n02096294_3860.JPEG,n02096294,193,Australian terrier,webp,77,193,Australian terrier,0.22538800537586212,True,21018,15928,1.3195630336514315,36.93091780200624,0.9600416453283716
imagewoof,data/imagewoof2-320/val/n02096294/n02096294_3872.JPEG,n02096294,193,Australian terrier,webp,77,193,Australian terrier,0.43686461448669434,True,25409,19246,1.3202223838719733,36.83987673885588,0.9461218578182753
imagewoof,data/imagewoof2-320/val/n02096294/n02096294_3891.JPEG,n02096294,193,Australian terrier,webp,77,201,silky terrier,0.29605379700660706,False,34186,32172,1.0626010195200797,35.253011842452146,0.9638630345204439
imagewoof,data/imagewoof2-320/val/n02096294/n02096294_390.JPEG,n02096294,193,Australian terrier,webp,77,193,Australian terrier,0.5854144096374512,True,21070,15860,1.328499369482976,36.44730313483195,0.9674100105037168
imagewoof,data/imagewoof2-320/val/n02096294/n02096294_392.JPEG,n02096294,193,Australian terrier,webp,77,193,Australian terrier,0.44045382738113403,True,34626,31616,1.09520495951417,35.201601045465026,0.9637471042144551
imagewoof,data/imagewoof2-320/val/n02096294/n02096294_3921.JPEG,n02096294,193,Australian terrier,webp,77,201,silky terrier,0.16877785325050354,False,23373,17540,1.3325541619156214,36.794873433428485,0.9596118985717818
imagewoof,data/imagewoof2-320/val/n02096294/n02096294_3950.JPEG,n02096294,193,Australian terrier,webp,77,193,Australian terrier,0.42102938890457153,True,30338,25110,1.2082039028275589,35.86738065645866,0.9684963128157126
imagewoof,data/imagewoof2-320/val/n02096294/n02096294_3971.JPEG,n02096294,193,Australian terrier,webp,77,246,Great Dane,0.06637341529130936,False,29673,23104,1.2843230609418284,36.38778341011203,0.9539895356982256
imagewoof,data/imagewoof2-320/val/n02096294/n02096294_3980.JPEG,n02096294,193,Australian terrier,webp,77,252,affenpinscher,0.10810890793800354,False,29477,20868,1.412545524247652,36.133699190444496,0.9636900097892996
imagewoof,data/imagewoof2-320/val/n02096294/n02096294_3991.JPEG,n02096294,193,Australian terrier,webp,77,193,Australian terrier,0.3037152886390686,True,48273,47780,1.0103181247383843,33.918285784815275,0.9755902230684357
imagewoof,data/imagewoof2-320/val/n02096294/n02096294_4001.JPEG,n02096294,193,Australian terrier,webp,77,193,Australian terrier,0.5135805606842041,True,24993,18278,1.367381551592078,36.705751373185656,0.9470775842038166
imagewoof,data/imagewoof2-320/val/n02096294/n02096294_4022.JPEG,n02096294,193,Australian terrier,webp,77,193,Australian terrier,0.3626694679260254,True,32633,30098,1.084224865439564,34.998325458446516,0.9735369276520885
imagewoof,data/imagewoof2-320/val/n02096294/n02096294_4042.JPEG,n02096294,193,Australian terrier,webp,77,193,Australian terrier,0.2505645155906677,True,16320,10030,1.6271186440677967,38.106079742512826,0.9453275727759944
imagewoof,data/imagewoof2-320/val/n02096294/n02096294_4092.JPEG,n02096294,193,Australian terrier,webp,77,193,Australian terrier,0.6434473991394043,True,31515,25278,1.2467362924281984,35.66990379940479,0.9533051137073082
imagewoof,data/imagewoof2-320/val/n02096294/n02096294_411.JPEG,n02096294,193,Australian terrier,webp,77,193,Australian terrier,0.33208557963371277,True,24746,17968,1.377226179875334,37.22969821210936,0.9582473895982049
imagewoof,data/imagewoof2-320/val/n02096294/n02096294_4111.JPEG,n02096294,193,Australian terrier,webp,77,193,Australian terrier,0.22937053442001343,True,16777,10412,1.6113138686131387,38.7402397378891,0.963207731501528
imagewoof,data/imagewoof2-320/val/n02096294/n02096294_412.JPEG,n02096294,193,Australian terrier,webp,77,193,Australian terrier,0.4141603410243988,True,19373,12018,1.6119986686636711,38.21873999735408,0.9597494849794894
imagewoof,data/imagewoof2-320/val/n02096294/n02096294_4120.JPEG,n02096294,193,Australian terrier,webp,77,193,Australian terrier,0.325633704662323,True,20315,13416,1.5142367322599881,38.16813593365259,0.9574257961428279
imagewoof,data/imagewoof2-320/val/n02096294/n02096294_4142.JPEG,n02096294,193,Australian terrier,webp,77,193,Australian terrier,0.45427483320236206,True,25711,19572,1.313662374821173,36.275842608624906,0.9475923356600436
imagewoof,data/imagewoof2-320/val/n02096294/n02096294_4161.JPEG,n02096294,193,Australian terrier,webp,77,193,Australian terrier,0.47534438967704773,True,27000,20318,1.328870951865341,36.00292681662238,0.9530926663564271
imagewoof,data/imagewoof2-320/val/n02096294/n02096294_4162.JPEG,n02096294,193,Australian terrier,webp,77,187,Yorkshire terrier,0.154015451669693,False,27703,22148,1.2508127144663175,36.59429154997808,0.962065830828693
imagewoof,data/imagewoof2-320/val/n02096294/n02096294_4180.JPEG,n02096294,193,Australian terrier,webp,77,235,German shepherd,0.15689441561698914,False,26454,19426,1.3617831771852158,36.7872600370456,0.9653957488766322
imagewoof,data/imagewoof2-320/val/n02096294/n02096294_4181.JPEG,n02096294,193,Australian terrier,webp,77,193,Australian terrier,0.11098048090934753,True,37540,34806,1.0785496753433317,35.075661543234006,0.9748021636741092
imagewoof,data/imagewoof2-320/val/n02096294/n02096294_4201.JPEG,n02096294,193,Australian terrier,webp,77,193,Australian terrier,0.23924502730369568,True,28649,23808,1.2033350134408602,35.91988654169449,0.9482672231659685
imagewoof,data/imagewoof2-320/val/n02096294/n02096294_4222.JPEG,n02096294,193,Australian terrier,webp,77,193,Australian terrier,0.31609463691711426,True,21990,15816,1.3903641881638846,37.20448875373567,0.9660568448354779
imagewoof,data/imagewoof2-320/val/n02096294/n02096294_4232.JPEG,n02096294,193,Australian terrier,webp,77,193,Australian terrier,0.22654280066490173,True,25368,20638,1.2291888748909778,36.61299580365366,0.9509063033205459
imagewoof,data/imagewoof2-320/val/n02096294/n02096294_4250.JPEG,n02096294,193,Australian terrier,webp,77,193,Australian terrier,0.4977770745754242,True,22516,15588,1.4444444444444444,37.0713628500206,0.9569464940515701
imagewoof,data/imagewoof2-320/val/n02096294/n02096294_4261.JPEG,n02096294,193,Australian terrier,webp,77,188,wire-haired fox terrier,0.11083988100290298,False,43158,42030,1.0268379728765167,33.92872967149734,0.9762785729284903
imagewoof,data/imagewoof2-320/val/n02096294/n02096294_4280.JPEG,n02096294,193,Australian terrier,webp,77,180,American Staffordshire terrier,0.1111985296010971,False,34939,30834,1.1331322565998574,35.19419536188158,0.9738147148244733
imagewoof,data/imagewoof2-320/val/n02096294/n02096294_4290.JPEG,n02096294,193,Australian terrier,webp,77,193,Australian terrier,0.15289394557476044,True,43171,43372,0.9953656737065388,34.37578774585895,0.9749242005888616
imagewoof,data/imagewoof2-320/val/n02096294/n02096294_430.JPEG,n02096294,193,Australian terrier,webp,77,193,Australian terrier,0.22488871216773987,True,20825,12966,1.6061237081598025,37.45312218181604,0.9621287147393018
imagewoof,data/imagewoof2-320/val/n02096294/n02096294_4340.JPEG,n02096294,193,Australian terrier,webp,77,193,Australian terrier,0.37404724955558777,True,35358,34228,1.0330139067430175,34.7814385389805,0.9785398764765461
imagewoof,data/imagewoof2-320/val/n02096294/n02096294_4342.JPEG,n02096294,193,Australian terrier,webp,77,193,Australian terrier,0.28223949670791626,True,29327,21750,1.348367816091954,36.893546484721554,0.9555868606835148
imagewoof,data/imagewoof2-320/val/n02096294/n02096294_4391.JPEG,n02096294,193,Australian terrier,webp,77,193,Australian terrier,0.06740384548902512,True,21763,14560,1.4947115384615384,37.445340094584715,0.9557412042990787
imagewoof,data/imagewoof2-320/val/n02096294/n02096294_4392.JPEG,n02096294,193,Australian terrier,webp,77,193,Australian terrier,0.271298885345459,True,45410,45112,1.0066057811668736,34.35427250150891,0.9719050144900555
imagewoof,data/imagewoof2-320/val/n02096294/n02096294_4400.JPEG,n02096294,193,Australian terrier,webp,77,193,Australian terrier,0.43282806873321533,True,36036,29128,1.2371601208459215,34.343968524786625,0.9628925776905435
imagewoof,data/imagewoof2-320/val/n02096294/n02096294_441.JPEG,n02096294,193,Australian terrier,webp,77,193,Australian terrier,0.4200855791568756,True,20524,13412,1.5302713987473904,36.889385722482196,0.9560514025457373
imagewoof,data/imagewoof2-320/val/n02096294/n02096294_4420.JPEG,n02096294,193,Australian terrier,webp,77,193,Australian terrier,0.37964895367622375,True,19232,13808,1.3928157589803012,37.59745715649498,0.938517155108452
imagewoof,data/imagewoof2-320/val/n02096294/n02096294_4421.JPEG,n02096294,193,Australian terrier,webp,77,193,Australian terrier,0.4184873104095459,True,42226,40982,1.0303547899077643,35.01241730919218,0.9740229627732512
imagewoof,data/imagewoof2-320/val/n02096294/n02096294_4430.JPEG,n02096294,193,Australian terrier,webp,77,193,Australian terrier,0.40533366799354553,True,39089,36052,1.0842394319316542,34.29612768660076,0.9692034483160463
imagewoof,data/imagewoof2-320/val/n02096294/n02096294_4440.JPEG,n02096294,193,Australian terrier,webp,77,193,Australian terrier,0.6174461245536804,True,41144,40026,1.0279318443012042,34.60029188576891,0.9749512913128263
imagewoof,data/imagewoof2-320/val/n02096294/n02096294_4441.JPEG,n02096294,193,Australian terrier,webp,77,186,Norwich terrier,0.29198411107063293,False,18377,11968,1.5355113636363635,37.47948648699547,0.9509733899000175
imagewoof,data/imagewoof2-320/val/n02096294/n02096294_4462.JPEG,n02096294,193,Australian terrier,webp,77,186,Norwich terrier,0.5753645300865173,False,40976,38540,1.063207057602491,34.75206431021676,0.968233832479319
imagewoof,data/imagewoof2-320/val/n02096294/n02096294_4480.JPEG,n02096294,193,Australian terrier,webp,77,193,Australian terrier,0.38762134313583374,True,38247,34720,1.1015841013824885,35.27658780326257,0.9674684870557314
imagewoof,data/imagewoof2-320/val/n02096294/n02096294_4490.JPEG,n02096294,193,Australian terrier,webp,77,193,Australian terrier,0.6415669322013855,True,32802,29268,1.1207462074620747,35.69828481761027,0.9580522655096603
imagewoof,data/imagewoof2-320/val/n02096294/n02096294_4491.JPEG,n02096294,193,Australian terrier,webp,77,193,Australian terrier,0.5743455290794373,True,33326,28806,1.1569117544955911,35.71639142379296,0.970432574380336
imagewoof,data/imagewoof2-320/val/n02096294/n02096294_4492.JPEG,n02096294,193,Australian terrier,webp,77,193,Australian terrier,0.24593935906887054,True,20537,12738,1.6122625215889466,37.93572198963454,0.9552862024707958
imagewoof,data/imagewoof2-320/val/n02096294/n02096294_4510.JPEG,n02096294,193,Australian terrier,webp,77,204,Lhasa,0.10212979465723038,False,24965,19292,1.2940597138710346,36.788342681751914,0.961736493645175
imagewoof,data/imagewoof2-320/val/n02096294/n02096294_4530.JPEG,n02096294,193,Australian terrier,webp,77,193,Australian terrier,0.30924278497695923,True,30757,24422,1.2593972647612808,35.5408219323889,0.9604043784334574
imagewoof,data/imagewoof2-320/val/n02096294/n02096294_4531.JPEG,n02096294,193,Australian terrier,webp,77,193,Australian terrier,0.5257276296615601,True,38534,32880,1.1719586374695863,33.48016215454375,0.9591525036228211
imagewoof,data/imagewoof2-320/val/n02096294/n02096294_4540.JPEG,n02096294,193,Australian terrier,webp,77,193,Australian terrier,0.6235262751579285,True,24274,18846,1.2880186777034914,36.2954653227475,0.9621234521310518
imagewoof,data/imagewoof2-320/val/n02096294/n02096294_4632.JPEG,n02096294,193,Australian terrier,webp,77,193,Australian terrier,0.6336783766746521,True,27409,23398,1.1714249081118044,36.26923486958462,0.9549714924796068
imagewoof,data/imagewoof2-320/val/n02096294/n02096294_4702.JPEG,n02096294,193,Australian terrier,webp,77,193,Australian terrier,0.24043971300125122,True,22874,16538,1.3831176684000484,37.07893378563537,0.9466282532814434
imagewoof,data/imagewoof2-320/val/n02096294/n02096294_4711.JPEG,n02096294,193,Australian terrier,webp,77,193,Australian terrier,0.3431796133518219,True,26660,20008,1.332467013194722,36.21437254106072,0.962441897064538
imagewoof,data/imagewoof2-320/val/n02096294/n02096294_472.JPEG,n02096294,193,Australian terrier,webp,77,193,Australian terrier,0.3915710151195526,True,24892,21124,1.1783753077068737,36.21594569458578,0.9601850638715749
imagewoof,data/imagewoof2-320/val/n02096294/n02096294_4720.JPEG,n02096294,193,Australian terrier,webp,77,192,cairn,0.16960977017879486,False,23374,17580,1.3295790671217291,37.05547207774337,0.9626676517598427
imagewoof,data/imagewoof2-320/val/n02096294/n02096294_4722.JPEG,n02096294,193,Australian terrier,webp,77,193,Australian terrier,0.4036814868450165,True,34662,30956,1.119718309859155,35.4798615074315,0.9677631393760374
imagewoof,data/imagewoof2-320/val/n02096294/n02096294_4741.JPEG,n02096294,193,Australian terrier,webp,77,193,Australian terrier,0.3415382504463196,True,54301,48390,1.1221533374664188,35.300176831512374,0.9743033635064046
imagewoof,data/imagewoof2-320/val/n02096294/n02096294_4750.JPEG,n02096294,193,Australian terrier,webp,77,193,Australian terrier,0.48127076029777527,True,10416,6446,1.6158858206639777,40.12324671045903,0.989035240264346
imagewoof,data/imagewoof2-320/val/n02096294/n02096294_4770.JPEG,n02096294,193,Australian terrier,webp,77,193,Australian terrier,0.34995606541633606,True,27325,22170,1.2325214253495715,35.72003144746856,0.9513084419879343
imagewoof,data/imagewoof2-320/val/n02096294/n02096294_482.JPEG,n02096294,193,Australian terrier,webp,77,193,Australian terrier,0.5962762236595154,True,10219,5546,1.8425892535160475,40.641927700818314,0.9781941698975238
imagewoof,data/imagewoof2-320/val/n02096294/n02096294_4850.JPEG,n02096294,193,Australian terrier,webp,77,193,Australian terrier,0.39172375202178955,True,20893,15518,1.3463719551488593,35.82749385907302,0.9589763494095048
imagewoof,data/imagewoof2-320/val/n02096294/n02096294_4880.JPEG,n02096294,193,Australian terrier,webp,77,193,Australian terrier,0.5962451100349426,True,26929,21568,1.2485626854599408,36.55561093207741,0.9593384599025265
imagewoof,data/imagewoof2-320/val/n02096294/n02096294_4892.JPEG,n02096294,193,Australian terrier,webp,77,193,Australian terrier,0.4845336973667145,True,33152,29664,1.1175836030204962,35.06142858862395,0.9609587471023487
imagewoof,data/imagewoof2-320/val/n02096294/n02096294_4910.JPEG,n02096294,193,Australian terrier,webp,77,231,collie,0.06692298501729965,False,17099,11114,1.538509987403275,37.579752020967476,0.9620713020212884
imagewoof,data/imagewoof2-320/val/n02096294/n02096294_4952.JPEG,n02096294,193,Australian terrier,webp,77,193,Australian terrier,0.2923887372016907,True,22909,17584,1.3028321201091901,36.091357929689465,0.9544509778997821
imagewoof,data/imagewoof2-320/val/n02096294/n02096294_4991.JPEG,n02096294,193,Australian terrier,webp,77,193,Australian terrier,0.2666596472263336,True,35039,31858,1.0998493314081235,35.249349563202344,0.9652118499251844
imagewoof,data/imagewoof2-320/val/n02096294/n02096294_5000.JPEG,n02096294,193,Australian terrier,webp,77,193,Australian terrier,0.36174800992012024,True,18342,11812,1.552827632915679,37.49217809099606,0.9493316791653313
imagewoof,data/imagewoof2-320/val/n02096294/n02096294_5051.JPEG,n02096294,193,Australian terrier,webp,77,193,Australian terrier,0.35973528027534485,True,30670,25476,1.203878159836709,36.02854442579461,0.9627497340074446
imagewoof,data/imagewoof2-320/val/n02096294/n02096294_5131.JPEG,n02096294,193,Australian terrier,webp,77,193,Australian terrier,0.3669249415397644,True,21463,14784,1.4517721861471862,37.714456973028405,0.9624829201445727
imagewoof,data/imagewoof2-320/val/n02096294/n02096294_5170.JPEG,n02096294,193,Australian terrier,webp,77,193,Australian terrier,0.21569575369358063,True,19080,12972,1.4708603145235892,36.6580218626117,0.9559019753186636
imagewoof,data/imagewoof2-320/val/n02096294/n02096294_5202.JPEG,n02096294,193,Australian terrier,webp,77,193,Australian terrier,0.4175873398780823,True,24074,16430,1.4652465003043214,36.73928737028024,0.9557434302903199
imagewoof,data/imagewoof2-320/val/n02096294/n02096294_5221.JPEG,n02096294,193,Australian terrier,webp,77,187,Yorkshire terrier,0.20343731343746185,False,13235,6548,2.0212278558338426,40.617186190599746,0.9639549250608308
imagewoof,data/imagewoof2-320/val/n02096294/n02096294_5230.JPEG,n02096294,193,Australian terrier,webp,77,193,Australian terrier,0.2942555546760559,True,34299,29040,1.181095041322314,35.943073633810215,0.9673065642478799
imagewoof,data/imagewoof2-320/val/n02096294/n02096294_5250.JPEG,n02096294,193,Australian terrier,webp,77,193,Australian terrier,0.43576812744140625,True,26424,21008,1.2578065498857578,36.418210188041385,0.9624494651414478
imagewoof,data/imagewoof2-320/val/n02096294/n02096294_5251.JPEG,n02096294,193,Australian terrier,webp,77,193,Australian terrier,0.7421665787696838,True,23903,18956,1.2609727790673138,36.26362773965231,0.9299693586271213
imagewoof,data/imagewoof2-320/val/n02096294/n02096294_5270.JPEG,n02096294,193,Australian terrier,webp,77,193,Australian terrier,0.4169107675552368,True,40424,38210,1.0579429468725465,34.64156791396072,0.9743110665223914
imagewoof,data/imagewoof2-320/val/n02096294/n02096294_530.JPEG,n02096294,193,Australian terrier,webp,77,193,Australian terrier,0.277818500995636,True,19926,14584,1.3662918266593527,36.28471142306566,0.9587291506028772
imagewoof,data/imagewoof2-320/val/n02096294/n02096294_5321.JPEG,n02096294,193,Australian terrier,webp,77,193,Australian terrier,0.5412316918373108,True,26205,22046,1.188651002449424,36.01812804460321,0.9349835274233241
imagewoof,data/imagewoof2-320/val/n02096294/n02096294_5432.JPEG,n02096294,193,Australian terrier,webp,77,187,Yorkshire terrier,0.20027555525302887,False,18055,10850,1.6640552995391704,38.29924217451578,0.9609835474253816
imagewoof,data/imagewoof2-320/val/n02096294/n02096294_5451.JPEG,n02096294,193,Australian terrier,webp,77,187,Yorkshire terrier,0.28029265999794006,False,22744,15304,1.4861474124411918,37.053051057364655,0.9619809771890281
imagewoof,data/imagewoof2-320/val/n02096294/n02096294_5480.JPEG,n02096294,193,Australian terrier,webp,77,193,Australian terrier,0.4277319610118866,True,24456,19476,1.2556993222427604,35.22956049687322,0.9528840338112704
imagewoof,data/imagewoof2-320/val/n02096294/n02096294_5490.JPEG,n02096294,193,Australian terrier,webp,77,193,Australian terrier,0.378766804933548,True,15513,8774,1.7680647367221336,37.47186337039917,0.9346109357006286
imagewoof,data/imagewoof2-320/val/n02096294/n02096294_5522.JPEG,n02096294,193,Australian terrier,webp,77,204,Lhasa,0.20134471356868744,False,21732,14532,1.495458298926507,37.757263274762416,0.9659817481953344
imagewoof,data/imagewoof2-320/val/n02096294/n02096294_5531.JPEG,n02096294,193,Australian terrier,webp,77,187,Yorkshire terrier,0.18889042735099792,False,28547,23392,1.220374487004104,35.98227512251929,0.9527486923533655
imagewoof,data/imagewoof2-320/val/n02096294/n02096294_5552.JPEG,n02096294,193,Australian terrier,webp,77,193,Australian terrier,0.37027448415756226,True,28317,21244,1.332941065712672,36.00390192089358,0.9560064851377996
imagewoof,data/imagewoof2-320/val/n02096294/n02096294_5561.JPEG,n02096294,193,Australian terrier,webp,77,193,Australian terrier,0.49652034044265747,True,43813,42810,1.0234291053492175,34.624080734911765,0.9796803962482201
imagewoof,data/imagewoof2-320/val/n02096294/n02096294_5590.JPEG,n02096294,193,Australian terrier,webp,77,193,Australian terrier,0.41510143876075745,True,29791,24864,1.1981579794079793,35.9297880210131,0.9496079548570454
imagewoof,data/imagewoof2-320/val/n02096294/n02096294_5602.JPEG,n02096294,193,Australian terrier,webp,77,193,Australian terrier,0.5527011752128601,True,23285,16374,1.4220715768901917,37.366231586659865,0.9562156234176359
imagewoof,data/imagewoof2-320/val/n02096294/n02096294_5630.JPEG,n02096294,193,Australian terrier,webp,77,193,Australian terrier,0.12642355263233185,True,29595,24264,1.219708209693373,36.1702255680776,0.9687748024645653
imagewoof,data/imagewoof2-320/val/n02096294/n02096294_5641.JPEG,n02096294,193,Australian terrier,webp,77,193,Australian terrier,0.20811498165130615,True,41380,32572,1.270416308485816,36.79916777942013,0.963858348939862
imagewoof,data/imagewoof2-320/val/n02096294/n02096294_5670.JPEG,n02096294,193,Australian terrier,webp,77,193,Australian terrier,0.3926815688610077,True,36128,32274,1.1194150089855612,34.77413848434439,0.9604282885647178
imagewoof,data/imagewoof2-320/val/n02096294/n02096294_5691.JPEG,n02096294,193,Australian terrier,webp,77,193,Australian terrier,0.3837621212005615,True,18135,11382,1.5933052187664734,38.01291088992206,0.9527233407556156
imagewoof,data/imagewoof2-320/val/n02096294/n02096294_570.JPEG,n02096294,193,Australian terrier,webp,77,193,Australian terrier,0.39110150933265686,True,28543,20596,1.3858516216741115,35.56507712980435,0.9491626412871613
imagewoof,data/imagewoof2-320/val/n02096294/n02096294_5762.JPEG,n02096294,193,Australian terrier,webp,77,193,Australian terrier,0.2991192042827606,True,36040,33658,1.0707706934458376,34.901752675081696,0.9745259741332356
imagewoof,data/imagewoof2-320/val/n02096294/n02096294_5781.JPEG,n02096294,193,Australian terrier,webp,77,193,Australian terrier,0.5365789532661438,True,28901,23320,1.2393224699828473,36.250408300990394,0.9539311445169307
imagewoof,data/imagewoof2-320/val/n02096294/n02096294_580.JPEG,n02096294,193,Australian terrier,webp,77,193,Australian terrier,0.1387302726507187,True,38735,37772,1.0254950757174626,34.77908563140092,0.9770955054437387
imagewoof,data/imagewoof2-320/val/n02096294/n02096294_5812.JPEG,n02096294,193,Australian terrier,webp,77,193,Australian terrier,0.5330404043197632,True,38803,36456,1.0643789773974106,34.167553680366225,0.9596463543383793
imagewoof,data/imagewoof2-320/val/n02096294/n02096294_5860.JPEG,n02096294,193,Australian terrier,webp,77,193,Australian terrier,0.3729744553565979,True,23603,17844,1.3227415377718001,36.345367781425566,0.9471990125690005
imagewoof,data/imagewoof2-320/val/n02096294/n02096294_5861.JPEG,n02096294,193,Australian terrier,webp,77,193,Australian terrier,0.3527301549911499,True,21162,14250,1.4850526315789474,37.23716662504961,0.9555169364645
imagewoof,data/imagewoof2-320/val/n02096294/n02096294_5870.JPEG,n02096294,193,Australian terrier,webp,77,193,Australian terrier,0.1805766373872757,True,19327,12742,1.5167948516716372,37.23146913500517,0.9562809549264366
imagewoof,data/imagewoof2-320/val/n02096294/n02096294_590.JPEG,n02096294,193,Australian terrier,webp,77,193,Australian terrier,0.45030677318573,True,24217,18358,1.3191524131168972,36.17388819062365,0.9536227636063331
imagewoof,data/imagewoof2-320/val/n02096294/n02096294_591.JPEG,n02096294,193,Australian terrier,webp,77,193,Australian terrier,0.7595605254173279,True,31204,26782,1.1651108953774922,35.428478210950615,0.9776606535186434
imagewoof,data/imagewoof2-320/val/n02096294/n02096294_5921.JPEG,n02096294,193,Australian terrier,webp,77,193,Australian terrier,0.5900805592536926,True,34769,31788,1.0937775261104818,35.20632315519781,0.9653607268146355
imagewoof,data/imagewoof2-320/val/n02096294/n02096294_5922.JPEG,n02096294,193,Australian terrier,webp,77,193,Australian terrier,0.4442123472690582,True,29172,26244,1.1115683584819387,35.75182034911643,0.9516852497652003
imagewoof,data/imagewoof2-320/val/n02096294/n02096294_6002.JPEG,n02096294,193,Australian terrier,webp,77,193,Australian terrier,0.19735494256019592,True,35036,31410,1.1154409423750398,35.15007246064316,0.9597307437661314
imagewoof,data/imagewoof2-320/val/n02096294/n02096294_6030.JPEG,n02096294,193,Australian terrier,webp,77,193,Australian terrier,0.5030403733253479,True,24335,16648,1.4617371456030754,37.490844734736875,0.9554498368617937
imagewoof,data/imagewoof2-320/val/n02096294/n02096294_6061.JPEG,n02096294,193,Australian terrier,webp,77,198,standard schnauzer,0.25426363945007324,False,14649,8966,1.6338389471336159,38.519291132164156,0.9648779315786334
imagewoof,data/imagewoof2-320/val/n02096294/n02096294_6102.JPEG,n02096294,193,Australian terrier,webp,77,186,Norwich terrier,0.25905609130859375,False,17864,11930,1.4974015088013413,37.2899875195531,0.960868164259372
imagewoof,data/imagewoof2-320/val/n02096294/n02096294_6131.JPEG,n02096294,193,Australian terrier,webp,77,193,Australian terrier,0.38680019974708557,True,24034,18678,1.2867544705000535,36.89748107614741,0.9485738886981855
imagewoof,data/imagewoof2-320/val/n02096294/n02096294_6170.JPEG,n02096294,193,Australian terrier,webp,77,201,silky terrier,0.404141366481781,False,35657,31036,1.1488916097435236,35.11236083533552,0.9699595479686334
imagewoof,data/imagewoof2-320/val/n02096294/n02096294_6220.JPEG,n02096294,193,Australian terrier,webp,77,193,Australian terrier,0.5248729586601257,True,33758,30648,1.1014748107543721,35.33659586459167,0.9697298630881024
imagewoof,data/imagewoof2-320/val/n02096294/n02096294_6221.JPEG,n02096294,193,Australian terrier,webp,77,193,Australian terrier,0.2879079580307007,True,23356,16184,1.4431537320810677,36.91144366151633,0.9606719852548244
imagewoof,data/imagewoof2-320/val/n02096294/n02096294_6290.JPEG,n02096294,193,Australian terrier,webp,77,193,Australian terrier,0.5267484188079834,True,16164,8946,1.806841046277666,38.35618856486819,0.9558154828584285
imagewoof,data/imagewoof2-320/val/n02096294/n02096294_6332.JPEG,n02096294,193,Australian terrier,webp,77,193,Australian terrier,0.31113672256469727,True,34208,29122,1.174644598585262,34.9395029469748,0.9595124789751756
imagewoof,data/imagewoof2-320/val/n02096294/n02096294_6350.JPEG,n02096294,193,Australian terrier,webp,77,201,silky terrier,0.17631088197231293,False,35570,31746,1.1204561204561205,35.3135284902939,0.9656226533424387
imagewoof,data/imagewoof2-320/val/n02096294/n02096294_6362.JPEG,n02096294,193,Australian terrier,webp,77,191,Airedale,0.14925025403499603,False,20985,13524,1.5516858917480036,37.97583369930045,0.9485537657628726
imagewoof,data/imagewoof2-320/val/n02096294/n02096294_6370.JPEG,n02096294,193,Australian terrier,webp,77,193,Australian terrier,0.7621925473213196,True,23732,17482,1.3575105823132365,36.625999652440974,0.9535548999187357
imagewoof,data/imagewoof2-320/val/n02096294/n02096294_6380.JPEG,n02096294,193,Australian terrier,webp,77,193,Australian terrier,0.46258455514907837,True,31991,27438,1.16593775056491,35.77761118041165,0.9679068173358437
imagewoof,data/imagewoof2-320/val/n02096294/n02096294_6391.JPEG,n02096294,193,Australian terrier,webp,77,193,Australian terrier,0.3730448782444,True,18710,14184,1.319091934574168,36.51585576249624,0.9520121194609409
imagewoof,data/imagewoof2-320/val/n02096294/n02096294_6400.JPEG,n02096294,193,Australian terrier,webp,77,193,Australian terrier,0.41126829385757446,True,26302,20974,1.2540287975588824,35.939822334163594,0.9614971286846239
imagewoof,data/imagewoof2-320/val/n02096294/n02096294_6411.JPEG,n02096294,193,Australian terrier,webp,77,193,Australian terrier,0.5325716733932495,True,40457,37278,1.0852781801598799,35.088776181827754,0.9709991072030782
imagewoof,data/imagewoof2-320/val/n02096294/n02096294_6422.JPEG,n02096294,193,Australian terrier,webp,77,193,Australian terrier,0.5142159461975098,True,33814,27738,1.2190496791405292,35.33983039820526,0.9648024818606146
imagewoof,data/imagewoof2-320/val/n02096294/n02096294_6442.JPEG,n02096294,193,Australian terrier,webp,77,193,Australian terrier,0.4265761077404022,True,24968,21252,1.1748541313758705,35.66713855883142,0.9660766796786538
imagewoof,data/imagewoof2-320/val/n02096294/n02096294_6450.JPEG,n02096294,193,Australian terrier,webp,77,193,Australian terrier,0.4447457194328308,True,23268,17328,1.342797783933518,36.40258586377077,0.9512250013129188
imagewoof,data/imagewoof2-320/val/n02096294/n02096294_6491.JPEG,n02096294,193,Australian terrier,webp,77,193,Australian terrier,0.46136730909347534,True,24274,17646,1.3756092032188598,36.014995036658085,0.9558663360960359
imagewoof,data/imagewoof2-320/val/n02096294/n02096294_651.JPEG,n02096294,193,Australian terrier,webp,77,193,Australian terrier,0.24559590220451355,True,44474,39624,1.122400565313951,35.24319392097128,0.9642873153069745
imagewoof,data/imagewoof2-320/val/n02096294/n02096294_6540.JPEG,n02096294,193,Australian terrier,webp,77,193,Australian terrier,0.26761847734451294,True,17304,11138,1.5536002873047225,37.45820355130317,0.9487351250336102
imagewoof,data/imagewoof2-320/val/n02096294/n02096294_6551.JPEG,n02096294,193,Australian terrier,webp,77,193,Australian terrier,0.3431488573551178,True,28721,22946,1.2516778523489933,36.05114157668686,0.9600345315631057
imagewoof,data/imagewoof2-320/val/n02096294/n02096294_6571.JPEG,n02096294,193,Australian terrier,webp,77,193,Australian terrier,0.3609689772129059,True,43811,38964,1.1243968791705163,34.15180805293312,0.9690661499809007
imagewoof,data/imagewoof2-320/val/n02096294/n02096294_6592.JPEG,n02096294,193,Australian terrier,webp,77,193,Australian terrier,0.3777903914451599,True,29836,26314,1.1338451014668998,35.615357331587404,0.9644811831705239
imagewoof,data/imagewoof2-320/val/n02096294/n02096294_6651.JPEG,n02096294,193,Australian terrier,webp,77,193,Australian terrier,0.35852184891700745,True,54024,34062,1.5860489695261581,35.86610070385821,0.9573049924718718
imagewoof,data/imagewoof2-320/val/n02096294/n02096294_6692.JPEG,n02096294,193,Australian terrier,webp,77,193,Australian terrier,0.32434526085853577,True,18148,11372,1.5958494548012663,38.000941796072055,0.9321535181439172
imagewoof,data/imagewoof2-320/val/n02096294/n02096294_670.JPEG,n02096294,193,Australian terrier,webp,77,193,Australian terrier,0.35449615120887756,True,18489,10442,1.7706378088488794,37.81703386965221,0.9613853945162535
imagewoof,data/imagewoof2-320/val/n02096294/n02096294_671.JPEG,n02096294,193,Australian terrier,webp,77,193,Australian terrier,0.20280224084854126,True,22438,15910,1.4103079824010056,37.14118795982501,0.9640983276338729
imagewoof,data/imagewoof2-320/val/n02096294/n02096294_6721.JPEG,n02096294,193,Australian terrier,webp,77,193,Australian terrier,0.3631313443183899,True,32785,27530,1.1908826734471485,35.4634324089024,0.9574533475879851
imagewoof,data/imagewoof2-320/val/n02096294/n02096294_6732.JPEG,n02096294,193,Australian terrier,webp,77,193,Australian terrier,0.4084923267364502,True,20318,14174,1.4334697333145194,36.959260635210065,0.9580601587363783
imagewoof,data/imagewoof2-320/val/n02096294/n02096294_6812.JPEG,n02096294,193,Australian terrier,webp,77,193,Australian terrier,0.4447454810142517,True,38160,29750,1.282689075630252,36.40959652607796,0.9629605275704303
imagewoof,data/imagewoof2-320/val/n02096294/n02096294_6870.JPEG,n02096294,193,Australian terrier,webp,77,193,Australian terrier,0.3571391701698303,True,20764,15764,1.3171783811215427,35.46492776465711,0.9617695860789502
imagewoof,data/imagewoof2-320/val/n02096294/n02096294_6891.JPEG,n02096294,193,Australian terrier,webp,77,187,Yorkshire terrier,0.3661639392375946,False,16949,10064,1.6841216216216217,38.468044801517934,0.9648979694264251
imagewoof,data/imagewoof2-320/val/n02096294/n02096294_6911.JPEG,n02096294,193,Australian terrier,webp,77,179,Staffordshire bullterrier,0.2357790619134903,False,19788,11074,1.7868882066100777,38.59763763259081,0.9463451583342074
imagewoof,data/imagewoof2-320/val/n02096294/n02096294_6931.JPEG,n02096294,193,Australian terrier,webp,77,187,Yorkshire terrier,0.22972850501537323,False,21933,15584,1.4074050308008215,37.192941692829464,0.9482614626251619
imagewoof,data/imagewoof2-320/val/n02096294/n02096294_6970.JPEG,n02096294,193,Australian terrier,webp,77,193,Australian terrier,0.43561533093452454,True,26075,21184,1.2308817975830815,36.03233169156533,0.9580357859384723
imagewoof,data/imagewoof2-320/val/n02096294/n02096294_6980.JPEG,n02096294,193,Australian terrier,webp,77,193,Australian terrier,0.22921572625637054,True,54105,52744,1.0258038829061125,33.54593564276408,0.9788930612454535
imagewoof,data/imagewoof2-320/val/n02096294/n02096294_6982.JPEG,n02096294,193,Australian terrier,webp,77,193,Australian terrier,0.06757853925228119,True,38911,37474,1.0383465869669637,34.99260299705938,0.975720403913043
imagewoof,data/imagewoof2-320/val/n02096294/n02096294_6990.JPEG,n02096294,193,Australian terrier,webp,77,193,Australian terrier,0.5014379620552063,True,22838,16046,1.4232830611990528,36.960446898736365,0.9611955027396598
imagewoof,data/imagewoof2-320/val/n02096294/n02096294_6991.JPEG,n02096294,193,Australian terrier,webp,77,193,Australian terrier,0.22009949386119843,True,19218,11896,1.6155010087424344,37.32968429885783,0.9420385397596482
imagewoof,data/imagewoof2-320/val/n02096294/n02096294_7000.JPEG,n02096294,193,Australian terrier,webp,77,201,silky terrier,0.3442337214946747,False,16398,9344,1.7549229452054795,38.487028600008024,0.9587265337828855
imagewoof,data/imagewoof2-320/val/n02096294/n02096294_7020.JPEG,n02096294,193,Australian terrier,webp,77,193,Australian terrier,0.19575759768486023,True,22177,14164,1.565730019768427,37.51596875971619,0.9543408719480867
imagewoof,data/imagewoof2-320/val/n02096294/n02096294_7030.JPEG,n02096294,193,Australian terrier,webp,77,193,Australian terrier,0.5059417486190796,True,27556,17522,1.5726515237986531,36.21912725702115,0.946301622962966
imagewoof,data/imagewoof2-320/val/n02096294/n02096294_7051.JPEG,n02096294,193,Australian terrier,webp,77,193,Australian terrier,0.5362226366996765,True,23572,16660,1.4148859543817527,37.069402937487574,0.9553317121643529
imagewoof,data/imagewoof2-320/val/n02096294/n02096294_7122.JPEG,n02096294,193,Australian terrier,webp,77,193,Australian terrier,0.4792707562446594,True,21014,14248,1.474873666479506,37.19791953569691,0.9577636817183258
imagewoof,data/imagewoof2-320/val/n02096294/n02096294_7160.JPEG,n02096294,193,Australian terrier,webp,77,193,Australian terrier,0.24213476479053497,True,29242,24102,1.2132603103476889,36.04871933275281,0.9605485627803333
imagewoof,data/imagewoof2-320/val/n02096294/n02096294_7161.JPEG,n02096294,193,Australian terrier,webp,77,193,Australian terrier,0.3249416947364807,True,19148,11786,1.624639402681147,37.881044260499756,0.9381400307042975
imagewoof,data/imagewoof2-320/val/n02096294/n02096294_7170.JPEG,n02096294,193,Australian terrier,webp,77,185,Norfolk terrier,0.29051440954208374,False,28871,23304,1.2388860281496739,36.963556873640336,0.959542646358417
imagewoof,data/imagewoof2-320/val/n02096294/n02096294_7182.JPEG,n02096294,193,Australian terrier,webp,77,193,Australian terrier,0.27242928743362427,True,20955,13930,1.5043072505384063,37.62034498290755,0.9503918233486219
imagewoof,data/imagewoof2-320/val/n02096294/n02096294_720.JPEG,n02096294,193,Australian terrier,webp,77,193,Australian terrier,0.4983013868331909,True,21707,14312,1.51669927333706,37.38807377829914,0.9387225860602403
imagewoof,data/imagewoof2-320/val/n02096294/n02096294_7231.JPEG,n02096294,193,Australian terrier,webp,77,193,Australian terrier,0.4487728178501129,True,35626,31536,1.1296930492135973,34.69552985824917,0.9617236978012289
imagewoof,data/imagewoof2-320/val/n02096294/n02096294_7242.JPEG,n02096294,193,Australian terrier,webp,77,193,Australian terrier,0.5062774419784546,True,44568,42740,1.0427702386523163,34.012668323525986,0.9691848084488912
imagewoof,data/imagewoof2-320/val/n02096294/n02096294_7261.JPEG,n02096294,193,Australian terrier,webp,77,193,Australian terrier,0.5149916410446167,True,49427,50212,0.9843662869433601,33.857057364510155,0.9758732934792561
imagewoof,data/imagewoof2-320/val/n02096294/n02096294_730.JPEG,n02096294,193,Australian terrier,webp,77,184,Irish terrier,0.17389406263828278,False,21977,18206,1.2071295177414039,36.01596152411683,0.9651520343851908
imagewoof,data/imagewoof2-320/val/n02096294/n02096294_7341.JPEG,n02096294,193,Australian terrier,webp,77,186,Norwich terrier,0.15469276905059814,False,36640,31898,1.1486613580788765,35.084896127287564,0.9656016297905702
imagewoof,data/imagewoof2-320/val/n02096294/n02096294_7361.JPEG,n02096294,193,Australian terrier,webp,77,193,Australian terrier,0.4758652150630951,True,33547,27478,1.2208676031734478,35.73195064773203,0.9667781518827318
imagewoof,data/imagewoof2-320/val/n02096294/n02096294_7370.JPEG,n02096294,193,Australian terrier,webp,77,193,Australian terrier,0.3139737546443939,True,28666,22332,1.283628873365574,35.59067914007751,0.9528352461713953
imagewoof,data/imagewoof2-320/val/n02096294/n02096294_7382.JPEG,n02096294,193,Australian terrier,webp,77,193,Australian terrier,0.17055194079875946,True,32528,27764,1.1715891081976662,35.575157411828734,0.9653278503940639
imagewoof,data/imagewoof2-320/val/n02096294/n02096294_7402.JPEG,n02096294,193,Australian terrier,webp,77,193,Australian terrier,0.46938177943229675,True,31822,25954,1.2260923171765432,35.57921729018056,0.9578242186210648
imagewoof,data/imagewoof2-320/val/n02096294/n02096294_7412.JPEG,n02096294,193,Australian terrier,webp,77,193,Australian terrier,0.4758274555206299,True,32722,29506,1.1089947807225649,35.26115749065619,0.9646414690716347
imagewoof,data/imagewoof2-320/val/n02096294/n02096294_7421.JPEG,n02096294,193,Australian terrier,webp,77,193,Australian terrier,0.5187901258468628,True,13491,8826,1.5285520054384771,39.02709533458368,0.9661016785070543
imagewoof,data/imagewoof2-320/val/n02096294/n02096294_7422.JPEG,n02096294,193,Australian terrier,webp,77,193,Australian terrier,0.4763248860836029,True,48873,49040,0.996594616639478,33.79196680641564,0.9756446136315393
imagewoof,data/imagewoof2-320/val/n02096294/n02096294_7460.JPEG,n02096294,193,Australian terrier,webp,77,193,Australian terrier,0.319534033536911,True,34322,30004,1.143914144780696,35.06460784003752,0.966016638045188
imagewoof,data/imagewoof2-320/val/n02096294/n02096294_7492.JPEG,n02096294,193,Australian terrier,webp,77,193,Australian terrier,0.22778739035129547,True,36514,34094,1.0709802311257113,35.28972910676101,0.9730698743887901
imagewoof,data/imagewoof2-320/val/n02096294/n02096294_7501.JPEG,n02096294,193,Australian terrier,webp,77,193,Australian terrier,0.7534155249595642,True,25879,18898,1.3694041697534132,36.42548021720559,0.9305120198270632
imagewoof,data/imagewoof2-320/val/n02096294/n02096294_7510.JPEG,n02096294,193,Australian terrier,webp,77,193,Australian terrier,0.4300912022590637,True,22863,15710,1.455315085932527,36.59456465676123,0.953276408583616
imagewoof,data/imagewoof2-320/val/n02096294/n02096294_7512.JPEG,n02096294,193,Australian terrier,webp,77,187,Yorkshire terrier,0.418658047914505,False,20070,12858,1.5608959402706486,37.50982637627502,0.9525200436753957
imagewoof,data/imagewoof2-320/val/n02096294/n02096294_7532.JPEG,n02096294,193,Australian terrier,webp,77,186,Norwich terrier,0.1640457808971405,False,36786,34814,1.0566438788992933,34.89537474466198,0.9774372886613208
imagewoof,data/imagewoof2-320/val/n02096294/n02096294_7541.JPEG,n02096294,193,Australian terrier,webp,77,193,Australian terrier,0.5082948207855225,True,37860,36002,1.0516082439864451,34.72950605625971,0.9792711656604692
imagewoof,data/imagewoof2-320/val/n02096294/n02096294_7552.JPEG,n02096294,193,Australian terrier,webp,77,193,Australian terrier,0.5123423933982849,True,20500,13398,1.5300791162860128,37.83999867925307,0.9635230839723308
imagewoof,data/imagewoof2-320/val/n02096294/n02096294_7560.JPEG,n02096294,193,Australian terrier,webp,77,193,Australian terrier,0.26356229186058044,True,27693,21412,1.2933401830749112,36.41704193797535,0.9473163808979922
imagewoof,data/imagewoof2-320/val/n02096294/n02096294_7562.JPEG,n02096294,193,Australian terrier,webp,77,187,Yorkshire terrier,0.23979750275611877,False,21741,15944,1.3635850476668339,37.32248888640831,0.9473214181245869
imagewoof,data/imagewoof2-320/val/n02096294/n02096294_7602.JPEG,n02096294,193,Australian terrier,webp,77,201,silky terrier,0.5559194087982178,False,28998,24724,1.1728684678854555,36.038259952367454,0.9543320914912886
imagewoof,data/imagewoof2-320/val/n02096294/n02096294_761.JPEG,n02096294,193,Australian terrier,webp,77,201,silky terrier,0.17617712914943695,False,25166,19820,1.2697275479313825,35.581826325412266,0.9567243110295278
imagewoof,data/imagewoof2-320/val/n02096294/n02096294_7620.JPEG,n02096294,193,Australian terrier,webp,77,193,Australian terrier,0.24132561683654785,True,30110,25168,1.196360457724094,35.89391009657413,0.9494934799825611
imagewoof,data/imagewoof2-320/val/n02096294/n02096294_7631.JPEG,n02096294,193,Australian terrier,webp,77,193,Australian terrier,0.22366076707839966,True,26090,18860,1.3833510074231177,36.70609352138685,0.9528420668699353
imagewoof,data/imagewoof2-320/val/n02096294/n02096294_7632.JPEG,n02096294,193,Australian terrier,webp,77,193,Australian terrier,0.4619760513305664,True,25042,18856,1.3280653372931692,36.82734399801363,0.9585401645056405
imagewoof,data/imagewoof2-320/val/n02096294/n02096294_7641.JPEG,n02096294,193,Australian terrier,webp,77,193,Australian terrier,0.5456968545913696,True,25196,19020,1.3247108307045214,36.2441617306162,0.9387031511713548
imagewoof,data/imagewoof2-320/val/n02096294/n02096294_7692.JPEG,n02096294,193,Australian terrier,webp,77,193,Australian terrier,0.30766990780830383,True,33289,30342,1.0971260958407487,35.24512295950109,0.9682596743600042
imagewoof,data/imagewoof2-320/val/n02096294/n02096294_7711.JPEG,n02096294,193,Australian terrier,webp,77,193,Australian terrier,0.49152129888534546,True,26642,20828,1.2791434607259458,36.52017941111453,0.9630238517900116
imagewoof,data/imagewoof2-320/val/n02096294/n02096294_7731.JPEG,n02096294,193,Australian terrier,webp,77,193,Australian terrier,0.5169515609741211,True,14075,7686,1.8312516263335936,39.324532085179285,0.9578333913949016
imagewoof,data/imagewoof2-320/val/n02096294/n02096294_7732.JPEG,n02096294,193,Australian terrier,webp,77,193,Australian terrier,0.29967042803764343,True,20359,13608,1.4961052322163433,37.18891667374484,0.9436608066076028
imagewoof,data/imagewoof2-320/val/n02096294/n02096294_7751.JPEG,n02096294,193,Australian terrier,webp,77,193,Australian terrier,0.54073566198349,True,19577,13104,1.4939713064713065,37.27912562379362,0.949853924777031
imagewoof,data/imagewoof2-320/val/n02096294/n02096294_781.JPEG,n02096294,193,Australian terrier,webp,77,193,Australian terrier,0.4676784873008728,True,20044,11768,1.703263086335826,38.1758789442188,0.9548799866036403
imagewoof,data/imagewoof2-320/val/n02096294/n02096294_7830.JPEG,n02096294,193,Australian terrier,webp,77,193,Australian terrier,0.5485355854034424,True,23333,15478,1.5074945083344102,37.346610255992246,0.9625613702413357
imagewoof,data/imagewoof2-320/val/n02096294/n02096294_7920.JPEG,n02096294,193,Australian terrier,webp,77,187,Yorkshire terrier,0.20239590108394623,False,29746,24096,1.2344787516600266,36.3179319202689,0.9614791827960799
imagewoof,data/imagewoof2-320/val/n02096294/n02096294_7960.JPEG,n02096294,193,Australian terrier,webp,77,193,Australian terrier,0.25111719965934753,True,24762,18106,1.3676129459847564,36.45241102404694,0.9497714828386119
imagewoof,data/imagewoof2-320/val/n02096294/n02096294_7961.JPEG,n02096294,193,Australian terrier,webp,77,193,Australian terrier,0.4530341625213623,True,15531,9798,1.5851194121249235,37.197631579034145,0.9457132082334377
imagewoof,data/imagewoof2-320/val/n02096294/n02096294_7980.JPEG,n02096294,193,Australian terrier,webp,77,262,Brabancon griffon,0.35614487528800964,False,22776,17670,1.2889643463497453,36.371581107679745,0.961862382653479
imagewoof,data/imagewoof2-320/val/n02096294/n02096294_8012.JPEG,n02096294,193,Australian terrier,webp,77,193,Australian terrier,0.4699917435646057,True,25733,19190,1.3409588327253779,36.47372944064135,0.9557239973828852
imagewoof,data/imagewoof2-320/val/n02096294/n02096294_8091.JPEG,n02096294,193,Australian terrier,webp,77,187,Yorkshire terrier,0.2532638609409332,False,30647,25356,1.2086685597097333,36.34314867529932,0.9791706659793341
imagewoof,data/imagewoof2-320/val/n02096294/n02096294_812.JPEG,n02096294,193,Australian terrier,webp,77,193,Australian terrier,0.46232134103775024,True,29924,22916,1.3058125327282248,34.894156841371014,0.9586745078752045
imagewoof,data/imagewoof2-320/val/n02096294/n02096294_8131.JPEG,n02096294,193,Australian terrier,webp,77,193,Australian terrier,0.3146570920944214,True,34841,29962,1.162839596822642,35.021213696878675,0.9651753270275805
imagewoof,data/imagewoof2-320/val/n02096294/n02096294_8161.JPEG,n02096294,193,Australian terrier,webp,77,187,Yorkshire terrier,0.3447854220867157,False,16832,9354,1.7994440880906564,38.13472715649273,0.9325193051860939
imagewoof,data/imagewoof2-320/val/n02096294/n02096294_8222.JPEG,n02096294,193,Australian terrier,webp,77,193,Australian terrier,0.3239167034626007,True,26819,21838,1.2280886528070336,35.387187753567815,0.9598484141175946
imagewoof,data/imagewoof2-320/val/n02096294/n02096294_8260.JPEG,n02096294,193,Australian terrier,webp,77,193,Australian terrier,0.3222476840019226,True,24776,18506,1.3388090349075976,37.563491588590644,0.9671323126956747
imagewoof,data/imagewoof2-320/val/n02096294/n02096294_8281.JPEG,n02096294,193,Australian terrier,webp,77,193,Australian terrier,0.42763760685920715,True,36948,33308,1.1092830551218926,34.90575768142426,0.951154614754344
imagewoof,data/imagewoof2-320/val/n02096294/n02096294_830.JPEG,n02096294,193,Australian terrier,webp,77,193,Australian terrier,0.39373278617858887,True,25165,18628,1.3509233412067856,35.90222552742618,0.941530943260202
imagewoof,data/imagewoof2-320/val/n02096294/n02096294_8302.JPEG,n02096294,193,Australian terrier,webp,77,175,otterhound,0.11266618967056274,False,39788,36660,1.0853246044735407,35.04747510962123,0.9664240835996728
imagewoof,data/imagewoof2-320/val/n02096294/n02096294_8391.JPEG,n02096294,193,Australian terrier,webp,77,193,Australian terrier,0.36805620789527893,True,27915,22136,1.2610679436212504,36.003548186562504,0.956856393329003
imagewoof,data/imagewoof2-320/val/n02096294/n02096294_8492.JPEG,n02096294,193,Australian terrier,webp,77,187,Yorkshire terrier,0.07485689222812653,False,26551,19310,1.3749870533402382,35.67230172872082,0.9541811890281918
imagewoof,data/imagewoof2-320/val/n02096294/n02096294_8522.JPEG,n02096294,193,Australian terrier,webp,77,193,Australian terrier,0.28888192772865295,True,20195,13124,1.5387839073453216,37.79920599483754,0.9595066652130807
imagewoof,data/imagewoof2-320/val/n02096294/n02096294_8531.JPEG,n02096294,193,Australian terrier,webp,77,193,Australian terrier,0.3259633779525757,True,27130,21808,1.2440388848129127,35.67646380915881,0.948887134379346
imagewoof,data/imagewoof2-320/val/n02096294/n02096294_8542.JPEG,n02096294,193,Australian terrier,webp,77,193,Australian terrier,0.6313128471374512,True,26100,20824,1.2533615059546677,36.05431364774962,0.9371467496447027
imagewoof,data/imagewoof2-320/val/n02096294/n02096294_8602.JPEG,n02096294,193,Australian terrier,webp,77,193,Australian terrier,0.55559241771698,True,26067,19322,1.3490839457613084,36.90248205061171,0.9672741461024579
imagewoof,data/imagewoof2-320/val/n02096294/n02096294_862.JPEG,n02096294,193,Australian terrier,webp,77,193,Australian terrier,0.543378472328186,True,22309,16464,1.3550170068027212,35.6164738876969,0.9479665729450177
imagewoof,data/imagewoof2-320/val/n02096294/n02096294_8660.JPEG,n02096294,193,Australian terrier,webp,77,203,West Highland white terrier,0.2799522578716278,False,29072,23872,1.217828418230563,36.972904179762715,0.9618377938709232
imagewoof,data/imagewoof2-320/val/n02096294/n02096294_8702.JPEG,n02096294,193,Australian terrier,webp,77,193,Australian terrier,0.25687146186828613,True,28287,23460,1.2057544757033247,36.11147450133322,0.9580918386252897
imagewoof,data/imagewoof2-320/val/n02096294/n02096294_8720.JPEG,n02096294,193,Australian terrier,webp,77,193,Australian terrier,0.6469752192497253,True,27350,21654,1.2630460884824974,36.33537545789238,0.9588699622187363
imagewoof,data/imagewoof2-320/val/n02096294/n02096294_8721.JPEG,n02096294,193,Australian terrier,webp,77,193,Australian terrier,0.5123745203018188,True,28933,24888,1.1625281260045002,35.98253445760485,0.9585948864086665
imagewoof,data/imagewoof2-320/val/n02096294/n02096294_8770.JPEG,n02096294,193,Australian terrier,webp,77,193,Australian terrier,0.44065824151039124,True,34775,30946,1.1237316616040844,35.78879329485138,0.96625616245269
imagewoof,data/imagewoof2-320/val/n02096294/n02096294_8780.JPEG,n02096294,193,Australian terrier,webp,77,193,Australian terrier,0.4624112546443939,True,21812,14668,1.4870466321243523,36.73633733554797,0.9501903060706128
imagewoof,data/imagewoof2-320/val/n02096294/n02096294_8781.JPEG,n02096294,193,Australian terrier,webp,77,193,Australian terrier,0.38162142038345337,True,33556,27588,1.216325938813977,35.90922851702369,0.9668353158738894
imagewoof,data/imagewoof2-320/val/n02096294/n02096294_8790.JPEG,n02096294,193,Australian terrier,webp,77,193,Australian terrier,0.5916171073913574,True,18344,12728,1.4412319296040226,37.01669266379944,0.9594961081738734
imagewoof,data/imagewoof2-320/val/n02096294/n02096294_8791.JPEG,n02096294,193,Australian terrier,webp,77,193,Australian terrier,0.3968765437602997,True,41277,39704,1.0396181744912352,35.16387658696955,0.9710489956942729
imagewoof,data/imagewoof2-320/val/n02096294/n02096294_892.JPEG,n02096294,193,Australian terrier,webp,77,193,Australian terrier,0.18563325703144073,True,32069,28180,1.1380056777856635,35.39803008994623,0.959636722629981
imagewoof,data/imagewoof2-320/val/n02096294/n02096294_8952.JPEG,n02096294,193,Australian terrier,webp,77,193,Australian terrier,0.4344848692417145,True,30138,23754,1.2687547360444558,35.93685954317969,0.9535307246924966
imagewoof,data/imagewoof2-320/val/n02096294/n02096294_9020.JPEG,n02096294,193,Australian terrier,webp,77,193,Australian terrier,0.17971429228782654,True,21402,15110,1.416412971542025,36.956659165872956,0.9525475490388601
imagewoof,data/imagewoof2-320/val/n02096294/n02096294_9072.JPEG,n02096294,193,Australian terrier,webp,77,252,affenpinscher,0.10235295444726944,False,25788,19166,1.345507669831994,36.25255780820528,0.9451180117248948
imagewoof,data/imagewoof2-320/val/n02096294/n02096294_9161.JPEG,n02096294,193,Australian terrier,webp,77,193,Australian terrier,0.5515033602714539,True,26531,21224,1.2500471164719187,35.793988101638774,0.9537460777944852
imagewoof,data/imagewoof2-320/val/n02096294/n02096294_9162.JPEG,n02096294,193,Australian terrier,webp,77,187,Yorkshire terrier,0.2865206301212311,False,18390,12700,1.448031496062992,37.03497003888244,0.9752415919799867
imagewoof,data/imagewoof2-320/val/n02096294/n02096294_9202.JPEG,n02096294,193,Australian terrier,webp,77,187,Yorkshire terrier,0.15621376037597656,False,18295,11066,1.653262244713537,37.679130667666236,0.9586485611594245
imagewoof,data/imagewoof2-320/val/n02096294/n02096294_9242.JPEG,n02096294,193,Australian terrier,webp,77,193,Australian terrier,0.33640623092651367,True,38208,36264,1.0536068828590337,34.35606137036695,0.974178314133615
imagewoof,data/imagewoof2-320/val/n02096294/n02096294_9322.JPEG,n02096294,193,Australian terrier,webp,77,229,Old English sheepdog,0.16020989418029785,False,21480,15382,1.3964373943570407,37.25872843712591,0.9583046883967885
imagewoof,data/imagewoof2-320/val/n02096294/n02096294_9362.JPEG,n02096294,193,Australian terrier,webp,77,200,Tibetan terrier,0.09553080052137375,False,22343,14604,1.5299233086825528,37.631000201194155,0.9514012613762687
imagewoof,data/imagewoof2-320/val/n02096294/n02096294_9402.JPEG,n02096294,193,Australian terrier,webp,77,193,Australian terrier,0.2079959511756897,True,34418,30074,1.1444437055263683,35.24546777121717,0.9658250753803106
imagewoof,data/imagewoof2-320/val/n02096294/n02096294_9410.JPEG,n02096294,193,Australian terrier,webp,77,193,Australian terrier,0.185625821352005,True,18866,12362,1.5261284581782883,38.11032231053323,0.9610403820651968
imagewoof,data/imagewoof2-320/val/n02096294/n02096294_942.JPEG,n02096294,193,Australian terrier,webp,77,193,Australian terrier,0.17579622566699982,True,30651,25772,1.1893139841688654,36.1757811225348,0.9511309778730674
imagewoof,data/imagewoof2-320/val/n02096294/n02096294_9771.JPEG,n02096294,193,Australian terrier,webp,77,193,Australian terrier,0.3226291239261627,True,23246,16894,1.3759914762637624,36.56418836371343,0.9544253402744364
imagewoof,data/imagewoof2-320/val/n02096294/n02096294_9880.JPEG,n02096294,193,Australian terrier,webp,77,185,Norfolk terrier,0.18893486261367798,False,32244,26284,1.2267539187338306,35.74916079296607,0.9603178470250938
imagewoof,data/imagewoof2-320/val/n02096294/n02096294_9982.JPEG,n02096294,193,Australian terrier,webp,77,184,Irish terrier,0.26461637020111084,False,24729,17948,1.3778136839759305,36.192795692899935,0.9571494115845823
imagewoof,data/imagewoof2-320/val/n02099601/ILSVRC2012_val_00001112.JPEG,n02099601,207,golden retriever,webp,77,207,golden retriever,0.46275532245635986,True,20497,14242,1.439193933436315,37.65005340873121,0.9474917145334075
imagewoof,data/imagewoof2-320/val/n02099601/ILSVRC2012_val_00001191.JPEG,n02099601,207,golden retriever,webp,77,207,golden retriever,0.18841396272182465,True,18995,11798,1.6100186472283438,38.124133325082255,0.9523252817646622
imagewoof,data/imagewoof2-320/val/n02099601/ILSVRC2012_val_00006981.JPEG,n02099601,207,golden retriever,webp,77,207,golden retriever,0.2916821539402008,True,23139,17790,1.3006745362563237,36.28931103391535,0.9577465221135223
imagewoof,data/imagewoof2-320/val/n02099601/ILSVRC2012_val_00008772.JPEG,n02099601,207,golden retriever,webp,77,207,golden retriever,0.5965554118156433,True,23941,17698,1.3527517233585715,36.203814581392805,0.948989470322215
imagewoof,data/imagewoof2-320/val/n02099601/ILSVRC2012_val_00012100.JPEG,n02099601,207,golden retriever,webp,77,207,golden retriever,0.2869589030742645,True,48099,46584,1.032521895929933,34.13616160329968,0.9795663954698518
imagewoof,data/imagewoof2-320/val/n02099601/ILSVRC2012_val_00013611.JPEG,n02099601,207,golden retriever,webp,77,207,golden retriever,0.16752596199512482,True,26301,20930,1.2566172957477306,36.12353382015202,0.9623454461705264
imagewoof,data/imagewoof2-320/val/n02099601/ILSVRC2012_val_00017672.JPEG,n02099601,207,golden retriever,webp,77,207,golden retriever,0.21127060055732727,True,27134,24228,1.1199438666006274,34.99095987187613,0.9662330895843146
imagewoof,data/imagewoof2-320/val/n02099601/ILSVRC2012_val_00019212.JPEG,n02099601,207,golden retriever,webp,77,207,golden retriever,0.34560200572013855,True,22553,18634,1.2103144789095202,36.66694294648357,0.9737453443807597
imagewoof,data/imagewoof2-320/val/n02099601/ILSVRC2012_val_00019590.JPEG,n02099601,207,golden retriever,webp,77,239,Bernese mountain dog,0.06494029611349106,False,30707,29208,1.051321555738154,35.80379759964026,0.9766602195148343
imagewoof,data/imagewoof2-320/val/n02099601/ILSVRC2012_val_00027830.JPEG,n02099601,207,golden retriever,webp,77,207,golden retriever,0.1342816799879074,True,45301,45574,0.9940097423969807,34.09400724956183,0.974699681436384
imagewoof,data/imagewoof2-320/val/n02099601/ILSVRC2012_val_00028411.JPEG,n02099601,207,golden retriever,webp,77,207,golden retriever,0.4262825548648834,True,35611,33998,1.0474439672921936,34.38187547943717,0.9658916106105392
imagewoof,data/imagewoof2-320/val/n02099601/ILSVRC2012_val_00029751.JPEG,n02099601,207,golden retriever,webp,77,207,golden retriever,0.33743274211883545,True,37179,35838,1.03741838272225,34.2404234947731,0.9704501337052843
imagewoof,data/imagewoof2-320/val/n02099601/ILSVRC2012_val_00030710.JPEG,n02099601,207,golden retriever,webp,77,207,golden retriever,0.3975011706352234,True,17714,10566,1.6765095589627106,37.85198908039478,0.9539926029552647
imagewoof,data/imagewoof2-320/val/n02099601/ILSVRC2012_val_00031731.JPEG,n02099601,207,golden retriever,webp,77,207,golden retriever,0.1674046367406845,True,17118,11278,1.5178223089200213,38.76204109377009,0.9603661022596128
imagewoof,data/imagewoof2-320/val/n02099601/ILSVRC2012_val_00033790.JPEG,n02099601,207,golden retriever,webp,77,207,golden retriever,0.6257537603378296,True,14324,8562,1.6729736042980612,38.42171388177415,0.9588638389964778
imagewoof,data/imagewoof2-320/val/n02099601/ILSVRC2012_val_00035252.JPEG,n02099601,207,golden retriever,webp,77,207,golden retriever,0.5012580752372742,True,19861,12080,1.6441225165562914,37.21428953367263,0.9579871643697747
imagewoof,data/imagewoof2-320/val/n02099601/ILSVRC2012_val_00038781.JPEG,n02099601,207,golden retriever,webp,77,207,golden retriever,0.13309578597545624,True,23826,17126,1.3912180310638795,36.4526131055524,0.9488249894425961
imagewoof,data/imagewoof2-320/val/n02099601/ILSVRC2012_val_00046220.JPEG,n02099601,207,golden retriever,webp,77,207,golden retriever,0.3850826025009155,True,24397,18960,1.2867616033755274,36.53430102372844,0.9446663471533631
imagewoof,data/imagewoof2-320/val/n02099601/n02099601_10.JPEG,n02099601,207,golden retriever,webp,77,207,golden retriever,0.3503038287162781,True,22717,16226,1.400036977690127,36.95063376387121,0.9434485879554079
imagewoof,data/imagewoof2-320/val/n02099601/n02099601_100.JPEG,n02099601,207,golden retriever,webp,77,207,golden retriever,0.5445334315299988,True,12528,6464,1.938118811881188,39.18305042246301,0.9652190589263346
imagewoof,data/imagewoof2-320/val/n02099601/n02099601_1000.JPEG,n02099601,207,golden retriever,webp,77,257,Great Pyrenees,0.17300134897232056,False,22765,19784,1.1506773150020217,36.0070820699388,0.9490809721305419
imagewoof,data/imagewoof2-320/val/n02099601/n02099601_101.JPEG,n02099601,207,golden retriever,webp,77,207,golden retriever,0.4280623197555542,True,15332,9676,1.5845390657296403,37.91177543833658,0.955224627713381
imagewoof,data/imagewoof2-320/val/n02099601/n02099601_1010.JPEG,n02099601,207,golden retriever,webp,77,207,golden retriever,0.20450402796268463,True,28247,24594,1.148532162316012,35.28678229193681,0.9624899684872048
imagewoof,data/imagewoof2-320/val/n02099601/n02099601_10122.JPEG,n02099601,207,golden retriever,webp,77,207,golden retriever,0.4791676104068756,True,25000,18752,1.3331911262798635,36.8371311498892,0.9532619836289887
imagewoof,data/imagewoof2-320/val/n02099601/n02099601_10130.JPEG,n02099601,207,golden retriever,webp,77,207,golden retriever,0.3954913020133972,True,23176,14926,1.55272678547501,36.77084249269421,0.944951832806017
imagewoof,data/imagewoof2-320/val/n02099601/n02099601_10150.JPEG,n02099601,207,golden retriever,webp,77,207,golden retriever,0.46086713671684265,True,18680,12596,1.4830104795173071,36.791780899278976,0.9525625181884289
imagewoof,data/imagewoof2-320/val/n02099601/n02099601_10152.JPEG,n02099601,207,golden retriever,webp,77,207,golden retriever,0.3016406297683716,True,25295,20678,1.2232807815069155,36.44700828538824,0.9659425042377444
imagewoof,data/imagewoof2-320/val/n02099601/n02099601_10172.JPEG,n02099601,207,golden retriever,webp,77,207,golden retriever,0.5767366290092468,True,23612,17384,1.3582604693971467,37.26455712450219,0.9533960173019627
imagewoof,data/imagewoof2-320/val/n02099601/n02099601_10190.JPEG,n02099601,207,golden retriever,webp,77,207,golden retriever,0.3520260155200958,True,25016,16762,1.4924233385037584,36.86194148995183,0.9490911648189521
imagewoof,data/imagewoof2-320/val/n02099601/n02099601_10222.JPEG,n02099601,207,golden retriever,webp,77,207,golden retriever,0.4005420506000519,True,16283,8700,1.8716091954022989,38.54121210245348,0.9418003790271864
imagewoof,data/imagewoof2-320/val/n02099601/n02099601_10242.JPEG,n02099601,207,golden retriever,webp,77,207,golden retriever,0.16040821373462677,True,22140,16164,1.3697104677060135,37.070802903603756,0.9489580503547611
imagewoof,data/imagewoof2-320/val/n02099601/n02099601_10280.JPEG,n02099601,207,golden retriever,webp,77,207,golden retriever,0.29033201932907104,True,26581,20378,1.3043968986161547,36.017137079992764,0.953473522146646
imagewoof,data/imagewoof2-320/val/n02099601/n02099601_10381.JPEG,n02099601,207,golden retriever,webp,77,207,golden retriever,0.3949570953845978,True,17269,11306,1.5274190695206085,38.70010705133889,0.9638106308904298
imagewoof,data/imagewoof2-320/val/n02099601/n02099601_10391.JPEG,n02099601,207,golden retriever,webp,77,207,golden retriever,0.1817764937877655,True,27464,20900,1.314066985645933,36.3146947884239,0.9582656981597634
imagewoof,data/imagewoof2-320/val/n02099601/n02099601_1041.JPEG,n02099601,207,golden retriever,webp,77,207,golden retriever,0.4938252866268158,True,24252,17498,1.3859869699394216,36.76014603864023,0.9523334433900471
imagewoof,data/imagewoof2-320/val/n02099601/n02099601_10412.JPEG,n02099601,207,golden retriever,webp,77,207,golden retriever,0.5043888688087463,True,27776,20984,1.3236751810903546,35.712744517052506,0.9456113728750131
imagewoof,data/imagewoof2-320/val/n02099601/n02099601_10430.JPEG,n02099601,207,golden retriever,webp,77,207,golden retriever,0.38786789774894714,True,18159,12088,1.5022336201191264,36.98527649621318,0.9564642874087751
imagewoof,data/imagewoof2-320/val/n02099601/n02099601_10460.JPEG,n02099601,207,golden retriever,webp,77,207,golden retriever,0.22850202023983002,True,35023,29408,1.19093443960827,35.03066687908739,0.9718475320782831
imagewoof,data/imagewoof2-320/val/n02099601/n02099601_1050.JPEG,n02099601,207,golden retriever,webp,77,207,golden retriever,0.4657208025455475,True,18399,13262,1.387347308098326,36.812414422494015,0.9561907041145045
imagewoof,data/imagewoof2-320/val/n02099601/n02099601_10542.JPEG,n02099601,207,golden retriever,webp,77,207,golden retriever,0.39225897192955017,True,24814,18346,1.3525564155674261,36.75213752567506,0.9495147221841508
imagewoof,data/imagewoof2-320/val/n02099601/n02099601_10560.JPEG,n02099601,207,golden retriever,webp,77,207,golden retriever,0.20494478940963745,True,32332,29392,1.1000272182906914,35.703478360286326,0.9691034850972757
imagewoof,data/imagewoof2-320/val/n02099601/n02099601_10580.JPEG,n02099601,207,golden retriever,webp,77,222,kuvasz,0.14191946387290955,False,23396,16952,1.3801321378008495,37.08274242647192,0.9419770169223688
imagewoof,data/imagewoof2-320/val/n02099601/n02099601_10592.JPEG,n02099601,207,golden retriever,webp,77,207,golden retriever,0.30204203724861145,True,33821,30856,1.0960915219082188,35.744539456400794,0.9648091377798638
imagewoof,data/imagewoof2-320/val/n02099601/n02099601_1060.JPEG,n02099601,207,golden retriever,webp,77,207,golden retriever,0.37841907143592834,True,12225,6406,1.9083671557914454,39.7307104377479,0.9586958911490919
imagewoof,data/imagewoof2-320/val/n02099601/n02099601_10612.JPEG,n02099601,207,golden retriever,webp,77,207,golden retriever,0.3350766599178314,True,26897,19312,1.3927609776304888,36.65071914528569,0.9581216632481855
imagewoof,data/imagewoof2-320/val/n02099601/n02099601_10700.JPEG,n02099601,207,golden retriever,webp,77,207,golden retriever,0.2995510995388031,True,32676,29204,1.1188878235858102,34.99125358066094,0.9667080558547055
imagewoof,data/imagewoof2-320/val/n02099601/n02099601_10780.JPEG,n02099601,207,golden retriever,webp,77,207,golden retriever,0.39527592062950134,True,21869,16170,1.352442795299938,36.962083275330414,0.9612060778757997
imagewoof,data/imagewoof2-320/val/n02099601/n02099601_10802.JPEG,n02099601,207,golden retriever,webp,77,207,golden retriever,0.34263482689857483,True,30104,25750,1.1690873786407767,35.49988191530016,0.9574767849458529
imagewoof,data/imagewoof2-320/val/n02099601/n02099601_10841.JPEG,n02099601,207,golden retriever,webp,77,207,golden retriever,0.3906364440917969,True,34606,29098,1.1892913602309436,35.305668163004825,0.9684371863312536
imagewoof,data/imagewoof2-320/val/n02099601/n02099601_10912.JPEG,n02099601,207,golden retriever,webp,77,207,golden retriever,0.30562451481819153,True,19740,13082,1.5089435866075525,38.26961469419934,0.9647429915467337
imagewoof,data/imagewoof2-320/val/n02099601/n02099601_10931.JPEG,n02099601,207,golden retriever,webp,77,207,golden retriever,0.514469563961029,True,50687,49216,1.0298886540962289,33.288957283619126,0.9776377017301551
imagewoof,data/imagewoof2-320/val/n02099601/n02099601_10962.JPEG,n02099601,207,golden retriever,webp,77,207,golden retriever,0.37542662024497986,True,26055,19002,1.3711714556362489,36.100642151694146,0.9572110296912966
imagewoof,data/imagewoof2-320/val/n02099601/n02099601_1140.JPEG,n02099601,207,golden retriever,webp,77,207,golden retriever,0.23568695783615112,True,26829,19676,1.3635393372636715,36.68977442203161,0.9706395443534982
imagewoof,data/imagewoof2-320/val/n02099601/n02099601_11422.JPEG,n02099601,207,golden retriever,webp,77,207,golden retriever,0.27661460638046265,True,19950,13744,1.4515424912689174,37.22649256018818,0.9449680322186359
imagewoof,data/imagewoof2-320/val/n02099601/n02099601_1162.JPEG,n02099601,207,golden retriever,webp,77,207,golden retriever,0.319805383682251,True,36605,34110,1.0731457050718265,34.63676767952739,0.9628779758209888
imagewoof,data/imagewoof2-320/val/n02099601/n02099601_1181.JPEG,n02099601,207,golden retriever,webp,77,207,golden retriever,0.44619062542915344,True,21358,16140,1.3232961586121437,36.99943203517582,0.9423934070513854
imagewoof,data/imagewoof2-320/val/n02099601/n02099601_1191.JPEG,n02099601,207,golden retriever,webp,77,208,Labrador retriever,0.2961413860321045,False,19917,13026,1.5290188853063105,37.762941343138976,0.9523470281020158
imagewoof,data/imagewoof2-320/val/n02099601/n02099601_1192.JPEG,n02099601,207,golden retriever,webp,77,207,golden retriever,0.49105700850486755,True,14532,9280,1.5659482758620689,37.40931706818408,0.9612754353216043
imagewoof,data/imagewoof2-320/val/n02099601/n02099601_1202.JPEG,n02099601,207,golden retriever,webp,77,257,Great Pyrenees,0.24813885986804962,False,24272,17940,1.3529542920847268,36.6739485214488,0.9480205758403772
imagewoof,data/imagewoof2-320/val/n02099601/n02099601_1230.JPEG,n02099601,207,golden retriever,webp,77,207,golden retriever,0.26830509305000305,True,29218,25224,1.1583412622898825,35.51006571795889,0.9584050988006263
imagewoof,data/imagewoof2-320/val/n02099601/n02099601_1242.JPEG,n02099601,207,golden retriever,webp,77,207,golden retriever,0.3013443648815155,True,27608,21478,1.2854083247974672,35.72221061071142,0.9560802312057061
imagewoof,data/imagewoof2-320/val/n02099601/n02099601_1270.JPEG,n02099601,207,golden retriever,webp,77,207,golden retriever,0.3211635947227478,True,51394,52148,0.9855411521055457,34.483553165210395,0.9798271194320415
imagewoof,data/imagewoof2-320/val/n02099601/n02099601_12990.JPEG,n02099601,207,golden retriever,webp,77,207,golden retriever,0.4209490120410919,True,21511,15498,1.3879855465221318,37.358796102354546,0.9673524116072031
imagewoof,data/imagewoof2-320/val/n02099601/n02099601_1332.JPEG,n02099601,207,golden retriever,webp,77,207,golden retriever,0.3825549781322479,True,25067,19636,1.2765838256264004,36.603785021849525,0.9568190346093047
imagewoof,data/imagewoof2-320/val/n02099601/n02099601_13392.JPEG,n02099601,207,golden retriever,webp,77,207,golden retriever,0.26891833543777466,True,18221,12844,1.418639053254438,36.542623497236185,0.9357431128590522
imagewoof,data/imagewoof2-320/val/n02099601/n02099601_1352.JPEG,n02099601,207,golden retriever,webp,77,213,Irish setter,0.19071325659751892,False,55039,53776,1.0234863135971437,34.08213977107351,0.9746126391985159
imagewoof,data/imagewoof2-320/val/n02099601/n02099601_13531.JPEG,n02099601,207,golden retriever,webp,77,207,golden retriever,0.25601911544799805,True,18610,11032,1.6869108049311095,38.648503045422544,0.9477165941531149
imagewoof,data/imagewoof2-320/val/n02099601/n02099601_1360.JPEG,n02099601,207,golden retriever,webp,77,207,golden retriever,0.4900871515274048,True,18691,11328,1.6499823446327684,37.89205196266423,0.946340481057513
imagewoof,data/imagewoof2-320/val/n02099601/n02099601_1371.JPEG,n02099601,207,golden retriever,webp,77,207,golden retriever,0.421828031539917,True,31229,25612,1.2193112603467124,35.21672407259972,0.9720114254895762
imagewoof,data/imagewoof2-320/val/n02099601/n02099601_1392.JPEG,n02099601,207,golden retriever,webp,77,207,golden retriever,0.3185902535915375,True,34511,32558,1.0599852570796733,34.84049734712339,0.9734076814585318
imagewoof,data/imagewoof2-320/val/n02099601/n02099601_142.JPEG,n02099601,207,golden retriever,webp,77,207,golden retriever,0.5037293434143066,True,20909,13422,1.5578155267471316,37.19904192232938,0.9322943500997246
imagewoof,data/imagewoof2-320/val/n02099601/n02099601_1421.JPEG,n02099601,207,golden retriever,webp,77,207,golden retriever,0.34904569387435913,True,18049,11898,1.5169776433013953,37.13671940600046,0.9506354878175611
imagewoof,data/imagewoof2-320/val/n02099601/n02099601_1442.JPEG,n02099601,207,golden retriever,webp,77,207,golden retriever,0.5913640856742859,True,23049,15524,1.48473331615563,35.77909222540256,0.9367909846060987
imagewoof,data/imagewoof2-320/val/n02099601/n02099601_14592.JPEG,n02099601,207,golden retriever,webp,77,207,golden retriever,0.742106556892395,True,48635,47502,1.0238516272999032,34.81038509859931,0.9847735047494613
imagewoof,data/imagewoof2-320/val/n02099601/n02099601_1462.JPEG,n02099601,207,golden retriever,webp,77,207,golden retriever,0.568841814994812,True,27712,21452,1.2918142830505315,36.67823851812477,0.9497894105295392
imagewoof,data/imagewoof2-320/val/n02099601/n02099601_1492.JPEG,n02099601,207,golden retriever,webp,77,207,golden retriever,0.3623114824295044,True,14285,7866,1.816043732519705,38.95678772910304,0.9548396890908615
imagewoof,data/imagewoof2-320/val/n02099601/n02099601_151.JPEG,n02099601,207,golden retriever,webp,77,207,golden retriever,0.12712782621383667,True,33085,29812,1.1097880048302697,33.47279877173024,0.9361172472463783
imagewoof,data/imagewoof2-320/val/n02099601/n02099601_1512.JPEG,n02099601,207,golden retriever,webp,77,207,golden retriever,0.2105485498905182,True,19328,13930,1.3875089734386217,36.92267659694859,0.9748162797183908
imagewoof,data/imagewoof2-320/val/n02099601/n02099601_152.JPEG,n02099601,207,golden retriever,webp,77,207,golden retriever,0.3068997263908386,True,27479,24146,1.1380352853474696,34.54878057194837,0.9579426564317615
imagewoof,data/imagewoof2-320/val/n02099601/n02099601_1551.JPEG,n02099601,207,golden retriever,webp,77,207,golden retriever,0.28936171531677246,True,18212,10702,1.7017379928985237,38.38711576086852,0.9454320039782846
imagewoof,data/imagewoof2-320/val/n02099601/n02099601_1580.JPEG,n02099601,207,golden retriever,webp,77,207,golden retriever,0.5538612604141235,True,38121,34844,1.0940477557111699,34.731839136558925,0.9616348065352011
imagewoof,data/imagewoof2-320/val/n02099601/n02099601_1590.JPEG,n02099601,207,golden retriever,webp,77,207,golden retriever,0.6185999512672424,True,18630,11482,1.6225396272426407,38.19197826550323,0.9704085827444969
imagewoof,data/imagewoof2-320/val/n02099601/n02099601_162.JPEG,n02099601,207,golden retriever,webp,77,260,chow,0.41105353832244873,False,34735,30070,1.1551380113069505,35.2770123165245,0.9617188251719103
imagewoof,data/imagewoof2-320/val/n02099601/n02099601_16221.JPEG,n02099601,207,golden retriever,webp,77,207,golden retriever,0.48664459586143494,True,15851,9172,1.7281945050152638,38.4207798189179,0.9569056075164469
imagewoof,data/imagewoof2-320/val/n02099601/n02099601_1652.JPEG,n02099601,207,golden retriever,webp,77,207,golden retriever,0.5542731881141663,True,30412,27354,1.1117935219711925,34.17748051268329,0.9771560769700741
imagewoof,data/imagewoof2-320/val/n02099601/n02099601_171.JPEG,n02099601,207,golden retriever,webp,77,207,golden retriever,0.20487162470817566,True,23400,16036,1.459216762284859,38.078755352037184,0.9553499687929161
imagewoof,data/imagewoof2-320/val/n02099601/n02099601_17361.JPEG,n02099601,207,golden retriever,webp,77,207,golden retriever,0.5557690858840942,True,50708,49058,1.0336336581189611,34.34095790128366,0.9760340387609974
imagewoof,data/imagewoof2-320/val/n02099601/n02099601_1740.JPEG,n02099601,207,golden retriever,webp,77,207,golden retriever,0.5512753129005432,True,38153,33866,1.1265871375420775,34.97077440057034,0.9642172511096511
imagewoof,data/imagewoof2-320/val/n02099601/n02099601_17622.JPEG,n02099601,207,golden retriever,webp,77,207,golden retriever,0.5246398448944092,True,24464,17164,1.4253087858308087,36.97782250346813,0.9582418149155236
imagewoof,data/imagewoof2-320/val/n02099601/n02099601_1772.JPEG,n02099601,207,golden retriever,webp,77,207,golden retriever,0.33130425214767456,True,20514,12688,1.6168032786885247,38.28199541932597,0.9558900728200985
imagewoof,data/imagewoof2-320/val/n02099601/n02099601_1781.JPEG,n02099601,207,golden retriever,webp,77,207,golden retriever,0.49386167526245117,True,12057,6698,1.8000895789787996,41.0806830926311,0.9736760068301485
imagewoof,data/imagewoof2-320/val/n02099601/n02099601_1811.JPEG,n02099601,207,golden retriever,webp,77,207,golden retriever,0.2905711233615875,True,18077,12666,1.4272066950892153,36.39070688286692,0.9471024393042825
imagewoof,data/imagewoof2-320/val/n02099601/n02099601_18110.JPEG,n02099601,207,golden retriever,webp,77,207,golden retriever,0.10663986951112747,True,24899,18252,1.3641792680254219,36.318611047077745,0.9475710025919883
imagewoof,data/imagewoof2-320/val/n02099601/n02099601_1860.JPEG,n02099601,207,golden retriever,webp,77,207,golden retriever,0.3587590754032135,True,17159,10764,1.5941099962839094,37.42487518646921,0.9557899525111161
imagewoof,data/imagewoof2-320/val/n02099601/n02099601_19172.JPEG,n02099601,207,golden retriever,webp,77,207,golden retriever,0.3297378122806549,True,27425,19566,1.4016661555759993,36.13343152973681,0.9542563286090319
imagewoof,data/imagewoof2-320/val/n02099601/n02099601_1932.JPEG,n02099601,207,golden retriever,webp,77,207,golden retriever,0.3011172413825989,True,28072,22506,1.2473118279569892,35.79112320724868,0.9481219524336719
imagewoof,data/imagewoof2-320/val/n02099601/n02099601_1951.JPEG,n02099601,207,golden retriever,webp,77,207,golden retriever,0.40986642241477966,True,18556,12082,1.5358384373448104,38.112186999916716,0.9488553129820545
imagewoof,data/imagewoof2-320/val/n02099601/n02099601_1972.JPEG,n02099601,207,golden retriever,webp,77,207,golden retriever,0.4573625922203064,True,29950,20534,1.458556540372066,38.23985815606945,0.9646999137240136
imagewoof,data/imagewoof2-320/val/n02099601/n02099601_20270.JPEG,n02099601,207,golden retriever,webp,77,207,golden retriever,0.3726145029067993,True,28112,19670,1.4291814946619217,36.49478457890846,0.9627382728686271
imagewoof,data/imagewoof2-320/val/n02099601/n02099601_2041.JPEG,n02099601,207,golden retriever,webp,77,168,redbone,0.2594580352306366,False,27285,23616,1.1553607723577235,35.79485137144067,0.9485570877184212
imagewoof,data/imagewoof2-320/val/n02099601/n02099601_20842.JPEG,n02099601,207,golden retriever,webp,77,207,golden retriever,0.5255106091499329,True,19281,12000,1.60675,38.32840677666967,0.9482175294142764
imagewoof,data/imagewoof2-320/val/n02099601/n02099601_2110.JPEG,n02099601,207,golden retriever,webp,77,247,Saint Bernard,0.08567152917385101,False,14578,8374,1.7408645808454741,37.95352719024174,0.9702756762838073
imagewoof,data/imagewoof2-320/val/n02099601/n02099601_21541.JPEG,n02099601,207,golden retriever,webp,77,207,golden retriever,0.3835281729698181,True,21568,15374,1.4028879927149733,38.81329912498209,0.9649619809846347
imagewoof,data/imagewoof2-320/val/n02099601/n02099601_2160.JPEG,n02099601,207,golden retriever,webp,77,207,golden retriever,0.414131760597229,True,18871,11398,1.6556413405860677,37.55937847140858,0.9486771505759211
imagewoof,data/imagewoof2-320/val/n02099601/n02099601_2211.JPEG,n02099601,207,golden retriever,webp,77,207,golden retriever,0.6782767176628113,True,15927,9046,1.7606676984302454,38.82405844799594,0.9643665555725102
imagewoof,data/imagewoof2-320/val/n02099601/n02099601_222.JPEG,n02099601,207,golden retriever,webp,77,612,jinrikisha,0.16416068375110626,False,35894,31786,1.1292392877367394,35.136263386999005,0.9688717530510828
imagewoof,data/imagewoof2-320/val/n02099601/n02099601_2220.JPEG,n02099601,207,golden retriever,webp,77,207,golden retriever,0.29790109395980835,True,17176,11218,1.531110714922446,39.07795196069512,0.9728681182879794
imagewoof,data/imagewoof2-320/val/n02099601/n02099601_2232.JPEG,n02099601,207,golden retriever,webp,77,207,golden retriever,0.37554216384887695,True,28969,24016,1.2062375083277814,35.78372797565723,0.9538028596952604
imagewoof,data/imagewoof2-320/val/n02099601/n02099601_22550.JPEG,n02099601,207,golden retriever,webp,77,207,golden retriever,0.4088843762874603,True,27427,19086,1.4370219008697473,36.44349073778445,0.9454021438730497
imagewoof,data/imagewoof2-320/val/n02099601/n02099601_2312.JPEG,n02099601,207,golden retriever,webp,77,222,kuvasz,0.18802832067012787,False,11334,5576,2.0326398852223817,40.69427886706588,0.9702224702021954
imagewoof,data/imagewoof2-320/val/n02099601/n02099601_2330.JPEG,n02099601,207,golden retriever,webp,77,207,golden retriever,0.14579758048057556,True,21919,15422,1.4212812864738684,37.00390470490135,0.9544243128085032
imagewoof,data/imagewoof2-320/val/n02099601/n02099601_2382.JPEG,n02099601,207,golden retriever,webp,77,852,tennis ball,0.5233030319213867,False,13454,7342,1.8324707164260419,38.808243624774335,0.9603365998352783
imagewoof,data/imagewoof2-320/val/n02099601/n02099601_2391.JPEG,n02099601,207,golden retriever,webp,77,207,golden retriever,0.2863103151321411,True,26930,22694,1.1866572662377721,35.99331374991252,0.9530174440337223
imagewoof,data/imagewoof2-320/val/n02099601/n02099601_2401.JPEG,n02099601,207,golden retriever,webp,77,222,kuvasz,0.5429160594940186,False,34674,30446,1.1388688169217631,34.92129376480832,0.9651873894284008
imagewoof,data/imagewoof2-320/val/n02099601/n02099601_241.JPEG,n02099601,207,golden retriever,webp,77,168,redbone,0.1520179957151413,False,13199,7198,1.833703806612948,40.17021293433455,0.9569027888193062
imagewoof,data/imagewoof2-320/val/n02099601/n02099601_2422.JPEG,n02099601,207,golden retriever,webp,77,207,golden retriever,0.3583940863609314,True,20279,12112,1.674289960369881,37.84864925420808,0.9433602057933381
imagewoof,data/imagewoof2-320/val/n02099601/n02099601_2430.JPEG,n02099601,207,golden retriever,webp,77,207,golden retriever,0.2630591094493866,True,20432,13176,1.5506982392228295,37.302006541286424,0.9612915811217962
imagewoof,data/imagewoof2-320/val/n02099601/n02099601_2440.JPEG,n02099601,207,golden retriever,webp,77,207,golden retriever,0.549799382686615,True,34785,30900,1.1257281553398057,35.445757583284504,0.9686801524044979
imagewoof,data/imagewoof2-320/val/n02099601/n02099601_2441.JPEG,n02099601,207,golden retriever,webp,77,207,golden retriever,0.35778674483299255,True,41787,38982,1.0719562875173156,34.662796840515824,0.9615721930768689
imagewoof,data/imagewoof2-320/val/n02099601/n02099601_2460.JPEG,n02099601,207,golden retriever,webp,77,207,golden retriever,0.29094281792640686,True,34951,30134,1.1598526581270325,35.055504779328096,0.9670555938517048
imagewoof,data/imagewoof2-320/val/n02099601/n02099601_2472.JPEG,n02099601,207,golden retriever,webp,77,207,golden retriever,0.2138732373714447,True,18016,11298,1.594618516551602,38.63872640445206,0.9588021003370922
imagewoof,data/imagewoof2-320/val/n02099601/n02099601_25072.JPEG,n02099601,207,golden retriever,webp,77,207,golden retriever,0.34541040658950806,True,23877,17120,1.3946845794392524,36.83864624252643,0.9543339282072353
imagewoof,data/imagewoof2-320/val/n02099601/n02099601_252.JPEG,n02099601,207,golden retriever,webp,77,207,golden retriever,0.5209904313087463,True,10122,5368,1.885618479880775,41.068319254009054,0.9682785443069726
imagewoof,data/imagewoof2-320/val/n02099601/n02099601_2521.JPEG,n02099601,207,golden retriever,webp,77,207,golden retriever,0.432924747467041,True,36881,31346,1.176577553754865,35.031821483637984,0.9708516800050943
imagewoof,data/imagewoof2-320/val/n02099601/n02099601_2541.JPEG,n02099601,207,golden retriever,webp,77,207,golden retriever,0.5931758284568787,True,29464,22416,1.314418272662384,35.537185881194134,0.9561882116641387
imagewoof,data/imagewoof2-320/val/n02099601/n02099601_25482.JPEG,n02099601,207,golden retriever,webp,77,207,golden retriever,0.4049397110939026,True,14261,7632,1.8685796645702306,39.75611666892833,0.9647401460115145
imagewoof,data/imagewoof2-320/val/n02099601/n02099601_2571.JPEG,n02099601,207,golden retriever,webp,77,244,Tibetan mastiff,0.404852032661438,False,35821,31752,1.1281494079113126,35.50905467750229,0.957837017490928
imagewoof,data/imagewoof2-320/val/n02099601/n02099601_25780.JPEG,n02099601,207,golden retriever,webp,77,207,golden retriever,0.37150394916534424,True,44575,43516,1.0243358764592334,33.92913228650703,0.9632732871610078
imagewoof,data/imagewoof2-320/val/n02099601/n02099601_2580.JPEG,n02099601,207,golden retriever,webp,77,207,golden retriever,0.4939148426055908,True,24267,16168,1.5009277585353786,36.52473087341378,0.961847915368605
imagewoof,data/imagewoof2-320/val/n02099601/n02099601_25801.JPEG,n02099601,207,golden retriever,webp,77,207,golden retriever,0.3323974609375,True,21261,14480,1.4683011049723758,37.878869289055295,0.9600991873962168
imagewoof,data/imagewoof2-320/val/n02099601/n02099601_2581.JPEG,n02099601,207,golden retriever,webp,77,207,golden retriever,0.14930544793605804,True,25485,18806,1.3551526108688716,36.937692584148365,0.9599619505778496
imagewoof,data/imagewoof2-320/val/n02099601/n02099601_2582.JPEG,n02099601,207,golden retriever,webp,77,207,golden retriever,0.5771530270576477,True,34395,28478,1.2077744223611209,35.425201973163254,0.9640241410538487
imagewoof,data/imagewoof2-320/val/n02099601/n02099601_25930.JPEG,n02099601,207,golden retriever,webp,77,207,golden retriever,0.2230582982301712,True,30891,25902,1.1926106092193653,36.31956940279177,0.9575007634792985
imagewoof,data/imagewoof2-320/val/n02099601/n02099601_2601.JPEG,n02099601,207,golden retriever,webp,77,207,golden retriever,0.2914477586746216,True,29031,23486,1.2360981009963383,36.11039720637397,0.9643733775441161
imagewoof,data/imagewoof2-320/val/n02099601/n02099601_2612.JPEG,n02099601,207,golden retriever,webp,77,207,golden retriever,0.5514560341835022,True,17186,9000,1.9095555555555555,37.86181337476408,0.9599059786406681
imagewoof,data/imagewoof2-320/val/n02099601/n02099601_262.JPEG,n02099601,207,golden retriever,webp,77,168,redbone,0.10812298208475113,False,9699,4244,2.285344015080113,41.44013963175261,0.968795635062811
imagewoof,data/imagewoof2-320/val/n02099601/n02099601_26472.JPEG,n02099601,207,golden retriever,webp,77,222,kuvasz,0.3315024673938751,False,15428,8044,1.9179512680258577,39.35268373276726,0.9446830937181024
imagewoof,data/imagewoof2-320/val/n02099601/n02099601_26571.JPEG,n02099601,207,golden retriever,webp,77,207,golden retriever,0.45353975892066956,True,19056,11682,1.6312275295326142,37.96301112192358,0.9500215390618054
imagewoof,data/imagewoof2-320/val/n02099601/n02099601_26651.JPEG,n02099601,207,golden retriever,webp,77,207,golden retriever,0.29092633724212646,True,17353,10294,1.6857392655916068,38.85271287028898,0.9623125570769465
imagewoof,data/imagewoof2-320/val/n02099601/n02099601_2690.JPEG,n02099601,207,golden retriever,webp,77,207,golden retriever,0.3326196074485779,True,18318,12032,1.522440159574468,37.43613063521895,0.9532990326180063
imagewoof,data/imagewoof2-320/val/n02099601/n02099601_2691.JPEG,n02099601,207,golden retriever,webp,77,207,golden retriever,0.3813776671886444,True,20411,15690,1.3008922880815805,36.89031632073016,0.9542749290565906
imagewoof,data/imagewoof2-320/val/n02099601/n02099601_26930.JPEG,n02099601,207,golden retriever,webp,77,155,Shih-Tzu,0.044267646968364716,False,25935,19358,1.339756173158384,36.96650340858732,0.9567385063999669
imagewoof,data/imagewoof2-320/val/n02099601/n02099601_26980.JPEG,n02099601,207,golden retriever,webp,77,207,golden retriever,0.5372349619865417,True,28127,20126,1.3975454635794495,36.34233882297983,0.9573680277809218
imagewoof,data/imagewoof2-320/val/n02099601/n02099601_26992.JPEG,n02099601,207,golden retriever,webp,77,207,golden retriever,0.15948154032230377,True,36632,33794,1.0839794046280404,35.2888099863504,0.9612075254474051
imagewoof,data/imagewoof2-320/val/n02099601/n02099601_270.JPEG,n02099601,207,golden retriever,webp,77,207,golden retriever,0.4425952136516571,True,18521,12842,1.4422208378757202,35.94124560760761,0.9439659643152997
imagewoof,data/imagewoof2-320/val/n02099601/n02099601_271.JPEG,n02099601,207,golden retriever,webp,77,207,golden retriever,0.3471772074699402,True,18366,11466,1.6017791732077447,37.81087477411133,0.9337162380905376
imagewoof,data/imagewoof2-320/val/n02099601/n02099601_27132.JPEG,n02099601,207,golden retriever,webp,77,207,golden retriever,0.23904673755168915,True,28407,22640,1.254726148409894,36.08833279910178,0.9606315823929102
imagewoof,data/imagewoof2-320/val/n02099601/n02099601_272.JPEG,n02099601,207,golden retriever,webp,77,207,golden retriever,0.297611802816391,True,27706,22722,1.219346888478127,35.70888082152517,0.9537801835193874
imagewoof,data/imagewoof2-320/val/n02099601/n02099601_27262.JPEG,n02099601,207,golden retriever,webp,77,207,golden retriever,0.3680637776851654,True,48656,44832,1.0852962169878657,34.89770023029568,0.973041650010321
imagewoof,data/imagewoof2-320/val/n02099601/n02099601_27330.JPEG,n02099601,207,golden retriever,webp,77,207,golden retriever,0.5614503026008606,True,25289,18354,1.3778467908902692,36.207787555246504,0.9470935359222415
imagewoof,data/imagewoof2-320/val/n02099601/n02099601_2741.JPEG,n02099601,207,golden retriever,webp,77,222,kuvasz,0.15641283988952637,False,37621,36212,1.0389097536728156,34.871225076997646,0.9712233251232057
imagewoof,data/imagewoof2-320/val/n02099601/n02099601_2752.JPEG,n02099601,207,golden retriever,webp,77,207,golden retriever,0.41487038135528564,True,21336,13832,1.54251012145749,35.7542596364102,0.9547187775943492
imagewoof,data/imagewoof2-320/val/n02099601/n02099601_27711.JPEG,n02099601,207,golden retriever,webp,77,207,golden retriever,0.1208929494023323,True,29591,24982,1.1844928348410855,35.91210972747277,0.9626374161493914
imagewoof,data/imagewoof2-320/val/n02099601/n02099601_27960.JPEG,n02099601,207,golden retriever,webp,77,207,golden retriever,0.4517868161201477,True,38427,35436,1.0844056891296987,35.15083321013024,0.9641021889386607
imagewoof,data/imagewoof2-320/val/n02099601/n02099601_280.JPEG,n02099601,207,golden retriever,webp,77,207,golden retriever,0.3467875123023987,True,16243,9884,1.6433630109267503,38.09834085886865,0.9607782336163314
imagewoof,data/imagewoof2-320/val/n02099601/n02099601_2801.JPEG,n02099601,207,golden retriever,webp,77,207,golden retriever,0.38048702478408813,True,21065,13734,1.5337847677297218,37.820433685733065,0.9609488325180889
imagewoof,data/imagewoof2-320/val/n02099601/n02099601_28031.JPEG,n02099601,207,golden retriever,webp,77,207,golden retriever,0.5410669445991516,True,17180,12246,1.4029070716968806,36.724102102704,0.9481525611295912
imagewoof,data/imagewoof2-320/val/n02099601/n02099601_281.JPEG,n02099601,207,golden retriever,webp,77,207,golden retriever,0.20652252435684204,True,15371,10166,1.5120007869368484,37.419809420425,0.9479318548541819
imagewoof,data/imagewoof2-320/val/n02099601/n02099601_2811.JPEG,n02099601,207,golden retriever,webp,77,207,golden retriever,0.2972243130207062,True,14939,8006,1.865975518361229,39.232390138528494,0.9533983580970249
imagewoof,data/imagewoof2-320/val/n02099601/n02099601_2831.JPEG,n02099601,207,golden retriever,webp,77,207,golden retriever,0.3511725068092346,True,32279,26642,1.2115832144733878,35.685624707210124,0.9646435085359334
imagewoof,data/imagewoof2-320/val/n02099601/n02099601_28691.JPEG,n02099601,207,golden retriever,webp,77,207,golden retriever,0.30748704075813293,True,48372,46950,1.0302875399361022,34.696623983326475,0.9793080150959006
imagewoof,data/imagewoof2-320/val/n02099601/n02099601_290.JPEG,n02099601,207,golden retriever,webp,77,207,golden retriever,0.363267183303833,True,18121,12322,1.4706216523291673,37.4061518845713,0.9461057793306357
imagewoof,data/imagewoof2-320/val/n02099601/n02099601_29010.JPEG,n02099601,207,golden retriever,webp,77,207,golden retriever,0.335632860660553,True,20422,13882,1.4711136723815013,38.03449029750959,0.9556007870353375
imagewoof,data/imagewoof2-320/val/n02099601/n02099601_29190.JPEG,n02099601,207,golden retriever,webp,77,207,golden retriever,0.28840166330337524,True,53597,53120,1.0089796686746988,33.96947441649634,0.9787600186305627
imagewoof,data/imagewoof2-320/val/n02099601/n02099601_2920.JPEG,n02099601,207,golden retriever,webp,77,207,golden retriever,0.32392939925193787,True,33306,27124,1.2279162365432827,35.42830307609534,0.9603551590654149
imagewoof,data/imagewoof2-320/val/n02099601/n02099601_29211.JPEG,n02099601,207,golden retriever,webp,77,207,golden retriever,0.17492292821407318,True,18424,11330,1.6261253309797,38.14910631760034,0.9405033114469458
imagewoof,data/imagewoof2-320/val/n02099601/n02099601_2962.JPEG,n02099601,207,golden retriever,webp,77,235,German shepherd,0.18081539869308472,False,23214,15690,1.4795411089866157,36.98192005679949,0.9438036495811621
imagewoof,data/imagewoof2-320/val/n02099601/n02099601_2980.JPEG,n02099601,207,golden retriever,webp,77,207,golden retriever,0.39905208349227905,True,23771,17288,1.375,36.192043966694165,0.9581668885075986
imagewoof,data/imagewoof2-320/val/n02099601/n02099601_2991.JPEG,n02099601,207,golden retriever,webp,77,207,golden retriever,0.6218335628509521,True,18651,12522,1.4894585529468136,37.57867347880619,0.9575545649270817
imagewoof,data/imagewoof2-320/val/n02099601/n02099601_2992.JPEG,n02099601,207,golden retriever,webp,77,207,golden retriever,0.3373364508152008,True,31233,27008,1.1564351303317535,35.33965233110927,0.9634798336353487
imagewoof,data/imagewoof2-320/val/n02099601/n02099601_3001.JPEG,n02099601,207,golden retriever,webp,77,207,golden retriever,0.5183203816413879,True,25050,16698,1.500179662234998,37.106734970672306,0.9597023079021065
imagewoof,data/imagewoof2-320/val/n02099601/n02099601_302.JPEG,n02099601,207,golden retriever,webp,77,207,golden retriever,0.40064066648483276,True,23346,16276,1.4343819120176948,37.53123367127951,0.9459478521260151
imagewoof,data/imagewoof2-320/val/n02099601/n02099601_3031.JPEG,n02099601,207,golden retriever,webp,77,207,golden retriever,0.25611647963523865,True,25972,20838,1.2463768115942029,36.52225472929449,0.952347294279749
imagewoof,data/imagewoof2-320/val/n02099601/n02099601_3041.JPEG,n02099601,207,golden retriever,webp,77,207,golden retriever,0.44514936208724976,True,32068,26970,1.189024842417501,35.44871744778895,0.9665822090605037
imagewoof,data/imagewoof2-320/val/n02099601/n02099601_3061.JPEG,n02099601,207,golden retriever,webp,77,207,golden retriever,0.42407432198524475,True,28421,24460,1.161937857726901,35.89708900907509,0.9468426879079743
imagewoof,data/imagewoof2-320/val/n02099601/n02099601_3062.JPEG,n02099601,207,golden retriever,webp,77,215,Brittany spaniel,0.0784950852394104,False,12413,7224,1.7183001107419713,38.3945723614614,0.9667512542486162
imagewoof,data/imagewoof2-320/val/n02099601/n02099601_30760.JPEG,n02099601,207,golden retriever,webp,77,207,golden retriever,0.459977924823761,True,23369,15886,1.4710436862646354,37.590379977970294,0.9611103434678411
imagewoof,data/imagewoof2-320/val/n02099601/n02099601_30792.JPEG,n02099601,207,golden retriever,webp,77,257,Great Pyrenees,0.3951094150543213,False,48357,46180,1.047141619748809,33.594171128473164,0.9706067426102299
imagewoof,data/imagewoof2-320/val/n02099601/n02099601_30880.JPEG,n02099601,207,golden retriever,webp,77,207,golden retriever,0.2692112326622009,True,33518,28932,1.1585096087377298,35.37050128032831,0.956733221433652
imagewoof,data/imagewoof2-320/val/n02099601/n02099601_3110.JPEG,n02099601,207,golden retriever,webp,77,207,golden retriever,0.4946572184562683,True,22916,19222,1.1921756320882322,36.08635962538804,0.9629813359812432
imagewoof,data/imagewoof2-320/val/n02099601/n02099601_3111.JPEG,n02099601,207,golden retriever,webp,77,207,golden retriever,0.4331328570842743,True,19375,12806,1.5129626737466813,37.73516334008122,0.9445356141278983
imagewoof,data/imagewoof2-320/val/n02099601/n02099601_3140.JPEG,n02099601,207,golden retriever,webp,77,207,golden retriever,0.4584401249885559,True,21398,16400,1.3047560975609755,36.071402083497034,0.9517807641534807
imagewoof,data/imagewoof2-320/val/n02099601/n02099601_3202.JPEG,n02099601,207,golden retriever,webp,77,168,redbone,0.20477257668972015,False,21212,13522,1.5687028546073065,37.85058314085078,0.9617220329029376
imagewoof,data/imagewoof2-320/val/n02099601/n02099601_3210.JPEG,n02099601,207,golden retriever,webp,77,207,golden retriever,0.3590536415576935,True,15943,9302,1.7139324876370674,38.52411325984128,0.9572849500462978
imagewoof,data/imagewoof2-320/val/n02099601/n02099601_3212.JPEG,n02099601,207,golden retriever,webp,77,207,golden retriever,0.13907906413078308,True,25091,16738,1.499044091289282,36.69118216290132,0.9535654630838963
imagewoof,data/imagewoof2-320/val/n02099601/n02099601_3221.JPEG,n02099601,207,golden retriever,webp,77,207,golden retriever,0.5610679984092712,True,23940,19482,1.2288266091777025,35.99819471437177,0.9584266571585921
imagewoof,data/imagewoof2-320/val/n02099601/n02099601_3262.JPEG,n02099601,207,golden retriever,webp,77,207,golden retriever,0.15649284422397614,True,20441,15386,1.328545430911218,37.08435505377991,0.9625216516726042
imagewoof,data/imagewoof2-320/val/n02099601/n02099601_3280.JPEG,n02099601,207,golden retriever,webp,77,207,golden retriever,0.5904214978218079,True,13020,8030,1.6214196762141968,37.86132621008771,0.9602968081402578
imagewoof,data/imagewoof2-320/val/n02099601/n02099601_3290.JPEG,n02099601,207,golden retriever,webp,77,207,golden retriever,0.08448310196399689,True,23552,20298,1.1603113607251947,35.30512830970931,0.959958466807707
imagewoof,data/imagewoof2-320/val/n02099601/n02099601_3312.JPEG,n02099601,207,golden retriever,webp,77,207,golden retriever,0.4167833626270294,True,15989,10274,1.5562585166439555,37.18415712805256,0.9535699908537394
imagewoof,data/imagewoof2-320/val/n02099601/n02099601_3360.JPEG,n02099601,207,golden retriever,webp,77,207,golden retriever,0.46549126505851746,True,15371,8804,1.745910949568378,38.30912880752793,0.9519835231081837
imagewoof,data/imagewoof2-320/val/n02099601/n02099601_3390.JPEG,n02099601,207,golden retriever,webp,77,207,golden retriever,0.2038031965494156,True,31790,25788,1.2327439118970063,35.75845715707516,0.9665670475586512
imagewoof,data/imagewoof2-320/val/n02099601/n02099601_340.JPEG,n02099601,207,golden retriever,webp,77,207,golden retriever,0.31558048725128174,True,19737,12640,1.5614715189873418,37.57099327043599,0.9642170191179428
imagewoof,data/imagewoof2-320/val/n02099601/n02099601_3402.JPEG,n02099601,207,golden retriever,webp,77,207,golden retriever,0.5189931392669678,True,26634,19948,1.3351714457589734,36.59327727441074,0.9699257042185104
imagewoof,data/imagewoof2-320/val/n02099601/n02099601_3410.JPEG,n02099601,207,golden retriever,webp,77,207,golden retriever,0.25453317165374756,True,24595,17570,1.3998292544109276,37.38068724897429,0.9615042537182763
imagewoof,data/imagewoof2-320/val/n02099601/n02099601_3411.JPEG,n02099601,207,golden retriever,webp,77,207,golden retriever,0.2927039861679077,True,40295,38166,1.055782633757795,34.47237414573515,0.9699746956451317
imagewoof,data/imagewoof2-320/val/n02099601/n02099601_3412.JPEG,n02099601,207,golden retriever,webp,77,207,golden retriever,0.19303879141807556,True,28278,23900,1.1831799163179917,35.79681170817547,0.9631684619168323
imagewoof,data/imagewoof2-320/val/n02099601/n02099601_342.JPEG,n02099601,207,golden retriever,webp,77,207,golden retriever,0.4143591523170471,True,40466,39698,1.0193460627739432,34.65259694086251,0.9713903421645164
imagewoof,data/imagewoof2-320/val/n02099601/n02099601_3420.JPEG,n02099601,207,golden retriever,webp,77,207,golden retriever,0.46210426092147827,True,18105,11032,1.6411348803480783,38.0605350690938,0.95365354135407
imagewoof,data/imagewoof2-320/val/n02099601/n02099601_3481.JPEG,n02099601,207,golden retriever,webp,77,207,golden retriever,0.3589532971382141,True,23901,16758,1.4262441818832796,36.577777915691655,0.9477967109277484
imagewoof,data/imagewoof2-320/val/n02099601/n02099601_3512.JPEG,n02099601,207,golden retriever,webp,77,207,golden retriever,0.43285343050956726,True,43577,43460,1.002692130694892,33.920461164855354,0.9757915516577175
imagewoof,data/imagewoof2-320/val/n02099601/n02099601_3562.JPEG,n02099601,207,golden retriever,webp,77,207,golden retriever,0.3548319637775421,True,17825,11018,1.617807224541659,38.11856703920235,0.9508350964316664
imagewoof,data/imagewoof2-320/val/n02099601/n02099601_3600.JPEG,n02099601,207,golden retriever,webp,77,208,Labrador retriever,0.26065176725387573,False,25582,19652,1.3017504579686545,36.524113901037964,0.9694602138454319
imagewoof,data/imagewoof2-320/val/n02099601/n02099601_3601.JPEG,n02099601,207,golden retriever,webp,77,207,golden retriever,0.1542857438325882,True,28771,26218,1.0973758486535967,34.71021679971598,0.9650356311601138
imagewoof,data/imagewoof2-320/val/n02099601/n02099601_3611.JPEG,n02099601,207,golden retriever,webp,77,212,English setter,0.13772426545619965,False,21738,14880,1.4608870967741936,37.42943321948921,0.9545415545134389
imagewoof,data/imagewoof2-320/val/n02099601/n02099601_362.JPEG,n02099601,207,golden retriever,webp,77,852,tennis ball,0.14870822429656982,False,19528,14414,1.354793950326072,36.433184964908925,0.955453496888864
imagewoof,data/imagewoof2-320/val/n02099601/n02099601_3620.JPEG,n02099601,207,golden retriever,webp,77,207,golden retriever,0.49112629890441895,True,18979,12558,1.5113075330466634,37.39088010154584,0.9581928432049193
imagewoof,data/imagewoof2-320/val/n02099601/n02099601_3641.JPEG,n02099601,207,golden retriever,webp,77,207,golden retriever,0.4617966413497925,True,34935,32218,1.084331740021106,34.94921512094114,0.9733957501770135
imagewoof,data/imagewoof2-320/val/n02099601/n02099601_3652.JPEG,n02099601,207,golden retriever,webp,77,207,golden retriever,0.44286075234413147,True,32788,27520,1.1914244186046512,35.6278898897289,0.9618828292959121
imagewoof,data/imagewoof2-320/val/n02099601/n02099601_3700.JPEG,n02099601,207,golden retriever,webp,77,207,golden retriever,0.26994559168815613,True,29655,25506,1.1626676076217362,35.91433003385794,0.9526240820358494
imagewoof,data/imagewoof2-320/val/n02099601/n02099601_3710.JPEG,n02099601,207,golden retriever,webp,77,207,golden retriever,0.18901510536670685,True,36621,32582,1.123964151985759,34.422723244019345,0.9617132069155335
imagewoof,data/imagewoof2-320/val/n02099601/n02099601_3711.JPEG,n02099601,207,golden retriever,webp,77,207,golden retriever,0.48899826407432556,True,16271,9568,1.700564381270903,39.461088209272496,0.9652296014300857
imagewoof,data/imagewoof2-320/val/n02099601/n02099601_3720.JPEG,n02099601,207,golden retriever,webp,77,207,golden retriever,0.44921767711639404,True,16853,10542,1.5986530070195408,38.47392069965786,0.9557965950903289
imagewoof,data/imagewoof2-320/val/n02099601/n02099601_3751.JPEG,n02099601,207,golden retriever,webp,77,207,golden retriever,0.42679157853126526,True,20279,13770,1.4726942628903412,37.22266470309767,0.9543724349613001
imagewoof,data/imagewoof2-320/val/n02099601/n02099601_3771.JPEG,n02099601,207,golden retriever,webp,77,207,golden retriever,0.10862282663583755,True,16149,9058,1.7828438948995364,38.47399471210369,0.9427925107323283
imagewoof,data/imagewoof2-320/val/n02099601/n02099601_3780.JPEG,n02099601,207,golden retriever,webp,77,207,golden retriever,0.44223859906196594,True,18372,11964,1.5356068204613842,36.9005138324049,0.9544838284639504
imagewoof,data/imagewoof2-320/val/n02099601/n02099601_3790.JPEG,n02099601,207,golden retriever,webp,77,207,golden retriever,0.3472144901752472,True,15269,8796,1.7359026830377444,39.05203044214587,0.9504976943827681
imagewoof,data/imagewoof2-320/val/n02099601/n02099601_381.JPEG,n02099601,207,golden retriever,webp,77,209,Chesapeake Bay retriever,0.22185109555721283,False,16950,9702,1.7470624613481756,38.67266984042398,0.9394683787649908
imagewoof,data/imagewoof2-320/val/n02099601/n02099601_3810.JPEG,n02099601,207,golden retriever,webp,77,207,golden retriever,0.3117418587207794,True,22877,16614,1.3769712290839051,36.77561507659737,0.9434302150772251
imagewoof,data/imagewoof2-320/val/n02099601/n02099601_382.JPEG,n02099601,207,golden retriever,webp,77,207,golden retriever,0.4562314450740814,True,10561,5210,2.027063339731286,40.143909280933165,0.9713059192471385
imagewoof,data/imagewoof2-320/val/n02099601/n02099601_3860.JPEG,n02099601,207,golden retriever,webp,77,219,cocker spaniel,0.27299389243125916,False,22655,13092,1.730446073938283,37.819089955440695,0.9592994439779544
imagewoof,data/imagewoof2-320/val/n02099601/n02099601_3861.JPEG,n02099601,207,golden retriever,webp,77,207,golden retriever,0.4076445400714874,True,42222,40734,1.0365296803652968,34.634564012188854,0.9652022730708141
imagewoof,data/imagewoof2-320/val/n02099601/n02099601_3880.JPEG,n02099601,207,golden retriever,webp,77,207,golden retriever,0.2943285405635834,True,21257,14652,1.4507917007917008,37.73457684347718,0.9606846148950897
imagewoof,data/imagewoof2-320/val/n02099601/n02099601_3901.JPEG,n02099601,207,golden retriever,webp,77,207,golden retriever,0.5173652172088623,True,19329,12884,1.5002328469419435,37.32139407614235,0.949165070106834
imagewoof,data/imagewoof2-320/val/n02099601/n02099601_3902.JPEG,n02099601,207,golden retriever,webp,77,207,golden retriever,0.3419491648674011,True,32157,27004,1.1908235816916013,35.061683686999594,0.9634331977115672
imagewoof,data/imagewoof2-320/val/n02099601/n02099601_3910.JPEG,n02099601,207,golden retriever,webp,77,207,golden retriever,0.11590982228517532,True,14721,7870,1.8705209656925033,39.36752695920581,0.959000984285553
imagewoof,data/imagewoof2-320/val/n02099601/n02099601_3961.JPEG,n02099601,207,golden retriever,webp,77,207,golden retriever,0.4244183301925659,True,15574,8344,1.8664908916586769,38.66016512752,0.942361166382549
imagewoof,data/imagewoof2-320/val/n02099601/n02099601_4000.JPEG,n02099601,207,golden retriever,webp,77,207,golden retriever,0.2186962515115738,True,25420,19212,1.3231313762231938,36.65243006491024,0.9445599515218163
imagewoof,data/imagewoof2-320/val/n02099601/n02099601_4022.JPEG,n02099601,207,golden retriever,webp,77,207,golden retriever,0.26597800850868225,True,30355,26044,1.1655275687298419,35.46438092467748,0.9577434907987312
imagewoof,data/imagewoof2-320/val/n02099601/n02099601_4030.JPEG,n02099601,207,golden retriever,webp,77,207,golden retriever,0.4503043591976166,True,20485,13254,1.545571148332579,37.26238821161641,0.9554497268024525
imagewoof,data/imagewoof2-320/val/n02099601/n02099601_4041.JPEG,n02099601,207,golden retriever,webp,77,207,golden retriever,0.3195190727710724,True,18682,12052,1.5501161632923997,37.79452326663028,0.9543283863410027
imagewoof,data/imagewoof2-320/val/n02099601/n02099601_4082.JPEG,n02099601,207,golden retriever,webp,77,207,golden retriever,0.3163546621799469,True,31076,25152,1.235527989821883,35.77466620856528,0.950502691482634
imagewoof,data/imagewoof2-320/val/n02099601/n02099601_4111.JPEG,n02099601,207,golden retriever,webp,77,207,golden retriever,0.24333332479000092,True,19239,12202,1.576708736272742,36.839265968337905,0.9667853632230082
imagewoof,data/imagewoof2-320/val/n02099601/n02099601_4122.JPEG,n02099601,207,golden retriever,webp,77,207,golden retriever,0.46250709891319275,True,18503,11698,1.5817233715164984,37.56550812866556,0.9611426875426202
imagewoof,data/imagewoof2-320/val/n02099601/n02099601_4202.JPEG,n02099601,207,golden retriever,webp,77,207,golden retriever,0.496276319026947,True,26223,15084,1.738464598249801,37.17935182493953,0.9563089562335193
imagewoof,data/imagewoof2-320/val/n02099601/n02099601_4220.JPEG,n02099601,207,golden retriever,webp,77,168,redbone,0.15094700455665588,False,23897,17858,1.3381677679471384,36.10156539709223,0.9599584968998
imagewoof,data/imagewoof2-320/val/n02099601/n02099601_4241.JPEG,n02099601,207,golden retriever,webp,77,257,Great Pyrenees,0.10709113627672195,False,12599,6850,1.8392700729927007,39.26908784118736,0.9667320103682221
imagewoof,data/imagewoof2-320/val/n02099601/n02099601_4251.JPEG,n02099601,207,golden retriever,webp,77,207,golden retriever,0.24120476841926575,True,25307,17414,1.453256000918801,37.660897530638366,0.9648211261225649
imagewoof,data/imagewoof2-320/val/n02099601/n02099601_430.JPEG,n02099601,207,golden retriever,webp,77,207,golden retriever,0.2813882827758789,True,23381,16590,1.409342977697408,36.6223777287803,0.9549788194698966
imagewoof,data/imagewoof2-320/val/n02099601/n02099601_4310.JPEG,n02099601,207,golden retriever,webp,77,207,golden retriever,0.3225437104701996,True,19470,12544,1.5521364795918366,36.60835249352586,0.9606534144885753
imagewoof,data/imagewoof2-320/val/n02099601/n02099601_4312.JPEG,n02099601,207,golden retriever,webp,77,222,kuvasz,0.15557527542114258,False,27528,22834,1.2055706402732767,36.43748126861062,0.9656589665498011
imagewoof,data/imagewoof2-320/val/n02099601/n02099601_432.JPEG,n02099601,207,golden retriever,webp,77,207,golden retriever,0.3502803146839142,True,25632,20068,1.2772573250946782,36.215289990747515,0.9437182845599467
imagewoof,data/imagewoof2-320/val/n02099601/n02099601_4321.JPEG,n02099601,207,golden retriever,webp,77,207,golden retriever,0.4605617821216583,True,25579,19736,1.296057965139846,36.23059273802522,0.9460339246513022
imagewoof,data/imagewoof2-320/val/n02099601/n02099601_4332.JPEG,n02099601,207,golden retriever,webp,77,207,golden retriever,0.2708970010280609,True,10742,5480,1.9602189781021897,40.915528279251674,0.9813500458310456
imagewoof,data/imagewoof2-320/val/n02099601/n02099601_4351.JPEG,n02099601,207,golden retriever,webp,77,207,golden retriever,0.5111443400382996,True,22179,15392,1.4409433471933473,37.52329261945582,0.9430054617973354
imagewoof,data/imagewoof2-320/val/n02099601/n02099601_4371.JPEG,n02099601,207,golden retriever,webp,77,207,golden retriever,0.38655903935432434,True,14484,8602,1.683794466403162,38.963192638409005,0.9535610515896641
imagewoof,data/imagewoof2-320/val/n02099601/n02099601_440.JPEG,n02099601,207,golden retriever,webp,77,207,golden retriever,0.3503003716468811,True,15183,7800,1.9465384615384616,39.55026223394677,0.9495827674964309
imagewoof,data/imagewoof2-320/val/n02099601/n02099601_4560.JPEG,n02099601,207,golden retriever,webp,77,207,golden retriever,0.16380509734153748,True,25315,19880,1.2733903420523138,36.49561528152992,0.956159619473078
imagewoof,data/imagewoof2-320/val/n02099601/n02099601_4571.JPEG,n02099601,207,golden retriever,webp,77,207,golden retriever,0.3254379332065582,True,24391,18026,1.3531010762232332,36.595195441947986,0.9614224363753522
imagewoof,data/imagewoof2-320/val/n02099601/n02099601_4572.JPEG,n02099601,207,golden retriever,webp,77,207,golden retriever,0.067011758685112,True,42561,41544,1.02448006932409,34.12202638628113,0.9757641839309916
imagewoof,data/imagewoof2-320/val/n02099601/n02099601_4600.JPEG,n02099601,207,golden retriever,webp,77,207,golden retriever,0.37785717844963074,True,21146,14186,1.490624559424785,36.867773665829745,0.9617252958886007
imagewoof,data/imagewoof2-320/val/n02099601/n02099601_4602.JPEG,n02099601,207,golden retriever,webp,77,296,ice bear,0.20088675618171692,False,24838,14296,1.7374090654728596,38.650399028933926,0.9602092119116076
imagewoof,data/imagewoof2-320/val/n02099601/n02099601_4632.JPEG,n02099601,207,golden retriever,webp,77,207,golden retriever,0.2221422791481018,True,23069,15120,1.5257275132275132,37.479791112978894,0.9627095103796162
imagewoof,data/imagewoof2-320/val/n02099601/n02099601_4641.JPEG,n02099601,207,golden retriever,webp,77,207,golden retriever,0.5594031810760498,True,27248,25142,1.0837642192347465,34.898280647277375,0.9700063243780375
imagewoof,data/imagewoof2-320/val/n02099601/n02099601_4651.JPEG,n02099601,207,golden retriever,webp,77,207,golden retriever,0.2863476574420929,True,27915,23744,1.1756654312668464,36.03963169214212,0.9540706751211312
imagewoof,data/imagewoof2-320/val/n02099601/n02099601_4692.JPEG,n02099601,207,golden retriever,webp,77,207,golden retriever,0.2725525200366974,True,39209,37942,1.0333930736387118,35.11703881959824,0.980956687008088
imagewoof,data/imagewoof2-320/val/n02099601/n02099601_4741.JPEG,n02099601,207,golden retriever,webp,77,207,golden retriever,0.20778076350688934,True,18563,11780,1.5758064516129033,37.13037879456151,0.9415081099610755
imagewoof,data/imagewoof2-320/val/n02099601/n02099601_4840.JPEG,n02099601,207,golden retriever,webp,77,207,golden retriever,0.4725392162799835,True,14799,8604,1.7200139470013946,39.38261289265882,0.9638572593945951
imagewoof,data/imagewoof2-320/val/n02099601/n02099601_4862.JPEG,n02099601,207,golden retriever,webp,77,207,golden retriever,0.2205839902162552,True,24128,21452,1.124743613649077,35.131428169119005,0.9649717548700153
imagewoof,data/imagewoof2-320/val/n02099601/n02099601_4920.JPEG,n02099601,207,golden retriever,webp,77,207,golden retriever,0.2397231161594391,True,15626,9250,1.6892972972972973,39.422121793660295,0.9689321302451761
imagewoof,data/imagewoof2-320/val/n02099601/n02099601_5022.JPEG,n02099601,207,golden retriever,webp,77,207,golden retriever,0.4741898477077484,True,18604,11268,1.651047213347533,38.29033831517221,0.9456808336194241
imagewoof,data/imagewoof2-320/val/n02099601/n02099601_5031.JPEG,n02099601,207,golden retriever,webp,77,207,golden retriever,0.35370612144470215,True,14740,8474,1.7394382818031626,39.44393292612,0.9640484985100436
imagewoof,data/imagewoof2-320/val/n02099601/n02099601_5040.JPEG,n02099601,207,golden retriever,webp,77,207,golden retriever,0.47688227891921997,True,25722,21746,1.1828382231214936,36.61346527999679,0.9699147974587655
imagewoof,data/imagewoof2-320/val/n02099601/n02099601_5042.JPEG,n02099601,207,golden retriever,webp,77,207,golden retriever,0.43444836139678955,True,32545,30210,1.0772922873220787,35.40483383753885,0.9641971360978477
imagewoof,data/imagewoof2-320/val/n02099601/n02099601_5051.JPEG,n02099601,207,golden retriever,webp,77,207,golden retriever,0.4562086760997772,True,45280,34704,1.3047487321346243,36.846255406694446,0.9689470478481761
imagewoof,data/imagewoof2-320/val/n02099601/n02099601_5062.JPEG,n02099601,207,golden retriever,webp,77,207,golden retriever,0.530116081237793,True,22852,15938,1.4338059982431923,37.15805757846372,0.9404821394692392
imagewoof,data/imagewoof2-320/val/n02099601/n02099601_511.JPEG,n02099601,207,golden retriever,webp,77,207,golden retriever,0.5244877934455872,True,25923,19476,1.331022797288971,35.79344746412196,0.9586113184829738
imagewoof,data/imagewoof2-320/val/n02099601/n02099601_512.JPEG,n02099601,207,golden retriever,webp,77,207,golden retriever,0.37369754910469055,True,17148,10374,1.6529786003470215,38.7593826756233,0.9616958920724761
imagewoof,data/imagewoof2-320/val/n02099601/n02099601_5132.JPEG,n02099601,207,golden retriever,webp,77,207,golden retriever,0.34236934781074524,True,26990,20556,1.3129986378672893,36.40605182016462,0.9585193048045872
imagewoof,data/imagewoof2-320/val/n02099601/n02099601_5141.JPEG,n02099601,207,golden retriever,webp,77,207,golden retriever,0.354400634765625,True,16702,9458,1.7659124550644956,39.92079156435543,0.9659777374397575
imagewoof,data/imagewoof2-320/val/n02099601/n02099601_5150.JPEG,n02099601,207,golden retriever,webp,77,207,golden retriever,0.4495909512042999,True,25554,20190,1.2656760772659732,36.398501520933834,0.9639430921040774
imagewoof,data/imagewoof2-320/val/n02099601/n02099601_5152.JPEG,n02099601,207,golden retriever,webp,77,207,golden retriever,0.4191255271434784,True,25969,22196,1.1699855829879258,36.56808942013574,0.970811764957563
imagewoof,data/imagewoof2-320/val/n02099601/n02099601_5160.JPEG,n02099601,207,golden retriever,webp,77,207,golden retriever,0.4745938777923584,True,18831,12908,1.4588627207933065,37.537332717230846,0.9654388020593911
imagewoof,data/imagewoof2-320/val/n02099601/n02099601_5161.JPEG,n02099601,207,golden retriever,webp,77,207,golden retriever,0.2792060971260071,True,29197,27088,1.077857353809805,34.8474572907472,0.9693480841133257
imagewoof,data/imagewoof2-320/val/n02099601/n02099601_521.JPEG,n02099601,207,golden retriever,webp,77,169,borzoi,0.03644148260354996,False,35177,33688,1.044199715032059,34.045486256329426,0.9808663962311656
imagewoof,data/imagewoof2-320/val/n02099601/n02099601_522.JPEG,n02099601,207,golden retriever,webp,77,207,golden retriever,0.3592384159564972,True,22588,14104,1.6015314804310834,39.20294093810613,0.9707598286942858
imagewoof,data/imagewoof2-320/val/n02099601/n02099601_5230.JPEG,n02099601,207,golden retriever,webp,77,207,golden retriever,0.38216495513916016,True,14799,8246,1.7946883337375696,39.69887844748093,0.9607230574572113
imagewoof,data/imagewoof2-320/val/n02099601/n02099601_5240.JPEG,n02099601,207,golden retriever,webp,77,207,golden retriever,0.2572280466556549,True,21783,16244,1.3409874415168677,36.21513249298659,0.9546745084989067
imagewoof,data/imagewoof2-320/val/n02099601/n02099601_5301.JPEG,n02099601,207,golden retriever,webp,77,207,golden retriever,0.33426007628440857,True,31593,27706,1.1402945210423734,35.23672007108426,0.9718598627017362
imagewoof,data/imagewoof2-320/val/n02099601/n02099601_5322.JPEG,n02099601,207,golden retriever,webp,77,209,Chesapeake Bay retriever,0.2285679429769516,False,30971,27548,1.124255844344417,36.024208298801604,0.9792205378176649
imagewoof,data/imagewoof2-320/val/n02099601/n02099601_5351.JPEG,n02099601,207,golden retriever,webp,77,207,golden retriever,0.3267922103404999,True,23885,17768,1.3442705988293562,37.134230950741646,0.9535141003604171
imagewoof,data/imagewoof2-320/val/n02099601/n02099601_5352.JPEG,n02099601,207,golden retriever,webp,77,207,golden retriever,0.29522550106048584,True,20616,15908,1.295951722403822,36.22464956586246,0.9492463727623086
imagewoof,data/imagewoof2-320/val/n02099601/n02099601_5382.JPEG,n02099601,207,golden retriever,webp,77,207,golden retriever,0.26703259348869324,True,18940,12250,1.546122448979592,37.48604337199432,0.9536005948390515
imagewoof,data/imagewoof2-320/val/n02099601/n02099601_541.JPEG,n02099601,207,golden retriever,webp,77,273,dingo,0.1723000705242157,False,27851,22562,1.2344207073840971,35.95373207384903,0.9449890031256505
imagewoof,data/imagewoof2-320/val/n02099601/n02099601_5442.JPEG,n02099601,207,golden retriever,webp,77,207,golden retriever,0.22015154361724854,True,13510,7634,1.7697144354204872,39.20383180231099,0.9636172423904558
imagewoof,data/imagewoof2-320/val/n02099601/n02099601_5452.JPEG,n02099601,207,golden retriever,webp,77,207,golden retriever,0.1636326014995575,True,23946,17384,1.3774735388863322,36.83220729042184,0.9515183785008475
imagewoof,data/imagewoof2-320/val/n02099601/n02099601_5470.JPEG,n02099601,207,golden retriever,webp,77,207,golden retriever,0.23275615274906158,True,33181,29310,1.132070965540771,35.06606239493771,0.9593105460090717
imagewoof,data/imagewoof2-320/val/n02099601/n02099601_5512.JPEG,n02099601,207,golden retriever,webp,77,207,golden retriever,0.3244267702102661,True,31446,26460,1.1884353741496598,35.316648205914376,0.9604713873690156
imagewoof,data/imagewoof2-320/val/n02099601/n02099601_552.JPEG,n02099601,207,golden retriever,webp,77,207,golden retriever,0.4373840391635895,True,21903,15722,1.3931433659839716,37.07925883589791,0.9604769225071816
imagewoof,data/imagewoof2-320/val/n02099601/n02099601_5531.JPEG,n02099601,207,golden retriever,webp,77,207,golden retriever,0.5266559720039368,True,27317,20198,1.3524606396672938,36.79423589274593,0.9596925190414348
imagewoof,data/imagewoof2-320/val/n02099601/n02099601_5560.JPEG,n02099601,207,golden retriever,webp,77,213,Irish setter,0.11960095167160034,False,21062,13048,1.6141937461679952,37.80004597042953,0.9542873510971139
imagewoof,data/imagewoof2-320/val/n02099601/n02099601_5591.JPEG,n02099601,207,golden retriever,webp,77,291,lion,0.06769883632659912,False,15727,9954,1.5799678521197509,38.03507057495365,0.9588217494396266
imagewoof,data/imagewoof2-320/val/n02099601/n02099601_5602.JPEG,n02099601,207,golden retriever,webp,77,207,golden retriever,0.3063448667526245,True,27668,21090,1.3119013750592698,36.51411584402942,0.9578051908823816
imagewoof,data/imagewoof2-320/val/n02099601/n02099601_561.JPEG,n02099601,207,golden retriever,webp,77,207,golden retriever,0.2641133964061737,True,25041,18772,1.3339548263370977,36.146536030663675,0.9568069469741123
imagewoof,data/imagewoof2-320/val/n02099601/n02099601_5632.JPEG,n02099601,207,golden retriever,webp,77,213,Irish setter,0.20056729018688202,False,23897,16960,1.4090212264150943,35.980178323839944,0.9395273055265884
imagewoof,data/imagewoof2-320/val/n02099601/n02099601_5641.JPEG,n02099601,207,golden retriever,webp,77,207,golden retriever,0.5719054341316223,True,14246,8066,1.766179023059757,38.305970074082154,0.9710360106152658
imagewoof,data/imagewoof2-320/val/n02099601/n02099601_5642.JPEG,n02099601,207,golden retriever,webp,77,207,golden retriever,0.14634378254413605,True,26386,23496,1.1229996595165135,35.74806342105239,0.9608933376641705
imagewoof,data/imagewoof2-320/val/n02099601/n02099601_5682.JPEG,n02099601,207,golden retriever,webp,77,207,golden retriever,0.43330731987953186,True,15053,10608,1.4190233785822022,37.42093272543899,0.9710922770358076
imagewoof,data/imagewoof2-320/val/n02099601/n02099601_5690.JPEG,n02099601,207,golden retriever,webp,77,207,golden retriever,0.19311729073524475,True,19254,11852,1.6245359433007087,37.56021647402449,0.9494902246112952
imagewoof,data/imagewoof2-320/val/n02099601/n02099601_5760.JPEG,n02099601,207,golden retriever,webp,77,207,golden retriever,0.3777604103088379,True,15947,9186,1.7360113215763118,39.53064414452986,0.9582822054386505
imagewoof,data/imagewoof2-320/val/n02099601/n02099601_5810.JPEG,n02099601,207,golden retriever,webp,77,207,golden retriever,0.25302445888519287,True,23398,17714,1.3208761431635994,36.634913521259044,0.9569958118921361
imagewoof,data/imagewoof2-320/val/n02099601/n02099601_5811.JPEG,n02099601,207,golden retriever,webp,77,207,golden retriever,0.4217718243598938,True,27766,20392,1.3616123970184386,36.6184142656427,0.9555394358853327
imagewoof,data/imagewoof2-320/val/n02099601/n02099601_5831.JPEG,n02099601,207,golden retriever,webp,77,207,golden retriever,0.2465357631444931,True,19292,11418,1.6896128919250306,37.8189908065342,0.943496771266456
imagewoof,data/imagewoof2-320/val/n02099601/n02099601_5852.JPEG,n02099601,207,golden retriever,webp,77,207,golden retriever,0.47825706005096436,True,40521,39076,1.0369792199815744,35.12745702242576,0.9625150944704006
imagewoof,data/imagewoof2-320/val/n02099601/n02099601_5981.JPEG,n02099601,207,golden retriever,webp,77,208,Labrador retriever,0.48706337809562683,False,24323,20488,1.1871827411167513,35.74938138455025,0.9725705015063442
imagewoof,data/imagewoof2-320/val/n02099601/n02099601_600.JPEG,n02099601,207,golden retriever,webp,77,207,golden retriever,0.40393775701522827,True,24847,17810,1.395115103874228,36.003276204276595,0.9447160922601713
imagewoof,data/imagewoof2-320/val/n02099601/n02099601_602.JPEG,n02099601,207,golden retriever,webp,77,207,golden retriever,0.3459090292453766,True,31849,26330,1.2096088112419294,36.02516872169137,0.9767926798650631
imagewoof,data/imagewoof2-320/val/n02099601/n02099601_6031.JPEG,n02099601,207,golden retriever,webp,77,207,golden retriever,0.4557904303073883,True,23364,19620,1.1908256880733945,35.76714682003991,0.9620207350207387
imagewoof,data/imagewoof2-320/val/n02099601/n02099601_6040.JPEG,n02099601,207,golden retriever,webp,77,646,maze,0.07879646867513657,False,31009,26900,1.1527509293680298,35.28916282531323,0.9698620120057568
imagewoof,data/imagewoof2-320/val/n02099601/n02099601_6052.JPEG,n02099601,207,golden retriever,webp,77,207,golden retriever,0.5418105125427246,True,24769,19986,1.239317522265586,35.691899982149444,0.946565140137937
imagewoof,data/imagewoof2-320/val/n02099601/n02099601_6061.JPEG,n02099601,207,golden retriever,webp,77,207,golden retriever,0.5105188488960266,True,16991,8792,1.9325523202911739,39.0197122659547,0.9515089053334781
imagewoof,data/imagewoof2-320/val/n02099601/n02099601_61.JPEG,n02099601,207,golden retriever,webp,77,207,golden retriever,0.43509504199028015,True,17208,11134,1.545536195437399,37.292164001361584,0.9382045211452036
imagewoof,data/imagewoof2-320/val/n02099601/n02099601_610.JPEG,n02099601,207,golden retriever,webp,77,207,golden retriever,0.30026867985725403,True,20395,14062,1.45036267956194,37.48784348998268,0.9455764043747399
imagewoof,data/imagewoof2-320/val/n02099601/n02099601_611.JPEG,n02099601,207,golden retriever,webp,77,207,golden retriever,0.4481961727142334,True,23793,19042,1.2495011028253336,36.03317032980811,0.9539425113773611
imagewoof,data/imagewoof2-320/val/n02099601/n02099601_62.JPEG,n02099601,207,golden retriever,webp,77,207,golden retriever,0.2298944592475891,True,44792,44322,1.010604214611254,34.01615900013407,0.975170022002648
imagewoof,data/imagewoof2-320/val/n02099601/n02099601_6262.JPEG,n02099601,207,golden retriever,webp,77,207,golden retriever,0.4332185387611389,True,11080,6292,1.7609663064208518,39.490359418375625,0.9654410010102481
imagewoof,data/imagewoof2-320/val/n02099601/n02099601_6272.JPEG,n02099601,207,golden retriever,webp,77,207,golden retriever,0.3655765652656555,True,20274,13318,1.522300645742604,37.20694109922674,0.9385787236143238
imagewoof,data/imagewoof2-320/val/n02099601/n02099601_6331.JPEG,n02099601,207,golden retriever,webp,77,207,golden retriever,0.3043144941329956,True,26123,23446,1.1141772583809606,35.401117946136814,0.9630886701077276
imagewoof,data/imagewoof2-320/val/n02099601/n02099601_6362.JPEG,n02099601,207,golden retriever,webp,77,207,golden retriever,0.4169028699398041,True,28366,23280,1.2184707903780068,35.86187683449823,0.9644789554279566
imagewoof,data/imagewoof2-320/val/n02099601/n02099601_6381.JPEG,n02099601,207,golden retriever,webp,77,207,golden retriever,0.20512422919273376,True,13216,7202,1.8350458206053875,40.03223342479175,0.9693296941783688
imagewoof,data/imagewoof2-320/val/n02099601/n02099601_6412.JPEG,n02099601,207,golden retriever,webp,77,207,golden retriever,0.3237597942352295,True,25154,19362,1.299142650552629,36.16230256868248,0.9512551462502331
imagewoof,data/imagewoof2-320/val/n02099601/n02099601_6422.JPEG,n02099601,207,golden retriever,webp,77,207,golden retriever,0.06871888041496277,True,16696,8640,1.9324074074074074,39.4076655458864,0.9418739876959705
imagewoof,data/imagewoof2-320/val/n02099601/n02099601_6471.JPEG,n02099601,207,golden retriever,webp,77,207,golden retriever,0.25625407695770264,True,33055,28534,1.1584425597532768,36.19240249196486,0.9654107650910078
imagewoof,data/imagewoof2-320/val/n02099601/n02099601_651.JPEG,n02099601,207,golden retriever,webp,77,207,golden retriever,0.47875335812568665,True,25665,18702,1.3723131215912736,36.01506187892553,0.9468429659364612
imagewoof,data/imagewoof2-320/val/n02099601/n02099601_6611.JPEG,n02099601,207,golden retriever,webp,77,207,golden retriever,0.07026635855436325,True,11179,5956,1.8769308260577569,38.80215192269242,0.9580330270759694
imagewoof,data/imagewoof2-320/val/n02099601/n02099601_6630.JPEG,n02099601,207,golden retriever,webp,77,207,golden retriever,0.4571536183357239,True,38521,36302,1.0611261087543387,35.31120750143978,0.9660308642526849
imagewoof,data/imagewoof2-320/val/n02099601/n02099601_6680.JPEG,n02099601,207,golden retriever,webp,77,207,golden retriever,0.47978517413139343,True,20908,15802,1.3231236552335148,37.25270836135608,0.9610409531675913
imagewoof,data/imagewoof2-320/val/n02099601/n02099601_6700.JPEG,n02099601,207,golden retriever,webp,77,207,golden retriever,0.3347471356391907,True,29136,24978,1.1664664905116502,35.90915937034912,0.9701126178534337
imagewoof,data/imagewoof2-320/val/n02099601/n02099601_6711.JPEG,n02099601,207,golden retriever,webp,77,207,golden retriever,0.2827785313129425,True,20270,15050,1.346843853820598,38.95809109774055,0.9702187057680649
imagewoof,data/imagewoof2-320/val/n02099601/n02099601_6752.JPEG,n02099601,207,golden retriever,webp,77,207,golden retriever,0.44589340686798096,True,51466,49408,1.0416531735751295,33.76755131980413,0.9802406508311466
imagewoof,data/imagewoof2-320/val/n02099601/n02099601_6772.JPEG,n02099601,207,golden retriever,webp,77,207,golden retriever,0.5149326324462891,True,24959,17198,1.4512734038841726,37.365341213124395,0.9608368344032301
imagewoof,data/imagewoof2-320/val/n02099601/n02099601_6820.JPEG,n02099601,207,golden retriever,webp,77,207,golden retriever,0.4203678071498871,True,36011,32724,1.1004461557266838,35.3207151851338,0.9586921527170472
imagewoof,data/imagewoof2-320/val/n02099601/n02099601_6840.JPEG,n02099601,207,golden retriever,webp,77,207,golden retriever,0.5385767817497253,True,47047,47448,0.991548642724667,34.43494803406952,0.9710583973114705
imagewoof,data/imagewoof2-320/val/n02099601/n02099601_6961.JPEG,n02099601,207,golden retriever,webp,77,207,golden retriever,0.4534907341003418,True,13498,8044,1.6780208851317753,37.727781401113006,0.952676061070159
imagewoof,data/imagewoof2-320/val/n02099601/n02099601_6980.JPEG,n02099601,207,golden retriever,webp,77,207,golden retriever,0.3473336696624756,True,25296,17820,1.4195286195286196,36.68067002564388,0.9538266551713752
imagewoof,data/imagewoof2-320/val/n02099601/n02099601_70.JPEG,n02099601,207,golden retriever,webp,77,207,golden retriever,0.3489064574241638,True,24545,19708,1.2454333265678912,36.18525840510587,0.9565964953808584
imagewoof,data/imagewoof2-320/val/n02099601/n02099601_7041.JPEG,n02099601,207,golden retriever,webp,77,207,golden retriever,0.44442278146743774,True,16980,11346,1.496562665256478,38.419594753447264,0.9570984232786667
imagewoof,data/imagewoof2-320/val/n02099601/n02099601_7101.JPEG,n02099601,207,golden retriever,webp,77,207,golden retriever,0.3725091814994812,True,39639,37442,1.058677421077934,34.77316491356305,0.9776685550102262
imagewoof,data/imagewoof2-320/val/n02099601/n02099601_7181.JPEG,n02099601,207,golden retriever,webp,77,207,golden retriever,0.4786090850830078,True,33623,29772,1.1293497245734248,35.211618447516194,0.9679003999109504
imagewoof,data/imagewoof2-320/val/n02099601/n02099601_72.JPEG,n02099601,207,golden retriever,webp,77,207,golden retriever,0.21933375298976898,True,21262,14938,1.4233498460302585,37.0985587159129,0.9709998551029161
imagewoof,data/imagewoof2-320/val/n02099601/n02099601_7220.JPEG,n02099601,207,golden retriever,webp,77,207,golden retriever,0.3840743601322174,True,24843,17484,1.4208991077556623,36.524687194184324,0.9630896475274975
imagewoof,data/imagewoof2-320/val/n02099601/n02099601_7222.JPEG,n02099601,207,golden retriever,webp,77,207,golden retriever,0.379647433757782,True,35268,32974,1.0695699642142293,34.83584405342819,0.9633453133891084
imagewoof,data/imagewoof2-320/val/n02099601/n02099601_7242.JPEG,n02099601,207,golden retriever,webp,77,207,golden retriever,0.3125399053096771,True,23205,16932,1.3704819277108433,36.704370645514935,0.9440790128328849
imagewoof,data/imagewoof2-320/val/n02099601/n02099601_7312.JPEG,n02099601,207,golden retriever,webp,77,207,golden retriever,0.360986590385437,True,20803,13276,1.5669629406447725,37.66982693128512,0.9461883682350685
imagewoof,data/imagewoof2-320/val/n02099601/n02099601_732.JPEG,n02099601,207,golden retriever,webp,77,207,golden retriever,0.4048697054386139,True,29517,24074,1.2260945418293594,35.521367613106925,0.9620469520465589
imagewoof,data/imagewoof2-320/val/n02099601/n02099601_7320.JPEG,n02099601,207,golden retriever,webp,77,207,golden retriever,0.2615177035331726,True,23485,21128,1.1115581219235138,36.10975602699675,0.9600145618748552
imagewoof,data/imagewoof2-320/val/n02099601/n02099601_7382.JPEG,n02099601,207,golden retriever,webp,77,207,golden retriever,0.2502387762069702,True,25569,19396,1.3182614972159208,36.30173263136102,0.9469717521695649
imagewoof,data/imagewoof2-320/val/n02099601/n02099601_7392.JPEG,n02099601,207,golden retriever,webp,77,207,golden retriever,0.4502592980861664,True,26158,19818,1.3199111918457969,36.152984479678985,0.9521304799097455
imagewoof,data/imagewoof2-320/val/n02099601/n02099601_740.JPEG,n02099601,207,golden retriever,webp,77,207,golden retriever,0.3822256028652191,True,18082,11120,1.6260791366906475,38.483090619750364,0.9512100032996527
imagewoof,data/imagewoof2-320/val/n02099601/n02099601_7432.JPEG,n02099601,207,golden retriever,webp,77,257,Great Pyrenees,0.2599104940891266,False,22982,16204,1.418291779807455,36.95483874047435,0.9548730155350361
imagewoof,data/imagewoof2-320/val/n02099601/n02099601_7532.JPEG,n02099601,207,golden retriever,webp,77,207,golden retriever,0.38628527522087097,True,19116,13294,1.4379419286896344,37.34322509012555,0.9468007669363522
imagewoof,data/imagewoof2-320/val/n02099601/n02099601_7572.JPEG,n02099601,207,golden retriever,webp,77,207,golden retriever,0.2936766743659973,True,23546,16014,1.4703384538528788,36.48871933788893,0.9520124052341524
imagewoof,data/imagewoof2-320/val/n02099601/n02099601_7601.JPEG,n02099601,207,golden retriever,webp,77,207,golden retriever,0.2562744915485382,True,19271,13204,1.4594819751590427,37.377557516681335,0.9574298335371956
imagewoof,data/imagewoof2-320/val/n02099601/n02099601_7692.JPEG,n02099601,207,golden retriever,webp,77,207,golden retriever,0.3697317838668823,True,23049,15336,1.5029342723004695,37.3329320930292,0.9435203712285122
imagewoof,data/imagewoof2-320/val/n02099601/n02099601_7740.JPEG,n02099601,207,golden retriever,webp,77,207,golden retriever,0.2550293207168579,True,16034,9916,1.6169826542960872,37.94949551360165,0.9579355821165235
imagewoof,data/imagewoof2-320/val/n02099601/n02099601_7771.JPEG,n02099601,207,golden retriever,webp,77,207,golden retriever,0.19578981399536133,True,15621,7938,1.9678760393046106,40.229976561510824,0.9649632786159744
imagewoof,data/imagewoof2-320/val/n02099601/n02099601_7780.JPEG,n02099601,207,golden retriever,webp,77,207,golden retriever,0.46511203050613403,True,28660,24744,1.1582605884254769,35.93723322868809,0.9540878946444155
imagewoof,data/imagewoof2-320/val/n02099601/n02099601_7801.JPEG,n02099601,207,golden retriever,webp,77,207,golden retriever,0.5238746404647827,True,19405,12784,1.5179130162703378,37.62991655211846,0.9390224707129676
imagewoof,data/imagewoof2-320/val/n02099601/n02099601_7810.JPEG,n02099601,207,golden retriever,webp,77,257,Great Pyrenees,0.19547393918037415,False,13762,7502,1.8344441482271394,40.344739744532376,0.9626875938596277
imagewoof,data/imagewoof2-320/val/n02099601/n02099601_7811.JPEG,n02099601,207,golden retriever,webp,77,207,golden retriever,0.20010687410831451,True,18817,12868,1.4623096052222568,36.81323624807529,0.9619576918598427
imagewoof,data/imagewoof2-320/val/n02099601/n02099601_7841.JPEG,n02099601,207,golden retriever,webp,77,208,Labrador retriever,0.2686631977558136,False,22433,11534,1.9449453788798334,38.48962413062273,0.9395771608754692
imagewoof,data/imagewoof2-320/val/n02099601/n02099601_7930.JPEG,n02099601,207,golden retriever,webp,77,222,kuvasz,0.1382846236228943,False,22733,17472,1.301110347985348,36.63968962734921,0.9584315801804623
imagewoof,data/imagewoof2-320/val/n02099601/n02099601_7942.JPEG,n02099601,207,golden retriever,webp,77,207,golden retriever,0.5581040382385254,True,27263,22118,1.2326159688941134,35.96387741761075,0.9627594790189747
imagewoof,data/imagewoof2-320/val/n02099601/n02099601_8181.JPEG,n02099601,207,golden retriever,webp,77,207,golden retriever,0.4360405504703522,True,34412,27268,1.261992078626962,35.573160480946356,0.9549924626393004
imagewoof,data/imagewoof2-320/val/n02099601/n02099601_82.JPEG,n02099601,207,golden retriever,webp,77,222,kuvasz,0.19712910056114197,False,32090,28656,1.1198352875488553,35.35261609384073,0.9648881772760755
imagewoof,data/imagewoof2-320/val/n02099601/n02099601_8292.JPEG,n02099601,207,golden retriever,webp,77,207,golden retriever,0.18609818816184998,True,27776,22186,1.251960695934373,36.36333615429268,0.9548391195821976
imagewoof,data/imagewoof2-320/val/n02099601/n02099601_830.JPEG,n02099601,207,golden retriever,webp,77,207,golden retriever,0.4240333139896393,True,14126,8722,1.6195826645264848,37.894121586942255,0.9616970824192945
imagewoof,data/imagewoof2-320/val/n02099601/n02099601_831.JPEG,n02099601,207,golden retriever,webp,77,207,golden retriever,0.3189378082752228,True,24925,17254,1.4445925582473629,37.21848993681548,0.9466742475886645
imagewoof,data/imagewoof2-320/val/n02099601/n02099601_8380.JPEG,n02099601,207,golden retriever,webp,77,207,golden retriever,0.47994208335876465,True,12668,6790,1.8656848306332843,38.94880714513561,0.9535438731788209
imagewoof,data/imagewoof2-320/val/n02099601/n02099601_8420.JPEG,n02099601,207,golden retriever,webp,77,207,golden retriever,0.2595366835594177,True,35681,31586,1.1296460457164565,35.399866602663025,0.9657964989477291
imagewoof,data/imagewoof2-320/val/n02099601/n02099601_8440.JPEG,n02099601,207,golden retriever,webp,77,207,golden retriever,0.16719651222229004,True,18974,10984,1.7274217042971596,38.347575249390935,0.9575357985197258
imagewoof,data/imagewoof2-320/val/n02099601/n02099601_8521.JPEG,n02099601,207,golden retriever,webp,77,207,golden retriever,0.40908119082450867,True,23892,19406,1.2311656188807585,35.89481968607442,0.9653759094788859
imagewoof,data/imagewoof2-320/val/n02099601/n02099601_8560.JPEG,n02099601,207,golden retriever,webp,77,207,golden retriever,0.4270452558994293,True,30011,25696,1.1679249688667497,35.74346806771666,0.9595227628560785
imagewoof,data/imagewoof2-320/val/n02099601/n02099601_862.JPEG,n02099601,207,golden retriever,webp,77,207,golden retriever,0.5208033323287964,True,23728,19100,1.242303664921466,36.667199723295056,0.9421035739791873
imagewoof,data/imagewoof2-320/val/n02099601/n02099601_8631.JPEG,n02099601,207,golden retriever,webp,77,207,golden retriever,0.43648529052734375,True,28931,21838,1.3248008059346095,36.003331803098035,0.9498492388475771
imagewoof,data/imagewoof2-320/val/n02099601/n02099601_8642.JPEG,n02099601,207,golden retriever,webp,77,207,golden retriever,0.5200055837631226,True,37379,32592,1.146876534118802,35.00836411334673,0.9636689122900108
imagewoof,data/imagewoof2-320/val/n02099601/n02099601_8671.JPEG,n02099601,207,golden retriever,webp,77,207,golden retriever,0.5949931144714355,True,21891,15962,1.3714446811176544,36.461812884388635,0.9289944884833549
imagewoof,data/imagewoof2-320/val/n02099601/n02099601_870.JPEG,n02099601,207,golden retriever,webp,77,207,golden retriever,0.4132446348667145,True,19767,11680,1.6923801369863014,37.822138866597605,0.9561049478825397
imagewoof,data/imagewoof2-320/val/n02099601/n02099601_8760.JPEG,n02099601,207,golden retriever,webp,77,207,golden retriever,0.2845878303050995,True,25734,18872,1.3636074607884696,36.878716171925035,0.9470495936339112
imagewoof,data/imagewoof2-320/val/n02099601/n02099601_8772.JPEG,n02099601,207,golden retriever,webp,77,207,golden retriever,0.1719529628753662,True,21923,18098,1.2113493203668915,36.05579326571972,0.9629004321060153
imagewoof,data/imagewoof2-320/val/n02099601/n02099601_8842.JPEG,n02099601,207,golden retriever,webp,77,207,golden retriever,0.45304253697395325,True,33315,30458,1.0938013001510276,35.98838680166463,0.9627773664398349
imagewoof,data/imagewoof2-320/val/n02099601/n02099601_8850.JPEG,n02099601,207,golden retriever,webp,77,207,golden retriever,0.5589545965194702,True,22321,15022,1.48588736519771,37.44015519842522,0.961176606581405
imagewoof,data/imagewoof2-320/val/n02099601/n02099601_8851.JPEG,n02099601,207,golden retriever,webp,77,207,golden retriever,0.38350537419319153,True,18141,12354,1.4684312773190868,37.76953644287437,0.955104589744162
imagewoof,data/imagewoof2-320/val/n02099601/n02099601_8930.JPEG,n02099601,207,golden retriever,webp,77,207,golden retriever,0.3430631756782532,True,28382,22688,1.2509696755994357,35.86924621327166,0.9544108075140917
imagewoof,data/imagewoof2-320/val/n02099601/n02099601_8990.JPEG,n02099601,207,golden retriever,webp,77,207,golden retriever,0.3421039879322052,True,23015,15496,1.4852219927723282,37.230247158667254,0.9439836638156504
imagewoof,data/imagewoof2-320/val/n02099601/n02099601_911.JPEG,n02099601,207,golden retriever,webp,77,207,golden retriever,0.3407333791255951,True,20755,14260,1.4554698457223,36.99385110979258,0.9663038994186476
imagewoof,data/imagewoof2-320/val/n02099601/n02099601_9272.JPEG,n02099601,207,golden retriever,webp,77,207,golden retriever,0.42038694024086,True,38913,39164,0.9935910530078643,33.2063724834522,0.9758974540693229
imagewoof,data/imagewoof2-320/val/n02099601/n02099601_9301.JPEG,n02099601,207,golden retriever,webp,77,207,golden retriever,0.31575116515159607,True,32449,28398,1.1426508909078104,35.40095457279725,0.9647338607220316
imagewoof,data/imagewoof2-320/val/n02099601/n02099601_9331.JPEG,n02099601,207,golden retriever,webp,77,207,golden retriever,0.37986475229263306,True,18210,11014,1.65335028145996,38.003066515168776,0.9396542983823791
imagewoof,data/imagewoof2-320/val/n02099601/n02099601_9521.JPEG,n02099601,207,golden retriever,webp,77,207,golden retriever,0.4469259977340698,True,22917,16156,1.4184822975984155,37.33915004845377,0.9575046424186701
imagewoof,data/imagewoof2-320/val/n02099601/n02099601_9602.JPEG,n02099601,207,golden retriever,webp,77,207,golden retriever,0.5551730394363403,True,18602,12734,1.4608135699701585,37.9879275324509,0.951518094051623
imagewoof,data/imagewoof2-320/val/n02099601/n02099601_9611.JPEG,n02099601,207,golden retriever,webp,77,207,golden retriever,0.5066416263580322,True,22493,16872,1.3331555239449977,36.56841076340626,0.9614125988064178
imagewoof,data/imagewoof2-320/val/n02099601/n02099601_9681.JPEG,n02099601,207,golden retriever,webp,77,207,golden retriever,0.44474220275878906,True,32565,25872,1.2586966604823748,36.26670662443919,0.9622990765966106
imagewoof,data/imagewoof2-320/val/n02099601/n02099601_9701.JPEG,n02099601,207,golden retriever,webp,77,207,golden retriever,0.3944075405597687,True,18211,12386,1.4702890360083967,36.870763492355266,0.9357548163120611
imagewoof,data/imagewoof2-320/val/n02099601/n02099601_9710.JPEG,n02099601,207,golden retriever,webp,77,207,golden retriever,0.38192352652549744,True,21234,14718,1.4427231960864249,37.593955266016124,0.960601837505276
imagewoof,data/imagewoof2-320/val/n02099601/n02099601_972.JPEG,n02099601,207,golden retriever,webp,77,219,cocker spaniel,0.14859479665756226,False,22490,16058,1.4005480134512394,36.91840085690487,0.9508540105421358
imagewoof,data/imagewoof2-320/val/n02099601/n02099601_9742.JPEG,n02099601,207,golden retriever,webp,77,207,golden retriever,0.39938655495643616,True,37234,29004,1.2837539649703489,35.46323822959907,0.9663296114185081
imagewoof,data/imagewoof2-320/val/n02099601/n02099601_9791.JPEG,n02099601,207,golden retriever,webp,77,207,golden retriever,0.20931075513362885,True,28685,23184,1.237275707384403,37.03804320626874,0.9706497852707289
imagewoof,data/imagewoof2-320/val/n02099601/n02099601_9800.JPEG,n02099601,207,golden retriever,webp,77,222,kuvasz,0.25476330518722534,False,14669,7756,1.8913099535843219,39.59860403008693,0.9510454462600925
imagewoof,data/imagewoof2-320/val/n02099601/n02099601_9831.JPEG,n02099601,207,golden retriever,webp,77,207,golden retriever,0.3595310151576996,True,37918,34004,1.1151041053993649,35.16589516675769,0.9688872237061062
imagewoof,data/imagewoof2-320/val/n02099601/n02099601_9950.JPEG,n02099601,207,golden retriever,webp,77,207,golden retriever,0.38354361057281494,True,22209,15188,1.4622728469844615,36.95089891365433,0.9459092395131067
imagewoof,data/imagewoof2-320/val/n02105641/ILSVRC2012_val_00004361.JPEG,n02105641,229,Old English sheepdog,webp,77,229,Old English sheepdog,0.4225095212459564,True,25213,20536,1.2277463965718738,36.57881878662135,0.9567402138166302
imagewoof,data/imagewoof2-320/val/n02105641/ILSVRC2012_val_00005390.JPEG,n02105641,229,Old English sheepdog,webp,77,229,Old English sheepdog,0.3990154564380646,True,19699,11738,1.6782245697733855,38.1383552583176,0.9614189088279904
imagewoof,data/imagewoof2-320/val/n02105641/ILSVRC2012_val_00012930.JPEG,n02105641,229,Old English sheepdog,webp,77,229,Old English sheepdog,0.5965445637702942,True,16144,9902,1.6303777014744496,38.37284877723316,0.9479134590559372
imagewoof,data/imagewoof2-320/val/n02105641/ILSVRC2012_val_00017560.JPEG,n02105641,229,Old English sheepdog,webp,77,229,Old English sheepdog,0.2963058054447174,True,28708,21808,1.316397652237711,36.62208174659195,0.9620589993358238
imagewoof,data/imagewoof2-320/val/n02105641/ILSVRC2012_val_00018762.JPEG,n02105641,229,Old English sheepdog,webp,77,229,Old English sheepdog,0.5701818466186523,True,25620,20278,1.263438208896341,35.635897199720034,0.9693066340210267
imagewoof,data/imagewoof2-320/val/n02105641/ILSVRC2012_val_00030200.JPEG,n02105641,229,Old English sheepdog,webp,77,229,Old English sheepdog,0.5005507469177246,True,23308,16832,1.3847433460076046,36.767027399242586,0.9545000771413492
imagewoof,data/imagewoof2-320/val/n02105641/ILSVRC2012_val_00030240.JPEG,n02105641,229,Old English sheepdog,webp,77,229,Old English sheepdog,0.512130618095398,True,20935,15026,1.393251697058432,37.44244292999887,0.9580411806730692
imagewoof,data/imagewoof2-320/val/n02105641/ILSVRC2012_val_00030831.JPEG,n02105641,229,Old English sheepdog,webp,77,229,Old English sheepdog,0.3006013035774231,True,15595,9424,1.6548174872665535,39.088641790160096,0.9609430752108907
imagewoof,data/imagewoof2-320/val/n02105641/ILSVRC2012_val_00033501.JPEG,n02105641,229,Old English sheepdog,webp,77,229,Old English sheepdog,0.39668506383895874,True,43534,40372,1.0783216090359655,34.57730459136234,0.9709061601973752
imagewoof,data/imagewoof2-320/val/n02105641/ILSVRC2012_val_00039591.JPEG,n02105641,229,Old English sheepdog,webp,77,229,Old English sheepdog,0.3678883910179138,True,31650,27152,1.1656599882144962,35.328278103075995,0.9663793682574152
imagewoof,data/imagewoof2-320/val/n02105641/ILSVRC2012_val_00041351.JPEG,n02105641,229,Old English sheepdog,webp,77,229,Old English sheepdog,0.4706342816352844,True,41616,41158,1.0111278487778803,34.292104966496765,0.9745801487324011
imagewoof,data/imagewoof2-320/val/n02105641/ILSVRC2012_val_00046310.JPEG,n02105641,229,Old English sheepdog,webp,77,229,Old English sheepdog,0.5403253436088562,True,39409,36628,1.0759255214589931,35.011835488039495,0.9718127314798616
imagewoof,data/imagewoof2-320/val/n02105641/ILSVRC2012_val_00047241.JPEG,n02105641,229,Old English sheepdog,webp,77,229,Old English sheepdog,0.45007187128067017,True,24078,18760,1.2834754797441366,37.170872244192346,0.9478132704486719
imagewoof,data/imagewoof2-320/val/n02105641/n02105641_10020.JPEG,n02105641,229,Old English sheepdog,webp,77,229,Old English sheepdog,0.5786231160163879,True,24897,16366,1.5212635952584628,36.54588160774904,0.9450739631412782
imagewoof,data/imagewoof2-320/val/n02105641/n02105641_10031.JPEG,n02105641,229,Old English sheepdog,webp,77,229,Old English sheepdog,0.34709200263023376,True,17477,10364,1.686318023928985,38.31758285218436,0.9553297163100472
imagewoof,data/imagewoof2-320/val/n02105641/n02105641_10051.JPEG,n02105641,229,Old English sheepdog,webp,77,229,Old English sheepdog,0.6093494892120361,True,28277,23236,1.2169478395593045,35.90202973918813,0.9594996431499044
imagewoof,data/imagewoof2-320/val/n02105641/n02105641_10100.JPEG,n02105641,229,Old English sheepdog,webp,77,229,Old English sheepdog,0.6456084251403809,True,25309,20304,1.2465031520882586,36.5930365382494,0.9522411010708427
imagewoof,data/imagewoof2-320/val/n02105641/n02105641_10150.JPEG,n02105641,229,Old English sheepdog,webp,77,229,Old English sheepdog,0.6116513013839722,True,22721,16218,1.4009742261684548,37.37839747284588,0.9527874971418768
imagewoof,data/imagewoof2-320/val/n02105641/n02105641_10151.JPEG,n02105641,229,Old English sheepdog,webp,77,229,Old English sheepdog,0.37852680683135986,True,47721,47750,0.999392670157068,34.193485752338624,0.9828354654481708
imagewoof,data/imagewoof2-320/val/n02105641/n02105641_10180.JPEG,n02105641,229,Old English sheepdog,webp,77,229,Old English sheepdog,0.30962324142456055,True,16755,10140,1.6523668639053255,38.68832829156627,0.9623306033074094
imagewoof,data/imagewoof2-320/val/n02105641/n02105641_10241.JPEG,n02105641,229,Old English sheepdog,webp,77,229,Old English sheepdog,0.45066818594932556,True,23440,18024,1.3004882379050156,35.666684422755594,0.9401449538975822
imagewoof,data/imagewoof2-320/val/n02105641/n02105641_10271.JPEG,n02105641,229,Old English sheepdog,webp,77,229,Old English sheepdog,0.5546673536300659,True,32214,30298,1.0632384975906,35.26394715671636,0.9632232067743346
imagewoof,data/imagewoof2-320/val/n02105641/n02105641_10280.JPEG,n02105641,229,Old English sheepdog,webp,77,229,Old English sheepdog,0.39759334921836853,True,29264,22440,1.3040998217468807,36.41586828701943,0.9625943461259631
imagewoof,data/imagewoof2-320/val/n02105641/n02105641_10300.JPEG,n02105641,229,Old English sheepdog,webp,77,229,Old English sheepdog,0.6727681159973145,True,26258,20990,1.250976655550262,36.300363589258495,0.9687186752770263
imagewoof,data/imagewoof2-320/val/n02105641/n02105641_10302.JPEG,n02105641,229,Old English sheepdog,webp,77,229,Old English sheepdog,0.621779203414917,True,20324,11992,1.6947965310206805,38.064236619509366,0.9600460025840271
imagewoof,data/imagewoof2-320/val/n02105641/n02105641_10312.JPEG,n02105641,229,Old English sheepdog,webp,77,229,Old English sheepdog,0.34713149070739746,True,27533,21286,1.2934792821572865,36.26885995947965,0.9532234196551448
imagewoof,data/imagewoof2-320/val/n02105641/n02105641_10330.JPEG,n02105641,229,Old English sheepdog,webp,77,229,Old English sheepdog,0.4850238561630249,True,23378,16022,1.4591187117713145,37.07623858801243,0.9639978417368867
imagewoof,data/imagewoof2-320/val/n02105641/n02105641_10341.JPEG,n02105641,229,Old English sheepdog,webp,77,229,Old English sheepdog,0.36107194423675537,True,16283,9674,1.6831713872234857,38.71152416496034,0.9569118552218977
imagewoof,data/imagewoof2-320/val/n02105641/n02105641_10372.JPEG,n02105641,229,Old English sheepdog,webp,77,229,Old English sheepdog,0.32918888330459595,True,16146,9564,1.6882057716436638,38.2615811873952,0.945393831477091
imagewoof,data/imagewoof2-320/val/n02105641/n02105641_10380.JPEG,n02105641,229,Old English sheepdog,webp,77,229,Old English sheepdog,0.5001255869865417,True,30266,28956,1.0452410553943914,36.38859357861034,0.9640031563698098
imagewoof,data/imagewoof2-320/val/n02105641/n02105641_1042.JPEG,n02105641,229,Old English sheepdog,webp,77,229,Old English sheepdog,0.10197838395833969,True,26277,18710,1.4044361304115447,37.6392811554677,0.9595661819532122
imagewoof,data/imagewoof2-320/val/n02105641/n02105641_10600.JPEG,n02105641,229,Old English sheepdog,webp,77,229,Old English sheepdog,0.24518781900405884,True,15320,8628,1.7756142790913305,38.53488746504131,0.9529074772501397
imagewoof,data/imagewoof2-320/val/n02105641/n02105641_10660.JPEG,n02105641,229,Old English sheepdog,webp,77,229,Old English sheepdog,0.394907146692276,True,18964,13482,1.4066162290461355,36.385991952003515,0.9637309886244393
imagewoof,data/imagewoof2-320/val/n02105641/n02105641_10670.JPEG,n02105641,229,Old English sheepdog,webp,77,229,Old English sheepdog,0.36442023515701294,True,25229,21122,1.194441814222138,35.48775859371649,0.9563425097967672
imagewoof,data/imagewoof2-320/val/n02105641/n02105641_10672.JPEG,n02105641,229,Old English sheepdog,webp,77,229,Old English sheepdog,0.5523117184638977,True,26223,20312,1.2910102402520678,36.952886393323425,0.9624009045895529
imagewoof,data/imagewoof2-320/val/n02105641/n02105641_10692.JPEG,n02105641,229,Old English sheepdog,webp,77,229,Old English sheepdog,0.4791605472564697,True,29588,24908,1.187891440501044,35.74119919470852,0.9651493843828244
imagewoof,data/imagewoof2-320/val/n02105641/n02105641_10732.JPEG,n02105641,229,Old English sheepdog,webp,77,229,Old English sheepdog,0.37913960218429565,True,30116,27988,1.0760325853937402,34.62370094251851,0.9717973848267629
imagewoof,data/imagewoof2-320/val/n02105641/n02105641_10741.JPEG,n02105641,229,Old English sheepdog,webp,77,229,Old English sheepdog,0.4992835521697998,True,21593,17440,1.238130733944954,36.5044599167705,0.9630068474234058
imagewoof,data/imagewoof2-320/val/n02105641/n02105641_10760.JPEG,n02105641,229,Old English sheepdog,webp,77,246,Great Dane,0.08445407450199127,False,24376,18038,1.3513693314114648,36.6108908973659,0.9512920574033026
imagewoof,data/imagewoof2-320/val/n02105641/n02105641_10800.JPEG,n02105641,229,Old English sheepdog,webp,77,229,Old English sheepdog,0.6634786128997803,True,19927,13980,1.4253934191702433,36.8552328778397,0.9553145290698436
imagewoof,data/imagewoof2-320/val/n02105641/n02105641_10861.JPEG,n02105641,229,Old English sheepdog,webp,77,229,Old English sheepdog,0.6139424443244934,True,17086,10534,1.621985950256313,38.85379689265199,0.9532716147589065
imagewoof,data/imagewoof2-320/val/n02105641/n02105641_10931.JPEG,n02105641,229,Old English sheepdog,webp,77,229,Old English sheepdog,0.4222308397293091,True,18606,12268,1.516628627323117,37.2891807057874,0.9607785806581157
imagewoof,data/imagewoof2-320/val/n02105641/n02105641_10942.JPEG,n02105641,229,Old English sheepdog,webp,77,229,Old English sheepdog,0.7662764191627502,True,30243,23370,1.2940949935815147,37.028223271858224,0.9532033066629259
imagewoof,data/imagewoof2-320/val/n02105641/n02105641_1102.JPEG,n02105641,229,Old English sheepdog,webp,77,180,American Staffordshire terrier,0.10685206949710846,False,58463,60704,0.9630831576172905,33.56415814828778,0.9799042055720216
imagewoof,data/imagewoof2-320/val/n02105641/n02105641_11020.JPEG,n02105641,229,Old English sheepdog,webp,77,229,Old English sheepdog,0.2155434787273407,True,15480,10592,1.4614803625377644,38.76998236028709,0.9688969517600575
imagewoof,data/imagewoof2-320/val/n02105641/n02105641_11051.JPEG,n02105641,229,Old English sheepdog,webp,77,229,Old English sheepdog,0.4220414459705353,True,13527,9216,1.4677734375,38.667959042491574,0.9679322220461369
imagewoof,data/imagewoof2-320/val/n02105641/n02105641_11062.JPEG,n02105641,229,Old English sheepdog,webp,77,229,Old English sheepdog,0.34599798917770386,True,17328,10304,1.6816770186335404,38.48014884572312,0.9462818114802941
imagewoof,data/imagewoof2-320/val/n02105641/n02105641_11132.JPEG,n02105641,229,Old English sheepdog,webp,77,229,Old English sheepdog,0.3366740047931671,True,23688,19022,1.2452949216696456,37.10578502985889,0.975464260993994
imagewoof,data/imagewoof2-320/val/n02105641/n02105641_11190.JPEG,n02105641,229,Old English sheepdog,webp,77,229,Old English sheepdog,0.4455084204673767,True,24160,18032,1.3398402839396628,37.05023152690101,0.956865854057943
imagewoof,data/imagewoof2-320/val/n02105641/n02105641_1120.JPEG,n02105641,229,Old English sheepdog,webp,77,229,Old English sheepdog,0.5009822845458984,True,17935,11038,1.6248414567856495,38.493928371998734,0.9518936794150702
imagewoof,data/imagewoof2-320/val/n02105641/n02105641_11261.JPEG,n02105641,229,Old English sheepdog,webp,77,229,Old English sheepdog,0.4398227334022522,True,21182,15652,1.3533094812164579,36.433078324517595,0.9531767226281723
imagewoof,data/imagewoof2-320/val/n02105641/n02105641_11351.JPEG,n02105641,229,Old English sheepdog,webp,77,229,Old English sheepdog,0.45567283034324646,True,17412,10850,1.6047926267281105,38.163138380421216,0.9670518888366115
imagewoof,data/imagewoof2-320/val/n02105641/n02105641_11432.JPEG,n02105641,229,Old English sheepdog,webp,77,229,Old English sheepdog,0.25896012783050537,True,27444,20858,1.3157541470898457,36.66234118320781,0.9733796290833281
imagewoof,data/imagewoof2-320/val/n02105641/n02105641_11471.JPEG,n02105641,229,Old English sheepdog,webp,77,229,Old English sheepdog,0.4304618835449219,True,17647,10592,1.6660687311178248,38.189721190791985,0.9457548103250595
imagewoof,data/imagewoof2-320/val/n02105641/n02105641_11571.JPEG,n02105641,229,Old English sheepdog,webp,77,229,Old English sheepdog,0.4159556031227112,True,24165,18156,1.330964970257766,36.44126378605038,0.9497760086502258
imagewoof,data/imagewoof2-320/val/n02105641/n02105641_11591.JPEG,n02105641,229,Old English sheepdog,webp,77,229,Old English sheepdog,0.21618853509426117,True,16494,9112,1.8101404741000877,37.6511496662327,0.9222477040429151
imagewoof,data/imagewoof2-320/val/n02105641/n02105641_11602.JPEG,n02105641,229,Old English sheepdog,webp,77,229,Old English sheepdog,0.806374728679657,True,17227,13480,1.277967359050445,37.654736771152514,0.971644059867463
imagewoof,data/imagewoof2-320/val/n02105641/n02105641_11611.JPEG,n02105641,229,Old English sheepdog,webp,77,229,Old English sheepdog,0.44650959968566895,True,14764,8640,1.7087962962962964,38.75850738137007,0.9543987723883537
imagewoof,data/imagewoof2-320/val/n02105641/n02105641_11651.JPEG,n02105641,229,Old English sheepdog,webp,77,229,Old English sheepdog,0.36870276927948,True,15865,9782,1.621856471069311,38.794936721482486,0.9481320361810276
imagewoof,data/imagewoof2-320/val/n02105641/n02105641_11700.JPEG,n02105641,229,Old English sheepdog,webp,77,229,Old English sheepdog,0.41070449352264404,True,22061,14086,1.5661649865114298,37.652545560647155,0.9458212706100264
imagewoof,data/imagewoof2-320/val/n02105641/n02105641_1172.JPEG,n02105641,229,Old English sheepdog,webp,77,229,Old English sheepdog,0.6779592037200928,True,21528,13846,1.5548172757475083,37.8161999759911,0.9643465236814914
imagewoof,data/imagewoof2-320/val/n02105641/n02105641_11860.JPEG,n02105641,229,Old English sheepdog,webp,77,229,Old English sheepdog,0.4540277123451233,True,18718,14426,1.2975183696104255,36.67696862834325,0.9578749195756
imagewoof,data/imagewoof2-320/val/n02105641/n02105641_11861.JPEG,n02105641,229,Old English sheepdog,webp,77,229,Old English sheepdog,0.39620351791381836,True,25773,21336,1.2079583802024747,36.16366236981121,0.9729671963112461
imagewoof,data/imagewoof2-320/val/n02105641/n02105641_11951.JPEG,n02105641,229,Old English sheepdog,webp,77,229,Old English sheepdog,0.4382389485836029,True,16260,8484,1.9165487977369164,37.96805035820541,0.9295316749775488
imagewoof,data/imagewoof2-320/val/n02105641/n02105641_11972.JPEG,n02105641,229,Old English sheepdog,webp,77,229,Old English sheepdog,0.3746873736381531,True,21712,15974,1.359208714160511,36.57492517863745,0.9696706169682497
imagewoof,data/imagewoof2-320/val/n02105641/n02105641_1200.JPEG,n02105641,229,Old English sheepdog,webp,77,229,Old English sheepdog,0.2831898033618927,True,19410,14244,1.3626790227464196,36.8526787531372,0.9599488738858047
imagewoof,data/imagewoof2-320/val/n02105641/n02105641_12000.JPEG,n02105641,229,Old English sheepdog,webp,77,229,Old English sheepdog,0.38697656989097595,True,14189,9104,1.5585456942003515,37.47505630044214,0.9607724224706141
imagewoof,data/imagewoof2-320/val/n02105641/n02105641_12001.JPEG,n02105641,229,Old English sheepdog,webp,77,229,Old English sheepdog,0.6173433065414429,True,23039,17010,1.3544385655496767,36.795815116694065,0.9523821467987826
imagewoof,data/imagewoof2-320/val/n02105641/n02105641_12010.JPEG,n02105641,229,Old English sheepdog,webp,77,229,Old English sheepdog,0.4600318968296051,True,13771,7458,1.8464735854116385,39.59101492723964,0.9584920814743344
imagewoof,data/imagewoof2-320/val/n02105641/n02105641_1212.JPEG,n02105641,229,Old English sheepdog,webp,77,229,Old English sheepdog,0.3908139765262604,True,24701,16854,1.4655868043194493,37.560939089887164,0.9510804639625725
imagewoof,data/imagewoof2-320/val/n02105641/n02105641_12162.JPEG,n02105641,229,Old English sheepdog,webp,77,229,Old English sheepdog,0.4223540723323822,True,20755,14080,1.4740767045454546,37.594857225708395,0.9528516944708145
imagewoof,data/imagewoof2-320/val/n02105641/n02105641_12181.JPEG,n02105641,229,Old English sheepdog,webp,77,229,Old English sheepdog,0.58644700050354,True,14246,8500,1.676,38.534067155862594,0.9637709272579751
imagewoof,data/imagewoof2-320/val/n02105641/n02105641_12221.JPEG,n02105641,229,Old English sheepdog,webp,77,229,Old English sheepdog,0.4978952705860138,True,22087,15388,1.4353392253704185,36.72421366025758,0.944276161663644
imagewoof,data/imagewoof2-320/val/n02105641/n02105641_12240.JPEG,n02105641,229,Old English sheepdog,webp,77,229,Old English sheepdog,0.6622419357299805,True,22237,15380,1.4458387516254876,36.668774194130755,0.9665390869599556
imagewoof,data/imagewoof2-320/val/n02105641/n02105641_12250.JPEG,n02105641,229,Old English sheepdog,webp,77,229,Old English sheepdog,0.47275030612945557,True,27207,20694,1.3147289069295447,36.15603706807456,0.9594249251673131
imagewoof,data/imagewoof2-320/val/n02105641/n02105641_12310.JPEG,n02105641,229,Old English sheepdog,webp,77,229,Old English sheepdog,0.47673752903938293,True,17782,13134,1.3538906654484544,37.221029958418264,0.9591255216869098
imagewoof,data/imagewoof2-320/val/n02105641/n02105641_12380.JPEG,n02105641,229,Old English sheepdog,webp,77,229,Old English sheepdog,0.5855754613876343,True,17027,10702,1.591011025976453,37.62502242319373,0.9565656674463074
imagewoof,data/imagewoof2-320/val/n02105641/n02105641_12430.JPEG,n02105641,229,Old English sheepdog,webp,77,229,Old English sheepdog,0.42892903089523315,True,19314,12448,1.5515745501285347,37.85821925369653,0.9572228580448426
imagewoof,data/imagewoof2-320/val/n02105641/n02105641_12432.JPEG,n02105641,229,Old English sheepdog,webp,77,229,Old English sheepdog,0.3038305640220642,True,29494,26834,1.0991279719758515,34.075460331605285,0.9724863692018136
imagewoof,data/imagewoof2-320/val/n02105641/n02105641_12512.JPEG,n02105641,229,Old English sheepdog,webp,77,229,Old English sheepdog,0.4429720640182495,True,15524,8794,1.7652945189902205,39.081732045835864,0.9489465118836676
imagewoof,data/imagewoof2-320/val/n02105641/n02105641_12610.JPEG,n02105641,229,Old English sheepdog,webp,77,229,Old English sheepdog,0.14021539688110352,True,17298,9914,1.7448053258018963,38.37340415677352,0.9372494779454325
imagewoof,data/imagewoof2-320/val/n02105641/n02105641_12692.JPEG,n02105641,229,Old English sheepdog,webp,77,229,Old English sheepdog,0.5127454400062561,True,20305,13098,1.5502366773553213,37.769383336113435,0.9627908557974626
imagewoof,data/imagewoof2-320/val/n02105641/n02105641_12840.JPEG,n02105641,229,Old English sheepdog,webp,77,229,Old English sheepdog,0.4440450966358185,True,25743,23178,1.1106652860471136,34.76840626702527,0.9699532350669524
imagewoof,data/imagewoof2-320/val/n02105641/n02105641_12980.JPEG,n02105641,229,Old English sheepdog,webp,77,229,Old English sheepdog,0.40912488102912903,True,17163,11212,1.530770602925437,37.47366225855094,0.9626324718480955
imagewoof,data/imagewoof2-320/val/n02105641/n02105641_13011.JPEG,n02105641,229,Old English sheepdog,webp,77,229,Old English sheepdog,0.4131799340248108,True,23103,17294,1.3358968428356655,36.39523803543775,0.9669889548439062
imagewoof,data/imagewoof2-320/val/n02105641/n02105641_1311.JPEG,n02105641,229,Old English sheepdog,webp,77,229,Old English sheepdog,0.41824471950531006,True,19239,13838,1.390302066772655,37.730746821793936,0.9604113381038516
imagewoof,data/imagewoof2-320/val/n02105641/n02105641_13131.JPEG,n02105641,229,Old English sheepdog,webp,77,229,Old English sheepdog,0.3455037772655487,True,18532,11196,1.6552340121471953,37.91659055702452,0.950661566026091
imagewoof,data/imagewoof2-320/val/n02105641/n02105641_13171.JPEG,n02105641,229,Old English sheepdog,webp,77,229,Old English sheepdog,0.4337678551673889,True,38065,36958,1.0299529195302777,34.495317347355154,0.967198483981198
imagewoof,data/imagewoof2-320/val/n02105641/n02105641_13242.JPEG,n02105641,229,Old English sheepdog,webp,77,229,Old English sheepdog,0.504256546497345,True,18709,11620,1.6100688468158348,37.91182965699586,0.9377191920521261
imagewoof,data/imagewoof2-320/val/n02105641/n02105641_13312.JPEG,n02105641,229,Old English sheepdog,webp,77,229,Old English sheepdog,0.3644920885562897,True,23602,17290,1.3650665124349335,36.601196945827816,0.9620776079327337
imagewoof,data/imagewoof2-320/val/n02105641/n02105641_13390.JPEG,n02105641,229,Old English sheepdog,webp,77,229,Old English sheepdog,0.29497599601745605,True,27543,18500,1.488810810810811,37.06895529394494,0.961394212431835
imagewoof,data/imagewoof2-320/val/n02105641/n02105641_13490.JPEG,n02105641,229,Old English sheepdog,webp,77,229,Old English sheepdog,0.45833486318588257,True,26480,18548,1.4276471856803967,36.622186334401405,0.9566709331630857
imagewoof,data/imagewoof2-320/val/n02105641/n02105641_13502.JPEG,n02105641,229,Old English sheepdog,webp,77,229,Old English sheepdog,0.4359619915485382,True,11375,6508,1.7478488014751075,39.611806995857805,0.962479693651877
imagewoof,data/imagewoof2-320/val/n02105641/n02105641_13552.JPEG,n02105641,229,Old English sheepdog,webp,77,229,Old English sheepdog,0.41477730870246887,True,17741,11200,1.5840178571428571,38.16112697099164,0.9465727264887379
imagewoof,data/imagewoof2-320/val/n02105641/n02105641_13572.JPEG,n02105641,229,Old English sheepdog,webp,77,229,Old English sheepdog,0.3661864399909973,True,13369,6286,2.1267896913776645,39.17309322109949,0.9255728388319389
imagewoof,data/imagewoof2-320/val/n02105641/n02105641_1362.JPEG,n02105641,229,Old English sheepdog,webp,77,229,Old English sheepdog,0.5321956276893616,True,20389,15128,1.3477657324167107,36.665468604593926,0.9574478631090412
imagewoof,data/imagewoof2-320/val/n02105641/n02105641_13680.JPEG,n02105641,229,Old English sheepdog,webp,77,229,Old English sheepdog,0.3942626118659973,True,13717,7364,1.862710483432917,39.62495300626595,0.9568329903164239
imagewoof,data/imagewoof2-320/val/n02105641/n02105641_13751.JPEG,n02105641,229,Old English sheepdog,webp,77,229,Old English sheepdog,0.386976957321167,True,7319,3146,2.3264462809917354,43.75448178811419,0.9773587999315523
imagewoof,data/imagewoof2-320/val/n02105641/n02105641_1380.JPEG,n02105641,229,Old English sheepdog,webp,77,229,Old English sheepdog,0.36764824390411377,True,15472,9942,1.5562261114463891,37.81219347871788,0.9548879140832525
imagewoof,data/imagewoof2-320/val/n02105641/n02105641_13952.JPEG,n02105641,229,Old English sheepdog,webp,77,229,Old English sheepdog,0.39492350816726685,True,24191,16812,1.4389126814180346,37.46012573746415,0.9591832679351416
imagewoof,data/imagewoof2-320/val/n02105641/n02105641_13961.JPEG,n02105641,229,Old English sheepdog,webp,77,229,Old English sheepdog,0.540904700756073,True,18447,11944,1.5444574681848626,37.657440667231754,0.9447279837710082
imagewoof,data/imagewoof2-320/val/n02105641/n02105641_13991.JPEG,n02105641,229,Old English sheepdog,webp,77,229,Old English sheepdog,0.42599040269851685,True,26953,21120,1.276183712121212,35.81010622155696,0.9574989171028938
imagewoof,data/imagewoof2-320/val/n02105641/n02105641_1400.JPEG,n02105641,229,Old English sheepdog,webp,77,229,Old English sheepdog,0.5106059908866882,True,36863,35836,1.02865833240317,35.886591288127995,0.984700126592382
imagewoof,data/imagewoof2-320/val/n02105641/n02105641_14061.JPEG,n02105641,229,Old English sheepdog,webp,77,229,Old English sheepdog,0.43550989031791687,True,16441,10514,1.5637245577325471,38.95380563972835,0.9606296098972144
imagewoof,data/imagewoof2-320/val/n02105641/n02105641_14090.JPEG,n02105641,229,Old English sheepdog,webp,77,229,Old English sheepdog,0.4877491295337677,True,31915,27874,1.144973810719667,35.71947372329245,0.9636845071332388
imagewoof,data/imagewoof2-320/val/n02105641/n02105641_1411.JPEG,n02105641,229,Old English sheepdog,webp,77,229,Old English sheepdog,0.3959606885910034,True,15996,8442,1.8948116560056858,39.28028446880971,0.9439558991209233
imagewoof,data/imagewoof2-320/val/n02105641/n02105641_14112.JPEG,n02105641,229,Old English sheepdog,webp,77,229,Old English sheepdog,0.4192376434803009,True,30129,24664,1.221578008433344,35.89335336508104,0.9657344840566902
imagewoof,data/imagewoof2-320/val/n02105641/n02105641_14131.JPEG,n02105641,229,Old English sheepdog,webp,77,229,Old English sheepdog,0.31322377920150757,True,21470,16352,1.3129892367906066,36.5741717471804,0.9641444659978107
imagewoof,data/imagewoof2-320/val/n02105641/n02105641_14142.JPEG,n02105641,229,Old English sheepdog,webp,77,229,Old English sheepdog,0.31053435802459717,True,20492,13348,1.5352112676056338,37.03128452452642,0.940741462993341
imagewoof,data/imagewoof2-320/val/n02105641/n02105641_14161.JPEG,n02105641,229,Old English sheepdog,webp,77,229,Old English sheepdog,0.5300619602203369,True,15667,9522,1.645347616047049,39.19291447410807,0.9547642088256323
imagewoof,data/imagewoof2-320/val/n02105641/n02105641_14172.JPEG,n02105641,229,Old English sheepdog,webp,77,229,Old English sheepdog,0.4574526250362396,True,32827,22972,1.4290005223750653,36.352326905323,0.9642149167535199
imagewoof,data/imagewoof2-320/val/n02105641/n02105641_14211.JPEG,n02105641,229,Old English sheepdog,webp,77,229,Old English sheepdog,0.5614784359931946,True,21622,16558,1.305834037927286,36.96724660720645,0.9582896062871255
imagewoof,data/imagewoof2-320/val/n02105641/n02105641_14270.JPEG,n02105641,229,Old English sheepdog,webp,77,229,Old English sheepdog,0.6114371418952942,True,31678,29716,1.0660250370170952,35.59455996458291,0.9573442081167425
imagewoof,data/imagewoof2-320/val/n02105641/n02105641_1430.JPEG,n02105641,229,Old English sheepdog,webp,77,229,Old English sheepdog,0.5789202451705933,True,24985,21336,1.1710254968128984,35.85888312247355,0.9630876211118934
imagewoof,data/imagewoof2-320/val/n02105641/n02105641_14332.JPEG,n02105641,229,Old English sheepdog,webp,77,229,Old English sheepdog,0.42468079924583435,True,11579,5936,1.9506401617250675,40.11430242127748,0.9627439493667994
imagewoof,data/imagewoof2-320/val/n02105641/n02105641_14370.JPEG,n02105641,229,Old English sheepdog,webp,77,229,Old English sheepdog,0.3880283534526825,True,31880,24792,1.2858986769925782,36.2330368048663,0.9595696376466324
imagewoof,data/imagewoof2-320/val/n02105641/n02105641_14402.JPEG,n02105641,229,Old English sheepdog,webp,77,229,Old English sheepdog,0.5932229161262512,True,16613,9920,1.6746975806451614,38.30444497485521,0.9540991509393507
imagewoof,data/imagewoof2-320/val/n02105641/n02105641_1452.JPEG,n02105641,229,Old English sheepdog,webp,77,229,Old English sheepdog,0.6131795048713684,True,23796,17282,1.3769239671334337,36.79366656588901,0.9561732965303292
imagewoof,data/imagewoof2-320/val/n02105641/n02105641_14571.JPEG,n02105641,229,Old English sheepdog,webp,77,229,Old English sheepdog,0.40116554498672485,True,18412,12096,1.5221560846560847,37.12996471030547,0.9583151055154806
imagewoof,data/imagewoof2-320/val/n02105641/n02105641_14640.JPEG,n02105641,229,Old English sheepdog,webp,77,229,Old English sheepdog,0.4550963044166565,True,31077,28366,1.09557216385814,35.86990995124651,0.9655527988784817
imagewoof,data/imagewoof2-320/val/n02105641/n02105641_14660.JPEG,n02105641,229,Old English sheepdog,webp,77,229,Old English sheepdog,0.4435172379016876,True,22947,17064,1.344760900140647,36.63453455660173,0.9489435920312973
imagewoof,data/imagewoof2-320/val/n02105641/n02105641_14672.JPEG,n02105641,229,Old English sheepdog,webp,77,190,Sealyham terrier,0.18192853033542633,False,17565,12712,1.3817652611705475,37.25094825000126,0.9617220739341685
imagewoof,data/imagewoof2-320/val/n02105641/n02105641_1472.JPEG,n02105641,229,Old English sheepdog,webp,77,229,Old English sheepdog,0.5463281273841858,True,17155,11740,1.461243611584327,37.208055195902915,0.9611339208660209
imagewoof,data/imagewoof2-320/val/n02105641/n02105641_14742.JPEG,n02105641,229,Old English sheepdog,webp,77,228,komondor,0.17815044522285461,False,46988,46744,1.0052199212733186,33.1009637560972,0.9751083563878442
imagewoof,data/imagewoof2-320/val/n02105641/n02105641_14790.JPEG,n02105641,229,Old English sheepdog,webp,77,229,Old English sheepdog,0.3014383018016815,True,23349,17220,1.3559233449477353,36.79417507468449,0.9471770598996461
imagewoof,data/imagewoof2-320/val/n02105641/n02105641_14940.JPEG,n02105641,229,Old English sheepdog,webp,77,229,Old English sheepdog,0.4511585235595703,True,31972,27402,1.1667761477264433,35.73097203202389,0.959941834256461
imagewoof,data/imagewoof2-320/val/n02105641/n02105641_14942.JPEG,n02105641,229,Old English sheepdog,webp,77,229,Old English sheepdog,0.3936048448085785,True,31253,26466,1.1808735736416534,35.386743802699414,0.9636145880979439
imagewoof,data/imagewoof2-320/val/n02105641/n02105641_14970.JPEG,n02105641,229,Old English sheepdog,webp,77,229,Old English sheepdog,0.3579782545566559,True,31907,27430,1.1632154575282538,35.09117999451462,0.9495541665425766
imagewoof,data/imagewoof2-320/val/n02105641/n02105641_1500.JPEG,n02105641,229,Old English sheepdog,webp,77,229,Old English sheepdog,0.32944488525390625,True,34798,31468,1.1058217872124063,35.56670203761715,0.9609411582474084
imagewoof,data/imagewoof2-320/val/n02105641/n02105641_15011.JPEG,n02105641,229,Old English sheepdog,webp,77,229,Old English sheepdog,0.48846882581710815,True,20937,16756,1.2495225590833134,36.40010949216295,0.9585834873969178
imagewoof,data/imagewoof2-320/val/n02105641/n02105641_1592.JPEG,n02105641,229,Old English sheepdog,webp,77,229,Old English sheepdog,0.525024950504303,True,22909,15108,1.516348954196452,37.044081916340886,0.9498078401427995
imagewoof,data/imagewoof2-320/val/n02105641/n02105641_1622.JPEG,n02105641,229,Old English sheepdog,webp,77,229,Old English sheepdog,0.3929070830345154,True,28985,25666,1.1293150471440816,34.94932746978651,0.9664757727059285
imagewoof,data/imagewoof2-320/val/n02105641/n02105641_1661.JPEG,n02105641,229,Old English sheepdog,webp,77,229,Old English sheepdog,0.4992442727088928,True,21500,15146,1.4195167040802852,36.6755486663005,0.9571972053395793
imagewoof,data/imagewoof2-320/val/n02105641/n02105641_1710.JPEG,n02105641,229,Old English sheepdog,webp,77,229,Old English sheepdog,0.38201260566711426,True,15486,8620,1.7965197215777262,38.951631179115665,0.9568330096117871
imagewoof,data/imagewoof2-320/val/n02105641/n02105641_1740.JPEG,n02105641,229,Old English sheepdog,webp,77,229,Old English sheepdog,0.37585240602493286,True,28118,23416,1.200802869832593,36.45718744400102,0.95742885999736
imagewoof,data/imagewoof2-320/val/n02105641/n02105641_1850.JPEG,n02105641,229,Old English sheepdog,webp,77,229,Old English sheepdog,0.5440122485160828,True,26175,20040,1.3061377245508983,37.059860075902584,0.953845058448476
imagewoof,data/imagewoof2-320/val/n02105641/n02105641_1881.JPEG,n02105641,229,Old English sheepdog,webp,77,229,Old English sheepdog,0.3547808825969696,True,24115,16630,1.4500901984365604,37.639558388470014,0.9596209527389578
imagewoof,data/imagewoof2-320/val/n02105641/n02105641_1882.JPEG,n02105641,229,Old English sheepdog,webp,77,229,Old English sheepdog,0.2900494635105133,True,19636,14390,1.3645587213342598,37.07609197755105,0.9574283820166473
imagewoof,data/imagewoof2-320/val/n02105641/n02105641_1901.JPEG,n02105641,229,Old English sheepdog,webp,77,229,Old English sheepdog,0.6407816410064697,True,19999,14258,1.4026511432178426,38.0010809380022,0.9537670902652758
imagewoof,data/imagewoof2-320/val/n02105641/n02105641_1911.JPEG,n02105641,229,Old English sheepdog,webp,77,229,Old English sheepdog,0.3858279287815094,True,29161,21954,1.3282773070966567,37.174729895472765,0.955197627406907
imagewoof,data/imagewoof2-320/val/n02105641/n02105641_1921.JPEG,n02105641,229,Old English sheepdog,webp,77,229,Old English sheepdog,0.4319891333580017,True,44174,45138,0.9786432717444282,34.19904633924268,0.9748369313292778
imagewoof,data/imagewoof2-320/val/n02105641/n02105641_1952.JPEG,n02105641,229,Old English sheepdog,webp,77,229,Old English sheepdog,0.48193806409835815,True,34375,31010,1.1085133827797484,35.15241641758656,0.9683344737838736
imagewoof,data/imagewoof2-320/val/n02105641/n02105641_1971.JPEG,n02105641,229,Old English sheepdog,webp,77,229,Old English sheepdog,0.5779451727867126,True,24304,19954,1.2180014032274231,36.30564916269441,0.9594684426550194
imagewoof,data/imagewoof2-320/val/n02105641/n02105641_1980.JPEG,n02105641,229,Old English sheepdog,webp,77,229,Old English sheepdog,0.36510348320007324,True,17764,12028,1.4768872630528767,37.486964299035314,0.9680128877018102
imagewoof,data/imagewoof2-320/val/n02105641/n02105641_2002.JPEG,n02105641,229,Old English sheepdog,webp,77,229,Old English sheepdog,0.4261973798274994,True,15075,8414,1.7916567625386262,39.54799100666066,0.9587005646760054
imagewoof,data/imagewoof2-320/val/n02105641/n02105641_2022.JPEG,n02105641,229,Old English sheepdog,webp,77,229,Old English sheepdog,0.6382931470870972,True,16381,10792,1.5178836174944403,37.55627333245862,0.9533707259280609
imagewoof,data/imagewoof2-320/val/n02105641/n02105641_2052.JPEG,n02105641,229,Old English sheepdog,webp,77,229,Old English sheepdog,0.5643856525421143,True,25128,19274,1.303725225692643,36.59665476073122,0.960452479857016
imagewoof,data/imagewoof2-320/val/n02105641/n02105641_2081.JPEG,n02105641,229,Old English sheepdog,webp,77,229,Old English sheepdog,0.730566680431366,True,20966,12958,1.6179966044142615,37.8785461373701,0.9629155196579603
imagewoof,data/imagewoof2-320/val/n02105641/n02105641_2092.JPEG,n02105641,229,Old English sheepdog,webp,77,229,Old English sheepdog,0.24437125027179718,True,18188,12392,1.4677211103938024,37.819742867574114,0.9667880888615259
imagewoof,data/imagewoof2-320/val/n02105641/n02105641_2120.JPEG,n02105641,229,Old English sheepdog,webp,77,229,Old English sheepdog,0.5102722644805908,True,22508,17588,1.2797361837616557,36.312579814539646,0.9605131314557793
imagewoof,data/imagewoof2-320/val/n02105641/n02105641_2161.JPEG,n02105641,229,Old English sheepdog,webp,77,229,Old English sheepdog,0.5893847942352295,True,20374,12964,1.5715828448009874,38.19321415244772,0.9623408572184312
imagewoof,data/imagewoof2-320/val/n02105641/n02105641_2190.JPEG,n02105641,229,Old English sheepdog,webp,77,229,Old English sheepdog,0.39861181378364563,True,15306,8234,1.8588778236580035,39.9448191580083,0.9719965015071029
imagewoof,data/imagewoof2-320/val/n02105641/n02105641_2202.JPEG,n02105641,229,Old English sheepdog,webp,77,229,Old English sheepdog,0.2564752995967865,True,25288,15612,1.619779656674353,38.039088023671994,0.955288892567676
imagewoof,data/imagewoof2-320/val/n02105641/n02105641_2240.JPEG,n02105641,229,Old English sheepdog,webp,77,229,Old English sheepdog,0.5472822189331055,True,33853,28170,1.2017394391196308,35.45002810753492,0.9608806606518038
imagewoof,data/imagewoof2-320/val/n02105641/n02105641_2260.JPEG,n02105641,229,Old English sheepdog,webp,77,229,Old English sheepdog,0.48704957962036133,True,29751,25692,1.157986921999066,36.725132489887066,0.9737643508522195
imagewoof,data/imagewoof2-320/val/n02105641/n02105641_2281.JPEG,n02105641,229,Old English sheepdog,webp,77,229,Old English sheepdog,0.4513038098812103,True,28351,23990,1.1817840766986245,35.717988636747464,0.9622206581208856
imagewoof,data/imagewoof2-320/val/n02105641/n02105641_2301.JPEG,n02105641,229,Old English sheepdog,webp,77,229,Old English sheepdog,0.4174255132675171,True,30581,26386,1.158985825816721,35.364266617269024,0.9608041748403585
imagewoof,data/imagewoof2-320/val/n02105641/n02105641_2320.JPEG,n02105641,229,Old English sheepdog,webp,77,229,Old English sheepdog,0.449035108089447,True,21355,14626,1.4600711062491454,37.16453853206097,0.9587824519115765
imagewoof,data/imagewoof2-320/val/n02105641/n02105641_2322.JPEG,n02105641,229,Old English sheepdog,webp,77,229,Old English sheepdog,0.5078151226043701,True,14196,8482,1.6736618721999528,38.900374747204694,0.9487296460263152
imagewoof,data/imagewoof2-320/val/n02105641/n02105641_2412.JPEG,n02105641,229,Old English sheepdog,webp,77,229,Old English sheepdog,0.46073415875434875,True,14417,8262,1.7449770031469378,38.72290704965046,0.9433169233477511
imagewoof,data/imagewoof2-320/val/n02105641/n02105641_2421.JPEG,n02105641,229,Old English sheepdog,webp,77,229,Old English sheepdog,0.3411906361579895,True,24538,18758,1.3081351956498561,36.44192163863428,0.9515280010160092
imagewoof,data/imagewoof2-320/val/n02105641/n02105641_2491.JPEG,n02105641,229,Old English sheepdog,webp,77,229,Old English sheepdog,0.34072738885879517,True,25184,20070,1.2548081714000996,36.47260883245544,0.9547375464429851
imagewoof,data/imagewoof2-320/val/n02105641/n02105641_2580.JPEG,n02105641,229,Old English sheepdog,webp,77,229,Old English sheepdog,0.20220643281936646,True,10441,5504,1.896984011627907,41.49061105819027,0.9769946126263994
imagewoof,data/imagewoof2-320/val/n02105641/n02105641_2650.JPEG,n02105641,229,Old English sheepdog,webp,77,229,Old English sheepdog,0.440519243478775,True,21669,14434,1.5012470555632533,37.17485670691524,0.9480783086200218
imagewoof,data/imagewoof2-320/val/n02105641/n02105641_2672.JPEG,n02105641,229,Old English sheepdog,webp,77,229,Old English sheepdog,0.3914719521999359,True,31718,25952,1.2221794081381012,35.86534095595422,0.9644226756569707
imagewoof,data/imagewoof2-320/val/n02105641/n02105641_2681.JPEG,n02105641,229,Old English sheepdog,webp,77,229,Old English sheepdog,0.15813066065311432,True,14720,8468,1.738308927727917,40.552112199666425,0.9686203048899791
imagewoof,data/imagewoof2-320/val/n02105641/n02105641_2710.JPEG,n02105641,229,Old English sheepdog,webp,77,229,Old English sheepdog,0.5763425230979919,True,16283,9296,1.7516135972461273,38.88446107157777,0.9583526038644826
imagewoof,data/imagewoof2-320/val/n02105641/n02105641_2722.JPEG,n02105641,229,Old English sheepdog,webp,77,229,Old English sheepdog,0.42334145307540894,True,28683,27490,1.0433975991269553,35.09582814728682,0.9757223499919473
imagewoof,data/imagewoof2-320/val/n02105641/n02105641_2730.JPEG,n02105641,229,Old English sheepdog,webp,77,229,Old English sheepdog,0.4326917231082916,True,23294,19044,1.2231674018063432,35.49356804171984,0.9603364002110757
imagewoof,data/imagewoof2-320/val/n02105641/n02105641_2732.JPEG,n02105641,229,Old English sheepdog,webp,77,229,Old English sheepdog,0.24973896145820618,True,19707,15594,1.2637552904963447,37.027648396240444,0.9549831223567876
imagewoof,data/imagewoof2-320/val/n02105641/n02105641_2742.JPEG,n02105641,229,Old English sheepdog,webp,77,229,Old English sheepdog,0.48964351415634155,True,41466,40704,1.0187205188679245,33.859961844328375,0.9733419675640859
imagewoof,data/imagewoof2-320/val/n02105641/n02105641_2750.JPEG,n02105641,229,Old English sheepdog,webp,77,229,Old English sheepdog,0.13364054262638092,True,18900,11968,1.579211229946524,37.88979373176396,0.9493672942040557
imagewoof,data/imagewoof2-320/val/n02105641/n02105641_2792.JPEG,n02105641,229,Old English sheepdog,webp,77,229,Old English sheepdog,0.6008526682853699,True,35539,31192,1.139362657091562,36.46255702839506,0.9791290478565857
imagewoof,data/imagewoof2-320/val/n02105641/n02105641_2800.JPEG,n02105641,229,Old English sheepdog,webp,77,229,Old English sheepdog,0.7243725657463074,True,28671,21726,1.319663076498205,36.30443809714693,0.9426042870814343
imagewoof,data/imagewoof2-320/val/n02105641/n02105641_2822.JPEG,n02105641,229,Old English sheepdog,webp,77,229,Old English sheepdog,0.455843985080719,True,18751,11508,1.6293882516510254,37.72511660099249,0.9564956094946103
imagewoof,data/imagewoof2-320/val/n02105641/n02105641_2891.JPEG,n02105641,229,Old English sheepdog,webp,77,229,Old English sheepdog,0.42196178436279297,True,29313,25098,1.1679416686588573,35.990580331108816,0.9615281322494352
imagewoof,data/imagewoof2-320/val/n02105641/n02105641_2922.JPEG,n02105641,229,Old English sheepdog,webp,77,229,Old English sheepdog,0.5911839008331299,True,21526,16526,1.3025535519787002,36.42506315004538,0.9562077849065568
imagewoof,data/imagewoof2-320/val/n02105641/n02105641_2940.JPEG,n02105641,229,Old English sheepdog,webp,77,229,Old English sheepdog,0.5605663657188416,True,17708,11178,1.5841832170334587,38.42600295327645,0.9578888584079203
imagewoof,data/imagewoof2-320/val/n02105641/n02105641_2950.JPEG,n02105641,229,Old English sheepdog,webp,77,229,Old English sheepdog,0.45683804154396057,True,19145,13490,1.4191994069681246,37.916011960285275,0.9614169390137198
imagewoof,data/imagewoof2-320/val/n02105641/n02105641_2970.JPEG,n02105641,229,Old English sheepdog,webp,77,229,Old English sheepdog,0.2877436876296997,True,15241,8700,1.75183908045977,38.01803485734712,0.9473522969427964
imagewoof,data/imagewoof2-320/val/n02105641/n02105641_3061.JPEG,n02105641,229,Old English sheepdog,webp,77,229,Old English sheepdog,0.4101879298686981,True,22627,14900,1.5185906040268455,37.59813541156968,0.942174451892797
imagewoof,data/imagewoof2-320/val/n02105641/n02105641_3091.JPEG,n02105641,229,Old English sheepdog,webp,77,229,Old English sheepdog,0.24712660908699036,True,15758,8664,1.8187903970452446,38.963163578386286,0.9527795521048613
imagewoof,data/imagewoof2-320/val/n02105641/n02105641_3112.JPEG,n02105641,229,Old English sheepdog,webp,77,229,Old English sheepdog,0.46141451597213745,True,28906,20064,1.440689792663477,36.00314607523599,0.9627996333327573
imagewoof,data/imagewoof2-320/val/n02105641/n02105641_3162.JPEG,n02105641,229,Old English sheepdog,webp,77,175,otterhound,0.2301686555147171,False,14168,9400,1.5072340425531916,38.71495528098583,0.965038339912344
imagewoof,data/imagewoof2-320/val/n02105641/n02105641_3181.JPEG,n02105641,229,Old English sheepdog,webp,77,229,Old English sheepdog,0.3733256459236145,True,19344,12480,1.55,37.43897952322012,0.9586670537860423
imagewoof,data/imagewoof2-320/val/n02105641/n02105641_3192.JPEG,n02105641,229,Old English sheepdog,webp,77,229,Old English sheepdog,0.5048813819885254,True,24867,17534,1.4182160374130262,36.11648173623757,0.9590328512419067
imagewoof,data/imagewoof2-320/val/n02105641/n02105641_322.JPEG,n02105641,229,Old English sheepdog,webp,77,229,Old English sheepdog,0.4854455590248108,True,19068,11662,1.6350540216086435,38.058913175795446,0.9553758643779643
imagewoof,data/imagewoof2-320/val/n02105641/n02105641_3331.JPEG,n02105641,229,Old English sheepdog,webp,77,232,Border collie,0.1989843100309372,False,19941,11864,1.6807990559676331,37.73400108749438,0.9617562736421456
imagewoof,data/imagewoof2-320/val/n02105641/n02105641_3402.JPEG,n02105641,229,Old English sheepdog,webp,77,229,Old English sheepdog,0.4674215018749237,True,30082,18400,1.6348913043478261,38.813714662276176,0.9643406815012808
imagewoof,data/imagewoof2-320/val/n02105641/n02105641_3521.JPEG,n02105641,229,Old English sheepdog,webp,77,229,Old English sheepdog,0.548629641532898,True,21338,14840,1.4378706199460916,37.41280797393243,0.9580838828554684
imagewoof,data/imagewoof2-320/val/n02105641/n02105641_3522.JPEG,n02105641,229,Old English sheepdog,webp,77,229,Old English sheepdog,0.27917715907096863,True,25212,18746,1.3449269177424517,36.7553535744009,0.9592211954792221
imagewoof,data/imagewoof2-320/val/n02105641/n02105641_3531.JPEG,n02105641,229,Old English sheepdog,webp,77,229,Old English sheepdog,0.773887038230896,True,31036,27914,1.1118435193809557,35.357233168208936,0.9634029328282697
imagewoof,data/imagewoof2-320/val/n02105641/n02105641_3540.JPEG,n02105641,229,Old English sheepdog,webp,77,229,Old English sheepdog,0.5654684901237488,True,27788,22422,1.2393185264472393,36.30138278077484,0.9550732163695198
imagewoof,data/imagewoof2-320/val/n02105641/n02105641_3542.JPEG,n02105641,229,Old English sheepdog,webp,77,229,Old English sheepdog,0.5137565732002258,True,20403,13794,1.4791213571117878,37.84299930828696,0.9547751003640458
imagewoof,data/imagewoof2-320/val/n02105641/n02105641_3561.JPEG,n02105641,229,Old English sheepdog,webp,77,229,Old English sheepdog,0.5530151128768921,True,26305,21008,1.2521420411271897,36.16475322566388,0.9513480045564444
imagewoof,data/imagewoof2-320/val/n02105641/n02105641_3570.JPEG,n02105641,229,Old English sheepdog,webp,77,229,Old English sheepdog,0.5192400813102722,True,34538,31340,1.1020421186981493,35.151278854815295,0.962783188027525
imagewoof,data/imagewoof2-320/val/n02105641/n02105641_3571.JPEG,n02105641,229,Old English sheepdog,webp,77,229,Old English sheepdog,0.24477003514766693,True,18036,12232,1.474493132766514,38.165494615746965,0.9550769987322679
imagewoof,data/imagewoof2-320/val/n02105641/n02105641_3592.JPEG,n02105641,229,Old English sheepdog,webp,77,229,Old English sheepdog,0.1551327109336853,True,19844,13510,1.468837897853442,38.1533370445083,0.9627132995427546
imagewoof,data/imagewoof2-320/val/n02105641/n02105641_3602.JPEG,n02105641,229,Old English sheepdog,webp,77,229,Old English sheepdog,0.49875569343566895,True,18827,14130,1.33241330502477,37.10348380291173,0.9657533245262501
imagewoof,data/imagewoof2-320/val/n02105641/n02105641_3741.JPEG,n02105641,229,Old English sheepdog,webp,77,229,Old English sheepdog,0.3927713632583618,True,21018,14818,1.4184100418410042,37.32418806363066,0.9495344984170777
imagewoof,data/imagewoof2-320/val/n02105641/n02105641_3761.JPEG,n02105641,229,Old English sheepdog,webp,77,229,Old English sheepdog,0.37063226103782654,True,21315,15288,1.3942307692307692,37.1474288881391,0.9509070791462783
imagewoof,data/imagewoof2-320/val/n02105641/n02105641_3790.JPEG,n02105641,229,Old English sheepdog,webp,77,229,Old English sheepdog,0.7703362107276917,True,23245,19142,1.2143454184515725,35.95675677831239,0.9676136142989259
imagewoof,data/imagewoof2-320/val/n02105641/n02105641_3800.JPEG,n02105641,229,Old English sheepdog,webp,77,229,Old English sheepdog,0.5347760319709778,True,48229,45256,1.0656929467915857,34.26546793963284,0.9796759748532237
imagewoof,data/imagewoof2-320/val/n02105641/n02105641_381.JPEG,n02105641,229,Old English sheepdog,webp,77,229,Old English sheepdog,0.27581357955932617,True,16923,10342,1.6363372655192419,38.9039420277595,0.9600417295517762
imagewoof,data/imagewoof2-320/val/n02105641/n02105641_3810.JPEG,n02105641,229,Old English sheepdog,webp,77,229,Old English sheepdog,0.5179000496864319,True,18936,12420,1.5246376811594202,38.08007966505225,0.9514854312493677
imagewoof,data/imagewoof2-320/val/n02105641/n02105641_3882.JPEG,n02105641,229,Old English sheepdog,webp,77,229,Old English sheepdog,0.74136883020401,True,28669,23274,1.2318037294835438,36.21923420806825,0.9674970542093003
imagewoof,data/imagewoof2-320/val/n02105641/n02105641_3910.JPEG,n02105641,229,Old English sheepdog,webp,77,332,Angora,0.12394269555807114,False,15592,8526,1.8287590898428336,39.360586347538444,0.9565644777607364
imagewoof,data/imagewoof2-320/val/n02105641/n02105641_3940.JPEG,n02105641,229,Old English sheepdog,webp,77,229,Old English sheepdog,0.216873899102211,True,24023,15272,1.5730094290204295,38.30992259555125,0.9677969895387829
imagewoof,data/imagewoof2-320/val/n02105641/n02105641_3950.JPEG,n02105641,229,Old English sheepdog,webp,77,229,Old English sheepdog,0.21951256692409515,True,24855,20966,1.1854907946198607,36.030952012219245,0.9529495138673164
imagewoof,data/imagewoof2-320/val/n02105641/n02105641_3952.JPEG,n02105641,229,Old English sheepdog,webp,77,229,Old English sheepdog,0.439505010843277,True,30722,28040,1.0956490727532098,35.31296413736615,0.9735464801673884
imagewoof,data/imagewoof2-320/val/n02105641/n02105641_3962.JPEG,n02105641,229,Old English sheepdog,webp,77,229,Old English sheepdog,0.35934707522392273,True,25581,20872,1.2256132617861248,35.581801621660645,0.9658984224989151
imagewoof,data/imagewoof2-320/val/n02105641/n02105641_4062.JPEG,n02105641,229,Old English sheepdog,webp,77,229,Old English sheepdog,0.28260040283203125,True,27758,20548,1.350885730971384,36.81856325757151,0.9563798045495978
imagewoof,data/imagewoof2-320/val/n02105641/n02105641_4141.JPEG,n02105641,229,Old English sheepdog,webp,77,229,Old English sheepdog,0.497831255197525,True,23823,15834,1.50454717696097,36.70694245867681,0.9435784220208445
imagewoof,data/imagewoof2-320/val/n02105641/n02105641_4142.JPEG,n02105641,229,Old English sheepdog,webp,77,229,Old English sheepdog,0.47572728991508484,True,26118,21854,1.1951130227875904,36.57400313833151,0.9701858084987823
imagewoof,data/imagewoof2-320/val/n02105641/n02105641_4150.JPEG,n02105641,229,Old English sheepdog,webp,77,229,Old English sheepdog,0.5817903280258179,True,36360,32956,1.1032892341303557,35.26759206961578,0.963366933197387
imagewoof,data/imagewoof2-320/val/n02105641/n02105641_4151.JPEG,n02105641,229,Old English sheepdog,webp,77,229,Old English sheepdog,0.5702356100082397,True,22874,15368,1.4884174908901613,37.73239481159516,0.9531134427699989
imagewoof,data/imagewoof2-320/val/n02105641/n02105641_4212.JPEG,n02105641,229,Old English sheepdog,webp,77,229,Old English sheepdog,0.5214853882789612,True,19209,12042,1.5951669157947186,37.80592915325711,0.9361079325953852
imagewoof,data/imagewoof2-320/val/n02105641/n02105641_422.JPEG,n02105641,229,Old English sheepdog,webp,77,229,Old English sheepdog,0.25072601437568665,True,28444,22222,1.2799927999279992,35.5003357619706,0.9535398377901873
imagewoof,data/imagewoof2-320/val/n02105641/n02105641_4251.JPEG,n02105641,229,Old English sheepdog,webp,77,229,Old English sheepdog,0.5211189389228821,True,16830,9802,1.7169965313201387,38.19565570951995,0.951907197035009
imagewoof,data/imagewoof2-320/val/n02105641/n02105641_4261.JPEG,n02105641,229,Old English sheepdog,webp,77,229,Old English sheepdog,0.08258935809135437,True,29446,23518,1.2520622501913428,35.99879058540844,0.9626181980557001
imagewoof,data/imagewoof2-320/val/n02105641/n02105641_4271.JPEG,n02105641,229,Old English sheepdog,webp,77,229,Old English sheepdog,0.46644553542137146,True,24132,18412,1.3106669563328264,36.37721968745198,0.9404656166857223
imagewoof,data/imagewoof2-320/val/n02105641/n02105641_4311.JPEG,n02105641,229,Old English sheepdog,webp,77,229,Old English sheepdog,0.5699059963226318,True,17844,10768,1.6571322436849927,38.13488021799766,0.9615721842375337
imagewoof,data/imagewoof2-320/val/n02105641/n02105641_4321.JPEG,n02105641,229,Old English sheepdog,webp,77,175,otterhound,0.16333098709583282,False,26202,20428,1.2826512629723907,35.64208129145271,0.9480111533206186
imagewoof,data/imagewoof2-320/val/n02105641/n02105641_4371.JPEG,n02105641,229,Old English sheepdog,webp,77,229,Old English sheepdog,0.4362795054912567,True,22561,15516,1.4540474349059036,37.81837186277651,0.9659459083245697
imagewoof,data/imagewoof2-320/val/n02105641/n02105641_4390.JPEG,n02105641,229,Old English sheepdog,webp,77,229,Old English sheepdog,0.5650398135185242,True,14033,8620,1.6279582366589327,39.127564089269946,0.9660943475328071
imagewoof,data/imagewoof2-320/val/n02105641/n02105641_440.JPEG,n02105641,229,Old English sheepdog,webp,77,229,Old English sheepdog,0.47365477681159973,True,15709,9298,1.6895031189503118,38.59798560757985,0.965664010531385
imagewoof,data/imagewoof2-320/val/n02105641/n02105641_4410.JPEG,n02105641,229,Old English sheepdog,webp,77,229,Old English sheepdog,0.5657601356506348,True,25548,19758,1.2930458548436077,36.60503890269916,0.9517871275338631
imagewoof,data/imagewoof2-320/val/n02105641/n02105641_4420.JPEG,n02105641,229,Old English sheepdog,webp,77,229,Old English sheepdog,0.28898507356643677,True,36095,30046,1.2013246355588099,35.36095770505967,0.965802026122298
imagewoof,data/imagewoof2-320/val/n02105641/n02105641_4422.JPEG,n02105641,229,Old English sheepdog,webp,77,229,Old English sheepdog,0.2920210361480713,True,25826,18616,1.3873012462397938,36.790276013659906,0.9658710966112234
imagewoof,data/imagewoof2-320/val/n02105641/n02105641_4451.JPEG,n02105641,229,Old English sheepdog,webp,77,229,Old English sheepdog,0.574704647064209,True,13079,7044,1.8567575241340148,40.66107859035342,0.9720683621589403
imagewoof,data/imagewoof2-320/val/n02105641/n02105641_4510.JPEG,n02105641,229,Old English sheepdog,webp,77,229,Old English sheepdog,0.4045718014240265,True,19770,12098,1.6341544056868904,38.26484624123511,0.9464746973572641
imagewoof,data/imagewoof2-320/val/n02105641/n02105641_4521.JPEG,n02105641,229,Old English sheepdog,webp,77,229,Old English sheepdog,0.4057670831680298,True,18595,12140,1.5317133443163098,38.74362955470544,0.9651767416948345
imagewoof,data/imagewoof2-320/val/n02105641/n02105641_4600.JPEG,n02105641,229,Old English sheepdog,webp,77,229,Old English sheepdog,0.23302297294139862,True,23448,17456,1.343263061411549,36.47183517555224,0.9395387746343205
imagewoof,data/imagewoof2-320/val/n02105641/n02105641_4631.JPEG,n02105641,229,Old English sheepdog,webp,77,229,Old English sheepdog,0.47633716464042664,True,20021,14748,1.3575400054244644,36.81607317831754,0.9642732128891502
imagewoof,data/imagewoof2-320/val/n02105641/n02105641_4660.JPEG,n02105641,229,Old English sheepdog,webp,77,229,Old English sheepdog,0.562663197517395,True,23879,18464,1.293273396880416,37.06608242256556,0.9491514203420186
imagewoof,data/imagewoof2-320/val/n02105641/n02105641_4681.JPEG,n02105641,229,Old English sheepdog,webp,77,229,Old English sheepdog,0.5826214551925659,True,40039,38930,1.0284870279989726,34.49651433279875,0.9686448104483761
imagewoof,data/imagewoof2-320/val/n02105641/n02105641_4692.JPEG,n02105641,229,Old English sheepdog,webp,77,229,Old English sheepdog,0.183788001537323,True,25172,18780,1.3403620873269435,36.87978539585556,0.9570945567396459
imagewoof,data/imagewoof2-320/val/n02105641/n02105641_4700.JPEG,n02105641,229,Old English sheepdog,webp,77,229,Old English sheepdog,0.4850993752479553,True,27480,22610,1.2153914197257851,36.70546301015116,0.9646592503946203
imagewoof,data/imagewoof2-320/val/n02105641/n02105641_4701.JPEG,n02105641,229,Old English sheepdog,webp,77,229,Old English sheepdog,0.5494959354400635,True,24254,19400,1.2502061855670104,36.64452240826134,0.9591703945411982
imagewoof,data/imagewoof2-320/val/n02105641/n02105641_4710.JPEG,n02105641,229,Old English sheepdog,webp,77,229,Old English sheepdog,0.6461131572723389,True,19808,9212,2.150238818931828,39.729490312625686,0.9631166386603093
imagewoof,data/imagewoof2-320/val/n02105641/n02105641_4720.JPEG,n02105641,229,Old English sheepdog,webp,77,229,Old English sheepdog,0.17241305112838745,True,15048,9132,1.647831800262812,38.03726465233272,0.9484994480474507
imagewoof,data/imagewoof2-320/val/n02105641/n02105641_4741.JPEG,n02105641,229,Old English sheepdog,webp,77,229,Old English sheepdog,0.633543074131012,True,17938,11862,1.5122239082785365,37.83764446997496,0.9549772461727954
imagewoof,data/imagewoof2-320/val/n02105641/n02105641_4751.JPEG,n02105641,229,Old English sheepdog,webp,77,229,Old English sheepdog,0.38950425386428833,True,25923,19392,1.3367883663366336,36.757051348817185,0.9606377411359608
imagewoof,data/imagewoof2-320/val/n02105641/n02105641_4811.JPEG,n02105641,229,Old English sheepdog,webp,77,229,Old English sheepdog,0.41299962997436523,True,14704,7318,2.009292156326865,39.62009253851539,0.9630857622009672
imagewoof,data/imagewoof2-320/val/n02105641/n02105641_4860.JPEG,n02105641,229,Old English sheepdog,webp,77,229,Old English sheepdog,0.6111865639686584,True,37979,33700,1.126973293768546,35.32742087481147,0.9647758058071115
imagewoof,data/imagewoof2-320/val/n02105641/n02105641_492.JPEG,n02105641,229,Old English sheepdog,webp,77,229,Old English sheepdog,0.551032304763794,True,17298,10628,1.627587504704554,38.7165403826246,0.9624622979059456
imagewoof,data/imagewoof2-320/val/n02105641/n02105641_4950.JPEG,n02105641,229,Old English sheepdog,webp,77,229,Old English sheepdog,0.49598070979118347,True,27573,20968,1.3150038153376573,36.22687774799724,0.9497195560657143
imagewoof,data/imagewoof2-320/val/n02105641/n02105641_4970.JPEG,n02105641,229,Old English sheepdog,webp,77,229,Old English sheepdog,0.4918037950992584,True,33739,29106,1.1591768020339448,35.778076166197586,0.962528634170844
imagewoof,data/imagewoof2-320/val/n02105641/n02105641_4992.JPEG,n02105641,229,Old English sheepdog,webp,77,229,Old English sheepdog,0.3687360882759094,True,14450,8308,1.7392874337987483,38.05600755058735,0.9576684180527634
imagewoof,data/imagewoof2-320/val/n02105641/n02105641_50.JPEG,n02105641,229,Old English sheepdog,webp,77,229,Old English sheepdog,0.5221469402313232,True,38497,36344,1.0592394893242352,34.69067767567785,0.9702415669411762
imagewoof,data/imagewoof2-320/val/n02105641/n02105641_5062.JPEG,n02105641,229,Old English sheepdog,webp,77,229,Old English sheepdog,0.45506611466407776,True,22380,15562,1.438118493766868,37.01362992856474,0.9551556740954387
imagewoof,data/imagewoof2-320/val/n02105641/n02105641_5070.JPEG,n02105641,229,Old English sheepdog,webp,77,229,Old English sheepdog,0.44828319549560547,True,19109,12084,1.5813472360145646,37.70602177338579,0.9456862186944077
imagewoof,data/imagewoof2-320/val/n02105641/n02105641_5071.JPEG,n02105641,229,Old English sheepdog,webp,77,229,Old English sheepdog,0.42776134610176086,True,16612,9968,1.6665329052969502,38.4911238592347,0.9541752778544753
imagewoof,data/imagewoof2-320/val/n02105641/n02105641_5160.JPEG,n02105641,229,Old English sheepdog,webp,77,229,Old English sheepdog,0.5474411845207214,True,20272,13334,1.52032398380081,38.71978031806621,0.9671858659257966
imagewoof,data/imagewoof2-320/val/n02105641/n02105641_5231.JPEG,n02105641,229,Old English sheepdog,webp,77,170,Irish wolfhound,0.15791812539100647,False,28463,22242,1.2796960704972575,36.21535914667492,0.9411124163039405
imagewoof,data/imagewoof2-320/val/n02105641/n02105641_5271.JPEG,n02105641,229,Old English sheepdog,webp,77,229,Old English sheepdog,0.3046555519104004,True,25043,19250,1.3009350649350648,36.73061368393848,0.966054323414472
imagewoof,data/imagewoof2-320/val/n02105641/n02105641_5292.JPEG,n02105641,229,Old English sheepdog,webp,77,229,Old English sheepdog,0.6112903356552124,True,20163,13938,1.446620749031425,37.58475397423018,0.9523702065682945
imagewoof,data/imagewoof2-320/val/n02105641/n02105641_5312.JPEG,n02105641,229,Old English sheepdog,webp,77,229,Old English sheepdog,0.4353348910808563,True,20678,13332,1.551005100510051,37.13244068359939,0.9521659457365753
imagewoof,data/imagewoof2-320/val/n02105641/n02105641_5341.JPEG,n02105641,229,Old English sheepdog,webp,77,229,Old English sheepdog,0.33761119842529297,True,16234,10084,1.609877032923443,38.78090850918906,0.9630003426841025
imagewoof,data/imagewoof2-320/val/n02105641/n02105641_540.JPEG,n02105641,229,Old English sheepdog,webp,77,229,Old English sheepdog,0.25839245319366455,True,21078,10892,1.9351817847961807,40.08097774847569,0.9595416223985117
imagewoof,data/imagewoof2-320/val/n02105641/n02105641_5462.JPEG,n02105641,229,Old English sheepdog,webp,77,229,Old English sheepdog,0.5664845705032349,True,23026,18126,1.2703299128323955,36.29925301565293,0.9608968624179389
imagewoof,data/imagewoof2-320/val/n02105641/n02105641_5492.JPEG,n02105641,229,Old English sheepdog,webp,77,229,Old English sheepdog,0.5891286134719849,True,21707,14760,1.4706639566395665,36.93773039528394,0.9389941676574751
imagewoof,data/imagewoof2-320/val/n02105641/n02105641_5530.JPEG,n02105641,229,Old English sheepdog,webp,77,229,Old English sheepdog,0.488865464925766,True,18253,10958,1.6657236722029567,38.17868757724243,0.9432214702149397
imagewoof,data/imagewoof2-320/val/n02105641/n02105641_5562.JPEG,n02105641,229,Old English sheepdog,webp,77,229,Old English sheepdog,0.7200058698654175,True,37784,38316,0.986115460904061,34.709900649977136,0.9727928818859665
imagewoof,data/imagewoof2-320/val/n02105641/n02105641_5572.JPEG,n02105641,229,Old English sheepdog,webp,77,229,Old English sheepdog,0.40592777729034424,True,19364,11270,1.718189884649512,38.74064962599593,0.9648066976969596
imagewoof,data/imagewoof2-320/val/n02105641/n02105641_5600.JPEG,n02105641,229,Old English sheepdog,webp,77,229,Old English sheepdog,0.2523539364337921,True,15531,9610,1.6161290322580646,38.62563410274129,0.9587074909300807
imagewoof,data/imagewoof2-320/val/n02105641/n02105641_5750.JPEG,n02105641,229,Old English sheepdog,webp,77,229,Old English sheepdog,0.45064568519592285,True,15245,8218,1.8550742273059138,38.1932062213522,0.9507889447112089
imagewoof,data/imagewoof2-320/val/n02105641/n02105641_5781.JPEG,n02105641,229,Old English sheepdog,webp,77,229,Old English sheepdog,0.40650302171707153,True,14634,8168,1.7916258570029382,39.43497192302347,0.952037001958742
imagewoof,data/imagewoof2-320/val/n02105641/n02105641_5790.JPEG,n02105641,229,Old English sheepdog,webp,77,229,Old English sheepdog,0.4108740985393524,True,30163,28846,1.0456562434999654,34.46127521357666,0.972431335767452
imagewoof,data/imagewoof2-320/val/n02105641/n02105641_582.JPEG,n02105641,229,Old English sheepdog,webp,77,229,Old English sheepdog,0.28863289952278137,True,20431,14340,1.4247559274755928,37.13513172292502,0.9309235014547944
imagewoof,data/imagewoof2-320/val/n02105641/n02105641_5840.JPEG,n02105641,229,Old English sheepdog,webp,77,229,Old English sheepdog,0.6043375134468079,True,24316,19582,1.2417526299662955,36.22837517613441,0.9672252981571784
imagewoof,data/imagewoof2-320/val/n02105641/n02105641_5881.JPEG,n02105641,229,Old English sheepdog,webp,77,229,Old English sheepdog,0.10837335139513016,True,37836,31196,1.2128478010001282,35.93664334355203,0.9686594779254653
imagewoof,data/imagewoof2-320/val/n02105641/n02105641_5980.JPEG,n02105641,229,Old English sheepdog,webp,77,229,Old English sheepdog,0.5263860821723938,True,14304,7514,1.9036465264838967,40.19118787788987,0.954340580265459
imagewoof,data/imagewoof2-320/val/n02105641/n02105641_5982.JPEG,n02105641,229,Old English sheepdog,webp,77,229,Old English sheepdog,0.4213768541812897,True,38167,34376,1.110280428205725,35.60101877155746,0.9695168640393782
imagewoof,data/imagewoof2-320/val/n02105641/n02105641_6002.JPEG,n02105641,229,Old English sheepdog,webp,77,229,Old English sheepdog,0.47319942712783813,True,23504,15476,1.518738692168519,37.161243303212544,0.9555382453687714
imagewoof,data/imagewoof2-320/val/n02105641/n02105641_6011.JPEG,n02105641,229,Old English sheepdog,webp,77,229,Old English sheepdog,0.20503035187721252,True,13265,7668,1.7299165362545643,38.902338133658134,0.9627573659267408
imagewoof,data/imagewoof2-320/val/n02105641/n02105641_6020.JPEG,n02105641,229,Old English sheepdog,webp,77,229,Old English sheepdog,0.5867636203765869,True,34185,33178,1.0303514376996805,35.029139274417076,0.9782541472222795
imagewoof,data/imagewoof2-320/val/n02105641/n02105641_6021.JPEG,n02105641,229,Old English sheepdog,webp,77,229,Old English sheepdog,0.4677227735519409,True,30096,24342,1.2363815627310821,36.129140341302744,0.9717822042480723
imagewoof,data/imagewoof2-320/val/n02105641/n02105641_6040.JPEG,n02105641,229,Old English sheepdog,webp,77,229,Old English sheepdog,0.4317356050014496,True,26186,19422,1.3482648542889506,36.845724120751754,0.9468693988795209
imagewoof,data/imagewoof2-320/val/n02105641/n02105641_6060.JPEG,n02105641,229,Old English sheepdog,webp,77,229,Old English sheepdog,0.5344887971878052,True,16054,9792,1.6395016339869282,38.11133114689196,0.9549922451683357
imagewoof,data/imagewoof2-320/val/n02105641/n02105641_6071.JPEG,n02105641,229,Old English sheepdog,webp,77,229,Old English sheepdog,0.1357889622449875,True,23560,20054,1.1748279644958612,35.81773360686112,0.9641219212565484
imagewoof,data/imagewoof2-320/val/n02105641/n02105641_6130.JPEG,n02105641,229,Old English sheepdog,webp,77,229,Old English sheepdog,0.3633410930633545,True,28039,24178,1.1596906278434942,36.21481996997241,0.9630174545342455
imagewoof,data/imagewoof2-320/val/n02105641/n02105641_6141.JPEG,n02105641,229,Old English sheepdog,webp,77,229,Old English sheepdog,0.5100750923156738,True,20221,15234,1.327359852960483,35.7641509307859,0.9578687726146774
imagewoof,data/imagewoof2-320/val/n02105641/n02105641_6142.JPEG,n02105641,229,Old English sheepdog,webp,77,229,Old English sheepdog,0.35439521074295044,True,14751,7818,1.8867996930161166,39.974706071301284,0.9608191471884147
imagewoof,data/imagewoof2-320/val/n02105641/n02105641_6151.JPEG,n02105641,229,Old English sheepdog,webp,77,229,Old English sheepdog,0.5335483551025391,True,28075,21782,1.288908272885869,36.11593636314885,0.9740802427082494
imagewoof,data/imagewoof2-320/val/n02105641/n02105641_6180.JPEG,n02105641,229,Old English sheepdog,webp,77,229,Old English sheepdog,0.3136959969997406,True,36387,32864,1.1071993670886076,35.38399703773449,0.9690072930526427
imagewoof,data/imagewoof2-320/val/n02105641/n02105641_6181.JPEG,n02105641,229,Old English sheepdog,webp,77,229,Old English sheepdog,0.34348466992378235,True,23943,16346,1.4647620212896122,37.35671644302403,0.9561313360017688
imagewoof,data/imagewoof2-320/val/n02105641/n02105641_6182.JPEG,n02105641,229,Old English sheepdog,webp,77,229,Old English sheepdog,0.5213977098464966,True,16391,10084,1.625446251487505,38.37984347787741,0.9463622417050955
imagewoof,data/imagewoof2-320/val/n02105641/n02105641_620.JPEG,n02105641,229,Old English sheepdog,webp,77,229,Old English sheepdog,0.4822264611721039,True,14535,8430,1.7241992882562278,38.91128797113561,0.9602152414355868
imagewoof,data/imagewoof2-320/val/n02105641/n02105641_6202.JPEG,n02105641,229,Old English sheepdog,webp,77,229,Old English sheepdog,0.2506552040576935,True,23161,16812,1.3776469188674756,36.99503491441681,0.9548010093669007
imagewoof,data/imagewoof2-320/val/n02105641/n02105641_6261.JPEG,n02105641,229,Old English sheepdog,webp,77,229,Old English sheepdog,0.28199341893196106,True,42830,41396,1.0346410281186589,35.05253003060156,0.9734983743945516
imagewoof,data/imagewoof2-320/val/n02105641/n02105641_6270.JPEG,n02105641,229,Old English sheepdog,webp,77,229,Old English sheepdog,0.40081092715263367,True,21199,17130,1.2375364856976065,36.12894062637296,0.9565482945604012
imagewoof,data/imagewoof2-320/val/n02105641/n02105641_6272.JPEG,n02105641,229,Old English sheepdog,webp,77,229,Old English sheepdog,0.29408442974090576,True,47098,46950,1.0031522896698615,33.98522269869941,0.9780014310558846
imagewoof,data/imagewoof2-320/val/n02105641/n02105641_6350.JPEG,n02105641,229,Old English sheepdog,webp,77,229,Old English sheepdog,0.433075875043869,True,21496,14566,1.4757654812577234,37.70118059373398,0.9549009130575857
imagewoof,data/imagewoof2-320/val/n02105641/n02105641_6362.JPEG,n02105641,229,Old English sheepdog,webp,77,229,Old English sheepdog,0.3649284839630127,True,13046,7572,1.7229265715795035,38.406764902755434,0.947864031316309
imagewoof,data/imagewoof2-320/val/n02105641/n02105641_6371.JPEG,n02105641,229,Old English sheepdog,webp,77,229,Old English sheepdog,0.38899001479148865,True,15946,10562,1.5097519409202802,37.48083908021698,0.9519249660559193
imagewoof,data/imagewoof2-320/val/n02105641/n02105641_6450.JPEG,n02105641,229,Old English sheepdog,webp,77,231,collie,0.17027470469474792,False,20815,16454,1.265041935091771,36.55106363012764,0.971076339442552
imagewoof,data/imagewoof2-320/val/n02105641/n02105641_6501.JPEG,n02105641,229,Old English sheepdog,webp,77,229,Old English sheepdog,0.3771129250526428,True,14809,8170,1.8126070991432068,38.99354410001047,0.9510406381630833
imagewoof,data/imagewoof2-320/val/n02105641/n02105641_6531.JPEG,n02105641,229,Old English sheepdog,webp,77,229,Old English sheepdog,0.4411749541759491,True,48043,49106,0.9783529507595813,34.70609315809056,0.9857080313363463
imagewoof,data/imagewoof2-320/val/n02105641/n02105641_6540.JPEG,n02105641,229,Old English sheepdog,webp,77,229,Old English sheepdog,0.42702507972717285,True,21245,13944,1.5235943775100402,37.885238310403274,0.9553596351089605
imagewoof,data/imagewoof2-320/val/n02105641/n02105641_6550.JPEG,n02105641,229,Old English sheepdog,webp,77,229,Old English sheepdog,0.45338189601898193,True,23097,16436,1.4052689218788026,36.67191405263465,0.9454257840617939
imagewoof,data/imagewoof2-320/val/n02105641/n02105641_6582.JPEG,n02105641,229,Old English sheepdog,webp,77,229,Old English sheepdog,0.27946990728378296,True,43009,39836,1.079651571442916,34.066141996710016,0.97178839859013
imagewoof,data/imagewoof2-320/val/n02105641/n02105641_660.JPEG,n02105641,229,Old English sheepdog,webp,77,229,Old English sheepdog,0.34862619638442993,True,33471,31292,1.069634411351144,35.16915355633117,0.9723142206165102
imagewoof,data/imagewoof2-320/val/n02105641/n02105641_6600.JPEG,n02105641,229,Old English sheepdog,webp,77,229,Old English sheepdog,0.10825465619564056,True,17967,10646,1.6876761224873191,37.85779212115952,0.9624235943227611
imagewoof,data/imagewoof2-320/val/n02105641/n02105641_6621.JPEG,n02105641,229,Old English sheepdog,webp,77,229,Old English sheepdog,0.5210220217704773,True,14602,8548,1.7082358446420216,38.627105641873925,0.9644253558472081
imagewoof,data/imagewoof2-320/val/n02105641/n02105641_6660.JPEG,n02105641,229,Old English sheepdog,webp,77,229,Old English sheepdog,0.4339200258255005,True,16689,12556,1.3291653392800256,38.115218664500034,0.9617164767044981
imagewoof,data/imagewoof2-320/val/n02105641/n02105641_6730.JPEG,n02105641,229,Old English sheepdog,webp,77,229,Old English sheepdog,0.4238745868206024,True,12265,6816,1.7994424882629108,39.364673048657465,0.9573716871849948
imagewoof,data/imagewoof2-320/val/n02105641/n02105641_6732.JPEG,n02105641,229,Old English sheepdog,webp,77,229,Old English sheepdog,0.7158612012863159,True,47125,48956,0.9625990685513522,34.80933547431319,0.9761091207923053
imagewoof,data/imagewoof2-320/val/n02105641/n02105641_6742.JPEG,n02105641,229,Old English sheepdog,webp,77,229,Old English sheepdog,0.5385131239891052,True,21818,13784,1.5828496807893209,38.029282686987905,0.9473372526980319
imagewoof,data/imagewoof2-320/val/n02105641/n02105641_6791.JPEG,n02105641,229,Old English sheepdog,webp,77,229,Old English sheepdog,0.5351661443710327,True,23676,17804,1.3298135250505505,36.731779583959934,0.9661889777281703
imagewoof,data/imagewoof2-320/val/n02105641/n02105641_6942.JPEG,n02105641,229,Old English sheepdog,webp,77,229,Old English sheepdog,0.5673337578773499,True,20948,14146,1.4808426410292663,37.37658585108994,0.9666174914888558
imagewoof,data/imagewoof2-320/val/n02105641/n02105641_6970.JPEG,n02105641,229,Old English sheepdog,webp,77,229,Old English sheepdog,0.45056986808776855,True,11830,5752,2.0566759388038944,40.25931445241625,0.961900231032788
imagewoof,data/imagewoof2-320/val/n02105641/n02105641_6971.JPEG,n02105641,229,Old English sheepdog,webp,77,229,Old English sheepdog,0.414749413728714,True,24455,16676,1.4664787718877428,37.09681042632026,0.9414248417304815
imagewoof,data/imagewoof2-320/val/n02105641/n02105641_7030.JPEG,n02105641,229,Old English sheepdog,webp,77,229,Old English sheepdog,0.5290318131446838,True,13288,7914,1.679049785190801,38.794272645596706,0.9558180100430805
imagewoof,data/imagewoof2-320/val/n02105641/n02105641_7060.JPEG,n02105641,229,Old English sheepdog,webp,77,229,Old English sheepdog,0.4979672431945801,True,18964,12042,1.57482145822953,37.94262026311926,0.9502791897813744
imagewoof,data/imagewoof2-320/val/n02105641/n02105641_7061.JPEG,n02105641,229,Old English sheepdog,webp,77,229,Old English sheepdog,0.42187613248825073,True,9247,4198,2.2027155788470703,41.65394315000277,0.9689446652535825
imagewoof,data/imagewoof2-320/val/n02105641/n02105641_7062.JPEG,n02105641,229,Old English sheepdog,webp,77,227,kelpie,0.0598633848130703,False,34109,30902,1.1037796906349104,35.40337601529293,0.9665295206651038
imagewoof,data/imagewoof2-320/val/n02105641/n02105641_7072.JPEG,n02105641,229,Old English sheepdog,webp,77,229,Old English sheepdog,0.3648778796195984,True,41312,40234,1.026793259432321,34.27129767891668,0.9669748947873131
imagewoof,data/imagewoof2-320/val/n02105641/n02105641_710.JPEG,n02105641,229,Old English sheepdog,webp,77,229,Old English sheepdog,0.7165896892547607,True,18237,11174,1.6320923572579202,38.317858906507794,0.9409034660205876
imagewoof,data/imagewoof2-320/val/n02105641/n02105641_7102.JPEG,n02105641,229,Old English sheepdog,webp,77,229,Old English sheepdog,0.164396733045578,True,25197,19802,1.2724472275527725,36.73594604352042,0.9540455363428642
imagewoof,data/imagewoof2-320/val/n02105641/n02105641_7110.JPEG,n02105641,229,Old English sheepdog,webp,77,229,Old English sheepdog,0.6153078079223633,True,18747,11738,1.5971204634520362,38.598543809836,0.9572932759097976
imagewoof,data/imagewoof2-320/val/n02105641/n02105641_7171.JPEG,n02105641,229,Old English sheepdog,webp,77,229,Old English sheepdog,0.5064984560012817,True,29085,21306,1.3651084201633343,36.813762770985605,0.9619350161912471
imagewoof,data/imagewoof2-320/val/n02105641/n02105641_7191.JPEG,n02105641,229,Old English sheepdog,webp,77,229,Old English sheepdog,0.512192964553833,True,26970,21052,1.281113433403002,36.44266166194029,0.9618913916178208
imagewoof,data/imagewoof2-320/val/n02105641/n02105641_7212.JPEG,n02105641,229,Old English sheepdog,webp,77,229,Old English sheepdog,0.4094861149787903,True,22566,19180,1.1765380604796662,35.878432857941014,0.9670110970556213
imagewoof,data/imagewoof2-320/val/n02105641/n02105641_7242.JPEG,n02105641,229,Old English sheepdog,webp,77,229,Old English sheepdog,0.6276832222938538,True,27478,21146,1.2994419748415775,36.482079703205784,0.9693787052862907
imagewoof,data/imagewoof2-320/val/n02105641/n02105641_7271.JPEG,n02105641,229,Old English sheepdog,webp,77,243,bull mastiff,0.0422450453042984,False,27764,21386,1.2982324885439072,35.995881953125384,0.9574271748028748
imagewoof,data/imagewoof2-320/val/n02105641/n02105641_7281.JPEG,n02105641,229,Old English sheepdog,webp,77,229,Old English sheepdog,0.5593336224555969,True,11090,6004,1.847101932045303,39.27802904402348,0.9549618290542897
imagewoof,data/imagewoof2-320/val/n02105641/n02105641_7321.JPEG,n02105641,229,Old English sheepdog,webp,77,229,Old English sheepdog,0.5102078914642334,True,24554,17758,1.3827007545894807,36.146070812247075,0.9548288874106564
imagewoof,data/imagewoof2-320/val/n02105641/n02105641_7460.JPEG,n02105641,229,Old English sheepdog,webp,77,229,Old English sheepdog,0.44109615683555603,True,13573,7994,1.6978984238178634,38.69181929114015,0.95209882480329
imagewoof,data/imagewoof2-320/val/n02105641/n02105641_7480.JPEG,n02105641,229,Old English sheepdog,webp,77,229,Old English sheepdog,0.26885902881622314,True,23833,19162,1.2437636989875795,36.77646497509161,0.9642908004661058
imagewoof,data/imagewoof2-320/val/n02105641/n02105641_7510.JPEG,n02105641,229,Old English sheepdog,webp,77,229,Old English sheepdog,0.4890481233596802,True,21203,12252,1.7305746000652955,38.161841546144885,0.9622053143021857
imagewoof,data/imagewoof2-320/val/n02105641/n02105641_7511.JPEG,n02105641,229,Old English sheepdog,webp,77,229,Old English sheepdog,0.504160463809967,True,23449,17810,1.316619876473891,37.152932151499726,0.9594542174653274
imagewoof,data/imagewoof2-320/val/n02105641/n02105641_7512.JPEG,n02105641,229,Old English sheepdog,webp,77,229,Old English sheepdog,0.4088725745677948,True,28478,23328,1.2207647462277091,36.14418703526025,0.9631950806149284
imagewoof,data/imagewoof2-320/val/n02105641/n02105641_7531.JPEG,n02105641,229,Old English sheepdog,webp,77,229,Old English sheepdog,0.3707851767539978,True,14510,7890,1.8390367553865652,39.21609760661216,0.9526785960385117
imagewoof,data/imagewoof2-320/val/n02105641/n02105641_7561.JPEG,n02105641,229,Old English sheepdog,webp,77,229,Old English sheepdog,0.35532715916633606,True,23333,16074,1.451598855294264,37.267906810425245,0.9605135300887134
imagewoof,data/imagewoof2-320/val/n02105641/n02105641_7562.JPEG,n02105641,229,Old English sheepdog,webp,77,229,Old English sheepdog,0.3451938331127167,True,17416,10664,1.633158289572393,38.56519118623836,0.954691174541091
imagewoof,data/imagewoof2-320/val/n02105641/n02105641_7580.JPEG,n02105641,229,Old English sheepdog,webp,77,229,Old English sheepdog,0.6844915151596069,True,24706,18836,1.3116372902951794,36.625023500038914,0.9515837792677792
imagewoof,data/imagewoof2-320/val/n02105641/n02105641_7602.JPEG,n02105641,229,Old English sheepdog,webp,77,229,Old English sheepdog,0.4720102548599243,True,19984,12534,1.5943832774852402,37.45769749344244,0.9537930662245758
imagewoof,data/imagewoof2-320/val/n02105641/n02105641_7611.JPEG,n02105641,229,Old English sheepdog,webp,77,228,komondor,0.10781004279851913,False,30399,23324,1.3033356199622705,36.170924687824915,0.9632918688823334
imagewoof,data/imagewoof2-320/val/n02105641/n02105641_7622.JPEG,n02105641,229,Old English sheepdog,webp,77,229,Old English sheepdog,0.3488312065601349,True,23910,17622,1.3568266939053455,35.99436793486594,0.9671757270448543
imagewoof,data/imagewoof2-320/val/n02105641/n02105641_7650.JPEG,n02105641,229,Old English sheepdog,webp,77,229,Old English sheepdog,0.365450918674469,True,14644,9088,1.611355633802817,39.09924279013857,0.9563934192624619
imagewoof,data/imagewoof2-320/val/n02105641/n02105641_7660.JPEG,n02105641,229,Old English sheepdog,webp,77,229,Old English sheepdog,0.4459230899810791,True,26758,20368,1.31372741555381,36.23746601245338,0.9555161603283976
imagewoof,data/imagewoof2-320/val/n02105641/n02105641_7692.JPEG,n02105641,229,Old English sheepdog,webp,77,229,Old English sheepdog,0.4940224587917328,True,14075,7686,1.8312516263335936,38.70087476122782,0.9545527800946164
imagewoof,data/imagewoof2-320/val/n02105641/n02105641_7721.JPEG,n02105641,229,Old English sheepdog,webp,77,229,Old English sheepdog,0.3277815580368042,True,22889,15424,1.4839859958506223,36.805902293139155,0.9581752063498659
imagewoof,data/imagewoof2-320/val/n02105641/n02105641_7792.JPEG,n02105641,229,Old English sheepdog,webp,77,229,Old English sheepdog,0.41775721311569214,True,21079,12504,1.6857805502239283,38.61001615112372,0.9603894612255891
imagewoof,data/imagewoof2-320/val/n02105641/n02105641_7840.JPEG,n02105641,229,Old English sheepdog,webp,77,229,Old English sheepdog,0.39866453409194946,True,22890,15314,1.4947107222149667,37.284591670918154,0.9542315205995999
imagewoof,data/imagewoof2-320/val/n02105641/n02105641_7871.JPEG,n02105641,229,Old English sheepdog,webp,77,229,Old English sheepdog,0.4421140253543854,True,24743,20740,1.1930086788813887,35.711432943127406,0.9697066151306936
imagewoof,data/imagewoof2-320/val/n02105641/n02105641_7901.JPEG,n02105641,229,Old English sheepdog,webp,77,229,Old English sheepdog,0.4842797815799713,True,23587,17214,1.3702219123968862,36.81948355249791,0.9753470077567524
imagewoof,data/imagewoof2-320/val/n02105641/n02105641_7902.JPEG,n02105641,229,Old English sheepdog,webp,77,200,Tibetan terrier,0.2504618167877197,False,25015,18644,1.3417185153400557,36.501837952122834,0.9551069412362928
imagewoof,data/imagewoof2-320/val/n02105641/n02105641_7971.JPEG,n02105641,229,Old English sheepdog,webp,77,229,Old English sheepdog,0.6166043281555176,True,23580,14904,1.5821256038647342,37.8366997019871,0.9596639864408752
imagewoof,data/imagewoof2-320/val/n02105641/n02105641_7990.JPEG,n02105641,229,Old English sheepdog,webp,77,229,Old English sheepdog,0.6574516892433167,True,23110,17560,1.3160592255125285,37.09793371946117,0.9510885252644165
imagewoof,data/imagewoof2-320/val/n02105641/n02105641_800.JPEG,n02105641,229,Old English sheepdog,webp,77,229,Old English sheepdog,0.17838655412197113,True,24587,18780,1.3092119275825347,36.81806109819834,0.9627433717575204
imagewoof,data/imagewoof2-320/val/n02105641/n02105641_802.JPEG,n02105641,229,Old English sheepdog,webp,77,229,Old English sheepdog,0.5204321146011353,True,27694,22208,1.2470280979827089,35.213986089399214,0.944927998797502
imagewoof,data/imagewoof2-320/val/n02105641/n02105641_8040.JPEG,n02105641,229,Old English sheepdog,webp,77,229,Old English sheepdog,0.3689959645271301,True,24371,17124,1.4232071945807054,37.748830047322805,0.9556562171748726
imagewoof,data/imagewoof2-320/val/n02105641/n02105641_8090.JPEG,n02105641,229,Old English sheepdog,webp,77,200,Tibetan terrier,0.36346399784088135,False,21262,14228,1.4943772842282823,37.54280441553073,0.9425322404999813
imagewoof,data/imagewoof2-320/val/n02105641/n02105641_8121.JPEG,n02105641,229,Old English sheepdog,webp,77,229,Old English sheepdog,0.3858412504196167,True,37046,33300,1.1124924924924926,35.03740556425555,0.9715006035414963
imagewoof,data/imagewoof2-320/val/n02105641/n02105641_8162.JPEG,n02105641,229,Old English sheepdog,webp,77,229,Old English sheepdog,0.4451528787612915,True,29523,25052,1.1784687849273512,36.151176869929124,0.974057513281514
imagewoof,data/imagewoof2-320/val/n02105641/n02105641_8180.JPEG,n02105641,229,Old English sheepdog,webp,77,229,Old English sheepdog,0.271646648645401,True,17797,10882,1.635453041720272,39.25365283203701,0.9660062387577492
imagewoof,data/imagewoof2-320/val/n02105641/n02105641_8270.JPEG,n02105641,229,Old English sheepdog,webp,77,229,Old English sheepdog,0.3993627429008484,True,20194,14096,1.432604994324631,37.451564346422145,0.9468472318532374
imagewoof,data/imagewoof2-320/val/n02105641/n02105641_8280.JPEG,n02105641,229,Old English sheepdog,webp,77,229,Old English sheepdog,0.3580317199230194,True,22656,14576,1.5543358946212953,37.08166091538264,0.948107682154574
imagewoof,data/imagewoof2-320/val/n02105641/n02105641_8281.JPEG,n02105641,229,Old English sheepdog,webp,77,229,Old English sheepdog,0.46881818771362305,True,14038,9716,1.444833264717991,37.79867757837045,0.9524487958934146
imagewoof,data/imagewoof2-320/val/n02105641/n02105641_8332.JPEG,n02105641,229,Old English sheepdog,webp,77,229,Old English sheepdog,0.48784393072128296,True,12718,8586,1.4812485441416259,38.25681767274309,0.9566177118551633
imagewoof,data/imagewoof2-320/val/n02105641/n02105641_8350.JPEG,n02105641,229,Old English sheepdog,webp,77,229,Old English sheepdog,0.46698835492134094,True,22430,15664,1.4319458631256383,37.30842986739908,0.946618460341508
imagewoof,data/imagewoof2-320/val/n02105641/n02105641_8372.JPEG,n02105641,229,Old English sheepdog,webp,77,229,Old English sheepdog,0.5863968729972839,True,45349,43874,1.0336189998632448,34.20713424919997,0.9813945361286543
imagewoof,data/imagewoof2-320/val/n02105641/n02105641_8401.JPEG,n02105641,229,Old English sheepdog,webp,77,190,Sealyham terrier,0.3121122419834137,False,17820,10672,1.6697901049475263,38.142296341886876,0.9542597756345265
imagewoof,data/imagewoof2-320/val/n02105641/n02105641_8402.JPEG,n02105641,229,Old English sheepdog,webp,77,229,Old English sheepdog,0.8207806944847107,True,18127,11090,1.63453561767358,37.892699064259794,0.9450716376614426
imagewoof,data/imagewoof2-320/val/n02105641/n02105641_8421.JPEG,n02105641,229,Old English sheepdog,webp,77,229,Old English sheepdog,0.23350021243095398,True,22586,16564,1.3635595266843759,37.82135668645796,0.9552389252290387
imagewoof,data/imagewoof2-320/val/n02105641/n02105641_8451.JPEG,n02105641,229,Old English sheepdog,webp,77,229,Old English sheepdog,0.3220122456550598,True,25645,18702,1.371243717249492,37.07281466843825,0.948295565215527
imagewoof,data/imagewoof2-320/val/n02105641/n02105641_8480.JPEG,n02105641,229,Old English sheepdog,webp,77,229,Old English sheepdog,0.4541418254375458,True,22651,17322,1.3076434591848516,36.911990651291646,0.9439529464524158
imagewoof,data/imagewoof2-320/val/n02105641/n02105641_8501.JPEG,n02105641,229,Old English sheepdog,webp,77,229,Old English sheepdog,0.5674099922180176,True,19914,13114,1.5185298154643891,37.56498312784578,0.9363084587291359
imagewoof,data/imagewoof2-320/val/n02105641/n02105641_8581.JPEG,n02105641,229,Old English sheepdog,webp,77,229,Old English sheepdog,0.3218928575515747,True,20120,13304,1.5123271196632593,38.00048111349597,0.9476277021963284
imagewoof,data/imagewoof2-320/val/n02105641/n02105641_8592.JPEG,n02105641,229,Old English sheepdog,webp,77,229,Old English sheepdog,0.2549592852592468,True,17782,11350,1.5666960352422907,39.91528594788498,0.9756216969224466
imagewoof,data/imagewoof2-320/val/n02105641/n02105641_8610.JPEG,n02105641,229,Old English sheepdog,webp,77,229,Old English sheepdog,0.4035666286945343,True,24585,18378,1.3377407770159975,36.597980640935354,0.9526124725175844
imagewoof,data/imagewoof2-320/val/n02105641/n02105641_862.JPEG,n02105641,229,Old English sheepdog,webp,77,229,Old English sheepdog,0.48415443301200867,True,37162,31818,1.1679552454585456,35.347252145747156,0.9703258898610471
imagewoof,data/imagewoof2-320/val/n02105641/n02105641_8631.JPEG,n02105641,229,Old English sheepdog,webp,77,229,Old English sheepdog,0.5368304252624512,True,16388,9406,1.7422921539442908,38.72574008406747,0.9590626136769257
imagewoof,data/imagewoof2-320/val/n02105641/n02105641_8641.JPEG,n02105641,229,Old English sheepdog,webp,77,229,Old English sheepdog,0.5059213042259216,True,29446,23444,1.2560143320252517,36.14279955309013,0.9559646593198806
imagewoof,data/imagewoof2-320/val/n02105641/n02105641_8701.JPEG,n02105641,229,Old English sheepdog,webp,77,229,Old English sheepdog,0.5969176292419434,True,30528,26194,1.165457738413377,35.58429245015219,0.9643765210736719
imagewoof,data/imagewoof2-320/val/n02105641/n02105641_871.JPEG,n02105641,229,Old English sheepdog,webp,77,229,Old English sheepdog,0.5357086062431335,True,19156,11068,1.7307553306830503,38.090827351925,0.9565815720428746
imagewoof,data/imagewoof2-320/val/n02105641/n02105641_872.JPEG,n02105641,229,Old English sheepdog,webp,77,229,Old English sheepdog,0.3816989064216614,True,44853,44092,1.0172593667785539,33.4588829690974,0.973009690990478
imagewoof,data/imagewoof2-320/val/n02105641/n02105641_8720.JPEG,n02105641,229,Old English sheepdog,webp,77,229,Old English sheepdog,0.2063286006450653,True,17954,11374,1.578512396694215,38.166604627548544,0.957857225728698
imagewoof,data/imagewoof2-320/val/n02105641/n02105641_8760.JPEG,n02105641,229,Old English sheepdog,webp,77,229,Old English sheepdog,0.40289247035980225,True,14986,8386,1.7870259957071308,38.9572848221753,0.9585917581558222
imagewoof,data/imagewoof2-320/val/n02105641/n02105641_8780.JPEG,n02105641,229,Old English sheepdog,webp,77,229,Old English sheepdog,0.546285092830658,True,28055,21662,1.2951251038685254,36.278512638927765,0.95045688540752
imagewoof,data/imagewoof2-320/val/n02105641/n02105641_8842.JPEG,n02105641,229,Old English sheepdog,webp,77,229,Old English sheepdog,0.5409801006317139,True,27693,23730,1.1670037926675094,36.1839349509911,0.9504434993121057
imagewoof,data/imagewoof2-320/val/n02105641/n02105641_8871.JPEG,n02105641,229,Old English sheepdog,webp,77,229,Old English sheepdog,0.4042524993419647,True,16959,10774,1.5740671988119548,37.72651891673546,0.9481828137509352
imagewoof,data/imagewoof2-320/val/n02105641/n02105641_8890.JPEG,n02105641,229,Old English sheepdog,webp,77,229,Old English sheepdog,0.488905131816864,True,13808,8300,1.6636144578313252,38.43312084694259,0.9608207454196903
imagewoof,data/imagewoof2-320/val/n02105641/n02105641_8962.JPEG,n02105641,229,Old English sheepdog,webp,77,229,Old English sheepdog,0.33361107110977173,True,18102,13468,1.344074844074844,36.71945063163528,0.9526304628284862
imagewoof,data/imagewoof2-320/val/n02105641/n02105641_9101.JPEG,n02105641,229,Old English sheepdog,webp,77,229,Old English sheepdog,0.4789172410964966,True,20126,14458,1.3920320929589154,37.11380772637487,0.9423821119379102
imagewoof,data/imagewoof2-320/val/n02105641/n02105641_9160.JPEG,n02105641,229,Old English sheepdog,webp,77,229,Old English sheepdog,0.410243958234787,True,29356,26908,1.0909766612159952,35.89938237930727,0.9540073643508818
imagewoof,data/imagewoof2-320/val/n02105641/n02105641_9161.JPEG,n02105641,229,Old English sheepdog,webp,77,229,Old English sheepdog,0.4601636826992035,True,19306,12694,1.520876004411533,37.12147205997691,0.9632146381250463
imagewoof,data/imagewoof2-320/val/n02105641/n02105641_921.JPEG,n02105641,229,Old English sheepdog,webp,77,229,Old English sheepdog,0.39952003955841064,True,34479,31216,1.1045297283444389,35.01179095289235,0.9717072661782976
imagewoof,data/imagewoof2-320/val/n02105641/n02105641_9221.JPEG,n02105641,229,Old English sheepdog,webp,77,229,Old English sheepdog,0.34554705023765564,True,39860,36422,1.0943934984350119,35.46500347188517,0.9787236294529186
imagewoof,data/imagewoof2-320/val/n02105641/n02105641_9250.JPEG,n02105641,229,Old English sheepdog,webp,77,229,Old English sheepdog,0.38558366894721985,True,13782,8106,1.7002220577350111,38.53939553533929,0.9500991445457215
imagewoof,data/imagewoof2-320/val/n02105641/n02105641_9260.JPEG,n02105641,229,Old English sheepdog,webp,77,229,Old English sheepdog,0.5286529660224915,True,19903,13316,1.4946680684890357,38.166457938796526,0.953631585708078
imagewoof,data/imagewoof2-320/val/n02105641/n02105641_9300.JPEG,n02105641,229,Old English sheepdog,webp,77,229,Old English sheepdog,0.37463197112083435,True,20540,13248,1.5504227053140096,37.6578120744691,0.944630255041592
imagewoof,data/imagewoof2-320/val/n02105641/n02105641_9320.JPEG,n02105641,229,Old English sheepdog,webp,77,229,Old English sheepdog,0.5138362050056458,True,22407,15780,1.419961977186312,37.197916965678715,0.945787510208743
imagewoof,data/imagewoof2-320/val/n02105641/n02105641_9321.JPEG,n02105641,229,Old English sheepdog,webp,77,229,Old English sheepdog,0.43800243735313416,True,27200,19286,1.4103494763040547,36.70594994799735,0.9635756659147492
imagewoof,data/imagewoof2-320/val/n02105641/n02105641_9412.JPEG,n02105641,229,Old English sheepdog,webp,77,229,Old English sheepdog,0.6697969436645508,True,29848,25428,1.1738241308793456,35.82839381310291,0.9590630017967947
imagewoof,data/imagewoof2-320/val/n02105641/n02105641_9440.JPEG,n02105641,229,Old English sheepdog,webp,77,229,Old English sheepdog,0.46334904432296753,True,34834,31842,1.0939639469882545,35.510374716744224,0.9729361732192542
imagewoof,data/imagewoof2-320/val/n02105641/n02105641_9470.JPEG,n02105641,229,Old English sheepdog,webp,77,229,Old English sheepdog,0.6199168562889099,True,27165,22292,1.2185986003947604,36.09062735565351,0.9612312476417135
imagewoof,data/imagewoof2-320/val/n02105641/n02105641_9481.JPEG,n02105641,229,Old English sheepdog,webp,77,229,Old English sheepdog,0.5011791586875916,True,30051,25758,1.1666666666666667,35.81536515171753,0.9581057245361038
imagewoof,data/imagewoof2-320/val/n02105641/n02105641_9492.JPEG,n02105641,229,Old English sheepdog,webp,77,229,Old English sheepdog,0.4102948307991028,True,11585,6002,1.9301899366877708,39.76195801499201,0.9607146809070864
imagewoof,data/imagewoof2-320/val/n02105641/n02105641_9502.JPEG,n02105641,229,Old English sheepdog,webp,77,229,Old English sheepdog,0.36343640089035034,True,19374,13152,1.4730839416058394,37.88519700781643,0.954644775456503
imagewoof,data/imagewoof2-320/val/n02105641/n02105641_9531.JPEG,n02105641,229,Old English sheepdog,webp,77,229,Old English sheepdog,0.5900638103485107,True,27003,20696,1.3047448782373405,36.05190147810448,0.9533833305989999
imagewoof,data/imagewoof2-320/val/n02105641/n02105641_9540.JPEG,n02105641,229,Old English sheepdog,webp,77,229,Old English sheepdog,0.4589292109012604,True,14507,9588,1.5130371297455152,38.380150771254044,0.9600555910535163
imagewoof,data/imagewoof2-320/val/n02105641/n02105641_9542.JPEG,n02105641,229,Old English sheepdog,webp,77,229,Old English sheepdog,0.3541651964187622,True,22624,15960,1.4175438596491228,37.04152358697734,0.9432971669946236
imagewoof,data/imagewoof2-320/val/n02105641/n02105641_9562.JPEG,n02105641,229,Old English sheepdog,webp,77,229,Old English sheepdog,0.50705486536026,True,25472,16026,1.589417197054786,38.81817357099276,0.9683359135032071
imagewoof,data/imagewoof2-320/val/n02105641/n02105641_9592.JPEG,n02105641,229,Old English sheepdog,webp,77,229,Old English sheepdog,0.4408104419708252,True,19109,11194,1.7070752188672502,38.26049116399911,0.9640290922601538
imagewoof,data/imagewoof2-320/val/n02105641/n02105641_9612.JPEG,n02105641,229,Old English sheepdog,webp,77,229,Old English sheepdog,0.5359293818473816,True,34715,29650,1.1708263069139966,35.437203684547335,0.9658029414020378
imagewoof,data/imagewoof2-320/val/n02105641/n02105641_9640.JPEG,n02105641,229,Old English sheepdog,webp,77,229,Old English sheepdog,0.5401278138160706,True,15407,9046,1.7031837276144153,40.16214649385516,0.9658760908425409
imagewoof,data/imagewoof2-320/val/n02105641/n02105641_9661.JPEG,n02105641,229,Old English sheepdog,webp,77,229,Old English sheepdog,0.4519466161727905,True,12532,6734,1.861003861003861,40.31305327447427,0.9662956675581479
imagewoof,data/imagewoof2-320/val/n02105641/n02105641_9691.JPEG,n02105641,229,Old English sheepdog,webp,77,229,Old English sheepdog,0.4967259168624878,True,28542,20952,1.3622565864833907,36.13020412789631,0.9395117051830821
imagewoof,data/imagewoof2-320/val/n02105641/n02105641_9750.JPEG,n02105641,229,Old English sheepdog,webp,77,229,Old English sheepdog,0.38437744975090027,True,14907,8994,1.6574382921947965,37.74434995138516,0.951856923527392
imagewoof,data/imagewoof2-320/val/n02105641/n02105641_9780.JPEG,n02105641,229,Old English sheepdog,webp,77,229,Old English sheepdog,0.3797127604484558,True,28055,22482,1.247887198647807,36.374449877314845,0.9596991633265248
imagewoof,data/imagewoof2-320/val/n02105641/n02105641_980.JPEG,n02105641,229,Old English sheepdog,webp,77,229,Old English sheepdog,0.44197267293930054,True,22012,14774,1.489914715039935,36.937481083864355,0.9408866171701106
imagewoof,data/imagewoof2-320/val/n02105641/n02105641_9821.JPEG,n02105641,229,Old English sheepdog,webp,77,229,Old English sheepdog,0.5830588340759277,True,20534,16254,1.2633197982035191,36.22778304784012,0.9540715701350878
imagewoof,data/imagewoof2-320/val/n02105641/n02105641_9881.JPEG,n02105641,229,Old English sheepdog,webp,77,229,Old English sheepdog,0.5283799171447754,True,26721,22136,1.207128659197687,36.267518986975574,0.9579003937844895
imagewoof,data/imagewoof2-320/val/n02105641/n02105641_9891.JPEG,n02105641,229,Old English sheepdog,webp,77,229,Old English sheepdog,0.415071576833725,True,22541,17132,1.3157249591407891,36.71056428154539,0.9495568969552988
imagewoof,data/imagewoof2-320/val/n02105641/n02105641_9921.JPEG,n02105641,229,Old English sheepdog,webp,77,229,Old English sheepdog,0.4760279357433319,True,33949,25914,1.3100640580381262,36.02869738192909,0.9678384919565838
imagewoof,data/imagewoof2-320/val/n02105641/n02105641_9941.JPEG,n02105641,229,Old English sheepdog,webp,77,229,Old English sheepdog,0.5314437747001648,True,18536,11244,1.648523657061544,38.0641254296041,0.9449019427971566
imagewoof,data/imagewoof2-320/val/n02105641/n02105641_9950.JPEG,n02105641,229,Old English sheepdog,webp,77,229,Old English sheepdog,0.36779293417930603,True,31396,27778,1.1302469580243357,35.61675177191245,0.9621982981208669
imagewoof,data/imagewoof2-320/val/n02105641/n02105641_9982.JPEG,n02105641,229,Old English sheepdog,webp,77,229,Old English sheepdog,0.39948636293411255,True,32450,29114,1.1145840489111767,35.732771921297086,0.9650344259157854
imagewoof,data/imagewoof2-320/val/n02105641/n02105641_9991.JPEG,n02105641,229,Old English sheepdog,webp,77,229,Old English sheepdog,0.5035901069641113,True,21195,13366,1.5857399371539727,37.52853520849661,0.9393634052071399
imagewoof,data/imagewoof2-320/val/n02111889/ILSVRC2012_val_00000590.JPEG,n02111889,258,Samoyed,webp,77,258,Samoyed,0.2726329565048218,True,22776,14990,1.5194129419613076,37.43975708525615,0.9429704463474531
imagewoof,data/imagewoof2-320/val/n02111889/ILSVRC2012_val_00003490.JPEG,n02111889,258,Samoyed,webp,77,258,Samoyed,0.38234978914260864,True,38522,35862,1.0741732195638838,34.47886937704549,0.9704234580180163
imagewoof,data/imagewoof2-320/val/n02111889/ILSVRC2012_val_00008752.JPEG,n02111889,258,Samoyed,webp,77,258,Samoyed,0.3792574405670166,True,22027,15222,1.4470503219025095,37.11622428073378,0.9526172836042619
imagewoof,data/imagewoof2-320/val/n02111889/ILSVRC2012_val_00009061.JPEG,n02111889,258,Samoyed,webp,77,258,Samoyed,0.353182852268219,True,26240,20638,1.2714410311076654,36.978635578617315,0.9572332641648974
imagewoof,data/imagewoof2-320/val/n02111889/ILSVRC2012_val_00011570.JPEG,n02111889,258,Samoyed,webp,77,258,Samoyed,0.43082132935523987,True,35661,34346,1.0382868456297676,35.172170379774634,0.96766406682877
imagewoof,data/imagewoof2-320/val/n02111889/ILSVRC2012_val_00013501.JPEG,n02111889,258,Samoyed,webp,77,258,Samoyed,0.3977218568325043,True,18060,11164,1.6176997491938374,38.47432972326426,0.9600368147953193
imagewoof,data/imagewoof2-320/val/n02111889/ILSVRC2012_val_00015430.JPEG,n02111889,258,Samoyed,webp,77,258,Samoyed,0.5618571043014526,True,20682,14590,1.4175462645647703,37.45203300080949,0.9544867298608786
imagewoof,data/imagewoof2-320/val/n02111889/ILSVRC2012_val_00021632.JPEG,n02111889,258,Samoyed,webp,77,258,Samoyed,0.4917433261871338,True,21548,16288,1.3229371316306484,37.35931528831848,0.9646991279367679
imagewoof,data/imagewoof2-320/val/n02111889/ILSVRC2012_val_00022032.JPEG,n02111889,258,Samoyed,webp,77,258,Samoyed,0.3303821086883545,True,16004,10542,1.5181180041737812,37.89755508333937,0.9510774169643286
imagewoof,data/imagewoof2-320/val/n02111889/ILSVRC2012_val_00024330.JPEG,n02111889,258,Samoyed,webp,77,258,Samoyed,0.44783324003219604,True,14357,8312,1.7272617901828682,39.365150124095436,0.9565955439746888
imagewoof,data/imagewoof2-320/val/n02111889/ILSVRC2012_val_00024951.JPEG,n02111889,258,Samoyed,webp,77,258,Samoyed,0.38453125953674316,True,21822,16200,1.347037037037037,37.45062446534091,0.9534661133028287
imagewoof,data/imagewoof2-320/val/n02111889/ILSVRC2012_val_00029610.JPEG,n02111889,258,Samoyed,webp,77,258,Samoyed,0.3511897921562195,True,14377,7732,1.8594154164511123,40.266410578505045,0.9641815215804489
imagewoof,data/imagewoof2-320/val/n02111889/ILSVRC2012_val_00031031.JPEG,n02111889,258,Samoyed,webp,77,258,Samoyed,0.48971983790397644,True,16597,10366,1.6010997491800116,39.28399126385883,0.966808353061341
imagewoof,data/imagewoof2-320/val/n02111889/ILSVRC2012_val_00033101.JPEG,n02111889,258,Samoyed,webp,77,258,Samoyed,0.46744248270988464,True,26783,18902,1.4169400063485345,37.06718718891183,0.9577758510025998
imagewoof,data/imagewoof2-320/val/n02111889/ILSVRC2012_val_00033280.JPEG,n02111889,258,Samoyed,webp,77,258,Samoyed,0.4623945653438568,True,25341,19756,1.2826989269082811,36.87295015033214,0.9573132565829786
imagewoof,data/imagewoof2-320/val/n02111889/ILSVRC2012_val_00034430.JPEG,n02111889,258,Samoyed,webp,77,258,Samoyed,0.46990349888801575,True,14987,9732,1.5399712289354706,38.862523066233976,0.9579324392986438
imagewoof,data/imagewoof2-320/val/n02111889/ILSVRC2012_val_00034581.JPEG,n02111889,258,Samoyed,webp,77,258,Samoyed,0.35091787576675415,True,28027,21686,1.2924006271327124,36.16707985270568,0.9627063707714528
imagewoof,data/imagewoof2-320/val/n02111889/ILSVRC2012_val_00038550.JPEG,n02111889,258,Samoyed,webp,77,258,Samoyed,0.4981081783771515,True,16275,9246,1.7602206359506813,38.52727936147517,0.9484250053750212
imagewoof,data/imagewoof2-320/val/n02111889/ILSVRC2012_val_00041480.JPEG,n02111889,258,Samoyed,webp,77,258,Samoyed,0.7295869588851929,True,45209,42718,1.0583126550868487,34.06713986774383,0.9694006720262177
imagewoof,data/imagewoof2-320/val/n02111889/ILSVRC2012_val_00041820.JPEG,n02111889,258,Samoyed,webp,77,258,Samoyed,0.46883586049079895,True,20914,14582,1.4342339871073926,36.917597658118794,0.9459070439547763
imagewoof,data/imagewoof2-320/val/n02111889/ILSVRC2012_val_00041880.JPEG,n02111889,258,Samoyed,webp,77,258,Samoyed,0.34872427582740784,True,15499,8806,1.7600499659323188,39.3020643147892,0.9519266927731778
imagewoof,data/imagewoof2-320/val/n02111889/ILSVRC2012_val_00049242.JPEG,n02111889,258,Samoyed,webp,77,258,Samoyed,0.4216688275337219,True,21647,14700,1.4725850340136055,37.94228315578785,0.9469049232824384
imagewoof,data/imagewoof2-320/val/n02111889/n02111889_1.JPEG,n02111889,258,Samoyed,webp,77,258,Samoyed,0.37603679299354553,True,20831,15916,1.3088087459160593,36.58522112689285,0.9519130673918382
imagewoof,data/imagewoof2-320/val/n02111889/n02111889_100.JPEG,n02111889,258,Samoyed,webp,77,258,Samoyed,0.4388301968574524,True,17468,11220,1.5568627450980392,37.211854715436125,0.9289241894066423
imagewoof,data/imagewoof2-320/val/n02111889/n02111889_1001.JPEG,n02111889,258,Samoyed,webp,77,258,Samoyed,0.12142235040664673,True,31660,27006,1.1723320743538472,35.71104952896904,0.9687832594259022
imagewoof,data/imagewoof2-320/val/n02111889/n02111889_10032.JPEG,n02111889,258,Samoyed,webp,77,258,Samoyed,0.4418736398220062,True,14958,8064,1.8549107142857142,39.47049041282027,0.9600131679078668
imagewoof,data/imagewoof2-320/val/n02111889/n02111889_10041.JPEG,n02111889,258,Samoyed,webp,77,258,Samoyed,0.27788081765174866,True,27070,21390,1.265544647031323,36.004795679341214,0.944311032816584
imagewoof,data/imagewoof2-320/val/n02111889/n02111889_10130.JPEG,n02111889,258,Samoyed,webp,77,258,Samoyed,0.3741950988769531,True,38783,36394,1.0656426883552235,35.119533477926296,0.9687446846426555
imagewoof,data/imagewoof2-320/val/n02111889/n02111889_10170.JPEG,n02111889,258,Samoyed,webp,77,244,Tibetan mastiff,0.08937990665435791,False,19830,11586,1.711548420507509,38.5528108738179,0.9484394114582644
imagewoof,data/imagewoof2-320/val/n02111889/n02111889_10180.JPEG,n02111889,258,Samoyed,webp,77,258,Samoyed,0.5586517453193665,True,29897,24128,1.239099801061008,36.17297843820727,0.9524195552517192
imagewoof,data/imagewoof2-320/val/n02111889/n02111889_1020.JPEG,n02111889,258,Samoyed,webp,77,258,Samoyed,0.369905024766922,True,16976,9664,1.7566225165562914,38.63054486056644,0.9510355851713174
imagewoof,data/imagewoof2-320/val/n02111889/n02111889_10421.JPEG,n02111889,258,Samoyed,webp,77,258,Samoyed,0.3891600966453552,True,14173,7760,1.8264175257731958,39.3759876931873,0.9521475840501945
imagewoof,data/imagewoof2-320/val/n02111889/n02111889_10472.JPEG,n02111889,258,Samoyed,webp,77,258,Samoyed,0.7060797214508057,True,24110,18812,1.2816287476079098,36.576340581287084,0.9426438715558669
imagewoof,data/imagewoof2-320/val/n02111889/n02111889_1051.JPEG,n02111889,258,Samoyed,webp,77,258,Samoyed,0.48936015367507935,True,15690,9340,1.6798715203426124,38.690915341194454,0.9511819138253191
imagewoof,data/imagewoof2-320/val/n02111889/n02111889_10510.JPEG,n02111889,258,Samoyed,webp,77,258,Samoyed,0.6842163801193237,True,20637,14292,1.4439546599496222,37.6120103575839,0.9468533907012436
imagewoof,data/imagewoof2-320/val/n02111889/n02111889_10590.JPEG,n02111889,258,Samoyed,webp,77,258,Samoyed,0.5410206913948059,True,20163,11810,1.707281964436918,38.022308411093555,0.9659162095308661
imagewoof,data/imagewoof2-320/val/n02111889/n02111889_10592.JPEG,n02111889,258,Samoyed,webp,77,258,Samoyed,0.6972082257270813,True,19564,13702,1.4278207560940008,38.60671635932002,0.9503240033408101
imagewoof,data/imagewoof2-320/val/n02111889/n02111889_10602.JPEG,n02111889,258,Samoyed,webp,77,258,Samoyed,0.31711044907569885,True,24219,18216,1.3295454545454546,36.61826403630571,0.9533002478252515
imagewoof,data/imagewoof2-320/val/n02111889/n02111889_1062.JPEG,n02111889,258,Samoyed,webp,77,257,Great Pyrenees,0.14875178039073944,False,24257,17250,1.4062028985507247,36.03128462872627,0.9428114108834605
imagewoof,data/imagewoof2-320/val/n02111889/n02111889_10751.JPEG,n02111889,258,Samoyed,webp,77,258,Samoyed,0.39105528593063354,True,8898,3824,2.3268828451882846,42.847057850161264,0.9748381459695244
imagewoof,data/imagewoof2-320/val/n02111889/n02111889_10852.JPEG,n02111889,258,Samoyed,webp,77,258,Samoyed,0.3396439552307129,True,33723,30270,1.1140733399405351,36.02335640760694,0.9540106942920036
imagewoof,data/imagewoof2-320/val/n02111889/n02111889_10862.JPEG,n02111889,258,Samoyed,webp,77,258,Samoyed,0.3004789650440216,True,52426,49118,1.0673480190561504,34.451872391243604,0.9741338306898327
imagewoof,data/imagewoof2-320/val/n02111889/n02111889_10950.JPEG,n02111889,258,Samoyed,webp,77,258,Samoyed,0.5249256491661072,True,19452,11418,1.7036258539148712,37.887501530326745,0.9584362601936696
imagewoof,data/imagewoof2-320/val/n02111889/n02111889_11040.JPEG,n02111889,258,Samoyed,webp,77,258,Samoyed,0.4781731069087982,True,40682,38700,1.0512144702842376,34.820125855439386,0.9714177962674168
imagewoof,data/imagewoof2-320/val/n02111889/n02111889_111.JPEG,n02111889,258,Samoyed,webp,77,258,Samoyed,0.45783287286758423,True,16824,10498,1.6025909697085159,39.109806922419914,0.9578810651392691
imagewoof,data/imagewoof2-320/val/n02111889/n02111889_1110.JPEG,n02111889,258,Samoyed,webp,77,258,Samoyed,0.5737878084182739,True,19212,12312,1.560428849902534,37.91384049869288,0.951958946440748
imagewoof,data/imagewoof2-320/val/n02111889/n02111889_11220.JPEG,n02111889,258,Samoyed,webp,77,258,Samoyed,0.5385583639144897,True,18318,11290,1.6224977856510185,38.65123745856071,0.9528878832182306
imagewoof,data/imagewoof2-320/val/n02111889/n02111889_11311.JPEG,n02111889,258,Samoyed,webp,77,258,Samoyed,0.49556615948677063,True,13761,7526,1.8284613340419877,39.47400043776496,0.959489608238287
imagewoof,data/imagewoof2-320/val/n02111889/n02111889_11312.JPEG,n02111889,258,Samoyed,webp,77,258,Samoyed,0.3438679575920105,True,32119,27956,1.1489125769065676,35.763586157666055,0.9622364039511316
imagewoof,data/imagewoof2-320/val/n02111889/n02111889_11451.JPEG,n02111889,258,Samoyed,webp,77,258,Samoyed,0.1408202052116394,True,33490,29560,1.1329499323410013,35.75056158678402,0.9597552314504325
imagewoof,data/imagewoof2-320/val/n02111889/n02111889_11502.JPEG,n02111889,258,Samoyed,webp,77,258,Samoyed,0.5059770345687866,True,19647,13374,1.4690444145356663,37.729473305309895,0.955177872555998
imagewoof,data/imagewoof2-320/val/n02111889/n02111889_11571.JPEG,n02111889,258,Samoyed,webp,77,257,Great Pyrenees,0.259014368057251,False,15919,9828,1.6197598697598699,38.6240705570967,0.9461894264885989
imagewoof,data/imagewoof2-320/val/n02111889/n02111889_11661.JPEG,n02111889,258,Samoyed,webp,77,258,Samoyed,0.5110145211219788,True,26252,18056,1.453921134249003,36.8358116219093,0.9586071684712468
imagewoof,data/imagewoof2-320/val/n02111889/n02111889_11692.JPEG,n02111889,258,Samoyed,webp,77,258,Samoyed,0.4915670156478882,True,17139,12014,1.4265856500749126,37.501609320688715,0.9545469109075061
imagewoof,data/imagewoof2-320/val/n02111889/n02111889_1170.JPEG,n02111889,258,Samoyed,webp,77,258,Samoyed,0.3817991316318512,True,30522,26496,1.151947463768116,35.54060281289853,0.9615386182902769
imagewoof,data/imagewoof2-320/val/n02111889/n02111889_11772.JPEG,n02111889,258,Samoyed,webp,77,258,Samoyed,0.2719515860080719,True,9393,4366,2.151397159871736,41.74164143219411,0.96525004748444
imagewoof,data/imagewoof2-320/val/n02111889/n02111889_11810.JPEG,n02111889,258,Samoyed,webp,77,258,Samoyed,0.5427209734916687,True,18948,12644,1.4985763998734578,37.919997471307916,0.9521305938797241
imagewoof,data/imagewoof2-320/val/n02111889/n02111889_11820.JPEG,n02111889,258,Samoyed,webp,77,258,Samoyed,0.5058503150939941,True,15087,8660,1.742147806004619,39.887465813012774,0.9597592484158811
imagewoof,data/imagewoof2-320/val/n02111889/n02111889_11950.JPEG,n02111889,258,Samoyed,webp,77,258,Samoyed,0.33709391951560974,True,26214,19152,1.368734335839599,36.50666026152202,0.9681634826634258
imagewoof,data/imagewoof2-320/val/n02111889/n02111889_12022.JPEG,n02111889,258,Samoyed,webp,77,258,Samoyed,0.6165787577629089,True,23202,15698,1.478022678048159,37.48477309279836,0.9528794212812587
imagewoof,data/imagewoof2-320/val/n02111889/n02111889_1210.JPEG,n02111889,258,Samoyed,webp,77,258,Samoyed,0.7077059149742126,True,36755,31326,1.173306518546894,34.89552275834184,0.9634164591880093
imagewoof,data/imagewoof2-320/val/n02111889/n02111889_12171.JPEG,n02111889,258,Samoyed,webp,77,258,Samoyed,0.24172770977020264,True,19303,12484,1.5462191605254727,37.39983493255981,0.9319303210520115
imagewoof,data/imagewoof2-320/val/n02111889/n02111889_12181.JPEG,n02111889,258,Samoyed,webp,77,258,Samoyed,0.5446253418922424,True,13380,7730,1.7309184993531694,39.2924682697974,0.9562458932764906
imagewoof,data/imagewoof2-320/val/n02111889/n02111889_12351.JPEG,n02111889,258,Samoyed,webp,77,258,Samoyed,0.3874644339084625,True,16659,8806,1.8917783329548035,38.82704369939246,0.9509765228384467
imagewoof,data/imagewoof2-320/val/n02111889/n02111889_12522.JPEG,n02111889,258,Samoyed,webp,77,258,Samoyed,0.4233568608760834,True,17787,10992,1.6181768558951966,38.04889023448282,0.9613240824874801
imagewoof,data/imagewoof2-320/val/n02111889/n02111889_12661.JPEG,n02111889,258,Samoyed,webp,77,258,Samoyed,0.5368354916572571,True,25190,19352,1.3016742455560149,37.247474377654555,0.958733779464975
imagewoof,data/imagewoof2-320/val/n02111889/n02111889_12771.JPEG,n02111889,258,Samoyed,webp,77,258,Samoyed,0.3643234670162201,True,15854,9204,1.7225119513255107,39.29597975437393,0.9515041086250453
imagewoof,data/imagewoof2-320/val/n02111889/n02111889_12811.JPEG,n02111889,258,Samoyed,webp,77,258,Samoyed,0.4426135718822479,True,22376,15866,1.410311357620068,37.561361593582696,0.9384030833967619
imagewoof,data/imagewoof2-320/val/n02111889/n02111889_12900.JPEG,n02111889,258,Samoyed,webp,77,222,kuvasz,0.16770853102207184,False,14608,8068,1.8106098165592464,39.23854063254906,0.9590262485747619
imagewoof,data/imagewoof2-320/val/n02111889/n02111889_13000.JPEG,n02111889,258,Samoyed,webp,77,258,Samoyed,0.5006143450737,True,33894,30356,1.1165502701278165,35.63895331135687,0.9632103969351317
imagewoof,data/imagewoof2-320/val/n02111889/n02111889_13062.JPEG,n02111889,258,Samoyed,webp,77,258,Samoyed,0.283604234457016,True,24892,19096,1.3035190615835777,36.481983080788495,0.9621392840653692
imagewoof,data/imagewoof2-320/val/n02111889/n02111889_1311.JPEG,n02111889,258,Samoyed,webp,77,258,Samoyed,0.46882495284080505,True,19533,12882,1.516301816488123,37.827682130861724,0.9417933763639964
imagewoof,data/imagewoof2-320/val/n02111889/n02111889_13112.JPEG,n02111889,258,Samoyed,webp,77,258,Samoyed,0.1971021294593811,True,13870,6786,2.0439139404656648,38.67961082330627,0.9311998598278612
imagewoof,data/imagewoof2-320/val/n02111889/n02111889_13190.JPEG,n02111889,258,Samoyed,webp,77,222,kuvasz,0.12240977585315704,False,18186,9732,1.8686806411837238,38.788433619399584,0.9442844362028389
imagewoof,data/imagewoof2-320/val/n02111889/n02111889_13272.JPEG,n02111889,258,Samoyed,webp,77,258,Samoyed,0.5219778418540955,True,33844,29388,1.1516265142234925,34.73180848106806,0.9667716488830566
imagewoof,data/imagewoof2-320/val/n02111889/n02111889_13281.JPEG,n02111889,258,Samoyed,webp,77,258,Samoyed,0.5744578838348389,True,20877,13006,1.6051822235891127,37.82821865256439,0.9580274160626553
imagewoof,data/imagewoof2-320/val/n02111889/n02111889_1331.JPEG,n02111889,258,Samoyed,webp,77,258,Samoyed,0.5725399851799011,True,12987,6280,2.0679936305732483,40.860349827096826,0.9672734039609105
imagewoof,data/imagewoof2-320/val/n02111889/n02111889_13381.JPEG,n02111889,258,Samoyed,webp,77,258,Samoyed,0.47176095843315125,True,26377,21546,1.2242179522881278,35.95550041833815,0.9642811499040368
imagewoof,data/imagewoof2-320/val/n02111889/n02111889_1340.JPEG,n02111889,258,Samoyed,webp,77,258,Samoyed,0.4932878315448761,True,24780,16014,1.5473960284750843,36.71929714131262,0.9519886114987796
imagewoof,data/imagewoof2-320/val/n02111889/n02111889_13401.JPEG,n02111889,258,Samoyed,webp,77,250,Siberian husky,0.1254938244819641,False,30872,25910,1.191509069857198,36.22975981632634,0.9677223580864616
imagewoof,data/imagewoof2-320/val/n02111889/n02111889_13412.JPEG,n02111889,258,Samoyed,webp,77,257,Great Pyrenees,0.16536232829093933,False,24135,18944,1.2740181587837838,36.37759414081216,0.9596413207092663
imagewoof,data/imagewoof2-320/val/n02111889/n02111889_13491.JPEG,n02111889,258,Samoyed,webp,77,258,Samoyed,0.18459293246269226,True,20771,14380,1.4444367176634214,37.52334873958012,0.9464760674554485
imagewoof,data/imagewoof2-320/val/n02111889/n02111889_13561.JPEG,n02111889,258,Samoyed,webp,77,258,Samoyed,0.36387479305267334,True,12662,6760,1.873076923076923,38.94837164224605,0.9452918317893825
imagewoof,data/imagewoof2-320/val/n02111889/n02111889_13580.JPEG,n02111889,258,Samoyed,webp,77,258,Samoyed,0.43239644169807434,True,36458,31196,1.1686754712142582,35.323256325105156,0.9564530653465814
imagewoof,data/imagewoof2-320/val/n02111889/n02111889_13662.JPEG,n02111889,258,Samoyed,webp,77,258,Samoyed,0.825843334197998,True,29973,25450,1.177721021611002,36.13380724930019,0.9610067537657692
imagewoof,data/imagewoof2-320/val/n02111889/n02111889_13672.JPEG,n02111889,258,Samoyed,webp,77,258,Samoyed,0.2511744201183319,True,35038,28770,1.2178658324643725,35.60767406105766,0.9619591301322031
imagewoof,data/imagewoof2-320/val/n02111889/n02111889_13720.JPEG,n02111889,258,Samoyed,webp,77,258,Samoyed,0.49666422605514526,True,16380,10602,1.5449915110356536,37.90366611178031,0.9552093827370247
imagewoof,data/imagewoof2-320/val/n02111889/n02111889_13762.JPEG,n02111889,258,Samoyed,webp,77,258,Samoyed,0.18016599118709564,True,21504,16280,1.3208845208845208,37.06464659163325,0.9524902121244243
imagewoof,data/imagewoof2-320/val/n02111889/n02111889_13771.JPEG,n02111889,258,Samoyed,webp,77,258,Samoyed,0.4176219403743744,True,20016,16700,1.198562874251497,35.96058134162113,0.9548168867548444
imagewoof,data/imagewoof2-320/val/n02111889/n02111889_13772.JPEG,n02111889,258,Samoyed,webp,77,258,Samoyed,0.5107414722442627,True,32991,29628,1.1135074929121103,35.335467609136565,0.9600166622309741
imagewoof,data/imagewoof2-320/val/n02111889/n02111889_1381.JPEG,n02111889,258,Samoyed,webp,77,258,Samoyed,0.5540518760681152,True,32026,28530,1.1225376796354714,35.227295673360764,0.9625426567885437
imagewoof,data/imagewoof2-320/val/n02111889/n02111889_13881.JPEG,n02111889,258,Samoyed,webp,77,258,Samoyed,0.6084527373313904,True,17001,10244,1.6596056228035923,38.32564442978162,0.9388175959576377
imagewoof,data/imagewoof2-320/val/n02111889/n02111889_14000.JPEG,n02111889,258,Samoyed,webp,77,258,Samoyed,0.5258165001869202,True,42684,39482,1.0811002482143761,35.18487044379842,0.9773252472853455
imagewoof,data/imagewoof2-320/val/n02111889/n02111889_1402.JPEG,n02111889,258,Samoyed,webp,77,258,Samoyed,0.3910318613052368,True,25530,19922,1.2814978415821705,36.30867413855209,0.9586005487420772
imagewoof,data/imagewoof2-320/val/n02111889/n02111889_14190.JPEG,n02111889,258,Samoyed,webp,77,258,Samoyed,0.46754932403564453,True,18828,12336,1.5262645914396886,38.0690663592165,0.9523894737631359
imagewoof,data/imagewoof2-320/val/n02111889/n02111889_1421.JPEG,n02111889,258,Samoyed,webp,77,258,Samoyed,0.5608001947402954,True,26166,21728,1.2042525773195876,36.29235704630853,0.9582657828956441
imagewoof,data/imagewoof2-320/val/n02111889/n02111889_14252.JPEG,n02111889,258,Samoyed,webp,77,258,Samoyed,0.3724621832370758,True,21044,15774,1.3340940788639533,38.70530854529168,0.9590372449629392
imagewoof,data/imagewoof2-320/val/n02111889/n02111889_14260.JPEG,n02111889,258,Samoyed,webp,77,258,Samoyed,0.507192075252533,True,45127,42420,1.0638142385667138,34.79736970601263,0.975415923332609
imagewoof,data/imagewoof2-320/val/n02111889/n02111889_14292.JPEG,n02111889,258,Samoyed,webp,77,258,Samoyed,0.32198846340179443,True,18786,12236,1.5353056554429552,37.768186957353215,0.9566786491500984
imagewoof,data/imagewoof2-320/val/n02111889/n02111889_14300.JPEG,n02111889,258,Samoyed,webp,77,258,Samoyed,0.44172748923301697,True,17319,9700,1.7854639175257732,38.97107997188394,0.9587106622486358
imagewoof,data/imagewoof2-320/val/n02111889/n02111889_14322.JPEG,n02111889,258,Samoyed,webp,77,258,Samoyed,0.4176688492298126,True,14142,7236,1.9543946932006633,39.60027144323533,0.9478862963993819
imagewoof,data/imagewoof2-320/val/n02111889/n02111889_14421.JPEG,n02111889,258,Samoyed,webp,77,258,Samoyed,0.4566980004310608,True,20735,15486,1.3389513108614233,36.74009558700724,0.9256898775435216
imagewoof,data/imagewoof2-320/val/n02111889/n02111889_14441.JPEG,n02111889,258,Samoyed,webp,77,258,Samoyed,0.4825838804244995,True,28892,25876,1.1165558818982841,35.96621149978602,0.9519109943923745
imagewoof,data/imagewoof2-320/val/n02111889/n02111889_14450.JPEG,n02111889,258,Samoyed,webp,77,258,Samoyed,0.47197744250297546,True,14179,7570,1.8730515191545574,39.99853054611895,0.959952339064599
imagewoof,data/imagewoof2-320/val/n02111889/n02111889_14501.JPEG,n02111889,258,Samoyed,webp,77,258,Samoyed,0.47308725118637085,True,23042,16854,1.3671531980538745,37.75705313241758,0.9595121625065106
imagewoof,data/imagewoof2-320/val/n02111889/n02111889_1451.JPEG,n02111889,258,Samoyed,webp,77,258,Samoyed,0.5830822587013245,True,29443,25184,1.1691153113087676,36.2806012812969,0.9590390529806999
imagewoof,data/imagewoof2-320/val/n02111889/n02111889_14541.JPEG,n02111889,258,Samoyed,webp,77,258,Samoyed,0.291098415851593,True,16892,10168,1.6612903225806452,38.431712643993954,0.94693923096648
imagewoof,data/imagewoof2-320/val/n02111889/n02111889_14571.JPEG,n02111889,258,Samoyed,webp,77,258,Samoyed,0.21691444516181946,True,37678,36000,1.0466111111111112,34.93752791522701,0.9789170663997081
imagewoof,data/imagewoof2-320/val/n02111889/n02111889_14572.JPEG,n02111889,258,Samoyed,webp,77,258,Samoyed,0.2818228006362915,True,19585,12470,1.570569366479551,37.759399907420224,0.936919402516008
imagewoof,data/imagewoof2-320/val/n02111889/n02111889_14592.JPEG,n02111889,258,Samoyed,webp,77,258,Samoyed,0.3070845603942871,True,20843,13924,1.4969118069520253,37.63080784004432,0.9454577717686129
imagewoof,data/imagewoof2-320/val/n02111889/n02111889_14690.JPEG,n02111889,258,Samoyed,webp,77,258,Samoyed,0.3278527557849884,True,33059,28784,1.1485200111172873,35.19624184985067,0.9724325081130494
imagewoof,data/imagewoof2-320/val/n02111889/n02111889_1472.JPEG,n02111889,258,Samoyed,webp,77,258,Samoyed,0.38422906398773193,True,21720,14392,1.50917176209005,38.103567286769135,0.9564450428503762
imagewoof,data/imagewoof2-320/val/n02111889/n02111889_1491.JPEG,n02111889,258,Samoyed,webp,77,258,Samoyed,0.39641886949539185,True,20187,13088,1.5424052567237163,37.54819359662274,0.9491750218341805
imagewoof,data/imagewoof2-320/val/n02111889/n02111889_14982.JPEG,n02111889,258,Samoyed,webp,77,258,Samoyed,0.5447482466697693,True,22715,16878,1.3458348145514871,37.10900187608616,0.9444781602354926
imagewoof,data/imagewoof2-320/val/n02111889/n02111889_1501.JPEG,n02111889,258,Samoyed,webp,77,258,Samoyed,0.46760791540145874,True,14757,8362,1.7647691939727337,39.35982813598541,0.9509468513468115
imagewoof,data/imagewoof2-320/val/n02111889/n02111889_15020.JPEG,n02111889,258,Samoyed,webp,77,258,Samoyed,0.47274672985076904,True,30594,26582,1.1509292002106688,35.94102844735395,0.9603607298692544
imagewoof,data/imagewoof2-320/val/n02111889/n02111889_15030.JPEG,n02111889,258,Samoyed,webp,77,258,Samoyed,0.48147666454315186,True,17295,10756,1.607939754555597,38.206292472588025,0.9316542948528327
imagewoof,data/imagewoof2-320/val/n02111889/n02111889_15060.JPEG,n02111889,258,Samoyed,webp,77,258,Samoyed,0.24600644409656525,True,18940,12954,1.4620966496834955,37.19115024407504,0.9368916830703341
imagewoof,data/imagewoof2-320/val/n02111889/n02111889_15201.JPEG,n02111889,258,Samoyed,webp,77,258,Samoyed,0.40340733528137207,True,21945,14862,1.476584578118692,37.75968799778324,0.9543116423489164
imagewoof,data/imagewoof2-320/val/n02111889/n02111889_1532.JPEG,n02111889,258,Samoyed,webp,77,258,Samoyed,0.39727428555488586,True,39346,38044,1.0342235306487226,34.63838280646236,0.9691070099433575
imagewoof,data/imagewoof2-320/val/n02111889/n02111889_15351.JPEG,n02111889,258,Samoyed,webp,77,258,Samoyed,0.15435345470905304,True,36997,34748,1.064723149533786,34.68606790857496,0.967509010158559
imagewoof,data/imagewoof2-320/val/n02111889/n02111889_15370.JPEG,n02111889,258,Samoyed,webp,77,258,Samoyed,0.5316019654273987,True,18693,12460,1.5002407704654896,38.144139410919145,0.9593459802917689
imagewoof,data/imagewoof2-320/val/n02111889/n02111889_15472.JPEG,n02111889,258,Samoyed,webp,77,258,Samoyed,0.4471619129180908,True,19970,13664,1.4615046838407495,37.296844922532124,0.9333426898195899
imagewoof,data/imagewoof2-320/val/n02111889/n02111889_15561.JPEG,n02111889,258,Samoyed,webp,77,258,Samoyed,0.36852964758872986,True,16075,10432,1.5409317484662577,38.142292635334826,0.9668210994097093
imagewoof,data/imagewoof2-320/val/n02111889/n02111889_15590.JPEG,n02111889,258,Samoyed,webp,77,258,Samoyed,0.4504784643650055,True,19897,12774,1.5576170346015343,38.44305950227462,0.9518854256038806
imagewoof,data/imagewoof2-320/val/n02111889/n02111889_15610.JPEG,n02111889,258,Samoyed,webp,77,258,Samoyed,0.3806919753551483,True,25783,18188,1.4175830217725973,36.78410701252335,0.962096815695642
imagewoof,data/imagewoof2-320/val/n02111889/n02111889_15691.JPEG,n02111889,258,Samoyed,webp,77,258,Samoyed,0.4575929641723633,True,19539,11756,1.6620449132357944,37.46655726527962,0.9400403167817757
imagewoof,data/imagewoof2-320/val/n02111889/n02111889_15842.JPEG,n02111889,258,Samoyed,webp,77,258,Samoyed,0.2837805151939392,True,19926,12140,1.6413509060955518,37.497073073160344,0.9372323256853283
imagewoof,data/imagewoof2-320/val/n02111889/n02111889_15862.JPEG,n02111889,258,Samoyed,webp,77,258,Samoyed,0.4490072727203369,True,19080,11848,1.6103983794733288,37.8932518868097,0.9380782173276021
imagewoof,data/imagewoof2-320/val/n02111889/n02111889_15962.JPEG,n02111889,258,Samoyed,webp,77,258,Samoyed,0.7526129484176636,True,24685,16812,1.4682964549131572,37.01271464461003,0.952767936403073
imagewoof,data/imagewoof2-320/val/n02111889/n02111889_16090.JPEG,n02111889,258,Samoyed,webp,77,258,Samoyed,0.32313305139541626,True,16943,10278,1.6484724654602063,38.62539725295847,0.951098024129633
imagewoof,data/imagewoof2-320/val/n02111889/n02111889_16101.JPEG,n02111889,258,Samoyed,webp,77,258,Samoyed,0.4169107973575592,True,11191,5744,1.9482938718662952,41.45221014617309,0.9703409127222985
imagewoof,data/imagewoof2-320/val/n02111889/n02111889_1622.JPEG,n02111889,258,Samoyed,webp,77,258,Samoyed,0.14499296247959137,True,21579,15432,1.3983281493001556,37.03081050556515,0.9365778121654132
imagewoof,data/imagewoof2-320/val/n02111889/n02111889_16242.JPEG,n02111889,258,Samoyed,webp,77,258,Samoyed,0.691368579864502,True,35888,29662,1.209898186231542,34.92196366048721,0.9622724855955154
imagewoof,data/imagewoof2-320/val/n02111889/n02111889_16330.JPEG,n02111889,258,Samoyed,webp,77,258,Samoyed,0.4807306230068207,True,12858,6668,1.9283143371325735,40.30451731887069,0.9554739972703858
imagewoof,data/imagewoof2-320/val/n02111889/n02111889_16371.JPEG,n02111889,258,Samoyed,webp,77,258,Samoyed,0.3498636484146118,True,15111,8300,1.8206024096385542,39.8089506087604,0.9574072414478342
imagewoof,data/imagewoof2-320/val/n02111889/n02111889_16400.JPEG,n02111889,258,Samoyed,webp,77,258,Samoyed,0.485248327255249,True,34130,31124,1.0965814162704022,35.538247242413405,0.9683574917044852
imagewoof,data/imagewoof2-320/val/n02111889/n02111889_1642.JPEG,n02111889,258,Samoyed,webp,77,258,Samoyed,0.3991261422634125,True,23333,16820,1.387217598097503,37.31214349490936,0.9615790018658282
imagewoof,data/imagewoof2-320/val/n02111889/n02111889_16421.JPEG,n02111889,258,Samoyed,webp,77,258,Samoyed,0.30884942412376404,True,24974,18094,1.3802365425002763,36.94096135854973,0.9564839775015276
imagewoof,data/imagewoof2-320/val/n02111889/n02111889_16490.JPEG,n02111889,258,Samoyed,webp,77,258,Samoyed,0.34900444746017456,True,14264,7034,2.0278646573784473,38.86788800161241,0.9357428263599911
imagewoof,data/imagewoof2-320/val/n02111889/n02111889_16541.JPEG,n02111889,258,Samoyed,webp,77,258,Samoyed,0.41862645745277405,True,13527,7300,1.853013698630137,39.52886519063111,0.9632723977143698
imagewoof,data/imagewoof2-320/val/n02111889/n02111889_16560.JPEG,n02111889,258,Samoyed,webp,77,258,Samoyed,0.29163217544555664,True,40100,36444,1.1003182965645923,34.84228668240053,0.9656098855601587
imagewoof,data/imagewoof2-320/val/n02111889/n02111889_1660.JPEG,n02111889,258,Samoyed,webp,77,258,Samoyed,0.4929339587688446,True,16776,9480,1.769620253164557,39.16641048574146,0.9594043266090478
imagewoof,data/imagewoof2-320/val/n02111889/n02111889_16622.JPEG,n02111889,258,Samoyed,webp,77,258,Samoyed,0.4766484797000885,True,16731,9048,1.8491379310344827,38.92892923527169,0.950774195460608
imagewoof,data/imagewoof2-320/val/n02111889/n02111889_16681.JPEG,n02111889,258,Samoyed,webp,77,258,Samoyed,0.5127266645431519,True,29198,25010,1.167453018792483,36.055085956774874,0.9551419819594212
imagewoof,data/imagewoof2-320/val/n02111889/n02111889_16732.JPEG,n02111889,258,Samoyed,webp,77,258,Samoyed,0.262103408575058,True,12247,5820,2.104295532646048,40.406887362011865,0.959544599558766
imagewoof,data/imagewoof2-320/val/n02111889/n02111889_1682.JPEG,n02111889,258,Samoyed,webp,77,258,Samoyed,0.4591991603374481,True,15783,10042,1.5716988647679746,39.197616151942405,0.9673333538578287
imagewoof,data/imagewoof2-320/val/n02111889/n02111889_16830.JPEG,n02111889,258,Samoyed,webp,77,258,Samoyed,0.46469175815582275,True,15628,8714,1.7934358503557493,38.837606449731965,0.9476144072460236
imagewoof,data/imagewoof2-320/val/n02111889/n02111889_16842.JPEG,n02111889,258,Samoyed,webp,77,222,kuvasz,0.18904505670070648,False,34548,32404,1.0661646710282682,34.991937577925796,0.9653566506536276
imagewoof,data/imagewoof2-320/val/n02111889/n02111889_16902.JPEG,n02111889,258,Samoyed,webp,77,258,Samoyed,0.43549153208732605,True,23638,18612,1.270040833870621,36.97718295753318,0.9607419916262937
imagewoof,data/imagewoof2-320/val/n02111889/n02111889_16930.JPEG,n02111889,258,Samoyed,webp,77,258,Samoyed,0.4442294239997864,True,51985,52030,0.9991351143571017,34.72422899192044,0.9804118497374524
imagewoof,data/imagewoof2-320/val/n02111889/n02111889_16961.JPEG,n02111889,258,Samoyed,webp,77,258,Samoyed,0.37058788537979126,True,39366,36234,1.0864381520119224,35.485393712187076,0.9744718423745843
imagewoof,data/imagewoof2-320/val/n02111889/n02111889_16990.JPEG,n02111889,258,Samoyed,webp,77,258,Samoyed,0.45927709341049194,True,11456,5572,2.055994256999282,40.658837316009404,0.965792844493459
imagewoof,data/imagewoof2-320/val/n02111889/n02111889_17012.JPEG,n02111889,258,Samoyed,webp,77,258,Samoyed,0.20505738258361816,True,22103,15740,1.40425667090216,37.639062666887625,0.939062713245058
imagewoof,data/imagewoof2-320/val/n02111889/n02111889_17131.JPEG,n02111889,258,Samoyed,webp,77,258,Samoyed,0.48811256885528564,True,29806,24744,1.2045748464274169,36.20129068290346,0.9587669802262478
imagewoof,data/imagewoof2-320/val/n02111889/n02111889_17140.JPEG,n02111889,258,Samoyed,webp,77,258,Samoyed,0.3743101954460144,True,17049,10470,1.6283667621776505,37.86822011550533,0.9529699996722195
imagewoof,data/imagewoof2-320/val/n02111889/n02111889_17192.JPEG,n02111889,258,Samoyed,webp,77,258,Samoyed,0.3817634880542755,True,35410,32456,1.0910155287157999,34.56438636140169,0.9643942593348535
imagewoof,data/imagewoof2-320/val/n02111889/n02111889_17211.JPEG,n02111889,258,Samoyed,webp,77,258,Samoyed,0.4322086572647095,True,13857,7202,1.9240488753124132,39.55081266095339,0.9498584022495237
imagewoof,data/imagewoof2-320/val/n02111889/n02111889_17251.JPEG,n02111889,258,Samoyed,webp,77,258,Samoyed,0.27165254950523376,True,13448,7160,1.8782122905027934,39.862811845910144,0.9527105760445016
imagewoof,data/imagewoof2-320/val/n02111889/n02111889_17281.JPEG,n02111889,258,Samoyed,webp,77,258,Samoyed,0.32006633281707764,True,17979,10490,1.7139180171591992,38.47970058301023,0.9393612210893653
imagewoof,data/imagewoof2-320/val/n02111889/n02111889_17340.JPEG,n02111889,258,Samoyed,webp,77,258,Samoyed,0.37652480602264404,True,25808,20256,1.2740916271721958,36.86956002872892,0.9535607251749681
imagewoof,data/imagewoof2-320/val/n02111889/n02111889_17400.JPEG,n02111889,258,Samoyed,webp,77,258,Samoyed,0.21764889359474182,True,14325,8366,1.712287831699737,38.888513938550105,0.9606960759445068
imagewoof,data/imagewoof2-320/val/n02111889/n02111889_17401.JPEG,n02111889,258,Samoyed,webp,77,258,Samoyed,0.3874708414077759,True,14937,8372,1.7841614906832297,39.0477380078995,0.9538294280768502
imagewoof,data/imagewoof2-320/val/n02111889/n02111889_17450.JPEG,n02111889,258,Samoyed,webp,77,258,Samoyed,0.36197635531425476,True,16191,8988,1.8014018691588785,38.89508734948749,0.9402116057499037
imagewoof,data/imagewoof2-320/val/n02111889/n02111889_17462.JPEG,n02111889,258,Samoyed,webp,77,258,Samoyed,0.3726728558540344,True,26880,16790,1.6009529481834426,38.128296898825226,0.9572885155343576
imagewoof,data/imagewoof2-320/val/n02111889/n02111889_1750.JPEG,n02111889,258,Samoyed,webp,77,257,Great Pyrenees,0.4515599310398102,False,15707,9856,1.5936485389610389,38.61179377217772,0.9621372591394897
imagewoof,data/imagewoof2-320/val/n02111889/n02111889_17511.JPEG,n02111889,258,Samoyed,webp,77,258,Samoyed,0.22118732333183289,True,20183,15264,1.322261530398323,36.93164853922656,0.9482091802235896
imagewoof,data/imagewoof2-320/val/n02111889/n02111889_17521.JPEG,n02111889,258,Samoyed,webp,77,258,Samoyed,0.3634689450263977,True,14222,7580,1.8762532981530342,38.977371493986745,0.9538042560364852
imagewoof,data/imagewoof2-320/val/n02111889/n02111889_17522.JPEG,n02111889,258,Samoyed,webp,77,258,Samoyed,0.21862632036209106,True,13617,6716,2.0275461584276355,41.33200689221201,0.9681904170198999
imagewoof,data/imagewoof2-320/val/n02111889/n02111889_17530.JPEG,n02111889,258,Samoyed,webp,77,258,Samoyed,0.3210478723049164,True,14932,8158,1.8303505761215983,39.071447116470985,0.9560909291858621
imagewoof,data/imagewoof2-320/val/n02111889/n02111889_17532.JPEG,n02111889,258,Samoyed,webp,77,258,Samoyed,0.15332543849945068,True,29833,26610,1.121119879744457,34.832736694991,0.970063692062442
imagewoof,data/imagewoof2-320/val/n02111889/n02111889_17561.JPEG,n02111889,258,Samoyed,webp,77,258,Samoyed,0.4630565941333771,True,22717,18660,1.217416934619507,36.553446990426686,0.9619025870500068
imagewoof,data/imagewoof2-320/val/n02111889/n02111889_17580.JPEG,n02111889,258,Samoyed,webp,77,258,Samoyed,0.3154008686542511,True,14720,7554,1.9486364839819963,40.02938015118028,0.9525541855700744
imagewoof,data/imagewoof2-320/val/n02111889/n02111889_1762.JPEG,n02111889,258,Samoyed,webp,77,258,Samoyed,0.6622601747512817,True,23851,17952,1.3285984848484849,36.934926668233764,0.94996401605327
imagewoof,data/imagewoof2-320/val/n02111889/n02111889_17640.JPEG,n02111889,258,Samoyed,webp,77,258,Samoyed,0.3874121904373169,True,17710,13396,1.322036428784712,38.08514395168052,0.9666694881599728
imagewoof,data/imagewoof2-320/val/n02111889/n02111889_1771.JPEG,n02111889,258,Samoyed,webp,77,258,Samoyed,0.4813850522041321,True,14281,8160,1.750122549019608,38.836570806184774,0.9610806210264377
imagewoof,data/imagewoof2-320/val/n02111889/n02111889_1772.JPEG,n02111889,258,Samoyed,webp,77,258,Samoyed,0.5126430988311768,True,26946,19344,1.3929900744416874,36.42973035745486,0.9536632798444463
imagewoof,data/imagewoof2-320/val/n02111889/n02111889_17742.JPEG,n02111889,258,Samoyed,webp,77,258,Samoyed,0.33139535784721375,True,27114,22246,1.2188258563337229,36.522011299067884,0.9609476566928189
imagewoof,data/imagewoof2-320/val/n02111889/n02111889_17791.JPEG,n02111889,258,Samoyed,webp,77,258,Samoyed,0.5125880837440491,True,16403,9258,1.7717649600345646,38.396484897121596,0.9344927045032425
imagewoof,data/imagewoof2-320/val/n02111889/n02111889_17881.JPEG,n02111889,258,Samoyed,webp,77,258,Samoyed,0.6398930549621582,True,23804,16220,1.4675709001233046,37.57878531337038,0.9596958940037957
imagewoof,data/imagewoof2-320/val/n02111889/n02111889_17901.JPEG,n02111889,258,Samoyed,webp,77,258,Samoyed,0.43108153343200684,True,15920,8664,1.837488457987073,39.48017018887799,0.949656084346949
imagewoof,data/imagewoof2-320/val/n02111889/n02111889_1791.JPEG,n02111889,258,Samoyed,webp,77,258,Samoyed,0.36402663588523865,True,13615,7162,1.9010053057805083,40.3939960067127,0.9592549726159622
imagewoof,data/imagewoof2-320/val/n02111889/n02111889_1792.JPEG,n02111889,258,Samoyed,webp,77,279,Arctic fox,0.2810323238372803,False,9112,3420,2.664327485380117,42.10717289006719,0.959780550577397
imagewoof,data/imagewoof2-320/val/n02111889/n02111889_17972.JPEG,n02111889,258,Samoyed,webp,77,258,Samoyed,0.5874335169792175,True,29701,22732,1.3065722329755411,36.108937943615736,0.9561987476176252
imagewoof,data/imagewoof2-320/val/n02111889/n02111889_18060.JPEG,n02111889,258,Samoyed,webp,77,258,Samoyed,0.6778513789176941,True,31726,27408,1.157545242265032,35.64481176111771,0.9659318632274188
imagewoof,data/imagewoof2-320/val/n02111889/n02111889_1812.JPEG,n02111889,258,Samoyed,webp,77,258,Samoyed,0.33000633120536804,True,24157,19896,1.2141636509851226,36.587377494148484,0.9534743960559261
imagewoof,data/imagewoof2-320/val/n02111889/n02111889_1822.JPEG,n02111889,258,Samoyed,webp,77,258,Samoyed,0.6605902314186096,True,23129,15662,1.4767590346060528,37.45673508091948,0.9557736118866287
imagewoof,data/imagewoof2-320/val/n02111889/n02111889_1841.JPEG,n02111889,258,Samoyed,webp,77,258,Samoyed,0.43752434849739075,True,35077,31702,1.106460160242256,34.68346668011533,0.9660290929288488
imagewoof,data/imagewoof2-320/val/n02111889/n02111889_1842.JPEG,n02111889,258,Samoyed,webp,77,258,Samoyed,0.4239654839038849,True,16567,9260,1.7890928725701944,39.13645092597563,0.9499254928889522
imagewoof,data/imagewoof2-320/val/n02111889/n02111889_1890.JPEG,n02111889,258,Samoyed,webp,77,258,Samoyed,0.0984836220741272,True,30833,23978,1.2858870631412127,34.77486831130898,0.952823588297281
imagewoof,data/imagewoof2-320/val/n02111889/n02111889_1931.JPEG,n02111889,258,Samoyed,webp,77,258,Samoyed,0.34535399079322815,True,36355,33468,1.086261503525756,36.123640740539635,0.9688142691335386
imagewoof,data/imagewoof2-320/val/n02111889/n02111889_1951.JPEG,n02111889,258,Samoyed,webp,77,258,Samoyed,0.40095776319503784,True,19172,13286,1.4430227306939636,37.86701351034252,0.9494557686886665
imagewoof,data/imagewoof2-320/val/n02111889/n02111889_1961.JPEG,n02111889,258,Samoyed,webp,77,258,Samoyed,0.32646501064300537,True,8983,4208,2.1347433460076046,41.367214107142864,0.9685525404536667
imagewoof,data/imagewoof2-320/val/n02111889/n02111889_1991.JPEG,n02111889,258,Samoyed,webp,77,258,Samoyed,0.48356834053993225,True,13447,6920,1.943208092485549,39.49419990476643,0.9602660093216926
imagewoof,data/imagewoof2-320/val/n02111889/n02111889_2030.JPEG,n02111889,258,Samoyed,webp,77,258,Samoyed,0.48881813883781433,True,23170,12640,1.8330696202531647,38.85272733823377,0.9516294885454414
imagewoof,data/imagewoof2-320/val/n02111889/n02111889_2050.JPEG,n02111889,258,Samoyed,webp,77,258,Samoyed,0.2798636555671692,True,21089,12774,1.6509315797714106,37.778851331534355,0.9555789396967557
imagewoof,data/imagewoof2-320/val/n02111889/n02111889_2112.JPEG,n02111889,258,Samoyed,webp,77,258,Samoyed,0.34780097007751465,True,21399,16390,1.3056131787675411,36.51095208626288,0.9500510965715377
imagewoof,data/imagewoof2-320/val/n02111889/n02111889_2121.JPEG,n02111889,258,Samoyed,webp,77,258,Samoyed,0.3678005337715149,True,25877,20062,1.289851460472535,36.78194496127447,0.9570076639787543
imagewoof,data/imagewoof2-320/val/n02111889/n02111889_2132.JPEG,n02111889,258,Samoyed,webp,77,258,Samoyed,0.3254876136779785,True,14316,7852,1.8232297503820682,39.937334131812406,0.9525834765091092
imagewoof,data/imagewoof2-320/val/n02111889/n02111889_2181.JPEG,n02111889,258,Samoyed,webp,77,258,Samoyed,0.15146476030349731,True,25206,17800,1.416067415730337,36.902393398470124,0.9481960399996693
imagewoof,data/imagewoof2-320/val/n02111889/n02111889_2212.JPEG,n02111889,258,Samoyed,webp,77,258,Samoyed,0.4507068991661072,True,17448,10724,1.6270048489369637,37.848616039580996,0.9543250677869413
imagewoof,data/imagewoof2-320/val/n02111889/n02111889_2231.JPEG,n02111889,258,Samoyed,webp,77,258,Samoyed,0.21571095287799835,True,24116,17076,1.41227453736238,36.697886684609045,0.9512739774873756
imagewoof,data/imagewoof2-320/val/n02111889/n02111889_2241.JPEG,n02111889,258,Samoyed,webp,77,258,Samoyed,0.1675214171409607,True,15652,8952,1.7484361036639857,38.73871869875017,0.9470753956805839
imagewoof,data/imagewoof2-320/val/n02111889/n02111889_2251.JPEG,n02111889,258,Samoyed,webp,77,258,Samoyed,0.4219147264957428,True,30450,26192,1.1625687232742823,36.313555291547374,0.9743427528733358
imagewoof,data/imagewoof2-320/val/n02111889/n02111889_2262.JPEG,n02111889,258,Samoyed,webp,77,258,Samoyed,0.5712594389915466,True,26960,21616,1.2472242783123613,36.2985397220494,0.9466203548537515
imagewoof,data/imagewoof2-320/val/n02111889/n02111889_2290.JPEG,n02111889,258,Samoyed,webp,77,258,Samoyed,0.4677116572856903,True,18500,12016,1.5396138482023969,38.16696976486277,0.9639325985392454
imagewoof,data/imagewoof2-320/val/n02111889/n02111889_2342.JPEG,n02111889,258,Samoyed,webp,77,258,Samoyed,0.3203308582305908,True,18495,12586,1.4694899094231686,37.40126103227935,0.9466236085906975
imagewoof,data/imagewoof2-320/val/n02111889/n02111889_2361.JPEG,n02111889,258,Samoyed,webp,77,258,Samoyed,0.46535468101501465,True,41272,37680,1.0953290870488324,34.95254477791979,0.9698471623797934
imagewoof,data/imagewoof2-320/val/n02111889/n02111889_2410.JPEG,n02111889,258,Samoyed,webp,77,258,Samoyed,0.1590200513601303,True,24241,20880,1.1609674329501916,35.81966588959534,0.9651532341244753
imagewoof,data/imagewoof2-320/val/n02111889/n02111889_2442.JPEG,n02111889,258,Samoyed,webp,77,258,Samoyed,0.4328291416168213,True,12681,6462,1.9623955431754874,40.23161473933088,0.9588890052300192
imagewoof,data/imagewoof2-320/val/n02111889/n02111889_2451.JPEG,n02111889,258,Samoyed,webp,77,258,Samoyed,0.3526670038700104,True,28728,24596,1.1679947959017727,35.95786192920667,0.9559677304345389
imagewoof,data/imagewoof2-320/val/n02111889/n02111889_2650.JPEG,n02111889,258,Samoyed,webp,77,258,Samoyed,0.2791809141635895,True,14368,9514,1.5101955013664075,38.253081634157894,0.9568855262566281
imagewoof,data/imagewoof2-320/val/n02111889/n02111889_2662.JPEG,n02111889,258,Samoyed,webp,77,258,Samoyed,0.29655179381370544,True,38129,36016,1.058668369613505,34.52791587406569,0.9679629903809546
imagewoof,data/imagewoof2-320/val/n02111889/n02111889_2670.JPEG,n02111889,258,Samoyed,webp,77,258,Samoyed,0.3080141246318817,True,17489,10098,1.7319271142800554,38.061587045039495,0.9309055102051716
imagewoof,data/imagewoof2-320/val/n02111889/n02111889_271.JPEG,n02111889,258,Samoyed,webp,77,258,Samoyed,0.43222370743751526,True,20464,13284,1.540499849442939,37.71606782072065,0.965553501324603
imagewoof,data/imagewoof2-320/val/n02111889/n02111889_2732.JPEG,n02111889,258,Samoyed,webp,77,258,Samoyed,0.6014937162399292,True,18209,11204,1.6252231345947876,37.263496868643784,0.9668613133675161
imagewoof,data/imagewoof2-320/val/n02111889/n02111889_2772.JPEG,n02111889,258,Samoyed,webp,77,222,kuvasz,0.1929432600736618,False,24135,17008,1.4190380997177798,37.41363238872346,0.9567624571167715
imagewoof,data/imagewoof2-320/val/n02111889/n02111889_2801.JPEG,n02111889,258,Samoyed,webp,77,258,Samoyed,0.34126049280166626,True,44767,43400,1.0314976958525346,34.31484688796392,0.9748751492865577
imagewoof,data/imagewoof2-320/val/n02111889/n02111889_281.JPEG,n02111889,258,Samoyed,webp,77,258,Samoyed,0.6120542287826538,True,17225,9964,1.7287234042553192,38.34918224627814,0.9466605695221482
imagewoof,data/imagewoof2-320/val/n02111889/n02111889_2820.JPEG,n02111889,258,Samoyed,webp,77,258,Samoyed,0.6044121384620667,True,25543,18684,1.3671055448512095,36.74710089414334,0.9637073818839431
imagewoof,data/imagewoof2-320/val/n02111889/n02111889_2842.JPEG,n02111889,258,Samoyed,webp,77,258,Samoyed,0.5084777474403381,True,17278,10816,1.597448224852071,38.82351039303693,0.9547971827600149
imagewoof,data/imagewoof2-320/val/n02111889/n02111889_2912.JPEG,n02111889,258,Samoyed,webp,77,258,Samoyed,0.5292547345161438,True,28574,23946,1.1932681867535289,35.570022894027424,0.9519066278475313
imagewoof,data/imagewoof2-320/val/n02111889/n02111889_2952.JPEG,n02111889,258,Samoyed,webp,77,258,Samoyed,0.5338783860206604,True,28911,24490,1.1805226623111473,35.95636515108189,0.951753266890725
imagewoof,data/imagewoof2-320/val/n02111889/n02111889_2962.JPEG,n02111889,258,Samoyed,webp,77,258,Samoyed,0.5892641544342041,True,38218,35494,1.0767453654138728,34.606155258381676,0.9635938037780792
imagewoof,data/imagewoof2-320/val/n02111889/n02111889_2992.JPEG,n02111889,258,Samoyed,webp,77,258,Samoyed,0.3468848466873169,True,32770,27406,1.1957235641830257,35.901527579531646,0.960823263565389
imagewoof,data/imagewoof2-320/val/n02111889/n02111889_3010.JPEG,n02111889,258,Samoyed,webp,77,258,Samoyed,0.33586883544921875,True,11567,6496,1.780634236453202,39.60928541874339,0.9723704279290311
imagewoof,data/imagewoof2-320/val/n02111889/n02111889_3041.JPEG,n02111889,258,Samoyed,webp,77,258,Samoyed,0.3123839497566223,True,25305,20284,1.2475350029579964,36.85788493802258,0.9561032019921005
imagewoof,data/imagewoof2-320/val/n02111889/n02111889_31.JPEG,n02111889,258,Samoyed,webp,77,258,Samoyed,0.6379643082618713,True,19939,15916,1.2527645136969088,36.483217290111206,0.9445340623563657
imagewoof,data/imagewoof2-320/val/n02111889/n02111889_3100.JPEG,n02111889,258,Samoyed,webp,77,258,Samoyed,0.43344658613204956,True,17330,10812,1.6028486866444691,38.11633214841029,0.939951207378957
imagewoof,data/imagewoof2-320/val/n02111889/n02111889_3132.JPEG,n02111889,258,Samoyed,webp,77,258,Samoyed,0.5366157293319702,True,24030,18764,1.28064378597314,37.32060883875845,0.9618573450933313
imagewoof,data/imagewoof2-320/val/n02111889/n02111889_3141.JPEG,n02111889,258,Samoyed,webp,77,258,Samoyed,0.5389056205749512,True,31995,29824,1.0727937231759657,35.326740513402896,0.9593741932272035
imagewoof,data/imagewoof2-320/val/n02111889/n02111889_3212.JPEG,n02111889,258,Samoyed,webp,77,258,Samoyed,0.48194414377212524,True,9214,4396,2.0959963603275704,41.72880033296549,0.9741596738828454
imagewoof,data/imagewoof2-320/val/n02111889/n02111889_3221.JPEG,n02111889,258,Samoyed,webp,77,258,Samoyed,0.5110079646110535,True,16011,8694,1.8416149068322982,37.849729938235924,0.9190250713236899
imagewoof,data/imagewoof2-320/val/n02111889/n02111889_3222.JPEG,n02111889,258,Samoyed,webp,77,258,Samoyed,0.5131596326828003,True,14553,8196,1.7756222547584188,39.20012443784445,0.9465851846936969
imagewoof,data/imagewoof2-320/val/n02111889/n02111889_3320.JPEG,n02111889,258,Samoyed,webp,77,258,Samoyed,0.5702651143074036,True,18518,11370,1.6286719437115216,38.16707470736557,0.9557931413631297
imagewoof,data/imagewoof2-320/val/n02111889/n02111889_3351.JPEG,n02111889,258,Samoyed,webp,77,258,Samoyed,0.27855783700942993,True,26493,20020,1.3233266733266733,36.0459849981511,0.9630745671277828
imagewoof,data/imagewoof2-320/val/n02111889/n02111889_3400.JPEG,n02111889,258,Samoyed,webp,77,258,Samoyed,0.41620466113090515,True,24828,18116,1.370501214396114,36.91088551423152,0.961960252349768
imagewoof,data/imagewoof2-320/val/n02111889/n02111889_3422.JPEG,n02111889,258,Samoyed,webp,77,258,Samoyed,0.2806149423122406,True,31033,26882,1.1544155940778216,35.33590615432689,0.9615419086434169
imagewoof,data/imagewoof2-320/val/n02111889/n02111889_3450.JPEG,n02111889,258,Samoyed,webp,77,258,Samoyed,0.5684236288070679,True,30089,25324,1.1881614278944874,36.1375576773953,0.9634961031963405
imagewoof,data/imagewoof2-320/val/n02111889/n02111889_3471.JPEG,n02111889,258,Samoyed,webp,77,258,Samoyed,0.46226218342781067,True,19199,12008,1.5988507661558962,37.6094638623436,0.9486359434805687
imagewoof,data/imagewoof2-320/val/n02111889/n02111889_3480.JPEG,n02111889,258,Samoyed,webp,77,258,Samoyed,0.35739973187446594,True,36663,33710,1.0876001186591515,35.150121704680785,0.9804039524717574
imagewoof,data/imagewoof2-320/val/n02111889/n02111889_3522.JPEG,n02111889,258,Samoyed,webp,77,258,Samoyed,0.8466049432754517,True,19780,13976,1.4152833428734974,38.11959804760557,0.9566277793261159
imagewoof,data/imagewoof2-320/val/n02111889/n02111889_3610.JPEG,n02111889,258,Samoyed,webp,77,258,Samoyed,0.4656151831150055,True,24009,16250,1.4774769230769231,37.78855101580342,0.9605459611918308
imagewoof,data/imagewoof2-320/val/n02111889/n02111889_3672.JPEG,n02111889,258,Samoyed,webp,77,258,Samoyed,0.44377341866493225,True,30011,24418,1.2290523384388565,36.18160018606607,0.9580015193394896
imagewoof,data/imagewoof2-320/val/n02111889/n02111889_3691.JPEG,n02111889,258,Samoyed,webp,77,258,Samoyed,0.4404861629009247,True,9552,4992,1.9134615384615385,41.85687054774304,0.9772056665854633
imagewoof,data/imagewoof2-320/val/n02111889/n02111889_3692.JPEG,n02111889,258,Samoyed,webp,77,258,Samoyed,0.4550114870071411,True,10206,4696,2.1733390119250426,41.528161809600796,0.9667104045122588
imagewoof,data/imagewoof2-320/val/n02111889/n02111889_3730.JPEG,n02111889,258,Samoyed,webp,77,258,Samoyed,0.6135282516479492,True,12163,6218,1.9560952074622064,41.448781432242576,0.9615267913538545
imagewoof,data/imagewoof2-320/val/n02111889/n02111889_3731.JPEG,n02111889,258,Samoyed,webp,77,258,Samoyed,0.2691311538219452,True,21634,17656,1.225305845038514,36.02566159523969,0.9561008375458407
imagewoof,data/imagewoof2-320/val/n02111889/n02111889_3732.JPEG,n02111889,258,Samoyed,webp,77,258,Samoyed,0.45037373900413513,True,29817,24566,1.2137507123666857,36.558643622588164,0.9548353132701396
imagewoof,data/imagewoof2-320/val/n02111889/n02111889_3760.JPEG,n02111889,258,Samoyed,webp,77,258,Samoyed,0.23841384053230286,True,30750,24124,1.2746642347869341,35.5867113415677,0.9549296684886995
imagewoof,data/imagewoof2-320/val/n02111889/n02111889_3790.JPEG,n02111889,258,Samoyed,webp,77,258,Samoyed,0.5364248752593994,True,17017,10716,1.587999253452781,38.37294601405372,0.9507832666364547
imagewoof,data/imagewoof2-320/val/n02111889/n02111889_3792.JPEG,n02111889,258,Samoyed,webp,77,258,Samoyed,0.48056384921073914,True,19910,12570,1.5839299920445504,37.533543607937446,0.9462623543257696
imagewoof,data/imagewoof2-320/val/n02111889/n02111889_3831.JPEG,n02111889,258,Samoyed,webp,77,258,Samoyed,0.5195590853691101,True,39714,39252,1.011770100886579,34.754807497475255,0.972799512173162
imagewoof,data/imagewoof2-320/val/n02111889/n02111889_3880.JPEG,n02111889,258,Samoyed,webp,77,258,Samoyed,0.39134931564331055,True,27527,24302,1.1327051271500288,35.27350010517218,0.9579101552224715
imagewoof,data/imagewoof2-320/val/n02111889/n02111889_3892.JPEG,n02111889,258,Samoyed,webp,77,258,Samoyed,0.3448673486709595,True,10260,5170,1.9845261121856868,39.9844178334484,0.9583740949645468
imagewoof,data/imagewoof2-320/val/n02111889/n02111889_3941.JPEG,n02111889,258,Samoyed,webp,77,258,Samoyed,0.4524635374546051,True,19050,11042,1.7252309364245608,38.28317833227545,0.9401446899122209
imagewoof,data/imagewoof2-320/val/n02111889/n02111889_3960.JPEG,n02111889,258,Samoyed,webp,77,258,Samoyed,0.4457554221153259,True,16567,10052,1.6481297254277756,38.227494110453954,0.9434255488421481
imagewoof,data/imagewoof2-320/val/n02111889/n02111889_3961.JPEG,n02111889,258,Samoyed,webp,77,258,Samoyed,0.4518900215625763,True,23040,16728,1.3773314203730274,37.343006284254905,0.9544744658728158
imagewoof,data/imagewoof2-320/val/n02111889/n02111889_40.JPEG,n02111889,258,Samoyed,webp,77,258,Samoyed,0.4815964102745056,True,46097,45208,1.0196646611219253,34.117633048519565,0.9787658499190552
imagewoof,data/imagewoof2-320/val/n02111889/n02111889_402.JPEG,n02111889,258,Samoyed,webp,77,258,Samoyed,0.2704663574695587,True,16169,9774,1.6542868835686515,38.30741655088723,0.9355177711601009
imagewoof,data/imagewoof2-320/val/n02111889/n02111889_4022.JPEG,n02111889,258,Samoyed,webp,77,258,Samoyed,0.1362745761871338,True,14824,8096,1.8310276679841897,39.56983250089274,0.9566251671800252
imagewoof,data/imagewoof2-320/val/n02111889/n02111889_4071.JPEG,n02111889,258,Samoyed,webp,77,258,Samoyed,0.47867828607559204,True,20779,14060,1.4778805120910383,37.70251316036414,0.9410343986991828
imagewoof,data/imagewoof2-320/val/n02111889/n02111889_4080.JPEG,n02111889,258,Samoyed,webp,77,258,Samoyed,0.62065190076828,True,17323,11078,1.5637299151471384,39.32629650688198,0.9548269757038956
imagewoof,data/imagewoof2-320/val/n02111889/n02111889_4122.JPEG,n02111889,258,Samoyed,webp,77,258,Samoyed,0.6975478529930115,True,26324,19058,1.3812572148179243,36.21821038298355,0.9456411143382439
imagewoof,data/imagewoof2-320/val/n02111889/n02111889_4142.JPEG,n02111889,258,Samoyed,webp,77,258,Samoyed,0.41294988989830017,True,31477,28030,1.1229753835176597,34.470263876396594,0.958616232879392
imagewoof,data/imagewoof2-320/val/n02111889/n02111889_4182.JPEG,n02111889,258,Samoyed,webp,77,258,Samoyed,0.23726586997509003,True,56656,56402,1.0045033864047375,34.16489739425133,0.9850113290200921
imagewoof,data/imagewoof2-320/val/n02111889/n02111889_42.JPEG,n02111889,258,Samoyed,webp,77,257,Great Pyrenees,0.27699506282806396,False,30712,26102,1.1766148187878323,35.88897249549498,0.9633778724498212
imagewoof,data/imagewoof2-320/val/n02111889/n02111889_4202.JPEG,n02111889,258,Samoyed,webp,77,258,Samoyed,0.4354930520057678,True,23266,18234,1.2759679719205879,35.97084747640468,0.9628810736487968
imagewoof,data/imagewoof2-320/val/n02111889/n02111889_4231.JPEG,n02111889,258,Samoyed,webp,77,258,Samoyed,0.4456128180027008,True,13666,7678,1.7798905965095078,40.01986251198966,0.9715834012879215
imagewoof,data/imagewoof2-320/val/n02111889/n02111889_4260.JPEG,n02111889,258,Samoyed,webp,77,258,Samoyed,0.5919524431228638,True,13861,8412,1.6477650974797908,38.78555809436207,0.9536835821046309
imagewoof,data/imagewoof2-320/val/n02111889/n02111889_4261.JPEG,n02111889,258,Samoyed,webp,77,258,Samoyed,0.3248109519481659,True,17078,9522,1.7935307708464607,38.362103173392,0.9444494085674905
imagewoof,data/imagewoof2-320/val/n02111889/n02111889_4302.JPEG,n02111889,258,Samoyed,webp,77,258,Samoyed,0.5251026153564453,True,21056,14538,1.4483422754161508,37.498448652873805,0.9716705752406813
imagewoof,data/imagewoof2-320/val/n02111889/n02111889_4310.JPEG,n02111889,258,Samoyed,webp,77,258,Samoyed,0.4274396300315857,True,15984,9588,1.6670838548185232,38.88718907988613,0.9509483749870129
imagewoof,data/imagewoof2-320/val/n02111889/n02111889_4331.JPEG,n02111889,258,Samoyed,webp,77,258,Samoyed,0.30838242173194885,True,73029,74788,0.9764801839867359,33.37256977486559,0.9892878158561018
imagewoof,data/imagewoof2-320/val/n02111889/n02111889_4381.JPEG,n02111889,258,Samoyed,webp,77,258,Samoyed,0.31234467029571533,True,20322,14466,1.4048112816258813,38.225553629413184,0.9607208674461108
imagewoof,data/imagewoof2-320/val/n02111889/n02111889_440.JPEG,n02111889,258,Samoyed,webp,77,258,Samoyed,0.19829675555229187,True,17526,10260,1.708187134502924,39.163357791348076,0.9580496743257486
imagewoof,data/imagewoof2-320/val/n02111889/n02111889_4441.JPEG,n02111889,258,Samoyed,webp,77,258,Samoyed,0.38393324613571167,True,14002,7266,1.9270575282135975,39.457927642888976,0.9513154504923622
imagewoof,data/imagewoof2-320/val/n02111889/n02111889_4460.JPEG,n02111889,258,Samoyed,webp,77,258,Samoyed,0.5002723932266235,True,14617,7664,1.9072286012526096,39.46900095769139,0.945469282752458
imagewoof,data/imagewoof2-320/val/n02111889/n02111889_4470.JPEG,n02111889,258,Samoyed,webp,77,258,Samoyed,0.5562703609466553,True,29759,23212,1.2820523866965363,36.19911057460917,0.954643922239136
imagewoof,data/imagewoof2-320/val/n02111889/n02111889_4471.JPEG,n02111889,258,Samoyed,webp,77,258,Samoyed,0.5961040258407593,True,20293,14224,1.4266732283464567,38.01541534211202,0.9545913218313163
imagewoof,data/imagewoof2-320/val/n02111889/n02111889_4520.JPEG,n02111889,258,Samoyed,webp,77,258,Samoyed,0.5134013295173645,True,29913,25014,1.1958503238186615,35.24464649771342,0.956831092599586
imagewoof,data/imagewoof2-320/val/n02111889/n02111889_4521.JPEG,n02111889,258,Samoyed,webp,77,258,Samoyed,0.5238900184631348,True,16884,9820,1.719348268839104,38.367198634308046,0.9498341194589629
imagewoof,data/imagewoof2-320/val/n02111889/n02111889_4552.JPEG,n02111889,258,Samoyed,webp,77,258,Samoyed,0.634383499622345,True,20594,14680,1.4028610354223434,37.766954308048696,0.957590084759913
imagewoof,data/imagewoof2-320/val/n02111889/n02111889_4580.JPEG,n02111889,258,Samoyed,webp,77,258,Samoyed,0.4164365530014038,True,20378,13622,1.4959624137424754,38.54504554253558,0.95820972739133
imagewoof,data/imagewoof2-320/val/n02111889/n02111889_4610.JPEG,n02111889,258,Samoyed,webp,77,258,Samoyed,0.3225935399532318,True,12208,5938,2.0559110811721117,39.4533256045726,0.9595180722630784
imagewoof,data/imagewoof2-320/val/n02111889/n02111889_4630.JPEG,n02111889,258,Samoyed,webp,77,258,Samoyed,0.2887274920940399,True,26255,21248,1.2356457078313252,36.2142454933148,0.9582688799000287
imagewoof,data/imagewoof2-320/val/n02111889/n02111889_4641.JPEG,n02111889,258,Samoyed,webp,77,258,Samoyed,0.47852739691734314,True,16025,8348,1.9196214662194537,39.34552082752929,0.9579602687205168
imagewoof,data/imagewoof2-320/val/n02111889/n02111889_4642.JPEG,n02111889,258,Samoyed,webp,77,258,Samoyed,0.38190123438835144,True,24997,19532,1.2797972557853778,36.44736713503886,0.9543661786815992
imagewoof,data/imagewoof2-320/val/n02111889/n02111889_4712.JPEG,n02111889,258,Samoyed,webp,77,258,Samoyed,0.41549062728881836,True,14010,7766,1.8040175122328097,39.562949649096744,0.9567611107878363
imagewoof,data/imagewoof2-320/val/n02111889/n02111889_4740.JPEG,n02111889,258,Samoyed,webp,77,258,Samoyed,0.4890459477901459,True,17404,11066,1.572745346105187,37.82428069197141,0.9545555203692023
imagewoof,data/imagewoof2-320/val/n02111889/n02111889_4890.JPEG,n02111889,258,Samoyed,webp,77,258,Samoyed,0.3792494833469391,True,31498,30264,1.0407745175786414,34.633073810198375,0.9651068722596073
imagewoof,data/imagewoof2-320/val/n02111889/n02111889_4950.JPEG,n02111889,258,Samoyed,webp,77,258,Samoyed,0.42753705382347107,True,24459,20516,1.1921914603236499,36.62018427452226,0.9473390687237467
imagewoof,data/imagewoof2-320/val/n02111889/n02111889_5070.JPEG,n02111889,258,Samoyed,webp,77,203,West Highland white terrier,0.18222318589687347,False,19017,15188,1.2521069265209377,36.840623578419844,0.9398340566157192
imagewoof,data/imagewoof2-320/val/n02111889/n02111889_5072.JPEG,n02111889,258,Samoyed,webp,77,258,Samoyed,0.6399164795875549,True,31600,29166,1.0834533360762533,35.08632376331617,0.952977236485228
imagewoof,data/imagewoof2-320/val/n02111889/n02111889_5121.JPEG,n02111889,258,Samoyed,webp,77,258,Samoyed,0.40438181161880493,True,38206,33974,1.1245658444693,35.36016641276668,0.9828449369854356
imagewoof,data/imagewoof2-320/val/n02111889/n02111889_5161.JPEG,n02111889,258,Samoyed,webp,77,258,Samoyed,0.7685547471046448,True,20447,12534,1.6313228019786181,38.43940707078326,0.9505102228040757
imagewoof,data/imagewoof2-320/val/n02111889/n02111889_52.JPEG,n02111889,258,Samoyed,webp,77,258,Samoyed,0.2390276938676834,True,25676,19294,1.3307764071732144,36.70955605641427,0.9672704871842578
imagewoof,data/imagewoof2-320/val/n02111889/n02111889_5201.JPEG,n02111889,258,Samoyed,webp,77,258,Samoyed,0.5929660201072693,True,21860,15690,1.3932441045251753,37.4930484335379,0.9464848218230882
imagewoof,data/imagewoof2-320/val/n02111889/n02111889_5212.JPEG,n02111889,258,Samoyed,webp,77,258,Samoyed,0.3214110732078552,True,22461,15400,1.4585064935064935,38.26634826685225,0.9561163034963815
imagewoof,data/imagewoof2-320/val/n02111889/n02111889_5220.JPEG,n02111889,258,Samoyed,webp,77,258,Samoyed,0.2486688792705536,True,16845,9606,1.7535915053091817,38.73538755291467,0.9345769455113322
imagewoof,data/imagewoof2-320/val/n02111889/n02111889_5272.JPEG,n02111889,258,Samoyed,webp,77,258,Samoyed,0.38563209772109985,True,12799,7014,1.8247790134017678,39.37387377409491,0.9533558457690243
imagewoof,data/imagewoof2-320/val/n02111889/n02111889_5280.JPEG,n02111889,258,Samoyed,webp,77,258,Samoyed,0.5053508877754211,True,10142,4932,2.0563665855636657,41.28140177459862,0.9678811675993281
imagewoof,data/imagewoof2-320/val/n02111889/n02111889_5282.JPEG,n02111889,258,Samoyed,webp,77,258,Samoyed,0.5015454292297363,True,16781,11240,1.4929715302491102,37.50528431775136,0.950068061862884
imagewoof,data/imagewoof2-320/val/n02111889/n02111889_5310.JPEG,n02111889,258,Samoyed,webp,77,222,kuvasz,0.17399701476097107,False,20418,14624,1.3961980306345734,37.75749936055489,0.950365599677157
imagewoof,data/imagewoof2-320/val/n02111889/n02111889_5312.JPEG,n02111889,258,Samoyed,webp,77,258,Samoyed,0.2088114619255066,True,23982,18790,1.276317189994678,36.81432160608346,0.9466439846404646
imagewoof,data/imagewoof2-320/val/n02111889/n02111889_5341.JPEG,n02111889,258,Samoyed,webp,77,258,Samoyed,0.4074922502040863,True,27115,20788,1.3043582836251684,37.157124689570125,0.9660896612428332
imagewoof,data/imagewoof2-320/val/n02111889/n02111889_5352.JPEG,n02111889,258,Samoyed,webp,77,258,Samoyed,0.31170758605003357,True,15188,8570,1.7722287047841307,38.78042009897873,0.9433888065674262
imagewoof,data/imagewoof2-320/val/n02111889/n02111889_5401.JPEG,n02111889,258,Samoyed,webp,77,258,Samoyed,0.28327998518943787,True,21143,14996,1.4099093091491064,37.49101977973735,0.9569749565897917
imagewoof,data/imagewoof2-320/val/n02111889/n02111889_542.JPEG,n02111889,258,Samoyed,webp,77,258,Samoyed,0.4388442039489746,True,19395,13110,1.4794050343249427,37.83845182152707,0.9450449127638058
imagewoof,data/imagewoof2-320/val/n02111889/n02111889_5440.JPEG,n02111889,258,Samoyed,webp,77,258,Samoyed,0.5616388916969299,True,11261,5198,2.1664101577529817,40.951406295514694,0.9655471248648052
imagewoof,data/imagewoof2-320/val/n02111889/n02111889_5442.JPEG,n02111889,258,Samoyed,webp,77,258,Samoyed,0.5602157711982727,True,16971,10344,1.640661252900232,38.92750463240947,0.9515113193672587
imagewoof,data/imagewoof2-320/val/n02111889/n02111889_5452.JPEG,n02111889,258,Samoyed,webp,77,257,Great Pyrenees,0.1845787614583969,False,15740,9054,1.7384581400485972,38.65097386118918,0.9563863540171025
imagewoof,data/imagewoof2-320/val/n02111889/n02111889_5470.JPEG,n02111889,258,Samoyed,webp,77,258,Samoyed,0.4031224548816681,True,20701,15398,1.3443953760228602,37.03908730008014,0.9578412853915288
imagewoof,data/imagewoof2-320/val/n02111889/n02111889_5521.JPEG,n02111889,258,Samoyed,webp,77,258,Samoyed,0.17558279633522034,True,30822,26420,1.1666161998485995,35.79673116290956,0.9599316944170114
imagewoof,data/imagewoof2-320/val/n02111889/n02111889_5532.JPEG,n02111889,258,Samoyed,webp,77,258,Samoyed,0.46119871735572815,True,16047,10158,1.5797401063201417,37.37568392860802,0.9457960463313997
imagewoof,data/imagewoof2-320/val/n02111889/n02111889_5602.JPEG,n02111889,258,Samoyed,webp,77,258,Samoyed,0.4264797270298004,True,19111,12154,1.5724041467829522,38.33319804134936,0.959543410930391
imagewoof,data/imagewoof2-320/val/n02111889/n02111889_562.JPEG,n02111889,258,Samoyed,webp,77,258,Samoyed,0.5564165115356445,True,14042,7724,1.8179699637493527,39.19537526597191,0.9568119569713529
imagewoof,data/imagewoof2-320/val/n02111889/n02111889_5651.JPEG,n02111889,258,Samoyed,webp,77,258,Samoyed,0.8758035898208618,True,19396,14070,1.3785358919687278,37.94916701667194,0.9612589287286526
imagewoof,data/imagewoof2-320/val/n02111889/n02111889_5662.JPEG,n02111889,258,Samoyed,webp,77,258,Samoyed,0.28743046522140503,True,16586,9846,1.6845419459679059,39.762637383581676,0.9765191527197064
imagewoof,data/imagewoof2-320/val/n02111889/n02111889_5670.JPEG,n02111889,258,Samoyed,webp,77,258,Samoyed,0.42533066868782043,True,24075,19276,1.2489624403403197,36.34471467269504,0.9578136176699438
imagewoof,data/imagewoof2-320/val/n02111889/n02111889_5680.JPEG,n02111889,258,Samoyed,webp,77,258,Samoyed,0.434420108795166,True,20179,12456,1.6200224791265254,37.98749812584149,0.9443365684217754
imagewoof,data/imagewoof2-320/val/n02111889/n02111889_5681.JPEG,n02111889,258,Samoyed,webp,77,222,kuvasz,0.18726445734500885,False,22655,15644,1.4481590386090515,36.80019341792483,0.9614146465531558
imagewoof,data/imagewoof2-320/val/n02111889/n02111889_5722.JPEG,n02111889,258,Samoyed,webp,77,258,Samoyed,0.6734080910682678,True,23453,18134,1.2933164221903606,36.46955633815045,0.954065862886572
imagewoof,data/imagewoof2-320/val/n02111889/n02111889_5782.JPEG,n02111889,258,Samoyed,webp,77,258,Samoyed,0.48862940073013306,True,14783,8842,1.671906808414386,39.410600958467995,0.9594625226973393
imagewoof,data/imagewoof2-320/val/n02111889/n02111889_5791.JPEG,n02111889,258,Samoyed,webp,77,258,Samoyed,0.39535170793533325,True,30333,24284,1.249094053697908,35.93935582575452,0.9557539834700428
imagewoof,data/imagewoof2-320/val/n02111889/n02111889_5832.JPEG,n02111889,258,Samoyed,webp,77,258,Samoyed,0.4040118455886841,True,20500,13246,1.5476370224973577,38.37573758851458,0.9574533851997987
imagewoof,data/imagewoof2-320/val/n02111889/n02111889_5872.JPEG,n02111889,258,Samoyed,webp,77,258,Samoyed,0.5338242650032043,True,15331,8696,1.762994480220791,38.845806804876474,0.9471499479233104
imagewoof,data/imagewoof2-320/val/n02111889/n02111889_5920.JPEG,n02111889,258,Samoyed,webp,77,258,Samoyed,0.27620601654052734,True,42616,40990,1.0396682117589655,34.588500027066395,0.9789986547315411
imagewoof,data/imagewoof2-320/val/n02111889/n02111889_5932.JPEG,n02111889,258,Samoyed,webp,77,258,Samoyed,0.4508964419364929,True,14284,7460,1.914745308310992,39.92238601738321,0.9480640027706172
imagewoof,data/imagewoof2-320/val/n02111889/n02111889_6000.JPEG,n02111889,258,Samoyed,webp,77,258,Samoyed,0.3826097249984741,True,18962,11918,1.5910387648934385,37.52604016347564,0.9448666958119412
imagewoof,data/imagewoof2-320/val/n02111889/n02111889_6041.JPEG,n02111889,258,Samoyed,webp,77,258,Samoyed,0.39167705178260803,True,22480,16388,1.3717354161581645,37.12491833883699,0.9507624969314247
imagewoof,data/imagewoof2-320/val/n02111889/n02111889_6042.JPEG,n02111889,258,Samoyed,webp,77,258,Samoyed,0.43280065059661865,True,16866,10560,1.597159090909091,37.748818795832655,0.95380767152727
imagewoof,data/imagewoof2-320/val/n02111889/n02111889_6052.JPEG,n02111889,258,Samoyed,webp,77,258,Samoyed,0.49937987327575684,True,12997,7366,1.7644583220200922,38.9225857414343,0.9532646122799328
imagewoof,data/imagewoof2-320/val/n02111889/n02111889_6090.JPEG,n02111889,258,Samoyed,webp,77,258,Samoyed,0.42548245191574097,True,28048,22878,1.2259812920709852,35.803780935254466,0.9664952032915686
imagewoof,data/imagewoof2-320/val/n02111889/n02111889_6100.JPEG,n02111889,258,Samoyed,webp,77,258,Samoyed,0.46645691990852356,True,14820,7798,1.9004873044370352,39.779433843137745,0.9539370989908965
imagewoof,data/imagewoof2-320/val/n02111889/n02111889_6110.JPEG,n02111889,258,Samoyed,webp,77,258,Samoyed,0.3342086672782898,True,16421,9416,1.743946474086661,38.924081805478025,0.9569858937987155
imagewoof,data/imagewoof2-320/val/n02111889/n02111889_6111.JPEG,n02111889,258,Samoyed,webp,77,258,Samoyed,0.427163690328598,True,11999,5104,2.3509012539184955,41.45676796730281,0.9641061617744677
imagewoof,data/imagewoof2-320/val/n02111889/n02111889_6150.JPEG,n02111889,258,Samoyed,webp,77,258,Samoyed,0.8093554973602295,True,26984,21280,1.268045112781955,36.058198970766625,0.9592577929263592
imagewoof,data/imagewoof2-320/val/n02111889/n02111889_6162.JPEG,n02111889,258,Samoyed,webp,77,258,Samoyed,0.5677092671394348,True,24937,19854,1.2560189382492193,36.76809843423369,0.9645662589620235
imagewoof,data/imagewoof2-320/val/n02111889/n02111889_6250.JPEG,n02111889,258,Samoyed,webp,77,258,Samoyed,0.45556238293647766,True,19555,14430,1.3551628551628552,36.68336116474146,0.9581768331650787
imagewoof,data/imagewoof2-320/val/n02111889/n02111889_6262.JPEG,n02111889,258,Samoyed,webp,77,258,Samoyed,0.5685976147651672,True,15740,8770,1.7947548460661344,39.235740966854294,0.9482717579104429
imagewoof,data/imagewoof2-320/val/n02111889/n02111889_6301.JPEG,n02111889,258,Samoyed,webp,77,258,Samoyed,0.4861072599887848,True,22777,17078,1.333704180817426,37.18505937335539,0.9509816791443981
imagewoof,data/imagewoof2-320/val/n02111889/n02111889_6321.JPEG,n02111889,258,Samoyed,webp,77,258,Samoyed,0.7807827591896057,True,27740,23666,1.1721456942449082,36.4011594668963,0.9595392376099078
imagewoof,data/imagewoof2-320/val/n02111889/n02111889_6360.JPEG,n02111889,258,Samoyed,webp,77,258,Samoyed,0.4802463948726654,True,15941,9110,1.749835345773875,38.885647291516584,0.9508122719535178
imagewoof,data/imagewoof2-320/val/n02111889/n02111889_640.JPEG,n02111889,258,Samoyed,webp,77,258,Samoyed,0.3929893970489502,True,20127,12414,1.6213146447559208,38.427164566134984,0.9572207754870661
imagewoof,data/imagewoof2-320/val/n02111889/n02111889_6400.JPEG,n02111889,258,Samoyed,webp,77,258,Samoyed,0.6183074116706848,True,23981,17942,1.336584550217367,37.44263174839339,0.9616236367665173
imagewoof,data/imagewoof2-320/val/n02111889/n02111889_6440.JPEG,n02111889,258,Samoyed,webp,77,258,Samoyed,0.4947645962238312,True,30340,24188,1.254340995534976,36.32307693822425,0.9620456673065633
imagewoof,data/imagewoof2-320/val/n02111889/n02111889_6512.JPEG,n02111889,258,Samoyed,webp,77,258,Samoyed,0.5878646969795227,True,19859,12590,1.57736298649722,37.77094267626327,0.9527518179680631
imagewoof,data/imagewoof2-320/val/n02111889/n02111889_6591.JPEG,n02111889,258,Samoyed,webp,77,257,Great Pyrenees,0.3043401837348938,False,18173,13406,1.3555870505743697,36.60808579301112,0.9456263033753235
imagewoof,data/imagewoof2-320/val/n02111889/n02111889_6592.JPEG,n02111889,258,Samoyed,webp,77,258,Samoyed,0.4281691908836365,True,31416,23314,1.3475165136827658,36.6158382316148,0.9618903056101938
imagewoof,data/imagewoof2-320/val/n02111889/n02111889_661.JPEG,n02111889,258,Samoyed,webp,77,258,Samoyed,0.43526920676231384,True,37437,36848,1.015984585323491,34.72051598208855,0.9705503155582501
imagewoof,data/imagewoof2-320/val/n02111889/n02111889_662.JPEG,n02111889,258,Samoyed,webp,77,258,Samoyed,0.35912013053894043,True,27498,22462,1.22420087258481,36.857940676571815,0.9528423563826934
imagewoof,data/imagewoof2-320/val/n02111889/n02111889_6621.JPEG,n02111889,258,Samoyed,webp,77,258,Samoyed,0.31712594628334045,True,22381,14858,1.5063265580831875,37.70021723419522,0.9430963001961121
imagewoof,data/imagewoof2-320/val/n02111889/n02111889_6622.JPEG,n02111889,258,Samoyed,webp,77,258,Samoyed,0.5074368119239807,True,16864,9592,1.7581317764804003,38.84201978391033,0.9560066934534007
imagewoof,data/imagewoof2-320/val/n02111889/n02111889_6631.JPEG,n02111889,258,Samoyed,webp,77,258,Samoyed,0.4963563084602356,True,18524,11876,1.5597844392051197,38.19636799213711,0.959565810006894
imagewoof,data/imagewoof2-320/val/n02111889/n02111889_6671.JPEG,n02111889,258,Samoyed,webp,77,258,Samoyed,0.533866286277771,True,32865,27894,1.1782103678210367,35.987545488739755,0.9619724775709604
imagewoof,data/imagewoof2-320/val/n02111889/n02111889_6700.JPEG,n02111889,258,Samoyed,webp,77,258,Samoyed,0.5312983989715576,True,19578,13806,1.4180790960451977,37.91362937212008,0.9457119257727183
imagewoof,data/imagewoof2-320/val/n02111889/n02111889_6712.JPEG,n02111889,258,Samoyed,webp,77,222,kuvasz,0.20662656426429749,False,23235,16110,1.4422718808193669,37.5051669357277,0.9533696190324842
imagewoof,data/imagewoof2-320/val/n02111889/n02111889_6750.JPEG,n02111889,258,Samoyed,webp,77,258,Samoyed,0.4048355519771576,True,23488,17150,1.3695626822157434,36.77662903606566,0.9453377590609331
imagewoof,data/imagewoof2-320/val/n02111889/n02111889_6771.JPEG,n02111889,258,Samoyed,webp,77,258,Samoyed,0.3008955121040344,True,20043,14572,1.3754460609387866,36.88020830958078,0.9535507843147685
imagewoof,data/imagewoof2-320/val/n02111889/n02111889_6781.JPEG,n02111889,258,Samoyed,webp,77,258,Samoyed,0.42454928159713745,True,26328,22732,1.1581910962519797,35.864631875228724,0.9672007571723578
imagewoof,data/imagewoof2-320/val/n02111889/n02111889_6811.JPEG,n02111889,258,Samoyed,webp,77,258,Samoyed,0.41764405369758606,True,19152,12266,1.561389205935105,37.81327073139222,0.9500134198927063
imagewoof,data/imagewoof2-320/val/n02111889/n02111889_6840.JPEG,n02111889,258,Samoyed,webp,77,258,Samoyed,0.396268367767334,True,14960,8812,1.6976849750340446,39.12194723220504,0.9531018954556852
imagewoof,data/imagewoof2-320/val/n02111889/n02111889_6841.JPEG,n02111889,258,Samoyed,webp,77,257,Great Pyrenees,0.0752500668168068,False,12036,5966,2.0174321153201475,40.54558715586856,0.9572978252934264
imagewoof,data/imagewoof2-320/val/n02111889/n02111889_6851.JPEG,n02111889,258,Samoyed,webp,77,258,Samoyed,0.589555025100708,True,22980,17718,1.296986115814426,37.457059682521304,0.9684101566158457
imagewoof,data/imagewoof2-320/val/n02111889/n02111889_691.JPEG,n02111889,258,Samoyed,webp,77,258,Samoyed,0.610774040222168,True,19508,13094,1.4898426760348251,37.97697911513943,0.9482440607392717
imagewoof,data/imagewoof2-320/val/n02111889/n02111889_6930.JPEG,n02111889,258,Samoyed,webp,77,258,Samoyed,0.22780080139636993,True,17486,9488,1.8429595278246205,37.90192303365632,0.9619052167688449
imagewoof,data/imagewoof2-320/val/n02111889/n02111889_6941.JPEG,n02111889,258,Samoyed,webp,77,258,Samoyed,0.39760202169418335,True,28006,23348,1.1995031694363543,36.30879001746548,0.9641037715552261
imagewoof,data/imagewoof2-320/val/n02111889/n02111889_6950.JPEG,n02111889,258,Samoyed,webp,77,258,Samoyed,0.4704851508140564,True,30364,26440,1.148411497730711,35.72335611584888,0.9558077736292866
imagewoof,data/imagewoof2-320/val/n02111889/n02111889_6962.JPEG,n02111889,258,Samoyed,webp,77,258,Samoyed,0.7448299527168274,True,16616,10836,1.533407161314138,38.87991083468373,0.9407208504033666
imagewoof,data/imagewoof2-320/val/n02111889/n02111889_7002.JPEG,n02111889,258,Samoyed,webp,77,258,Samoyed,0.5881460905075073,True,31375,25638,1.2237694047897651,35.48749344630738,0.9640931299959025
imagewoof,data/imagewoof2-320/val/n02111889/n02111889_7011.JPEG,n02111889,258,Samoyed,webp,77,258,Samoyed,0.24069064855575562,True,24131,19080,1.264727463312369,36.87760207132298,0.9699148546748738
imagewoof,data/imagewoof2-320/val/n02111889/n02111889_7041.JPEG,n02111889,258,Samoyed,webp,77,258,Samoyed,0.48315200209617615,True,32794,29896,1.096936044955847,35.40263765519794,0.9561611198702327
imagewoof,data/imagewoof2-320/val/n02111889/n02111889_7042.JPEG,n02111889,258,Samoyed,webp,77,260,chow,0.22914820909500122,False,19264,12146,1.586036555244525,37.69236772800584,0.946458778773918
imagewoof,data/imagewoof2-320/val/n02111889/n02111889_7050.JPEG,n02111889,258,Samoyed,webp,77,258,Samoyed,0.5577912330627441,True,19253,12292,1.5663032866905304,38.25610296191064,0.9496026503190391
imagewoof,data/imagewoof2-320/val/n02111889/n02111889_7071.JPEG,n02111889,258,Samoyed,webp,77,258,Samoyed,0.3617403507232666,True,20988,14370,1.4605427974947809,37.191685719136544,0.9445951722722654
imagewoof,data/imagewoof2-320/val/n02111889/n02111889_7100.JPEG,n02111889,258,Samoyed,webp,77,258,Samoyed,0.4564644694328308,True,14842,9310,1.5941997851772287,38.0617339354875,0.9590240344482498
imagewoof,data/imagewoof2-320/val/n02111889/n02111889_7151.JPEG,n02111889,258,Samoyed,webp,77,258,Samoyed,0.4095683693885803,True,30730,26984,1.1388230062259117,35.76595916668119,0.9631644214906525
imagewoof,data/imagewoof2-320/val/n02111889/n02111889_7182.JPEG,n02111889,258,Samoyed,webp,77,258,Samoyed,0.2945878803730011,True,20659,15022,1.3752496338703235,37.76091625773441,0.9511101919621886
imagewoof,data/imagewoof2-320/val/n02111889/n02111889_72.JPEG,n02111889,258,Samoyed,webp,77,258,Samoyed,0.6419503688812256,True,17391,10260,1.6950292397660818,38.93394737671867,0.9485857780966889
imagewoof,data/imagewoof2-320/val/n02111889/n02111889_722.JPEG,n02111889,258,Samoyed,webp,77,258,Samoyed,0.6107914447784424,True,22944,17340,1.3231833910034603,37.145544384681884,0.9512614901762344
imagewoof,data/imagewoof2-320/val/n02111889/n02111889_7242.JPEG,n02111889,258,Samoyed,webp,77,258,Samoyed,0.20596568286418915,True,30966,28164,1.0994887089902003,35.60764348472808,0.9437675479799434
imagewoof,data/imagewoof2-320/val/n02111889/n02111889_7272.JPEG,n02111889,258,Samoyed,webp,77,258,Samoyed,0.6205448508262634,True,38883,37882,1.0264241592312973,34.94146080875525,0.9722916274265954
imagewoof,data/imagewoof2-320/val/n02111889/n02111889_7301.JPEG,n02111889,258,Samoyed,webp,77,258,Samoyed,0.39244723320007324,True,22184,15798,1.4042283833396632,37.25295594115863,0.9473994426816988
imagewoof,data/imagewoof2-320/val/n02111889/n02111889_7451.JPEG,n02111889,258,Samoyed,webp,77,258,Samoyed,0.41709256172180176,True,19063,15756,1.20988829652196,37.55777502912324,0.9673660360004758
imagewoof,data/imagewoof2-320/val/n02111889/n02111889_7491.JPEG,n02111889,258,Samoyed,webp,77,258,Samoyed,0.48346632719039917,True,26241,18128,1.4475397175639895,37.004774289596526,0.9635209201826328
imagewoof,data/imagewoof2-320/val/n02111889/n02111889_7642.JPEG,n02111889,258,Samoyed,webp,77,258,Samoyed,0.43717634677886963,True,18581,12092,1.536635792259345,38.117909709118734,0.9609228680792578
imagewoof,data/imagewoof2-320/val/n02111889/n02111889_7651.JPEG,n02111889,258,Samoyed,webp,77,258,Samoyed,0.4753878712654114,True,21012,15284,1.3747710023554043,38.02988370110894,0.9608100832217268
imagewoof,data/imagewoof2-320/val/n02111889/n02111889_7680.JPEG,n02111889,258,Samoyed,webp,77,258,Samoyed,0.39662936329841614,True,17907,13232,1.3533101571946795,36.84912851870869,0.9601746970605841
imagewoof,data/imagewoof2-320/val/n02111889/n02111889_771.JPEG,n02111889,258,Samoyed,webp,77,258,Samoyed,0.37714576721191406,True,16316,9424,1.7313242784380305,38.80989935218486,0.9505032580202237
imagewoof,data/imagewoof2-320/val/n02111889/n02111889_7732.JPEG,n02111889,258,Samoyed,webp,77,258,Samoyed,0.6049030423164368,True,14047,7354,1.910116943160185,39.75505320678417,0.9543943580513371
imagewoof,data/imagewoof2-320/val/n02111889/n02111889_7762.JPEG,n02111889,258,Samoyed,webp,77,258,Samoyed,0.560853898525238,True,31524,27244,1.1570988107473206,35.620224718997704,0.9676820688748052
imagewoof,data/imagewoof2-320/val/n02111889/n02111889_7821.JPEG,n02111889,258,Samoyed,webp,77,258,Samoyed,0.5896753072738647,True,17899,10956,1.6337166849215041,38.93846276435588,0.950214922287623
imagewoof,data/imagewoof2-320/val/n02111889/n02111889_7901.JPEG,n02111889,258,Samoyed,webp,77,258,Samoyed,0.6186390519142151,True,31573,23996,1.3157609601600266,35.62071073564485,0.9588179036331578
imagewoof,data/imagewoof2-320/val/n02111889/n02111889_7902.JPEG,n02111889,258,Samoyed,webp,77,258,Samoyed,0.43338432908058167,True,24454,18052,1.3546421449146908,35.927654004212144,0.9613356080884633
imagewoof,data/imagewoof2-320/val/n02111889/n02111889_791.JPEG,n02111889,258,Samoyed,webp,77,258,Samoyed,0.2501751780509949,True,16906,10296,1.641996891996892,38.94226591078899,0.9562007238122122
imagewoof,data/imagewoof2-320/val/n02111889/n02111889_7921.JPEG,n02111889,258,Samoyed,webp,77,258,Samoyed,0.3218660056591034,True,7206,3376,2.134478672985782,41.32404389757673,0.9645422028841185
imagewoof,data/imagewoof2-320/val/n02111889/n02111889_7951.JPEG,n02111889,258,Samoyed,webp,77,258,Samoyed,0.48887819051742554,True,31469,26380,1.1929112964366944,35.531118252350346,0.9533558526880753
imagewoof,data/imagewoof2-320/val/n02111889/n02111889_8010.JPEG,n02111889,258,Samoyed,webp,77,258,Samoyed,0.240061417222023,True,22911,16698,1.3720804886812792,36.321027485508914,0.9547517280690757
imagewoof,data/imagewoof2-320/val/n02111889/n02111889_8082.JPEG,n02111889,258,Samoyed,webp,77,222,kuvasz,0.4869382977485657,False,15333,8394,1.826661901358113,39.13013506773476,0.9471930169992687
imagewoof,data/imagewoof2-320/val/n02111889/n02111889_822.JPEG,n02111889,258,Samoyed,webp,77,258,Samoyed,0.42650240659713745,True,16729,10682,1.5660924920426886,38.88782225628191,0.9487280079366562
imagewoof,data/imagewoof2-320/val/n02111889/n02111889_8240.JPEG,n02111889,258,Samoyed,webp,77,258,Samoyed,0.6022347211837769,True,14021,7752,1.8086945304437565,39.93537110766106,0.9654386547806638
imagewoof,data/imagewoof2-320/val/n02111889/n02111889_8282.JPEG,n02111889,258,Samoyed,webp,77,258,Samoyed,0.1515880972146988,True,28811,22658,1.2715597140082973,36.801871841647646,0.9586725493327487
imagewoof,data/imagewoof2-320/val/n02111889/n02111889_8290.JPEG,n02111889,258,Samoyed,webp,77,258,Samoyed,0.5589593648910522,True,27830,25990,1.0707964601769913,36.05731985278619,0.9725511210333585
imagewoof,data/imagewoof2-320/val/n02111889/n02111889_8312.JPEG,n02111889,258,Samoyed,webp,77,258,Samoyed,0.4510784149169922,True,26391,20086,1.3139002290152344,37.01689634802857,0.95024739073672
imagewoof,data/imagewoof2-320/val/n02111889/n02111889_8350.JPEG,n02111889,258,Samoyed,webp,77,258,Samoyed,0.5930006504058838,True,30797,26466,1.163643920501776,36.08936856970842,0.9578655545146167
imagewoof,data/imagewoof2-320/val/n02111889/n02111889_8441.JPEG,n02111889,258,Samoyed,webp,77,258,Samoyed,0.42936965823173523,True,41768,40068,1.042427872616552,34.09776618765277,0.9736160852599358
imagewoof,data/imagewoof2-320/val/n02111889/n02111889_8561.JPEG,n02111889,258,Samoyed,webp,77,258,Samoyed,0.4700431525707245,True,28763,24762,1.1615782246991357,34.98440520095569,0.9658034732167059
imagewoof,data/imagewoof2-320/val/n02111889/n02111889_8751.JPEG,n02111889,258,Samoyed,webp,77,258,Samoyed,0.6541470885276794,True,29179,22916,1.273302496072613,37.139875562449824,0.960818023656528
imagewoof,data/imagewoof2-320/val/n02111889/n02111889_8771.JPEG,n02111889,258,Samoyed,webp,77,258,Samoyed,0.48770618438720703,True,24252,19600,1.2373469387755103,36.76708206048898,0.9473117747812938
imagewoof,data/imagewoof2-320/val/n02111889/n02111889_8870.JPEG,n02111889,258,Samoyed,webp,77,258,Samoyed,0.4601036012172699,True,40867,40242,1.01553103722479,34.84753957828856,0.9766363306733624
imagewoof,data/imagewoof2-320/val/n02111889/n02111889_8902.JPEG,n02111889,258,Samoyed,webp,77,258,Samoyed,0.3967505097389221,True,21837,15244,1.432498032012595,37.11706337332898,0.9494763957251066
imagewoof,data/imagewoof2-320/val/n02111889/n02111889_9001.JPEG,n02111889,258,Samoyed,webp,77,258,Samoyed,0.43698233366012573,True,20860,13162,1.5848655219571495,37.849850208684124,0.9531186118425428
imagewoof,data/imagewoof2-320/val/n02111889/n02111889_9021.JPEG,n02111889,258,Samoyed,webp,77,258,Samoyed,0.5665812492370605,True,14755,8394,1.757803192756731,39.884500919478846,0.962298819236694
imagewoof,data/imagewoof2-320/val/n02111889/n02111889_91.JPEG,n02111889,258,Samoyed,webp,77,258,Samoyed,0.5576091408729553,True,20159,14114,1.4282981436871192,37.9075706773105,0.9570249746401736
imagewoof,data/imagewoof2-320/val/n02111889/n02111889_9112.JPEG,n02111889,258,Samoyed,webp,77,258,Samoyed,0.5739798545837402,True,20765,15556,1.3348547184366162,37.25848084978097,0.9591355570546716
imagewoof,data/imagewoof2-320/val/n02111889/n02111889_9141.JPEG,n02111889,258,Samoyed,webp,77,258,Samoyed,0.3689585030078888,True,24018,18792,1.2780970625798211,36.99984043663711,0.9622031413821043
imagewoof,data/imagewoof2-320/val/n02111889/n02111889_920.JPEG,n02111889,258,Samoyed,webp,77,258,Samoyed,0.5120505690574646,True,19586,12452,1.5729200128493415,37.93136843746441,0.9591672624506679
imagewoof,data/imagewoof2-320/val/n02111889/n02111889_9210.JPEG,n02111889,258,Samoyed,webp,77,258,Samoyed,0.3024103045463562,True,21330,16134,1.3220528077352176,37.994000667455744,0.9603989881209255
imagewoof,data/imagewoof2-320/val/n02111889/n02111889_9291.JPEG,n02111889,258,Samoyed,webp,77,258,Samoyed,0.5490532517433167,True,43297,42592,1.0165524042073628,34.03685869096152,0.9715497670195492
imagewoof,data/imagewoof2-320/val/n02111889/n02111889_9400.JPEG,n02111889,258,Samoyed,webp,77,258,Samoyed,0.48709550499916077,True,24839,17644,1.4077873498073,37.31137919463616,0.9507254701489819
imagewoof,data/imagewoof2-320/val/n02111889/n02111889_9471.JPEG,n02111889,258,Samoyed,webp,77,258,Samoyed,0.3402915894985199,True,21976,14432,1.5227272727272727,37.331787159438406,0.9359650462549629
imagewoof,data/imagewoof2-320/val/n02111889/n02111889_9540.JPEG,n02111889,258,Samoyed,webp,77,258,Samoyed,0.5433011651039124,True,25423,19746,1.287501266079206,35.99497787628473,0.9465549117941382
imagewoof,data/imagewoof2-320/val/n02111889/n02111889_9642.JPEG,n02111889,258,Samoyed,webp,77,258,Samoyed,0.7724544405937195,True,29438,25064,1.1745132460900096,36.012803125339,0.9550426561365314
imagewoof,data/imagewoof2-320/val/n02111889/n02111889_9650.JPEG,n02111889,258,Samoyed,webp,77,258,Samoyed,0.5251517295837402,True,20876,14756,1.4147465437788018,36.83417790281676,0.9392629153578199
imagewoof,data/imagewoof2-320/val/n02111889/n02111889_9790.JPEG,n02111889,258,Samoyed,webp,77,258,Samoyed,0.5430504083633423,True,12007,5580,2.1517921146953407,40.51175268584793,0.9587370299672608
imagewoof,data/imagewoof2-320/val/n02111889/n02111889_9872.JPEG,n02111889,258,Samoyed,webp,77,258,Samoyed,0.3226514458656311,True,21347,14528,1.4693694933920705,37.81889408971802,0.9501495990941901
imagewoof,data/imagewoof2-320/val/n02111889/n02111889_9931.JPEG,n02111889,258,Samoyed,webp,77,258,Samoyed,0.3431844711303711,True,45434,41878,1.0849133196427718,34.125155781580894,0.9683630368302478
imagewoof,data/imagewoof2-320/val/n02111889/n02111889_9940.JPEG,n02111889,258,Samoyed,webp,77,258,Samoyed,0.06489286571741104,True,35638,32190,1.1071140105622865,35.12767004832781,0.9597305878349521
imagewoof,data/imagewoof2-320/val/n02115641/ILSVRC2012_val_00001212.JPEG,n02115641,273,dingo,webp,77,273,dingo,0.5347164869308472,True,36965,35666,1.036421241518533,34.93875757801003,0.9706821679193305
imagewoof,data/imagewoof2-320/val/n02115641/ILSVRC2012_val_00004320.JPEG,n02115641,273,dingo,webp,77,273,dingo,0.28244543075561523,True,43020,39636,1.0853769300635785,34.54688697135438,0.9759310722482861
imagewoof,data/imagewoof2-320/val/n02115641/ILSVRC2012_val_00004372.JPEG,n02115641,273,dingo,webp,77,263,Pembroke,0.03614677116274834,False,39501,37416,1.0557248236048749,34.80519887902564,0.9772824191982502
imagewoof,data/imagewoof2-320/val/n02115641/ILSVRC2012_val_00007782.JPEG,n02115641,273,dingo,webp,77,224,groenendael,0.16526076197624207,False,13825,7512,1.8403887113951012,39.19323861115669,0.9540434027700134
imagewoof,data/imagewoof2-320/val/n02115641/ILSVRC2012_val_00010040.JPEG,n02115641,273,dingo,webp,77,273,dingo,0.43974393606185913,True,17872,11890,1.503111858704794,37.67916970605119,0.9593424842376456
imagewoof,data/imagewoof2-320/val/n02115641/ILSVRC2012_val_00011750.JPEG,n02115641,273,dingo,webp,77,273,dingo,0.46128326654434204,True,31045,23926,1.2975424224692802,35.556485664929546,0.9528373250110121
imagewoof,data/imagewoof2-320/val/n02115641/ILSVRC2012_val_00012401.JPEG,n02115641,273,dingo,webp,77,273,dingo,0.5431666970252991,True,19708,13558,1.453606726655849,37.32840774871815,0.9652812762200412
imagewoof,data/imagewoof2-320/val/n02115641/ILSVRC2012_val_00012752.JPEG,n02115641,273,dingo,webp,77,273,dingo,0.496330201625824,True,25458,18492,1.3767034393251136,36.129517448136426,0.9508210811825489
imagewoof,data/imagewoof2-320/val/n02115641/ILSVRC2012_val_00015821.JPEG,n02115641,273,dingo,webp,77,273,dingo,0.43565547466278076,True,29330,24430,1.2005730659025788,35.86151218876764,0.9655002155349334
imagewoof,data/imagewoof2-320/val/n02115641/ILSVRC2012_val_00022330.JPEG,n02115641,273,dingo,webp,77,273,dingo,0.52687007188797,True,20742,13546,1.5312269304591761,37.22212017314241,0.9437847903950614
imagewoof,data/imagewoof2-320/val/n02115641/ILSVRC2012_val_00024961.JPEG,n02115641,273,dingo,webp,77,273,dingo,0.21304678916931152,True,23567,17100,1.378187134502924,36.42174635237811,0.9311883283357076
imagewoof,data/imagewoof2-320/val/n02115641/ILSVRC2012_val_00032652.JPEG,n02115641,273,dingo,webp,77,273,dingo,0.49497362971305847,True,35821,33780,1.060420367081113,35.17796449880394,0.9723059726177015
imagewoof,data/imagewoof2-320/val/n02115641/ILSVRC2012_val_00038762.JPEG,n02115641,273,dingo,webp,77,225,malinois,0.132967010140419,False,21969,15260,1.439646133682831,36.57562257750357,0.950449817594449
imagewoof,data/imagewoof2-320/val/n02115641/ILSVRC2012_val_00041341.JPEG,n02115641,273,dingo,webp,77,273,dingo,0.3996734619140625,True,40031,38456,1.0409558976492614,34.34356666139217,0.9699349055621855
imagewoof,data/imagewoof2-320/val/n02115641/ILSVRC2012_val_00042731.JPEG,n02115641,273,dingo,webp,77,273,dingo,0.4912273585796356,True,28065,23586,1.1899007886034088,34.9170908693905,0.962347780855111
imagewoof,data/imagewoof2-320/val/n02115641/ILSVRC2012_val_00047670.JPEG,n02115641,273,dingo,webp,77,273,dingo,0.6344538331031799,True,24016,18178,1.3211574430630433,36.14094895724252,0.9640529736399266
imagewoof,data/imagewoof2-320/val/n02115641/ILSVRC2012_val_00048971.JPEG,n02115641,273,dingo,webp,77,273,dingo,0.5134022235870361,True,34208,30892,1.1073417065907032,35.58105362235483,0.9690581802464449
imagewoof,data/imagewoof2-320/val/n02115641/n02115641_10021.JPEG,n02115641,273,dingo,webp,77,273,dingo,0.3992142081260681,True,29327,24590,1.1926392842618951,35.971208936270585,0.9681339175637057
imagewoof,data/imagewoof2-320/val/n02115641/n02115641_10022.JPEG,n02115641,273,dingo,webp,77,273,dingo,0.2456631362438202,True,15160,9046,1.675878841476896,37.719256312417514,0.9579301480744379
imagewoof,data/imagewoof2-320/val/n02115641/n02115641_10092.JPEG,n02115641,273,dingo,webp,77,273,dingo,0.604716420173645,True,10630,5430,1.9576427255985267,39.948537894149794,0.9633334586048458
imagewoof,data/imagewoof2-320/val/n02115641/n02115641_1010.JPEG,n02115641,273,dingo,webp,77,273,dingo,0.4019896388053894,True,37413,35582,1.0514586026642685,34.861701253146535,0.9734420455608341
imagewoof,data/imagewoof2-320/val/n02115641/n02115641_10172.JPEG,n02115641,273,dingo,webp,77,273,dingo,0.4253543019294739,True,28157,22020,1.2787011807447775,35.79810962354059,0.9551989441547214
imagewoof,data/imagewoof2-320/val/n02115641/n02115641_10261.JPEG,n02115641,273,dingo,webp,77,273,dingo,0.5367540717124939,True,22344,14312,1.5612073784237004,37.6190894483118,0.9622096357688896
imagewoof,data/imagewoof2-320/val/n02115641/n02115641_10282.JPEG,n02115641,273,dingo,webp,77,273,dingo,0.4525890052318573,True,30218,24342,1.2413934762961136,35.58508303412412,0.9607972348459358
imagewoof,data/imagewoof2-320/val/n02115641/n02115641_10300.JPEG,n02115641,273,dingo,webp,77,273,dingo,0.5207226276397705,True,35236,31058,1.1345225062785755,34.4880124520718,0.9605166125942354
imagewoof,data/imagewoof2-320/val/n02115641/n02115641_10342.JPEG,n02115641,273,dingo,webp,77,273,dingo,0.45724233984947205,True,47478,47518,0.9991582137295341,33.99121786589306,0.9807468056110556
imagewoof,data/imagewoof2-320/val/n02115641/n02115641_1042.JPEG,n02115641,273,dingo,webp,77,273,dingo,0.4905000925064087,True,22681,16036,1.4143801446744824,36.929859387919194,0.9530747857614427
imagewoof,data/imagewoof2-320/val/n02115641/n02115641_10510.JPEG,n02115641,273,dingo,webp,77,273,dingo,0.4203749895095825,True,51893,52684,0.9849859539898261,34.14361877427365,0.9855408430764797
imagewoof,data/imagewoof2-320/val/n02115641/n02115641_10511.JPEG,n02115641,273,dingo,webp,77,273,dingo,0.6488598585128784,True,22545,14704,1.5332562568008705,36.82537399566261,0.9501724169608892
imagewoof,data/imagewoof2-320/val/n02115641/n02115641_10561.JPEG,n02115641,273,dingo,webp,77,273,dingo,0.538491427898407,True,22892,16134,1.418866988967398,36.777732292147384,0.9631261745463929
imagewoof,data/imagewoof2-320/val/n02115641/n02115641_10570.JPEG,n02115641,273,dingo,webp,77,273,dingo,0.32314881682395935,True,47948,46760,1.0254063301967493,33.62192181408359,0.9792147857953841
imagewoof,data/imagewoof2-320/val/n02115641/n02115641_10580.JPEG,n02115641,273,dingo,webp,77,273,dingo,0.6341384649276733,True,16797,9490,1.769968387776607,38.425948394839075,0.9337704587569489
imagewoof,data/imagewoof2-320/val/n02115641/n02115641_10751.JPEG,n02115641,273,dingo,webp,77,273,dingo,0.34320691227912903,True,41192,38642,1.0659903731690907,34.7217799924356,0.9735181384436404
imagewoof,data/imagewoof2-320/val/n02115641/n02115641_10881.JPEG,n02115641,273,dingo,webp,77,273,dingo,0.44129884243011475,True,47799,46722,1.0230512392448954,34.171471368620296,0.9852096252788952
imagewoof,data/imagewoof2-320/val/n02115641/n02115641_10941.JPEG,n02115641,273,dingo,webp,77,273,dingo,0.4146724343299866,True,15940,9490,1.679662802950474,38.36376864396431,0.9284004120767944
imagewoof,data/imagewoof2-320/val/n02115641/n02115641_10992.JPEG,n02115641,273,dingo,webp,77,225,malinois,0.13026340305805206,False,29830,23102,1.2912301965197819,36.33074148508916,0.9563909299198509
imagewoof,data/imagewoof2-320/val/n02115641/n02115641_11001.JPEG,n02115641,273,dingo,webp,77,273,dingo,0.711260199546814,True,29193,25732,1.1345017876573915,36.098458169906074,0.9618644048901066
imagewoof,data/imagewoof2-320/val/n02115641/n02115641_11031.JPEG,n02115641,273,dingo,webp,77,273,dingo,0.15562301874160767,True,24585,17178,1.4311910583304226,37.52568283046727,0.9501623397467917
imagewoof,data/imagewoof2-320/val/n02115641/n02115641_11150.JPEG,n02115641,273,dingo,webp,77,273,dingo,0.6044952869415283,True,38781,33916,1.1434426229508197,35.77898020999009,0.9743414712812344
imagewoof,data/imagewoof2-320/val/n02115641/n02115641_11220.JPEG,n02115641,273,dingo,webp,77,225,malinois,0.1311168372631073,False,16043,9234,1.737383582412822,38.28734552096718,0.9543619260416829
imagewoof,data/imagewoof2-320/val/n02115641/n02115641_11292.JPEG,n02115641,273,dingo,webp,77,273,dingo,0.49821770191192627,True,14132,7680,1.8401041666666667,38.24240076244672,0.9549033553123417
imagewoof,data/imagewoof2-320/val/n02115641/n02115641_11310.JPEG,n02115641,273,dingo,webp,77,273,dingo,0.5125737190246582,True,25895,21136,1.225160862982589,35.15443866306588,0.9704065461639692
imagewoof,data/imagewoof2-320/val/n02115641/n02115641_11482.JPEG,n02115641,273,dingo,webp,77,273,dingo,0.42379695177078247,True,46589,47020,0.9908336877924288,33.86074600608592,0.9788647765942832
imagewoof,data/imagewoof2-320/val/n02115641/n02115641_1151.JPEG,n02115641,273,dingo,webp,77,273,dingo,0.4534854292869568,True,33034,30584,1.080107245618624,35.2323084028489,0.9603804927612515
imagewoof,data/imagewoof2-320/val/n02115641/n02115641_11512.JPEG,n02115641,273,dingo,webp,77,273,dingo,0.5289881825447083,True,40878,38456,1.0629810692739754,34.51032995908993,0.9781038042972608
imagewoof,data/imagewoof2-320/val/n02115641/n02115641_11731.JPEG,n02115641,273,dingo,webp,77,273,dingo,0.45247066020965576,True,33125,29238,1.1329434297831589,35.52058139446702,0.9593539470508907
imagewoof,data/imagewoof2-320/val/n02115641/n02115641_1191.JPEG,n02115641,273,dingo,webp,77,273,dingo,0.5711787939071655,True,15484,9014,1.7177723541158199,39.58408290473072,0.9650488104847849
imagewoof,data/imagewoof2-320/val/n02115641/n02115641_11981.JPEG,n02115641,273,dingo,webp,77,273,dingo,0.32965344190597534,True,43438,40042,1.0848109485040707,34.945352927381336,0.979516031427408
imagewoof,data/imagewoof2-320/val/n02115641/n02115641_12031.JPEG,n02115641,273,dingo,webp,77,273,dingo,0.2261120080947876,True,28158,24546,1.1471522855047667,35.65577457291977,0.9691679806151448
imagewoof,data/imagewoof2-320/val/n02115641/n02115641_12081.JPEG,n02115641,273,dingo,webp,77,273,dingo,0.41244426369667053,True,37485,34868,1.075054491224045,35.153905218714414,0.9792292250409312
imagewoof,data/imagewoof2-320/val/n02115641/n02115641_1210.JPEG,n02115641,273,dingo,webp,77,273,dingo,0.27777615189552307,True,10107,5344,1.8912799401197604,42.00251416013563,0.9741509132017816
imagewoof,data/imagewoof2-320/val/n02115641/n02115641_12150.JPEG,n02115641,273,dingo,webp,77,273,dingo,0.3168763816356659,True,37345,31400,1.189331210191083,35.74856805374521,0.9734163857183868
imagewoof,data/imagewoof2-320/val/n02115641/n02115641_12171.JPEG,n02115641,273,dingo,webp,77,273,dingo,0.4536844491958618,True,44405,41898,1.0598357916845673,34.66880418902237,0.9844542585751709
imagewoof,data/imagewoof2-320/val/n02115641/n02115641_12291.JPEG,n02115641,273,dingo,webp,77,273,dingo,0.4486328065395355,True,37287,33832,1.102122251123197,34.872118864772666,0.9647070136883613
imagewoof,data/imagewoof2-320/val/n02115641/n02115641_12530.JPEG,n02115641,273,dingo,webp,77,273,dingo,0.45357227325439453,True,42779,43296,0.9880589430894309,33.803734622931984,0.9749696776420712
imagewoof,data/imagewoof2-320/val/n02115641/n02115641_12541.JPEG,n02115641,273,dingo,webp,77,273,dingo,0.3043113350868225,True,26654,22146,1.2035582046419218,36.08077469598178,0.956969035195931
imagewoof,data/imagewoof2-320/val/n02115641/n02115641_12592.JPEG,n02115641,273,dingo,webp,77,273,dingo,0.3381234109401703,True,36923,34928,1.057117498854787,35.04827651022336,0.9710856983787477
imagewoof,data/imagewoof2-320/val/n02115641/n02115641_12610.JPEG,n02115641,273,dingo,webp,77,273,dingo,0.5528490543365479,True,26324,19808,1.3289579967689822,36.90494601170525,0.9641321741505741
imagewoof,data/imagewoof2-320/val/n02115641/n02115641_12710.JPEG,n02115641,273,dingo,webp,77,106,wombat,0.44027912616729736,False,38961,37374,1.042462674586611,35.39807525599923,0.9720450463435591
imagewoof,data/imagewoof2-320/val/n02115641/n02115641_1282.JPEG,n02115641,273,dingo,webp,77,273,dingo,0.437455952167511,True,39493,38614,1.0227637644377687,34.82555345287319,0.972780582522772
imagewoof,data/imagewoof2-320/val/n02115641/n02115641_12922.JPEG,n02115641,273,dingo,webp,77,273,dingo,0.4623342752456665,True,33266,29456,1.12934546442151,35.5747630042453,0.958747154989235
imagewoof,data/imagewoof2-320/val/n02115641/n02115641_12930.JPEG,n02115641,273,dingo,webp,77,273,dingo,0.5034830570220947,True,29105,24264,1.199513682822288,35.9031213076131,0.9564399269031192
imagewoof,data/imagewoof2-320/val/n02115641/n02115641_12981.JPEG,n02115641,273,dingo,webp,77,273,dingo,0.5086414813995361,True,41677,38230,1.0901647920481297,34.708334681037,0.9815491523969562
imagewoof,data/imagewoof2-320/val/n02115641/n02115641_12990.JPEG,n02115641,273,dingo,webp,77,273,dingo,0.29942870140075684,True,36136,33204,1.0883026141428744,35.13503201908581,0.9709474176861219
imagewoof,data/imagewoof2-320/val/n02115641/n02115641_13331.JPEG,n02115641,273,dingo,webp,77,273,dingo,0.39060479402542114,True,45237,43670,1.0358827570414473,34.56220645059067,0.9746209488823631
imagewoof,data/imagewoof2-320/val/n02115641/n02115641_13332.JPEG,n02115641,273,dingo,webp,77,273,dingo,0.41932326555252075,True,29939,24828,1.2058562912840343,35.75534766777241,0.9605704389588078
imagewoof,data/imagewoof2-320/val/n02115641/n02115641_13340.JPEG,n02115641,273,dingo,webp,77,273,dingo,0.7863490581512451,True,15345,8912,1.7218357271095153,38.80620937695448,0.9395200422381578
imagewoof,data/imagewoof2-320/val/n02115641/n02115641_13351.JPEG,n02115641,273,dingo,webp,77,273,dingo,0.32447460293769836,True,33626,30914,1.0877272433201786,35.04768174611206,0.9643082154240048
imagewoof,data/imagewoof2-320/val/n02115641/n02115641_13360.JPEG,n02115641,273,dingo,webp,77,273,dingo,0.5478826761245728,True,29508,23934,1.2328904487340187,36.69480060428407,0.9537665316057024
imagewoof,data/imagewoof2-320/val/n02115641/n02115641_13450.JPEG,n02115641,273,dingo,webp,77,273,dingo,0.32342520356178284,True,19111,13132,1.4553000304599453,36.931103948696425,0.9458071532388751
imagewoof,data/imagewoof2-320/val/n02115641/n02115641_13472.JPEG,n02115641,273,dingo,webp,77,273,dingo,0.45024874806404114,True,17756,9822,1.8077784565261656,38.42187610462177,0.9485778186646795
imagewoof,data/imagewoof2-320/val/n02115641/n02115641_13642.JPEG,n02115641,273,dingo,webp,77,273,dingo,0.4525027871131897,True,32568,28198,1.1549755301794453,35.15808353248156,0.9631635853109829
imagewoof,data/imagewoof2-320/val/n02115641/n02115641_13680.JPEG,n02115641,273,dingo,webp,77,273,dingo,0.42436662316322327,True,19171,11722,1.6354717624978672,38.145905735880156,0.9463491495903159
imagewoof,data/imagewoof2-320/val/n02115641/n02115641_13692.JPEG,n02115641,273,dingo,webp,77,273,dingo,0.39490586519241333,True,10744,6268,1.7141033822590939,39.158394718011394,0.9713488722779378
imagewoof,data/imagewoof2-320/val/n02115641/n02115641_1370.JPEG,n02115641,273,dingo,webp,77,273,dingo,0.48974791169166565,True,15491,9724,1.5930686960098726,38.4074285414343,0.9533349936935852
imagewoof,data/imagewoof2-320/val/n02115641/n02115641_1380.JPEG,n02115641,273,dingo,webp,77,273,dingo,0.4269677400588989,True,25703,20066,1.2809229542509717,35.94188749653987,0.9483262700350004
imagewoof,data/imagewoof2-320/val/n02115641/n02115641_13800.JPEG,n02115641,273,dingo,webp,77,273,dingo,0.6299713850021362,True,29297,24516,1.1950155000815794,35.822158543001436,0.9587130583685912
imagewoof,data/imagewoof2-320/val/n02115641/n02115641_1382.JPEG,n02115641,273,dingo,webp,77,273,dingo,0.5806219577789307,True,34639,32908,1.0526011911997082,35.39778052869287,0.9677119147734868
imagewoof,data/imagewoof2-320/val/n02115641/n02115641_14202.JPEG,n02115641,273,dingo,webp,77,273,dingo,0.42133113741874695,True,33642,27302,1.232217419969233,35.61617901734547,0.9656426230755676
imagewoof,data/imagewoof2-320/val/n02115641/n02115641_14382.JPEG,n02115641,273,dingo,webp,77,273,dingo,0.37497496604919434,True,18830,11666,1.614092233841934,38.96054697560754,0.9719373867704152
imagewoof,data/imagewoof2-320/val/n02115641/n02115641_14770.JPEG,n02115641,273,dingo,webp,77,273,dingo,0.5049884915351868,True,13799,9194,1.500870132695236,37.292054580043235,0.9673595571355872
imagewoof,data/imagewoof2-320/val/n02115641/n02115641_14850.JPEG,n02115641,273,dingo,webp,77,273,dingo,0.5872746109962463,True,46360,47126,0.9837457030089547,34.7304103488848,0.9827266570690242
imagewoof,data/imagewoof2-320/val/n02115641/n02115641_15071.JPEG,n02115641,273,dingo,webp,77,273,dingo,0.4938514530658722,True,45450,43136,1.053644287833828,34.74742298589858,0.9812255815221317
imagewoof,data/imagewoof2-320/val/n02115641/n02115641_15161.JPEG,n02115641,273,dingo,webp,77,273,dingo,0.48653432726860046,True,33507,25376,1.320420870113493,36.75119551592446,0.9643147263622742
imagewoof,data/imagewoof2-320/val/n02115641/n02115641_15191.JPEG,n02115641,273,dingo,webp,77,273,dingo,0.4450094997882843,True,15778,8452,1.8667770941788926,38.45716413746861,0.9461829043201876
imagewoof,data/imagewoof2-320/val/n02115641/n02115641_15200.JPEG,n02115641,273,dingo,webp,77,273,dingo,0.5640325546264648,True,15493,9670,1.602171664943123,37.85276666429453,0.960984647974337
imagewoof,data/imagewoof2-320/val/n02115641/n02115641_15372.JPEG,n02115641,273,dingo,webp,77,273,dingo,0.3225289285182953,True,36163,31600,1.1443987341772153,35.117131639382315,0.9632756403576493
imagewoof,data/imagewoof2-320/val/n02115641/n02115641_15420.JPEG,n02115641,273,dingo,webp,77,273,dingo,0.4604637920856476,True,31876,27732,1.1494302610702438,36.190825517825914,0.9554772404421228
imagewoof,data/imagewoof2-320/val/n02115641/n02115641_15421.JPEG,n02115641,273,dingo,webp,77,273,dingo,0.33182618021965027,True,19928,12986,1.5345756969043585,38.18146975730872,0.967005748094773
imagewoof,data/imagewoof2-320/val/n02115641/n02115641_1560.JPEG,n02115641,273,dingo,webp,77,273,dingo,0.4983677566051483,True,16445,8244,1.994784085395439,38.5805276846003,0.9415361877031819
imagewoof,data/imagewoof2-320/val/n02115641/n02115641_15691.JPEG,n02115641,273,dingo,webp,77,273,dingo,0.3312194347381592,True,33757,29836,1.1314184206998257,34.682432097132704,0.9542569254096557
imagewoof,data/imagewoof2-320/val/n02115641/n02115641_15781.JPEG,n02115641,273,dingo,webp,77,273,dingo,0.5805768966674805,True,23040,17720,1.3002257336343115,36.38339699170863,0.960459167184854
imagewoof,data/imagewoof2-320/val/n02115641/n02115641_15791.JPEG,n02115641,273,dingo,webp,77,273,dingo,0.6854413747787476,True,18598,11672,1.593385880740233,38.20296304966266,0.9583230878225354
imagewoof,data/imagewoof2-320/val/n02115641/n02115641_16142.JPEG,n02115641,273,dingo,webp,77,273,dingo,0.38287827372550964,True,41336,40388,1.0234723185104486,35.028516696764946,0.9729265979579681
imagewoof,data/imagewoof2-320/val/n02115641/n02115641_16371.JPEG,n02115641,273,dingo,webp,77,273,dingo,0.5645301342010498,True,43325,41650,1.0402160864345738,33.99720994447231,0.9760747701016994
imagewoof,data/imagewoof2-320/val/n02115641/n02115641_16490.JPEG,n02115641,273,dingo,webp,77,273,dingo,0.5041871070861816,True,18137,11054,1.6407635245160124,37.42802768458699,0.9580229398041377
imagewoof,data/imagewoof2-320/val/n02115641/n02115641_16522.JPEG,n02115641,273,dingo,webp,77,273,dingo,0.29110196232795715,True,40150,39390,1.0192942371160192,34.4993814493259,0.974631722110495
imagewoof,data/imagewoof2-320/val/n02115641/n02115641_1662.JPEG,n02115641,273,dingo,webp,77,273,dingo,0.42220208048820496,True,23245,16068,1.4466641772467015,36.72853202594864,0.9435944358433729
imagewoof,data/imagewoof2-320/val/n02115641/n02115641_16691.JPEG,n02115641,273,dingo,webp,77,273,dingo,0.4187355637550354,True,31372,25050,1.252375249500998,36.04179963398498,0.9576678836151901
imagewoof,data/imagewoof2-320/val/n02115641/n02115641_16702.JPEG,n02115641,273,dingo,webp,77,151,Chihuahua,0.26123350858688354,False,23797,14618,1.6279244766725953,38.37086381517604,0.9520021020582513
imagewoof,data/imagewoof2-320/val/n02115641/n02115641_1690.JPEG,n02115641,273,dingo,webp,77,273,dingo,0.5626895427703857,True,25617,19938,1.2848329822449593,36.67413098453035,0.9666287984770848
imagewoof,data/imagewoof2-320/val/n02115641/n02115641_1701.JPEG,n02115641,273,dingo,webp,77,273,dingo,0.4076344668865204,True,24231,18360,1.3197712418300653,36.897413925971534,0.9481156658752257
imagewoof,data/imagewoof2-320/val/n02115641/n02115641_1710.JPEG,n02115641,273,dingo,webp,77,273,dingo,0.251862496137619,True,16064,9760,1.6459016393442623,39.11786919292461,0.9548065555393571
imagewoof,data/imagewoof2-320/val/n02115641/n02115641_17672.JPEG,n02115641,273,dingo,webp,77,273,dingo,0.48584067821502686,True,13805,7912,1.7448179979777554,39.522941893159576,0.9668643218402
imagewoof,data/imagewoof2-320/val/n02115641/n02115641_17760.JPEG,n02115641,273,dingo,webp,77,273,dingo,0.47196751832962036,True,35796,33254,1.0764419317976786,35.32645878307555,0.9699667051221099
imagewoof,data/imagewoof2-320/val/n02115641/n02115641_17910.JPEG,n02115641,273,dingo,webp,77,273,dingo,0.6532945036888123,True,39685,37708,1.0524291927442453,34.12376460513764,0.97307895812399
imagewoof,data/imagewoof2-320/val/n02115641/n02115641_18041.JPEG,n02115641,273,dingo,webp,77,273,dingo,0.46838492155075073,True,47363,45124,1.0496188281180747,34.34452398846493,0.972685398003061
imagewoof,data/imagewoof2-320/val/n02115641/n02115641_18180.JPEG,n02115641,273,dingo,webp,77,273,dingo,0.24058157205581665,True,25053,18268,1.3714144952923144,36.54930826913,0.9488862926348988
imagewoof,data/imagewoof2-320/val/n02115641/n02115641_18200.JPEG,n02115641,273,dingo,webp,77,273,dingo,0.4310731291770935,True,18994,10302,1.8437196660842554,38.46061251190002,0.9544566436418505
imagewoof,data/imagewoof2-320/val/n02115641/n02115641_18272.JPEG,n02115641,273,dingo,webp,77,273,dingo,0.4750559329986572,True,31032,23774,1.3052914949104064,36.348127722317855,0.9629094801490871
imagewoof,data/imagewoof2-320/val/n02115641/n02115641_18312.JPEG,n02115641,273,dingo,webp,77,273,dingo,0.5019181370735168,True,33798,30208,1.118842690677966,35.04019932909577,0.9590301725476426
imagewoof,data/imagewoof2-320/val/n02115641/n02115641_18630.JPEG,n02115641,273,dingo,webp,77,273,dingo,0.3470953404903412,True,17226,9790,1.7595505617977527,38.80241275750843,0.9572487145815405
imagewoof,data/imagewoof2-320/val/n02115641/n02115641_18782.JPEG,n02115641,273,dingo,webp,77,273,dingo,0.2818317115306854,True,42080,41050,1.0250913520097442,35.07257727587336,0.973795097181004
imagewoof,data/imagewoof2-320/val/n02115641/n02115641_18902.JPEG,n02115641,273,dingo,webp,77,331,hare,0.026698965579271317,False,15380,7126,2.1582935728318833,37.64347882080972,0.9071965296806223
imagewoof,data/imagewoof2-320/val/n02115641/n02115641_1920.JPEG,n02115641,273,dingo,webp,77,273,dingo,0.5663658380508423,True,33951,30872,1.0997343871469292,35.500519086490016,0.967313032566112
imagewoof,data/imagewoof2-320/val/n02115641/n02115641_19352.JPEG,n02115641,273,dingo,webp,77,273,dingo,0.3400798738002777,True,17193,9208,1.8671807124239792,39.01228152659844,0.9580242312999024
imagewoof,data/imagewoof2-320/val/n02115641/n02115641_1940.JPEG,n02115641,273,dingo,webp,77,273,dingo,0.5100247859954834,True,21613,10940,1.9755941499085923,38.21691404933459,0.9334272486522708
imagewoof,data/imagewoof2-320/val/n02115641/n02115641_1941.JPEG,n02115641,273,dingo,webp,77,273,dingo,0.8755323886871338,True,9923,4026,2.464729259811227,41.571333428773976,0.9598704672138973
imagewoof,data/imagewoof2-320/val/n02115641/n02115641_1942.JPEG,n02115641,273,dingo,webp,77,273,dingo,0.26395246386528015,True,38894,33480,1.1617084826762245,35.3828839401049,0.9724882775963736
imagewoof,data/imagewoof2-320/val/n02115641/n02115641_19700.JPEG,n02115641,273,dingo,webp,77,273,dingo,0.48388320207595825,True,30092,24288,1.238965744400527,36.321573345841905,0.9502367764293038
imagewoof,data/imagewoof2-320/val/n02115641/n02115641_20282.JPEG,n02115641,273,dingo,webp,77,277,red fox,0.2210431694984436,False,17870,11008,1.6233648255813953,39.03698504407919,0.9628855919626713
imagewoof,data/imagewoof2-320/val/n02115641/n02115641_20310.JPEG,n02115641,273,dingo,webp,77,274,dhole,0.2575775682926178,False,14790,8314,1.7789271108972817,39.24467588872482,0.9576293938375019
imagewoof,data/imagewoof2-320/val/n02115641/n02115641_2041.JPEG,n02115641,273,dingo,webp,77,273,dingo,0.5284768342971802,True,18395,11216,1.6400677603423681,38.37882354925735,0.9581796534951256
imagewoof,data/imagewoof2-320/val/n02115641/n02115641_20480.JPEG,n02115641,273,dingo,webp,77,273,dingo,0.46701160073280334,True,13666,9482,1.4412571187513183,38.935188073264236,0.9753073502770863
imagewoof,data/imagewoof2-320/val/n02115641/n02115641_20822.JPEG,n02115641,273,dingo,webp,77,273,dingo,0.4019702970981598,True,41347,41376,0.9992991105955144,34.300827625986784,0.9748169377467675
imagewoof,data/imagewoof2-320/val/n02115641/n02115641_2092.JPEG,n02115641,273,dingo,webp,77,273,dingo,0.7095193862915039,True,13222,7226,1.8297813451425409,40.37538807008771,0.9693958960389043
imagewoof,data/imagewoof2-320/val/n02115641/n02115641_212.JPEG,n02115641,273,dingo,webp,77,273,dingo,0.24313664436340332,True,24759,15630,1.5840690978886756,38.04607051375518,0.9561325591053227
imagewoof,data/imagewoof2-320/val/n02115641/n02115641_21691.JPEG,n02115641,273,dingo,webp,77,273,dingo,0.49131131172180176,True,31617,26426,1.1964353288428062,35.16220871811668,0.955375156624295
imagewoof,data/imagewoof2-320/val/n02115641/n02115641_2192.JPEG,n02115641,273,dingo,webp,77,273,dingo,0.5989429354667664,True,41243,41482,0.9942384648763319,34.47559649054173,0.9724375339212955
imagewoof,data/imagewoof2-320/val/n02115641/n02115641_21980.JPEG,n02115641,273,dingo,webp,77,180,American Staffordshire terrier,0.12360268831253052,False,20891,14302,1.4607047965319535,36.24939788142852,0.9527372099108656
imagewoof,data/imagewoof2-320/val/n02115641/n02115641_22.JPEG,n02115641,273,dingo,webp,77,273,dingo,0.4009724259376526,True,22675,15564,1.456887689539964,37.15866992164003,0.9575217523246295
imagewoof,data/imagewoof2-320/val/n02115641/n02115641_2202.JPEG,n02115641,273,dingo,webp,77,273,dingo,0.35365042090415955,True,41094,39472,1.041092419943251,34.80998526260702,0.9668302496768875
imagewoof,data/imagewoof2-320/val/n02115641/n02115641_22060.JPEG,n02115641,273,dingo,webp,77,180,American Staffordshire terrier,0.1233750730752945,False,25904,21858,1.1851038521365176,35.796150933665174,0.9746500400547231
imagewoof,data/imagewoof2-320/val/n02115641/n02115641_22250.JPEG,n02115641,273,dingo,webp,77,273,dingo,0.39545774459838867,True,17061,10164,1.6785714285714286,38.090745056495756,0.9548821193570233
imagewoof,data/imagewoof2-320/val/n02115641/n02115641_2231.JPEG,n02115641,273,dingo,webp,77,273,dingo,0.39006802439689636,True,35899,31786,1.1293965896935758,35.41767991016751,0.983664777593798
imagewoof,data/imagewoof2-320/val/n02115641/n02115641_22371.JPEG,n02115641,273,dingo,webp,77,273,dingo,0.5659101009368896,True,45604,42014,1.0854477079068883,34.595067952164804,0.9787600240371855
imagewoof,data/imagewoof2-320/val/n02115641/n02115641_22391.JPEG,n02115641,273,dingo,webp,77,273,dingo,0.3810063898563385,True,18365,12242,1.5001633719980396,37.918581326164286,0.9595560451056215
imagewoof,data/imagewoof2-320/val/n02115641/n02115641_22470.JPEG,n02115641,273,dingo,webp,77,273,dingo,0.3174610733985901,True,31022,26800,1.1575373134328357,36.057111722999764,0.9550594468554773
imagewoof,data/imagewoof2-320/val/n02115641/n02115641_22620.JPEG,n02115641,273,dingo,webp,77,273,dingo,0.4490048289299011,True,51254,49310,1.039424051916447,34.33554803230394,0.9774836942656294
imagewoof,data/imagewoof2-320/val/n02115641/n02115641_22712.JPEG,n02115641,273,dingo,webp,77,273,dingo,0.5040665864944458,True,21868,16174,1.352046494373686,36.33133880179883,0.9528507361083604
imagewoof,data/imagewoof2-320/val/n02115641/n02115641_22921.JPEG,n02115641,273,dingo,webp,77,273,dingo,0.47309252619743347,True,15333,8182,1.8739916890735762,39.03885287785227,0.950333051766655
imagewoof,data/imagewoof2-320/val/n02115641/n02115641_22982.JPEG,n02115641,273,dingo,webp,77,273,dingo,0.3013954758644104,True,25709,18454,1.3931396987103066,36.735645666081076,0.9584223052327342
imagewoof,data/imagewoof2-320/val/n02115641/n02115641_23050.JPEG,n02115641,273,dingo,webp,77,273,dingo,0.323196142911911,True,26144,19524,1.3390698627330464,36.10194787639864,0.9549754113816893
imagewoof,data/imagewoof2-320/val/n02115641/n02115641_23131.JPEG,n02115641,273,dingo,webp,77,273,dingo,0.5102052688598633,True,31025,25366,1.2230939052274699,35.56154069542671,0.9586248840482008
imagewoof,data/imagewoof2-320/val/n02115641/n02115641_23142.JPEG,n02115641,273,dingo,webp,77,167,English foxhound,0.06363449990749359,False,35477,31442,1.128331531073087,34.54897082462619,0.9766638033097995
imagewoof,data/imagewoof2-320/val/n02115641/n02115641_232.JPEG,n02115641,273,dingo,webp,77,273,dingo,0.5577864646911621,True,12425,5020,2.4750996015936253,40.246451382446764,0.9331690912572773
imagewoof,data/imagewoof2-320/val/n02115641/n02115641_23672.JPEG,n02115641,273,dingo,webp,77,273,dingo,0.36867445707321167,True,39013,34562,1.1287830565360801,35.432918201041616,0.9745429359000933
imagewoof,data/imagewoof2-320/val/n02115641/n02115641_2370.JPEG,n02115641,273,dingo,webp,77,227,kelpie,0.14528438448905945,False,15987,9080,1.76068281938326,38.43331771313952,0.9504785376484279
imagewoof,data/imagewoof2-320/val/n02115641/n02115641_2371.JPEG,n02115641,273,dingo,webp,77,273,dingo,0.6742060780525208,True,35543,33428,1.063270312313031,35.23817409299304,0.9729693419952642
imagewoof,data/imagewoof2-320/val/n02115641/n02115641_23710.JPEG,n02115641,273,dingo,webp,77,273,dingo,0.2512069046497345,True,13083,7252,1.804054054054054,40.18920343630096,0.9617952099356465
imagewoof,data/imagewoof2-320/val/n02115641/n02115641_23861.JPEG,n02115641,273,dingo,webp,77,273,dingo,0.6175323128700256,True,18508,11952,1.5485274431057563,38.36323995644186,0.9617417437909151
imagewoof,data/imagewoof2-320/val/n02115641/n02115641_24272.JPEG,n02115641,273,dingo,webp,77,273,dingo,0.38174763321876526,True,22672,15684,1.4455496046926803,36.950998196894254,0.9509865400944687
imagewoof,data/imagewoof2-320/val/n02115641/n02115641_2440.JPEG,n02115641,273,dingo,webp,77,273,dingo,0.33462318778038025,True,23003,17114,1.3441042421409373,36.87026507591877,0.9644651414712101
imagewoof,data/imagewoof2-320/val/n02115641/n02115641_24410.JPEG,n02115641,273,dingo,webp,77,273,dingo,0.26099684834480286,True,35281,30268,1.1656204572485793,35.7400214267639,0.9638889854429419
imagewoof,data/imagewoof2-320/val/n02115641/n02115641_24822.JPEG,n02115641,273,dingo,webp,77,273,dingo,0.4258738160133362,True,15727,10136,1.5515982636148382,37.162774644213485,0.9525593633199652
imagewoof,data/imagewoof2-320/val/n02115641/n02115641_2500.JPEG,n02115641,273,dingo,webp,77,273,dingo,0.48101383447647095,True,37102,33366,1.1119702691362465,35.044488442566006,0.9630149396846569
imagewoof,data/imagewoof2-320/val/n02115641/n02115641_25000.JPEG,n02115641,273,dingo,webp,77,273,dingo,0.2599901258945465,True,22635,15628,1.4483619145124136,37.27681076158909,0.9331261037037984
imagewoof,data/imagewoof2-320/val/n02115641/n02115641_2520.JPEG,n02115641,273,dingo,webp,77,193,Australian terrier,0.1674303412437439,False,31004,25146,1.2329595164240834,36.28936066123669,0.9612221007843892
imagewoof,data/imagewoof2-320/val/n02115641/n02115641_25872.JPEG,n02115641,273,dingo,webp,77,273,dingo,0.6167818903923035,True,39629,31704,1.249968458238708,36.14591722880854,0.9762798528691223
imagewoof,data/imagewoof2-320/val/n02115641/n02115641_2590.JPEG,n02115641,273,dingo,webp,77,273,dingo,0.37173840403556824,True,41841,41726,1.0027560753487035,34.79669553885132,0.9792194322521995
imagewoof,data/imagewoof2-320/val/n02115641/n02115641_2602.JPEG,n02115641,273,dingo,webp,77,273,dingo,0.5963549613952637,True,37954,35464,1.0702120460184976,34.999396360419865,0.9747027490274228
imagewoof,data/imagewoof2-320/val/n02115641/n02115641_26322.JPEG,n02115641,273,dingo,webp,77,273,dingo,0.4887250065803528,True,38201,37186,1.0272952186306674,34.574638235096124,0.9638846415550696
imagewoof,data/imagewoof2-320/val/n02115641/n02115641_26532.JPEG,n02115641,273,dingo,webp,77,273,dingo,0.4815335273742676,True,27622,21788,1.2677620708646962,36.521351851345734,0.9514763764462267
imagewoof,data/imagewoof2-320/val/n02115641/n02115641_26551.JPEG,n02115641,273,dingo,webp,77,273,dingo,0.4506446123123169,True,57584,58090,0.991289378550525,33.58716332195916,0.9832500050846166
imagewoof,data/imagewoof2-320/val/n02115641/n02115641_2661.JPEG,n02115641,273,dingo,webp,77,269,timber wolf,0.24218688905239105,False,39018,33002,1.1822919823041027,35.466752704436765,0.9727098230460296
imagewoof,data/imagewoof2-320/val/n02115641/n02115641_26682.JPEG,n02115641,273,dingo,webp,77,273,dingo,0.4451039433479309,True,40324,34174,1.1799613741440862,35.14940613713623,0.9642056175470989
imagewoof,data/imagewoof2-320/val/n02115641/n02115641_26700.JPEG,n02115641,273,dingo,webp,77,273,dingo,0.662636399269104,True,35334,30166,1.1713187031757608,35.40962423486693,0.9710023171561311
imagewoof,data/imagewoof2-320/val/n02115641/n02115641_26810.JPEG,n02115641,273,dingo,webp,77,273,dingo,0.4921019375324249,True,18976,12342,1.5375141792254092,38.4958571898648,0.9635279668039054
imagewoof,data/imagewoof2-320/val/n02115641/n02115641_26912.JPEG,n02115641,273,dingo,webp,77,273,dingo,0.33468538522720337,True,34370,29102,1.1810184867019449,35.741217840237056,0.9673682033839982
imagewoof,data/imagewoof2-320/val/n02115641/n02115641_27000.JPEG,n02115641,273,dingo,webp,77,162,beagle,0.07248477637767792,False,19439,13258,1.4662090813093982,36.47544661295396,0.9521302738961989
imagewoof,data/imagewoof2-320/val/n02115641/n02115641_2701.JPEG,n02115641,273,dingo,webp,77,273,dingo,0.48495107889175415,True,44704,44206,1.0112654390806677,34.707996181811545,0.9830480579698083
imagewoof,data/imagewoof2-320/val/n02115641/n02115641_27120.JPEG,n02115641,273,dingo,webp,77,273,dingo,0.3775995075702667,True,35703,32158,1.110236955034517,34.832781842399775,0.9670079100735821
imagewoof,data/imagewoof2-320/val/n02115641/n02115641_27272.JPEG,n02115641,273,dingo,webp,77,273,dingo,0.42410221695899963,True,14948,8340,1.792326139088729,38.048795403818595,0.942256822556554
imagewoof,data/imagewoof2-320/val/n02115641/n02115641_2762.JPEG,n02115641,273,dingo,webp,77,273,dingo,0.4308049976825714,True,38116,38044,1.001892545473662,35.278312363093775,0.9743905929405071
imagewoof,data/imagewoof2-320/val/n02115641/n02115641_27730.JPEG,n02115641,273,dingo,webp,77,273,dingo,0.27625569701194763,True,28855,21854,1.320353253408987,35.6906317063664,0.9625428177053896
imagewoof,data/imagewoof2-320/val/n02115641/n02115641_27771.JPEG,n02115641,273,dingo,webp,77,273,dingo,0.3696831166744232,True,49950,49270,1.013801501928151,34.66883113189934,0.9778350936239822
imagewoof,data/imagewoof2-320/val/n02115641/n02115641_281.JPEG,n02115641,273,dingo,webp,77,235,German shepherd,0.15554925799369812,False,28916,25112,1.1514813634915577,35.31400353837122,0.9496755826176778
imagewoof,data/imagewoof2-320/val/n02115641/n02115641_28170.JPEG,n02115641,273,dingo,webp,77,273,dingo,0.523493230342865,True,14023,7708,1.8192786715101195,39.91185175246943,0.9665640582788576
imagewoof,data/imagewoof2-320/val/n02115641/n02115641_282.JPEG,n02115641,273,dingo,webp,77,273,dingo,0.38059043884277344,True,46782,47868,0.9773126096766107,33.85723943149161,0.9791997417354765
imagewoof,data/imagewoof2-320/val/n02115641/n02115641_28502.JPEG,n02115641,273,dingo,webp,77,273,dingo,0.29619359970092773,True,18383,11278,1.6299875864514985,38.42239679929734,0.9495938209612027
imagewoof,data/imagewoof2-320/val/n02115641/n02115641_28701.JPEG,n02115641,273,dingo,webp,77,273,dingo,0.6562623381614685,True,15514,8948,1.7337952615109522,39.38361373963979,0.9656763798324631
imagewoof,data/imagewoof2-320/val/n02115641/n02115641_2871.JPEG,n02115641,273,dingo,webp,77,273,dingo,0.491396427154541,True,47130,46118,1.0219437096144672,34.84950608435631,0.9826761759752795
imagewoof,data/imagewoof2-320/val/n02115641/n02115641_28792.JPEG,n02115641,273,dingo,webp,77,273,dingo,0.47854670882225037,True,45913,45150,1.0168992248062017,34.138135465072985,0.9832945061890443
imagewoof,data/imagewoof2-320/val/n02115641/n02115641_29072.JPEG,n02115641,273,dingo,webp,77,273,dingo,0.24135272204875946,True,17032,10978,1.5514665695026417,36.77031984964134,0.9442971565215216
imagewoof,data/imagewoof2-320/val/n02115641/n02115641_2950.JPEG,n02115641,273,dingo,webp,77,273,dingo,0.5398607850074768,True,24589,20350,1.2083046683046683,36.65657466539331,0.962076317902245
imagewoof,data/imagewoof2-320/val/n02115641/n02115641_2961.JPEG,n02115641,273,dingo,webp,77,273,dingo,0.45031502842903137,True,26375,21504,1.2265159970238095,36.17844222686297,0.9463069382015729
imagewoof,data/imagewoof2-320/val/n02115641/n02115641_3010.JPEG,n02115641,273,dingo,webp,77,273,dingo,0.37010514736175537,True,30904,27410,1.127471725647574,35.278595189827115,0.9759839671306424
imagewoof,data/imagewoof2-320/val/n02115641/n02115641_30352.JPEG,n02115641,273,dingo,webp,77,273,dingo,0.5200241208076477,True,39395,37036,1.0636947834539368,35.14761103187807,0.9722728484963383
imagewoof,data/imagewoof2-320/val/n02115641/n02115641_30372.JPEG,n02115641,273,dingo,webp,77,273,dingo,0.4859408736228943,True,22666,14486,1.5646831423443324,37.62540756631702,0.9573206550853133
imagewoof,data/imagewoof2-320/val/n02115641/n02115641_30802.JPEG,n02115641,273,dingo,webp,77,273,dingo,0.4823150634765625,True,50712,49682,1.0207318545952255,33.74753801139255,0.9786074521770307
imagewoof,data/imagewoof2-320/val/n02115641/n02115641_3090.JPEG,n02115641,273,dingo,webp,77,273,dingo,0.47800105810165405,True,24924,18346,1.3585522729750354,37.03647914352078,0.9638277428780814
imagewoof,data/imagewoof2-320/val/n02115641/n02115641_3092.JPEG,n02115641,273,dingo,webp,77,273,dingo,0.6593411564826965,True,18167,10872,1.6709896983075792,38.46513368149235,0.9601328718823551
imagewoof,data/imagewoof2-320/val/n02115641/n02115641_31.JPEG,n02115641,273,dingo,webp,77,273,dingo,0.2839820384979248,True,26043,19210,1.3557001561686621,36.03328111516391,0.9519363746557294
imagewoof,data/imagewoof2-320/val/n02115641/n02115641_31032.JPEG,n02115641,273,dingo,webp,77,273,dingo,0.43212783336639404,True,47414,46602,1.0174241448864856,34.79597528069806,0.9795123568067988
imagewoof,data/imagewoof2-320/val/n02115641/n02115641_311.JPEG,n02115641,273,dingo,webp,77,273,dingo,0.4304862320423126,True,23135,15474,1.495088535608117,37.30553944709659,0.9660848060611267
imagewoof,data/imagewoof2-320/val/n02115641/n02115641_3110.JPEG,n02115641,273,dingo,webp,77,273,dingo,0.5696642398834229,True,24779,17858,1.3875573972449322,37.202596060464366,0.9702649630811387
imagewoof,data/imagewoof2-320/val/n02115641/n02115641_31831.JPEG,n02115641,273,dingo,webp,77,273,dingo,0.43424078822135925,True,31257,24864,1.257118725868726,36.04361046374236,0.9574148617171976
imagewoof,data/imagewoof2-320/val/n02115641/n02115641_32092.JPEG,n02115641,273,dingo,webp,77,273,dingo,0.3764224648475647,True,53684,54776,0.9800642617204616,33.615119492233454,0.9799231872377908
imagewoof,data/imagewoof2-320/val/n02115641/n02115641_32260.JPEG,n02115641,273,dingo,webp,77,273,dingo,0.3577132225036621,True,33913,29880,1.1349732262382866,34.891201207368596,0.9562348687161505
imagewoof,data/imagewoof2-320/val/n02115641/n02115641_3242.JPEG,n02115641,273,dingo,webp,77,273,dingo,0.7945831418037415,True,23638,18324,1.2900021829294914,36.83864807287419,0.961215180130643
imagewoof,data/imagewoof2-320/val/n02115641/n02115641_33391.JPEG,n02115641,273,dingo,webp,77,273,dingo,0.46042877435684204,True,46762,44634,1.0476766590491553,34.33363055331234,0.9755558732266191
imagewoof,data/imagewoof2-320/val/n02115641/n02115641_3360.JPEG,n02115641,273,dingo,webp,77,273,dingo,0.15908153355121613,True,37371,33790,1.1059781000295945,35.44890116016251,0.9641312223367832
imagewoof,data/imagewoof2-320/val/n02115641/n02115641_33932.JPEG,n02115641,273,dingo,webp,77,273,dingo,0.4237574338912964,True,18685,11522,1.6216802638430827,38.362920069377154,0.9574808407340877
imagewoof,data/imagewoof2-320/val/n02115641/n02115641_34130.JPEG,n02115641,273,dingo,webp,77,159,Rhodesian ridgeback,0.25165560841560364,False,36982,33468,1.1049958168997251,35.293905571209436,0.9633889705783458
imagewoof,data/imagewoof2-320/val/n02115641/n02115641_3421.JPEG,n02115641,273,dingo,webp,77,273,dingo,0.3112908899784088,True,26943,22880,1.1775786713286713,36.28451818616017,0.9474267398758384
imagewoof,data/imagewoof2-320/val/n02115641/n02115641_34321.JPEG,n02115641,273,dingo,webp,77,273,dingo,0.551395833492279,True,18396,11088,1.6590909090909092,38.521701878757064,0.9456422338056553
imagewoof,data/imagewoof2-320/val/n02115641/n02115641_34631.JPEG,n02115641,273,dingo,webp,77,273,dingo,0.5554983019828796,True,47637,44592,1.0682857911733046,34.58926546471655,0.9730343150855912
imagewoof,data/imagewoof2-320/val/n02115641/n02115641_34642.JPEG,n02115641,273,dingo,webp,77,273,dingo,0.4307211637496948,True,18941,11594,1.6336898395721926,38.0461603825639,0.9554413433726129
imagewoof,data/imagewoof2-320/val/n02115641/n02115641_35640.JPEG,n02115641,273,dingo,webp,77,286,cougar,0.20699156820774078,False,37775,35038,1.078115189223129,34.80336083208623,0.9767972389512455
imagewoof,data/imagewoof2-320/val/n02115641/n02115641_362.JPEG,n02115641,273,dingo,webp,77,227,kelpie,0.17168721556663513,False,31558,28144,1.121304718590108,35.575423318171346,0.9635167586821979
imagewoof,data/imagewoof2-320/val/n02115641/n02115641_36252.JPEG,n02115641,273,dingo,webp,77,273,dingo,0.587416410446167,True,45458,44826,1.0140989604247534,34.15396782267486,0.9803452375505534
imagewoof,data/imagewoof2-320/val/n02115641/n02115641_36291.JPEG,n02115641,273,dingo,webp,77,273,dingo,0.3354797959327698,True,32661,28536,1.1445542472666106,35.978767382153976,0.9692471915718958
imagewoof,data/imagewoof2-320/val/n02115641/n02115641_3640.JPEG,n02115641,273,dingo,webp,77,273,dingo,0.5332763195037842,True,56358,56854,0.9912758996728462,33.37873801510503,0.9847792957155163
imagewoof,data/imagewoof2-320/val/n02115641/n02115641_36410.JPEG,n02115641,273,dingo,webp,77,273,dingo,0.5289679765701294,True,40655,37884,1.0731443353394572,35.41088437252705,0.975697191834623
imagewoof,data/imagewoof2-320/val/n02115641/n02115641_3650.JPEG,n02115641,273,dingo,webp,77,273,dingo,0.1546163558959961,True,32051,26844,1.193972582327522,35.761066755476236,0.9692384212309383
imagewoof,data/imagewoof2-320/val/n02115641/n02115641_3660.JPEG,n02115641,273,dingo,webp,77,273,dingo,0.5849295258522034,True,35087,31756,1.1048935634210857,35.33715173024006,0.97036425219879
imagewoof,data/imagewoof2-320/val/n02115641/n02115641_36721.JPEG,n02115641,273,dingo,webp,77,273,dingo,0.3811448812484741,True,19837,12988,1.527332922697875,37.81229025700802,0.9553326339138279
imagewoof,data/imagewoof2-320/val/n02115641/n02115641_36760.JPEG,n02115641,273,dingo,webp,77,273,dingo,0.5024022459983826,True,28121,21014,1.3382031026934424,36.68060207840208,0.965162391635093
imagewoof,data/imagewoof2-320/val/n02115641/n02115641_36851.JPEG,n02115641,273,dingo,webp,77,273,dingo,0.4100293815135956,True,63477,64398,0.9856983136122239,33.45976293164931,0.9819679690622708
imagewoof,data/imagewoof2-320/val/n02115641/n02115641_3692.JPEG,n02115641,273,dingo,webp,77,271,red wolf,0.18905840814113617,False,26887,20520,1.3102826510721248,36.720712055891305,0.9606016820628258
imagewoof,data/imagewoof2-320/val/n02115641/n02115641_37280.JPEG,n02115641,273,dingo,webp,77,273,dingo,0.5728825330734253,True,22742,19582,1.1613726892043714,35.95036352521662,0.9709020649933291
imagewoof,data/imagewoof2-320/val/n02115641/n02115641_3740.JPEG,n02115641,273,dingo,webp,77,273,dingo,0.2368542104959488,True,38199,35538,1.0748775958129326,34.28507591204956,0.9695164187175903
imagewoof,data/imagewoof2-320/val/n02115641/n02115641_37440.JPEG,n02115641,273,dingo,webp,77,273,dingo,0.5365264415740967,True,28210,24904,1.1327497590748474,36.31117250293911,0.9597438146710692
imagewoof,data/imagewoof2-320/val/n02115641/n02115641_37601.JPEG,n02115641,273,dingo,webp,77,273,dingo,0.40665963292121887,True,42754,41122,1.0396867856621759,34.86936906144605,0.9786747513902196
imagewoof,data/imagewoof2-320/val/n02115641/n02115641_3761.JPEG,n02115641,273,dingo,webp,77,273,dingo,0.34608274698257446,True,27090,19014,1.4247396655096245,36.49631741219671,0.9564091204493224
imagewoof,data/imagewoof2-320/val/n02115641/n02115641_3831.JPEG,n02115641,273,dingo,webp,77,273,dingo,0.5067791938781738,True,33465,29678,1.127602938203383,34.58637489735244,0.9621571887158229
imagewoof,data/imagewoof2-320/val/n02115641/n02115641_3842.JPEG,n02115641,273,dingo,webp,77,273,dingo,0.609853208065033,True,27257,19634,1.3882550677396353,36.986084094299585,0.9510666719797705
imagewoof,data/imagewoof2-320/val/n02115641/n02115641_3862.JPEG,n02115641,273,dingo,webp,77,273,dingo,0.38591310381889343,True,27095,20586,1.3161857573107938,36.521379605231786,0.9658160448036339
imagewoof,data/imagewoof2-320/val/n02115641/n02115641_38781.JPEG,n02115641,273,dingo,webp,77,273,dingo,0.5401291847229004,True,41925,37972,1.1041030232803117,34.00919193013982,0.9764632628846298
imagewoof,data/imagewoof2-320/val/n02115641/n02115641_38960.JPEG,n02115641,273,dingo,webp,77,273,dingo,0.39273640513420105,True,15715,9022,1.7418532476169364,38.84832240698334,0.9545042497068289
imagewoof,data/imagewoof2-320/val/n02115641/n02115641_390.JPEG,n02115641,273,dingo,webp,77,273,dingo,0.7749354243278503,True,34103,29316,1.1632896711693272,34.625941805492246,0.9665449139387648
imagewoof,data/imagewoof2-320/val/n02115641/n02115641_3930.JPEG,n02115641,273,dingo,webp,77,227,kelpie,0.07360292971134186,False,30744,27720,1.1090909090909091,35.58324269672209,0.9517481944049546
imagewoof,data/imagewoof2-320/val/n02115641/n02115641_3960.JPEG,n02115641,273,dingo,webp,77,274,dhole,0.06049187108874321,False,44701,44778,0.9982804055562999,34.092503830519234,0.9769364300456947
imagewoof,data/imagewoof2-320/val/n02115641/n02115641_39702.JPEG,n02115641,273,dingo,webp,77,273,dingo,0.6810872554779053,True,41526,40630,1.0220526704405613,35.31923995279806,0.9727672899769879
imagewoof,data/imagewoof2-320/val/n02115641/n02115641_3981.JPEG,n02115641,273,dingo,webp,77,273,dingo,0.4312664270401001,True,28417,20526,1.3844392477832992,36.35293252539742,0.960886524880463
imagewoof,data/imagewoof2-320/val/n02115641/n02115641_39832.JPEG,n02115641,273,dingo,webp,77,273,dingo,0.3665081262588501,True,23669,16828,1.4065248395531258,36.927848781497886,0.9654885236076608
imagewoof,data/imagewoof2-320/val/n02115641/n02115641_4020.JPEG,n02115641,273,dingo,webp,77,270,white wolf,0.10137352347373962,False,20427,13848,1.4750866551126516,37.417873242375194,0.9447489006778579
imagewoof,data/imagewoof2-320/val/n02115641/n02115641_40492.JPEG,n02115641,273,dingo,webp,77,273,dingo,0.3841921389102936,True,41194,40520,1.0166337611056269,34.41180773052014,0.9735329900741765
imagewoof,data/imagewoof2-320/val/n02115641/n02115641_4100.JPEG,n02115641,273,dingo,webp,77,275,African hunting dog,0.4420110285282135,False,33146,29224,1.1342047632083219,35.26835375061512,0.9638798094599715
imagewoof,data/imagewoof2-320/val/n02115641/n02115641_4112.JPEG,n02115641,273,dingo,webp,77,205,flat-coated retriever,0.3190690875053406,False,23299,15872,1.4679309475806452,36.13843874680291,0.9619904053833341
imagewoof,data/imagewoof2-320/val/n02115641/n02115641_4131.JPEG,n02115641,273,dingo,webp,77,273,dingo,0.39975547790527344,True,34489,32470,1.0621804742839545,35.26900360273562,0.9628499014277657
imagewoof,data/imagewoof2-320/val/n02115641/n02115641_41531.JPEG,n02115641,273,dingo,webp,77,273,dingo,0.33399510383605957,True,28202,23274,1.2117384205551258,36.328394952877254,0.9644214866351118
imagewoof,data/imagewoof2-320/val/n02115641/n02115641_4160.JPEG,n02115641,273,dingo,webp,77,227,kelpie,0.16163435578346252,False,30985,27976,1.1075564769802688,35.40885502001088,0.955385574882484
imagewoof,data/imagewoof2-320/val/n02115641/n02115641_4201.JPEG,n02115641,273,dingo,webp,77,273,dingo,0.5945209264755249,True,24198,16828,1.4379605419538863,36.52788309050919,0.9579784700204454
imagewoof,data/imagewoof2-320/val/n02115641/n02115641_42050.JPEG,n02115641,273,dingo,webp,77,273,dingo,0.5380386710166931,True,36088,31224,1.1557776069689982,35.36713363509506,0.9682611063840899
imagewoof,data/imagewoof2-320/val/n02115641/n02115641_421.JPEG,n02115641,273,dingo,webp,77,273,dingo,0.5012216567993164,True,24601,18928,1.2997147083685545,37.00831831941139,0.9647436673318026
imagewoof,data/imagewoof2-320/val/n02115641/n02115641_42170.JPEG,n02115641,273,dingo,webp,77,273,dingo,0.6788086295127869,True,37339,37706,0.9902668010396224,34.36611406364479,0.9842270470863879
imagewoof,data/imagewoof2-320/val/n02115641/n02115641_4262.JPEG,n02115641,273,dingo,webp,77,273,dingo,0.27272599935531616,True,25929,20080,1.291284860557769,36.414317189007775,0.9589534161965035
imagewoof,data/imagewoof2-320/val/n02115641/n02115641_4381.JPEG,n02115641,273,dingo,webp,77,269,timber wolf,0.4306991696357727,False,28374,22082,1.28493795851825,37.185090513603164,0.9706272679054999
imagewoof,data/imagewoof2-320/val/n02115641/n02115641_4382.JPEG,n02115641,273,dingo,webp,77,273,dingo,0.333925724029541,True,36122,32256,1.1198536706349207,35.03867833674251,0.9714502723785511
imagewoof,data/imagewoof2-320/val/n02115641/n02115641_43831.JPEG,n02115641,273,dingo,webp,77,273,dingo,0.519149661064148,True,35354,35130,1.006376316538571,34.020164840782286,0.9745418407496605
imagewoof,data/imagewoof2-320/val/n02115641/n02115641_4391.JPEG,n02115641,273,dingo,webp,77,273,dingo,0.4354380667209625,True,26938,20542,1.31136208743063,36.288527148910056,0.9726365280287741
imagewoof,data/imagewoof2-320/val/n02115641/n02115641_44040.JPEG,n02115641,273,dingo,webp,77,273,dingo,0.3577955961227417,True,34591,31530,1.097082143989851,36.03916823869139,0.9686425163310616
imagewoof,data/imagewoof2-320/val/n02115641/n02115641_44060.JPEG,n02115641,273,dingo,webp,77,273,dingo,0.4112323522567749,True,42093,39444,1.0671585031944022,35.08085506884236,0.9783223198076342
imagewoof,data/imagewoof2-320/val/n02115641/n02115641_4462.JPEG,n02115641,273,dingo,webp,77,227,kelpie,0.6872808933258057,False,24404,20226,1.2065658063878177,35.75377796456046,0.9668652180358004
imagewoof,data/imagewoof2-320/val/n02115641/n02115641_4482.JPEG,n02115641,273,dingo,webp,77,208,Labrador retriever,0.16993610560894012,False,22996,17724,1.2974497856014444,36.677153983831616,0.948521549438496
imagewoof,data/imagewoof2-320/val/n02115641/n02115641_4500.JPEG,n02115641,273,dingo,webp,77,273,dingo,0.32426369190216064,True,31250,27208,1.1485592472802117,35.89056010711736,0.93997287330776
imagewoof,data/imagewoof2-320/val/n02115641/n02115641_452.JPEG,n02115641,273,dingo,webp,77,273,dingo,0.5007204413414001,True,25403,18418,1.3792485611901402,36.564834309591305,0.9503940430443084
imagewoof,data/imagewoof2-320/val/n02115641/n02115641_45212.JPEG,n02115641,273,dingo,webp,77,273,dingo,0.30249959230422974,True,15000,10048,1.4928343949044587,37.78129988048339,0.9609543435471903
imagewoof,data/imagewoof2-320/val/n02115641/n02115641_45290.JPEG,n02115641,273,dingo,webp,77,240,Appenzeller,0.14391636848449707,False,41685,39244,1.062200591173173,33.934706708736414,0.9729821653396367
imagewoof,data/imagewoof2-320/val/n02115641/n02115641_4562.JPEG,n02115641,273,dingo,webp,77,273,dingo,0.5885423421859741,True,19560,12544,1.559311224489796,38.10993289085191,0.9659465775165265
imagewoof,data/imagewoof2-320/val/n02115641/n02115641_4601.JPEG,n02115641,273,dingo,webp,77,273,dingo,0.37826207280158997,True,19412,13056,1.4868259803921569,37.526682236971254,0.9497681475431485
imagewoof,data/imagewoof2-320/val/n02115641/n02115641_46380.JPEG,n02115641,273,dingo,webp,77,273,dingo,0.5279656648635864,True,16685,11194,1.4905306414150439,37.46882320261691,0.9478173866957874
imagewoof,data/imagewoof2-320/val/n02115641/n02115641_46540.JPEG,n02115641,273,dingo,webp,77,273,dingo,0.2899223566055298,True,24195,16256,1.4883735236220472,36.874920687900556,0.9572046968308442
imagewoof,data/imagewoof2-320/val/n02115641/n02115641_46712.JPEG,n02115641,273,dingo,webp,77,273,dingo,0.42086005210876465,True,34309,31858,1.0769351497269133,35.109628109878514,0.9659576582584615
imagewoof,data/imagewoof2-320/val/n02115641/n02115641_46882.JPEG,n02115641,273,dingo,webp,77,273,dingo,0.5382242798805237,True,19761,12542,1.5755860309360548,37.62596767340973,0.9444858908485864
imagewoof,data/imagewoof2-320/val/n02115641/n02115641_4692.JPEG,n02115641,273,dingo,webp,77,273,dingo,0.4728955030441284,True,36460,32366,1.126490761910647,35.668938613866665,0.9724357371692921
imagewoof,data/imagewoof2-320/val/n02115641/n02115641_47081.JPEG,n02115641,273,dingo,webp,77,273,dingo,0.5191237330436707,True,19761,13706,1.4417773237997957,37.423373908456114,0.9499643777342263
imagewoof,data/imagewoof2-320/val/n02115641/n02115641_47210.JPEG,n02115641,273,dingo,webp,77,273,dingo,0.46055275201797485,True,25531,23086,1.1059083427185308,35.62688157294514,0.9694340069424126
imagewoof,data/imagewoof2-320/val/n02115641/n02115641_4800.JPEG,n02115641,273,dingo,webp,77,273,dingo,0.24168770015239716,True,21619,13022,1.6601904469359545,38.37579568360206,0.9395501966671939
imagewoof,data/imagewoof2-320/val/n02115641/n02115641_48032.JPEG,n02115641,273,dingo,webp,77,273,dingo,0.3389032185077667,True,30938,26366,1.1734051429871803,35.440688415269236,0.9598623107092146
imagewoof,data/imagewoof2-320/val/n02115641/n02115641_4830.JPEG,n02115641,273,dingo,webp,77,235,German shepherd,0.20275476574897766,False,21649,14382,1.5052843832568488,36.916771321609204,0.9442092852449379
imagewoof,data/imagewoof2-320/val/n02115641/n02115641_48350.JPEG,n02115641,273,dingo,webp,77,273,dingo,0.44331392645835876,True,40468,40056,1.0102856001597764,35.0054633207478,0.9793491013798094
imagewoof,data/imagewoof2-320/val/n02115641/n02115641_4840.JPEG,n02115641,273,dingo,webp,77,273,dingo,0.3007812201976776,True,50718,48968,1.0357376245711485,34.321415333329085,0.9851131907016262
imagewoof,data/imagewoof2-320/val/n02115641/n02115641_4851.JPEG,n02115641,273,dingo,webp,77,273,dingo,0.2227596938610077,True,40293,38896,1.0359162895927603,34.36011215328411,0.9695687253623119
imagewoof,data/imagewoof2-320/val/n02115641/n02115641_4852.JPEG,n02115641,273,dingo,webp,77,273,dingo,0.38856393098831177,True,23612,18064,1.3071302037201062,37.10782837256155,0.9522884266686017
imagewoof,data/imagewoof2-320/val/n02115641/n02115641_4901.JPEG,n02115641,273,dingo,webp,77,273,dingo,0.4118680953979492,True,34453,29306,1.1756295639118268,35.69417547912556,0.9594418897949399
imagewoof,data/imagewoof2-320/val/n02115641/n02115641_49022.JPEG,n02115641,273,dingo,webp,77,273,dingo,0.4499164819717407,True,54971,54206,1.014112828838136,34.38076467389392,0.9839611514110054
imagewoof,data/imagewoof2-320/val/n02115641/n02115641_4951.JPEG,n02115641,273,dingo,webp,77,273,dingo,0.4634054899215698,True,22039,14596,1.5099342285557686,37.579237678512044,0.9498499613624926
imagewoof,data/imagewoof2-320/val/n02115641/n02115641_49630.JPEG,n02115641,273,dingo,webp,77,273,dingo,0.448529988527298,True,33249,26186,1.2697242801496984,36.68401240589376,0.9642452505814387
imagewoof,data/imagewoof2-320/val/n02115641/n02115641_4970.JPEG,n02115641,273,dingo,webp,77,273,dingo,0.19100157916545868,True,45134,43502,1.0375155165279757,33.88705761194978,0.9778920595362951
imagewoof,data/imagewoof2-320/val/n02115641/n02115641_4972.JPEG,n02115641,273,dingo,webp,77,171,Italian greyhound,0.24933935701847076,False,14552,8438,1.7245792841905665,38.76276817894259,0.9499101172607863
imagewoof,data/imagewoof2-320/val/n02115641/n02115641_4980.JPEG,n02115641,273,dingo,webp,77,273,dingo,0.2507416009902954,True,37771,33934,1.1130724347262333,35.08806793947558,0.9675642442454407
imagewoof,data/imagewoof2-320/val/n02115641/n02115641_4991.JPEG,n02115641,273,dingo,webp,77,273,dingo,0.1420040875673294,True,47319,46808,1.0109169372756794,33.330643105666404,0.9746258291526037
imagewoof,data/imagewoof2-320/val/n02115641/n02115641_5022.JPEG,n02115641,273,dingo,webp,77,180,American Staffordshire terrier,0.23650643229484558,False,38623,36108,1.0696521546471696,34.18692701417276,0.9693972244048626
imagewoof,data/imagewoof2-320/val/n02115641/n02115641_50240.JPEG,n02115641,273,dingo,webp,77,273,dingo,0.3229081630706787,True,47724,46710,1.021708413615928,34.4197043282445,0.981287121299593
imagewoof,data/imagewoof2-320/val/n02115641/n02115641_51012.JPEG,n02115641,273,dingo,webp,77,273,dingo,0.25338149070739746,True,25880,18212,1.4210410718207775,36.658205323554185,0.9584578181188245
imagewoof,data/imagewoof2-320/val/n02115641/n02115641_5102.JPEG,n02115641,273,dingo,webp,77,273,dingo,0.350533127784729,True,36142,34258,1.0549944538501956,35.61681308293872,0.9725997157902425
imagewoof,data/imagewoof2-320/val/n02115641/n02115641_5130.JPEG,n02115641,273,dingo,webp,77,264,Cardigan,0.34592360258102417,False,18181,11532,1.5765695456122095,38.64842125555596,0.9456799129885828
imagewoof,data/imagewoof2-320/val/n02115641/n02115641_51451.JPEG,n02115641,273,dingo,webp,77,274,dhole,0.4229603409767151,False,36671,34394,1.066203407571088,35.13180366750823,0.9749941721844385
imagewoof,data/imagewoof2-320/val/n02115641/n02115641_51492.JPEG,n02115641,273,dingo,webp,77,273,dingo,0.6114439964294434,True,43353,42952,1.0093360029800709,34.21973131338939,0.9745524479635681
imagewoof,data/imagewoof2-320/val/n02115641/n02115641_52110.JPEG,n02115641,273,dingo,webp,77,273,dingo,0.5210292935371399,True,40123,37368,1.0737261828302291,34.805135717527776,0.9668974167757968
imagewoof,data/imagewoof2-320/val/n02115641/n02115641_52552.JPEG,n02115641,273,dingo,webp,77,273,dingo,0.6731240153312683,True,39287,36690,1.0707822294903244,35.897954891605494,0.9607371116935123
imagewoof,data/imagewoof2-320/val/n02115641/n02115641_5320.JPEG,n02115641,273,dingo,webp,77,273,dingo,0.33926767110824585,True,30323,26336,1.1513897326852978,35.875943920808325,0.9691497470260738
imagewoof,data/imagewoof2-320/val/n02115641/n02115641_5330.JPEG,n02115641,273,dingo,webp,77,273,dingo,0.24993501603603363,True,27617,23038,1.1987585727927772,36.30250909369815,0.9583575533314792
imagewoof,data/imagewoof2-320/val/n02115641/n02115641_540.JPEG,n02115641,273,dingo,webp,77,273,dingo,0.4562165439128876,True,36229,32946,1.0996479086990834,34.780730996333105,0.9630681891415799
imagewoof,data/imagewoof2-320/val/n02115641/n02115641_5471.JPEG,n02115641,273,dingo,webp,77,273,dingo,0.5609854459762573,True,16807,11090,1.5155094679891794,38.04103985032774,0.941802157162909
imagewoof,data/imagewoof2-320/val/n02115641/n02115641_5492.JPEG,n02115641,273,dingo,webp,77,273,dingo,0.6236950755119324,True,30757,24768,1.2418039405684755,36.0602551377911,0.9602380649069918
imagewoof,data/imagewoof2-320/val/n02115641/n02115641_5522.JPEG,n02115641,273,dingo,webp,77,273,dingo,0.6051050424575806,True,23017,17042,1.3506043891562023,36.36489417495174,0.9227243536595245
imagewoof,data/imagewoof2-320/val/n02115641/n02115641_5602.JPEG,n02115641,273,dingo,webp,77,273,dingo,0.3475853204727173,True,26859,20642,1.3011820560023253,36.11482648068548,0.9551411231906108
imagewoof,data/imagewoof2-320/val/n02115641/n02115641_5651.JPEG,n02115641,273,dingo,webp,77,273,dingo,0.48469406366348267,True,33298,28066,1.1864177296372835,35.20915835017483,0.9777433249599166
imagewoof,data/imagewoof2-320/val/n02115641/n02115641_5661.JPEG,n02115641,273,dingo,webp,77,273,dingo,0.23754042387008667,True,24539,18828,1.303324835351604,36.2837164770198,0.9506361266337477
imagewoof,data/imagewoof2-320/val/n02115641/n02115641_5672.JPEG,n02115641,273,dingo,webp,77,273,dingo,0.1727844476699829,True,38909,36248,1.0734109468108586,34.479869408804014,0.9744998085148996
imagewoof,data/imagewoof2-320/val/n02115641/n02115641_5681.JPEG,n02115641,273,dingo,webp,77,273,dingo,0.3508169949054718,True,38992,37930,1.0279989454257843,34.84703698986781,0.9730590064695704
imagewoof,data/imagewoof2-320/val/n02115641/n02115641_5752.JPEG,n02115641,273,dingo,webp,77,273,dingo,0.4934711456298828,True,31125,27616,1.127064020857474,35.847450419695164,0.9613672356656199
imagewoof,data/imagewoof2-320/val/n02115641/n02115641_581.JPEG,n02115641,273,dingo,webp,77,273,dingo,0.5665076375007629,True,27902,22458,1.242408050583311,35.86427805343308,0.9715571452369192
imagewoof,data/imagewoof2-320/val/n02115641/n02115641_5850.JPEG,n02115641,273,dingo,webp,77,273,dingo,0.4097232222557068,True,40142,37836,1.0609472460090918,34.85834632457467,0.9759318102182871
imagewoof,data/imagewoof2-320/val/n02115641/n02115641_592.JPEG,n02115641,273,dingo,webp,77,273,dingo,0.582065999507904,True,32449,24838,1.3064256381351156,35.483792968397594,0.9692458786984072
imagewoof,data/imagewoof2-320/val/n02115641/n02115641_60.JPEG,n02115641,273,dingo,webp,77,273,dingo,0.40856072306632996,True,41959,40252,1.0424078306667992,34.68329143178525,0.9789884003117525
imagewoof,data/imagewoof2-320/val/n02115641/n02115641_6110.JPEG,n02115641,273,dingo,webp,77,269,timber wolf,0.19189545512199402,False,22804,15496,1.4716055756324213,37.56969736444014,0.958062868973579
imagewoof,data/imagewoof2-320/val/n02115641/n02115641_6120.JPEG,n02115641,273,dingo,webp,77,273,dingo,0.38695254921913147,True,26511,21602,1.2272474770854551,35.99707468719791,0.9447167473797536
imagewoof,data/imagewoof2-320/val/n02115641/n02115641_6161.JPEG,n02115641,273,dingo,webp,77,235,German shepherd,0.26554927229881287,False,28599,19230,1.487207488299532,36.22591183954183,0.9583239622517508
imagewoof,data/imagewoof2-320/val/n02115641/n02115641_6221.JPEG,n02115641,273,dingo,webp,77,273,dingo,0.5648478269577026,True,7302,2664,2.740990990990991,43.488410447292374,0.9755031513237654
imagewoof,data/imagewoof2-320/val/n02115641/n02115641_6250.JPEG,n02115641,273,dingo,webp,77,273,dingo,0.5597243309020996,True,36388,33652,1.0813027457506241,35.30515487298961,0.9759333224313865
imagewoof,data/imagewoof2-320/val/n02115641/n02115641_630.JPEG,n02115641,273,dingo,webp,77,273,dingo,0.3377547562122345,True,48490,49410,0.9813802873912163,34.40204987668151,0.9814573279791096
imagewoof,data/imagewoof2-320/val/n02115641/n02115641_6380.JPEG,n02115641,273,dingo,webp,77,273,dingo,0.46022284030914307,True,16639,10640,1.5638157894736842,38.26720902058004,0.9551785426144944
imagewoof,data/imagewoof2-320/val/n02115641/n02115641_6432.JPEG,n02115641,273,dingo,webp,77,273,dingo,0.08330505341291428,True,13601,8878,1.5319891867537734,38.55296200118528,0.9673802642947674
imagewoof,data/imagewoof2-320/val/n02115641/n02115641_6451.JPEG,n02115641,273,dingo,webp,77,273,dingo,0.06763430684804916,True,38378,33092,1.1597364922035538,35.144204154597375,0.9682497826693434
imagewoof,data/imagewoof2-320/val/n02115641/n02115641_6460.JPEG,n02115641,273,dingo,webp,77,273,dingo,0.3762105107307434,True,19469,12986,1.499229939935315,37.837882553835165,0.9572253177601615
imagewoof,data/imagewoof2-320/val/n02115641/n02115641_6490.JPEG,n02115641,273,dingo,webp,77,264,Cardigan,0.204697385430336,False,20562,13652,1.5061529446234985,37.24284977711834,0.9473815609645152
imagewoof,data/imagewoof2-320/val/n02115641/n02115641_6491.JPEG,n02115641,273,dingo,webp,77,273,dingo,0.2277388572692871,True,15779,10494,1.503621116828664,38.57119482848552,0.9528865735523248
imagewoof,data/imagewoof2-320/val/n02115641/n02115641_6500.JPEG,n02115641,273,dingo,webp,77,273,dingo,0.4030211269855499,True,38245,36326,1.0528271761272918,35.46977478010424,0.966571361141463
imagewoof,data/imagewoof2-320/val/n02115641/n02115641_6530.JPEG,n02115641,273,dingo,webp,77,273,dingo,0.5199457406997681,True,14962,7448,2.008861439312567,38.44653025438789,0.9385846482358292
imagewoof,data/imagewoof2-320/val/n02115641/n02115641_6591.JPEG,n02115641,273,dingo,webp,77,273,dingo,0.6198651194572449,True,45322,44984,1.0075137826782856,34.372241186293316,0.9804145266773228
imagewoof,data/imagewoof2-320/val/n02115641/n02115641_6661.JPEG,n02115641,273,dingo,webp,77,271,red wolf,0.1812090277671814,False,18533,11890,1.5587047939444911,37.85852420579156,0.9507649607075354
imagewoof,data/imagewoof2-320/val/n02115641/n02115641_6680.JPEG,n02115641,273,dingo,webp,77,269,timber wolf,0.21321527659893036,False,23246,15212,1.5281356823560348,37.34190782936337,0.943601650727977
imagewoof,data/imagewoof2-320/val/n02115641/n02115641_670.JPEG,n02115641,273,dingo,webp,77,273,dingo,0.4303019344806671,True,17959,11092,1.619094843130184,38.13759020171672,0.9519311588587458
imagewoof,data/imagewoof2-320/val/n02115641/n02115641_6760.JPEG,n02115641,273,dingo,webp,77,273,dingo,0.661239504814148,True,17848,10954,1.6293591382143509,37.784313913717135,0.9457372743295904
imagewoof,data/imagewoof2-320/val/n02115641/n02115641_6771.JPEG,n02115641,273,dingo,webp,77,273,dingo,0.4921973943710327,True,37686,36040,1.045671476137625,35.37165945493023,0.9759614241431208
imagewoof,data/imagewoof2-320/val/n02115641/n02115641_6772.JPEG,n02115641,273,dingo,webp,77,273,dingo,0.6098704934120178,True,35122,30416,1.1547211993687534,34.47839669825112,0.9566591846598022
imagewoof,data/imagewoof2-320/val/n02115641/n02115641_681.JPEG,n02115641,273,dingo,webp,77,273,dingo,0.6080639958381653,True,26486,19860,1.3336354481369588,36.38167408627975,0.9596369839066718
imagewoof,data/imagewoof2-320/val/n02115641/n02115641_6940.JPEG,n02115641,273,dingo,webp,77,274,dhole,0.4893058240413666,False,32854,29036,1.1314919410387105,35.429866452369076,0.9654073854960848
imagewoof,data/imagewoof2-320/val/n02115641/n02115641_7071.JPEG,n02115641,273,dingo,webp,77,273,dingo,0.6098307371139526,True,42586,42650,0.9984994138335287,34.286246558342775,0.9747804117797972
imagewoof,data/imagewoof2-320/val/n02115641/n02115641_7082.JPEG,n02115641,273,dingo,webp,77,286,cougar,0.3267650306224823,False,43096,40574,1.0621580322373934,34.179602099929085,0.9796582709551953
imagewoof,data/imagewoof2-320/val/n02115641/n02115641_7120.JPEG,n02115641,273,dingo,webp,77,273,dingo,0.5530897378921509,True,36842,32194,1.1443747282102255,34.83944541026936,0.9722991696482074
imagewoof,data/imagewoof2-320/val/n02115641/n02115641_7130.JPEG,n02115641,273,dingo,webp,77,273,dingo,0.546035647392273,True,12318,6364,1.9355751099937146,39.982858803545696,0.955219461494679
imagewoof,data/imagewoof2-320/val/n02115641/n02115641_7160.JPEG,n02115641,273,dingo,webp,77,273,dingo,0.10358132421970367,True,18017,10222,1.7625709254549011,38.68204337355944,0.9440349222323269
imagewoof,data/imagewoof2-320/val/n02115641/n02115641_7181.JPEG,n02115641,273,dingo,webp,77,273,dingo,0.4344664216041565,True,28890,22010,1.3125851885506588,36.19730209686886,0.9602287581942733
imagewoof,data/imagewoof2-320/val/n02115641/n02115641_72.JPEG,n02115641,273,dingo,webp,77,273,dingo,0.5283734202384949,True,32038,27446,1.1673103548786707,35.839087787779086,0.9652964626012941
imagewoof,data/imagewoof2-320/val/n02115641/n02115641_7201.JPEG,n02115641,273,dingo,webp,77,273,dingo,0.798598051071167,True,24479,19682,1.2437252311756934,36.9575921323663,0.9581454350479434
imagewoof,data/imagewoof2-320/val/n02115641/n02115641_7222.JPEG,n02115641,273,dingo,webp,77,273,dingo,0.4408981204032898,True,17181,10584,1.623299319727891,38.38451794801189,0.9579659067049225
imagewoof,data/imagewoof2-320/val/n02115641/n02115641_7282.JPEG,n02115641,273,dingo,webp,77,273,dingo,0.3896365761756897,True,39890,36940,1.0798592311857065,34.83590937685196,0.9688676667362691
imagewoof,data/imagewoof2-320/val/n02115641/n02115641_7321.JPEG,n02115641,273,dingo,webp,77,273,dingo,0.3166731595993042,True,21830,15878,1.3748582944955283,36.26844839983156,0.9626706415064605
imagewoof,data/imagewoof2-320/val/n02115641/n02115641_7360.JPEG,n02115641,273,dingo,webp,77,273,dingo,0.5003365278244019,True,28770,23062,1.2475067210129216,35.47162046289002,0.9492367063692811
imagewoof,data/imagewoof2-320/val/n02115641/n02115641_7380.JPEG,n02115641,273,dingo,webp,77,273,dingo,0.28889593482017517,True,37273,33872,1.1004074161549362,35.31962046043989,0.976952482484348
imagewoof,data/imagewoof2-320/val/n02115641/n02115641_7400.JPEG,n02115641,273,dingo,webp,77,273,dingo,0.6547107696533203,True,51770,52672,0.9828751518833536,34.67236654832355,0.99005952369322
imagewoof,data/imagewoof2-320/val/n02115641/n02115641_7411.JPEG,n02115641,273,dingo,webp,77,273,dingo,0.4429987668991089,True,33298,31818,1.046514551511723,34.77424558634355,0.9727687191771466
imagewoof,data/imagewoof2-320/val/n02115641/n02115641_7551.JPEG,n02115641,273,dingo,webp,77,273,dingo,0.5638392567634583,True,12628,6692,1.887029288702929,39.827302663217424,0.962201322547905
imagewoof,data/imagewoof2-320/val/n02115641/n02115641_7560.JPEG,n02115641,273,dingo,webp,77,273,dingo,0.6922034621238708,True,15246,9148,1.6665937909925668,38.499471638758195,0.9512267226851071
imagewoof,data/imagewoof2-320/val/n02115641/n02115641_7620.JPEG,n02115641,273,dingo,webp,77,273,dingo,0.49883773922920227,True,45172,45322,0.9966903490578527,34.84468138334127,0.9821379246241846
imagewoof,data/imagewoof2-320/val/n02115641/n02115641_7701.JPEG,n02115641,273,dingo,webp,77,273,dingo,0.47945138812065125,True,19908,13136,1.5155298416565164,38.9893515899381,0.9719242668217224
imagewoof,data/imagewoof2-320/val/n02115641/n02115641_771.JPEG,n02115641,273,dingo,webp,77,273,dingo,0.34687575697898865,True,21487,13944,1.5409495123350545,36.77940007514951,0.9533265516514865
imagewoof,data/imagewoof2-320/val/n02115641/n02115641_7711.JPEG,n02115641,273,dingo,webp,77,273,dingo,0.47839564085006714,True,40429,39698,1.018414025895511,34.12043352448158,0.9704623626866805
imagewoof,data/imagewoof2-320/val/n02115641/n02115641_7851.JPEG,n02115641,273,dingo,webp,77,273,dingo,0.448205828666687,True,27960,21016,1.3304149219642178,36.49306785471182,0.9493795087152578
imagewoof,data/imagewoof2-320/val/n02115641/n02115641_790.JPEG,n02115641,273,dingo,webp,77,273,dingo,0.5275789499282837,True,24468,17172,1.4248777078965758,36.67808036248796,0.9575027795660365
imagewoof,data/imagewoof2-320/val/n02115641/n02115641_7931.JPEG,n02115641,273,dingo,webp,77,273,dingo,0.550445556640625,True,19382,14006,1.3838354990718265,37.10483554104496,0.9616110082338131
imagewoof,data/imagewoof2-320/val/n02115641/n02115641_7952.JPEG,n02115641,273,dingo,webp,77,273,dingo,0.5044841170310974,True,21376,14532,1.4709606385906964,37.299414441918145,0.9403654303294259
imagewoof,data/imagewoof2-320/val/n02115641/n02115641_7992.JPEG,n02115641,273,dingo,webp,77,273,dingo,0.12758448719978333,True,22374,15072,1.4844745222929936,37.08906270129968,0.9616903710410328
imagewoof,data/imagewoof2-320/val/n02115641/n02115641_8092.JPEG,n02115641,273,dingo,webp,77,273,dingo,0.38892117142677307,True,19953,12232,1.6312132112491824,38.25553783597752,0.9517489003983353
imagewoof,data/imagewoof2-320/val/n02115641/n02115641_81.JPEG,n02115641,273,dingo,webp,77,273,dingo,0.4326343238353729,True,21887,15986,1.3691354935568623,36.86047923682785,0.928388032864541
imagewoof,data/imagewoof2-320/val/n02115641/n02115641_8150.JPEG,n02115641,273,dingo,webp,77,273,dingo,0.49519696831703186,True,33312,29580,1.1261663286004058,35.28654702339657,0.9662030501579343
imagewoof,data/imagewoof2-320/val/n02115641/n02115641_8232.JPEG,n02115641,273,dingo,webp,77,273,dingo,0.3275775611400604,True,31802,29960,1.0614819759679572,34.541496745399854,0.9838786505887386
imagewoof,data/imagewoof2-320/val/n02115641/n02115641_8252.JPEG,n02115641,273,dingo,webp,77,249,malamute,0.24599729478359222,False,21754,13546,1.6059353314631626,37.24591197551172,0.943024035523463
imagewoof,data/imagewoof2-320/val/n02115641/n02115641_8260.JPEG,n02115641,273,dingo,webp,77,273,dingo,0.4580823481082916,True,18637,10172,1.8321863940228078,37.95449911861755,0.9555092405251556
imagewoof,data/imagewoof2-320/val/n02115641/n02115641_8310.JPEG,n02115641,273,dingo,webp,77,273,dingo,0.41598302125930786,True,24498,19734,1.2414107631498936,37.02778459883532,0.9478689002438364
imagewoof,data/imagewoof2-320/val/n02115641/n02115641_8390.JPEG,n02115641,273,dingo,webp,77,273,dingo,0.4756638705730438,True,15560,8982,1.732353596081051,38.482165354378175,0.9574933761000096
imagewoof,data/imagewoof2-320/val/n02115641/n02115641_8462.JPEG,n02115641,273,dingo,webp,77,167,English foxhound,0.1316467523574829,False,25203,17752,1.4197273546642633,37.08151422743989,0.9707466724381811
imagewoof,data/imagewoof2-320/val/n02115641/n02115641_8470.JPEG,n02115641,273,dingo,webp,77,269,timber wolf,0.3431157171726227,False,30541,25174,1.2131961547628505,36.0120562986955,0.9749185820163451
imagewoof,data/imagewoof2-320/val/n02115641/n02115641_8492.JPEG,n02115641,273,dingo,webp,77,273,dingo,0.5234168171882629,True,36723,31260,1.1747600767754318,34.914023415622665,0.9585082871354569
imagewoof,data/imagewoof2-320/val/n02115641/n02115641_850.JPEG,n02115641,273,dingo,webp,77,273,dingo,0.4896363615989685,True,38404,38406,0.9999479248034161,35.42416634976626,0.9647278779261138
imagewoof,data/imagewoof2-320/val/n02115641/n02115641_8532.JPEG,n02115641,273,dingo,webp,77,273,dingo,0.539211094379425,True,29520,25306,1.1665217734924525,35.49837246287042,0.9545519611832032
imagewoof,data/imagewoof2-320/val/n02115641/n02115641_8540.JPEG,n02115641,273,dingo,webp,77,273,dingo,0.46133288741111755,True,30512,25836,1.1809877690044899,35.20615850863365,0.9664719489808706
imagewoof,data/imagewoof2-320/val/n02115641/n02115641_8560.JPEG,n02115641,273,dingo,webp,77,255,Leonberg,0.08440680801868439,False,36414,34786,1.0468004369573967,35.10565858704719,0.9715261988700187
imagewoof,data/imagewoof2-320/val/n02115641/n02115641_8581.JPEG,n02115641,273,dingo,webp,77,273,dingo,0.2784043550491333,True,18953,11976,1.5825818303273214,37.55814783180497,0.9487638484379212
imagewoof,data/imagewoof2-320/val/n02115641/n02115641_8601.JPEG,n02115641,273,dingo,webp,77,273,dingo,0.5964292287826538,True,34173,33256,1.0275739716141448,35.505894063737976,0.9646330998763855
imagewoof,data/imagewoof2-320/val/n02115641/n02115641_8662.JPEG,n02115641,273,dingo,webp,77,273,dingo,0.3417174220085144,True,56949,55930,1.0182192025746468,33.962608673140636,0.9818147344432435
imagewoof,data/imagewoof2-320/val/n02115641/n02115641_8682.JPEG,n02115641,273,dingo,webp,77,273,dingo,0.552946925163269,True,52358,51644,1.0138254201843389,34.08553747692507,0.9804350304255323
imagewoof,data/imagewoof2-320/val/n02115641/n02115641_871.JPEG,n02115641,273,dingo,webp,77,273,dingo,0.24251709878444672,True,33568,28106,1.1943357290258307,35.69636841839268,0.9566335549899369
imagewoof,data/imagewoof2-320/val/n02115641/n02115641_8802.JPEG,n02115641,273,dingo,webp,77,273,dingo,0.6767758131027222,True,34779,32576,1.0676264734774066,34.902316585177886,0.9746253624478726
imagewoof,data/imagewoof2-320/val/n02115641/n02115641_8840.JPEG,n02115641,273,dingo,webp,77,273,dingo,0.4296987056732178,True,41609,39992,1.0404330866173235,34.53115238134075,0.9793627278450804
imagewoof,data/imagewoof2-320/val/n02115641/n02115641_8862.JPEG,n02115641,273,dingo,webp,77,154,Pekinese,0.14317277073860168,False,23614,17136,1.3780345471521942,36.93710028627948,0.9488093883811834
imagewoof,data/imagewoof2-320/val/n02115641/n02115641_8871.JPEG,n02115641,273,dingo,webp,77,273,dingo,0.4229044020175934,True,40919,39482,1.036396332505952,34.44569819435185,0.9779361795551981
imagewoof,data/imagewoof2-320/val/n02115641/n02115641_8891.JPEG,n02115641,273,dingo,webp,77,273,dingo,0.5227182507514954,True,20347,12746,1.5963439510434647,37.84646618971075,0.9614684386288982
imagewoof,data/imagewoof2-320/val/n02115641/n02115641_8910.JPEG,n02115641,273,dingo,webp,77,273,dingo,0.36113137006759644,True,34026,30594,1.1121788585997254,35.42183621574047,0.9599338689099697
imagewoof,data/imagewoof2-320/val/n02115641/n02115641_8950.JPEG,n02115641,273,dingo,webp,77,273,dingo,0.5077588558197021,True,17427,9810,1.7764525993883793,38.42344501147463,0.9478593566170762
imagewoof,data/imagewoof2-320/val/n02115641/n02115641_8991.JPEG,n02115641,273,dingo,webp,77,273,dingo,0.49637460708618164,True,24044,19206,1.2519004477767364,36.80748149660884,0.9556342904014686
imagewoof,data/imagewoof2-320/val/n02115641/n02115641_90.JPEG,n02115641,273,dingo,webp,77,273,dingo,0.5938015580177307,True,40619,37520,1.082595948827292,34.9323044807507,0.9744659055573169
imagewoof,data/imagewoof2-320/val/n02115641/n02115641_9110.JPEG,n02115641,273,dingo,webp,77,273,dingo,0.5507524013519287,True,47741,44904,1.0631792267949403,34.5485933930824,0.9817403241480216
imagewoof,data/imagewoof2-320/val/n02115641/n02115641_92.JPEG,n02115641,273,dingo,webp,77,273,dingo,0.3445385992527008,True,27854,22794,1.2219882425199613,36.15267132503155,0.9609961987270362
imagewoof,data/imagewoof2-320/val/n02115641/n02115641_9202.JPEG,n02115641,273,dingo,webp,77,273,dingo,0.44154998660087585,True,39474,35828,1.1017639834766104,34.81445279094797,0.977413790472044
imagewoof,data/imagewoof2-320/val/n02115641/n02115641_9230.JPEG,n02115641,273,dingo,webp,77,273,dingo,0.38936498761177063,True,48423,47718,1.0147742990066642,34.68373658825473,0.9769071461963502
imagewoof,data/imagewoof2-320/val/n02115641/n02115641_9272.JPEG,n02115641,273,dingo,webp,77,273,dingo,0.08641020953655243,True,33319,29754,1.1198158230826107,34.64744545265291,0.9527856995187558
imagewoof,data/imagewoof2-320/val/n02115641/n02115641_9281.JPEG,n02115641,273,dingo,webp,77,273,dingo,0.4350944459438324,True,40303,36174,1.1141427544645326,34.188772160611364,0.9704735771814779
imagewoof,data/imagewoof2-320/val/n02115641/n02115641_930.JPEG,n02115641,273,dingo,webp,77,273,dingo,0.5904372334480286,True,26378,18010,1.4646307606885063,36.3315861778281,0.9401038843401484
imagewoof,data/imagewoof2-320/val/n02115641/n02115641_9302.JPEG,n02115641,273,dingo,webp,77,273,dingo,0.1648419052362442,True,39350,36216,1.0865363375303734,34.576434656166406,0.9716818902780937
imagewoof,data/imagewoof2-320/val/n02115641/n02115641_9320.JPEG,n02115641,273,dingo,webp,77,269,timber wolf,0.24899473786354065,False,25091,17616,1.4243301544050864,38.148805465540796,0.9774413730397944
imagewoof,data/imagewoof2-320/val/n02115641/n02115641_9331.JPEG,n02115641,273,dingo,webp,77,273,dingo,0.6919639706611633,True,12982,6352,2.043765743073048,38.9964301584989,0.945092384652166
imagewoof,data/imagewoof2-320/val/n02115641/n02115641_9352.JPEG,n02115641,273,dingo,webp,77,273,dingo,0.41392260789871216,True,25743,20132,1.278710510629843,36.69335527163966,0.9561440255032357
imagewoof,data/imagewoof2-320/val/n02115641/n02115641_9392.JPEG,n02115641,273,dingo,webp,77,274,dhole,0.5253806710243225,False,12389,6652,1.8624473842453397,40.504963692984475,0.9707928053667878
imagewoof,data/imagewoof2-320/val/n02115641/n02115641_940.JPEG,n02115641,273,dingo,webp,77,227,kelpie,0.2367994636297226,False,22506,15628,1.4401074993601228,36.99799727616276,0.94507842801585
imagewoof,data/imagewoof2-320/val/n02115641/n02115641_9450.JPEG,n02115641,273,dingo,webp,77,273,dingo,0.1401340216398239,True,35502,33212,1.0689509815729255,35.28685600231579,0.9697233040829697
imagewoof,data/imagewoof2-320/val/n02115641/n02115641_9462.JPEG,n02115641,273,dingo,webp,77,273,dingo,0.2992457449436188,True,30725,24832,1.237314755154639,35.976480345152,0.9541721026803378
imagewoof,data/imagewoof2-320/val/n02115641/n02115641_9521.JPEG,n02115641,273,dingo,webp,77,227,kelpie,0.315525084733963,False,23611,18380,1.2846028291621328,36.60834852216124,0.9693249252223103
imagewoof,data/imagewoof2-320/val/n02115641/n02115641_9651.JPEG,n02115641,273,dingo,webp,77,248,Eskimo dog,0.15392054617404938,False,20548,14404,1.4265481810608165,38.82443917919302,0.9645874796391815
imagewoof,data/imagewoof2-320/val/n02115641/n02115641_9681.JPEG,n02115641,273,dingo,webp,77,273,dingo,0.2512158751487732,True,28704,24536,1.1698728399087055,35.635278459843434,0.9496346082330578
imagewoof,data/imagewoof2-320/val/n02115641/n02115641_970.JPEG,n02115641,273,dingo,webp,77,273,dingo,0.4736670255661011,True,28951,24696,1.1722951085195983,35.90298142912293,0.9532593283876537
imagewoof,data/imagewoof2-320/val/n02115641/n02115641_9731.JPEG,n02115641,273,dingo,webp,77,273,dingo,0.6385899186134338,True,17314,10980,1.5768670309653916,37.71712639178136,0.9539686579769993
imagewoof,data/imagewoof2-320/val/n02115641/n02115641_9812.JPEG,n02115641,273,dingo,webp,77,273,dingo,0.16950449347496033,True,38016,35542,1.0696077879691632,34.86318777130681,0.9709542528365273
imagewoof,data/imagewoof2-320/val/n02115641/n02115641_9892.JPEG,n02115641,273,dingo,webp,77,273,dingo,0.21075299382209778,True,27717,20458,1.3548245185257601,36.37243327940136,0.9510517120969123
imagewoof,data/imagewoof2-320/val/n02115641/n02115641_9920.JPEG,n02115641,273,dingo,webp,77,273,dingo,0.4294220209121704,True,54441,55536,0.9802830596369922,34.41462667064611,0.9865841529274136
