dataset,path,class_id,target_index,target_label,codec,quality,predicted_index,predicted_class,top1_confidence,is_correct,original_size_bytes,compressed_size_bytes,compression_ratio,psnr,ssim
imagewoof,data/imagewoof2-320/val/n02086240/ILSVRC2012_val_00002701.JPEG,n02086240,155,Shih-Tzu,jpeg,70,155,Shih-Tzu,0.34095776081085205,True,24499,23835,1.0278581917348437,43.17283264918578,0.9917860217259556
imagewoof,data/imagewoof2-320/val/n02086240/ILSVRC2012_val_00003841.JPEG,n02086240,155,Shih-Tzu,jpeg,70,155,Shih-Tzu,0.35869061946868896,True,17369,16880,1.028969194312796,44.264586889067374,0.9922405741384926
imagewoof,data/imagewoof2-320/val/n02086240/ILSVRC2012_val_00004081.JPEG,n02086240,155,Shih-Tzu,jpeg,70,155,Shih-Tzu,0.5089280009269714,True,16358,15946,1.0258372005518626,45.668000280052325,0.9929943557009042
imagewoof,data/imagewoof2-320/val/n02086240/ILSVRC2012_val_00010550.JPEG,n02086240,155,Shih-Tzu,jpeg,70,157,papillon,0.36932384967803955,False,24535,23899,1.0266119921335621,42.59732137931764,0.9926599608291848
imagewoof,data/imagewoof2-320/val/n02086240/ILSVRC2012_val_00014050.JPEG,n02086240,155,Shih-Tzu,jpeg,70,155,Shih-Tzu,0.11617393791675568,True,28228,27476,1.0273693405153588,41.15138044606248,0.9906879579136891
imagewoof,data/imagewoof2-320/val/n02086240/ILSVRC2012_val_00018392.JPEG,n02086240,155,Shih-Tzu,jpeg,70,154,Pekinese,0.19237647950649261,False,14041,13745,1.0215351036740632,47.29980556998136,0.9932874823712715
imagewoof,data/imagewoof2-320/val/n02086240/ILSVRC2012_val_00022091.JPEG,n02086240,155,Shih-Tzu,jpeg,70,155,Shih-Tzu,0.359753280878067,True,22368,21789,1.02657304144293,43.38572265918124,0.9925291068695251
imagewoof,data/imagewoof2-320/val/n02086240/ILSVRC2012_val_00026070.JPEG,n02086240,155,Shih-Tzu,jpeg,70,155,Shih-Tzu,0.3090161383152008,True,21064,20484,1.0283147822690881,43.6538713394424,0.9890202421573088
imagewoof,data/imagewoof2-320/val/n02086240/ILSVRC2012_val_00026421.JPEG,n02086240,155,Shih-Tzu,jpeg,70,154,Pekinese,0.15050095319747925,False,42951,41663,1.0309147204954037,37.62496849069396,0.9908038615848186
imagewoof,data/imagewoof2-320/val/n02086240/ILSVRC2012_val_00026911.JPEG,n02086240,155,Shih-Tzu,jpeg,70,155,Shih-Tzu,0.38985028862953186,True,18312,17742,1.0321271559012513,43.219427617289405,0.98947236987938
imagewoof,data/imagewoof2-320/val/n02086240/ILSVRC2012_val_00029700.JPEG,n02086240,155,Shih-Tzu,jpeg,70,155,Shih-Tzu,0.3081968426704407,True,28839,28034,1.028715131625883,40.84463850875818,0.9904311606194994
imagewoof,data/imagewoof2-320/val/n02086240/ILSVRC2012_val_00031191.JPEG,n02086240,155,Shih-Tzu,jpeg,70,155,Shih-Tzu,0.3242325186729431,True,28276,27629,1.0234174237214522,41.23078942786522,0.9906269064503217
imagewoof,data/imagewoof2-320/val/n02086240/ILSVRC2012_val_00036602.JPEG,n02086240,155,Shih-Tzu,jpeg,70,155,Shih-Tzu,0.3798467218875885,True,19742,19250,1.0255584415584416,44.40938773545004,0.9921401174614597
imagewoof,data/imagewoof2-320/val/n02086240/ILSVRC2012_val_00038882.JPEG,n02086240,155,Shih-Tzu,jpeg,70,155,Shih-Tzu,0.4029293954372406,True,20950,20418,1.0260554412773044,43.291619459083776,0.9906837400906042
imagewoof,data/imagewoof2-320/val/n02086240/ILSVRC2012_val_00044661.JPEG,n02086240,155,Shih-Tzu,jpeg,70,155,Shih-Tzu,0.37560659646987915,True,21490,20925,1.0270011947431301,43.380540656500855,0.9910533134111997
imagewoof,data/imagewoof2-320/val/n02086240/ILSVRC2012_val_00045970.JPEG,n02086240,155,Shih-Tzu,jpeg,70,155,Shih-Tzu,0.3806515038013458,True,27236,26622,1.0230636315829014,42.44315881816564,0.9911207304624078
imagewoof,data/imagewoof2-320/val/n02086240/n02086240_10.JPEG,n02086240,155,Shih-Tzu,jpeg,70,155,Shih-Tzu,0.28314679861068726,True,32634,31581,1.0333428327158736,40.09676112102716,0.9929925368589719
imagewoof,data/imagewoof2-320/val/n02086240/n02086240_1001.JPEG,n02086240,155,Shih-Tzu,jpeg,70,155,Shih-Tzu,0.4272099435329437,True,22477,21894,1.0266282999908651,43.447585447692596,0.99192376047842
imagewoof,data/imagewoof2-320/val/n02086240/n02086240_10061.JPEG,n02086240,155,Shih-Tzu,jpeg,70,155,Shih-Tzu,0.22693611681461334,True,27707,26926,1.0290054222684395,39.67438754136099,0.9913616531078016
imagewoof,data/imagewoof2-320/val/n02086240/n02086240_10092.JPEG,n02086240,155,Shih-Tzu,jpeg,70,155,Shih-Tzu,0.1812010258436203,True,28564,27738,1.0297786430168,41.84750154296041,0.9914442847449342
imagewoof,data/imagewoof2-320/val/n02086240/n02086240_1011.JPEG,n02086240,155,Shih-Tzu,jpeg,70,155,Shih-Tzu,0.3780598044395447,True,37839,36742,1.0298568395841272,39.000171255707684,0.99044160698221
imagewoof,data/imagewoof2-320/val/n02086240/n02086240_10162.JPEG,n02086240,155,Shih-Tzu,jpeg,70,155,Shih-Tzu,0.24090732634067535,True,23873,23237,1.0273701424452382,42.72168643215191,0.9904393653143925
imagewoof,data/imagewoof2-320/val/n02086240/n02086240_10272.JPEG,n02086240,155,Shih-Tzu,jpeg,70,155,Shih-Tzu,0.129877507686615,True,14201,13828,1.0269742551345098,44.75334733222819,0.9915304754520132
imagewoof,data/imagewoof2-320/val/n02086240/n02086240_1030.JPEG,n02086240,155,Shih-Tzu,jpeg,70,204,Lhasa,0.20960299670696259,False,17729,17274,1.0263401644089383,42.86805747696037,0.9921709333468636
imagewoof,data/imagewoof2-320/val/n02086240/n02086240_10350.JPEG,n02086240,155,Shih-Tzu,jpeg,70,155,Shih-Tzu,0.21943847835063934,True,19519,19063,1.0239206840476316,43.94837926563136,0.9918645294800054
imagewoof,data/imagewoof2-320/val/n02086240/n02086240_10380.JPEG,n02086240,155,Shih-Tzu,jpeg,70,155,Shih-Tzu,0.32636889815330505,True,25998,25250,1.0296237623762377,42.15172223299223,0.9912861656737291
imagewoof,data/imagewoof2-320/val/n02086240/n02086240_10482.JPEG,n02086240,155,Shih-Tzu,jpeg,70,194,Dandie Dinmont,0.19925133883953094,False,29279,28411,1.030551546936046,41.12904093017362,0.9922124706341
imagewoof,data/imagewoof2-320/val/n02086240/n02086240_10540.JPEG,n02086240,155,Shih-Tzu,jpeg,70,155,Shih-Tzu,0.33900511264801025,True,33755,32719,1.0316635593997372,39.987420854997225,0.9892982528585618
imagewoof,data/imagewoof2-320/val/n02086240/n02086240_10542.JPEG,n02086240,155,Shih-Tzu,jpeg,70,196,miniature schnauzer,0.2218010574579239,False,13728,13401,1.024401164092232,46.452224191399125,0.9917236282016693
imagewoof,data/imagewoof2-320/val/n02086240/n02086240_10642.JPEG,n02086240,155,Shih-Tzu,jpeg,70,155,Shih-Tzu,0.5396808981895447,True,24083,23424,1.028133538251366,43.23066691118875,0.9924965730303065
imagewoof,data/imagewoof2-320/val/n02086240/n02086240_10771.JPEG,n02086240,155,Shih-Tzu,jpeg,70,155,Shih-Tzu,0.4902306795120239,True,18962,18523,1.0237002645359823,43.242343139217326,0.9917102842314355
imagewoof,data/imagewoof2-320/val/n02086240/n02086240_1082.JPEG,n02086240,155,Shih-Tzu,jpeg,70,155,Shih-Tzu,0.3518204689025879,True,34633,33796,1.0247662445259793,39.746781083454856,0.9905666732003308
imagewoof,data/imagewoof2-320/val/n02086240/n02086240_10820.JPEG,n02086240,155,Shih-Tzu,jpeg,70,155,Shih-Tzu,0.5288931131362915,True,24428,23765,1.0278981695771092,41.52674178867911,0.9918985785879405
imagewoof,data/imagewoof2-320/val/n02086240/n02086240_10901.JPEG,n02086240,155,Shih-Tzu,jpeg,70,155,Shih-Tzu,0.4262949824333191,True,26222,25503,1.028192761635886,42.69726955420094,0.9902243062075126
imagewoof,data/imagewoof2-320/val/n02086240/n02086240_10970.JPEG,n02086240,155,Shih-Tzu,jpeg,70,155,Shih-Tzu,0.4325510263442993,True,14068,13732,1.0244683949898048,46.466569937440745,0.9928981137261482
imagewoof,data/imagewoof2-320/val/n02086240/n02086240_110.JPEG,n02086240,155,Shih-Tzu,jpeg,70,155,Shih-Tzu,0.19767624139785767,True,31504,30609,1.0292397660818713,40.3198582766407,0.9908684925452437
imagewoof,data/imagewoof2-320/val/n02086240/n02086240_112.JPEG,n02086240,155,Shih-Tzu,jpeg,70,155,Shih-Tzu,0.3075232207775116,True,22003,21361,1.0300547727166331,42.955314597242236,0.9927360291001722
imagewoof,data/imagewoof2-320/val/n02086240/n02086240_1122.JPEG,n02086240,155,Shih-Tzu,jpeg,70,155,Shih-Tzu,0.35499581694602966,True,19738,19194,1.028342190267792,45.51317355093388,0.9940618128903668
imagewoof,data/imagewoof2-320/val/n02086240/n02086240_1142.JPEG,n02086240,155,Shih-Tzu,jpeg,70,155,Shih-Tzu,0.12763866782188416,True,21426,20874,1.026444380569129,44.606095604274586,0.9927646606552942
imagewoof,data/imagewoof2-320/val/n02086240/n02086240_11420.JPEG,n02086240,155,Shih-Tzu,jpeg,70,204,Lhasa,0.2515544891357422,False,30791,29854,1.031386078917398,40.79433737375835,0.9927910266320072
imagewoof,data/imagewoof2-320/val/n02086240/n02086240_11492.JPEG,n02086240,155,Shih-Tzu,jpeg,70,155,Shih-Tzu,0.4159381091594696,True,20991,20408,1.0285672285378282,44.50724386575371,0.9922825337118958
imagewoof,data/imagewoof2-320/val/n02086240/n02086240_11500.JPEG,n02086240,155,Shih-Tzu,jpeg,70,155,Shih-Tzu,0.49946489930152893,True,14645,14239,1.0285132382892057,46.705465577711315,0.9917513683296092
imagewoof,data/imagewoof2-320/val/n02086240/n02086240_11551.JPEG,n02086240,155,Shih-Tzu,jpeg,70,155,Shih-Tzu,0.17633430659770966,True,23366,22597,1.0340310660707173,40.95457612203893,0.9892580490876545
imagewoof,data/imagewoof2-320/val/n02086240/n02086240_11552.JPEG,n02086240,155,Shih-Tzu,jpeg,70,155,Shih-Tzu,0.394491046667099,True,11927,11638,1.0248324454373603,47.1880387901767,0.9939402279000521
imagewoof,data/imagewoof2-320/val/n02086240/n02086240_11622.JPEG,n02086240,155,Shih-Tzu,jpeg,70,155,Shih-Tzu,0.5645613074302673,True,24212,23603,1.025801804855315,42.19644292430796,0.9913809438218104
imagewoof,data/imagewoof2-320/val/n02086240/n02086240_11670.JPEG,n02086240,155,Shih-Tzu,jpeg,70,155,Shih-Tzu,0.34816378355026245,True,29095,28151,1.033533444637846,39.56215395677132,0.992633850125516
imagewoof,data/imagewoof2-320/val/n02086240/n02086240_11692.JPEG,n02086240,155,Shih-Tzu,jpeg,70,155,Shih-Tzu,0.29393666982650757,True,25642,24915,1.0291792093116596,42.21450294146109,0.9909170149206292
imagewoof,data/imagewoof2-320/val/n02086240/n02086240_1170.JPEG,n02086240,155,Shih-Tzu,jpeg,70,155,Shih-Tzu,0.26189178228378296,True,20481,19999,1.024101205060253,42.94132526112014,0.9897865512409219
imagewoof,data/imagewoof2-320/val/n02086240/n02086240_11762.JPEG,n02086240,155,Shih-Tzu,jpeg,70,155,Shih-Tzu,0.37794649600982666,True,16218,15830,1.0245104232469993,46.99866280606145,0.993710273186351
imagewoof,data/imagewoof2-320/val/n02086240/n02086240_1182.JPEG,n02086240,155,Shih-Tzu,jpeg,70,154,Pekinese,0.18360678851604462,False,10545,10013,1.0531309297912714,47.9961112855874,0.9939001301186027
imagewoof,data/imagewoof2-320/val/n02086240/n02086240_11860.JPEG,n02086240,155,Shih-Tzu,jpeg,70,200,Tibetan terrier,0.17733678221702576,False,30239,29399,1.028572400421783,40.50268184583784,0.991422523911821
imagewoof,data/imagewoof2-320/val/n02086240/n02086240_11861.JPEG,n02086240,155,Shih-Tzu,jpeg,70,155,Shih-Tzu,0.2516414523124695,True,20770,20268,1.0247681073613577,43.69360688715355,0.9905518410443236
imagewoof,data/imagewoof2-320/val/n02086240/n02086240_11901.JPEG,n02086240,155,Shih-Tzu,jpeg,70,155,Shih-Tzu,0.49687403440475464,True,25835,25248,1.0232493662864386,41.821915719181284,0.9900027285231605
imagewoof,data/imagewoof2-320/val/n02086240/n02086240_11920.JPEG,n02086240,155,Shih-Tzu,jpeg,70,155,Shih-Tzu,0.13589268922805786,True,19141,18638,1.026987874235433,44.59304418896552,0.9884728004053379
imagewoof,data/imagewoof2-320/val/n02086240/n02086240_1200.JPEG,n02086240,155,Shih-Tzu,jpeg,70,155,Shih-Tzu,0.2505779266357422,True,23218,22549,1.029668721451062,43.442418500856206,0.9914967250655735
imagewoof,data/imagewoof2-320/val/n02086240/n02086240_12012.JPEG,n02086240,155,Shih-Tzu,jpeg,70,155,Shih-Tzu,0.45304858684539795,True,19499,18952,1.0288623891937527,44.93381644781642,0.9942410126111568
imagewoof,data/imagewoof2-320/val/n02086240/n02086240_12071.JPEG,n02086240,155,Shih-Tzu,jpeg,70,155,Shih-Tzu,0.3908971846103668,True,22988,22389,1.0267542096565279,43.28002688342019,0.9917959355153982
imagewoof,data/imagewoof2-320/val/n02086240/n02086240_12122.JPEG,n02086240,155,Shih-Tzu,jpeg,70,155,Shih-Tzu,0.47120600938796997,True,33319,32343,1.0301765451566027,39.44549162777501,0.992711244805283
imagewoof,data/imagewoof2-320/val/n02086240/n02086240_12182.JPEG,n02086240,155,Shih-Tzu,jpeg,70,155,Shih-Tzu,0.39316490292549133,True,20021,19582,1.0224185476457972,42.97783136377956,0.9898587655590164
imagewoof,data/imagewoof2-320/val/n02086240/n02086240_1220.JPEG,n02086240,155,Shih-Tzu,jpeg,70,155,Shih-Tzu,0.3537690043449402,True,32656,31608,1.0331561629967096,39.892979660977105,0.9917813172535359
imagewoof,data/imagewoof2-320/val/n02086240/n02086240_12232.JPEG,n02086240,155,Shih-Tzu,jpeg,70,155,Shih-Tzu,0.2582092881202698,True,40283,39046,1.0316805818777852,38.54723121941117,0.9909081412397068
imagewoof,data/imagewoof2-320/val/n02086240/n02086240_12251.JPEG,n02086240,155,Shih-Tzu,jpeg,70,155,Shih-Tzu,0.361189603805542,True,26908,26012,1.0344456404736275,40.316753072004026,0.9900718943808883
imagewoof,data/imagewoof2-320/val/n02086240/n02086240_1230.JPEG,n02086240,155,Shih-Tzu,jpeg,70,155,Shih-Tzu,0.5427156686782837,True,15663,15287,1.0245960620134755,45.34894994512388,0.9904873577495915
imagewoof,data/imagewoof2-320/val/n02086240/n02086240_12302.JPEG,n02086240,155,Shih-Tzu,jpeg,70,155,Shih-Tzu,0.28266406059265137,True,13979,13694,1.0208120344676501,46.63934762362635,0.9933591180974873
imagewoof,data/imagewoof2-320/val/n02086240/n02086240_1231.JPEG,n02086240,155,Shih-Tzu,jpeg,70,155,Shih-Tzu,0.3347220718860626,True,22000,21269,1.034369269829329,42.08027515081906,0.9908679478821725
imagewoof,data/imagewoof2-320/val/n02086240/n02086240_12311.JPEG,n02086240,155,Shih-Tzu,jpeg,70,252,affenpinscher,0.2937515676021576,False,53313,51602,1.0331576295492422,42.41253337852659,0.9933045321747374
imagewoof,data/imagewoof2-320/val/n02086240/n02086240_12342.JPEG,n02086240,155,Shih-Tzu,jpeg,70,155,Shih-Tzu,0.5592361688613892,True,15318,14921,1.0266067957911669,43.80474302453723,0.9880900611031797
imagewoof,data/imagewoof2-320/val/n02086240/n02086240_12401.JPEG,n02086240,155,Shih-Tzu,jpeg,70,155,Shih-Tzu,0.3704332709312439,True,18164,17739,1.0239585094988444,43.24942610822581,0.9891084915052764
imagewoof,data/imagewoof2-320/val/n02086240/n02086240_12470.JPEG,n02086240,155,Shih-Tzu,jpeg,70,155,Shih-Tzu,0.3162035346031189,True,26539,25809,1.028284706885195,42.16440838126401,0.9925042766690789
imagewoof,data/imagewoof2-320/val/n02086240/n02086240_12480.JPEG,n02086240,155,Shih-Tzu,jpeg,70,153,Maltese dog,0.19639796018600464,False,42128,40897,1.0301000073355013,41.86552533614312,0.9919265590925467
imagewoof,data/imagewoof2-320/val/n02086240/n02086240_12500.JPEG,n02086240,155,Shih-Tzu,jpeg,70,155,Shih-Tzu,0.41086089611053467,True,32912,32016,1.0279860069965017,40.61351554992906,0.9908828037395985
imagewoof,data/imagewoof2-320/val/n02086240/n02086240_12501.JPEG,n02086240,155,Shih-Tzu,jpeg,70,155,Shih-Tzu,0.4873252213001251,True,24379,23860,1.0217518860016765,43.207448224171515,0.9909186297812963
imagewoof,data/imagewoof2-320/val/n02086240/n02086240_12630.JPEG,n02086240,155,Shih-Tzu,jpeg,70,155,Shih-Tzu,0.4535568952560425,True,34726,33416,1.0392027771127603,39.86722062901427,0.9926838114725541
imagewoof,data/imagewoof2-320/val/n02086240/n02086240_12650.JPEG,n02086240,155,Shih-Tzu,jpeg,70,155,Shih-Tzu,0.4592039883136749,True,23296,22605,1.0305684583056847,43.44140935581842,0.9923996173407446
imagewoof,data/imagewoof2-320/val/n02086240/n02086240_12690.JPEG,n02086240,155,Shih-Tzu,jpeg,70,155,Shih-Tzu,0.320713073015213,True,12931,12549,1.0304406725635509,44.814614074416724,0.9815464048727081
imagewoof,data/imagewoof2-320/val/n02086240/n02086240_12751.JPEG,n02086240,155,Shih-Tzu,jpeg,70,155,Shih-Tzu,0.45181360840797424,True,27376,26605,1.028979515128735,41.60149006367713,0.9899433463804982
imagewoof,data/imagewoof2-320/val/n02086240/n02086240_12752.JPEG,n02086240,155,Shih-Tzu,jpeg,70,155,Shih-Tzu,0.31930890679359436,True,39194,38245,1.0248137011374037,38.63261491097477,0.9891299459436466
imagewoof,data/imagewoof2-320/val/n02086240/n02086240_12760.JPEG,n02086240,155,Shih-Tzu,jpeg,70,155,Shih-Tzu,0.5668328404426575,True,15146,14782,1.0246245433635504,44.46412429869233,0.9914795260855248
imagewoof,data/imagewoof2-320/val/n02086240/n02086240_12790.JPEG,n02086240,155,Shih-Tzu,jpeg,70,155,Shih-Tzu,0.1776283085346222,True,31409,30460,1.031155613919895,40.43371356735059,0.9908014319280495
imagewoof,data/imagewoof2-320/val/n02086240/n02086240_12821.JPEG,n02086240,155,Shih-Tzu,jpeg,70,155,Shih-Tzu,0.3448413014411926,True,21197,20564,1.0307819490371524,42.202760137106814,0.9913921255565775
imagewoof,data/imagewoof2-320/val/n02086240/n02086240_12841.JPEG,n02086240,155,Shih-Tzu,jpeg,70,155,Shih-Tzu,0.4120682179927826,True,15507,15211,1.0194596016041022,47.148690760324506,0.992968260108625
imagewoof,data/imagewoof2-320/val/n02086240/n02086240_12850.JPEG,n02086240,155,Shih-Tzu,jpeg,70,155,Shih-Tzu,0.37156209349632263,True,22935,22264,1.0301383399209487,42.67194127480376,0.9912801629611393
imagewoof,data/imagewoof2-320/val/n02086240/n02086240_1292.JPEG,n02086240,155,Shih-Tzu,jpeg,70,204,Lhasa,0.2402362823486328,False,20560,20031,1.026409065947781,44.53280309174005,0.9930216855886531
imagewoof,data/imagewoof2-320/val/n02086240/n02086240_12950.JPEG,n02086240,155,Shih-Tzu,jpeg,70,155,Shih-Tzu,0.2804553210735321,True,16467,16037,1.02681299494918,46.03287097924867,0.9929086676336795
imagewoof,data/imagewoof2-320/val/n02086240/n02086240_12991.JPEG,n02086240,155,Shih-Tzu,jpeg,70,155,Shih-Tzu,0.3280307352542877,True,31448,30678,1.0250994197796466,41.69238443535258,0.9913760996510478
imagewoof,data/imagewoof2-320/val/n02086240/n02086240_13011.JPEG,n02086240,155,Shih-Tzu,jpeg,70,155,Shih-Tzu,0.4011545479297638,True,12802,12481,1.0257190930213924,46.53416563929806,0.9925292592959428
imagewoof,data/imagewoof2-320/val/n02086240/n02086240_13101.JPEG,n02086240,155,Shih-Tzu,jpeg,70,155,Shih-Tzu,0.3006066083908081,True,29645,28786,1.0298408948794553,40.85618970234336,0.9924915421144581
imagewoof,data/imagewoof2-320/val/n02086240/n02086240_1312.JPEG,n02086240,155,Shih-Tzu,jpeg,70,155,Shih-Tzu,0.18233156204223633,True,16162,15792,1.0234295845997974,44.70175254363091,0.9911715126732493
imagewoof,data/imagewoof2-320/val/n02086240/n02086240_1320.JPEG,n02086240,155,Shih-Tzu,jpeg,70,252,affenpinscher,0.2461782693862915,False,23557,23798,0.9898730985797126,43.976379667037705,0.9938053682992161
imagewoof,data/imagewoof2-320/val/n02086240/n02086240_1342.JPEG,n02086240,155,Shih-Tzu,jpeg,70,155,Shih-Tzu,0.2798547148704529,True,26365,25661,1.0274346284244573,43.2542928990414,0.992316673527409
imagewoof,data/imagewoof2-320/val/n02086240/n02086240_1362.JPEG,n02086240,155,Shih-Tzu,jpeg,70,155,Shih-Tzu,0.39309972524642944,True,46667,45236,1.031634096737112,39.6844184435752,0.9927014571042688
imagewoof,data/imagewoof2-320/val/n02086240/n02086240_1370.JPEG,n02086240,155,Shih-Tzu,jpeg,70,155,Shih-Tzu,0.4438730776309967,True,20270,19789,1.0243064328667442,44.05319199965659,0.9925458532835255
imagewoof,data/imagewoof2-320/val/n02086240/n02086240_1371.JPEG,n02086240,155,Shih-Tzu,jpeg,70,155,Shih-Tzu,0.47371089458465576,True,29440,28618,1.0287231812146203,40.628494816515605,0.9903626790728203
imagewoof,data/imagewoof2-320/val/n02086240/n02086240_1372.JPEG,n02086240,155,Shih-Tzu,jpeg,70,155,Shih-Tzu,0.37611743807792664,True,26312,25729,1.022659256092347,43.14812287098093,0.9912055207675184
imagewoof,data/imagewoof2-320/val/n02086240/n02086240_1422.JPEG,n02086240,155,Shih-Tzu,jpeg,70,155,Shih-Tzu,0.6658589243888855,True,18641,18145,1.0273353540920365,43.93685748176828,0.9926769292248944
imagewoof,data/imagewoof2-320/val/n02086240/n02086240_1482.JPEG,n02086240,155,Shih-Tzu,jpeg,70,155,Shih-Tzu,0.1370500922203064,True,22246,21665,1.0268174474959613,44.01652914611325,0.9903636417728002
imagewoof,data/imagewoof2-320/val/n02086240/n02086240_1501.JPEG,n02086240,155,Shih-Tzu,jpeg,70,155,Shih-Tzu,0.4018173813819885,True,26619,25807,1.0314643313829581,42.84550863126732,0.9933819627544808
imagewoof,data/imagewoof2-320/val/n02086240/n02086240_151.JPEG,n02086240,155,Shih-Tzu,jpeg,70,155,Shih-Tzu,0.4872157573699951,True,29224,28326,1.0317023229541764,42.23262267245956,0.9911416513368927
imagewoof,data/imagewoof2-320/val/n02086240/n02086240_1551.JPEG,n02086240,155,Shih-Tzu,jpeg,70,155,Shih-Tzu,0.3832332491874695,True,29573,28737,1.0290914152486341,42.254914618668415,0.9924133301270356
imagewoof,data/imagewoof2-320/val/n02086240/n02086240_1582.JPEG,n02086240,155,Shih-Tzu,jpeg,70,155,Shih-Tzu,0.48992684483528137,True,34659,33546,1.0331783223037023,39.28303439494058,0.9910034575666878
imagewoof,data/imagewoof2-320/val/n02086240/n02086240_1602.JPEG,n02086240,155,Shih-Tzu,jpeg,70,155,Shih-Tzu,0.49954336881637573,True,30140,29183,1.0327930644553336,40.287239081057294,0.9902632363520522
imagewoof,data/imagewoof2-320/val/n02086240/n02086240_1611.JPEG,n02086240,155,Shih-Tzu,jpeg,70,552,feather boa,0.03536393493413925,False,24275,24459,0.9924772067541601,42.758850311602075,0.9939837903361474
imagewoof,data/imagewoof2-320/val/n02086240/n02086240_1612.JPEG,n02086240,155,Shih-Tzu,jpeg,70,155,Shih-Tzu,0.4142577648162842,True,32931,31811,1.0352079469365942,40.00191511421675,0.9921661440152537
imagewoof,data/imagewoof2-320/val/n02086240/n02086240_1621.JPEG,n02086240,155,Shih-Tzu,jpeg,70,155,Shih-Tzu,0.19508236646652222,True,25925,25120,1.032046178343949,44.054672870516896,0.993254607588125
imagewoof,data/imagewoof2-320/val/n02086240/n02086240_1680.JPEG,n02086240,155,Shih-Tzu,jpeg,70,155,Shih-Tzu,0.2628593146800995,True,21072,20393,1.0332957387338793,42.14860831955495,0.9909731810918068
imagewoof,data/imagewoof2-320/val/n02086240/n02086240_1681.JPEG,n02086240,155,Shih-Tzu,jpeg,70,155,Shih-Tzu,0.35119518637657166,True,27694,26906,1.0292871478480636,42.65884813361441,0.991590806564768
imagewoof,data/imagewoof2-320/val/n02086240/n02086240_1690.JPEG,n02086240,155,Shih-Tzu,jpeg,70,155,Shih-Tzu,0.28622472286224365,True,21443,20860,1.0279482262703739,43.51247394052446,0.9907056236992403
imagewoof,data/imagewoof2-320/val/n02086240/n02086240_1732.JPEG,n02086240,155,Shih-Tzu,jpeg,70,155,Shih-Tzu,0.5002987384796143,True,36205,35024,1.0337197350388305,38.55742941746219,0.9899144272578274
imagewoof,data/imagewoof2-320/val/n02086240/n02086240_1770.JPEG,n02086240,155,Shih-Tzu,jpeg,70,155,Shih-Tzu,0.5272228717803955,True,26153,25470,1.026815861798194,42.82004233991789,0.9924734555146127
imagewoof,data/imagewoof2-320/val/n02086240/n02086240_1781.JPEG,n02086240,155,Shih-Tzu,jpeg,70,155,Shih-Tzu,0.3273825943470001,True,18116,17613,1.0285584511440413,44.538363081207635,0.9922531703796155
imagewoof,data/imagewoof2-320/val/n02086240/n02086240_1831.JPEG,n02086240,155,Shih-Tzu,jpeg,70,200,Tibetan terrier,0.47869279980659485,False,15323,14925,1.0266666666666666,45.19115907778662,0.9948927173386344
imagewoof,data/imagewoof2-320/val/n02086240/n02086240_1900.JPEG,n02086240,155,Shih-Tzu,jpeg,70,155,Shih-Tzu,0.3398919105529785,True,42595,41234,1.0330067420090217,37.328405712542285,0.9914540304473368
imagewoof,data/imagewoof2-320/val/n02086240/n02086240_1920.JPEG,n02086240,155,Shih-Tzu,jpeg,70,155,Shih-Tzu,0.4587062895298004,True,21384,20825,1.0268427370948379,43.5242010680691,0.9922038101490579
imagewoof,data/imagewoof2-320/val/n02086240/n02086240_1961.JPEG,n02086240,155,Shih-Tzu,jpeg,70,155,Shih-Tzu,0.26780837774276733,True,18273,17861,1.0230670175242147,44.321378755706164,0.9905629702866466
imagewoof,data/imagewoof2-320/val/n02086240/n02086240_2.JPEG,n02086240,155,Shih-Tzu,jpeg,70,155,Shih-Tzu,0.3891744613647461,True,22345,21689,1.0302457466918715,42.16897553337499,0.9917348212334097
imagewoof,data/imagewoof2-320/val/n02086240/n02086240_220.JPEG,n02086240,155,Shih-Tzu,jpeg,70,155,Shih-Tzu,0.3700527548789978,True,22242,21580,1.0306765523632992,42.67548084971041,0.9915136067004261
imagewoof,data/imagewoof2-320/val/n02086240/n02086240_2211.JPEG,n02086240,155,Shih-Tzu,jpeg,70,155,Shih-Tzu,0.292253702878952,True,27261,26413,1.0321054026426382,43.238944628931755,0.9945837546092569
imagewoof,data/imagewoof2-320/val/n02086240/n02086240_2222.JPEG,n02086240,155,Shih-Tzu,jpeg,70,155,Shih-Tzu,0.3760891556739807,True,30214,29362,1.0290170969280021,39.99380078520193,0.990048389672857
imagewoof,data/imagewoof2-320/val/n02086240/n02086240_232.JPEG,n02086240,155,Shih-Tzu,jpeg,70,155,Shih-Tzu,0.334724098443985,True,16250,15840,1.0258838383838385,44.47877098409413,0.9915964762550074
imagewoof,data/imagewoof2-320/val/n02086240/n02086240_2402.JPEG,n02086240,155,Shih-Tzu,jpeg,70,155,Shih-Tzu,0.3246634602546692,True,30056,29242,1.0278366732781616,41.390331250837704,0.9911491914806918
imagewoof,data/imagewoof2-320/val/n02086240/n02086240_2430.JPEG,n02086240,155,Shih-Tzu,jpeg,70,155,Shih-Tzu,0.34293657541275024,True,15508,15056,1.0300212539851221,43.97514658021614,0.9888530380537173
imagewoof,data/imagewoof2-320/val/n02086240/n02086240_2530.JPEG,n02086240,155,Shih-Tzu,jpeg,70,155,Shih-Tzu,0.7353228330612183,True,26421,25767,1.0253813016649203,42.32019842947362,0.9910099832353304
imagewoof,data/imagewoof2-320/val/n02086240/n02086240_2552.JPEG,n02086240,155,Shih-Tzu,jpeg,70,155,Shih-Tzu,0.3994712829589844,True,23416,22855,1.0245460511922992,43.03318883565092,0.9920829657992157
imagewoof,data/imagewoof2-320/val/n02086240/n02086240_2572.JPEG,n02086240,155,Shih-Tzu,jpeg,70,155,Shih-Tzu,0.48403453826904297,True,27350,26622,1.027345804222072,42.718985529232,0.992544141269533
imagewoof,data/imagewoof2-320/val/n02086240/n02086240_2601.JPEG,n02086240,155,Shih-Tzu,jpeg,70,204,Lhasa,0.19986079633235931,False,21793,21160,1.0299149338374292,42.47487745786138,0.9919947552975494
imagewoof,data/imagewoof2-320/val/n02086240/n02086240_262.JPEG,n02086240,155,Shih-Tzu,jpeg,70,155,Shih-Tzu,0.3831161558628082,True,24021,23275,1.0320515574650913,41.10629892273937,0.989844721752711
imagewoof,data/imagewoof2-320/val/n02086240/n02086240_2640.JPEG,n02086240,155,Shih-Tzu,jpeg,70,155,Shih-Tzu,0.19248563051223755,True,13758,13377,1.0284817223592735,45.46920964386089,0.9934493241111205
imagewoof,data/imagewoof2-320/val/n02086240/n02086240_2661.JPEG,n02086240,155,Shih-Tzu,jpeg,70,155,Shih-Tzu,0.37868741154670715,True,20973,20494,1.0233726944471553,44.54498486928786,0.9922108221109993
imagewoof,data/imagewoof2-320/val/n02086240/n02086240_2690.JPEG,n02086240,155,Shih-Tzu,jpeg,70,155,Shih-Tzu,0.32938656210899353,True,28009,27277,1.0268357957253365,41.96440667639543,0.9914551254610707
imagewoof,data/imagewoof2-320/val/n02086240/n02086240_271.JPEG,n02086240,155,Shih-Tzu,jpeg,70,155,Shih-Tzu,0.6117119193077087,True,21163,20623,1.026184357271008,42.945506529492135,0.9923388245521094
imagewoof,data/imagewoof2-320/val/n02086240/n02086240_2710.JPEG,n02086240,155,Shih-Tzu,jpeg,70,155,Shih-Tzu,0.3678067624568939,True,34207,32945,1.0383062680224617,38.00218618501062,0.9782677163451362
imagewoof,data/imagewoof2-320/val/n02086240/n02086240_272.JPEG,n02086240,155,Shih-Tzu,jpeg,70,155,Shih-Tzu,0.32743632793426514,True,31932,31043,1.0286376960989596,39.37435411149692,0.9908726861762666
imagewoof,data/imagewoof2-320/val/n02086240/n02086240_2722.JPEG,n02086240,155,Shih-Tzu,jpeg,70,155,Shih-Tzu,0.36481621861457825,True,29183,28295,1.0313836366849267,42.1339579579643,0.9931754043494876
imagewoof,data/imagewoof2-320/val/n02086240/n02086240_2761.JPEG,n02086240,155,Shih-Tzu,jpeg,70,155,Shih-Tzu,0.4746187925338745,True,18204,17765,1.0247115113988179,46.48053945447211,0.9932426885318187
imagewoof,data/imagewoof2-320/val/n02086240/n02086240_2770.JPEG,n02086240,155,Shih-Tzu,jpeg,70,155,Shih-Tzu,0.4293140172958374,True,22578,22927,0.9847777729314782,44.00965587575211,0.9872396725345428
imagewoof,data/imagewoof2-320/val/n02086240/n02086240_2781.JPEG,n02086240,155,Shih-Tzu,jpeg,70,155,Shih-Tzu,0.3079858422279358,True,21018,20503,1.0251182753743355,43.64480498735616,0.9920703492267607
imagewoof,data/imagewoof2-320/val/n02086240/n02086240_2800.JPEG,n02086240,155,Shih-Tzu,jpeg,70,155,Shih-Tzu,0.550958514213562,True,13633,13306,1.0245753795280326,46.04804216164959,0.9933683171552504
imagewoof,data/imagewoof2-320/val/n02086240/n02086240_2870.JPEG,n02086240,155,Shih-Tzu,jpeg,70,155,Shih-Tzu,0.5387139916419983,True,21383,20786,1.0287212546906572,41.19615916431929,0.9905555919981365
imagewoof,data/imagewoof2-320/val/n02086240/n02086240_2880.JPEG,n02086240,155,Shih-Tzu,jpeg,70,155,Shih-Tzu,0.6762019991874695,True,19897,19411,1.0250373499562104,44.18050902068649,0.9923086761894391
imagewoof,data/imagewoof2-320/val/n02086240/n02086240_2960.JPEG,n02086240,155,Shih-Tzu,jpeg,70,155,Shih-Tzu,0.34890681505203247,True,18625,18270,1.0194307608100712,44.85630483233675,0.9910530531403846
imagewoof,data/imagewoof2-320/val/n02086240/n02086240_2961.JPEG,n02086240,155,Shih-Tzu,jpeg,70,155,Shih-Tzu,0.246177539229393,True,14548,14255,1.0205541915117502,48.06364753957798,0.99438131378206
imagewoof,data/imagewoof2-320/val/n02086240/n02086240_30.JPEG,n02086240,155,Shih-Tzu,jpeg,70,155,Shih-Tzu,0.15530483424663544,True,21610,21061,1.0260671383125208,42.61753757367902,0.9898600664255465
imagewoof,data/imagewoof2-320/val/n02086240/n02086240_3031.JPEG,n02086240,155,Shih-Tzu,jpeg,70,155,Shih-Tzu,0.18087586760520935,True,17474,16973,1.0295174689212279,42.79145547331967,0.9893329587005187
imagewoof,data/imagewoof2-320/val/n02086240/n02086240_3050.JPEG,n02086240,155,Shih-Tzu,jpeg,70,155,Shih-Tzu,0.1889393925666809,True,45500,43962,1.034984759565079,37.1018045788086,0.9921257004137266
imagewoof,data/imagewoof2-320/val/n02086240/n02086240_3052.JPEG,n02086240,155,Shih-Tzu,jpeg,70,155,Shih-Tzu,0.2747712731361389,True,23879,23263,1.0264798177363195,43.05927593048474,0.9903233423877738
imagewoof,data/imagewoof2-320/val/n02086240/n02086240_3131.JPEG,n02086240,155,Shih-Tzu,jpeg,70,200,Tibetan terrier,0.31357529759407043,False,13418,13058,1.0275693061724613,45.48799673338782,0.9947451174160536
imagewoof,data/imagewoof2-320/val/n02086240/n02086240_32.JPEG,n02086240,155,Shih-Tzu,jpeg,70,155,Shih-Tzu,0.2698113024234772,True,14453,14158,1.0208362763102132,46.27096250272528,0.9911873831182558
imagewoof,data/imagewoof2-320/val/n02086240/n02086240_3210.JPEG,n02086240,155,Shih-Tzu,jpeg,70,155,Shih-Tzu,0.22635547816753387,True,40432,38910,1.0391159085068107,35.9567182154731,0.9902184795687097
imagewoof,data/imagewoof2-320/val/n02086240/n02086240_331.JPEG,n02086240,155,Shih-Tzu,jpeg,70,200,Tibetan terrier,0.19827714562416077,False,28998,28142,1.0304171700660933,41.87596622698837,0.992206375108415
imagewoof,data/imagewoof2-320/val/n02086240/n02086240_3330.JPEG,n02086240,155,Shih-Tzu,jpeg,70,155,Shih-Tzu,0.25895392894744873,True,17761,17329,1.0249293092503895,44.20249274053161,0.9910959958108482
imagewoof,data/imagewoof2-320/val/n02086240/n02086240_3410.JPEG,n02086240,155,Shih-Tzu,jpeg,70,155,Shih-Tzu,0.41037967801094055,True,20735,20151,1.028981192000397,43.47416911080928,0.9922687975539976
imagewoof,data/imagewoof2-320/val/n02086240/n02086240_3492.JPEG,n02086240,155,Shih-Tzu,jpeg,70,155,Shih-Tzu,0.25435373187065125,True,27032,26336,1.0264277035236937,42.47810014190645,0.9909696088302068
imagewoof,data/imagewoof2-320/val/n02086240/n02086240_350.JPEG,n02086240,155,Shih-Tzu,jpeg,70,155,Shih-Tzu,0.4024839699268341,True,20888,20282,1.0298787101863722,43.83394961139683,0.9927421000830009
imagewoof,data/imagewoof2-320/val/n02086240/n02086240_3501.JPEG,n02086240,155,Shih-Tzu,jpeg,70,155,Shih-Tzu,0.5689942836761475,True,26392,25394,1.0393006221942191,39.422421898377884,0.9847919380148676
imagewoof,data/imagewoof2-320/val/n02086240/n02086240_3550.JPEG,n02086240,155,Shih-Tzu,jpeg,70,155,Shih-Tzu,0.24141010642051697,True,15610,15245,1.0239422761561168,45.99724102036963,0.9918932246803177
imagewoof,data/imagewoof2-320/val/n02086240/n02086240_3552.JPEG,n02086240,155,Shih-Tzu,jpeg,70,252,affenpinscher,0.19132563471794128,False,21401,20921,1.022943453945796,42.42082610675134,0.9908306486354257
imagewoof,data/imagewoof2-320/val/n02086240/n02086240_3561.JPEG,n02086240,155,Shih-Tzu,jpeg,70,155,Shih-Tzu,0.20139595866203308,True,43806,42571,1.0290103591646895,37.15934445272421,0.9902259699176111
imagewoof,data/imagewoof2-320/val/n02086240/n02086240_3572.JPEG,n02086240,155,Shih-Tzu,jpeg,70,155,Shih-Tzu,0.2022274136543274,True,28688,27736,1.0343236227285837,40.613842845619,0.9908719789007598
imagewoof,data/imagewoof2-320/val/n02086240/n02086240_3582.JPEG,n02086240,155,Shih-Tzu,jpeg,70,155,Shih-Tzu,0.3542608618736267,True,18414,17905,1.0284278134599274,44.182176386601384,0.9874781770680251
imagewoof,data/imagewoof2-320/val/n02086240/n02086240_3610.JPEG,n02086240,155,Shih-Tzu,jpeg,70,155,Shih-Tzu,0.40785929560661316,True,41141,39858,1.0321892719152994,37.87365737646692,0.9898415396232035
imagewoof,data/imagewoof2-320/val/n02086240/n02086240_3611.JPEG,n02086240,155,Shih-Tzu,jpeg,70,155,Shih-Tzu,0.3940940797328949,True,21233,20715,1.0250060342746803,44.995326673954914,0.9923828246777341
imagewoof,data/imagewoof2-320/val/n02086240/n02086240_3620.JPEG,n02086240,155,Shih-Tzu,jpeg,70,155,Shih-Tzu,0.1527770757675171,True,19529,18880,1.034375,40.39383761160029,0.9852769976908052
imagewoof,data/imagewoof2-320/val/n02086240/n02086240_3650.JPEG,n02086240,155,Shih-Tzu,jpeg,70,155,Shih-Tzu,0.4344747066497803,True,27416,26687,1.0273166710383332,40.84197316662885,0.9917814322755255
imagewoof,data/imagewoof2-320/val/n02086240/n02086240_3672.JPEG,n02086240,155,Shih-Tzu,jpeg,70,155,Shih-Tzu,0.4262208640575409,True,13268,12953,1.0243186906508144,44.57663285447267,0.9936353215453341
imagewoof,data/imagewoof2-320/val/n02086240/n02086240_3681.JPEG,n02086240,155,Shih-Tzu,jpeg,70,155,Shih-Tzu,0.24438001215457916,True,24849,24183,1.0275400074432453,42.19657079466668,0.9917005719741877
imagewoof,data/imagewoof2-320/val/n02086240/n02086240_3692.JPEG,n02086240,155,Shih-Tzu,jpeg,70,204,Lhasa,0.17176151275634766,False,18614,18108,1.027943450408659,44.06307447022945,0.9922515501204647
imagewoof,data/imagewoof2-320/val/n02086240/n02086240_3712.JPEG,n02086240,155,Shih-Tzu,jpeg,70,204,Lhasa,0.29347339272499084,False,26885,26153,1.0279891408251443,42.624624026307984,0.9925469929076892
imagewoof,data/imagewoof2-320/val/n02086240/n02086240_3752.JPEG,n02086240,155,Shih-Tzu,jpeg,70,155,Shih-Tzu,0.20809462666511536,True,20547,19953,1.0297699594046008,43.49361573142478,0.9931987423031713
imagewoof,data/imagewoof2-320/val/n02086240/n02086240_3780.JPEG,n02086240,155,Shih-Tzu,jpeg,70,155,Shih-Tzu,0.3086265027523041,True,22139,21573,1.0262364993278634,43.42812195755393,0.9911303939679738
imagewoof,data/imagewoof2-320/val/n02086240/n02086240_3802.JPEG,n02086240,155,Shih-Tzu,jpeg,70,155,Shih-Tzu,0.2035454362630844,True,19573,19122,1.0235853990168393,46.36781506780329,0.9928587019912616
imagewoof,data/imagewoof2-320/val/n02086240/n02086240_3832.JPEG,n02086240,155,Shih-Tzu,jpeg,70,155,Shih-Tzu,0.4018237292766571,True,30794,29803,1.033251686071872,39.32269982390696,0.9925007762722843
imagewoof,data/imagewoof2-320/val/n02086240/n02086240_3850.JPEG,n02086240,155,Shih-Tzu,jpeg,70,155,Shih-Tzu,0.43115320801734924,True,28929,28221,1.0250877006484533,41.13798255826759,0.9903567573223842
imagewoof,data/imagewoof2-320/val/n02086240/n02086240_3862.JPEG,n02086240,155,Shih-Tzu,jpeg,70,155,Shih-Tzu,0.4604443311691284,True,16715,16338,1.0230750397845514,45.3734814911537,0.9904571633949691
imagewoof,data/imagewoof2-320/val/n02086240/n02086240_3872.JPEG,n02086240,155,Shih-Tzu,jpeg,70,155,Shih-Tzu,0.47513988614082336,True,20742,20211,1.0262728217307406,43.671057374318664,0.9920197111413004
imagewoof,data/imagewoof2-320/val/n02086240/n02086240_3881.JPEG,n02086240,155,Shih-Tzu,jpeg,70,155,Shih-Tzu,0.25966769456863403,True,19808,19278,1.0274924784728707,44.69127564547932,0.9932793981981073
imagewoof,data/imagewoof2-320/val/n02086240/n02086240_3891.JPEG,n02086240,155,Shih-Tzu,jpeg,70,155,Shih-Tzu,0.3056636452674866,True,19606,19092,1.0269222711083177,44.2897555678836,0.9926682361871212
imagewoof,data/imagewoof2-320/val/n02086240/n02086240_3892.JPEG,n02086240,155,Shih-Tzu,jpeg,70,155,Shih-Tzu,0.36288878321647644,True,23634,23129,1.0218340611353711,40.473219778302685,0.9859385609201842
imagewoof,data/imagewoof2-320/val/n02086240/n02086240_3921.JPEG,n02086240,155,Shih-Tzu,jpeg,70,155,Shih-Tzu,0.24470584094524384,True,34043,33004,1.0314810326021089,40.22269566525217,0.9924234683510097
imagewoof,data/imagewoof2-320/val/n02086240/n02086240_3930.JPEG,n02086240,155,Shih-Tzu,jpeg,70,226,briard,0.2998526394367218,False,24377,23620,1.0320491109229466,42.7229488552521,0.9915821661450465
imagewoof,data/imagewoof2-320/val/n02086240/n02086240_3932.JPEG,n02086240,155,Shih-Tzu,jpeg,70,155,Shih-Tzu,0.28822535276412964,True,14209,13816,1.0284452808338158,45.17846955178389,0.9927648861234374
imagewoof,data/imagewoof2-320/val/n02086240/n02086240_3961.JPEG,n02086240,155,Shih-Tzu,jpeg,70,155,Shih-Tzu,0.23316828906536102,True,20186,19631,1.0282716112271408,43.71393828439957,0.9910029985429971
imagewoof,data/imagewoof2-320/val/n02086240/n02086240_402.JPEG,n02086240,155,Shih-Tzu,jpeg,70,155,Shih-Tzu,0.381855309009552,True,28182,27376,1.0294418468731736,40.88770229750064,0.9895806076654888
imagewoof,data/imagewoof2-320/val/n02086240/n02086240_4070.JPEG,n02086240,155,Shih-Tzu,jpeg,70,155,Shih-Tzu,0.3376835584640503,True,37668,36661,1.0274678813998528,38.83399650048547,0.9884522984528176
imagewoof,data/imagewoof2-320/val/n02086240/n02086240_412.JPEG,n02086240,155,Shih-Tzu,jpeg,70,155,Shih-Tzu,0.40670642256736755,True,22951,23173,0.9904198852112372,43.404164557457925,0.9947615998889904
imagewoof,data/imagewoof2-320/val/n02086240/n02086240_4140.JPEG,n02086240,155,Shih-Tzu,jpeg,70,155,Shih-Tzu,0.5001735091209412,True,19144,18607,1.0288601064115654,45.01021688599102,0.9920262297760716
imagewoof,data/imagewoof2-320/val/n02086240/n02086240_4141.JPEG,n02086240,155,Shih-Tzu,jpeg,70,155,Shih-Tzu,0.3395582139492035,True,24732,24018,1.0297277042218336,42.429381773965474,0.9911764323538269
imagewoof,data/imagewoof2-320/val/n02086240/n02086240_4142.JPEG,n02086240,155,Shih-Tzu,jpeg,70,155,Shih-Tzu,0.41806620359420776,True,25762,25067,1.0277256951370328,42.140644214030175,0.9915490312733583
imagewoof,data/imagewoof2-320/val/n02086240/n02086240_4152.JPEG,n02086240,155,Shih-Tzu,jpeg,70,155,Shih-Tzu,0.2837318181991577,True,17226,16725,1.0299551569506726,45.21690749709676,0.9926255057313932
imagewoof,data/imagewoof2-320/val/n02086240/n02086240_4172.JPEG,n02086240,155,Shih-Tzu,jpeg,70,204,Lhasa,0.4347386658191681,False,21906,21339,1.026571067060312,44.55798679031923,0.9938178050343657
imagewoof,data/imagewoof2-320/val/n02086240/n02086240_4190.JPEG,n02086240,155,Shih-Tzu,jpeg,70,200,Tibetan terrier,0.22811979055404663,False,23047,22472,1.0255873976504093,43.250909088085876,0.9908265084844002
imagewoof,data/imagewoof2-320/val/n02086240/n02086240_4220.JPEG,n02086240,155,Shih-Tzu,jpeg,70,155,Shih-Tzu,0.24805858731269836,True,30908,29976,1.0310915398985856,41.403535027653994,0.9911861480822823
imagewoof,data/imagewoof2-320/val/n02086240/n02086240_4252.JPEG,n02086240,155,Shih-Tzu,jpeg,70,155,Shih-Tzu,0.21650288999080658,True,25759,25072,1.0274010848755584,41.23897563994032,0.9917324426510331
imagewoof,data/imagewoof2-320/val/n02086240/n02086240_4272.JPEG,n02086240,155,Shih-Tzu,jpeg,70,155,Shih-Tzu,0.4288121163845062,True,36892,35976,1.0254614187235935,39.14708393953788,0.9897800618187563
imagewoof,data/imagewoof2-320/val/n02086240/n02086240_4352.JPEG,n02086240,155,Shih-Tzu,jpeg,70,155,Shih-Tzu,0.3431255519390106,True,10109,9880,1.0231781376518219,45.84230217982177,0.9940841462588373
imagewoof,data/imagewoof2-320/val/n02086240/n02086240_441.JPEG,n02086240,155,Shih-Tzu,jpeg,70,155,Shih-Tzu,0.22030353546142578,True,25329,24702,1.0253825601165898,41.93026366362226,0.9916793025020421
imagewoof,data/imagewoof2-320/val/n02086240/n02086240_4430.JPEG,n02086240,155,Shih-Tzu,jpeg,70,155,Shih-Tzu,0.07506430894136429,True,35107,34050,1.031042584434655,39.64010343986277,0.9917819400610263
imagewoof,data/imagewoof2-320/val/n02086240/n02086240_4440.JPEG,n02086240,155,Shih-Tzu,jpeg,70,155,Shih-Tzu,0.40338248014450073,True,25787,25051,1.029380064668077,41.40453432674509,0.9907116019626684
imagewoof,data/imagewoof2-320/val/n02086240/n02086240_4442.JPEG,n02086240,155,Shih-Tzu,jpeg,70,155,Shih-Tzu,0.46262025833129883,True,23342,22741,1.026428037465371,44.487529311079896,0.9913140167133312
imagewoof,data/imagewoof2-320/val/n02086240/n02086240_4450.JPEG,n02086240,155,Shih-Tzu,jpeg,70,204,Lhasa,0.2583424150943756,False,24947,24164,1.0324035755669592,42.78927957191662,0.9920355696796794
imagewoof,data/imagewoof2-320/val/n02086240/n02086240_4451.JPEG,n02086240,155,Shih-Tzu,jpeg,70,155,Shih-Tzu,0.3701980710029602,True,14826,14382,1.03087192323738,44.03107653865197,0.9918941068173899
imagewoof,data/imagewoof2-320/val/n02086240/n02086240_4472.JPEG,n02086240,155,Shih-Tzu,jpeg,70,204,Lhasa,0.12791933119297028,False,39796,38202,1.0417255641065912,37.76189844279248,0.9859141401906676
imagewoof,data/imagewoof2-320/val/n02086240/n02086240_450.JPEG,n02086240,155,Shih-Tzu,jpeg,70,155,Shih-Tzu,0.28313538432121277,True,18896,18355,1.0294742576954508,45.21029182836929,0.9801746795034693
imagewoof,data/imagewoof2-320/val/n02086240/n02086240_4501.JPEG,n02086240,155,Shih-Tzu,jpeg,70,155,Shih-Tzu,0.6875839829444885,True,18621,18147,1.0261200198379898,44.04288035927649,0.9919598569354218
imagewoof,data/imagewoof2-320/val/n02086240/n02086240_4521.JPEG,n02086240,155,Shih-Tzu,jpeg,70,155,Shih-Tzu,0.25783735513687134,True,20133,19622,1.0260421975333809,44.455216990553346,0.9920850691700206
imagewoof,data/imagewoof2-320/val/n02086240/n02086240_4542.JPEG,n02086240,155,Shih-Tzu,jpeg,70,155,Shih-Tzu,0.3015890419483185,True,19998,19536,1.0236486486486487,43.67052874167182,0.9911287095595078
imagewoof,data/imagewoof2-320/val/n02086240/n02086240_4570.JPEG,n02086240,155,Shih-Tzu,jpeg,70,155,Shih-Tzu,0.37582406401634216,True,24342,23627,1.0302619884030981,42.28729336035957,0.9921922348896235
imagewoof,data/imagewoof2-320/val/n02086240/n02086240_4580.JPEG,n02086240,155,Shih-Tzu,jpeg,70,155,Shih-Tzu,0.5095841884613037,True,23456,22793,1.0290878778572368,41.31251463756914,0.9909848622500137
imagewoof,data/imagewoof2-320/val/n02086240/n02086240_461.JPEG,n02086240,155,Shih-Tzu,jpeg,70,155,Shih-Tzu,0.3811764121055603,True,17344,16927,1.0246351982040527,45.124409899689006,0.9922385525944065
imagewoof,data/imagewoof2-320/val/n02086240/n02086240_4612.JPEG,n02086240,155,Shih-Tzu,jpeg,70,155,Shih-Tzu,0.5335850715637207,True,26249,25534,1.0280018798464792,42.529639712075344,0.9916456753953954
imagewoof,data/imagewoof2-320/val/n02086240/n02086240_4620.JPEG,n02086240,155,Shih-Tzu,jpeg,70,155,Shih-Tzu,0.23723790049552917,True,23738,23059,1.0294462032178324,43.62776110981285,0.9921787907437598
imagewoof,data/imagewoof2-320/val/n02086240/n02086240_4621.JPEG,n02086240,155,Shih-Tzu,jpeg,70,155,Shih-Tzu,0.07886134088039398,True,20889,20372,1.025377969762419,43.549652385017694,0.990793087939153
imagewoof,data/imagewoof2-320/val/n02086240/n02086240_4672.JPEG,n02086240,155,Shih-Tzu,jpeg,70,155,Shih-Tzu,0.36466360092163086,True,50430,48844,1.0324707231184997,35.5847355848768,0.9913878405455739
imagewoof,data/imagewoof2-320/val/n02086240/n02086240_4711.JPEG,n02086240,155,Shih-Tzu,jpeg,70,155,Shih-Tzu,0.17083004117012024,True,15658,15163,1.0326452548967882,43.79756373944527,0.9935579999602023
imagewoof,data/imagewoof2-320/val/n02086240/n02086240_4720.JPEG,n02086240,155,Shih-Tzu,jpeg,70,155,Shih-Tzu,0.3150966465473175,True,27182,26373,1.0306753118719902,44.462793603884805,0.994653111698191
imagewoof,data/imagewoof2-320/val/n02086240/n02086240_4732.JPEG,n02086240,155,Shih-Tzu,jpeg,70,204,Lhasa,0.26744359731674194,False,15474,15083,1.025923224822648,45.05980929914025,0.9909519486680161
imagewoof,data/imagewoof2-320/val/n02086240/n02086240_4750.JPEG,n02086240,155,Shih-Tzu,jpeg,70,252,affenpinscher,0.2815406918525696,False,53863,51921,1.0374029776005855,34.50739428574049,0.9897047728443781
imagewoof,data/imagewoof2-320/val/n02086240/n02086240_4751.JPEG,n02086240,155,Shih-Tzu,jpeg,70,155,Shih-Tzu,0.35120999813079834,True,22476,21864,1.0279912184412734,42.1993641028454,0.9902020744243947
imagewoof,data/imagewoof2-320/val/n02086240/n02086240_4762.JPEG,n02086240,155,Shih-Tzu,jpeg,70,155,Shih-Tzu,0.3102695643901825,True,16688,16254,1.0267011197243756,45.03666932260603,0.9913259479982588
imagewoof,data/imagewoof2-320/val/n02086240/n02086240_4840.JPEG,n02086240,155,Shih-Tzu,jpeg,70,155,Shih-Tzu,0.288419634103775,True,14488,14112,1.0266439909297052,45.33901737296061,0.9928804274121262
imagewoof,data/imagewoof2-320/val/n02086240/n02086240_4850.JPEG,n02086240,155,Shih-Tzu,jpeg,70,155,Shih-Tzu,0.23977506160736084,True,39118,37955,1.0306415492030037,39.32561139863572,0.9923836362530615
imagewoof,data/imagewoof2-320/val/n02086240/n02086240_4872.JPEG,n02086240,155,Shih-Tzu,jpeg,70,204,Lhasa,0.16309352219104767,False,26908,26088,1.0314320760502913,41.686233743135986,0.9899726590838043
imagewoof,data/imagewoof2-320/val/n02086240/n02086240_4920.JPEG,n02086240,155,Shih-Tzu,jpeg,70,155,Shih-Tzu,0.32486608624458313,True,31933,31001,1.030063546337215,39.81670079319449,0.9907599350312708
imagewoof,data/imagewoof2-320/val/n02086240/n02086240_4961.JPEG,n02086240,155,Shih-Tzu,jpeg,70,155,Shih-Tzu,0.440139502286911,True,19403,18899,1.0266680776760675,43.660459882824284,0.9905383914820615
imagewoof,data/imagewoof2-320/val/n02086240/n02086240_500.JPEG,n02086240,155,Shih-Tzu,jpeg,70,200,Tibetan terrier,0.30865371227264404,False,18343,17729,1.03463252298494,44.872001745828754,0.9927899799975713
imagewoof,data/imagewoof2-320/val/n02086240/n02086240_5031.JPEG,n02086240,155,Shih-Tzu,jpeg,70,155,Shih-Tzu,0.3467954695224762,True,25202,24501,1.0286110770988939,43.454613374325135,0.9939240392756945
imagewoof,data/imagewoof2-320/val/n02086240/n02086240_5042.JPEG,n02086240,155,Shih-Tzu,jpeg,70,155,Shih-Tzu,0.3596114218235016,True,33213,32271,1.0291902946918285,40.67090241019936,0.9912238774091257
imagewoof,data/imagewoof2-320/val/n02086240/n02086240_5071.JPEG,n02086240,155,Shih-Tzu,jpeg,70,194,Dandie Dinmont,0.13108092546463013,False,25311,24572,1.030074881979489,41.410358465284496,0.9925363881413297
imagewoof,data/imagewoof2-320/val/n02086240/n02086240_5111.JPEG,n02086240,155,Shih-Tzu,jpeg,70,155,Shih-Tzu,0.3726002275943756,True,26550,25792,1.029388957816377,40.62326033299432,0.9873470224914184
imagewoof,data/imagewoof2-320/val/n02086240/n02086240_5140.JPEG,n02086240,155,Shih-Tzu,jpeg,70,155,Shih-Tzu,0.3660997152328491,True,26317,25544,1.0302615095521452,40.23552335580899,0.9925800103714814
imagewoof,data/imagewoof2-320/val/n02086240/n02086240_5141.JPEG,n02086240,155,Shih-Tzu,jpeg,70,155,Shih-Tzu,0.22048132121562958,True,23221,22634,1.0259344349209154,42.738638988439675,0.9914240203293835
imagewoof,data/imagewoof2-320/val/n02086240/n02086240_5151.JPEG,n02086240,155,Shih-Tzu,jpeg,70,155,Shih-Tzu,0.3451899290084839,True,8620,8372,1.029622551361682,46.923361741573196,0.9926431460699033
imagewoof,data/imagewoof2-320/val/n02086240/n02086240_5202.JPEG,n02086240,155,Shih-Tzu,jpeg,70,155,Shih-Tzu,0.45214030146598816,True,41155,39723,1.0360496437831987,38.27910081925148,0.9916724634750914
imagewoof,data/imagewoof2-320/val/n02086240/n02086240_5212.JPEG,n02086240,155,Shih-Tzu,jpeg,70,155,Shih-Tzu,0.3661653399467468,True,17027,16615,1.0247968702979235,45.42221856281862,0.9933570052192179
imagewoof,data/imagewoof2-320/val/n02086240/n02086240_5232.JPEG,n02086240,155,Shih-Tzu,jpeg,70,155,Shih-Tzu,0.595598042011261,True,21243,20594,1.0315140332135573,42.58613595670472,0.988331591703477
imagewoof,data/imagewoof2-320/val/n02086240/n02086240_5270.JPEG,n02086240,155,Shih-Tzu,jpeg,70,155,Shih-Tzu,0.3907109200954437,True,21157,20582,1.0279370323583714,42.39922701945784,0.9924164188300458
imagewoof,data/imagewoof2-320/val/n02086240/n02086240_5271.JPEG,n02086240,155,Shih-Tzu,jpeg,70,187,Yorkshire terrier,0.10279113799333572,False,21775,21122,1.0309156329893003,43.82073085718279,0.9934479140683944
imagewoof,data/imagewoof2-320/val/n02086240/n02086240_5272.JPEG,n02086240,155,Shih-Tzu,jpeg,70,155,Shih-Tzu,0.566594660282135,True,39359,38253,1.0289127650118945,38.51474422640786,0.991288462298197
imagewoof,data/imagewoof2-320/val/n02086240/n02086240_5291.JPEG,n02086240,155,Shih-Tzu,jpeg,70,155,Shih-Tzu,0.3724585771560669,True,22831,23268,0.9812188413271445,44.838861957942,0.9935744784356216
imagewoof,data/imagewoof2-320/val/n02086240/n02086240_5292.JPEG,n02086240,155,Shih-Tzu,jpeg,70,155,Shih-Tzu,0.6979317665100098,True,22157,21602,1.025692065549486,43.82098783119089,0.9922821148854851
imagewoof,data/imagewoof2-320/val/n02086240/n02086240_5300.JPEG,n02086240,155,Shih-Tzu,jpeg,70,155,Shih-Tzu,0.5472787618637085,True,15408,14994,1.027611044417767,45.4433218174149,0.9914965829570134
imagewoof,data/imagewoof2-320/val/n02086240/n02086240_5310.JPEG,n02086240,155,Shih-Tzu,jpeg,70,155,Shih-Tzu,0.18551376461982727,True,18278,17816,1.0259317467444993,44.254296521002736,0.990461394684801
imagewoof,data/imagewoof2-320/val/n02086240/n02086240_5340.JPEG,n02086240,155,Shih-Tzu,jpeg,70,155,Shih-Tzu,0.42479121685028076,True,23144,22456,1.0306376914855717,42.47321085409286,0.9910002854887194
imagewoof,data/imagewoof2-320/val/n02086240/n02086240_5352.JPEG,n02086240,155,Shih-Tzu,jpeg,70,155,Shih-Tzu,0.2309166043996811,True,19504,18924,1.0306489114352146,45.27564761479872,0.9938167299101813
imagewoof,data/imagewoof2-320/val/n02086240/n02086240_5362.JPEG,n02086240,155,Shih-Tzu,jpeg,70,155,Shih-Tzu,0.34784579277038574,True,28152,28295,0.9949461035518643,40.90788447995941,0.9930205197647397
imagewoof,data/imagewoof2-320/val/n02086240/n02086240_5370.JPEG,n02086240,155,Shih-Tzu,jpeg,70,154,Pekinese,0.2050650268793106,False,19950,19496,1.0232868280672958,44.69458370248506,0.9914184428561615
imagewoof,data/imagewoof2-320/val/n02086240/n02086240_5520.JPEG,n02086240,155,Shih-Tzu,jpeg,70,155,Shih-Tzu,0.19143494963645935,True,21345,20708,1.030761058528105,44.04595552700769,0.9924068689488474
imagewoof,data/imagewoof2-320/val/n02086240/n02086240_5522.JPEG,n02086240,155,Shih-Tzu,jpeg,70,179,Staffordshire bullterrier,0.13061922788619995,False,21171,20639,1.0257764426571054,44.799825118866906,0.9925337994015835
imagewoof,data/imagewoof2-320/val/n02086240/n02086240_5541.JPEG,n02086240,155,Shih-Tzu,jpeg,70,155,Shih-Tzu,0.3998035192489624,True,28635,27834,1.0287777538262557,40.65244057074632,0.9907250405169737
imagewoof,data/imagewoof2-320/val/n02086240/n02086240_5550.JPEG,n02086240,155,Shih-Tzu,jpeg,70,200,Tibetan terrier,0.20562857389450073,False,30964,30039,1.0307933020406805,41.68979414430172,0.9930560016008
imagewoof,data/imagewoof2-320/val/n02086240/n02086240_5551.JPEG,n02086240,155,Shih-Tzu,jpeg,70,155,Shih-Tzu,0.2190891057252884,True,28533,27794,1.026588472332158,40.521957541212494,0.9881901620723722
imagewoof,data/imagewoof2-320/val/n02086240/n02086240_5560.JPEG,n02086240,155,Shih-Tzu,jpeg,70,204,Lhasa,0.09505923837423325,False,18084,17726,1.0201963217872052,45.16428498801623,0.9909621741292466
imagewoof,data/imagewoof2-320/val/n02086240/n02086240_5562.JPEG,n02086240,155,Shih-Tzu,jpeg,70,155,Shih-Tzu,0.2744513750076294,True,22545,21939,1.0276220429372351,43.376573140701026,0.9913870082916665
imagewoof,data/imagewoof2-320/val/n02086240/n02086240_5570.JPEG,n02086240,155,Shih-Tzu,jpeg,70,155,Shih-Tzu,0.4623808264732361,True,21186,20714,1.0227865211933957,44.01498442159986,0.9936441264331242
imagewoof,data/imagewoof2-320/val/n02086240/n02086240_5590.JPEG,n02086240,155,Shih-Tzu,jpeg,70,155,Shih-Tzu,0.3927341103553772,True,25509,24907,1.0241699120729113,43.46632045224645,0.9900696716133023
imagewoof,data/imagewoof2-320/val/n02086240/n02086240_5602.JPEG,n02086240,155,Shih-Tzu,jpeg,70,155,Shih-Tzu,0.38428565859794617,True,19807,19324,1.0249948250879735,45.27158290946809,0.9919095262185196
imagewoof,data/imagewoof2-320/val/n02086240/n02086240_5642.JPEG,n02086240,155,Shih-Tzu,jpeg,70,155,Shih-Tzu,0.3502533435821533,True,29539,28751,1.0274077423393968,40.92346525256497,0.99080826064277
imagewoof,data/imagewoof2-320/val/n02086240/n02086240_5721.JPEG,n02086240,155,Shih-Tzu,jpeg,70,155,Shih-Tzu,0.7391628623008728,True,36818,35700,1.0313165266106443,38.8676149416669,0.9908191921981775
imagewoof,data/imagewoof2-320/val/n02086240/n02086240_5731.JPEG,n02086240,155,Shih-Tzu,jpeg,70,155,Shih-Tzu,0.29851892590522766,True,16310,15853,1.0288273512899766,43.9655932900287,0.9924349283980848
imagewoof,data/imagewoof2-320/val/n02086240/n02086240_5750.JPEG,n02086240,155,Shih-Tzu,jpeg,70,155,Shih-Tzu,0.4233185946941376,True,10142,9883,1.026206617423859,46.34414079423031,0.9931409254358226
imagewoof,data/imagewoof2-320/val/n02086240/n02086240_5781.JPEG,n02086240,155,Shih-Tzu,jpeg,70,155,Shih-Tzu,0.31820517778396606,True,26487,25666,1.0319878438400998,40.917685919381896,0.991747219481751
imagewoof,data/imagewoof2-320/val/n02086240/n02086240_5792.JPEG,n02086240,155,Shih-Tzu,jpeg,70,155,Shih-Tzu,0.35721203684806824,True,23493,22865,1.027465558714192,43.72501823950006,0.9924176590083585
imagewoof,data/imagewoof2-320/val/n02086240/n02086240_5810.JPEG,n02086240,155,Shih-Tzu,jpeg,70,155,Shih-Tzu,0.2934888005256653,True,16157,15756,1.0254506219852755,45.57890256429584,0.991704080934368
imagewoof,data/imagewoof2-320/val/n02086240/n02086240_5832.JPEG,n02086240,155,Shih-Tzu,jpeg,70,155,Shih-Tzu,0.28595295548439026,True,21948,21420,1.0246498599439775,44.18677002923814,0.9928113955890158
imagewoof,data/imagewoof2-320/val/n02086240/n02086240_5840.JPEG,n02086240,155,Shih-Tzu,jpeg,70,200,Tibetan terrier,0.3536369502544403,False,18710,18232,1.0262176393154891,41.274193647250044,0.9932320722346833
imagewoof,data/imagewoof2-320/val/n02086240/n02086240_5862.JPEG,n02086240,155,Shih-Tzu,jpeg,70,155,Shih-Tzu,0.2894252836704254,True,26137,25392,1.029339949590422,41.088099401458265,0.9912995072348965
imagewoof,data/imagewoof2-320/val/n02086240/n02086240_5891.JPEG,n02086240,155,Shih-Tzu,jpeg,70,155,Shih-Tzu,0.4675716757774353,True,22243,21686,1.0256847735866457,43.34486812888944,0.9912940014035615
imagewoof,data/imagewoof2-320/val/n02086240/n02086240_5901.JPEG,n02086240,155,Shih-Tzu,jpeg,70,155,Shih-Tzu,0.7588565945625305,True,34403,33243,1.0348945642691694,38.260827202302906,0.9920953256505124
imagewoof,data/imagewoof2-320/val/n02086240/n02086240_5902.JPEG,n02086240,155,Shih-Tzu,jpeg,70,155,Shih-Tzu,0.230192631483078,True,21331,20815,1.0247898150372328,44.47209931182945,0.9918125250846338
imagewoof,data/imagewoof2-320/val/n02086240/n02086240_5941.JPEG,n02086240,155,Shih-Tzu,jpeg,70,155,Shih-Tzu,0.39341163635253906,True,27443,26580,1.0324680210684725,41.78986546989605,0.9919802417436084
imagewoof,data/imagewoof2-320/val/n02086240/n02086240_5981.JPEG,n02086240,155,Shih-Tzu,jpeg,70,155,Shih-Tzu,0.381273090839386,True,17188,16730,1.0273759713090258,43.415556397334484,0.9893030444398633
imagewoof,data/imagewoof2-320/val/n02086240/n02086240_6010.JPEG,n02086240,155,Shih-Tzu,jpeg,70,233,Bouvier des Flandres,0.133178249001503,False,32121,31032,1.035092807424594,39.157943023708356,0.9904182675483192
imagewoof,data/imagewoof2-320/val/n02086240/n02086240_6032.JPEG,n02086240,155,Shih-Tzu,jpeg,70,155,Shih-Tzu,0.3766757845878601,True,26083,25379,1.0277394696402538,41.48333868361986,0.9908618710752801
imagewoof,data/imagewoof2-320/val/n02086240/n02086240_6050.JPEG,n02086240,155,Shih-Tzu,jpeg,70,155,Shih-Tzu,0.2654082477092743,True,16168,15695,1.0301369863013699,44.52332952739518,0.9946237338925844
imagewoof,data/imagewoof2-320/val/n02086240/n02086240_6081.JPEG,n02086240,155,Shih-Tzu,jpeg,70,155,Shih-Tzu,0.314419150352478,True,23046,22466,1.0258167898157216,42.56282023319797,0.9886522454289741
imagewoof,data/imagewoof2-320/val/n02086240/n02086240_6082.JPEG,n02086240,155,Shih-Tzu,jpeg,70,155,Shih-Tzu,0.3282235860824585,True,16669,16251,1.025721494061904,44.81533370278255,0.9929427921025561
imagewoof,data/imagewoof2-320/val/n02086240/n02086240_61.JPEG,n02086240,155,Shih-Tzu,jpeg,70,155,Shih-Tzu,0.533958911895752,True,24925,24234,1.0285136584963275,42.05065357083937,0.9911756532082155
imagewoof,data/imagewoof2-320/val/n02086240/n02086240_6101.JPEG,n02086240,155,Shih-Tzu,jpeg,70,155,Shih-Tzu,0.3442263901233673,True,14668,15048,0.9747474747474747,46.26292822057834,0.9944452102301312
imagewoof,data/imagewoof2-320/val/n02086240/n02086240_6131.JPEG,n02086240,155,Shih-Tzu,jpeg,70,155,Shih-Tzu,0.3417834937572479,True,16225,15826,1.0252116769872361,46.70777726139445,0.9940436229773683
imagewoof,data/imagewoof2-320/val/n02086240/n02086240_6202.JPEG,n02086240,155,Shih-Tzu,jpeg,70,155,Shih-Tzu,0.3896097242832184,True,43895,42702,1.0279378015081262,37.971347713318394,0.990680046036855
imagewoof,data/imagewoof2-320/val/n02086240/n02086240_6222.JPEG,n02086240,155,Shih-Tzu,jpeg,70,153,Maltese dog,0.21285098791122437,False,14233,13885,1.0250630176449407,46.23191481129218,0.9928614689896403
imagewoof,data/imagewoof2-320/val/n02086240/n02086240_630.JPEG,n02086240,155,Shih-Tzu,jpeg,70,155,Shih-Tzu,0.5208000540733337,True,26338,25631,1.0275837852600367,42.46414573724642,0.990732912029685
imagewoof,data/imagewoof2-320/val/n02086240/n02086240_6310.JPEG,n02086240,155,Shih-Tzu,jpeg,70,155,Shih-Tzu,0.2407442182302475,True,33154,32080,1.0334788029925186,39.802383115205856,0.991577566811117
imagewoof,data/imagewoof2-320/val/n02086240/n02086240_632.JPEG,n02086240,155,Shih-Tzu,jpeg,70,155,Shih-Tzu,0.21139775216579437,True,23255,22718,1.0236376441588169,42.88137733525433,0.992300111489912
imagewoof,data/imagewoof2-320/val/n02086240/n02086240_6320.JPEG,n02086240,155,Shih-Tzu,jpeg,70,155,Shih-Tzu,0.37580937147140503,True,27539,26797,1.0276896667537412,39.95596172497153,0.9917130277464471
imagewoof,data/imagewoof2-320/val/n02086240/n02086240_6322.JPEG,n02086240,155,Shih-Tzu,jpeg,70,155,Shih-Tzu,0.35661581158638,True,24625,23951,1.0281407874410253,42.31821372219335,0.9919166608206927
imagewoof,data/imagewoof2-320/val/n02086240/n02086240_6332.JPEG,n02086240,155,Shih-Tzu,jpeg,70,155,Shih-Tzu,0.3521949052810669,True,24583,23816,1.0322052401746724,42.53366509107727,0.9911484214571186
imagewoof,data/imagewoof2-320/val/n02086240/n02086240_6371.JPEG,n02086240,155,Shih-Tzu,jpeg,70,154,Pekinese,0.22113756835460663,False,24314,23644,1.0283369988157671,42.41700145645568,0.9906276144663709
imagewoof,data/imagewoof2-320/val/n02086240/n02086240_6400.JPEG,n02086240,155,Shih-Tzu,jpeg,70,155,Shih-Tzu,0.2857271134853363,True,31124,30316,1.0266525926903285,41.25247574967841,0.9902622334252134
imagewoof,data/imagewoof2-320/val/n02086240/n02086240_6471.JPEG,n02086240,155,Shih-Tzu,jpeg,70,155,Shih-Tzu,0.32551488280296326,True,22830,22293,1.0240882788319203,43.86162488042531,0.9922794042858945
imagewoof,data/imagewoof2-320/val/n02086240/n02086240_6500.JPEG,n02086240,155,Shih-Tzu,jpeg,70,153,Maltese dog,0.12540960311889648,False,21701,21123,1.0273635373763197,44.8734513739322,0.9929854787459044
imagewoof,data/imagewoof2-320/val/n02086240/n02086240_6501.JPEG,n02086240,155,Shih-Tzu,jpeg,70,153,Maltese dog,0.21363191306591034,False,19578,19006,1.0300957592339262,44.145235858544055,0.9923336013445833
imagewoof,data/imagewoof2-320/val/n02086240/n02086240_651.JPEG,n02086240,155,Shih-Tzu,jpeg,70,155,Shih-Tzu,0.27668073773384094,True,13653,13351,1.0226200284622875,46.56722046735045,0.9909887688497662
imagewoof,data/imagewoof2-320/val/n02086240/n02086240_6512.JPEG,n02086240,155,Shih-Tzu,jpeg,70,155,Shih-Tzu,0.44180211424827576,True,32862,31992,1.0271942985746436,40.19960306190349,0.9913523830366996
imagewoof,data/imagewoof2-320/val/n02086240/n02086240_6601.JPEG,n02086240,155,Shih-Tzu,jpeg,70,204,Lhasa,0.4190211892127991,False,17284,16844,1.0261220612681072,44.35431831636819,0.9910961055794183
imagewoof,data/imagewoof2-320/val/n02086240/n02086240_6620.JPEG,n02086240,155,Shih-Tzu,jpeg,70,155,Shih-Tzu,0.1874280869960785,True,16939,16419,1.0316706254948536,45.16263109885617,0.9928727246494023
imagewoof,data/imagewoof2-320/val/n02086240/n02086240_6621.JPEG,n02086240,155,Shih-Tzu,jpeg,70,155,Shih-Tzu,0.3081169128417969,True,18385,17921,1.025891412309581,45.976291664051004,0.9936608562371029
imagewoof,data/imagewoof2-320/val/n02086240/n02086240_6641.JPEG,n02086240,155,Shih-Tzu,jpeg,70,155,Shih-Tzu,0.3885926902294159,True,32237,31284,1.0304628564122236,41.6486693545528,0.9926201365442852
imagewoof,data/imagewoof2-320/val/n02086240/n02086240_6662.JPEG,n02086240,155,Shih-Tzu,jpeg,70,155,Shih-Tzu,0.12391429394483566,True,47930,46157,1.0384123751543644,37.93264198187317,0.9883879794309335
imagewoof,data/imagewoof2-320/val/n02086240/n02086240_6681.JPEG,n02086240,155,Shih-Tzu,jpeg,70,153,Maltese dog,0.4802300035953522,False,27779,26793,1.036800656887993,40.04686294903599,0.987666418282743
imagewoof,data/imagewoof2-320/val/n02086240/n02086240_6690.JPEG,n02086240,155,Shih-Tzu,jpeg,70,155,Shih-Tzu,0.3269443213939667,True,32154,30988,1.0376274686975604,39.18965139583276,0.9905601270884207
imagewoof,data/imagewoof2-320/val/n02086240/n02086240_6702.JPEG,n02086240,155,Shih-Tzu,jpeg,70,155,Shih-Tzu,0.22558368742465973,True,16126,15756,1.0234831175425234,47.04698292997411,0.993943186689565
imagewoof,data/imagewoof2-320/val/n02086240/n02086240_6732.JPEG,n02086240,155,Shih-Tzu,jpeg,70,155,Shih-Tzu,0.45886388421058655,True,18415,17888,1.0294610912343471,44.2530309617602,0.9919087415970975
imagewoof,data/imagewoof2-320/val/n02086240/n02086240_6792.JPEG,n02086240,155,Shih-Tzu,jpeg,70,155,Shih-Tzu,0.5049516558647156,True,17916,17509,1.0232451881889315,47.394300489755494,0.9947435679406126
imagewoof,data/imagewoof2-320/val/n02086240/n02086240_6820.JPEG,n02086240,155,Shih-Tzu,jpeg,70,155,Shih-Tzu,0.46303439140319824,True,20233,19603,1.0321379380707034,44.22154065652676,0.9800872580912157
imagewoof,data/imagewoof2-320/val/n02086240/n02086240_6821.JPEG,n02086240,155,Shih-Tzu,jpeg,70,155,Shih-Tzu,0.4478825032711029,True,21316,20743,1.0276237766957528,42.69220150057787,0.9925216550354108
imagewoof,data/imagewoof2-320/val/n02086240/n02086240_6871.JPEG,n02086240,155,Shih-Tzu,jpeg,70,155,Shih-Tzu,0.20310887694358826,True,24987,24373,1.0251918106101015,42.692836532651874,0.9911711912965728
imagewoof,data/imagewoof2-320/val/n02086240/n02086240_6882.JPEG,n02086240,155,Shih-Tzu,jpeg,70,155,Shih-Tzu,0.5297192335128784,True,28673,27864,1.0290338788400804,42.012442257468614,0.9921407776197754
imagewoof,data/imagewoof2-320/val/n02086240/n02086240_6890.JPEG,n02086240,155,Shih-Tzu,jpeg,70,155,Shih-Tzu,0.3965144753456116,True,45289,43976,1.0298571948335455,37.01812849832623,0.9908123068292326
imagewoof,data/imagewoof2-320/val/n02086240/n02086240_691.JPEG,n02086240,155,Shih-Tzu,jpeg,70,155,Shih-Tzu,0.25016406178474426,True,43153,42039,1.0264992031209115,37.209732831562235,0.989836050923853
imagewoof,data/imagewoof2-320/val/n02086240/n02086240_6911.JPEG,n02086240,155,Shih-Tzu,jpeg,70,155,Shih-Tzu,0.53206467628479,True,29953,29161,1.027159562429272,41.31897755859928,0.9920335296917839
imagewoof,data/imagewoof2-320/val/n02086240/n02086240_6951.JPEG,n02086240,155,Shih-Tzu,jpeg,70,155,Shih-Tzu,0.2969471216201782,True,25717,24988,1.0291740035216903,42.39780329005009,0.9897048153605432
imagewoof,data/imagewoof2-320/val/n02086240/n02086240_6952.JPEG,n02086240,155,Shih-Tzu,jpeg,70,155,Shih-Tzu,0.36898669600486755,True,29389,28457,1.0327511684295605,39.26230004600016,0.9891315744625814
imagewoof,data/imagewoof2-320/val/n02086240/n02086240_6992.JPEG,n02086240,155,Shih-Tzu,jpeg,70,155,Shih-Tzu,0.4242672622203827,True,17653,17215,1.0254429276793493,43.13563912457645,0.9907447318321401
imagewoof,data/imagewoof2-320/val/n02086240/n02086240_7022.JPEG,n02086240,155,Shih-Tzu,jpeg,70,155,Shih-Tzu,0.3492985665798187,True,27124,26416,1.026801938219261,41.90329713911084,0.990703172401394
imagewoof,data/imagewoof2-320/val/n02086240/n02086240_7060.JPEG,n02086240,155,Shih-Tzu,jpeg,70,155,Shih-Tzu,0.2823617458343506,True,19685,19106,1.0303046163508844,42.97484197386453,0.9937410150922097
imagewoof,data/imagewoof2-320/val/n02086240/n02086240_7081.JPEG,n02086240,155,Shih-Tzu,jpeg,70,155,Shih-Tzu,0.24805395305156708,True,26045,25253,1.0313626103829248,41.39698766515583,0.9920513825562862
imagewoof,data/imagewoof2-320/val/n02086240/n02086240_7092.JPEG,n02086240,155,Shih-Tzu,jpeg,70,155,Shih-Tzu,0.24893222749233246,True,37248,36277,1.0267662706397993,38.327061933230894,0.9900757040294307
imagewoof,data/imagewoof2-320/val/n02086240/n02086240_7100.JPEG,n02086240,155,Shih-Tzu,jpeg,70,155,Shih-Tzu,0.47822561860084534,True,26378,25548,1.0324878659777674,41.98140926699094,0.992660285331818
imagewoof,data/imagewoof2-320/val/n02086240/n02086240_7101.JPEG,n02086240,155,Shih-Tzu,jpeg,70,155,Shih-Tzu,0.5319406390190125,True,32060,31157,1.0289822511795101,41.180632354971706,0.9909771214704491
imagewoof,data/imagewoof2-320/val/n02086240/n02086240_7110.JPEG,n02086240,155,Shih-Tzu,jpeg,70,155,Shih-Tzu,0.28633320331573486,True,18248,17783,1.026148568857898,45.22851919080865,0.9922717915587493
imagewoof,data/imagewoof2-320/val/n02086240/n02086240_7142.JPEG,n02086240,155,Shih-Tzu,jpeg,70,155,Shih-Tzu,0.19306322932243347,True,23141,22470,1.0298620382732533,43.70319300096863,0.9918822189551809
imagewoof,data/imagewoof2-320/val/n02086240/n02086240_7161.JPEG,n02086240,155,Shih-Tzu,jpeg,70,155,Shih-Tzu,0.2620364725589752,True,22028,21547,1.022323293265884,43.77716647780992,0.9897103224536411
imagewoof,data/imagewoof2-320/val/n02086240/n02086240_7170.JPEG,n02086240,155,Shih-Tzu,jpeg,70,155,Shih-Tzu,0.3190285861492157,True,25995,25238,1.029994452809256,42.303694222719024,0.9893863620282692
imagewoof,data/imagewoof2-320/val/n02086240/n02086240_7200.JPEG,n02086240,155,Shih-Tzu,jpeg,70,155,Shih-Tzu,0.2091519683599472,True,23675,23079,1.0258243424758438,43.53043637828665,0.9920806728488619
imagewoof,data/imagewoof2-320/val/n02086240/n02086240_7220.JPEG,n02086240,155,Shih-Tzu,jpeg,70,155,Shih-Tzu,0.3827356696128845,True,21776,21114,1.0313536042436298,44.30973700844391,0.993298595729709
imagewoof,data/imagewoof2-320/val/n02086240/n02086240_7221.JPEG,n02086240,155,Shih-Tzu,jpeg,70,204,Lhasa,0.2633216977119446,False,21717,21211,1.023855546650323,44.354264330111626,0.9889416440020602
imagewoof,data/imagewoof2-320/val/n02086240/n02086240_7240.JPEG,n02086240,155,Shih-Tzu,jpeg,70,155,Shih-Tzu,0.2628129720687866,True,19185,18783,1.0214023318958634,44.55130050681301,0.9919345535828418
imagewoof,data/imagewoof2-320/val/n02086240/n02086240_7261.JPEG,n02086240,155,Shih-Tzu,jpeg,70,155,Shih-Tzu,0.16499440371990204,True,44406,42913,1.0347913219770233,37.905538146600676,0.9910459855133156
imagewoof,data/imagewoof2-320/val/n02086240/n02086240_7281.JPEG,n02086240,155,Shih-Tzu,jpeg,70,155,Shih-Tzu,0.3128661513328552,True,29685,28894,1.0273759257977435,41.16971206447693,0.9917343038687303
imagewoof,data/imagewoof2-320/val/n02086240/n02086240_7340.JPEG,n02086240,155,Shih-Tzu,jpeg,70,186,Norwich terrier,0.02654770016670227,False,20659,20032,1.0312999201277955,44.207238555076955,0.9919013808366709
imagewoof,data/imagewoof2-320/val/n02086240/n02086240_7360.JPEG,n02086240,155,Shih-Tzu,jpeg,70,155,Shih-Tzu,0.4267646074295044,True,22360,21831,1.0242315972699372,43.95538174621379,0.9919026426934526
imagewoof,data/imagewoof2-320/val/n02086240/n02086240_7361.JPEG,n02086240,155,Shih-Tzu,jpeg,70,155,Shih-Tzu,0.3966163396835327,True,30081,29217,1.0295718246226513,42.748656047568815,0.993264063389693
imagewoof,data/imagewoof2-320/val/n02086240/n02086240_7362.JPEG,n02086240,155,Shih-Tzu,jpeg,70,155,Shih-Tzu,0.23021958768367767,True,18450,17945,1.028141543605461,43.72629620560538,0.9929182578540336
imagewoof,data/imagewoof2-320/val/n02086240/n02086240_7382.JPEG,n02086240,155,Shih-Tzu,jpeg,70,155,Shih-Tzu,0.22936832904815674,True,27509,26580,1.0349510910458992,42.44559021818989,0.9926521869853313
imagewoof,data/imagewoof2-320/val/n02086240/n02086240_740.JPEG,n02086240,155,Shih-Tzu,jpeg,70,155,Shih-Tzu,0.14497928321361542,True,21987,21377,1.028535341722412,43.488694875711225,0.9922120402079148
imagewoof,data/imagewoof2-320/val/n02086240/n02086240_7420.JPEG,n02086240,155,Shih-Tzu,jpeg,70,155,Shih-Tzu,0.4852702021598816,True,32298,31433,1.027518849616645,39.96640173465133,0.991150662796492
imagewoof,data/imagewoof2-320/val/n02086240/n02086240_7421.JPEG,n02086240,155,Shih-Tzu,jpeg,70,155,Shih-Tzu,0.3879891335964203,True,22740,22106,1.028679996381073,44.078055325556306,0.9937883911221658
imagewoof,data/imagewoof2-320/val/n02086240/n02086240_7441.JPEG,n02086240,155,Shih-Tzu,jpeg,70,155,Shih-Tzu,0.29337188601493835,True,16838,16364,1.0289660229772672,44.99208843864494,0.9921514518094647
imagewoof,data/imagewoof2-320/val/n02086240/n02086240_7442.JPEG,n02086240,155,Shih-Tzu,jpeg,70,155,Shih-Tzu,0.41589078307151794,True,24898,24121,1.0322125948343768,41.06117085678431,0.9914301872873686
imagewoof,data/imagewoof2-320/val/n02086240/n02086240_7462.JPEG,n02086240,155,Shih-Tzu,jpeg,70,155,Shih-Tzu,0.33475804328918457,True,27133,26312,1.031202493159015,44.17956923241833,0.9942474255758986
imagewoof,data/imagewoof2-320/val/n02086240/n02086240_751.JPEG,n02086240,155,Shih-Tzu,jpeg,70,155,Shih-Tzu,0.4173797369003296,True,60882,58594,1.0390483667269685,37.79419646985915,0.9917166917542146
imagewoof,data/imagewoof2-320/val/n02086240/n02086240_7511.JPEG,n02086240,155,Shih-Tzu,jpeg,70,155,Shih-Tzu,0.20518484711647034,True,50639,49039,1.032627092722119,34.69142031050621,0.9908051050293242
imagewoof,data/imagewoof2-320/val/n02086240/n02086240_7521.JPEG,n02086240,155,Shih-Tzu,jpeg,70,155,Shih-Tzu,0.29942938685417175,True,14719,14315,1.0282221446035626,45.13362155015237,0.9934180583192732
imagewoof,data/imagewoof2-320/val/n02086240/n02086240_7562.JPEG,n02086240,155,Shih-Tzu,jpeg,70,202,soft-coated wheaten terrier,0.07407986372709274,False,25214,24435,1.0318804992838142,41.08572496387385,0.9889619368283425
imagewoof,data/imagewoof2-320/val/n02086240/n02086240_7581.JPEG,n02086240,155,Shih-Tzu,jpeg,70,155,Shih-Tzu,0.4182209074497223,True,32065,31102,1.0309626390585815,39.690310020521466,0.9907604501534252
imagewoof,data/imagewoof2-320/val/n02086240/n02086240_7601.JPEG,n02086240,155,Shih-Tzu,jpeg,70,155,Shih-Tzu,0.3776065707206726,True,26736,26053,1.0262157908878056,42.009823908149066,0.9899228000299907
imagewoof,data/imagewoof2-320/val/n02086240/n02086240_762.JPEG,n02086240,155,Shih-Tzu,jpeg,70,155,Shih-Tzu,0.3485024869441986,True,18535,18045,1.027154336381269,45.559256698388246,0.9927946256578851
imagewoof,data/imagewoof2-320/val/n02086240/n02086240_7622.JPEG,n02086240,155,Shih-Tzu,jpeg,70,204,Lhasa,0.2431771606206894,False,22746,22077,1.0303030303030303,43.42283063934964,0.9932615437196665
imagewoof,data/imagewoof2-320/val/n02086240/n02086240_7642.JPEG,n02086240,155,Shih-Tzu,jpeg,70,155,Shih-Tzu,0.17289958894252777,True,17721,17205,1.0299912816041847,45.69400306854058,0.9941719515990505
imagewoof,data/imagewoof2-320/val/n02086240/n02086240_7672.JPEG,n02086240,155,Shih-Tzu,jpeg,70,155,Shih-Tzu,0.3027558922767639,True,32967,32039,1.0289646992727612,38.50630477184518,0.9914395143009901
imagewoof,data/imagewoof2-320/val/n02086240/n02086240_7691.JPEG,n02086240,155,Shih-Tzu,jpeg,70,155,Shih-Tzu,0.3643253743648529,True,31773,30931,1.0272218809608484,41.45569861030292,0.9925882762196397
imagewoof,data/imagewoof2-320/val/n02086240/n02086240_7730.JPEG,n02086240,155,Shih-Tzu,jpeg,70,152,Japanese spaniel,0.21898765861988068,False,10833,10532,1.0285795670338018,46.730498797457194,0.992335536146353
imagewoof,data/imagewoof2-320/val/n02086240/n02086240_7761.JPEG,n02086240,155,Shih-Tzu,jpeg,70,155,Shih-Tzu,0.2627986967563629,True,26672,25930,1.0286155032780564,41.679533704388405,0.991880870553073
imagewoof,data/imagewoof2-320/val/n02086240/n02086240_7790.JPEG,n02086240,155,Shih-Tzu,jpeg,70,155,Shih-Tzu,0.2920999526977539,True,25971,25208,1.0302681688352904,41.7248720281182,0.9925434646788509
imagewoof,data/imagewoof2-320/val/n02086240/n02086240_7862.JPEG,n02086240,155,Shih-Tzu,jpeg,70,220,Sussex spaniel,0.12333332747220993,False,16847,16407,1.026817821661486,44.32014395964377,0.9905652449964176
imagewoof,data/imagewoof2-320/val/n02086240/n02086240_7890.JPEG,n02086240,155,Shih-Tzu,jpeg,70,204,Lhasa,0.3425072431564331,False,27318,26568,1.0282294489611563,40.88741179704013,0.9926068631683295
imagewoof,data/imagewoof2-320/val/n02086240/n02086240_7982.JPEG,n02086240,155,Shih-Tzu,jpeg,70,155,Shih-Tzu,0.4311530292034149,True,32372,31537,1.0264768367314583,41.56802995355059,0.9913796171912562
imagewoof,data/imagewoof2-320/val/n02086240/n02086240_8012.JPEG,n02086240,155,Shih-Tzu,jpeg,70,155,Shih-Tzu,0.30504435300827026,True,24518,23811,1.0296921590861368,43.39086927845812,0.9925445580775604
imagewoof,data/imagewoof2-320/val/n02086240/n02086240_8021.JPEG,n02086240,155,Shih-Tzu,jpeg,70,155,Shih-Tzu,0.3808160126209259,True,25177,24401,1.03180197532888,41.51499519689807,0.9922869766975074
imagewoof,data/imagewoof2-320/val/n02086240/n02086240_8052.JPEG,n02086240,155,Shih-Tzu,jpeg,70,155,Shih-Tzu,0.465371698141098,True,21443,20812,1.0303190467038248,42.13759257583426,0.9871006349453885
imagewoof,data/imagewoof2-320/val/n02086240/n02086240_8091.JPEG,n02086240,155,Shih-Tzu,jpeg,70,155,Shih-Tzu,0.40991997718811035,True,25393,24903,1.0196763442155563,42.64337084054684,0.990049004480991
imagewoof,data/imagewoof2-320/val/n02086240/n02086240_8121.JPEG,n02086240,155,Shih-Tzu,jpeg,70,204,Lhasa,0.20039115846157074,False,19682,19151,1.0277270116443005,45.29945621361946,0.9918587501771615
imagewoof,data/imagewoof2-320/val/n02086240/n02086240_8141.JPEG,n02086240,155,Shih-Tzu,jpeg,70,155,Shih-Tzu,0.3271680772304535,True,20247,19708,1.0273492997767404,44.535281125424795,0.992624489870099
imagewoof,data/imagewoof2-320/val/n02086240/n02086240_8190.JPEG,n02086240,155,Shih-Tzu,jpeg,70,155,Shih-Tzu,0.2781514823436737,True,27605,26928,1.0251411170528817,41.282834002799675,0.9914262390916067
imagewoof,data/imagewoof2-320/val/n02086240/n02086240_8241.JPEG,n02086240,155,Shih-Tzu,jpeg,70,155,Shih-Tzu,0.40042948722839355,True,16029,15651,1.0241518113858539,45.464936091852195,0.9931481926406011
imagewoof,data/imagewoof2-320/val/n02086240/n02086240_8252.JPEG,n02086240,155,Shih-Tzu,jpeg,70,155,Shih-Tzu,0.48149916529655457,True,37756,36818,1.0254766690205877,38.94762931168995,0.989031690809882
imagewoof,data/imagewoof2-320/val/n02086240/n02086240_8300.JPEG,n02086240,155,Shih-Tzu,jpeg,70,200,Tibetan terrier,0.2809479832649231,False,19079,18583,1.0266910617230802,45.04131637075901,0.9922628212701499
imagewoof,data/imagewoof2-320/val/n02086240/n02086240_831.JPEG,n02086240,155,Shih-Tzu,jpeg,70,155,Shih-Tzu,0.4082764983177185,True,25320,24631,1.0279728797044374,42.27864500208522,0.9910284538602272
imagewoof,data/imagewoof2-320/val/n02086240/n02086240_8311.JPEG,n02086240,155,Shih-Tzu,jpeg,70,155,Shih-Tzu,0.20425602793693542,True,33885,32826,1.032261012611954,40.70967164255655,0.9896452825027442
imagewoof,data/imagewoof2-320/val/n02086240/n02086240_8340.JPEG,n02086240,155,Shih-Tzu,jpeg,70,155,Shih-Tzu,0.5030530691146851,True,16582,16909,0.9806611863504643,46.22610027758407,0.9947999093915619
imagewoof,data/imagewoof2-320/val/n02086240/n02086240_8341.JPEG,n02086240,155,Shih-Tzu,jpeg,70,155,Shih-Tzu,0.40876123309135437,True,21748,21170,1.027302786962683,44.54895786537108,0.9920758624098595
imagewoof,data/imagewoof2-320/val/n02086240/n02086240_8342.JPEG,n02086240,155,Shih-Tzu,jpeg,70,155,Shih-Tzu,0.3388013541698456,True,24489,23885,1.0252878375549508,42.61198817726206,0.992800499459601
imagewoof,data/imagewoof2-320/val/n02086240/n02086240_8431.JPEG,n02086240,155,Shih-Tzu,jpeg,70,155,Shih-Tzu,0.22349388897418976,True,18596,18138,1.0252508545594883,43.75846506860761,0.9910586279180333
imagewoof,data/imagewoof2-320/val/n02086240/n02086240_8451.JPEG,n02086240,155,Shih-Tzu,jpeg,70,155,Shih-Tzu,0.3404879868030548,True,41421,40256,1.0289397853736089,37.88633820408335,0.9907468232837737
imagewoof,data/imagewoof2-320/val/n02086240/n02086240_852.JPEG,n02086240,155,Shih-Tzu,jpeg,70,200,Tibetan terrier,0.13818489015102386,False,15629,15233,1.0259961924768595,45.65541210383564,0.9917344009066987
imagewoof,data/imagewoof2-320/val/n02086240/n02086240_8552.JPEG,n02086240,155,Shih-Tzu,jpeg,70,155,Shih-Tzu,0.4907769560813904,True,19552,18989,1.0296487440096898,42.76291544680991,0.9917414336815495
imagewoof,data/imagewoof2-320/val/n02086240/n02086240_8580.JPEG,n02086240,155,Shih-Tzu,jpeg,70,155,Shih-Tzu,0.41451138257980347,True,20968,20496,1.0230288836846213,44.31820826193884,0.991661054502183
imagewoof,data/imagewoof2-320/val/n02086240/n02086240_8600.JPEG,n02086240,155,Shih-Tzu,jpeg,70,155,Shih-Tzu,0.4672597646713257,True,33871,32808,1.0324006339917093,40.45971147467764,0.992171991085795
imagewoof,data/imagewoof2-320/val/n02086240/n02086240_8660.JPEG,n02086240,155,Shih-Tzu,jpeg,70,155,Shih-Tzu,0.331377774477005,True,13062,12602,1.0365021425170609,42.22790577880328,0.9896916221900053
imagewoof,data/imagewoof2-320/val/n02086240/n02086240_870.JPEG,n02086240,155,Shih-Tzu,jpeg,70,155,Shih-Tzu,0.349383682012558,True,22332,21760,1.0262867647058824,43.05662087255993,0.9906469842153222
imagewoof,data/imagewoof2-320/val/n02086240/n02086240_872.JPEG,n02086240,155,Shih-Tzu,jpeg,70,155,Shih-Tzu,0.43289268016815186,True,21707,21153,1.0261901385146315,43.42070529854469,0.9931017288415873
imagewoof,data/imagewoof2-320/val/n02086240/n02086240_8780.JPEG,n02086240,155,Shih-Tzu,jpeg,70,155,Shih-Tzu,0.3925526738166809,True,32581,31678,1.0285055874739566,39.26850590316102,0.9918435532788449
imagewoof,data/imagewoof2-320/val/n02086240/n02086240_8800.JPEG,n02086240,155,Shih-Tzu,jpeg,70,155,Shih-Tzu,0.39978450536727905,True,23255,22652,1.026620165989758,43.290493995850106,0.9913714307022087
imagewoof,data/imagewoof2-320/val/n02086240/n02086240_8812.JPEG,n02086240,155,Shih-Tzu,jpeg,70,155,Shih-Tzu,0.4618476331233978,True,25941,25260,1.026959619952494,43.14004331558849,0.9921303228395085
imagewoof,data/imagewoof2-320/val/n02086240/n02086240_8870.JPEG,n02086240,155,Shih-Tzu,jpeg,70,155,Shih-Tzu,0.3007051944732666,True,17406,17032,1.0219586660403945,45.39099237720839,0.9923567697493766
imagewoof,data/imagewoof2-320/val/n02086240/n02086240_8871.JPEG,n02086240,155,Shih-Tzu,jpeg,70,155,Shih-Tzu,0.3392697870731354,True,19799,19148,1.0339983288071861,43.1082911774495,0.9932591833543755
imagewoof,data/imagewoof2-320/val/n02086240/n02086240_901.JPEG,n02086240,155,Shih-Tzu,jpeg,70,155,Shih-Tzu,0.5477497577667236,True,27455,26662,1.0297427049733703,41.739607397555964,0.9905103139265926
imagewoof,data/imagewoof2-320/val/n02086240/n02086240_902.JPEG,n02086240,155,Shih-Tzu,jpeg,70,155,Shih-Tzu,0.3475913405418396,True,29517,28623,1.0312336233099255,39.86721460995698,0.9891414047473122
imagewoof,data/imagewoof2-320/val/n02086240/n02086240_9101.JPEG,n02086240,155,Shih-Tzu,jpeg,70,155,Shih-Tzu,0.4329802095890045,True,21802,21131,1.0317542946382092,42.99568251394,0.9898734409477665
imagewoof,data/imagewoof2-320/val/n02086240/n02086240_912.JPEG,n02086240,155,Shih-Tzu,jpeg,70,155,Shih-Tzu,0.33592283725738525,True,22290,21510,1.0362622036262203,42.5841516340223,0.9885781981802478
imagewoof,data/imagewoof2-320/val/n02086240/n02086240_9130.JPEG,n02086240,155,Shih-Tzu,jpeg,70,155,Shih-Tzu,0.41459420323371887,True,18305,17763,1.0305128638180487,44.153366446426745,0.9907814282496822
imagewoof,data/imagewoof2-320/val/n02086240/n02086240_9271.JPEG,n02086240,155,Shih-Tzu,jpeg,70,155,Shih-Tzu,0.21929779648780823,True,17013,16508,1.030591228495275,45.14153881466549,0.9921328942477897
imagewoof,data/imagewoof2-320/val/n02086240/n02086240_9280.JPEG,n02086240,155,Shih-Tzu,jpeg,70,155,Shih-Tzu,0.26245763897895813,True,22980,22374,1.0270850093858943,42.499521249666856,0.9931614089918553
imagewoof,data/imagewoof2-320/val/n02086240/n02086240_9390.JPEG,n02086240,155,Shih-Tzu,jpeg,70,155,Shih-Tzu,0.3905051648616791,True,31383,30467,1.0300653165720288,42.20546689359174,0.9927938738017487
imagewoof,data/imagewoof2-320/val/n02086240/n02086240_940.JPEG,n02086240,155,Shih-Tzu,jpeg,70,154,Pekinese,0.2054225206375122,False,14291,14066,1.015996018768662,46.625058787880135,0.9898447801101001
imagewoof,data/imagewoof2-320/val/n02086240/n02086240_9401.JPEG,n02086240,155,Shih-Tzu,jpeg,70,155,Shih-Tzu,0.4374881684780121,True,29314,28428,1.0311664556071478,40.45620301346348,0.9897029045789637
imagewoof,data/imagewoof2-320/val/n02086240/n02086240_9411.JPEG,n02086240,155,Shih-Tzu,jpeg,70,155,Shih-Tzu,0.37952157855033875,True,22972,22342,1.0281980127114851,43.53197294070136,0.9923275989255246
imagewoof,data/imagewoof2-320/val/n02086240/n02086240_9430.JPEG,n02086240,155,Shih-Tzu,jpeg,70,155,Shih-Tzu,0.30706825852394104,True,20834,20323,1.025143925601535,44.35148823445988,0.9910819866923425
imagewoof,data/imagewoof2-320/val/n02086240/n02086240_951.JPEG,n02086240,155,Shih-Tzu,jpeg,70,155,Shih-Tzu,0.2682724595069885,True,20305,19867,1.0220466099562089,43.290435746648726,0.9909272725349533
imagewoof,data/imagewoof2-320/val/n02086240/n02086240_9520.JPEG,n02086240,155,Shih-Tzu,jpeg,70,187,Yorkshire terrier,0.22936542332172394,False,26504,25845,1.0254981621203327,42.44063689650572,0.9924786616156424
imagewoof,data/imagewoof2-320/val/n02086240/n02086240_9540.JPEG,n02086240,155,Shih-Tzu,jpeg,70,155,Shih-Tzu,0.5102911591529846,True,22209,21689,1.0239752870118493,43.858058040750066,0.9918655140079694
imagewoof,data/imagewoof2-320/val/n02086240/n02086240_9551.JPEG,n02086240,155,Shih-Tzu,jpeg,70,155,Shih-Tzu,0.3602777421474457,True,18594,18163,1.023729560094698,45.54232143886888,0.9915886679605714
imagewoof,data/imagewoof2-320/val/n02086240/n02086240_961.JPEG,n02086240,155,Shih-Tzu,jpeg,70,155,Shih-Tzu,0.4655340015888214,True,27996,27282,1.0261711018253794,41.9896696146182,0.9910953730279779
imagewoof,data/imagewoof2-320/val/n02086240/n02086240_962.JPEG,n02086240,155,Shih-Tzu,jpeg,70,155,Shih-Tzu,0.5737196207046509,True,28269,27407,1.0314518188783888,41.6400644843614,0.9904177333833893
imagewoof,data/imagewoof2-320/val/n02086240/n02086240_9750.JPEG,n02086240,155,Shih-Tzu,jpeg,70,155,Shih-Tzu,0.36074674129486084,True,18384,17927,1.0254922742232386,45.82508934454492,0.9913613466666135
imagewoof,data/imagewoof2-320/val/n02086240/n02086240_9762.JPEG,n02086240,155,Shih-Tzu,jpeg,70,155,Shih-Tzu,0.20124870538711548,True,17276,16783,1.0293749627599356,45.843900957372256,0.9929539950846685
imagewoof,data/imagewoof2-320/val/n02086240/n02086240_9792.JPEG,n02086240,155,Shih-Tzu,jpeg,70,155,Shih-Tzu,0.268672376871109,True,25692,24927,1.030689613671922,40.45221747781645,0.9923900965827294
imagewoof,data/imagewoof2-320/val/n02086240/n02086240_9812.JPEG,n02086240,155,Shih-Tzu,jpeg,70,155,Shih-Tzu,0.44141462445259094,True,23442,22747,1.0305534795797249,42.791878573098856,0.9910271149783049
imagewoof,data/imagewoof2-320/val/n02086240/n02086240_9901.JPEG,n02086240,155,Shih-Tzu,jpeg,70,155,Shih-Tzu,0.4591487944126129,True,24106,23542,1.0239571829071448,42.86288600492888,0.9912439876621352
imagewoof,data/imagewoof2-320/val/n02087394/ILSVRC2012_val_00000102.JPEG,n02087394,159,Rhodesian ridgeback,jpeg,70,159,Rhodesian ridgeback,0.20611539483070374,True,21007,20413,1.0290991035124675,43.448910511390494,0.9914471528207605
imagewoof,data/imagewoof2-320/val/n02087394/ILSVRC2012_val_00001651.JPEG,n02087394,159,Rhodesian ridgeback,jpeg,70,159,Rhodesian ridgeback,0.5000906586647034,True,22506,21909,1.0272490757223058,42.51142011846667,0.9926556765506103
imagewoof,data/imagewoof2-320/val/n02087394/ILSVRC2012_val_00004992.JPEG,n02087394,159,Rhodesian ridgeback,jpeg,70,180,American Staffordshire terrier,0.1065281331539154,False,33185,32241,1.0292794888496015,38.28112015404644,0.9896539316004098
imagewoof,data/imagewoof2-320/val/n02087394/ILSVRC2012_val_00006900.JPEG,n02087394,159,Rhodesian ridgeback,jpeg,70,159,Rhodesian ridgeback,0.42997732758522034,True,24480,23757,1.030433135496906,42.97411037348658,0.9931346249296832
imagewoof,data/imagewoof2-320/val/n02087394/ILSVRC2012_val_00009200.JPEG,n02087394,159,Rhodesian ridgeback,jpeg,70,159,Rhodesian ridgeback,0.3093741536140442,True,29103,28183,1.0326437923570948,41.91363228731171,0.9915497567905582
imagewoof,data/imagewoof2-320/val/n02087394/ILSVRC2012_val_00009470.JPEG,n02087394,159,Rhodesian ridgeback,jpeg,70,159,Rhodesian ridgeback,0.21975351870059967,True,28218,27135,1.0399115533443892,38.537908235642206,0.9879779118224395
imagewoof,data/imagewoof2-320/val/n02087394/ILSVRC2012_val_00016510.JPEG,n02087394,159,Rhodesian ridgeback,jpeg,70,159,Rhodesian ridgeback,0.5072445273399353,True,14857,14485,1.025681739730756,44.83515188441984,0.9910195859892252
imagewoof,data/imagewoof2-320/val/n02087394/ILSVRC2012_val_00017792.JPEG,n02087394,159,Rhodesian ridgeback,jpeg,70,159,Rhodesian ridgeback,0.12183115631341934,True,14152,13745,1.0296107675518371,44.05328616596136,0.9798211603969715
imagewoof,data/imagewoof2-320/val/n02087394/ILSVRC2012_val_00027290.JPEG,n02087394,159,Rhodesian ridgeback,jpeg,70,168,redbone,0.332907110452652,False,36730,35423,1.0368969313722722,38.81576657206583,0.9905378790433735
imagewoof,data/imagewoof2-320/val/n02087394/ILSVRC2012_val_00033731.JPEG,n02087394,159,Rhodesian ridgeback,jpeg,70,168,redbone,0.3926239311695099,False,27629,26912,1.0266423900118906,40.128409639715635,0.9906594931203933
imagewoof,data/imagewoof2-320/val/n02087394/ILSVRC2012_val_00034160.JPEG,n02087394,159,Rhodesian ridgeback,jpeg,70,246,Great Dane,0.17646554112434387,False,25843,24968,1.0350448574174944,39.80455143121701,0.9902607257518273
imagewoof,data/imagewoof2-320/val/n02087394/ILSVRC2012_val_00035341.JPEG,n02087394,159,Rhodesian ridgeback,jpeg,70,159,Rhodesian ridgeback,0.16842421889305115,True,40352,39043,1.0335271367466639,37.39309140352,0.9891664771267275
imagewoof,data/imagewoof2-320/val/n02087394/ILSVRC2012_val_00042252.JPEG,n02087394,159,Rhodesian ridgeback,jpeg,70,159,Rhodesian ridgeback,0.35443803668022156,True,16431,15990,1.0275797373358349,44.971727108123474,0.9922097821587229
imagewoof,data/imagewoof2-320/val/n02087394/ILSVRC2012_val_00043252.JPEG,n02087394,159,Rhodesian ridgeback,jpeg,70,211,vizsla,0.1938081830739975,False,15797,15334,1.030194339376549,45.07305049844064,0.9926567501715419
imagewoof,data/imagewoof2-320/val/n02087394/ILSVRC2012_val_00044140.JPEG,n02087394,159,Rhodesian ridgeback,jpeg,70,159,Rhodesian ridgeback,0.44025951623916626,True,29670,28603,1.037303779323847,36.820198162150874,0.9866130227591631
imagewoof,data/imagewoof2-320/val/n02087394/n02087394_10040.JPEG,n02087394,159,Rhodesian ridgeback,jpeg,70,159,Rhodesian ridgeback,0.3837790787220001,True,31705,30782,1.0299850562016764,40.87140623776092,0.9920803261221561
imagewoof,data/imagewoof2-320/val/n02087394/n02087394_101.JPEG,n02087394,159,Rhodesian ridgeback,jpeg,70,159,Rhodesian ridgeback,0.22417497634887695,True,30050,29178,1.0298855301939818,41.47127070725733,0.9902727642703782
imagewoof,data/imagewoof2-320/val/n02087394/n02087394_10110.JPEG,n02087394,159,Rhodesian ridgeback,jpeg,70,159,Rhodesian ridgeback,0.16908852756023407,True,30040,29225,1.0278870829769033,41.786595119290354,0.9917827478373455
imagewoof,data/imagewoof2-320/val/n02087394/n02087394_10112.JPEG,n02087394,159,Rhodesian ridgeback,jpeg,70,159,Rhodesian ridgeback,0.10743572562932968,True,35607,34524,1.031369482099409,39.16077040795957,0.9908080619460738
imagewoof,data/imagewoof2-320/val/n02087394/n02087394_10152.JPEG,n02087394,159,Rhodesian ridgeback,jpeg,70,159,Rhodesian ridgeback,0.5858334898948669,True,25577,24888,1.0276840244294438,40.68383260002456,0.9786471412120014
imagewoof,data/imagewoof2-320/val/n02087394/n02087394_10181.JPEG,n02087394,159,Rhodesian ridgeback,jpeg,70,159,Rhodesian ridgeback,0.36406558752059937,True,31860,31014,1.0272780034822984,40.76566572956138,0.9912830473681957
imagewoof,data/imagewoof2-320/val/n02087394/n02087394_10200.JPEG,n02087394,159,Rhodesian ridgeback,jpeg,70,159,Rhodesian ridgeback,0.2493153214454651,True,48782,47128,1.0350959090137497,36.98332514298425,0.9924951527032837
imagewoof,data/imagewoof2-320/val/n02087394/n02087394_10212.JPEG,n02087394,159,Rhodesian ridgeback,jpeg,70,159,Rhodesian ridgeback,0.5610632300376892,True,22493,21968,1.0238983976693372,42.544975242580065,0.9908853904965129
imagewoof,data/imagewoof2-320/val/n02087394/n02087394_1022.JPEG,n02087394,159,Rhodesian ridgeback,jpeg,70,159,Rhodesian ridgeback,0.5267295837402344,True,22542,21836,1.0323319289247115,43.496747548595636,0.9913259901906799
imagewoof,data/imagewoof2-320/val/n02087394/n02087394_10230.JPEG,n02087394,159,Rhodesian ridgeback,jpeg,70,159,Rhodesian ridgeback,0.24423137307167053,True,14860,14395,1.0323028829454672,45.61324780359968,0.9931848033535432
imagewoof,data/imagewoof2-320/val/n02087394/n02087394_10231.JPEG,n02087394,159,Rhodesian ridgeback,jpeg,70,159,Rhodesian ridgeback,0.5214945673942566,True,26736,26285,1.0171580749476887,43.70808506654469,0.9910372450480603
imagewoof,data/imagewoof2-320/val/n02087394/n02087394_10232.JPEG,n02087394,159,Rhodesian ridgeback,jpeg,70,159,Rhodesian ridgeback,0.5315731763839722,True,12757,12410,1.0279613215149073,45.627348206611714,0.9958697740811716
imagewoof,data/imagewoof2-320/val/n02087394/n02087394_10240.JPEG,n02087394,159,Rhodesian ridgeback,jpeg,70,159,Rhodesian ridgeback,0.27838626503944397,True,31952,31129,1.0264383693661858,37.56481178800022,0.9903189825920752
imagewoof,data/imagewoof2-320/val/n02087394/n02087394_1031.JPEG,n02087394,159,Rhodesian ridgeback,jpeg,70,159,Rhodesian ridgeback,0.49377918243408203,True,22137,21469,1.031114630397317,43.464437154495634,0.9891640236495339
imagewoof,data/imagewoof2-320/val/n02087394/n02087394_1032.JPEG,n02087394,159,Rhodesian ridgeback,jpeg,70,159,Rhodesian ridgeback,0.21291770040988922,True,17192,16734,1.027369427512848,44.823500767995625,0.9844536988557406
imagewoof,data/imagewoof2-320/val/n02087394/n02087394_10351.JPEG,n02087394,159,Rhodesian ridgeback,jpeg,70,159,Rhodesian ridgeback,0.5391283631324768,True,40945,39590,1.0342258145996464,40.696415834385355,0.989802635000407
imagewoof,data/imagewoof2-320/val/n02087394/n02087394_10352.JPEG,n02087394,159,Rhodesian ridgeback,jpeg,70,159,Rhodesian ridgeback,0.1845838725566864,True,33911,32804,1.0337458846482137,42.07310719050872,0.9927853010469838
imagewoof,data/imagewoof2-320/val/n02087394/n02087394_1041.JPEG,n02087394,159,Rhodesian ridgeback,jpeg,70,159,Rhodesian ridgeback,0.4996601939201355,True,26937,26021,1.0352023365743053,42.06227525803226,0.9909378281269422
imagewoof,data/imagewoof2-320/val/n02087394/n02087394_10411.JPEG,n02087394,159,Rhodesian ridgeback,jpeg,70,159,Rhodesian ridgeback,0.43941959738731384,True,18076,17529,1.0312054310000571,43.058435419987816,0.9907098924931924
imagewoof,data/imagewoof2-320/val/n02087394/n02087394_10480.JPEG,n02087394,159,Rhodesian ridgeback,jpeg,70,168,redbone,0.2841736972332001,False,17713,17188,1.0305445659762624,44.47884682952462,0.9894835342888685
imagewoof,data/imagewoof2-320/val/n02087394/n02087394_10491.JPEG,n02087394,159,Rhodesian ridgeback,jpeg,70,159,Rhodesian ridgeback,0.28876614570617676,True,17815,17461,1.0202737529351125,44.971442963039806,0.991202838143173
imagewoof,data/imagewoof2-320/val/n02087394/n02087394_10511.JPEG,n02087394,159,Rhodesian ridgeback,jpeg,70,168,redbone,0.30731797218322754,False,37934,36816,1.030367231638418,38.38056217227339,0.9894115154813782
imagewoof,data/imagewoof2-320/val/n02087394/n02087394_10591.JPEG,n02087394,159,Rhodesian ridgeback,jpeg,70,159,Rhodesian ridgeback,0.30227726697921753,True,42558,40861,1.0415310442720442,37.15433937236995,0.9939698146635312
imagewoof,data/imagewoof2-320/val/n02087394/n02087394_10752.JPEG,n02087394,159,Rhodesian ridgeback,jpeg,70,159,Rhodesian ridgeback,0.30696454644203186,True,11654,11354,1.0264224062004579,47.10781050407017,0.9934209326914725
imagewoof,data/imagewoof2-320/val/n02087394/n02087394_10792.JPEG,n02087394,159,Rhodesian ridgeback,jpeg,70,159,Rhodesian ridgeback,0.23050342500209808,True,17964,17567,1.0225991916661923,45.199342489896836,0.9921839683841712
imagewoof,data/imagewoof2-320/val/n02087394/n02087394_1081.JPEG,n02087394,159,Rhodesian ridgeback,jpeg,70,159,Rhodesian ridgeback,0.2935454249382019,True,36216,35242,1.0276374780091935,38.54616122672605,0.9879138606371116
imagewoof,data/imagewoof2-320/val/n02087394/n02087394_10810.JPEG,n02087394,159,Rhodesian ridgeback,jpeg,70,159,Rhodesian ridgeback,0.4468456208705902,True,14780,14301,1.0334941612474653,45.61421581247166,0.9935395336246584
imagewoof,data/imagewoof2-320/val/n02087394/n02087394_1082.JPEG,n02087394,159,Rhodesian ridgeback,jpeg,70,159,Rhodesian ridgeback,0.5187147259712219,True,24300,23746,1.0233302450939106,41.68317636946778,0.9900735142508869
imagewoof,data/imagewoof2-320/val/n02087394/n02087394_10842.JPEG,n02087394,159,Rhodesian ridgeback,jpeg,70,159,Rhodesian ridgeback,0.18003332614898682,True,32284,31238,1.0334848581855431,38.89046135763336,0.9887131535750058
imagewoof,data/imagewoof2-320/val/n02087394/n02087394_10880.JPEG,n02087394,159,Rhodesian ridgeback,jpeg,70,159,Rhodesian ridgeback,0.225961372256279,True,20957,20353,1.0296762148086278,42.618459680977836,0.9911054920506129
imagewoof,data/imagewoof2-320/val/n02087394/n02087394_10962.JPEG,n02087394,159,Rhodesian ridgeback,jpeg,70,159,Rhodesian ridgeback,0.43606120347976685,True,35178,34115,1.0311593140847135,37.437696381474716,0.9917270805000853
imagewoof,data/imagewoof2-320/val/n02087394/n02087394_10972.JPEG,n02087394,159,Rhodesian ridgeback,jpeg,70,159,Rhodesian ridgeback,0.5769078135490417,True,23219,22559,1.0292566159847512,42.88610551014539,0.9918978660038847
imagewoof,data/imagewoof2-320/val/n02087394/n02087394_10992.JPEG,n02087394,159,Rhodesian ridgeback,jpeg,70,159,Rhodesian ridgeback,0.4917055666446686,True,34492,33451,1.0311201458850259,40.75740502296738,0.990789852822358
imagewoof,data/imagewoof2-320/val/n02087394/n02087394_11010.JPEG,n02087394,159,Rhodesian ridgeback,jpeg,70,159,Rhodesian ridgeback,0.07023699581623077,True,24265,23684,1.0245313291673703,42.229550958210105,0.991184732728979
imagewoof,data/imagewoof2-320/val/n02087394/n02087394_11072.JPEG,n02087394,159,Rhodesian ridgeback,jpeg,70,242,boxer,0.2431681901216507,False,30840,29922,1.0306797673952275,40.64069454302857,0.9908719017303699
imagewoof,data/imagewoof2-320/val/n02087394/n02087394_11131.JPEG,n02087394,159,Rhodesian ridgeback,jpeg,70,159,Rhodesian ridgeback,0.7761892676353455,True,41106,39874,1.030897326578723,39.36969846897979,0.9902100681432309
imagewoof,data/imagewoof2-320/val/n02087394/n02087394_11181.JPEG,n02087394,159,Rhodesian ridgeback,jpeg,70,210,German short-haired pointer,0.0776371955871582,False,54172,52619,1.0295140538588723,36.079518014374685,0.9911591733949985
imagewoof,data/imagewoof2-320/val/n02087394/n02087394_11261.JPEG,n02087394,159,Rhodesian ridgeback,jpeg,70,159,Rhodesian ridgeback,0.6947057247161865,True,31337,30402,1.0307545556213407,41.39984067962824,0.9909786023663884
imagewoof,data/imagewoof2-320/val/n02087394/n02087394_11290.JPEG,n02087394,159,Rhodesian ridgeback,jpeg,70,159,Rhodesian ridgeback,0.46548154950141907,True,27903,27011,1.0330235829847099,40.531241313135624,0.9897003544993836
imagewoof,data/imagewoof2-320/val/n02087394/n02087394_11300.JPEG,n02087394,159,Rhodesian ridgeback,jpeg,70,159,Rhodesian ridgeback,0.5576018691062927,True,23535,22795,1.0324632594867296,41.349902932949625,0.9914463818634159
imagewoof,data/imagewoof2-320/val/n02087394/n02087394_11442.JPEG,n02087394,159,Rhodesian ridgeback,jpeg,70,159,Rhodesian ridgeback,0.43540072441101074,True,22499,21830,1.0306459001374255,43.280885433606294,0.9912485442037088
imagewoof,data/imagewoof2-320/val/n02087394/n02087394_11541.JPEG,n02087394,159,Rhodesian ridgeback,jpeg,70,159,Rhodesian ridgeback,0.3089105486869812,True,19799,19238,1.0291610354506706,43.72702038605575,0.9905192266606874
imagewoof,data/imagewoof2-320/val/n02087394/n02087394_1161.JPEG,n02087394,159,Rhodesian ridgeback,jpeg,70,159,Rhodesian ridgeback,0.5275375843048096,True,23791,23010,1.033941764450239,40.82313916465409,0.9908045892362205
imagewoof,data/imagewoof2-320/val/n02087394/n02087394_11610.JPEG,n02087394,159,Rhodesian ridgeback,jpeg,70,159,Rhodesian ridgeback,0.2150769978761673,True,16365,15960,1.025375939849624,43.40797196918867,0.9894925602809722
imagewoof,data/imagewoof2-320/val/n02087394/n02087394_11612.JPEG,n02087394,159,Rhodesian ridgeback,jpeg,70,159,Rhodesian ridgeback,0.38566625118255615,True,25123,24412,1.0291250204817304,42.829462797529374,0.9912008907292176
imagewoof,data/imagewoof2-320/val/n02087394/n02087394_11690.JPEG,n02087394,159,Rhodesian ridgeback,jpeg,70,159,Rhodesian ridgeback,0.2434568554162979,True,21811,21250,1.0264,43.32625731493334,0.9903782101743769
imagewoof,data/imagewoof2-320/val/n02087394/n02087394_1171.JPEG,n02087394,159,Rhodesian ridgeback,jpeg,70,159,Rhodesian ridgeback,0.1346268355846405,True,25791,24830,1.0387031816351189,44.479195602052556,0.9956886037684601
imagewoof,data/imagewoof2-320/val/n02087394/n02087394_11710.JPEG,n02087394,159,Rhodesian ridgeback,jpeg,70,159,Rhodesian ridgeback,0.5610939264297485,True,26202,25343,1.0338949611332517,43.15062686408375,0.9931471586567931
imagewoof,data/imagewoof2-320/val/n02087394/n02087394_11752.JPEG,n02087394,159,Rhodesian ridgeback,jpeg,70,193,Australian terrier,0.16115859150886536,False,27260,26435,1.0312086249290713,41.62233455881154,0.9913874306964203
imagewoof,data/imagewoof2-320/val/n02087394/n02087394_1180.JPEG,n02087394,159,Rhodesian ridgeback,jpeg,70,159,Rhodesian ridgeback,0.3965110182762146,True,18252,17819,1.0242999045962176,44.66998327591527,0.990831212825725
imagewoof,data/imagewoof2-320/val/n02087394/n02087394_11890.JPEG,n02087394,159,Rhodesian ridgeback,jpeg,70,159,Rhodesian ridgeback,0.08763640373945236,True,22718,22057,1.0299678106723489,43.15282541950252,0.9914053920680527
imagewoof,data/imagewoof2-320/val/n02087394/n02087394_11901.JPEG,n02087394,159,Rhodesian ridgeback,jpeg,70,159,Rhodesian ridgeback,0.3113654851913452,True,19631,18954,1.0357180542365727,41.83737470531991,0.9898743221056695
imagewoof,data/imagewoof2-320/val/n02087394/n02087394_12.JPEG,n02087394,159,Rhodesian ridgeback,jpeg,70,168,redbone,0.24517326056957245,False,50480,48507,1.0406745418187067,34.597665252271554,0.9875851265796279
imagewoof,data/imagewoof2-320/val/n02087394/n02087394_120.JPEG,n02087394,159,Rhodesian ridgeback,jpeg,70,159,Rhodesian ridgeback,0.4398820996284485,True,19244,18753,1.0261824774702715,43.384453885964085,0.9903430623458499
imagewoof,data/imagewoof2-320/val/n02087394/n02087394_12002.JPEG,n02087394,159,Rhodesian ridgeback,jpeg,70,246,Great Dane,0.45558232069015503,False,19168,18594,1.030870173174142,44.787013839296456,0.991843549966974
imagewoof,data/imagewoof2-320/val/n02087394/n02087394_12071.JPEG,n02087394,159,Rhodesian ridgeback,jpeg,70,159,Rhodesian ridgeback,0.4664955139160156,True,39878,38731,1.0296145206681986,39.77417720683424,0.9907526275478467
imagewoof,data/imagewoof2-320/val/n02087394/n02087394_12262.JPEG,n02087394,159,Rhodesian ridgeback,jpeg,70,159,Rhodesian ridgeback,0.608923614025116,True,20340,19780,1.0283114256825077,43.113878084690896,0.9917745658923738
imagewoof,data/imagewoof2-320/val/n02087394/n02087394_12331.JPEG,n02087394,159,Rhodesian ridgeback,jpeg,70,159,Rhodesian ridgeback,0.12457666546106339,True,42514,41191,1.0321186666990363,39.35460966286385,0.9929428322437692
imagewoof,data/imagewoof2-320/val/n02087394/n02087394_12332.JPEG,n02087394,159,Rhodesian ridgeback,jpeg,70,159,Rhodesian ridgeback,0.4562644958496094,True,25353,24493,1.0351120728371372,42.68519080255756,0.9912758144621274
imagewoof,data/imagewoof2-320/val/n02087394/n02087394_12470.JPEG,n02087394,159,Rhodesian ridgeback,jpeg,70,159,Rhodesian ridgeback,0.6746304035186768,True,37206,35956,1.0347647124262989,37.820628112827656,0.9915325025857205
imagewoof,data/imagewoof2-320/val/n02087394/n02087394_12472.JPEG,n02087394,159,Rhodesian ridgeback,jpeg,70,159,Rhodesian ridgeback,0.26673540472984314,True,37348,36136,1.0335399601505424,39.63161138624954,0.9922330353758845
imagewoof,data/imagewoof2-320/val/n02087394/n02087394_12482.JPEG,n02087394,159,Rhodesian ridgeback,jpeg,70,159,Rhodesian ridgeback,0.255301296710968,True,19927,19487,1.0225791553343255,42.61236252503339,0.9901251461069759
imagewoof,data/imagewoof2-320/val/n02087394/n02087394_1250.JPEG,n02087394,159,Rhodesian ridgeback,jpeg,70,159,Rhodesian ridgeback,0.43845033645629883,True,28775,28071,1.0250792632966406,42.935756638482815,0.992015162143654
imagewoof,data/imagewoof2-320/val/n02087394/n02087394_12782.JPEG,n02087394,159,Rhodesian ridgeback,jpeg,70,168,redbone,0.20042452216148376,False,14985,14646,1.0231462515362557,43.46689227291725,0.990710891439544
imagewoof,data/imagewoof2-320/val/n02087394/n02087394_12821.JPEG,n02087394,159,Rhodesian ridgeback,jpeg,70,159,Rhodesian ridgeback,0.26498404145240784,True,20510,19897,1.0308086646228074,42.749116328237875,0.9924304661810495
imagewoof,data/imagewoof2-320/val/n02087394/n02087394_12920.JPEG,n02087394,159,Rhodesian ridgeback,jpeg,70,225,malinois,0.15562735497951508,False,32251,31271,1.031338940232164,39.825370587357476,0.9912149491661141
imagewoof,data/imagewoof2-320/val/n02087394/n02087394_12960.JPEG,n02087394,159,Rhodesian ridgeback,jpeg,70,159,Rhodesian ridgeback,0.1417229026556015,True,17075,16617,1.027562135162785,44.16375240861083,0.9915583040889042
imagewoof,data/imagewoof2-320/val/n02087394/n02087394_12981.JPEG,n02087394,159,Rhodesian ridgeback,jpeg,70,159,Rhodesian ridgeback,0.4677177667617798,True,20485,19900,1.0293969849246232,43.52945807170701,0.9903867400666054
imagewoof,data/imagewoof2-320/val/n02087394/n02087394_13012.JPEG,n02087394,159,Rhodesian ridgeback,jpeg,70,159,Rhodesian ridgeback,0.4827747344970703,True,27003,26070,1.0357882623705408,43.022387599827994,0.9917893485087266
imagewoof,data/imagewoof2-320/val/n02087394/n02087394_13070.JPEG,n02087394,159,Rhodesian ridgeback,jpeg,70,159,Rhodesian ridgeback,0.31759849190711975,True,16504,16074,1.0267512753514993,44.33640130194539,0.9912442742718127
imagewoof,data/imagewoof2-320/val/n02087394/n02087394_13150.JPEG,n02087394,159,Rhodesian ridgeback,jpeg,70,159,Rhodesian ridgeback,0.26015159487724304,True,26375,25697,1.0263844028485816,39.498835024823705,0.9896482918263917
imagewoof,data/imagewoof2-320/val/n02087394/n02087394_13161.JPEG,n02087394,159,Rhodesian ridgeback,jpeg,70,209,Chesapeake Bay retriever,0.07585032284259796,False,30488,29536,1.0322318526543879,39.53406987376982,0.9922033499834347
imagewoof,data/imagewoof2-320/val/n02087394/n02087394_13341.JPEG,n02087394,159,Rhodesian ridgeback,jpeg,70,159,Rhodesian ridgeback,0.28204578161239624,True,21187,21649,0.9786595223797866,46.10222186553854,0.9938612087178677
imagewoof,data/imagewoof2-320/val/n02087394/n02087394_13360.JPEG,n02087394,159,Rhodesian ridgeback,jpeg,70,159,Rhodesian ridgeback,0.31502461433410645,True,38060,37032,1.0277597753294447,37.315871750570444,0.9898021778449788
imagewoof,data/imagewoof2-320/val/n02087394/n02087394_13370.JPEG,n02087394,159,Rhodesian ridgeback,jpeg,70,159,Rhodesian ridgeback,0.33767831325531006,True,43074,41883,1.0284363584270468,38.85323819887263,0.9915196788362604
imagewoof,data/imagewoof2-320/val/n02087394/n02087394_13440.JPEG,n02087394,159,Rhodesian ridgeback,jpeg,70,168,redbone,0.28970929980278015,False,27708,26899,1.0300754674894979,42.61817045691529,0.9917685884982813
imagewoof,data/imagewoof2-320/val/n02087394/n02087394_13442.JPEG,n02087394,159,Rhodesian ridgeback,jpeg,70,159,Rhodesian ridgeback,0.2918379604816437,True,51462,49754,1.0343288981790408,36.90454325717372,0.9914186691792567
imagewoof,data/imagewoof2-320/val/n02087394/n02087394_13470.JPEG,n02087394,159,Rhodesian ridgeback,jpeg,70,159,Rhodesian ridgeback,0.48781782388687134,True,18147,17782,1.0205263749859408,46.60077807995994,0.9920240028971286
imagewoof,data/imagewoof2-320/val/n02087394/n02087394_1352.JPEG,n02087394,159,Rhodesian ridgeback,jpeg,70,168,redbone,0.1653253585100174,False,38420,37343,1.0288407465924,39.23486162648503,0.9894073405364092
imagewoof,data/imagewoof2-320/val/n02087394/n02087394_13660.JPEG,n02087394,159,Rhodesian ridgeback,jpeg,70,159,Rhodesian ridgeback,0.5973149538040161,True,25658,25025,1.0252947052947052,42.69675478479434,0.9909170358611651
imagewoof,data/imagewoof2-320/val/n02087394/n02087394_13731.JPEG,n02087394,159,Rhodesian ridgeback,jpeg,70,159,Rhodesian ridgeback,0.5498065948486328,True,28819,28066,1.026829615905366,40.87498367097457,0.9916600982799656
imagewoof,data/imagewoof2-320/val/n02087394/n02087394_13822.JPEG,n02087394,159,Rhodesian ridgeback,jpeg,70,159,Rhodesian ridgeback,0.4680940806865692,True,17396,16878,1.0306908401469368,44.972700404229954,0.9897859104707739
imagewoof,data/imagewoof2-320/val/n02087394/n02087394_13881.JPEG,n02087394,159,Rhodesian ridgeback,jpeg,70,159,Rhodesian ridgeback,0.2376808524131775,True,22995,22385,1.0272503908867545,43.43678647854787,0.9915351632308669
imagewoof,data/imagewoof2-320/val/n02087394/n02087394_14022.JPEG,n02087394,159,Rhodesian ridgeback,jpeg,70,159,Rhodesian ridgeback,0.26632940769195557,True,35424,34387,1.0301567452816471,40.581120576194635,0.9905522446115772
imagewoof,data/imagewoof2-320/val/n02087394/n02087394_14041.JPEG,n02087394,159,Rhodesian ridgeback,jpeg,70,159,Rhodesian ridgeback,0.32362204790115356,True,25744,24890,1.0343109682603455,43.56630260284536,0.9931869481812242
imagewoof,data/imagewoof2-320/val/n02087394/n02087394_14291.JPEG,n02087394,159,Rhodesian ridgeback,jpeg,70,168,redbone,0.24481798708438873,False,23950,23324,1.026839307151432,42.62613212002962,0.9905594084956011
imagewoof,data/imagewoof2-320/val/n02087394/n02087394_1430.JPEG,n02087394,159,Rhodesian ridgeback,jpeg,70,159,Rhodesian ridgeback,0.505237877368927,True,22751,22152,1.0270404478150956,42.52342714783667,0.9915112519283314
imagewoof,data/imagewoof2-320/val/n02087394/n02087394_14362.JPEG,n02087394,159,Rhodesian ridgeback,jpeg,70,159,Rhodesian ridgeback,0.45514342188835144,True,13045,12706,1.026680308515662,46.55669797713266,0.9928986440534001
imagewoof,data/imagewoof2-320/val/n02087394/n02087394_14392.JPEG,n02087394,159,Rhodesian ridgeback,jpeg,70,159,Rhodesian ridgeback,0.3869665861129761,True,40605,39286,1.033574301277809,38.41949295737083,0.9915600762439492
imagewoof,data/imagewoof2-320/val/n02087394/n02087394_14521.JPEG,n02087394,159,Rhodesian ridgeback,jpeg,70,211,vizsla,0.2830060124397278,False,48222,46732,1.031883933921082,37.597180986679916,0.9920245047239398
imagewoof,data/imagewoof2-320/val/n02087394/n02087394_14572.JPEG,n02087394,159,Rhodesian ridgeback,jpeg,70,159,Rhodesian ridgeback,0.25663596391677856,True,16725,16298,1.0261995336851146,44.91285838300272,0.9920014010502817
imagewoof,data/imagewoof2-320/val/n02087394/n02087394_14642.JPEG,n02087394,159,Rhodesian ridgeback,jpeg,70,159,Rhodesian ridgeback,0.23408672213554382,True,36591,35380,1.0342283776144714,40.330889633608024,0.9911191345992906
imagewoof,data/imagewoof2-320/val/n02087394/n02087394_14651.JPEG,n02087394,159,Rhodesian ridgeback,jpeg,70,159,Rhodesian ridgeback,0.27960067987442017,True,43433,42023,1.0335530542797993,35.89500459685649,0.991095887434403
imagewoof,data/imagewoof2-320/val/n02087394/n02087394_14790.JPEG,n02087394,159,Rhodesian ridgeback,jpeg,70,159,Rhodesian ridgeback,0.09647456556558609,True,20682,20040,1.0320359281437126,44.71818946324959,0.990968575601225
imagewoof,data/imagewoof2-320/val/n02087394/n02087394_14822.JPEG,n02087394,159,Rhodesian ridgeback,jpeg,70,159,Rhodesian ridgeback,0.4538492262363434,True,18156,17591,1.032118697060997,44.08595638716457,0.9911866616734707
imagewoof,data/imagewoof2-320/val/n02087394/n02087394_14830.JPEG,n02087394,159,Rhodesian ridgeback,jpeg,70,159,Rhodesian ridgeback,0.36156997084617615,True,23266,22596,1.0296512657107453,42.564379613819966,0.9924766925546434
imagewoof,data/imagewoof2-320/val/n02087394/n02087394_14840.JPEG,n02087394,159,Rhodesian ridgeback,jpeg,70,159,Rhodesian ridgeback,0.3986562490463257,True,16842,16354,1.029839794545677,44.70153707179401,0.9906262536013362
imagewoof,data/imagewoof2-320/val/n02087394/n02087394_1492.JPEG,n02087394,159,Rhodesian ridgeback,jpeg,70,159,Rhodesian ridgeback,0.3744157552719116,True,26334,25601,1.0286316940744502,42.575384088489955,0.9910763840762217
imagewoof,data/imagewoof2-320/val/n02087394/n02087394_15150.JPEG,n02087394,159,Rhodesian ridgeback,jpeg,70,159,Rhodesian ridgeback,0.4875742197036743,True,20269,19729,1.0273708753611435,43.2838780555252,0.9911661482637145
imagewoof,data/imagewoof2-320/val/n02087394/n02087394_15241.JPEG,n02087394,159,Rhodesian ridgeback,jpeg,70,159,Rhodesian ridgeback,0.3199910819530487,True,23344,22709,1.0279624818353956,42.685271254472795,0.9902795016079587
imagewoof,data/imagewoof2-320/val/n02087394/n02087394_15292.JPEG,n02087394,159,Rhodesian ridgeback,jpeg,70,168,redbone,0.3585307002067566,False,44515,43049,1.0340542172872773,37.15218611220459,0.993294880363202
imagewoof,data/imagewoof2-320/val/n02087394/n02087394_15341.JPEG,n02087394,159,Rhodesian ridgeback,jpeg,70,159,Rhodesian ridgeback,0.29005008935928345,True,36059,35181,1.0249566527386942,40.009008728496525,0.9903729864260508
imagewoof,data/imagewoof2-320/val/n02087394/n02087394_15431.JPEG,n02087394,159,Rhodesian ridgeback,jpeg,70,159,Rhodesian ridgeback,0.3752157390117645,True,40432,39133,1.0331944905833952,40.020991595221496,0.9923922328988822
imagewoof,data/imagewoof2-320/val/n02087394/n02087394_15582.JPEG,n02087394,159,Rhodesian ridgeback,jpeg,70,159,Rhodesian ridgeback,0.3388337194919586,True,39667,38457,1.0314637127181008,40.015902666588154,0.9918923609253755
imagewoof,data/imagewoof2-320/val/n02087394/n02087394_15762.JPEG,n02087394,159,Rhodesian ridgeback,jpeg,70,159,Rhodesian ridgeback,0.5292385816574097,True,20221,19623,1.0304744432553636,44.281955585079274,0.992861242557587
imagewoof,data/imagewoof2-320/val/n02087394/n02087394_15821.JPEG,n02087394,159,Rhodesian ridgeback,jpeg,70,159,Rhodesian ridgeback,0.44867944717407227,True,34087,33025,1.0321574564723695,38.66859726067949,0.9909006861107486
imagewoof,data/imagewoof2-320/val/n02087394/n02087394_15822.JPEG,n02087394,159,Rhodesian ridgeback,jpeg,70,159,Rhodesian ridgeback,0.5256458520889282,True,26713,25926,1.0303556275553498,41.93318803503264,0.9922926550030894
imagewoof,data/imagewoof2-320/val/n02087394/n02087394_15980.JPEG,n02087394,159,Rhodesian ridgeback,jpeg,70,159,Rhodesian ridgeback,0.5274127721786499,True,20229,19623,1.0308821281149672,44.33780352426102,0.9902041858240144
imagewoof,data/imagewoof2-320/val/n02087394/n02087394_1611.JPEG,n02087394,159,Rhodesian ridgeback,jpeg,70,159,Rhodesian ridgeback,0.1922178566455841,True,32490,31667,1.025989200113683,40.050759616986255,0.9896778185053554
imagewoof,data/imagewoof2-320/val/n02087394/n02087394_16150.JPEG,n02087394,159,Rhodesian ridgeback,jpeg,70,159,Rhodesian ridgeback,0.4553740322589874,True,31680,30634,1.0341450675719788,40.765135539773794,0.992271807266588
imagewoof,data/imagewoof2-320/val/n02087394/n02087394_16381.JPEG,n02087394,159,Rhodesian ridgeback,jpeg,70,159,Rhodesian ridgeback,0.3322889506816864,True,24995,24314,1.0280085547421238,42.56652770239596,0.9917914961050257
imagewoof,data/imagewoof2-320/val/n02087394/n02087394_1650.JPEG,n02087394,159,Rhodesian ridgeback,jpeg,70,159,Rhodesian ridgeback,0.2607724070549011,True,13016,12667,1.0275519065287755,46.16796142253116,0.9909700028739431
imagewoof,data/imagewoof2-320/val/n02087394/n02087394_16610.JPEG,n02087394,159,Rhodesian ridgeback,jpeg,70,159,Rhodesian ridgeback,0.6075780391693115,True,40718,39328,1.0353437754271766,38.733820740815744,0.9911365620307407
imagewoof,data/imagewoof2-320/val/n02087394/n02087394_16862.JPEG,n02087394,159,Rhodesian ridgeback,jpeg,70,159,Rhodesian ridgeback,0.22832819819450378,True,19913,19404,1.0262317048031333,44.476847136228976,0.9915346435546054
imagewoof,data/imagewoof2-320/val/n02087394/n02087394_1722.JPEG,n02087394,159,Rhodesian ridgeback,jpeg,70,159,Rhodesian ridgeback,0.262319415807724,True,23806,23091,1.03096444502187,43.16155215107894,0.991121081473655
imagewoof,data/imagewoof2-320/val/n02087394/n02087394_1730.JPEG,n02087394,159,Rhodesian ridgeback,jpeg,70,159,Rhodesian ridgeback,0.5629059672355652,True,19735,19090,1.033787323205867,40.88507888153815,0.9879462493414786
imagewoof,data/imagewoof2-320/val/n02087394/n02087394_17382.JPEG,n02087394,159,Rhodesian ridgeback,jpeg,70,211,vizsla,0.19687877595424652,False,23407,22891,1.0225416102398321,43.40066417194802,0.9909678527760799
imagewoof,data/imagewoof2-320/val/n02087394/n02087394_1740.JPEG,n02087394,159,Rhodesian ridgeback,jpeg,70,159,Rhodesian ridgeback,0.684443473815918,True,33267,32204,1.033008321947584,37.65056487417083,0.9904866581666418
imagewoof,data/imagewoof2-320/val/n02087394/n02087394_17592.JPEG,n02087394,159,Rhodesian ridgeback,jpeg,70,159,Rhodesian ridgeback,0.5756872892379761,True,30209,29301,1.0309887034572198,41.418798501621424,0.9883376911984717
imagewoof,data/imagewoof2-320/val/n02087394/n02087394_1762.JPEG,n02087394,159,Rhodesian ridgeback,jpeg,70,168,redbone,0.29720064997673035,False,36105,34991,1.0318367580234917,36.09117792446686,0.9897128598674468
imagewoof,data/imagewoof2-320/val/n02087394/n02087394_1780.JPEG,n02087394,159,Rhodesian ridgeback,jpeg,70,159,Rhodesian ridgeback,0.5561453104019165,True,34460,33346,1.033407305224015,40.18642693634992,0.989142884921734
imagewoof,data/imagewoof2-320/val/n02087394/n02087394_17872.JPEG,n02087394,159,Rhodesian ridgeback,jpeg,70,159,Rhodesian ridgeback,0.4611484706401825,True,30214,29376,1.028526688453159,40.89538644895069,0.9885610757915729
imagewoof,data/imagewoof2-320/val/n02087394/n02087394_18011.JPEG,n02087394,159,Rhodesian ridgeback,jpeg,70,159,Rhodesian ridgeback,0.44109997153282166,True,37991,36715,1.0347541876617186,39.178945783656744,0.9905399160476119
imagewoof,data/imagewoof2-320/val/n02087394/n02087394_18060.JPEG,n02087394,159,Rhodesian ridgeback,jpeg,70,159,Rhodesian ridgeback,0.26021966338157654,True,46522,45071,1.032193650018859,37.90705606014457,0.9920594323607222
imagewoof,data/imagewoof2-320/val/n02087394/n02087394_181.JPEG,n02087394,159,Rhodesian ridgeback,jpeg,70,159,Rhodesian ridgeback,0.1809815913438797,True,38173,36787,1.0376763530595048,41.25795187966952,0.9955785660929876
imagewoof,data/imagewoof2-320/val/n02087394/n02087394_18182.JPEG,n02087394,159,Rhodesian ridgeback,jpeg,70,159,Rhodesian ridgeback,0.4294808506965637,True,23987,23244,1.0319652383410773,43.1637468441985,0.9913179646804386
imagewoof,data/imagewoof2-320/val/n02087394/n02087394_18661.JPEG,n02087394,159,Rhodesian ridgeback,jpeg,70,159,Rhodesian ridgeback,0.3909320831298828,True,39934,38582,1.0350422476802654,39.67951624039889,0.9929251305624219
imagewoof,data/imagewoof2-320/val/n02087394/n02087394_1891.JPEG,n02087394,159,Rhodesian ridgeback,jpeg,70,159,Rhodesian ridgeback,0.5086362361907959,True,46397,44857,1.0343313195264954,38.11916075959812,0.9909906682668965
imagewoof,data/imagewoof2-320/val/n02087394/n02087394_18911.JPEG,n02087394,159,Rhodesian ridgeback,jpeg,70,159,Rhodesian ridgeback,0.6211629509925842,True,37721,36500,1.0334520547945205,39.978939081697405,0.9919359119445182
imagewoof,data/imagewoof2-320/val/n02087394/n02087394_19011.JPEG,n02087394,159,Rhodesian ridgeback,jpeg,70,168,redbone,0.22649376094341278,False,42206,40967,1.030243854809969,37.06449053310758,0.9917396708737085
imagewoof,data/imagewoof2-320/val/n02087394/n02087394_1921.JPEG,n02087394,159,Rhodesian ridgeback,jpeg,70,159,Rhodesian ridgeback,0.5257591605186462,True,42234,41328,1.0219221835075494,39.54961794499838,0.9888300968641314
imagewoof,data/imagewoof2-320/val/n02087394/n02087394_19430.JPEG,n02087394,159,Rhodesian ridgeback,jpeg,70,159,Rhodesian ridgeback,0.42467522621154785,True,31587,30623,1.0314796068314664,41.260843144015126,0.9912866003870718
imagewoof,data/imagewoof2-320/val/n02087394/n02087394_19460.JPEG,n02087394,159,Rhodesian ridgeback,jpeg,70,159,Rhodesian ridgeback,0.5551746487617493,True,17588,17095,1.0288388417665983,41.94407611331463,0.9919870508282127
imagewoof,data/imagewoof2-320/val/n02087394/n02087394_1960.JPEG,n02087394,159,Rhodesian ridgeback,jpeg,70,211,vizsla,0.18428820371627808,False,38985,37571,1.0376354102898513,36.9572908959648,0.9938275407577172
imagewoof,data/imagewoof2-320/val/n02087394/n02087394_19901.JPEG,n02087394,159,Rhodesian ridgeback,jpeg,70,159,Rhodesian ridgeback,0.1998448222875595,True,47869,46511,1.0291973941648211,37.34421641132721,0.990765981005476
imagewoof,data/imagewoof2-320/val/n02087394/n02087394_1991.JPEG,n02087394,159,Rhodesian ridgeback,jpeg,70,159,Rhodesian ridgeback,0.31297171115875244,True,18796,18354,1.0240819439904107,44.20549492650501,0.9902196213307226
imagewoof,data/imagewoof2-320/val/n02087394/n02087394_19972.JPEG,n02087394,159,Rhodesian ridgeback,jpeg,70,159,Rhodesian ridgeback,0.5818531513214111,True,18209,17568,1.0364867941712204,43.12196740924381,0.9889192733920641
imagewoof,data/imagewoof2-320/val/n02087394/n02087394_20062.JPEG,n02087394,159,Rhodesian ridgeback,jpeg,70,211,vizsla,0.2868470251560211,False,38324,37102,1.0329362298528382,39.752589162883716,0.9906547306813097
imagewoof,data/imagewoof2-320/val/n02087394/n02087394_20330.JPEG,n02087394,159,Rhodesian ridgeback,jpeg,70,159,Rhodesian ridgeback,0.5146782398223877,True,30180,29253,1.0316890575325608,41.13760054822638,0.9915344778314105
imagewoof,data/imagewoof2-320/val/n02087394/n02087394_20392.JPEG,n02087394,159,Rhodesian ridgeback,jpeg,70,159,Rhodesian ridgeback,0.3586257994174957,True,21402,20771,1.0303788936498002,44.65676497671946,0.9925330835130611
imagewoof,data/imagewoof2-320/val/n02087394/n02087394_20412.JPEG,n02087394,159,Rhodesian ridgeback,jpeg,70,168,redbone,0.24702446162700653,False,16508,15951,1.0349194407874114,46.07455474762101,0.9941154648711114
imagewoof,data/imagewoof2-320/val/n02087394/n02087394_20422.JPEG,n02087394,159,Rhodesian ridgeback,jpeg,70,159,Rhodesian ridgeback,0.6354721784591675,True,28961,28192,1.027277241770715,41.39949971850454,0.9912087042474096
imagewoof,data/imagewoof2-320/val/n02087394/n02087394_20431.JPEG,n02087394,159,Rhodesian ridgeback,jpeg,70,159,Rhodesian ridgeback,0.5593758225440979,True,17465,16961,1.0297152290548905,44.148050141400326,0.991265705662029
imagewoof,data/imagewoof2-320/val/n02087394/n02087394_20762.JPEG,n02087394,159,Rhodesian ridgeback,jpeg,70,159,Rhodesian ridgeback,0.41071799397468567,True,20329,19782,1.0276514002628652,44.19261063058976,0.9914452214440198
imagewoof,data/imagewoof2-320/val/n02087394/n02087394_2090.JPEG,n02087394,159,Rhodesian ridgeback,jpeg,70,159,Rhodesian ridgeback,0.15229567885398865,True,24845,24259,1.024155983346387,43.315423427110964,0.9912196979718186
imagewoof,data/imagewoof2-320/val/n02087394/n02087394_21000.JPEG,n02087394,159,Rhodesian ridgeback,jpeg,70,159,Rhodesian ridgeback,0.42356500029563904,True,14381,14013,1.0262613287661457,45.487977370909114,0.9943151565960417
imagewoof,data/imagewoof2-320/val/n02087394/n02087394_21270.JPEG,n02087394,159,Rhodesian ridgeback,jpeg,70,159,Rhodesian ridgeback,0.5289558172225952,True,26596,25821,1.0300143294217885,41.83694213762355,0.9893721186801421
imagewoof,data/imagewoof2-320/val/n02087394/n02087394_21480.JPEG,n02087394,159,Rhodesian ridgeback,jpeg,70,159,Rhodesian ridgeback,0.402797669172287,True,23074,22461,1.0272917501446952,43.794725219756366,0.9917488413033678
imagewoof,data/imagewoof2-320/val/n02087394/n02087394_21621.JPEG,n02087394,159,Rhodesian ridgeback,jpeg,70,159,Rhodesian ridgeback,0.371627539396286,True,49859,48138,1.0357513814450123,37.13491430134231,0.9905934608194453
imagewoof,data/imagewoof2-320/val/n02087394/n02087394_2172.JPEG,n02087394,159,Rhodesian ridgeback,jpeg,70,159,Rhodesian ridgeback,0.42029815912246704,True,29854,28960,1.0308701657458563,40.83107499012329,0.9913344049090664
imagewoof,data/imagewoof2-320/val/n02087394/n02087394_21761.JPEG,n02087394,159,Rhodesian ridgeback,jpeg,70,159,Rhodesian ridgeback,0.5235469341278076,True,24801,24130,1.0278077082469954,43.40553183289309,0.9915111599186194
imagewoof,data/imagewoof2-320/val/n02087394/n02087394_21851.JPEG,n02087394,159,Rhodesian ridgeback,jpeg,70,159,Rhodesian ridgeback,0.38559526205062866,True,34169,32770,1.0426914861153493,37.42835513901981,0.9894252909770057
imagewoof,data/imagewoof2-320/val/n02087394/n02087394_21991.JPEG,n02087394,159,Rhodesian ridgeback,jpeg,70,159,Rhodesian ridgeback,0.16117921471595764,True,26729,26023,1.027129846674096,44.188833734974935,0.9914521034478337
imagewoof,data/imagewoof2-320/val/n02087394/n02087394_22042.JPEG,n02087394,159,Rhodesian ridgeback,jpeg,70,159,Rhodesian ridgeback,0.3341969847679138,True,26855,26044,1.0311396098909538,41.53435937339087,0.9900187947894659
imagewoof,data/imagewoof2-320/val/n02087394/n02087394_22202.JPEG,n02087394,159,Rhodesian ridgeback,jpeg,70,168,redbone,0.20681042969226837,False,25377,24664,1.0289085306519623,41.11817305175979,0.9911044277744159
imagewoof,data/imagewoof2-320/val/n02087394/n02087394_22342.JPEG,n02087394,159,Rhodesian ridgeback,jpeg,70,211,vizsla,0.15661178529262543,False,19626,19173,1.0236269754342044,43.39722030563798,0.9897128652354071
imagewoof,data/imagewoof2-320/val/n02087394/n02087394_22441.JPEG,n02087394,159,Rhodesian ridgeback,jpeg,70,159,Rhodesian ridgeback,0.3577864170074463,True,16659,16253,1.0249800036916261,44.62175352865185,0.9884526576580489
imagewoof,data/imagewoof2-320/val/n02087394/n02087394_22712.JPEG,n02087394,159,Rhodesian ridgeback,jpeg,70,159,Rhodesian ridgeback,0.35896167159080505,True,15038,14692,1.023550231418459,44.13127532618035,0.9914387464690946
imagewoof,data/imagewoof2-320/val/n02087394/n02087394_22910.JPEG,n02087394,159,Rhodesian ridgeback,jpeg,70,159,Rhodesian ridgeback,0.13883492350578308,True,53128,51276,1.0361182619549107,35.994184601596324,0.9887520644737675
imagewoof,data/imagewoof2-320/val/n02087394/n02087394_2301.JPEG,n02087394,159,Rhodesian ridgeback,jpeg,70,159,Rhodesian ridgeback,0.2811580002307892,True,12172,11827,1.0291705419802148,46.725851659068056,0.9929629242178653
imagewoof,data/imagewoof2-320/val/n02087394/n02087394_2311.JPEG,n02087394,159,Rhodesian ridgeback,jpeg,70,163,bloodhound,0.25517940521240234,False,32744,31664,1.0341081354219304,40.24088360144408,0.9923718137254536
imagewoof,data/imagewoof2-320/val/n02087394/n02087394_23121.JPEG,n02087394,159,Rhodesian ridgeback,jpeg,70,159,Rhodesian ridgeback,0.5372713804244995,True,36465,35318,1.032476357664647,39.26377323747688,0.9882632001329323
imagewoof,data/imagewoof2-320/val/n02087394/n02087394_23350.JPEG,n02087394,159,Rhodesian ridgeback,jpeg,70,159,Rhodesian ridgeback,0.3835884928703308,True,35158,33934,1.036070018270761,40.06532975397903,0.9910969540983808
imagewoof,data/imagewoof2-320/val/n02087394/n02087394_23371.JPEG,n02087394,159,Rhodesian ridgeback,jpeg,70,159,Rhodesian ridgeback,0.6870781779289246,True,43384,42215,1.0276915788226935,38.264425975142906,0.9889506240147359
imagewoof,data/imagewoof2-320/val/n02087394/n02087394_2341.JPEG,n02087394,159,Rhodesian ridgeback,jpeg,70,211,vizsla,0.17934997379779816,False,55620,53545,1.0387524512092632,35.483222518349265,0.9915709819851104
imagewoof,data/imagewoof2-320/val/n02087394/n02087394_23481.JPEG,n02087394,159,Rhodesian ridgeback,jpeg,70,159,Rhodesian ridgeback,0.4323897361755371,True,20484,19958,1.026355346227077,42.78118203367895,0.9929117983849531
imagewoof,data/imagewoof2-320/val/n02087394/n02087394_23502.JPEG,n02087394,159,Rhodesian ridgeback,jpeg,70,159,Rhodesian ridgeback,0.6479788422584534,True,13147,12743,1.0317036804520128,44.77620461849789,0.9938278130887355
imagewoof,data/imagewoof2-320/val/n02087394/n02087394_23832.JPEG,n02087394,159,Rhodesian ridgeback,jpeg,70,159,Rhodesian ridgeback,0.6869497299194336,True,19217,18727,1.0261654295936349,43.716859683141806,0.9921837221085719
imagewoof,data/imagewoof2-320/val/n02087394/n02087394_24042.JPEG,n02087394,159,Rhodesian ridgeback,jpeg,70,211,vizsla,0.15629540383815765,False,61439,59271,1.0365777530326803,34.699555011314004,0.9903266281085061
imagewoof,data/imagewoof2-320/val/n02087394/n02087394_2411.JPEG,n02087394,159,Rhodesian ridgeback,jpeg,70,159,Rhodesian ridgeback,0.24648834764957428,True,64604,62208,1.0385159465020577,34.053507979406035,0.9910269135164511
imagewoof,data/imagewoof2-320/val/n02087394/n02087394_24520.JPEG,n02087394,159,Rhodesian ridgeback,jpeg,70,159,Rhodesian ridgeback,0.5339203476905823,True,18891,18388,1.0273547966064824,44.427442380394275,0.9889898413206586
imagewoof,data/imagewoof2-320/val/n02087394/n02087394_24561.JPEG,n02087394,159,Rhodesian ridgeback,jpeg,70,159,Rhodesian ridgeback,0.35401320457458496,True,31359,30449,1.0298860389503761,41.23944227599431,0.9909035320387134
imagewoof,data/imagewoof2-320/val/n02087394/n02087394_24691.JPEG,n02087394,159,Rhodesian ridgeback,jpeg,70,159,Rhodesian ridgeback,0.48520755767822266,True,15019,14610,1.0279945242984256,43.89221774296226,0.9896414114979862
imagewoof,data/imagewoof2-320/val/n02087394/n02087394_24792.JPEG,n02087394,159,Rhodesian ridgeback,jpeg,70,159,Rhodesian ridgeback,0.3485889434814453,True,37619,36128,1.0412699291408325,36.40379645767463,0.9781879184868068
imagewoof,data/imagewoof2-320/val/n02087394/n02087394_24832.JPEG,n02087394,159,Rhodesian ridgeback,jpeg,70,159,Rhodesian ridgeback,0.4245362877845764,True,32237,31272,1.0308582757738551,38.911950730815946,0.9907962142261004
imagewoof,data/imagewoof2-320/val/n02087394/n02087394_24880.JPEG,n02087394,159,Rhodesian ridgeback,jpeg,70,159,Rhodesian ridgeback,0.37891140580177307,True,46630,44430,1.0495160927301372,35.393705401697886,0.9901240177109631
imagewoof,data/imagewoof2-320/val/n02087394/n02087394_25111.JPEG,n02087394,159,Rhodesian ridgeback,jpeg,70,159,Rhodesian ridgeback,0.2945405840873718,True,36748,35603,1.0321602112181558,39.630225856007215,0.9925300072673305
imagewoof,data/imagewoof2-320/val/n02087394/n02087394_25192.JPEG,n02087394,159,Rhodesian ridgeback,jpeg,70,159,Rhodesian ridgeback,0.26785507798194885,True,23857,23300,1.0239055793991416,44.18640461193292,0.9912691777248458
imagewoof,data/imagewoof2-320/val/n02087394/n02087394_25392.JPEG,n02087394,159,Rhodesian ridgeback,jpeg,70,159,Rhodesian ridgeback,0.22965960204601288,True,20223,19678,1.0276959040552902,44.139653519207876,0.9910699337506008
imagewoof,data/imagewoof2-320/val/n02087394/n02087394_25491.JPEG,n02087394,159,Rhodesian ridgeback,jpeg,70,159,Rhodesian ridgeback,0.6442335844039917,True,16454,16045,1.025490807105017,45.59384517605443,0.9909792540702392
imagewoof,data/imagewoof2-320/val/n02087394/n02087394_25552.JPEG,n02087394,159,Rhodesian ridgeback,jpeg,70,159,Rhodesian ridgeback,0.5408839583396912,True,27220,26445,1.0293061070145586,42.79649555228133,0.9916091722794537
imagewoof,data/imagewoof2-320/val/n02087394/n02087394_25580.JPEG,n02087394,159,Rhodesian ridgeback,jpeg,70,159,Rhodesian ridgeback,0.47876521944999695,True,52176,50012,1.0432696152923298,34.96451280539277,0.9893541134031255
imagewoof,data/imagewoof2-320/val/n02087394/n02087394_25921.JPEG,n02087394,159,Rhodesian ridgeback,jpeg,70,159,Rhodesian ridgeback,0.23843823373317719,True,35576,34650,1.0267243867243867,38.12004136264646,0.9897901053833938
imagewoof,data/imagewoof2-320/val/n02087394/n02087394_261.JPEG,n02087394,159,Rhodesian ridgeback,jpeg,70,159,Rhodesian ridgeback,0.5648119449615479,True,30682,29869,1.027218855669758,39.993466936263566,0.9907330168395436
imagewoof,data/imagewoof2-320/val/n02087394/n02087394_2621.JPEG,n02087394,159,Rhodesian ridgeback,jpeg,70,159,Rhodesian ridgeback,0.4439307749271393,True,45124,43653,1.0336975694683068,38.56767350605883,0.9918044757351613
imagewoof,data/imagewoof2-320/val/n02087394/n02087394_26301.JPEG,n02087394,159,Rhodesian ridgeback,jpeg,70,159,Rhodesian ridgeback,0.35368359088897705,True,37425,36447,1.0268334842373859,39.88910584485441,0.9903944898615499
imagewoof,data/imagewoof2-320/val/n02087394/n02087394_2640.JPEG,n02087394,159,Rhodesian ridgeback,jpeg,70,159,Rhodesian ridgeback,0.4866175949573517,True,19852,19295,1.028867582275201,43.352683302344914,0.988105410767662
imagewoof,data/imagewoof2-320/val/n02087394/n02087394_2642.JPEG,n02087394,159,Rhodesian ridgeback,jpeg,70,163,bloodhound,0.2391337752342224,False,17958,17463,1.0283456450781652,44.930476012241755,0.9923345767034606
imagewoof,data/imagewoof2-320/val/n02087394/n02087394_26422.JPEG,n02087394,159,Rhodesian ridgeback,jpeg,70,159,Rhodesian ridgeback,0.3564412295818329,True,22379,21766,1.0281631902967932,44.56502227014181,0.9915440234949595
imagewoof,data/imagewoof2-320/val/n02087394/n02087394_2651.JPEG,n02087394,159,Rhodesian ridgeback,jpeg,70,159,Rhodesian ridgeback,0.39985230565071106,True,15629,15170,1.0302570863546474,44.045121245062106,0.9929998334016443
imagewoof,data/imagewoof2-320/val/n02087394/n02087394_2690.JPEG,n02087394,159,Rhodesian ridgeback,jpeg,70,159,Rhodesian ridgeback,0.41342270374298096,True,18867,18331,1.0292400851017403,44.05443465611534,0.9925216293255902
imagewoof,data/imagewoof2-320/val/n02087394/n02087394_27070.JPEG,n02087394,159,Rhodesian ridgeback,jpeg,70,159,Rhodesian ridgeback,0.6793676614761353,True,20213,19660,1.0281281790437435,45.01683126188383,0.9913242340262333
imagewoof,data/imagewoof2-320/val/n02087394/n02087394_271.JPEG,n02087394,159,Rhodesian ridgeback,jpeg,70,159,Rhodesian ridgeback,0.46413668990135193,True,18559,18072,1.0269477644975653,44.55026480159187,0.9914665776296127
imagewoof,data/imagewoof2-320/val/n02087394/n02087394_2722.JPEG,n02087394,159,Rhodesian ridgeback,jpeg,70,159,Rhodesian ridgeback,0.4441112279891968,True,21362,20794,1.0273155717995575,43.047261870076696,0.9912620947924936
imagewoof,data/imagewoof2-320/val/n02087394/n02087394_2731.JPEG,n02087394,159,Rhodesian ridgeback,jpeg,70,159,Rhodesian ridgeback,0.45140090584754944,True,32722,31691,1.0325328957748257,38.26995512071539,0.9908846513661196
imagewoof,data/imagewoof2-320/val/n02087394/n02087394_2761.JPEG,n02087394,159,Rhodesian ridgeback,jpeg,70,159,Rhodesian ridgeback,0.4743711054325104,True,17973,17472,1.0286744505494505,44.67983292486281,0.9903831771850483
imagewoof,data/imagewoof2-320/val/n02087394/n02087394_27612.JPEG,n02087394,159,Rhodesian ridgeback,jpeg,70,159,Rhodesian ridgeback,0.4483283460140228,True,23458,22830,1.0275076653526063,42.003158572391364,0.9912365027081212
imagewoof,data/imagewoof2-320/val/n02087394/n02087394_27802.JPEG,n02087394,159,Rhodesian ridgeback,jpeg,70,211,vizsla,0.22171060740947723,False,15776,15344,1.0281543274244005,45.99203054208353,0.9929055125600241
imagewoof,data/imagewoof2-320/val/n02087394/n02087394_2811.JPEG,n02087394,159,Rhodesian ridgeback,jpeg,70,159,Rhodesian ridgeback,0.4401933550834656,True,30855,29961,1.0298387904275559,42.41164132062305,0.9935827302900071
imagewoof,data/imagewoof2-320/val/n02087394/n02087394_28361.JPEG,n02087394,159,Rhodesian ridgeback,jpeg,70,159,Rhodesian ridgeback,0.31743040680885315,True,20001,19487,1.026376558731462,41.73779582254969,0.9907574708243523
imagewoof,data/imagewoof2-320/val/n02087394/n02087394_28611.JPEG,n02087394,159,Rhodesian ridgeback,jpeg,70,159,Rhodesian ridgeback,0.2115948647260666,True,24895,24116,1.0323022060043126,42.74832110110175,0.9902527874638326
imagewoof,data/imagewoof2-320/val/n02087394/n02087394_29021.JPEG,n02087394,159,Rhodesian ridgeback,jpeg,70,159,Rhodesian ridgeback,0.5815485119819641,True,35788,34743,1.0300780013240076,39.98837121553825,0.990046465886336
imagewoof,data/imagewoof2-320/val/n02087394/n02087394_29330.JPEG,n02087394,159,Rhodesian ridgeback,jpeg,70,179,Staffordshire bullterrier,0.06769552081823349,False,35321,34277,1.0304577413425913,37.22764870193759,0.9902787969534065
imagewoof,data/imagewoof2-320/val/n02087394/n02087394_29562.JPEG,n02087394,159,Rhodesian ridgeback,jpeg,70,168,redbone,0.22260494530200958,False,16013,15588,1.027264562483962,45.2683992563264,0.9919014003824812
imagewoof,data/imagewoof2-320/val/n02087394/n02087394_29611.JPEG,n02087394,159,Rhodesian ridgeback,jpeg,70,159,Rhodesian ridgeback,0.33687371015548706,True,17902,17392,1.029323827046918,44.593738737298246,0.9878508150851756
imagewoof,data/imagewoof2-320/val/n02087394/n02087394_2972.JPEG,n02087394,159,Rhodesian ridgeback,jpeg,70,159,Rhodesian ridgeback,0.24812887609004974,True,17626,17081,1.0319067970259352,44.48789294923232,0.9920650918779975
imagewoof,data/imagewoof2-320/val/n02087394/n02087394_29790.JPEG,n02087394,159,Rhodesian ridgeback,jpeg,70,159,Rhodesian ridgeback,0.24800662696361542,True,24793,24205,1.0242925015492668,43.314873332223875,0.9905367408790418
imagewoof,data/imagewoof2-320/val/n02087394/n02087394_2990.JPEG,n02087394,159,Rhodesian ridgeback,jpeg,70,159,Rhodesian ridgeback,0.5055583715438843,True,30640,29670,1.0326929558476576,40.27274109023509,0.9918015168930424
imagewoof,data/imagewoof2-320/val/n02087394/n02087394_30051.JPEG,n02087394,159,Rhodesian ridgeback,jpeg,70,159,Rhodesian ridgeback,0.6540462374687195,True,13827,13386,1.0329448677722994,43.189466106428476,0.9893445421987525
imagewoof,data/imagewoof2-320/val/n02087394/n02087394_3040.JPEG,n02087394,159,Rhodesian ridgeback,jpeg,70,159,Rhodesian ridgeback,0.5482151508331299,True,38541,37320,1.032717041800643,37.664920641854465,0.9912221980857296
imagewoof,data/imagewoof2-320/val/n02087394/n02087394_30620.JPEG,n02087394,159,Rhodesian ridgeback,jpeg,70,159,Rhodesian ridgeback,0.2741245925426483,True,21197,20628,1.0275838665891022,43.091812619023415,0.9891874854968146
imagewoof,data/imagewoof2-320/val/n02087394/n02087394_3072.JPEG,n02087394,159,Rhodesian ridgeback,jpeg,70,159,Rhodesian ridgeback,0.6286268830299377,True,50980,49179,1.0366213221090304,36.30176399384579,0.9931463573327459
imagewoof,data/imagewoof2-320/val/n02087394/n02087394_30721.JPEG,n02087394,159,Rhodesian ridgeback,jpeg,70,159,Rhodesian ridgeback,0.7410768866539001,True,27798,27081,1.0264761271740335,41.46787292988969,0.9930354907330422
imagewoof,data/imagewoof2-320/val/n02087394/n02087394_310.JPEG,n02087394,159,Rhodesian ridgeback,jpeg,70,180,American Staffordshire terrier,0.26318639516830444,False,15449,15040,1.0271941489361702,46.20215626216883,0.9928525129891698
imagewoof,data/imagewoof2-320/val/n02087394/n02087394_31182.JPEG,n02087394,159,Rhodesian ridgeback,jpeg,70,168,redbone,0.03147915378212929,False,20548,19969,1.0289949421603486,43.995573579617044,0.9916568007495545
imagewoof,data/imagewoof2-320/val/n02087394/n02087394_3130.JPEG,n02087394,159,Rhodesian ridgeback,jpeg,70,159,Rhodesian ridgeback,0.4278271794319153,True,26133,25437,1.0273617171836302,42.08817451603878,0.9905000903613006
imagewoof,data/imagewoof2-320/val/n02087394/n02087394_31662.JPEG,n02087394,159,Rhodesian ridgeback,jpeg,70,168,redbone,0.2733285427093506,False,15674,15352,1.0209744658676394,46.253522217149694,0.9924708184577473
imagewoof,data/imagewoof2-320/val/n02087394/n02087394_3171.JPEG,n02087394,159,Rhodesian ridgeback,jpeg,70,159,Rhodesian ridgeback,0.33499380946159363,True,21500,20832,1.0320660522273426,42.78234092201462,0.9920970160406752
imagewoof,data/imagewoof2-320/val/n02087394/n02087394_3181.JPEG,n02087394,159,Rhodesian ridgeback,jpeg,70,159,Rhodesian ridgeback,0.24941207468509674,True,29680,28781,1.0312358847851013,41.48487581206717,0.9904478687057839
imagewoof,data/imagewoof2-320/val/n02087394/n02087394_31831.JPEG,n02087394,159,Rhodesian ridgeback,jpeg,70,211,vizsla,0.19200894236564636,False,28419,27808,1.0219720943613348,42.16137191132678,0.9901738596040714
imagewoof,data/imagewoof2-320/val/n02087394/n02087394_32312.JPEG,n02087394,159,Rhodesian ridgeback,jpeg,70,159,Rhodesian ridgeback,0.3268109858036041,True,32862,31884,1.0306736921339856,39.78593398962902,0.9895345821512597
imagewoof,data/imagewoof2-320/val/n02087394/n02087394_32380.JPEG,n02087394,159,Rhodesian ridgeback,jpeg,70,159,Rhodesian ridgeback,0.4274117946624756,True,29962,29216,1.0255339539978094,41.74786819393688,0.990679277228052
imagewoof,data/imagewoof2-320/val/n02087394/n02087394_32782.JPEG,n02087394,159,Rhodesian ridgeback,jpeg,70,159,Rhodesian ridgeback,0.6781962513923645,True,18772,18287,1.0265215727019195,44.87475091038672,0.9921144636194529
imagewoof,data/imagewoof2-320/val/n02087394/n02087394_330.JPEG,n02087394,159,Rhodesian ridgeback,jpeg,70,159,Rhodesian ridgeback,0.22419963777065277,True,26144,25447,1.0273902621134121,41.73500355474914,0.9910142026178672
imagewoof,data/imagewoof2-320/val/n02087394/n02087394_3311.JPEG,n02087394,159,Rhodesian ridgeback,jpeg,70,159,Rhodesian ridgeback,0.4459144175052643,True,31339,30375,1.0317366255144034,41.423524596008285,0.9914486837724811
imagewoof,data/imagewoof2-320/val/n02087394/n02087394_3361.JPEG,n02087394,159,Rhodesian ridgeback,jpeg,70,159,Rhodesian ridgeback,0.4617222249507904,True,35673,34546,1.0326231691078562,39.87821170948373,0.9911916023420885
imagewoof,data/imagewoof2-320/val/n02087394/n02087394_3370.JPEG,n02087394,159,Rhodesian ridgeback,jpeg,70,159,Rhodesian ridgeback,0.2738429605960846,True,35104,33991,1.0327439616369039,40.76232394971,0.9914827700005785
imagewoof,data/imagewoof2-320/val/n02087394/n02087394_33872.JPEG,n02087394,159,Rhodesian ridgeback,jpeg,70,159,Rhodesian ridgeback,0.18314777314662933,True,57030,55104,1.0349520905923344,35.893376274514125,0.9914282288399878
imagewoof,data/imagewoof2-320/val/n02087394/n02087394_33901.JPEG,n02087394,159,Rhodesian ridgeback,jpeg,70,159,Rhodesian ridgeback,0.5410060286521912,True,25955,25258,1.027595217356877,41.919688402932394,0.9907899032510462
imagewoof,data/imagewoof2-320/val/n02087394/n02087394_33980.JPEG,n02087394,159,Rhodesian ridgeback,jpeg,70,159,Rhodesian ridgeback,0.44209447503089905,True,41532,40004,1.0381961803819617,37.13100062609542,0.9891446119837823
imagewoof,data/imagewoof2-320/val/n02087394/n02087394_34161.JPEG,n02087394,159,Rhodesian ridgeback,jpeg,70,159,Rhodesian ridgeback,0.27397462725639343,True,18985,18552,1.0233398016386372,45.874390785309124,0.9918783203187883
imagewoof,data/imagewoof2-320/val/n02087394/n02087394_34391.JPEG,n02087394,159,Rhodesian ridgeback,jpeg,70,159,Rhodesian ridgeback,0.3215002715587616,True,20799,20270,1.0260976813024174,43.70098565610847,0.990956764109543
imagewoof,data/imagewoof2-320/val/n02087394/n02087394_3450.JPEG,n02087394,159,Rhodesian ridgeback,jpeg,70,159,Rhodesian ridgeback,0.4447258412837982,True,18189,17680,1.028789592760181,44.61512784555916,0.9924011148274351
imagewoof,data/imagewoof2-320/val/n02087394/n02087394_3451.JPEG,n02087394,159,Rhodesian ridgeback,jpeg,70,159,Rhodesian ridgeback,0.47719255089759827,True,16343,15896,1.0281202818319073,44.495709245324775,0.9917053466377385
imagewoof,data/imagewoof2-320/val/n02087394/n02087394_34682.JPEG,n02087394,159,Rhodesian ridgeback,jpeg,70,159,Rhodesian ridgeback,0.42139673233032227,True,22748,22077,1.0303936223218735,42.56635499169137,0.9938073325593703
imagewoof,data/imagewoof2-320/val/n02087394/n02087394_3471.JPEG,n02087394,159,Rhodesian ridgeback,jpeg,70,168,redbone,0.11727049201726913,False,15033,14552,1.0330538757559098,45.12740929136378,0.9931936562158822
imagewoof,data/imagewoof2-320/val/n02087394/n02087394_34751.JPEG,n02087394,159,Rhodesian ridgeback,jpeg,70,159,Rhodesian ridgeback,0.564376711845398,True,19285,18866,1.0222092653450652,44.24420573205158,0.9918715653160336
imagewoof,data/imagewoof2-320/val/n02087394/n02087394_35282.JPEG,n02087394,159,Rhodesian ridgeback,jpeg,70,159,Rhodesian ridgeback,0.47487080097198486,True,16246,15794,1.0286184627073571,44.19737507579931,0.9914009291897842
imagewoof,data/imagewoof2-320/val/n02087394/n02087394_35760.JPEG,n02087394,159,Rhodesian ridgeback,jpeg,70,159,Rhodesian ridgeback,0.4692710041999817,True,18780,18105,1.0372825186412593,41.836395956359084,0.9941320080043727
imagewoof,data/imagewoof2-320/val/n02087394/n02087394_36031.JPEG,n02087394,159,Rhodesian ridgeback,jpeg,70,159,Rhodesian ridgeback,0.55107581615448,True,18558,18090,1.0258706467661691,44.31083069831761,0.9913865661559584
imagewoof,data/imagewoof2-320/val/n02087394/n02087394_3642.JPEG,n02087394,159,Rhodesian ridgeback,jpeg,70,159,Rhodesian ridgeback,0.45222043991088867,True,24144,23483,1.0281480219733423,43.46922150057647,0.991046259420013
imagewoof,data/imagewoof2-320/val/n02087394/n02087394_3682.JPEG,n02087394,159,Rhodesian ridgeback,jpeg,70,159,Rhodesian ridgeback,0.267500102519989,True,12412,12042,1.0307257930576317,46.86850093238458,0.9908551588926638
imagewoof,data/imagewoof2-320/val/n02087394/n02087394_3690.JPEG,n02087394,159,Rhodesian ridgeback,jpeg,70,159,Rhodesian ridgeback,0.3149874806404114,True,26764,26090,1.0258336527405136,40.922076098173825,0.9909850321881906
imagewoof,data/imagewoof2-320/val/n02087394/n02087394_3712.JPEG,n02087394,159,Rhodesian ridgeback,jpeg,70,173,Ibizan hound,0.09556369483470917,False,33772,32922,1.025818601543041,39.24734119861385,0.9900076432384344
imagewoof,data/imagewoof2-320/val/n02087394/n02087394_3762.JPEG,n02087394,159,Rhodesian ridgeback,jpeg,70,159,Rhodesian ridgeback,0.33194780349731445,True,29756,29029,1.0250439215956457,40.54164287298881,0.9891886571981091
imagewoof,data/imagewoof2-320/val/n02087394/n02087394_3791.JPEG,n02087394,159,Rhodesian ridgeback,jpeg,70,159,Rhodesian ridgeback,0.3306770622730255,True,32458,31573,1.028030279035885,41.65614400154281,0.9915270536910613
imagewoof,data/imagewoof2-320/val/n02087394/n02087394_3792.JPEG,n02087394,159,Rhodesian ridgeback,jpeg,70,159,Rhodesian ridgeback,0.4687683582305908,True,19736,19170,1.0295252999478353,43.57669091138739,0.9931639256324619
imagewoof,data/imagewoof2-320/val/n02087394/n02087394_381.JPEG,n02087394,159,Rhodesian ridgeback,jpeg,70,159,Rhodesian ridgeback,0.3643784821033478,True,19498,18859,1.0338830266716157,43.082034928891474,0.9926797550210412
imagewoof,data/imagewoof2-320/val/n02087394/n02087394_3831.JPEG,n02087394,159,Rhodesian ridgeback,jpeg,70,159,Rhodesian ridgeback,0.08487441390752792,True,24607,23881,1.0304007369875634,42.1667983741639,0.990633069016463
imagewoof,data/imagewoof2-320/val/n02087394/n02087394_3971.JPEG,n02087394,159,Rhodesian ridgeback,jpeg,70,159,Rhodesian ridgeback,0.5978840589523315,True,8599,8361,1.0284654945580671,46.82782198607711,0.9956262516767058
imagewoof,data/imagewoof2-320/val/n02087394/n02087394_3980.JPEG,n02087394,159,Rhodesian ridgeback,jpeg,70,159,Rhodesian ridgeback,0.36483851075172424,True,34984,33945,1.0306083370157608,40.31270480596518,0.9915408434207462
imagewoof,data/imagewoof2-320/val/n02087394/n02087394_3992.JPEG,n02087394,159,Rhodesian ridgeback,jpeg,70,159,Rhodesian ridgeback,0.5471343398094177,True,36286,34877,1.040399116896522,38.82410738176099,0.9936729939026699
imagewoof,data/imagewoof2-320/val/n02087394/n02087394_4030.JPEG,n02087394,159,Rhodesian ridgeback,jpeg,70,159,Rhodesian ridgeback,0.11378531157970428,True,25160,24326,1.0342843048589987,42.81871533927634,0.9929837729957202
imagewoof,data/imagewoof2-320/val/n02087394/n02087394_4032.JPEG,n02087394,159,Rhodesian ridgeback,jpeg,70,159,Rhodesian ridgeback,0.47259560227394104,True,25384,24696,1.02785876255264,42.637500061332716,0.990581800266597
imagewoof,data/imagewoof2-320/val/n02087394/n02087394_4080.JPEG,n02087394,159,Rhodesian ridgeback,jpeg,70,159,Rhodesian ridgeback,0.41056278347969055,True,38534,37433,1.0294125504234233,38.12982141733735,0.9901566688854654
imagewoof,data/imagewoof2-320/val/n02087394/n02087394_4112.JPEG,n02087394,159,Rhodesian ridgeback,jpeg,70,159,Rhodesian ridgeback,0.23233824968338013,True,24174,23512,1.0281558353181355,42.394258229882105,0.9933622342815273
imagewoof,data/imagewoof2-320/val/n02087394/n02087394_4291.JPEG,n02087394,159,Rhodesian ridgeback,jpeg,70,159,Rhodesian ridgeback,0.4955339729785919,True,22461,21790,1.0307939421753098,40.781491459558346,0.9903271558391252
imagewoof,data/imagewoof2-320/val/n02087394/n02087394_4330.JPEG,n02087394,159,Rhodesian ridgeback,jpeg,70,159,Rhodesian ridgeback,0.5482431650161743,True,23195,22438,1.0337374097513148,42.94818524987977,0.9930766011570559
imagewoof,data/imagewoof2-320/val/n02087394/n02087394_4370.JPEG,n02087394,159,Rhodesian ridgeback,jpeg,70,207,golden retriever,0.1656522899866104,False,19580,19062,1.0271744832651348,44.58709691388135,0.9898796297325476
imagewoof,data/imagewoof2-320/val/n02087394/n02087394_4371.JPEG,n02087394,159,Rhodesian ridgeback,jpeg,70,168,redbone,0.4541078805923462,False,15638,15172,1.0307144740311098,45.12377011502522,0.99250880366457
imagewoof,data/imagewoof2-320/val/n02087394/n02087394_4391.JPEG,n02087394,159,Rhodesian ridgeback,jpeg,70,159,Rhodesian ridgeback,0.5910212397575378,True,22433,21914,1.0236834900063887,43.36826437506383,0.9911199908540557
imagewoof,data/imagewoof2-320/val/n02087394/n02087394_4410.JPEG,n02087394,159,Rhodesian ridgeback,jpeg,70,159,Rhodesian ridgeback,0.5336459279060364,True,17486,16985,1.0294966146599942,45.04473184014462,0.9899344909164659
imagewoof,data/imagewoof2-320/val/n02087394/n02087394_4430.JPEG,n02087394,159,Rhodesian ridgeback,jpeg,70,159,Rhodesian ridgeback,0.16458630561828613,True,36118,35250,1.0246241134751772,39.73746096080822,0.9892346842965121
imagewoof,data/imagewoof2-320/val/n02087394/n02087394_4451.JPEG,n02087394,159,Rhodesian ridgeback,jpeg,70,159,Rhodesian ridgeback,0.41453325748443604,True,22114,21400,1.0333644859813085,41.31195241290962,0.9911076374559274
imagewoof,data/imagewoof2-320/val/n02087394/n02087394_450.JPEG,n02087394,159,Rhodesian ridgeback,jpeg,70,159,Rhodesian ridgeback,0.43268197774887085,True,29812,28908,1.0312716203127161,42.169626822637305,0.9924150220291481
imagewoof,data/imagewoof2-320/val/n02087394/n02087394_4562.JPEG,n02087394,159,Rhodesian ridgeback,jpeg,70,159,Rhodesian ridgeback,0.4754215478897095,True,31582,30631,1.031046978551141,41.676252552445774,0.9916079125940752
imagewoof,data/imagewoof2-320/val/n02087394/n02087394_4580.JPEG,n02087394,159,Rhodesian ridgeback,jpeg,70,159,Rhodesian ridgeback,0.43479466438293457,True,49504,47463,1.0430019172829361,35.0991168779022,0.9882671846842301
imagewoof,data/imagewoof2-320/val/n02087394/n02087394_4602.JPEG,n02087394,159,Rhodesian ridgeback,jpeg,70,159,Rhodesian ridgeback,0.43514353036880493,True,12691,12335,1.0288609647344953,45.38043869874499,0.9938449881512263
imagewoof,data/imagewoof2-320/val/n02087394/n02087394_4681.JPEG,n02087394,159,Rhodesian ridgeback,jpeg,70,159,Rhodesian ridgeback,0.5715305209159851,True,22702,22108,1.0268681020445087,43.17461765815351,0.9917453889547341
imagewoof,data/imagewoof2-320/val/n02087394/n02087394_4700.JPEG,n02087394,159,Rhodesian ridgeback,jpeg,70,159,Rhodesian ridgeback,0.4095692038536072,True,23462,22781,1.0298933321627672,40.72108791620969,0.9886114945785741
imagewoof,data/imagewoof2-320/val/n02087394/n02087394_4722.JPEG,n02087394,159,Rhodesian ridgeback,jpeg,70,159,Rhodesian ridgeback,0.5694409012794495,True,27525,26800,1.0270522388059702,43.45057248935621,0.9916852919134463
imagewoof,data/imagewoof2-320/val/n02087394/n02087394_4741.JPEG,n02087394,159,Rhodesian ridgeback,jpeg,70,159,Rhodesian ridgeback,0.3486920893192291,True,42472,40920,1.0379276637341153,38.49783269306583,0.9930687035703333
imagewoof,data/imagewoof2-320/val/n02087394/n02087394_4761.JPEG,n02087394,159,Rhodesian ridgeback,jpeg,70,159,Rhodesian ridgeback,0.6996645927429199,True,40587,39446,1.0289256198347108,38.29113876218863,0.9907551140270555
imagewoof,data/imagewoof2-320/val/n02087394/n02087394_4842.JPEG,n02087394,159,Rhodesian ridgeback,jpeg,70,159,Rhodesian ridgeback,0.4801539182662964,True,27875,27202,1.024740827880303,42.05706105695448,0.9903178043489644
imagewoof,data/imagewoof2-320/val/n02087394/n02087394_4931.JPEG,n02087394,159,Rhodesian ridgeback,jpeg,70,159,Rhodesian ridgeback,0.42263972759246826,True,27267,26544,1.0272377938517179,42.36506739848807,0.9906880843873895
imagewoof,data/imagewoof2-320/val/n02087394/n02087394_5092.JPEG,n02087394,159,Rhodesian ridgeback,jpeg,70,172,whippet,0.19810444116592407,False,42800,41454,1.032469725478844,37.19429560801941,0.9899506235003801
imagewoof,data/imagewoof2-320/val/n02087394/n02087394_5140.JPEG,n02087394,159,Rhodesian ridgeback,jpeg,70,159,Rhodesian ridgeback,0.23401117324829102,True,15722,15281,1.0288593678424187,43.387695545938776,0.990564570574898
imagewoof,data/imagewoof2-320/val/n02087394/n02087394_5161.JPEG,n02087394,159,Rhodesian ridgeback,jpeg,70,159,Rhodesian ridgeback,0.32331979274749756,True,30383,29428,1.0324520864482805,45.344458262576794,0.9932651403593421
imagewoof,data/imagewoof2-320/val/n02087394/n02087394_5182.JPEG,n02087394,159,Rhodesian ridgeback,jpeg,70,159,Rhodesian ridgeback,0.23410582542419434,True,38845,37538,1.0348180510416112,37.303543532094785,0.9911378336618432
imagewoof,data/imagewoof2-320/val/n02087394/n02087394_52.JPEG,n02087394,159,Rhodesian ridgeback,jpeg,70,159,Rhodesian ridgeback,0.4253930449485779,True,41352,39734,1.0407207932752807,39.752448254111485,0.9941260714779637
imagewoof,data/imagewoof2-320/val/n02087394/n02087394_5251.JPEG,n02087394,159,Rhodesian ridgeback,jpeg,70,159,Rhodesian ridgeback,0.3593047559261322,True,16939,16421,1.0315449729005541,45.14865703056615,0.9880234099960162
imagewoof,data/imagewoof2-320/val/n02087394/n02087394_531.JPEG,n02087394,159,Rhodesian ridgeback,jpeg,70,237,miniature pinscher,0.08972503244876862,False,25248,24522,1.029606068020553,41.13725464590048,0.9918500654351062
imagewoof,data/imagewoof2-320/val/n02087394/n02087394_5321.JPEG,n02087394,159,Rhodesian ridgeback,jpeg,70,159,Rhodesian ridgeback,0.5727385878562927,True,52647,50942,1.033469435828982,36.776009971900216,0.9910206203496322
imagewoof,data/imagewoof2-320/val/n02087394/n02087394_5521.JPEG,n02087394,159,Rhodesian ridgeback,jpeg,70,159,Rhodesian ridgeback,0.7314474582672119,True,10880,10635,1.0230371415138693,46.636245208089534,0.9833170533352754
imagewoof,data/imagewoof2-320/val/n02087394/n02087394_5552.JPEG,n02087394,159,Rhodesian ridgeback,jpeg,70,159,Rhodesian ridgeback,0.5158334374427795,True,23266,22630,1.028104286345559,43.02563858688224,0.9896099937320212
imagewoof,data/imagewoof2-320/val/n02087394/n02087394_5612.JPEG,n02087394,159,Rhodesian ridgeback,jpeg,70,159,Rhodesian ridgeback,0.6581026315689087,True,20034,19449,1.030078667283665,42.977399671758086,0.9923506176250755
imagewoof,data/imagewoof2-320/val/n02087394/n02087394_5632.JPEG,n02087394,159,Rhodesian ridgeback,jpeg,70,159,Rhodesian ridgeback,0.40608662366867065,True,26306,25488,1.0320935342121782,40.95504116028124,0.9805602012761324
imagewoof,data/imagewoof2-320/val/n02087394/n02087394_5650.JPEG,n02087394,159,Rhodesian ridgeback,jpeg,70,159,Rhodesian ridgeback,0.6754401326179504,True,39401,38242,1.0303069923121175,39.48004114940343,0.9920400396555964
imagewoof,data/imagewoof2-320/val/n02087394/n02087394_5692.JPEG,n02087394,159,Rhodesian ridgeback,jpeg,70,159,Rhodesian ridgeback,0.4594767391681671,True,18648,18128,1.028684907325684,42.12837969226776,0.9899771875900335
imagewoof,data/imagewoof2-320/val/n02087394/n02087394_5760.JPEG,n02087394,159,Rhodesian ridgeback,jpeg,70,159,Rhodesian ridgeback,0.31216228008270264,True,14741,14357,1.0267465347913909,45.36352532982116,0.9890713330059008
imagewoof,data/imagewoof2-320/val/n02087394/n02087394_5761.JPEG,n02087394,159,Rhodesian ridgeback,jpeg,70,159,Rhodesian ridgeback,0.5119186639785767,True,32336,31297,1.0331980701025658,41.98782662096383,0.9927613831778332
imagewoof,data/imagewoof2-320/val/n02087394/n02087394_5822.JPEG,n02087394,159,Rhodesian ridgeback,jpeg,70,159,Rhodesian ridgeback,0.31051236391067505,True,17515,17187,1.0190841915401174,45.005382654841895,0.9919608671227059
imagewoof,data/imagewoof2-320/val/n02087394/n02087394_5831.JPEG,n02087394,159,Rhodesian ridgeback,jpeg,70,159,Rhodesian ridgeback,0.4663410484790802,True,36950,35943,1.0280165818100881,40.61381855623377,0.9913356152042058
imagewoof,data/imagewoof2-320/val/n02087394/n02087394_5880.JPEG,n02087394,159,Rhodesian ridgeback,jpeg,70,159,Rhodesian ridgeback,0.4289647340774536,True,14850,14360,1.0341225626740946,44.38530696766999,0.993978452749967
imagewoof,data/imagewoof2-320/val/n02087394/n02087394_5890.JPEG,n02087394,159,Rhodesian ridgeback,jpeg,70,159,Rhodesian ridgeback,0.294596791267395,True,34756,33589,1.0347435172229003,40.04039911865671,0.9918025408756327
imagewoof,data/imagewoof2-320/val/n02087394/n02087394_591.JPEG,n02087394,159,Rhodesian ridgeback,jpeg,70,159,Rhodesian ridgeback,0.43659451603889465,True,27898,27140,1.0279292557111275,42.974724258058274,0.9913714815628661
imagewoof,data/imagewoof2-320/val/n02087394/n02087394_5912.JPEG,n02087394,159,Rhodesian ridgeback,jpeg,70,159,Rhodesian ridgeback,0.1862526535987854,True,21452,20719,1.0353781553163763,43.92795335330501,0.9941668956635644
imagewoof,data/imagewoof2-320/val/n02087394/n02087394_5991.JPEG,n02087394,159,Rhodesian ridgeback,jpeg,70,159,Rhodesian ridgeback,0.3523446321487427,True,18732,18274,1.0250629309401336,45.30569176782596,0.9909671641281211
imagewoof,data/imagewoof2-320/val/n02087394/n02087394_601.JPEG,n02087394,159,Rhodesian ridgeback,jpeg,70,159,Rhodesian ridgeback,0.2613182067871094,True,15352,14869,1.0324836909005313,45.200440792984864,0.9915802504608638
imagewoof,data/imagewoof2-320/val/n02087394/n02087394_6010.JPEG,n02087394,159,Rhodesian ridgeback,jpeg,70,159,Rhodesian ridgeback,0.40210258960723877,True,21464,20759,1.03396117346693,42.44699212499648,0.9882649173880654
imagewoof,data/imagewoof2-320/val/n02087394/n02087394_6031.JPEG,n02087394,159,Rhodesian ridgeback,jpeg,70,159,Rhodesian ridgeback,0.6217852234840393,True,29744,28972,1.0266464172304295,43.22435238143765,0.9917112405313878
imagewoof,data/imagewoof2-320/val/n02087394/n02087394_6042.JPEG,n02087394,159,Rhodesian ridgeback,jpeg,70,159,Rhodesian ridgeback,0.28726717829704285,True,40397,39229,1.0297738917637462,38.049066354067364,0.9900294629739861
imagewoof,data/imagewoof2-320/val/n02087394/n02087394_6050.JPEG,n02087394,159,Rhodesian ridgeback,jpeg,70,159,Rhodesian ridgeback,0.132383793592453,True,18690,18157,1.0293550696700997,44.828562379763085,0.9926185534587404
imagewoof,data/imagewoof2-320/val/n02087394/n02087394_6061.JPEG,n02087394,159,Rhodesian ridgeback,jpeg,70,159,Rhodesian ridgeback,0.07538435608148575,True,26207,25347,1.03392906458358,43.1592093275179,0.992694501054542
imagewoof,data/imagewoof2-320/val/n02087394/n02087394_6071.JPEG,n02087394,159,Rhodesian ridgeback,jpeg,70,159,Rhodesian ridgeback,0.22891832888126373,True,15407,14961,1.0298108415212888,44.37546927773978,0.9893630992464072
imagewoof,data/imagewoof2-320/val/n02087394/n02087394_6151.JPEG,n02087394,159,Rhodesian ridgeback,jpeg,70,159,Rhodesian ridgeback,0.10931608080863953,True,18057,17467,1.033777981336234,43.630241367047866,0.9906691116520466
imagewoof,data/imagewoof2-320/val/n02087394/n02087394_6160.JPEG,n02087394,159,Rhodesian ridgeback,jpeg,70,159,Rhodesian ridgeback,0.5130560994148254,True,19743,19115,1.0328537797541197,44.942894861063614,0.9934505898673957
imagewoof,data/imagewoof2-320/val/n02087394/n02087394_622.JPEG,n02087394,159,Rhodesian ridgeback,jpeg,70,211,vizsla,0.3610755205154419,False,41665,40357,1.0324107341972892,35.867954785381436,0.991914914723397
imagewoof,data/imagewoof2-320/val/n02087394/n02087394_6231.JPEG,n02087394,159,Rhodesian ridgeback,jpeg,70,159,Rhodesian ridgeback,0.23937150835990906,True,44813,43322,1.034416693596787,36.71178363902792,0.9902321356927741
imagewoof,data/imagewoof2-320/val/n02087394/n02087394_6280.JPEG,n02087394,159,Rhodesian ridgeback,jpeg,70,159,Rhodesian ridgeback,0.6517818570137024,True,33866,32871,1.0302698427185057,41.60526825693762,0.992944350871034
imagewoof,data/imagewoof2-320/val/n02087394/n02087394_631.JPEG,n02087394,159,Rhodesian ridgeback,jpeg,70,159,Rhodesian ridgeback,0.4053540825843811,True,23996,23349,1.0277099661655746,43.76577449856449,0.9913311987594904
imagewoof,data/imagewoof2-320/val/n02087394/n02087394_6330.JPEG,n02087394,159,Rhodesian ridgeback,jpeg,70,159,Rhodesian ridgeback,0.16245238482952118,True,39606,38188,1.037132083376977,37.61339304305792,0.9901290161578647
imagewoof,data/imagewoof2-320/val/n02087394/n02087394_6340.JPEG,n02087394,159,Rhodesian ridgeback,jpeg,70,159,Rhodesian ridgeback,0.3745647966861725,True,11906,11576,1.0285072563925364,46.92283558863685,0.9931622534105102
imagewoof,data/imagewoof2-320/val/n02087394/n02087394_6350.JPEG,n02087394,159,Rhodesian ridgeback,jpeg,70,159,Rhodesian ridgeback,0.4874083697795868,True,24322,23575,1.0316861081654294,41.94063317877977,0.9880671995099047
imagewoof,data/imagewoof2-320/val/n02087394/n02087394_6371.JPEG,n02087394,159,Rhodesian ridgeback,jpeg,70,159,Rhodesian ridgeback,0.5256635546684265,True,24202,23556,1.0274240108677195,43.556499065676334,0.991058197404144
imagewoof,data/imagewoof2-320/val/n02087394/n02087394_6382.JPEG,n02087394,159,Rhodesian ridgeback,jpeg,70,159,Rhodesian ridgeback,0.4203103482723236,True,18887,18420,1.0253528773072746,44.46955694360999,0.9914426996214147
imagewoof,data/imagewoof2-320/val/n02087394/n02087394_6501.JPEG,n02087394,159,Rhodesian ridgeback,jpeg,70,159,Rhodesian ridgeback,0.10638117045164108,True,24905,24353,1.0226666119163963,41.72720353891112,0.9894601107822579
imagewoof,data/imagewoof2-320/val/n02087394/n02087394_6512.JPEG,n02087394,159,Rhodesian ridgeback,jpeg,70,159,Rhodesian ridgeback,0.5935763716697693,True,29450,28718,1.0254892401977853,42.11586697476801,0.9904323424555298
imagewoof,data/imagewoof2-320/val/n02087394/n02087394_6690.JPEG,n02087394,159,Rhodesian ridgeback,jpeg,70,159,Rhodesian ridgeback,0.17559996247291565,True,18746,18272,1.0259413309982486,42.8363361552017,0.9905714987397648
imagewoof,data/imagewoof2-320/val/n02087394/n02087394_6792.JPEG,n02087394,159,Rhodesian ridgeback,jpeg,70,168,redbone,0.09394233673810959,False,20296,19864,1.021747885622231,44.47720194800589,0.9894397424247784
imagewoof,data/imagewoof2-320/val/n02087394/n02087394_681.JPEG,n02087394,159,Rhodesian ridgeback,jpeg,70,159,Rhodesian ridgeback,0.4904494881629944,True,36105,35011,1.0312473222701437,39.47019404047115,0.9914255024711521
imagewoof,data/imagewoof2-320/val/n02087394/n02087394_6841.JPEG,n02087394,159,Rhodesian ridgeback,jpeg,70,159,Rhodesian ridgeback,0.43759989738464355,True,29212,28416,1.0280123873873874,42.40441416813759,0.9896896961344362
imagewoof,data/imagewoof2-320/val/n02087394/n02087394_7012.JPEG,n02087394,159,Rhodesian ridgeback,jpeg,70,159,Rhodesian ridgeback,0.2784362733364105,True,19656,19049,1.0318651897737414,42.24003283983996,0.9882401194841428
imagewoof,data/imagewoof2-320/val/n02087394/n02087394_7181.JPEG,n02087394,159,Rhodesian ridgeback,jpeg,70,159,Rhodesian ridgeback,0.49076047539711,True,37461,36293,1.0321825145344832,39.59344794724222,0.9904986262252589
imagewoof,data/imagewoof2-320/val/n02087394/n02087394_7182.JPEG,n02087394,159,Rhodesian ridgeback,jpeg,70,168,redbone,0.3261044919490814,False,21964,21503,1.021438868995024,42.52379530655419,0.9908005121453408
imagewoof,data/imagewoof2-320/val/n02087394/n02087394_7192.JPEG,n02087394,159,Rhodesian ridgeback,jpeg,70,159,Rhodesian ridgeback,0.48720166087150574,True,11951,11614,1.0290167039779576,44.89011691055552,0.9903933127262757
imagewoof,data/imagewoof2-320/val/n02087394/n02087394_7222.JPEG,n02087394,159,Rhodesian ridgeback,jpeg,70,159,Rhodesian ridgeback,0.6540542244911194,True,31538,30887,1.0210768284391492,40.61557566649411,0.988790646205374
imagewoof,data/imagewoof2-320/val/n02087394/n02087394_7302.JPEG,n02087394,159,Rhodesian ridgeback,jpeg,70,159,Rhodesian ridgeback,0.6138522624969482,True,49238,47735,1.0314863307845397,37.33998821377223,0.9910164995003868
imagewoof,data/imagewoof2-320/val/n02087394/n02087394_7342.JPEG,n02087394,159,Rhodesian ridgeback,jpeg,70,159,Rhodesian ridgeback,0.3834112286567688,True,40335,39104,1.031480155482815,41.50758253654152,0.9923556157919654
imagewoof,data/imagewoof2-320/val/n02087394/n02087394_740.JPEG,n02087394,159,Rhodesian ridgeback,jpeg,70,246,Great Dane,0.1894988864660263,False,21385,20778,1.0292135912984888,43.25324747204861,0.9919281703948934
imagewoof,data/imagewoof2-320/val/n02087394/n02087394_7471.JPEG,n02087394,159,Rhodesian ridgeback,jpeg,70,159,Rhodesian ridgeback,0.29715126752853394,True,52690,50902,1.0351263211661623,36.3047163754893,0.991983824042995
imagewoof,data/imagewoof2-320/val/n02087394/n02087394_7480.JPEG,n02087394,159,Rhodesian ridgeback,jpeg,70,168,redbone,0.32713305950164795,False,28409,27639,1.0278591844856906,41.679741962913226,0.9906382046303643
imagewoof,data/imagewoof2-320/val/n02087394/n02087394_7491.JPEG,n02087394,159,Rhodesian ridgeback,jpeg,70,159,Rhodesian ridgeback,0.20725248754024506,True,37810,36408,1.0385080202153374,37.42909920789856,0.9862160849653137
imagewoof,data/imagewoof2-320/val/n02087394/n02087394_7532.JPEG,n02087394,159,Rhodesian ridgeback,jpeg,70,211,vizsla,0.29234033823013306,False,14926,14493,1.0298764920996344,45.49572555251133,0.9908705965566765
imagewoof,data/imagewoof2-320/val/n02087394/n02087394_760.JPEG,n02087394,159,Rhodesian ridgeback,jpeg,70,159,Rhodesian ridgeback,0.23019136488437653,True,48959,47510,1.0304988423489791,35.95626409691335,0.9905941331576119
imagewoof,data/imagewoof2-320/val/n02087394/n02087394_7612.JPEG,n02087394,159,Rhodesian ridgeback,jpeg,70,159,Rhodesian ridgeback,0.07456666976213455,True,33511,32545,1.0296819787985865,40.03112522953204,0.9903056539788739
imagewoof,data/imagewoof2-320/val/n02087394/n02087394_7711.JPEG,n02087394,159,Rhodesian ridgeback,jpeg,70,159,Rhodesian ridgeback,0.5211489796638489,True,26483,25638,1.0329588891489196,40.193164936884514,0.9899263260980554
imagewoof,data/imagewoof2-320/val/n02087394/n02087394_7771.JPEG,n02087394,159,Rhodesian ridgeback,jpeg,70,159,Rhodesian ridgeback,0.5161536335945129,True,24580,23685,1.0377876293012456,40.02970314069149,0.9907844865753935
imagewoof,data/imagewoof2-320/val/n02087394/n02087394_7780.JPEG,n02087394,159,Rhodesian ridgeback,jpeg,70,159,Rhodesian ridgeback,0.1300407499074936,True,26071,25242,1.0328420885825211,40.3139423624537,0.9911335256621832
imagewoof,data/imagewoof2-320/val/n02087394/n02087394_7801.JPEG,n02087394,159,Rhodesian ridgeback,jpeg,70,159,Rhodesian ridgeback,0.5727131366729736,True,39796,38654,1.0295441610182645,39.37982530817108,0.9910401799238593
imagewoof,data/imagewoof2-320/val/n02087394/n02087394_7841.JPEG,n02087394,159,Rhodesian ridgeback,jpeg,70,243,bull mastiff,0.11443781852722168,False,19715,19153,1.029342661724012,43.16249676722275,0.9867524044328105
imagewoof,data/imagewoof2-320/val/n02087394/n02087394_7952.JPEG,n02087394,159,Rhodesian ridgeback,jpeg,70,159,Rhodesian ridgeback,0.3392687737941742,True,25873,25125,1.029771144278607,42.20802200581973,0.9910428337624156
imagewoof,data/imagewoof2-320/val/n02087394/n02087394_7962.JPEG,n02087394,159,Rhodesian ridgeback,jpeg,70,159,Rhodesian ridgeback,0.31548911333084106,True,23095,22487,1.027037844087695,42.536491379804644,0.9915500524379355
imagewoof,data/imagewoof2-320/val/n02087394/n02087394_8081.JPEG,n02087394,159,Rhodesian ridgeback,jpeg,70,159,Rhodesian ridgeback,0.25466710329055786,True,35857,34718,1.0328071893542254,38.88585074047987,0.9902620709952772
imagewoof,data/imagewoof2-320/val/n02087394/n02087394_8122.JPEG,n02087394,159,Rhodesian ridgeback,jpeg,70,159,Rhodesian ridgeback,0.4232179522514343,True,52524,50682,1.0363442642358234,36.21732469886219,0.9920549935297335
imagewoof,data/imagewoof2-320/val/n02087394/n02087394_8152.JPEG,n02087394,159,Rhodesian ridgeback,jpeg,70,159,Rhodesian ridgeback,0.3321586549282074,True,24338,23619,1.0304415936322453,43.40028164933662,0.9912527486362404
imagewoof,data/imagewoof2-320/val/n02087394/n02087394_8202.JPEG,n02087394,159,Rhodesian ridgeback,jpeg,70,173,Ibizan hound,0.07324843108654022,False,26654,25889,1.0295492294024489,40.86983247486488,0.9905979777383149
imagewoof,data/imagewoof2-320/val/n02087394/n02087394_8260.JPEG,n02087394,159,Rhodesian ridgeback,jpeg,70,159,Rhodesian ridgeback,0.5718970894813538,True,22228,21675,1.025513264129181,42.7415302173198,0.990888496349624
imagewoof,data/imagewoof2-320/val/n02087394/n02087394_831.JPEG,n02087394,159,Rhodesian ridgeback,jpeg,70,211,vizsla,0.175614133477211,False,29064,28217,1.0300173654180105,42.04651335681718,0.9918647159089827
imagewoof,data/imagewoof2-320/val/n02087394/n02087394_8310.JPEG,n02087394,159,Rhodesian ridgeback,jpeg,70,159,Rhodesian ridgeback,0.10531485825777054,True,19713,19080,1.0331761006289308,44.34839633520689,0.9915208345163836
imagewoof,data/imagewoof2-320/val/n02087394/n02087394_8330.JPEG,n02087394,159,Rhodesian ridgeback,jpeg,70,159,Rhodesian ridgeback,0.33557048439979553,True,37721,36587,1.0309946155738376,37.6643372418884,0.9913903618025506
imagewoof,data/imagewoof2-320/val/n02087394/n02087394_8521.JPEG,n02087394,159,Rhodesian ridgeback,jpeg,70,159,Rhodesian ridgeback,0.4632742702960968,True,18641,18116,1.0289799072642967,41.19514273733509,0.9893247654325474
imagewoof,data/imagewoof2-320/val/n02087394/n02087394_8532.JPEG,n02087394,159,Rhodesian ridgeback,jpeg,70,159,Rhodesian ridgeback,0.4579985439777374,True,18040,17564,1.027100888180369,44.01415709640369,0.9913275792300368
imagewoof,data/imagewoof2-320/val/n02087394/n02087394_8560.JPEG,n02087394,159,Rhodesian ridgeback,jpeg,70,159,Rhodesian ridgeback,0.46036723256111145,True,27921,27123,1.0294215241676805,41.726461187751866,0.9905483409343709
imagewoof,data/imagewoof2-320/val/n02087394/n02087394_8570.JPEG,n02087394,159,Rhodesian ridgeback,jpeg,70,159,Rhodesian ridgeback,0.3146425783634186,True,27997,27141,1.0315390000368447,42.288875437241856,0.9928871850100558
imagewoof,data/imagewoof2-320/val/n02087394/n02087394_8591.JPEG,n02087394,159,Rhodesian ridgeback,jpeg,70,159,Rhodesian ridgeback,0.643022894859314,True,36940,35956,1.0273667816219825,39.941483253671876,0.9911011880858775
imagewoof,data/imagewoof2-320/val/n02087394/n02087394_8630.JPEG,n02087394,159,Rhodesian ridgeback,jpeg,70,159,Rhodesian ridgeback,0.45530372858047485,True,17629,17125,1.0294306569343066,43.836241530797906,0.9874854656476243
imagewoof,data/imagewoof2-320/val/n02087394/n02087394_8730.JPEG,n02087394,159,Rhodesian ridgeback,jpeg,70,159,Rhodesian ridgeback,0.5229442119598389,True,26172,25572,1.02346316283435,42.84932004466431,0.9920673638569303
imagewoof,data/imagewoof2-320/val/n02087394/n02087394_8740.JPEG,n02087394,159,Rhodesian ridgeback,jpeg,70,159,Rhodesian ridgeback,0.39087560772895813,True,24577,23975,1.0251094890510948,43.30728522209188,0.9922800244988351
imagewoof,data/imagewoof2-320/val/n02087394/n02087394_8742.JPEG,n02087394,159,Rhodesian ridgeback,jpeg,70,159,Rhodesian ridgeback,0.36330634355545044,True,25100,24278,1.0338578136584562,40.476671683514994,0.9886695021738346
imagewoof,data/imagewoof2-320/val/n02087394/n02087394_8780.JPEG,n02087394,159,Rhodesian ridgeback,jpeg,70,159,Rhodesian ridgeback,0.20664185285568237,True,18066,17659,1.0230477376974914,42.343344823016565,0.9886726336223454
imagewoof,data/imagewoof2-320/val/n02087394/n02087394_8782.JPEG,n02087394,159,Rhodesian ridgeback,jpeg,70,159,Rhodesian ridgeback,0.6419065594673157,True,29721,28896,1.0285506644518272,41.41715246704969,0.9892338082244314
imagewoof,data/imagewoof2-320/val/n02087394/n02087394_8851.JPEG,n02087394,159,Rhodesian ridgeback,jpeg,70,159,Rhodesian ridgeback,0.524120569229126,True,11670,11371,1.0262949608653593,46.676225409660674,0.9944509528104651
imagewoof,data/imagewoof2-320/val/n02087394/n02087394_8852.JPEG,n02087394,159,Rhodesian ridgeback,jpeg,70,211,vizsla,0.31734272837638855,False,44641,43089,1.036018473392281,38.15857333498509,0.9931944437469037
imagewoof,data/imagewoof2-320/val/n02087394/n02087394_8912.JPEG,n02087394,159,Rhodesian ridgeback,jpeg,70,159,Rhodesian ridgeback,0.5356553196907043,True,44868,43264,1.0370747041420119,35.97244878764379,0.9908602371380324
imagewoof,data/imagewoof2-320/val/n02087394/n02087394_8962.JPEG,n02087394,159,Rhodesian ridgeback,jpeg,70,159,Rhodesian ridgeback,0.26341959834098816,True,20061,19433,1.0323161632274995,43.46405573853319,0.9924819568179891
imagewoof,data/imagewoof2-320/val/n02087394/n02087394_9040.JPEG,n02087394,159,Rhodesian ridgeback,jpeg,70,159,Rhodesian ridgeback,0.3344859480857849,True,26217,25361,1.0337526122786955,41.72356362525727,0.9878459222076551
imagewoof,data/imagewoof2-320/val/n02087394/n02087394_9061.JPEG,n02087394,159,Rhodesian ridgeback,jpeg,70,159,Rhodesian ridgeback,0.6036394834518433,True,39299,38214,1.0283927356466216,38.093926227820546,0.9908732262831615
imagewoof,data/imagewoof2-320/val/n02087394/n02087394_9140.JPEG,n02087394,159,Rhodesian ridgeback,jpeg,70,159,Rhodesian ridgeback,0.43530306220054626,True,25374,24683,1.0279949762994773,42.4104418510192,0.9905782190912111
imagewoof,data/imagewoof2-320/val/n02087394/n02087394_9142.JPEG,n02087394,159,Rhodesian ridgeback,jpeg,70,159,Rhodesian ridgeback,0.5475883483886719,True,18248,17788,1.0258601304250057,44.187904860530836,0.9866427750042575
imagewoof,data/imagewoof2-320/val/n02087394/n02087394_9261.JPEG,n02087394,159,Rhodesian ridgeback,jpeg,70,159,Rhodesian ridgeback,0.5316178798675537,True,23954,23238,1.0308116016868922,44.692552243189816,0.993427405957839
imagewoof,data/imagewoof2-320/val/n02087394/n02087394_9270.JPEG,n02087394,159,Rhodesian ridgeback,jpeg,70,159,Rhodesian ridgeback,0.3142123818397522,True,25192,24472,1.029421379535796,42.38390335345689,0.9900458256671758
imagewoof,data/imagewoof2-320/val/n02087394/n02087394_9272.JPEG,n02087394,159,Rhodesian ridgeback,jpeg,70,225,malinois,0.20454369485378265,False,44146,42828,1.0307742598300178,38.09361513157662,0.9922586601131248
imagewoof,data/imagewoof2-320/val/n02087394/n02087394_9310.JPEG,n02087394,159,Rhodesian ridgeback,jpeg,70,159,Rhodesian ridgeback,0.5538378953933716,True,27128,26243,1.033723278588576,41.70866377919672,0.993390687788561
imagewoof,data/imagewoof2-320/val/n02087394/n02087394_9331.JPEG,n02087394,159,Rhodesian ridgeback,jpeg,70,159,Rhodesian ridgeback,0.4570128619670868,True,38940,37445,1.03992522366137,35.38327042608912,0.984457000996831
imagewoof,data/imagewoof2-320/val/n02087394/n02087394_9350.JPEG,n02087394,159,Rhodesian ridgeback,jpeg,70,159,Rhodesian ridgeback,0.4198063015937805,True,35453,34364,1.0316901408450705,38.308380973522766,0.9929531928360494
imagewoof,data/imagewoof2-320/val/n02087394/n02087394_9352.JPEG,n02087394,159,Rhodesian ridgeback,jpeg,70,159,Rhodesian ridgeback,0.2633928656578064,True,19957,19472,1.0249075595727197,45.07001170912905,0.9917950382792943
imagewoof,data/imagewoof2-320/val/n02087394/n02087394_9360.JPEG,n02087394,159,Rhodesian ridgeback,jpeg,70,159,Rhodesian ridgeback,0.4954555928707123,True,16753,16293,1.0282329834898423,45.09716471400495,0.9921277959528462
imagewoof,data/imagewoof2-320/val/n02087394/n02087394_9361.JPEG,n02087394,159,Rhodesian ridgeback,jpeg,70,159,Rhodesian ridgeback,0.3583606779575348,True,13285,12898,1.0300046518840131,45.30871281511427,0.9903880376550741
imagewoof,data/imagewoof2-320/val/n02087394/n02087394_9410.JPEG,n02087394,159,Rhodesian ridgeback,jpeg,70,159,Rhodesian ridgeback,0.27258622646331787,True,43198,41837,1.032531013217965,38.77533407761269,0.991783684879616
imagewoof,data/imagewoof2-320/val/n02087394/n02087394_9462.JPEG,n02087394,159,Rhodesian ridgeback,jpeg,70,159,Rhodesian ridgeback,0.5115401744842529,True,30802,30037,1.0254685887405532,40.696661436818864,0.9897042693721522
imagewoof,data/imagewoof2-320/val/n02087394/n02087394_9510.JPEG,n02087394,159,Rhodesian ridgeback,jpeg,70,159,Rhodesian ridgeback,0.4771213233470917,True,37718,36332,1.0381481889243642,37.838062593465146,0.9860035004598692
imagewoof,data/imagewoof2-320/val/n02087394/n02087394_9511.JPEG,n02087394,159,Rhodesian ridgeback,jpeg,70,159,Rhodesian ridgeback,0.37508633732795715,True,29667,28904,1.0263977304179353,41.22210574686696,0.9925997030059716
imagewoof,data/imagewoof2-320/val/n02087394/n02087394_9520.JPEG,n02087394,159,Rhodesian ridgeback,jpeg,70,159,Rhodesian ridgeback,0.3541656732559204,True,17480,17013,1.0274495973667195,45.18600632295727,0.9914970452226178
imagewoof,data/imagewoof2-320/val/n02087394/n02087394_9690.JPEG,n02087394,159,Rhodesian ridgeback,jpeg,70,159,Rhodesian ridgeback,0.2445809692144394,True,21571,20797,1.0372169062845602,41.103922502815855,0.9881722417083089
imagewoof,data/imagewoof2-320/val/n02087394/n02087394_9691.JPEG,n02087394,159,Rhodesian ridgeback,jpeg,70,159,Rhodesian ridgeback,0.6369619369506836,True,24829,24151,1.028073371703035,42.99223732914051,0.9902051668886432
imagewoof,data/imagewoof2-320/val/n02087394/n02087394_9712.JPEG,n02087394,159,Rhodesian ridgeback,jpeg,70,159,Rhodesian ridgeback,0.22302062809467316,True,39090,37785,1.0345375148868599,38.99881319551076,0.9924939732013865
imagewoof,data/imagewoof2-320/val/n02087394/n02087394_9790.JPEG,n02087394,159,Rhodesian ridgeback,jpeg,70,159,Rhodesian ridgeback,0.3188713788986206,True,15563,15163,1.0263800039570006,44.69637403190384,0.9937205672597681
imagewoof,data/imagewoof2-320/val/n02087394/n02087394_9841.JPEG,n02087394,159,Rhodesian ridgeback,jpeg,70,159,Rhodesian ridgeback,0.22812455892562866,True,32841,31992,1.0265378844711177,40.67944041270039,0.9894921071812209
imagewoof,data/imagewoof2-320/val/n02087394/n02087394_9860.JPEG,n02087394,159,Rhodesian ridgeback,jpeg,70,159,Rhodesian ridgeback,0.28479063510894775,True,20812,20254,1.0275501135578158,42.31312389184779,0.9905960105737005
imagewoof,data/imagewoof2-320/val/n02087394/n02087394_9891.JPEG,n02087394,159,Rhodesian ridgeback,jpeg,70,159,Rhodesian ridgeback,0.40395015478134155,True,21464,20847,1.0295965846404758,42.76156687521335,0.9938027118728959
imagewoof,data/imagewoof2-320/val/n02087394/n02087394_9922.JPEG,n02087394,159,Rhodesian ridgeback,jpeg,70,159,Rhodesian ridgeback,0.40273386240005493,True,34773,33800,1.0287869822485207,41.111183247059245,0.9921762430058957
imagewoof,data/imagewoof2-320/val/n02087394/n02087394_9990.JPEG,n02087394,159,Rhodesian ridgeback,jpeg,70,168,redbone,0.19532370567321777,False,9341,9134,1.0226625793737683,47.92574826891148,0.9926984898562304
imagewoof,data/imagewoof2-320/val/n02088364/ILSVRC2012_val_00005291.JPEG,n02088364,162,beagle,jpeg,70,162,beagle,0.25094541907310486,True,30040,29290,1.0256060088767498,39.79061391221499,0.9914420464144339
imagewoof,data/imagewoof2-320/val/n02088364/ILSVRC2012_val_00005922.JPEG,n02088364,162,beagle,jpeg,70,162,beagle,0.434887558221817,True,29317,28628,1.0240673466536259,41.94859060343706,0.9907823520344804
imagewoof,data/imagewoof2-320/val/n02088364/ILSVRC2012_val_00009542.JPEG,n02088364,162,beagle,jpeg,70,162,beagle,0.26692020893096924,True,10653,10427,1.021674498897094,47.74487676370405,0.9927311964196517
imagewoof,data/imagewoof2-320/val/n02088364/ILSVRC2012_val_00010420.JPEG,n02088364,162,beagle,jpeg,70,162,beagle,0.6200320720672607,True,20963,20384,1.0284046310832025,44.175248012273165,0.9919285606809535
imagewoof,data/imagewoof2-320/val/n02088364/ILSVRC2012_val_00013381.JPEG,n02088364,162,beagle,jpeg,70,166,Walker hound,0.1984257996082306,False,19864,19277,1.030450796285729,42.995785155831435,0.9885920559661932
imagewoof,data/imagewoof2-320/val/n02088364/ILSVRC2012_val_00018480.JPEG,n02088364,162,beagle,jpeg,70,162,beagle,0.3214974105358124,True,33289,32199,1.033851982980838,40.34332705096763,0.9923575466262579
imagewoof,data/imagewoof2-320/val/n02088364/ILSVRC2012_val_00020762.JPEG,n02088364,162,beagle,jpeg,70,162,beagle,0.2960987091064453,True,22729,22054,1.0306066926634625,42.65657715256475,0.992148125431389
imagewoof,data/imagewoof2-320/val/n02088364/ILSVRC2012_val_00028001.JPEG,n02088364,162,beagle,jpeg,70,167,English foxhound,0.16830618679523468,False,23960,22988,1.042282930224465,38.30454076098908,0.9874239761233167
imagewoof,data/imagewoof2-320/val/n02088364/ILSVRC2012_val_00028602.JPEG,n02088364,162,beagle,jpeg,70,162,beagle,0.362427294254303,True,20962,20449,1.0250868013105776,43.12592531525192,0.9912462110016049
imagewoof,data/imagewoof2-320/val/n02088364/ILSVRC2012_val_00029932.JPEG,n02088364,162,beagle,jpeg,70,162,beagle,0.5446093678474426,True,29000,28170,1.0294639687610934,38.58592462274957,0.9913287953036306
imagewoof,data/imagewoof2-320/val/n02088364/ILSVRC2012_val_00031220.JPEG,n02088364,162,beagle,jpeg,70,162,beagle,0.3293989598751068,True,27101,26294,1.0306914124895414,41.61369202593711,0.99141497651784
imagewoof,data/imagewoof2-320/val/n02088364/ILSVRC2012_val_00034041.JPEG,n02088364,162,beagle,jpeg,70,162,beagle,0.11862995475530624,True,18147,17643,1.0285665703111715,43.569177050823114,0.9923842739262723
imagewoof,data/imagewoof2-320/val/n02088364/ILSVRC2012_val_00035320.JPEG,n02088364,162,beagle,jpeg,70,162,beagle,0.3126904368400574,True,10748,10553,1.0184781578698001,47.891628558259036,0.9921533491923699
imagewoof,data/imagewoof2-320/val/n02088364/ILSVRC2012_val_00036340.JPEG,n02088364,162,beagle,jpeg,70,162,beagle,0.3177032172679901,True,24062,23477,1.0249180048558164,43.22485579709354,0.9920740611021209
imagewoof,data/imagewoof2-320/val/n02088364/ILSVRC2012_val_00042531.JPEG,n02088364,162,beagle,jpeg,70,162,beagle,0.2853812575340271,True,27625,26716,1.034024554574038,41.69988172406235,0.9912968495383309
imagewoof,data/imagewoof2-320/val/n02088364/n02088364_10001.JPEG,n02088364,162,beagle,jpeg,70,162,beagle,0.3698551058769226,True,39229,37986,1.032722582003896,38.63362944097755,0.9922298816297882
imagewoof,data/imagewoof2-320/val/n02088364/n02088364_10012.JPEG,n02088364,162,beagle,jpeg,70,162,beagle,0.15866659581661224,True,15914,15471,1.0286342188610949,42.67907909508998,0.988797184462288
imagewoof,data/imagewoof2-320/val/n02088364/n02088364_10091.JPEG,n02088364,162,beagle,jpeg,70,162,beagle,0.40600353479385376,True,22127,21724,1.0185509114343583,43.302806308821005,0.9905705947917527
imagewoof,data/imagewoof2-320/val/n02088364/n02088364_1022.JPEG,n02088364,162,beagle,jpeg,70,162,beagle,0.2559514045715332,True,16429,15935,1.0310009413241292,44.395350705515774,0.9879428376956899
imagewoof,data/imagewoof2-320/val/n02088364/n02088364_10220.JPEG,n02088364,162,beagle,jpeg,70,162,beagle,0.4131828546524048,True,17480,17064,1.0243788091889359,45.37229409851622,0.9917499716406163
imagewoof,data/imagewoof2-320/val/n02088364/n02088364_10222.JPEG,n02088364,162,beagle,jpeg,70,162,beagle,0.2566315829753876,True,44612,43137,1.0341933838699955,36.60096772615127,0.9916686033009029
imagewoof,data/imagewoof2-320/val/n02088364/n02088364_10281.JPEG,n02088364,162,beagle,jpeg,70,162,beagle,0.25149062275886536,True,20589,20096,1.02453224522293,43.748691424226145,0.991357016549058
imagewoof,data/imagewoof2-320/val/n02088364/n02088364_10362.JPEG,n02088364,162,beagle,jpeg,70,167,English foxhound,0.31165143847465515,False,40138,38641,1.0387412334049326,39.8978947077089,0.9907533375908059
imagewoof,data/imagewoof2-320/val/n02088364/n02088364_10370.JPEG,n02088364,162,beagle,jpeg,70,166,Walker hound,0.3732001483440399,False,11902,11606,1.025504049629502,45.70432904016998,0.9920828144179185
imagewoof,data/imagewoof2-320/val/n02088364/n02088364_1041.JPEG,n02088364,162,beagle,jpeg,70,162,beagle,0.4714158773422241,True,49917,48289,1.033713682205057,35.232613513410314,0.9911847811487812
imagewoof,data/imagewoof2-320/val/n02088364/n02088364_10580.JPEG,n02088364,162,beagle,jpeg,70,162,beagle,0.21440336108207703,True,24813,24180,1.0261786600496279,42.21148001874074,0.990414685801269
imagewoof,data/imagewoof2-320/val/n02088364/n02088364_10592.JPEG,n02088364,162,beagle,jpeg,70,162,beagle,0.4321853518486023,True,10942,10672,1.0252998500749626,46.76396944121293,0.9950572001867698
imagewoof,data/imagewoof2-320/val/n02088364/n02088364_10641.JPEG,n02088364,162,beagle,jpeg,70,162,beagle,0.4810236990451813,True,17646,17169,1.0277826314869825,44.56363133404196,0.9923029933062851
imagewoof,data/imagewoof2-320/val/n02088364/n02088364_10642.JPEG,n02088364,162,beagle,jpeg,70,162,beagle,0.25810864567756653,True,11753,11499,1.0220888772936778,47.029308001311705,0.9913899906830373
imagewoof,data/imagewoof2-320/val/n02088364/n02088364_10651.JPEG,n02088364,162,beagle,jpeg,70,162,beagle,0.34752848744392395,True,21753,21099,1.0309967297028295,43.809306796910256,0.9919991988902085
imagewoof,data/imagewoof2-320/val/n02088364/n02088364_10731.JPEG,n02088364,162,beagle,jpeg,70,162,beagle,0.25523465871810913,True,18121,17586,1.030421926532469,43.88798766759529,0.9837282756776932
imagewoof,data/imagewoof2-320/val/n02088364/n02088364_10740.JPEG,n02088364,162,beagle,jpeg,70,162,beagle,0.2531099021434784,True,27756,26850,1.0337430167597765,41.70588603346083,0.991732876163186
imagewoof,data/imagewoof2-320/val/n02088364/n02088364_10950.JPEG,n02088364,162,beagle,jpeg,70,162,beagle,0.3588865399360657,True,31584,30746,1.0272555779613608,40.7696395257756,0.9911944559832314
imagewoof,data/imagewoof2-320/val/n02088364/n02088364_10970.JPEG,n02088364,162,beagle,jpeg,70,162,beagle,0.3500273823738098,True,18562,18081,1.0266025109230683,45.23145420729528,0.9928814557529403
imagewoof,data/imagewoof2-320/val/n02088364/n02088364_10971.JPEG,n02088364,162,beagle,jpeg,70,162,beagle,0.4147160053253174,True,21439,20914,1.0251028019508464,43.101271937816804,0.9924489784486358
imagewoof,data/imagewoof2-320/val/n02088364/n02088364_11040.JPEG,n02088364,162,beagle,jpeg,70,162,beagle,0.234904944896698,True,20044,19532,1.0262133934056932,44.438709478087894,0.9914327357404078
imagewoof,data/imagewoof2-320/val/n02088364/n02088364_11130.JPEG,n02088364,162,beagle,jpeg,70,162,beagle,0.37844961881637573,True,37907,36792,1.0303055011959121,38.99470916925163,0.9903286681129654
imagewoof,data/imagewoof2-320/val/n02088364/n02088364_11231.JPEG,n02088364,162,beagle,jpeg,70,166,Walker hound,0.21235264837741852,False,31032,30174,1.0284350765559753,40.427623515398246,0.989692447656607
imagewoof,data/imagewoof2-320/val/n02088364/n02088364_11251.JPEG,n02088364,162,beagle,jpeg,70,162,beagle,0.3835616111755371,True,23076,22591,1.0214687264839981,43.646373782100284,0.9907991569566578
imagewoof,data/imagewoof2-320/val/n02088364/n02088364_11260.JPEG,n02088364,162,beagle,jpeg,70,162,beagle,0.39227211475372314,True,40484,39031,1.0372268197074122,38.0128189086069,0.9921111847817589
imagewoof,data/imagewoof2-320/val/n02088364/n02088364_11262.JPEG,n02088364,162,beagle,jpeg,70,162,beagle,0.6395086050033569,True,28718,27817,1.0323902649458965,41.050282027418476,0.9903053992594089
imagewoof,data/imagewoof2-320/val/n02088364/n02088364_11270.JPEG,n02088364,162,beagle,jpeg,70,166,Walker hound,0.235172301530838,False,17015,16557,1.0276620160657124,44.50818130071697,0.9916648171725958
imagewoof,data/imagewoof2-320/val/n02088364/n02088364_11321.JPEG,n02088364,162,beagle,jpeg,70,162,beagle,0.39831265807151794,True,40838,39587,1.0316012832495516,38.07789071457223,0.9914976965239654
imagewoof,data/imagewoof2-320/val/n02088364/n02088364_11342.JPEG,n02088364,162,beagle,jpeg,70,161,basset,0.08171270787715912,False,23821,23095,1.031435375622429,40.6357297254517,0.990444480798538
imagewoof,data/imagewoof2-320/val/n02088364/n02088364_11391.JPEG,n02088364,162,beagle,jpeg,70,162,beagle,0.23058752715587616,True,20807,20266,1.0266949570709563,44.115004215509835,0.9911642676131386
imagewoof,data/imagewoof2-320/val/n02088364/n02088364_11530.JPEG,n02088364,162,beagle,jpeg,70,162,beagle,0.37212812900543213,True,34908,33651,1.0373540162253723,39.88580092823058,0.9926549979105991
imagewoof,data/imagewoof2-320/val/n02088364/n02088364_11531.JPEG,n02088364,162,beagle,jpeg,70,162,beagle,0.42314839363098145,True,24374,23582,1.0335849376643202,42.090998405106966,0.9903225099575019
imagewoof,data/imagewoof2-320/val/n02088364/n02088364_11590.JPEG,n02088364,162,beagle,jpeg,70,162,beagle,0.5456374883651733,True,25685,25024,1.026414641943734,41.97409333885186,0.9913151290688571
imagewoof,data/imagewoof2-320/val/n02088364/n02088364_1160.JPEG,n02088364,162,beagle,jpeg,70,162,beagle,0.05601626634597778,True,29862,28971,1.0307548928238583,40.62684173583843,0.9919341282801203
imagewoof,data/imagewoof2-320/val/n02088364/n02088364_1162.JPEG,n02088364,162,beagle,jpeg,70,161,basset,0.18347139656543732,False,22365,21921,1.0202545504310934,43.976351107071,0.9913704982370618
imagewoof,data/imagewoof2-320/val/n02088364/n02088364_11691.JPEG,n02088364,162,beagle,jpeg,70,166,Walker hound,0.18022865056991577,False,33256,32333,1.0285466860483097,40.36037782759125,0.9910805984892548
imagewoof,data/imagewoof2-320/val/n02088364/n02088364_11711.JPEG,n02088364,162,beagle,jpeg,70,166,Walker hound,0.18234875798225403,False,8565,8347,1.0261171678447347,47.83022509874439,0.9692341904776619
imagewoof,data/imagewoof2-320/val/n02088364/n02088364_11811.JPEG,n02088364,162,beagle,jpeg,70,162,beagle,0.18215233087539673,True,20613,19990,1.0311655827913957,43.63231437492283,0.9906577790918458
imagewoof,data/imagewoof2-320/val/n02088364/n02088364_11812.JPEG,n02088364,162,beagle,jpeg,70,162,beagle,0.43903517723083496,True,18246,17777,1.026382404230185,44.85628484694831,0.9906758378358673
imagewoof,data/imagewoof2-320/val/n02088364/n02088364_11831.JPEG,n02088364,162,beagle,jpeg,70,162,beagle,0.5492839813232422,True,16367,15928,1.027561526870919,43.65451009097782,0.9924801848608825
imagewoof,data/imagewoof2-320/val/n02088364/n02088364_11851.JPEG,n02088364,162,beagle,jpeg,70,162,beagle,0.5340802669525146,True,26227,25614,1.0239322245646911,42.70170777314988,0.9895898249013486
imagewoof,data/imagewoof2-320/val/n02088364/n02088364_11860.JPEG,n02088364,162,beagle,jpeg,70,162,beagle,0.40913620591163635,True,19973,19367,1.0312903392368462,43.251713558674645,0.9892423152174658
imagewoof,data/imagewoof2-320/val/n02088364/n02088364_11910.JPEG,n02088364,162,beagle,jpeg,70,166,Walker hound,0.1843675971031189,False,15912,15433,1.0310373874165748,44.28966786289722,0.9842292450349635
imagewoof,data/imagewoof2-320/val/n02088364/n02088364_11930.JPEG,n02088364,162,beagle,jpeg,70,162,beagle,0.40110349655151367,True,14298,14061,1.0168551312139962,46.40236547836696,0.9937935265725173
imagewoof,data/imagewoof2-320/val/n02088364/n02088364_11961.JPEG,n02088364,162,beagle,jpeg,70,162,beagle,0.10340356081724167,True,35393,34413,1.0284776102054456,39.56724775084056,0.9909610081673618
imagewoof,data/imagewoof2-320/val/n02088364/n02088364_12010.JPEG,n02088364,162,beagle,jpeg,70,162,beagle,0.23989826440811157,True,30087,29146,1.032285733891443,39.89549147386068,0.9906271697584511
imagewoof,data/imagewoof2-320/val/n02088364/n02088364_12011.JPEG,n02088364,162,beagle,jpeg,70,162,beagle,0.2521296739578247,True,21757,21077,1.0322626559757082,43.946794523650816,0.9936788229834335
imagewoof,data/imagewoof2-320/val/n02088364/n02088364_12052.JPEG,n02088364,162,beagle,jpeg,70,162,beagle,0.3880104422569275,True,37509,36499,1.0276719910134524,39.27481190483499,0.9908262937298614
imagewoof,data/imagewoof2-320/val/n02088364/n02088364_12102.JPEG,n02088364,162,beagle,jpeg,70,166,Walker hound,0.3404812812805176,False,35049,34123,1.0271371215895437,39.553845940147035,0.9901567010031235
imagewoof,data/imagewoof2-320/val/n02088364/n02088364_12112.JPEG,n02088364,162,beagle,jpeg,70,261,keeshond,0.18553999066352844,False,24039,23331,1.0303458917320303,41.29528023432109,0.9914340403634879
imagewoof,data/imagewoof2-320/val/n02088364/n02088364_12121.JPEG,n02088364,162,beagle,jpeg,70,162,beagle,0.32826390862464905,True,27184,26528,1.0247285886610373,42.047292439898925,0.9909208035937982
imagewoof,data/imagewoof2-320/val/n02088364/n02088364_12131.JPEG,n02088364,162,beagle,jpeg,70,162,beagle,0.12435144186019897,True,17799,17347,1.026056378624546,44.77874359725525,0.9905864489068074
imagewoof,data/imagewoof2-320/val/n02088364/n02088364_12141.JPEG,n02088364,162,beagle,jpeg,70,162,beagle,0.37104111909866333,True,11708,11482,1.0196829820588749,47.02888775580166,0.9936654192592794
imagewoof,data/imagewoof2-320/val/n02088364/n02088364_12171.JPEG,n02088364,162,beagle,jpeg,70,162,beagle,0.26038509607315063,True,14020,13520,1.03698224852071,43.45213439629835,0.9931892199702648
imagewoof,data/imagewoof2-320/val/n02088364/n02088364_12272.JPEG,n02088364,162,beagle,jpeg,70,162,beagle,0.40510988235473633,True,22905,22266,1.028698464025869,43.74092237053148,0.9920261160597064
imagewoof,data/imagewoof2-320/val/n02088364/n02088364_12291.JPEG,n02088364,162,beagle,jpeg,70,162,beagle,0.3062979280948639,True,34056,33120,1.0282608695652173,39.670362456702456,0.9908350454319107
imagewoof,data/imagewoof2-320/val/n02088364/n02088364_12322.JPEG,n02088364,162,beagle,jpeg,70,162,beagle,0.19403709471225739,True,23446,22748,1.0306840161772464,42.52361155063659,0.9919938061278916
imagewoof,data/imagewoof2-320/val/n02088364/n02088364_12351.JPEG,n02088364,162,beagle,jpeg,70,162,beagle,0.2170579433441162,True,20803,20219,1.0288837232306247,43.391131915866985,0.9886855658402864
imagewoof,data/imagewoof2-320/val/n02088364/n02088364_12372.JPEG,n02088364,162,beagle,jpeg,70,162,beagle,0.11154398322105408,True,25588,24833,1.0304030926589618,42.36620775828533,0.9901021313917827
imagewoof,data/imagewoof2-320/val/n02088364/n02088364_12440.JPEG,n02088364,162,beagle,jpeg,70,162,beagle,0.22789306938648224,True,17189,16790,1.023764145324598,45.394441963610404,0.9918780802389469
imagewoof,data/imagewoof2-320/val/n02088364/n02088364_12481.JPEG,n02088364,162,beagle,jpeg,70,162,beagle,0.5348103046417236,True,36388,35350,1.0293635077793493,37.35422760238619,0.9909026075892391
imagewoof,data/imagewoof2-320/val/n02088364/n02088364_12700.JPEG,n02088364,162,beagle,jpeg,70,162,beagle,0.6366428732872009,True,41319,40161,1.028833943377904,37.81483552727745,0.9908156325352352
imagewoof,data/imagewoof2-320/val/n02088364/n02088364_12710.JPEG,n02088364,162,beagle,jpeg,70,162,beagle,0.4600721001625061,True,19338,18868,1.0249099003603985,44.50341619157911,0.9916962944872107
imagewoof,data/imagewoof2-320/val/n02088364/n02088364_12722.JPEG,n02088364,162,beagle,jpeg,70,162,beagle,0.5783622860908508,True,16766,16402,1.0221924155590782,46.10594868573516,0.9917532428856287
imagewoof,data/imagewoof2-320/val/n02088364/n02088364_12730.JPEG,n02088364,162,beagle,jpeg,70,162,beagle,0.2521730959415436,True,15679,15300,1.0247712418300654,45.96839983317683,0.9928476525805777
imagewoof,data/imagewoof2-320/val/n02088364/n02088364_12802.JPEG,n02088364,162,beagle,jpeg,70,162,beagle,0.29371702671051025,True,37637,36630,1.0274911274911276,38.35591006345918,0.9886704550571931
imagewoof,data/imagewoof2-320/val/n02088364/n02088364_12821.JPEG,n02088364,162,beagle,jpeg,70,166,Walker hound,0.09456444531679153,False,23328,22670,1.0290251433612705,42.94553870870231,0.9912670562571418
imagewoof,data/imagewoof2-320/val/n02088364/n02088364_12852.JPEG,n02088364,162,beagle,jpeg,70,162,beagle,0.2731596529483795,True,34520,33482,1.0310017322740577,39.2231877738884,0.9917901173451608
imagewoof,data/imagewoof2-320/val/n02088364/n02088364_12900.JPEG,n02088364,162,beagle,jpeg,70,162,beagle,0.09318634867668152,True,21989,21352,1.029833270887973,41.4561145938713,0.9909549631755987
imagewoof,data/imagewoof2-320/val/n02088364/n02088364_12910.JPEG,n02088364,162,beagle,jpeg,70,162,beagle,0.353710800409317,True,18185,17856,1.0184251792114696,45.24895841327776,0.9906442316093639
imagewoof,data/imagewoof2-320/val/n02088364/n02088364_12920.JPEG,n02088364,162,beagle,jpeg,70,162,beagle,0.42799678444862366,True,21655,21104,1.0261087945413192,45.02984747271253,0.9929774267334538
imagewoof,data/imagewoof2-320/val/n02088364/n02088364_12952.JPEG,n02088364,162,beagle,jpeg,70,162,beagle,0.5406133532524109,True,25051,24296,1.0310750740862693,43.11694998553976,0.991522812550338
imagewoof,data/imagewoof2-320/val/n02088364/n02088364_12972.JPEG,n02088364,162,beagle,jpeg,70,162,beagle,0.39645519852638245,True,16283,15880,1.0253778337531485,45.811447603173036,0.991763512464178
imagewoof,data/imagewoof2-320/val/n02088364/n02088364_1300.JPEG,n02088364,162,beagle,jpeg,70,162,beagle,0.7407491207122803,True,25423,24620,1.0326157595450853,42.045771451240526,0.9923030756552528
imagewoof,data/imagewoof2-320/val/n02088364/n02088364_1301.JPEG,n02088364,162,beagle,jpeg,70,162,beagle,0.5391392707824707,True,40825,39250,1.040127388535032,37.525499863023086,0.9860598206246874
imagewoof,data/imagewoof2-320/val/n02088364/n02088364_13050.JPEG,n02088364,162,beagle,jpeg,70,162,beagle,0.4546879529953003,True,14412,14092,1.0227079193868862,46.19373850747679,0.9925970243935088
imagewoof,data/imagewoof2-320/val/n02088364/n02088364_13140.JPEG,n02088364,162,beagle,jpeg,70,162,beagle,0.3346361517906189,True,24468,23860,1.0254819782062028,43.8111536538753,0.9913497569718069
imagewoof,data/imagewoof2-320/val/n02088364/n02088364_13200.JPEG,n02088364,162,beagle,jpeg,70,254,pug,0.08067398518323898,False,52411,50693,1.0338902807093682,35.00925837957385,0.9908165081561533
imagewoof,data/imagewoof2-320/val/n02088364/n02088364_13240.JPEG,n02088364,162,beagle,jpeg,70,162,beagle,0.5841923356056213,True,29415,28556,1.0300812438716906,41.81896152067382,0.9920449301503355
imagewoof,data/imagewoof2-320/val/n02088364/n02088364_13251.JPEG,n02088364,162,beagle,jpeg,70,162,beagle,0.19328485429286957,True,8228,8089,1.0171838298924465,49.976420197234376,0.9963067127389001
imagewoof,data/imagewoof2-320/val/n02088364/n02088364_13312.JPEG,n02088364,162,beagle,jpeg,70,162,beagle,0.5226985812187195,True,21663,21001,1.0315223084615017,43.148826841372696,0.9899980086671826
imagewoof,data/imagewoof2-320/val/n02088364/n02088364_13340.JPEG,n02088364,162,beagle,jpeg,70,162,beagle,0.4091406762599945,True,20020,19386,1.032704013205406,43.60657967870785,0.9879225400715003
imagewoof,data/imagewoof2-320/val/n02088364/n02088364_13361.JPEG,n02088364,162,beagle,jpeg,70,162,beagle,0.4356667995452881,True,25226,24422,1.0329211366800426,42.85081991003288,0.9918391535036787
imagewoof,data/imagewoof2-320/val/n02088364/n02088364_13371.JPEG,n02088364,162,beagle,jpeg,70,162,beagle,0.5003135800361633,True,18663,18279,1.0210077137698998,44.99725136421449,0.9929925182421009
imagewoof,data/imagewoof2-320/val/n02088364/n02088364_13381.JPEG,n02088364,162,beagle,jpeg,70,162,beagle,0.5433577299118042,True,15234,14959,1.0183835817902267,45.58188554140418,0.9891120479370131
imagewoof,data/imagewoof2-320/val/n02088364/n02088364_13391.JPEG,n02088364,162,beagle,jpeg,70,162,beagle,0.24055209755897522,True,21446,20716,1.0352384630237497,41.72267842675777,0.9922107982119782
imagewoof,data/imagewoof2-320/val/n02088364/n02088364_1341.JPEG,n02088364,162,beagle,jpeg,70,162,beagle,0.4374997615814209,True,24995,25135,0.9944300775810623,43.87292064584372,0.9944694647043378
imagewoof,data/imagewoof2-320/val/n02088364/n02088364_1350.JPEG,n02088364,162,beagle,jpeg,70,162,beagle,0.2803153991699219,True,18572,18105,1.0257939795636564,43.55991097223143,0.9835564115696448
imagewoof,data/imagewoof2-320/val/n02088364/n02088364_13500.JPEG,n02088364,162,beagle,jpeg,70,173,Ibizan hound,0.34215831756591797,False,18710,18278,1.023634971003392,44.90282436962971,0.991995732608018
imagewoof,data/imagewoof2-320/val/n02088364/n02088364_13572.JPEG,n02088364,162,beagle,jpeg,70,162,beagle,0.49017003178596497,True,17413,16894,1.0307209660234402,44.99630697259609,0.9933648013836605
imagewoof,data/imagewoof2-320/val/n02088364/n02088364_13630.JPEG,n02088364,162,beagle,jpeg,70,162,beagle,0.20392128825187683,True,19096,18574,1.0281038010121675,44.147556724556466,0.9917831169108083
imagewoof,data/imagewoof2-320/val/n02088364/n02088364_13660.JPEG,n02088364,162,beagle,jpeg,70,162,beagle,0.5780758857727051,True,31451,30643,1.0263681754397416,40.534472386669485,0.990482138448384
imagewoof,data/imagewoof2-320/val/n02088364/n02088364_13682.JPEG,n02088364,162,beagle,jpeg,70,162,beagle,0.4283256232738495,True,31806,30924,1.0285215366705471,42.02738863439087,0.9916108286944118
imagewoof,data/imagewoof2-320/val/n02088364/n02088364_13711.JPEG,n02088364,162,beagle,jpeg,70,162,beagle,0.30087098479270935,True,16537,16138,1.0247242533151568,46.776772979901715,0.9921642934132094
imagewoof,data/imagewoof2-320/val/n02088364/n02088364_13712.JPEG,n02088364,162,beagle,jpeg,70,162,beagle,0.47767868638038635,True,25906,25002,1.0361571074314055,39.99722357168898,0.986249561675628
imagewoof,data/imagewoof2-320/val/n02088364/n02088364_1372.JPEG,n02088364,162,beagle,jpeg,70,162,beagle,0.5667824149131775,True,20315,19755,1.0283472538597824,44.1397674246801,0.9907152718144264
imagewoof,data/imagewoof2-320/val/n02088364/n02088364_13722.JPEG,n02088364,162,beagle,jpeg,70,162,beagle,0.36027389764785767,True,18878,18420,1.0248642779587405,45.660444806749645,0.991940758427453
imagewoof,data/imagewoof2-320/val/n02088364/n02088364_13822.JPEG,n02088364,162,beagle,jpeg,70,162,beagle,0.5960562825202942,True,17175,16751,1.0253119216763178,44.76550260276737,0.9921688365890214
imagewoof,data/imagewoof2-320/val/n02088364/n02088364_1391.JPEG,n02088364,162,beagle,jpeg,70,162,beagle,0.30963239073753357,True,13548,13183,1.0276871728741561,45.94881316744346,0.9909360841705773
imagewoof,data/imagewoof2-320/val/n02088364/n02088364_13981.JPEG,n02088364,162,beagle,jpeg,70,162,beagle,0.39163142442703247,True,16939,16571,1.0222074708828677,46.60207759389782,0.9909468415189838
imagewoof,data/imagewoof2-320/val/n02088364/n02088364_14032.JPEG,n02088364,162,beagle,jpeg,70,162,beagle,0.4217853844165802,True,34291,33193,1.0330792637001778,39.24667905232844,0.9911021147712846
imagewoof,data/imagewoof2-320/val/n02088364/n02088364_14051.JPEG,n02088364,162,beagle,jpeg,70,162,beagle,0.2179250866174698,True,27502,26476,1.0387520773530745,40.197484724657464,0.9881816477659666
imagewoof,data/imagewoof2-320/val/n02088364/n02088364_14080.JPEG,n02088364,162,beagle,jpeg,70,162,beagle,0.2267887145280838,True,29502,28716,1.0273715002089427,39.50245945026905,0.9904543643946608
imagewoof,data/imagewoof2-320/val/n02088364/n02088364_141.JPEG,n02088364,162,beagle,jpeg,70,162,beagle,0.3057138919830322,True,29742,28860,1.0305613305613306,40.6132610874584,0.990562910994226
imagewoof,data/imagewoof2-320/val/n02088364/n02088364_1411.JPEG,n02088364,162,beagle,jpeg,70,162,beagle,0.18125243484973907,True,33711,32651,1.032464549324676,38.22963725167112,0.9910932796233327
imagewoof,data/imagewoof2-320/val/n02088364/n02088364_14141.JPEG,n02088364,162,beagle,jpeg,70,162,beagle,0.39886343479156494,True,19974,19288,1.0355661551223558,41.164344980134075,0.9813821906975729
imagewoof,data/imagewoof2-320/val/n02088364/n02088364_14220.JPEG,n02088364,162,beagle,jpeg,70,162,beagle,0.41252052783966064,True,18726,18133,1.032702807036894,42.743574267963915,0.9919686226038315
imagewoof,data/imagewoof2-320/val/n02088364/n02088364_14222.JPEG,n02088364,162,beagle,jpeg,70,162,beagle,0.29623737931251526,True,22433,21782,1.0298870627123313,44.106885059168675,0.9928563569018148
imagewoof,data/imagewoof2-320/val/n02088364/n02088364_14252.JPEG,n02088364,162,beagle,jpeg,70,162,beagle,0.6193463802337646,True,27173,26398,1.0293582847185392,41.20178258236642,0.9921471274174639
imagewoof,data/imagewoof2-320/val/n02088364/n02088364_14321.JPEG,n02088364,162,beagle,jpeg,70,162,beagle,0.2734734117984772,True,16441,16045,1.0246805858522905,45.44916700710062,0.9718768186168661
imagewoof,data/imagewoof2-320/val/n02088364/n02088364_14332.JPEG,n02088364,162,beagle,jpeg,70,162,beagle,0.5055816769599915,True,34366,33470,1.0267702420077682,40.07675470917157,0.9903115282437333
imagewoof,data/imagewoof2-320/val/n02088364/n02088364_14431.JPEG,n02088364,162,beagle,jpeg,70,162,beagle,0.4048701822757721,True,14390,14009,1.0271968020558213,46.03341137138371,0.9937870848398062
imagewoof,data/imagewoof2-320/val/n02088364/n02088364_14542.JPEG,n02088364,162,beagle,jpeg,70,162,beagle,0.47051817178726196,True,15711,15294,1.0272655943507258,44.06139534371949,0.9896856212053599
imagewoof,data/imagewoof2-320/val/n02088364/n02088364_1461.JPEG,n02088364,162,beagle,jpeg,70,162,beagle,0.3502674400806427,True,40940,40416,1.0129651623119558,35.35092388497022,0.9910699703334568
imagewoof,data/imagewoof2-320/val/n02088364/n02088364_14641.JPEG,n02088364,162,beagle,jpeg,70,166,Walker hound,0.21918930113315582,False,34354,33191,1.0350396191738724,40.45886375228469,0.9931832479355234
imagewoof,data/imagewoof2-320/val/n02088364/n02088364_14652.JPEG,n02088364,162,beagle,jpeg,70,162,beagle,0.20263031125068665,True,15939,15468,1.0304499612102405,44.39199484425008,0.991445223137061
imagewoof,data/imagewoof2-320/val/n02088364/n02088364_14690.JPEG,n02088364,162,beagle,jpeg,70,162,beagle,0.388528972864151,True,22496,21992,1.0229174245180066,43.73000487562936,0.9911392472969256
imagewoof,data/imagewoof2-320/val/n02088364/n02088364_14702.JPEG,n02088364,162,beagle,jpeg,70,162,beagle,0.27466925978660583,True,20957,20441,1.0252433833961156,44.38078371996745,0.9918486402799109
imagewoof,data/imagewoof2-320/val/n02088364/n02088364_14732.JPEG,n02088364,162,beagle,jpeg,70,162,beagle,0.37764987349510193,True,48587,47109,1.0313740474219364,35.96221227280749,0.9893469381773267
imagewoof,data/imagewoof2-320/val/n02088364/n02088364_14790.JPEG,n02088364,162,beagle,jpeg,70,264,Cardigan,0.26921316981315613,False,49658,48014,1.0342400133294456,35.18741695076797,0.9905221164364653
imagewoof,data/imagewoof2-320/val/n02088364/n02088364_14891.JPEG,n02088364,162,beagle,jpeg,70,162,beagle,0.32522329688072205,True,21989,21253,1.0346304051192772,40.07645357042421,0.9887951436443093
imagewoof,data/imagewoof2-320/val/n02088364/n02088364_14892.JPEG,n02088364,162,beagle,jpeg,70,166,Walker hound,0.20193903148174286,False,24169,23505,1.0282493086577325,43.272775953561606,0.9906171342783449
imagewoof,data/imagewoof2-320/val/n02088364/n02088364_14910.JPEG,n02088364,162,beagle,jpeg,70,162,beagle,0.39092350006103516,True,18243,17731,1.0288759799221703,45.51962988849845,0.9923474432788546
imagewoof,data/imagewoof2-320/val/n02088364/n02088364_14911.JPEG,n02088364,162,beagle,jpeg,70,162,beagle,0.3117203414440155,True,19123,18630,1.0264626945786366,44.32487200914143,0.9907594016924435
imagewoof,data/imagewoof2-320/val/n02088364/n02088364_1492.JPEG,n02088364,162,beagle,jpeg,70,162,beagle,0.14140745997428894,True,10403,10127,1.0272538757776242,45.883023901401565,0.9931193010399677
imagewoof,data/imagewoof2-320/val/n02088364/n02088364_14972.JPEG,n02088364,162,beagle,jpeg,70,162,beagle,0.27092015743255615,True,19648,19200,1.0233333333333334,45.228582607580876,0.9923884642638702
imagewoof,data/imagewoof2-320/val/n02088364/n02088364_14992.JPEG,n02088364,162,beagle,jpeg,70,162,beagle,0.4841230809688568,True,20374,19873,1.0252100840336134,43.72484435645562,0.9901487215470258
imagewoof,data/imagewoof2-320/val/n02088364/n02088364_15082.JPEG,n02088364,162,beagle,jpeg,70,162,beagle,0.3538878560066223,True,32877,31734,1.0360181508791833,40.632186325451556,0.9925236961656738
imagewoof,data/imagewoof2-320/val/n02088364/n02088364_15111.JPEG,n02088364,162,beagle,jpeg,70,162,beagle,0.3377414047718048,True,36313,35299,1.0287260262330378,38.87063928961192,0.9917158008556286
imagewoof,data/imagewoof2-320/val/n02088364/n02088364_15140.JPEG,n02088364,162,beagle,jpeg,70,161,basset,0.2493923455476761,False,42928,41629,1.0312042086045785,36.1921221850433,0.9909313970245717
imagewoof,data/imagewoof2-320/val/n02088364/n02088364_15151.JPEG,n02088364,162,beagle,jpeg,70,162,beagle,0.26769497990608215,True,23267,22601,1.0294677226671387,42.880637677091656,0.989240504105501
imagewoof,data/imagewoof2-320/val/n02088364/n02088364_15280.JPEG,n02088364,162,beagle,jpeg,70,162,beagle,0.49612510204315186,True,35397,34267,1.0329763329150494,38.9620839890396,0.990500740805615
imagewoof,data/imagewoof2-320/val/n02088364/n02088364_1531.JPEG,n02088364,162,beagle,jpeg,70,162,beagle,0.4021199941635132,True,23528,22922,1.026437483640171,43.0252138822879,0.9913029180122784
imagewoof,data/imagewoof2-320/val/n02088364/n02088364_15370.JPEG,n02088364,162,beagle,jpeg,70,162,beagle,0.41874638199806213,True,21609,20991,1.0294411890810347,41.70733075974538,0.9927615127859514
imagewoof,data/imagewoof2-320/val/n02088364/n02088364_15440.JPEG,n02088364,162,beagle,jpeg,70,162,beagle,0.5110864639282227,True,54990,53173,1.0341714780057547,34.474403425435824,0.9916179186404664
imagewoof,data/imagewoof2-320/val/n02088364/n02088364_15500.JPEG,n02088364,162,beagle,jpeg,70,162,beagle,0.5167732238769531,True,39325,38162,1.0304753419632096,38.49898150836739,0.9911501647130113
imagewoof,data/imagewoof2-320/val/n02088364/n02088364_15690.JPEG,n02088364,162,beagle,jpeg,70,162,beagle,0.4509337246417999,True,22304,21725,1.0266513233601842,43.73458850335077,0.9922741227637518
imagewoof,data/imagewoof2-320/val/n02088364/n02088364_15702.JPEG,n02088364,162,beagle,jpeg,70,162,beagle,0.469015508890152,True,24018,23476,1.0230874084171069,43.00695396446972,0.9906710163961668
imagewoof,data/imagewoof2-320/val/n02088364/n02088364_15791.JPEG,n02088364,162,beagle,jpeg,70,162,beagle,0.3461103141307831,True,21958,21246,1.0335121905299822,41.64792186505578,0.9888368211823049
imagewoof,data/imagewoof2-320/val/n02088364/n02088364_16002.JPEG,n02088364,162,beagle,jpeg,70,166,Walker hound,0.18798871338367462,False,32346,31459,1.0281954289710418,39.85963405483937,0.9893890117293509
imagewoof,data/imagewoof2-320/val/n02088364/n02088364_16060.JPEG,n02088364,162,beagle,jpeg,70,162,beagle,0.1639838069677353,True,20285,19800,1.0244949494949496,43.845977199026564,0.9912681749759518
imagewoof,data/imagewoof2-320/val/n02088364/n02088364_161.JPEG,n02088364,162,beagle,jpeg,70,162,beagle,0.3612225651741028,True,24402,23732,1.0282319231417496,43.67977075176842,0.9912001794831277
imagewoof,data/imagewoof2-320/val/n02088364/n02088364_16210.JPEG,n02088364,162,beagle,jpeg,70,161,basset,0.19003017246723175,False,20254,19654,1.0305281367660528,43.492196335703106,0.9921363120607539
imagewoof,data/imagewoof2-320/val/n02088364/n02088364_16240.JPEG,n02088364,162,beagle,jpeg,70,162,beagle,0.6834816932678223,True,21738,21126,1.0289690428855438,43.79287997790065,0.9920090331036361
imagewoof,data/imagewoof2-320/val/n02088364/n02088364_16372.JPEG,n02088364,162,beagle,jpeg,70,162,beagle,0.2497233897447586,True,20805,20283,1.0257358378938026,44.560359477186815,0.9922873224876855
imagewoof,data/imagewoof2-320/val/n02088364/n02088364_16401.JPEG,n02088364,162,beagle,jpeg,70,162,beagle,0.23771756887435913,True,27245,26541,1.0265249990580612,40.961677572871,0.9902586819734259
imagewoof,data/imagewoof2-320/val/n02088364/n02088364_16502.JPEG,n02088364,162,beagle,jpeg,70,162,beagle,0.2635796070098877,True,15831,15404,1.0277200727083875,44.436863147570605,0.9919306990152464
imagewoof,data/imagewoof2-320/val/n02088364/n02088364_16721.JPEG,n02088364,162,beagle,jpeg,70,162,beagle,0.42697301506996155,True,22540,21956,1.0265986518491528,43.56265215131689,0.9898314207962992
imagewoof,data/imagewoof2-320/val/n02088364/n02088364_16791.JPEG,n02088364,162,beagle,jpeg,70,162,beagle,0.559634268283844,True,14633,14227,1.028537288254727,46.30130263968766,0.9929214222011016
imagewoof,data/imagewoof2-320/val/n02088364/n02088364_1681.JPEG,n02088364,162,beagle,jpeg,70,162,beagle,0.3539888560771942,True,23717,23111,1.0262212799099997,43.58928742407757,0.9916522072839484
imagewoof,data/imagewoof2-320/val/n02088364/n02088364_16881.JPEG,n02088364,162,beagle,jpeg,70,162,beagle,0.467459112405777,True,41361,40116,1.0310349985043374,38.83203940642376,0.9915078597551292
imagewoof,data/imagewoof2-320/val/n02088364/n02088364_17170.JPEG,n02088364,162,beagle,jpeg,70,167,English foxhound,0.16786423325538635,False,22496,21931,1.0257626191236149,42.99666826441991,0.9847531688027091
imagewoof,data/imagewoof2-320/val/n02088364/n02088364_17321.JPEG,n02088364,162,beagle,jpeg,70,162,beagle,0.4775436818599701,True,32558,31649,1.0287212866125313,38.18834338003076,0.9912342685441619
imagewoof,data/imagewoof2-320/val/n02088364/n02088364_1750.JPEG,n02088364,162,beagle,jpeg,70,162,beagle,0.42469680309295654,True,17431,17113,1.018582364284462,46.44319945980718,0.9922947376950345
imagewoof,data/imagewoof2-320/val/n02088364/n02088364_17530.JPEG,n02088364,162,beagle,jpeg,70,162,beagle,0.2228156477212906,True,30901,29985,1.030548607637152,43.21658661641229,0.993115631759529
imagewoof,data/imagewoof2-320/val/n02088364/n02088364_17671.JPEG,n02088364,162,beagle,jpeg,70,162,beagle,0.43621158599853516,True,21514,20955,1.0266762109281795,44.15681668619986,0.990539884889761
imagewoof,data/imagewoof2-320/val/n02088364/n02088364_17781.JPEG,n02088364,162,beagle,jpeg,70,162,beagle,0.4228695034980774,True,17224,16737,1.0290972097747506,43.67348338783415,0.9900956627842272
imagewoof,data/imagewoof2-320/val/n02088364/n02088364_17830.JPEG,n02088364,162,beagle,jpeg,70,162,beagle,0.26199212670326233,True,27570,26648,1.0345992194536175,39.845694462877546,0.9887160413136526
imagewoof,data/imagewoof2-320/val/n02088364/n02088364_1791.JPEG,n02088364,162,beagle,jpeg,70,162,beagle,0.2608622610569,True,27801,26948,1.0316535549948047,40.22843081822684,0.9915479025153102
imagewoof,data/imagewoof2-320/val/n02088364/n02088364_17942.JPEG,n02088364,162,beagle,jpeg,70,162,beagle,0.17411097884178162,True,23248,22572,1.0299486088959773,42.867051436679525,0.9916426413541823
imagewoof,data/imagewoof2-320/val/n02088364/n02088364_18130.JPEG,n02088364,162,beagle,jpeg,70,162,beagle,0.23723766207695007,True,18053,17612,1.025039745627981,43.70931167032077,0.9916844227000267
imagewoof,data/imagewoof2-320/val/n02088364/n02088364_18260.JPEG,n02088364,162,beagle,jpeg,70,162,beagle,0.1914086490869522,True,23045,22444,1.0267777579754054,44.56397964670569,0.9914397423902582
imagewoof,data/imagewoof2-320/val/n02088364/n02088364_18282.JPEG,n02088364,162,beagle,jpeg,70,162,beagle,0.30200064182281494,True,23441,22844,1.02613377692173,44.36963895640123,0.9922125855641263
imagewoof,data/imagewoof2-320/val/n02088364/n02088364_1830.JPEG,n02088364,162,beagle,jpeg,70,162,beagle,0.20743174850940704,True,22920,22119,1.0362132103621322,42.50168806752943,0.9918469512013117
imagewoof,data/imagewoof2-320/val/n02088364/n02088364_18391.JPEG,n02088364,162,beagle,jpeg,70,162,beagle,0.15521062910556793,True,27847,27021,1.0305688168461566,41.762045095766844,0.9914053982999055
imagewoof,data/imagewoof2-320/val/n02088364/n02088364_1860.JPEG,n02088364,162,beagle,jpeg,70,162,beagle,0.3714021146297455,True,19517,18952,1.0298121570282819,42.866162229154874,0.9813212020641875
imagewoof,data/imagewoof2-320/val/n02088364/n02088364_1890.JPEG,n02088364,162,beagle,jpeg,70,161,basset,0.3972819447517395,False,28076,27249,1.0303497376050497,42.431138918159036,0.9924625692815771
imagewoof,data/imagewoof2-320/val/n02088364/n02088364_1892.JPEG,n02088364,162,beagle,jpeg,70,162,beagle,0.4193647801876068,True,43783,42478,1.0307217853947925,37.3788103669833,0.9897793298160343
imagewoof,data/imagewoof2-320/val/n02088364/n02088364_1901.JPEG,n02088364,162,beagle,jpeg,70,162,beagle,0.3597646951675415,True,46699,45186,1.0334838224228744,37.33883008899153,0.9934924761193312
imagewoof,data/imagewoof2-320/val/n02088364/n02088364_1912.JPEG,n02088364,162,beagle,jpeg,70,162,beagle,0.2884601354598999,True,31029,29917,1.037169502289668,39.79685313428811,0.994584572441485
imagewoof,data/imagewoof2-320/val/n02088364/n02088364_1960.JPEG,n02088364,162,beagle,jpeg,70,162,beagle,0.20168142020702362,True,24289,23420,1.0371050384286935,41.51118796692458,0.9814556775609967
imagewoof,data/imagewoof2-320/val/n02088364/n02088364_1980.JPEG,n02088364,162,beagle,jpeg,70,162,beagle,0.298502117395401,True,25374,24638,1.0298725545904701,43.92596813473311,0.9935986925769972
imagewoof,data/imagewoof2-320/val/n02088364/n02088364_2000.JPEG,n02088364,162,beagle,jpeg,70,162,beagle,0.33771055936813354,True,41137,39809,1.0333592906126756,38.937056591363934,0.9908296009360992
imagewoof,data/imagewoof2-320/val/n02088364/n02088364_2070.JPEG,n02088364,162,beagle,jpeg,70,162,beagle,0.368330180644989,True,35067,33800,1.0374852071005918,40.691709966566066,0.9934945447358365
imagewoof,data/imagewoof2-320/val/n02088364/n02088364_2102.JPEG,n02088364,162,beagle,jpeg,70,162,beagle,0.17913256585597992,True,32861,31969,1.0279020300916513,39.922398891202384,0.9914110807437414
imagewoof,data/imagewoof2-320/val/n02088364/n02088364_2112.JPEG,n02088364,162,beagle,jpeg,70,162,beagle,0.39225322008132935,True,22819,22004,1.037038720232685,41.45684277333628,0.9915910830389487
imagewoof,data/imagewoof2-320/val/n02088364/n02088364_2132.JPEG,n02088364,162,beagle,jpeg,70,162,beagle,0.2691468894481659,True,42716,41053,1.0405086108201593,38.277381480022456,0.9943642895157349
imagewoof,data/imagewoof2-320/val/n02088364/n02088364_2141.JPEG,n02088364,162,beagle,jpeg,70,162,beagle,0.3258015215396881,True,19529,18997,1.0280044217508029,43.99785681048893,0.990490400921206
imagewoof,data/imagewoof2-320/val/n02088364/n02088364_2160.JPEG,n02088364,162,beagle,jpeg,70,162,beagle,0.46009382605552673,True,15494,15092,1.026636628677445,44.507156420808386,0.9897842482707159
imagewoof,data/imagewoof2-320/val/n02088364/n02088364_2181.JPEG,n02088364,162,beagle,jpeg,70,162,beagle,0.18353940546512604,True,39576,38415,1.0302225693088638,39.023679562343524,0.991351006999691
imagewoof,data/imagewoof2-320/val/n02088364/n02088364_2192.JPEG,n02088364,162,beagle,jpeg,70,166,Walker hound,0.18864232301712036,False,32348,31108,1.03986112897004,39.225390088684506,0.9940459494748151
imagewoof,data/imagewoof2-320/val/n02088364/n02088364_2270.JPEG,n02088364,162,beagle,jpeg,70,166,Walker hound,0.18784072995185852,False,29861,29089,1.0265392416377326,40.88215609429605,0.9911130246889838
imagewoof,data/imagewoof2-320/val/n02088364/n02088364_232.JPEG,n02088364,162,beagle,jpeg,70,162,beagle,0.33932191133499146,True,13464,13085,1.0289644631257164,45.74153510705712,0.9924216287436661
imagewoof,data/imagewoof2-320/val/n02088364/n02088364_2360.JPEG,n02088364,162,beagle,jpeg,70,162,beagle,0.2738497853279114,True,16699,16258,1.027125107639316,45.68963056166054,0.9925599531356549
imagewoof,data/imagewoof2-320/val/n02088364/n02088364_2362.JPEG,n02088364,162,beagle,jpeg,70,162,beagle,0.3984931707382202,True,26499,25731,1.0298472659438032,41.009699122031805,0.9906179254586412
imagewoof,data/imagewoof2-320/val/n02088364/n02088364_2402.JPEG,n02088364,162,beagle,jpeg,70,162,beagle,0.9263182282447815,True,25686,24894,1.031814895155459,40.16904915831414,0.9913439310229485
imagewoof,data/imagewoof2-320/val/n02088364/n02088364_2430.JPEG,n02088364,162,beagle,jpeg,70,421,bannister,0.6132041215896606,False,17084,16645,1.0263742865725443,45.258096012295624,0.9929735172475795
imagewoof,data/imagewoof2-320/val/n02088364/n02088364_2502.JPEG,n02088364,162,beagle,jpeg,70,164,bluetick,0.20455196499824524,False,33269,32180,1.0338408949658173,41.03467103106688,0.993627614745319
imagewoof,data/imagewoof2-320/val/n02088364/n02088364_2511.JPEG,n02088364,162,beagle,jpeg,70,162,beagle,0.28044015169143677,True,13393,13010,1.0294388931591083,44.83900753803729,0.9939866133980367
imagewoof,data/imagewoof2-320/val/n02088364/n02088364_2572.JPEG,n02088364,162,beagle,jpeg,70,162,beagle,0.4435788691043854,True,14183,13845,1.0244131455399061,45.56461735929777,0.992877257169345
imagewoof,data/imagewoof2-320/val/n02088364/n02088364_2630.JPEG,n02088364,162,beagle,jpeg,70,162,beagle,0.44865772128105164,True,23071,22520,1.0244671403197159,42.55850627287194,0.9904419433984183
imagewoof,data/imagewoof2-320/val/n02088364/n02088364_2641.JPEG,n02088364,162,beagle,jpeg,70,162,beagle,0.20544011890888214,True,31691,30646,1.0340990667623833,38.198749549565235,0.993406983872159
imagewoof,data/imagewoof2-320/val/n02088364/n02088364_2652.JPEG,n02088364,162,beagle,jpeg,70,162,beagle,0.3232877254486084,True,38139,36929,1.0327655771886592,41.62087606364521,0.9923597360547763
imagewoof,data/imagewoof2-320/val/n02088364/n02088364_2661.JPEG,n02088364,162,beagle,jpeg,70,162,beagle,0.2465668022632599,True,28440,28066,1.0133257322026652,42.91693094323116,0.9893239386144369
imagewoof,data/imagewoof2-320/val/n02088364/n02088364_2680.JPEG,n02088364,162,beagle,jpeg,70,162,beagle,0.4011270999908447,True,12997,12698,1.0235470152779966,46.61071952565926,0.9918883401188551
imagewoof,data/imagewoof2-320/val/n02088364/n02088364_2690.JPEG,n02088364,162,beagle,jpeg,70,162,beagle,0.5056843757629395,True,18505,18116,1.0214727312872598,45.113659479644866,0.989479024614484
imagewoof,data/imagewoof2-320/val/n02088364/n02088364_2772.JPEG,n02088364,162,beagle,jpeg,70,162,beagle,0.36061468720436096,True,14107,13834,1.0197339887234351,45.69191160634308,0.9932387601089282
imagewoof,data/imagewoof2-320/val/n02088364/n02088364_282.JPEG,n02088364,162,beagle,jpeg,70,162,beagle,0.3064101040363312,True,26347,25452,1.0351642307087852,40.703083373683384,0.9914328808489694
imagewoof,data/imagewoof2-320/val/n02088364/n02088364_2832.JPEG,n02088364,162,beagle,jpeg,70,162,beagle,0.40770044922828674,True,22423,21842,1.026600128193389,42.57163028875952,0.9909452258194237
imagewoof,data/imagewoof2-320/val/n02088364/n02088364_2840.JPEG,n02088364,162,beagle,jpeg,70,162,beagle,0.3691648542881012,True,28515,27599,1.033189608319142,40.698335559225605,0.9926724292172064
imagewoof,data/imagewoof2-320/val/n02088364/n02088364_2880.JPEG,n02088364,162,beagle,jpeg,70,162,beagle,0.36047807335853577,True,16130,15745,1.0244522070498572,45.053012986648596,0.991983611984249
imagewoof,data/imagewoof2-320/val/n02088364/n02088364_2952.JPEG,n02088364,162,beagle,jpeg,70,162,beagle,0.5416587591171265,True,24727,24032,1.0289197736351532,43.15697895983649,0.9916092070414937
imagewoof,data/imagewoof2-320/val/n02088364/n02088364_3020.JPEG,n02088364,162,beagle,jpeg,70,162,beagle,0.4355539083480835,True,19443,18952,1.0259075559307724,43.54374921767878,0.9904654288614104
imagewoof,data/imagewoof2-320/val/n02088364/n02088364_3041.JPEG,n02088364,162,beagle,jpeg,70,217,English springer,0.12408077716827393,False,53244,51397,1.035935949569041,34.94485179239308,0.9911952680407657
imagewoof,data/imagewoof2-320/val/n02088364/n02088364_3071.JPEG,n02088364,162,beagle,jpeg,70,162,beagle,0.30894696712493896,True,36512,35317,1.0338363960698813,37.11888811910428,0.9912099387733733
imagewoof,data/imagewoof2-320/val/n02088364/n02088364_311.JPEG,n02088364,162,beagle,jpeg,70,162,beagle,0.20669075846672058,True,27418,26430,1.0373817631479378,41.22497993158649,0.9917532422422601
imagewoof,data/imagewoof2-320/val/n02088364/n02088364_3121.JPEG,n02088364,162,beagle,jpeg,70,162,beagle,0.49902355670928955,True,34272,33174,1.0330982094411285,39.99101951519303,0.9916998306509285
imagewoof,data/imagewoof2-320/val/n02088364/n02088364_3171.JPEG,n02088364,162,beagle,jpeg,70,167,English foxhound,0.21341192722320557,False,23750,22977,1.033642337990164,43.142190968641586,0.9921786055788505
imagewoof,data/imagewoof2-320/val/n02088364/n02088364_3180.JPEG,n02088364,162,beagle,jpeg,70,162,beagle,0.31199532747268677,True,23263,22664,1.0264295799505825,42.89581455846583,0.9910975517085109
imagewoof,data/imagewoof2-320/val/n02088364/n02088364_3182.JPEG,n02088364,162,beagle,jpeg,70,162,beagle,0.4561059772968292,True,25832,25057,1.030929480783813,41.67611748394268,0.9888704748979257
imagewoof,data/imagewoof2-320/val/n02088364/n02088364_3191.JPEG,n02088364,162,beagle,jpeg,70,162,beagle,0.17714960873126984,True,28998,28127,1.0309666868133822,41.31782399767127,0.9921567982936849
imagewoof,data/imagewoof2-320/val/n02088364/n02088364_3192.JPEG,n02088364,162,beagle,jpeg,70,162,beagle,0.3810788094997406,True,31815,30865,1.0307791997408067,39.69498392392636,0.9912070415656492
imagewoof,data/imagewoof2-320/val/n02088364/n02088364_3200.JPEG,n02088364,162,beagle,jpeg,70,172,whippet,0.1541062444448471,False,24667,24060,1.02522859517872,43.65568707178565,0.9917979567777514
imagewoof,data/imagewoof2-320/val/n02088364/n02088364_321.JPEG,n02088364,162,beagle,jpeg,70,162,beagle,0.42927926778793335,True,16692,16237,1.0280224179343476,45.03496228829381,0.9938503604968636
imagewoof,data/imagewoof2-320/val/n02088364/n02088364_3220.JPEG,n02088364,162,beagle,jpeg,70,162,beagle,0.3472343981266022,True,17703,17165,1.0313428488202738,44.19144643485573,0.9909953240447246
imagewoof,data/imagewoof2-320/val/n02088364/n02088364_3270.JPEG,n02088364,162,beagle,jpeg,70,162,beagle,0.22615975141525269,True,10493,10233,1.0254079937457246,45.893607846919195,0.9939537909976562
imagewoof,data/imagewoof2-320/val/n02088364/n02088364_3280.JPEG,n02088364,162,beagle,jpeg,70,162,beagle,0.3451027572154999,True,24327,23628,1.0295835449466735,40.62402577705366,0.9902841093161744
imagewoof,data/imagewoof2-320/val/n02088364/n02088364_3301.JPEG,n02088364,162,beagle,jpeg,70,162,beagle,0.4659441113471985,True,24389,23692,1.0294192132365356,41.19038037472183,0.9897806013792038
imagewoof,data/imagewoof2-320/val/n02088364/n02088364_331.JPEG,n02088364,162,beagle,jpeg,70,164,bluetick,0.13394394516944885,False,19443,19010,1.0227774855339296,44.900365635475964,0.991618744740732
imagewoof,data/imagewoof2-320/val/n02088364/n02088364_3332.JPEG,n02088364,162,beagle,jpeg,70,162,beagle,0.5500562191009521,True,30543,29591,1.0321719441722146,40.48779700420984,0.9911618429480913
imagewoof,data/imagewoof2-320/val/n02088364/n02088364_3402.JPEG,n02088364,162,beagle,jpeg,70,167,English foxhound,0.1704416424036026,False,19088,18492,1.0322301535799265,44.820789576385245,0.9907696836582952
imagewoof,data/imagewoof2-320/val/n02088364/n02088364_3432.JPEG,n02088364,162,beagle,jpeg,70,162,beagle,0.4921638071537018,True,19683,19169,1.0268141269758464,43.13855808144601,0.991585001305144
imagewoof,data/imagewoof2-320/val/n02088364/n02088364_3480.JPEG,n02088364,162,beagle,jpeg,70,162,beagle,0.5120365023612976,True,21083,20605,1.0231982528512498,43.66347142862112,0.9916330338664566
imagewoof,data/imagewoof2-320/val/n02088364/n02088364_3501.JPEG,n02088364,162,beagle,jpeg,70,743,prison,0.15111440420150757,False,24792,23929,1.0360650257010322,42.616264676221185,0.9925912920441489
imagewoof,data/imagewoof2-320/val/n02088364/n02088364_3510.JPEG,n02088364,162,beagle,jpeg,70,162,beagle,0.36189576983451843,True,29151,28346,1.0283990686516615,40.852407868432834,0.9909135443191084
imagewoof,data/imagewoof2-320/val/n02088364/n02088364_3551.JPEG,n02088364,162,beagle,jpeg,70,162,beagle,0.20783405005931854,True,25456,24619,1.0339981315244324,42.55203134904234,0.9923106929980304
imagewoof,data/imagewoof2-320/val/n02088364/n02088364_3560.JPEG,n02088364,162,beagle,jpeg,70,162,beagle,0.27157944440841675,True,16296,15939,1.0223978919631094,44.844360238533,0.9918359484450825
imagewoof,data/imagewoof2-320/val/n02088364/n02088364_3570.JPEG,n02088364,162,beagle,jpeg,70,162,beagle,0.22104798257350922,True,28121,27260,1.031584739545121,41.78439682967222,0.9912524663141791
imagewoof,data/imagewoof2-320/val/n02088364/n02088364_3602.JPEG,n02088364,162,beagle,jpeg,70,162,beagle,0.3504294753074646,True,26070,25257,1.0321890960921725,40.49750150817446,0.9853722094911911
imagewoof,data/imagewoof2-320/val/n02088364/n02088364_3632.JPEG,n02088364,162,beagle,jpeg,70,162,beagle,0.4596378803253174,True,22833,22199,1.0285598450380649,42.65426247003343,0.9917271458038591
imagewoof,data/imagewoof2-320/val/n02088364/n02088364_3651.JPEG,n02088364,162,beagle,jpeg,70,162,beagle,0.7807530164718628,True,14073,13720,1.0257288629737609,46.656314514081735,0.9924415448266976
imagewoof,data/imagewoof2-320/val/n02088364/n02088364_3671.JPEG,n02088364,162,beagle,jpeg,70,166,Walker hound,0.3487718105316162,False,21942,21257,1.032224678929294,43.03511883820592,0.9913926751823214
imagewoof,data/imagewoof2-320/val/n02088364/n02088364_3680.JPEG,n02088364,162,beagle,jpeg,70,162,beagle,0.3745080530643463,True,38981,37773,1.0319805151828025,38.21254698325931,0.9906125006099887
imagewoof,data/imagewoof2-320/val/n02088364/n02088364_3722.JPEG,n02088364,162,beagle,jpeg,70,162,beagle,0.34959256649017334,True,24410,23672,1.0311760729976343,41.99010086363026,0.9916978500613604
imagewoof,data/imagewoof2-320/val/n02088364/n02088364_3731.JPEG,n02088364,162,beagle,jpeg,70,162,beagle,0.38549014925956726,True,24051,23458,1.0252792224401057,43.068171347240096,0.9904187269526736
imagewoof,data/imagewoof2-320/val/n02088364/n02088364_3741.JPEG,n02088364,162,beagle,jpeg,70,162,beagle,0.4979577362537384,True,18126,17711,1.02343176556942,44.06769058969396,0.9899175473811264
imagewoof,data/imagewoof2-320/val/n02088364/n02088364_3750.JPEG,n02088364,162,beagle,jpeg,70,162,beagle,0.3941512703895569,True,26001,25417,1.02297674784593,43.23284950369499,0.9914430377846107
imagewoof,data/imagewoof2-320/val/n02088364/n02088364_3751.JPEG,n02088364,162,beagle,jpeg,70,162,beagle,0.35514992475509644,True,12354,12039,1.0261649638674308,46.45097614929516,0.9930475574643971
imagewoof,data/imagewoof2-320/val/n02088364/n02088364_3752.JPEG,n02088364,162,beagle,jpeg,70,162,beagle,0.176691934466362,True,22024,21413,1.0285340680894783,43.68592599307192,0.9913499818387987
imagewoof,data/imagewoof2-320/val/n02088364/n02088364_3781.JPEG,n02088364,162,beagle,jpeg,70,162,beagle,0.4062570333480835,True,24283,23467,1.0347722333489582,41.415828055861546,0.9893674336078556
imagewoof,data/imagewoof2-320/val/n02088364/n02088364_3791.JPEG,n02088364,162,beagle,jpeg,70,162,beagle,0.3388849198818207,True,18524,18065,1.0254082479933573,44.511900309522346,0.9907725503486914
imagewoof,data/imagewoof2-320/val/n02088364/n02088364_3840.JPEG,n02088364,162,beagle,jpeg,70,162,beagle,0.41801971197128296,True,16151,15816,1.0211810824481538,46.10278529078404,0.9913553813569399
imagewoof,data/imagewoof2-320/val/n02088364/n02088364_3850.JPEG,n02088364,162,beagle,jpeg,70,162,beagle,0.6026213765144348,True,27646,26972,1.0249888773542934,39.48544501716707,0.991225527045509
imagewoof,data/imagewoof2-320/val/n02088364/n02088364_3872.JPEG,n02088364,162,beagle,jpeg,70,162,beagle,0.31811991333961487,True,17618,17184,1.025256052141527,44.809961929220265,0.9911613128003562
imagewoof,data/imagewoof2-320/val/n02088364/n02088364_3900.JPEG,n02088364,162,beagle,jpeg,70,162,beagle,0.36626705527305603,True,48225,46321,1.041104466656592,36.33409201177774,0.9930495189547969
imagewoof,data/imagewoof2-320/val/n02088364/n02088364_3911.JPEG,n02088364,162,beagle,jpeg,70,162,beagle,0.23318849503993988,True,22572,21948,1.02843083652269,42.23025778551667,0.9933635298646153
imagewoof,data/imagewoof2-320/val/n02088364/n02088364_3992.JPEG,n02088364,162,beagle,jpeg,70,198,standard schnauzer,0.11525348573923111,False,28427,27636,1.0286220871327254,41.69922338056301,0.9924689129068781
imagewoof,data/imagewoof2-320/val/n02088364/n02088364_4051.JPEG,n02088364,162,beagle,jpeg,70,162,beagle,0.206279456615448,True,34517,33492,1.0306043234205184,40.019527387151854,0.9897385326220162
imagewoof,data/imagewoof2-320/val/n02088364/n02088364_4052.JPEG,n02088364,162,beagle,jpeg,70,162,beagle,0.54805588722229,True,25448,24795,1.0263359548296027,42.95029256424067,0.9912580186731704
imagewoof,data/imagewoof2-320/val/n02088364/n02088364_4070.JPEG,n02088364,162,beagle,jpeg,70,162,beagle,0.38255834579467773,True,20432,19914,1.0260118509591243,43.61057134103051,0.9914637548059749
imagewoof,data/imagewoof2-320/val/n02088364/n02088364_4111.JPEG,n02088364,162,beagle,jpeg,70,162,beagle,0.30303677916526794,True,16803,16341,1.0282724435469066,44.86378698529517,0.9936650211383884
imagewoof,data/imagewoof2-320/val/n02088364/n02088364_412.JPEG,n02088364,162,beagle,jpeg,70,162,beagle,0.3990670144557953,True,18401,17847,1.0310416316467754,43.1008803256202,0.9911786598147737
imagewoof,data/imagewoof2-320/val/n02088364/n02088364_4140.JPEG,n02088364,162,beagle,jpeg,70,162,beagle,0.344174861907959,True,39613,38363,1.0325834788728723,38.28074608956464,0.9902368170171778
imagewoof,data/imagewoof2-320/val/n02088364/n02088364_4150.JPEG,n02088364,162,beagle,jpeg,70,167,English foxhound,0.1750091016292572,False,31873,30861,1.0327921972716374,41.14887122773989,0.9913446807356658
imagewoof,data/imagewoof2-320/val/n02088364/n02088364_420.JPEG,n02088364,162,beagle,jpeg,70,162,beagle,0.25582367181777954,True,45649,44459,1.0267662340583459,38.20607292009408,0.9905096363996538
imagewoof,data/imagewoof2-320/val/n02088364/n02088364_4272.JPEG,n02088364,162,beagle,jpeg,70,162,beagle,0.38546887040138245,True,34736,33734,1.0297029702970297,40.326038384638835,0.9914341238641108
imagewoof,data/imagewoof2-320/val/n02088364/n02088364_4281.JPEG,n02088364,162,beagle,jpeg,70,162,beagle,0.45932096242904663,True,24950,24314,1.026157769186477,41.27960641503587,0.9909846793116671
imagewoof,data/imagewoof2-320/val/n02088364/n02088364_4300.JPEG,n02088364,162,beagle,jpeg,70,162,beagle,0.4890443980693817,True,23210,22570,1.0283562250775367,42.81353206224346,0.9900633518025707
imagewoof,data/imagewoof2-320/val/n02088364/n02088364_4332.JPEG,n02088364,162,beagle,jpeg,70,162,beagle,0.6739640235900879,True,25108,24402,1.0289320547496106,43.14692274898423,0.9915810383679485
imagewoof,data/imagewoof2-320/val/n02088364/n02088364_4352.JPEG,n02088364,162,beagle,jpeg,70,233,Bouvier des Flandres,0.019510624930262566,False,29484,28566,1.0321361058601135,39.55007786257437,0.9888526636572014
imagewoof,data/imagewoof2-320/val/n02088364/n02088364_4442.JPEG,n02088364,162,beagle,jpeg,70,646,maze,0.21569742262363434,False,39107,37906,1.0316836384741201,39.04180069609418,0.9907582622849368
imagewoof,data/imagewoof2-320/val/n02088364/n02088364_4481.JPEG,n02088364,162,beagle,jpeg,70,162,beagle,0.674231231212616,True,40863,39249,1.0411220668042498,35.18572594456283,0.9809655446624795
imagewoof,data/imagewoof2-320/val/n02088364/n02088364_4491.JPEG,n02088364,162,beagle,jpeg,70,166,Walker hound,0.18688280880451202,False,38221,36964,1.0340060599502219,38.42252168013634,0.9908624447312201
imagewoof,data/imagewoof2-320/val/n02088364/n02088364_4561.JPEG,n02088364,162,beagle,jpeg,70,162,beagle,0.27600300312042236,True,24601,23786,1.0342638526864543,40.4375722657944,0.984611349010246
imagewoof,data/imagewoof2-320/val/n02088364/n02088364_4562.JPEG,n02088364,162,beagle,jpeg,70,162,beagle,0.12527243793010712,True,19571,19033,1.028266694688173,44.5597018272107,0.9923012459837768
imagewoof,data/imagewoof2-320/val/n02088364/n02088364_4572.JPEG,n02088364,162,beagle,jpeg,70,166,Walker hound,0.24038095772266388,False,25274,24452,1.0336168820546376,43.81627272336055,0.9953356645387985
imagewoof,data/imagewoof2-320/val/n02088364/n02088364_4581.JPEG,n02088364,162,beagle,jpeg,70,162,beagle,0.3631342649459839,True,29465,28635,1.0289855072463767,39.523274405299446,0.9905633405050683
imagewoof,data/imagewoof2-320/val/n02088364/n02088364_4670.JPEG,n02088364,162,beagle,jpeg,70,166,Walker hound,0.22031787037849426,False,20534,19919,1.030875043927908,42.83049035248844,0.9911108698087648
imagewoof,data/imagewoof2-320/val/n02088364/n02088364_4691.JPEG,n02088364,162,beagle,jpeg,70,166,Walker hound,0.20840077102184296,False,27387,26464,1.034877569528416,40.72756289401765,0.9909904289673506
imagewoof,data/imagewoof2-320/val/n02088364/n02088364_4702.JPEG,n02088364,162,beagle,jpeg,70,162,beagle,0.24732108414173126,True,49371,47706,1.0349012702804679,36.08250448822958,0.9920795652770326
imagewoof,data/imagewoof2-320/val/n02088364/n02088364_4730.JPEG,n02088364,162,beagle,jpeg,70,162,beagle,0.43627089262008667,True,35475,34594,1.0254668439613805,39.4500209870677,0.9902483918831749
imagewoof,data/imagewoof2-320/val/n02088364/n02088364_4731.JPEG,n02088364,162,beagle,jpeg,70,161,basset,0.4173954427242279,False,18783,18308,1.0259449421018134,44.097816474400275,0.9918360910372769
imagewoof,data/imagewoof2-320/val/n02088364/n02088364_4770.JPEG,n02088364,162,beagle,jpeg,70,162,beagle,0.4573644995689392,True,15586,15149,1.0288467885669021,45.3131546307864,0.9912770133285801
imagewoof,data/imagewoof2-320/val/n02088364/n02088364_4802.JPEG,n02088364,162,beagle,jpeg,70,162,beagle,0.2919468581676483,True,28363,27196,1.0429107221650242,36.29441218809836,0.9840215184035976
imagewoof,data/imagewoof2-320/val/n02088364/n02088364_4812.JPEG,n02088364,162,beagle,jpeg,70,162,beagle,0.20827214419841766,True,16436,16022,1.0258394707277494,44.676444346072074,0.9927754812677313
imagewoof,data/imagewoof2-320/val/n02088364/n02088364_4841.JPEG,n02088364,162,beagle,jpeg,70,162,beagle,0.454450398683548,True,22634,21927,1.0322433529438593,41.63617087274802,0.989722929133786
imagewoof,data/imagewoof2-320/val/n02088364/n02088364_4980.JPEG,n02088364,162,beagle,jpeg,70,162,beagle,0.348777174949646,True,21502,20938,1.0269366701690705,42.74239611892095,0.9910746650196374
imagewoof,data/imagewoof2-320/val/n02088364/n02088364_5090.JPEG,n02088364,162,beagle,jpeg,70,166,Walker hound,0.044133443385362625,False,21604,20912,1.0330910482019893,41.267423549060155,0.9913913189163649
imagewoof,data/imagewoof2-320/val/n02088364/n02088364_512.JPEG,n02088364,162,beagle,jpeg,70,162,beagle,0.3822948634624481,True,20061,19426,1.032688149902193,43.271204432024575,0.9886366334233591
imagewoof,data/imagewoof2-320/val/n02088364/n02088364_5120.JPEG,n02088364,162,beagle,jpeg,70,162,beagle,0.26167815923690796,True,17668,17191,1.027747076958874,44.85034327375022,0.9920571337593956
imagewoof,data/imagewoof2-320/val/n02088364/n02088364_5141.JPEG,n02088364,162,beagle,jpeg,70,167,English foxhound,0.1988886594772339,False,14016,13664,1.0257611241217799,44.5640276854887,0.9898174016377747
imagewoof,data/imagewoof2-320/val/n02088364/n02088364_5182.JPEG,n02088364,162,beagle,jpeg,70,162,beagle,0.17775778472423553,True,39707,38550,1.0300129701686123,38.700345382681235,0.9905449255366614
imagewoof,data/imagewoof2-320/val/n02088364/n02088364_521.JPEG,n02088364,162,beagle,jpeg,70,162,beagle,0.5496223568916321,True,20096,19560,1.027402862985685,41.920346478907334,0.9916570053701553
imagewoof,data/imagewoof2-320/val/n02088364/n02088364_522.JPEG,n02088364,162,beagle,jpeg,70,162,beagle,0.4458509385585785,True,32202,31268,1.0298707944224126,41.560667073119745,0.9932459236267769
imagewoof,data/imagewoof2-320/val/n02088364/n02088364_5260.JPEG,n02088364,162,beagle,jpeg,70,162,beagle,0.20298250019550323,True,25683,24869,1.0327315131287949,40.65224888979106,0.9912439695184979
imagewoof,data/imagewoof2-320/val/n02088364/n02088364_5272.JPEG,n02088364,162,beagle,jpeg,70,162,beagle,0.32671570777893066,True,50128,48474,1.0341213846598176,35.38302279663539,0.9917996602491347
imagewoof,data/imagewoof2-320/val/n02088364/n02088364_5282.JPEG,n02088364,162,beagle,jpeg,70,162,beagle,0.3142131567001343,True,41997,40764,1.0302472770091258,38.14579869287803,0.9896138970518829
imagewoof,data/imagewoof2-320/val/n02088364/n02088364_5302.JPEG,n02088364,162,beagle,jpeg,70,162,beagle,0.44447994232177734,True,19570,19219,1.0182631770643633,45.32245306354846,0.9909434864047961
imagewoof,data/imagewoof2-320/val/n02088364/n02088364_5311.JPEG,n02088364,162,beagle,jpeg,70,162,beagle,0.18709680438041687,True,33544,32497,1.0322183586177185,39.41850181687201,0.9888933554731745
imagewoof,data/imagewoof2-320/val/n02088364/n02088364_5352.JPEG,n02088364,162,beagle,jpeg,70,162,beagle,0.37578803300857544,True,44008,42852,1.026976570521796,37.1102442351642,0.988750166735889
imagewoof,data/imagewoof2-320/val/n02088364/n02088364_5381.JPEG,n02088364,162,beagle,jpeg,70,162,beagle,0.4648420214653015,True,24918,24320,1.0245888157894736,42.75684358201465,0.9906573225882629
imagewoof,data/imagewoof2-320/val/n02088364/n02088364_5410.JPEG,n02088364,162,beagle,jpeg,70,162,beagle,0.21739742159843445,True,24950,24368,1.0238837820091924,43.13332657316124,0.9914458151776184
imagewoof,data/imagewoof2-320/val/n02088364/n02088364_5480.JPEG,n02088364,162,beagle,jpeg,70,162,beagle,0.36813589930534363,True,36140,35192,1.0269379404410093,39.08567969024202,0.9883840222400374
imagewoof,data/imagewoof2-320/val/n02088364/n02088364_5481.JPEG,n02088364,162,beagle,jpeg,70,167,English foxhound,0.3500116765499115,False,21556,20864,1.0331671779141105,44.25275501227175,0.9927543870204066
imagewoof,data/imagewoof2-320/val/n02088364/n02088364_5572.JPEG,n02088364,162,beagle,jpeg,70,162,beagle,0.5317069888114929,True,16468,15949,1.0325412251551822,43.8638022371621,0.9926145572819512
imagewoof,data/imagewoof2-320/val/n02088364/n02088364_5582.JPEG,n02088364,162,beagle,jpeg,70,162,beagle,0.39879414439201355,True,59117,57070,1.0358682319957946,33.62058412754283,0.9922798305032384
imagewoof,data/imagewoof2-320/val/n02088364/n02088364_5601.JPEG,n02088364,162,beagle,jpeg,70,162,beagle,0.45330482721328735,True,16325,16783,0.9727104808437109,47.18390814524605,0.9943672219894203
imagewoof,data/imagewoof2-320/val/n02088364/n02088364_562.JPEG,n02088364,162,beagle,jpeg,70,162,beagle,0.24146002531051636,True,28033,27203,1.0305113406609565,41.4386563948802,0.9907327775674025
imagewoof,data/imagewoof2-320/val/n02088364/n02088364_5631.JPEG,n02088364,162,beagle,jpeg,70,162,beagle,0.3104054629802704,True,18803,18359,1.0241843237649109,43.90493017103255,0.9922814696869656
imagewoof,data/imagewoof2-320/val/n02088364/n02088364_5661.JPEG,n02088364,162,beagle,jpeg,70,162,beagle,0.41581615805625916,True,16746,16247,1.030713362466917,45.01792971556754,0.9917811676720957
imagewoof,data/imagewoof2-320/val/n02088364/n02088364_5662.JPEG,n02088364,162,beagle,jpeg,70,162,beagle,0.23277218639850616,True,22728,22146,1.0262801408832294,43.1082271951493,0.9915585547768874
imagewoof,data/imagewoof2-320/val/n02088364/n02088364_5682.JPEG,n02088364,162,beagle,jpeg,70,162,beagle,0.2676091194152832,True,34539,33556,1.0292943139825963,40.32751214238418,0.9907625916960785
imagewoof,data/imagewoof2-320/val/n02088364/n02088364_5801.JPEG,n02088364,162,beagle,jpeg,70,162,beagle,0.23051513731479645,True,44148,42861,1.0300272975432212,36.48044758145555,0.9907565353973967
imagewoof,data/imagewoof2-320/val/n02088364/n02088364_5871.JPEG,n02088364,162,beagle,jpeg,70,162,beagle,0.3222865164279938,True,15696,15294,1.0262848175755197,45.407133225879775,0.9932163287933452
imagewoof,data/imagewoof2-320/val/n02088364/n02088364_5941.JPEG,n02088364,162,beagle,jpeg,70,162,beagle,0.45248517394065857,True,20155,19573,1.0297348388085628,43.25550313419874,0.9914521344780448
imagewoof,data/imagewoof2-320/val/n02088364/n02088364_5981.JPEG,n02088364,162,beagle,jpeg,70,162,beagle,0.5287114381790161,True,27521,26771,1.0280153897874567,42.249689617798076,0.9917226166212952
imagewoof,data/imagewoof2-320/val/n02088364/n02088364_6002.JPEG,n02088364,162,beagle,jpeg,70,180,American Staffordshire terrier,0.19545699656009674,False,19334,18850,1.0256763925729444,43.4621777709923,0.9912190584335315
imagewoof,data/imagewoof2-320/val/n02088364/n02088364_6031.JPEG,n02088364,162,beagle,jpeg,70,162,beagle,0.43362006545066833,True,21097,20563,1.025968973398823,44.36471635755984,0.991327353461144
imagewoof,data/imagewoof2-320/val/n02088364/n02088364_6050.JPEG,n02088364,162,beagle,jpeg,70,162,beagle,0.4913949966430664,True,24361,23631,1.030891625407304,42.54979520848721,0.9908586179563191
imagewoof,data/imagewoof2-320/val/n02088364/n02088364_6092.JPEG,n02088364,162,beagle,jpeg,70,162,beagle,0.4279208779335022,True,17309,16935,1.022084440507824,43.44417702891885,0.9894892172224642
imagewoof,data/imagewoof2-320/val/n02088364/n02088364_610.JPEG,n02088364,162,beagle,jpeg,70,162,beagle,0.2735881805419922,True,26164,25120,1.04156050955414,40.102262025119074,0.9902247687524799
imagewoof,data/imagewoof2-320/val/n02088364/n02088364_6142.JPEG,n02088364,162,beagle,jpeg,70,162,beagle,0.30213409662246704,True,26832,26124,1.0271015158474965,42.52015855239943,0.991422788811978
imagewoof,data/imagewoof2-320/val/n02088364/n02088364_6162.JPEG,n02088364,162,beagle,jpeg,70,162,beagle,0.5158439874649048,True,37780,36706,1.0292595216040974,38.54691681922094,0.9897458652080894
imagewoof,data/imagewoof2-320/val/n02088364/n02088364_6181.JPEG,n02088364,162,beagle,jpeg,70,162,beagle,0.5714626908302307,True,36513,35501,1.028506239260866,39.166208302424714,0.9910882533487161
imagewoof,data/imagewoof2-320/val/n02088364/n02088364_62.JPEG,n02088364,162,beagle,jpeg,70,162,beagle,0.1658753603696823,True,33115,31991,1.035134881685474,39.654830241905714,0.9913252497625026
imagewoof,data/imagewoof2-320/val/n02088364/n02088364_6200.JPEG,n02088364,162,beagle,jpeg,70,162,beagle,0.2909940481185913,True,23119,22435,1.0304880766659237,42.36311118230094,0.9910278593694607
imagewoof,data/imagewoof2-320/val/n02088364/n02088364_6210.JPEG,n02088364,162,beagle,jpeg,70,162,beagle,0.1878964900970459,True,28202,27282,1.0337218678982478,42.0415656650767,0.9920045512328057
imagewoof,data/imagewoof2-320/val/n02088364/n02088364_6211.JPEG,n02088364,162,beagle,jpeg,70,162,beagle,0.5952553749084473,True,15933,15549,1.024696121937102,44.772524809209514,0.9918814742983395
imagewoof,data/imagewoof2-320/val/n02088364/n02088364_622.JPEG,n02088364,162,beagle,jpeg,70,162,beagle,0.4450785517692566,True,22778,22203,1.025897401252083,43.18065216342827,0.9905326458465283
imagewoof,data/imagewoof2-320/val/n02088364/n02088364_6291.JPEG,n02088364,162,beagle,jpeg,70,162,beagle,0.16082993149757385,True,22198,21488,1.033041697691735,41.94813276492921,0.9898368504246049
imagewoof,data/imagewoof2-320/val/n02088364/n02088364_630.JPEG,n02088364,162,beagle,jpeg,70,162,beagle,0.3407649099826813,True,25600,24996,1.024163866218595,42.26143597931448,0.989166912811021
imagewoof,data/imagewoof2-320/val/n02088364/n02088364_6311.JPEG,n02088364,162,beagle,jpeg,70,162,beagle,0.2554159164428711,True,20927,20233,1.0343004003360847,40.843150355546456,0.9907276433622112
imagewoof,data/imagewoof2-320/val/n02088364/n02088364_6390.JPEG,n02088364,162,beagle,jpeg,70,162,beagle,0.6079216003417969,True,25544,24873,1.0269770433803722,43.069190593978284,0.9912269344693394
imagewoof,data/imagewoof2-320/val/n02088364/n02088364_6402.JPEG,n02088364,162,beagle,jpeg,70,215,Brittany spaniel,0.10699650645256042,False,25925,25119,1.032087264620407,39.77183480544323,0.9913645626291115
imagewoof,data/imagewoof2-320/val/n02088364/n02088364_6471.JPEG,n02088364,162,beagle,jpeg,70,162,beagle,0.21915026009082794,True,27110,26206,1.0344959169655803,41.76486478795294,0.9911248393696006
imagewoof,data/imagewoof2-320/val/n02088364/n02088364_6511.JPEG,n02088364,162,beagle,jpeg,70,162,beagle,0.3120659589767456,True,26339,25542,1.031203507947694,40.720518575626386,0.9905290174891318
imagewoof,data/imagewoof2-320/val/n02088364/n02088364_6512.JPEG,n02088364,162,beagle,jpeg,70,162,beagle,0.4505859315395355,True,19289,18828,1.0244848098576589,45.45432451828545,0.9916328122511419
imagewoof,data/imagewoof2-320/val/n02088364/n02088364_6611.JPEG,n02088364,162,beagle,jpeg,70,162,beagle,0.6315237879753113,True,41728,40398,1.0329224219020743,37.23589002033405,0.9921349623927979
imagewoof,data/imagewoof2-320/val/n02088364/n02088364_6622.JPEG,n02088364,162,beagle,jpeg,70,162,beagle,0.5310686230659485,True,21065,20520,1.0265594541910332,43.97234641187652,0.9915511712816202
imagewoof,data/imagewoof2-320/val/n02088364/n02088364_6652.JPEG,n02088364,162,beagle,jpeg,70,162,beagle,0.33578455448150635,True,19237,18750,1.0259733333333334,43.91519704523519,0.9923394982705466
imagewoof,data/imagewoof2-320/val/n02088364/n02088364_6692.JPEG,n02088364,162,beagle,jpeg,70,162,beagle,0.35879552364349365,True,23687,22867,1.035859535575283,41.08234902730777,0.9870858764201014
imagewoof,data/imagewoof2-320/val/n02088364/n02088364_6731.JPEG,n02088364,162,beagle,jpeg,70,162,beagle,0.28270211815834045,True,21724,21211,1.0241855640941022,42.259216307656295,0.9904763326898337
imagewoof,data/imagewoof2-320/val/n02088364/n02088364_6741.JPEG,n02088364,162,beagle,jpeg,70,162,beagle,0.3238012194633484,True,17736,17337,1.0230143623464267,44.14424763951292,0.983514094910333
imagewoof,data/imagewoof2-320/val/n02088364/n02088364_6742.JPEG,n02088364,162,beagle,jpeg,70,162,beagle,0.38642656803131104,True,40532,39058,1.0377387475037125,39.57181174159142,0.9918960115596898
imagewoof,data/imagewoof2-320/val/n02088364/n02088364_6792.JPEG,n02088364,162,beagle,jpeg,70,162,beagle,0.537060558795929,True,16578,16203,1.0231438622477318,44.60377092331369,0.9888788773010173
imagewoof,data/imagewoof2-320/val/n02088364/n02088364_6800.JPEG,n02088364,162,beagle,jpeg,70,162,beagle,0.7528093457221985,True,15592,15190,1.0264647794601711,45.20172008190265,0.9915330083050161
imagewoof,data/imagewoof2-320/val/n02088364/n02088364_6812.JPEG,n02088364,162,beagle,jpeg,70,161,basset,0.20679941773414612,False,31904,31008,1.0288957688338494,40.40757254958267,0.9901724767647945
imagewoof,data/imagewoof2-320/val/n02088364/n02088364_6890.JPEG,n02088364,162,beagle,jpeg,70,162,beagle,0.43500208854675293,True,18195,17705,1.0276757977972324,44.50328721337669,0.990517191062124
imagewoof,data/imagewoof2-320/val/n02088364/n02088364_6962.JPEG,n02088364,162,beagle,jpeg,70,162,beagle,0.38287535309791565,True,43756,42562,1.0280531929890513,37.59661663302958,0.9903461530024229
imagewoof,data/imagewoof2-320/val/n02088364/n02088364_6991.JPEG,n02088364,162,beagle,jpeg,70,162,beagle,0.422761470079422,True,16094,15723,1.0235960058513007,45.57886329052842,0.9909703133420189
imagewoof,data/imagewoof2-320/val/n02088364/n02088364_7000.JPEG,n02088364,162,beagle,jpeg,70,162,beagle,0.28033924102783203,True,22702,22233,1.0210947690370171,43.56530626089157,0.9902315265886242
imagewoof,data/imagewoof2-320/val/n02088364/n02088364_7012.JPEG,n02088364,162,beagle,jpeg,70,162,beagle,0.33833301067352295,True,17825,17311,1.0296921032869273,43.69517452609551,0.9911121008990844
imagewoof,data/imagewoof2-320/val/n02088364/n02088364_7050.JPEG,n02088364,162,beagle,jpeg,70,162,beagle,0.5695168375968933,True,19524,19004,1.027362660492528,45.17177015860624,0.9928087879992286
imagewoof,data/imagewoof2-320/val/n02088364/n02088364_7051.JPEG,n02088364,162,beagle,jpeg,70,162,beagle,0.42295071482658386,True,23879,23367,1.0219112423503232,43.10434078150959,0.9909843388313774
imagewoof,data/imagewoof2-320/val/n02088364/n02088364_7062.JPEG,n02088364,162,beagle,jpeg,70,162,beagle,0.5918586254119873,True,42479,40928,1.037895817044566,37.87248748689096,0.9932333187398775
imagewoof,data/imagewoof2-320/val/n02088364/n02088364_71.JPEG,n02088364,162,beagle,jpeg,70,162,beagle,0.20427215099334717,True,26435,25701,1.0285592000311272,42.103982480019546,0.992157390496105
imagewoof,data/imagewoof2-320/val/n02088364/n02088364_7110.JPEG,n02088364,162,beagle,jpeg,70,162,beagle,0.44955816864967346,True,21204,20581,1.030270637967057,42.88318726744948,0.9923258269985409
imagewoof,data/imagewoof2-320/val/n02088364/n02088364_7160.JPEG,n02088364,162,beagle,jpeg,70,162,beagle,0.5299395322799683,True,23946,23141,1.0347867421459747,40.1604800284146,0.9808815420208686
imagewoof,data/imagewoof2-320/val/n02088364/n02088364_7171.JPEG,n02088364,162,beagle,jpeg,70,166,Walker hound,0.23473672568798065,False,25705,25014,1.0276245302630527,42.50907091193735,0.9925025646190885
imagewoof,data/imagewoof2-320/val/n02088364/n02088364_72.JPEG,n02088364,162,beagle,jpeg,70,162,beagle,0.402534544467926,True,13346,12994,1.0270894258888719,45.04488514825865,0.9923345173397026
imagewoof,data/imagewoof2-320/val/n02088364/n02088364_7250.JPEG,n02088364,162,beagle,jpeg,70,162,beagle,0.1192861795425415,True,21822,21186,1.0300198244123477,41.85095659073192,0.9908636546448597
imagewoof,data/imagewoof2-320/val/n02088364/n02088364_7281.JPEG,n02088364,162,beagle,jpeg,70,161,basset,0.2987483739852905,False,29332,28435,1.0315456303850887,41.34284716996255,0.9917370340046029
imagewoof,data/imagewoof2-320/val/n02088364/n02088364_7322.JPEG,n02088364,162,beagle,jpeg,70,167,English foxhound,0.2790936231613159,False,19954,19345,1.0314810028431118,45.73070053688434,0.9945319970610994
imagewoof,data/imagewoof2-320/val/n02088364/n02088364_7340.JPEG,n02088364,162,beagle,jpeg,70,162,beagle,0.4305955171585083,True,18263,17801,1.0259535981124657,43.90750517694289,0.9915764881428563
imagewoof,data/imagewoof2-320/val/n02088364/n02088364_740.JPEG,n02088364,162,beagle,jpeg,70,162,beagle,0.3260360062122345,True,25117,24445,1.0274902843117202,43.22605099131229,0.992026240994465
imagewoof,data/imagewoof2-320/val/n02088364/n02088364_742.JPEG,n02088364,162,beagle,jpeg,70,164,bluetick,0.3594091534614563,False,17871,17383,1.0280734050509117,45.17725164609664,0.9925484762256378
imagewoof,data/imagewoof2-320/val/n02088364/n02088364_7532.JPEG,n02088364,162,beagle,jpeg,70,162,beagle,0.41878706216812134,True,23165,22374,1.0353535353535352,41.10370763250101,0.9928784659135793
imagewoof,data/imagewoof2-320/val/n02088364/n02088364_7602.JPEG,n02088364,162,beagle,jpeg,70,162,beagle,0.3630213141441345,True,16868,16429,1.0267210420597723,44.32013163812208,0.9910726706810262
imagewoof,data/imagewoof2-320/val/n02088364/n02088364_7652.JPEG,n02088364,162,beagle,jpeg,70,162,beagle,0.34173303842544556,True,25638,25004,1.0253559430491122,42.394848521829076,0.991489358257053
imagewoof,data/imagewoof2-320/val/n02088364/n02088364_7731.JPEG,n02088364,162,beagle,jpeg,70,167,English foxhound,0.21896715462207794,False,24508,23741,1.0323069794869635,41.62704002138692,0.9900192733323189
imagewoof,data/imagewoof2-320/val/n02088364/n02088364_7751.JPEG,n02088364,162,beagle,jpeg,70,162,beagle,0.21169431507587433,True,29308,28631,1.0236456987181726,42.94599266209169,0.990721356105457
imagewoof,data/imagewoof2-320/val/n02088364/n02088364_7762.JPEG,n02088364,162,beagle,jpeg,70,162,beagle,0.5293307900428772,True,14918,14549,1.0253625678740808,45.15604877185086,0.989120655117136
imagewoof,data/imagewoof2-320/val/n02088364/n02088364_7772.JPEG,n02088364,162,beagle,jpeg,70,173,Ibizan hound,0.13187599182128906,False,14175,13754,1.0306092773011488,46.071352198019,0.9917995562943517
imagewoof,data/imagewoof2-320/val/n02088364/n02088364_780.JPEG,n02088364,162,beagle,jpeg,70,162,beagle,0.45702505111694336,True,45055,43493,1.0359138252132527,37.67925866395594,0.9919611931152651
imagewoof,data/imagewoof2-320/val/n02088364/n02088364_7850.JPEG,n02088364,162,beagle,jpeg,70,162,beagle,0.32328206300735474,True,22519,21873,1.0295341288346362,42.523071382461936,0.9903264359709666
imagewoof,data/imagewoof2-320/val/n02088364/n02088364_7902.JPEG,n02088364,162,beagle,jpeg,70,162,beagle,0.35845422744750977,True,42480,41335,1.027700495947744,37.6342014803462,0.9893385990582222
imagewoof,data/imagewoof2-320/val/n02088364/n02088364_7910.JPEG,n02088364,162,beagle,jpeg,70,166,Walker hound,0.07623099535703659,False,18046,17632,1.0234800362976406,44.11181664330648,0.9916180817150683
imagewoof,data/imagewoof2-320/val/n02088364/n02088364_800.JPEG,n02088364,162,beagle,jpeg,70,162,beagle,0.3716703951358795,True,18026,17551,1.027063984958122,44.02192616420902,0.9887101936225987
imagewoof,data/imagewoof2-320/val/n02088364/n02088364_801.JPEG,n02088364,162,beagle,jpeg,70,162,beagle,0.4864139258861542,True,47077,45529,1.034000307496321,36.63815232879569,0.9918598581082182
imagewoof,data/imagewoof2-320/val/n02088364/n02088364_8011.JPEG,n02088364,162,beagle,jpeg,70,162,beagle,0.1895383894443512,True,15714,15228,1.0319148936170213,43.269552739571864,0.9866202457037799
imagewoof,data/imagewoof2-320/val/n02088364/n02088364_8060.JPEG,n02088364,162,beagle,jpeg,70,168,redbone,0.14909642934799194,False,19126,18531,1.032108358966057,43.624041241889664,0.9837161178994132
imagewoof,data/imagewoof2-320/val/n02088364/n02088364_8090.JPEG,n02088364,162,beagle,jpeg,70,162,beagle,0.5553027391433716,True,17017,16771,1.0146681772106612,45.7228058940961,0.992069745359609
imagewoof,data/imagewoof2-320/val/n02088364/n02088364_8190.JPEG,n02088364,162,beagle,jpeg,70,162,beagle,0.41420307755470276,True,26256,25530,1.0284371327849589,42.09770730791067,0.9897270786477362
imagewoof,data/imagewoof2-320/val/n02088364/n02088364_821.JPEG,n02088364,162,beagle,jpeg,70,162,beagle,0.2588253319263458,True,33010,31980,1.0322076297686054,39.864373912546476,0.9895730170872911
imagewoof,data/imagewoof2-320/val/n02088364/n02088364_8470.JPEG,n02088364,162,beagle,jpeg,70,162,beagle,0.32618850469589233,True,22288,21723,1.0260092988997835,43.41499078373245,0.9891560592188146
imagewoof,data/imagewoof2-320/val/n02088364/n02088364_8471.JPEG,n02088364,162,beagle,jpeg,70,162,beagle,0.6004443168640137,True,21574,21116,1.0216897139609775,43.47854356991892,0.989733488689882
imagewoof,data/imagewoof2-320/val/n02088364/n02088364_852.JPEG,n02088364,162,beagle,jpeg,70,162,beagle,0.3464187681674957,True,19550,19035,1.0270554242185448,43.32679790995661,0.9912361669310806
imagewoof,data/imagewoof2-320/val/n02088364/n02088364_8572.JPEG,n02088364,162,beagle,jpeg,70,162,beagle,0.4912188947200775,True,32821,31930,1.0279047917319135,39.86673311240017,0.9909527912432843
imagewoof,data/imagewoof2-320/val/n02088364/n02088364_8612.JPEG,n02088364,162,beagle,jpeg,70,162,beagle,0.1545325666666031,True,20203,19671,1.0270448884144172,43.87573822073084,0.9929961480359902
imagewoof,data/imagewoof2-320/val/n02088364/n02088364_8632.JPEG,n02088364,162,beagle,jpeg,70,162,beagle,0.5849475860595703,True,31456,30548,1.0297237135000654,40.47414684126529,0.9904490370781347
imagewoof,data/imagewoof2-320/val/n02088364/n02088364_8651.JPEG,n02088364,162,beagle,jpeg,70,162,beagle,0.3154994547367096,True,23778,23235,1.023369916074887,44.478366594403546,0.991824693837906
imagewoof,data/imagewoof2-320/val/n02088364/n02088364_871.JPEG,n02088364,162,beagle,jpeg,70,162,beagle,0.415529727935791,True,41292,39916,1.0344723920232488,38.35609013662684,0.9915543949459961
imagewoof,data/imagewoof2-320/val/n02088364/n02088364_8750.JPEG,n02088364,162,beagle,jpeg,70,166,Walker hound,0.268671452999115,False,15317,14825,1.03318718381113,44.06777321758114,0.9920518285300631
imagewoof,data/imagewoof2-320/val/n02088364/n02088364_8820.JPEG,n02088364,162,beagle,jpeg,70,162,beagle,0.3272694945335388,True,35300,34439,1.025000725921194,41.23352310444613,0.9912380059574248
imagewoof,data/imagewoof2-320/val/n02088364/n02088364_8871.JPEG,n02088364,162,beagle,jpeg,70,162,beagle,0.37639203667640686,True,19324,18706,1.0330375280658612,44.691558753111316,0.9918741458792772
imagewoof,data/imagewoof2-320/val/n02088364/n02088364_891.JPEG,n02088364,162,beagle,jpeg,70,166,Walker hound,0.296713650226593,False,21810,21151,1.031156919294596,42.96355784756059,0.9924485117084872
imagewoof,data/imagewoof2-320/val/n02088364/n02088364_8950.JPEG,n02088364,162,beagle,jpeg,70,162,beagle,0.28516122698783875,True,15956,15531,1.0273646255875346,44.19525721270852,0.9937273261244566
imagewoof,data/imagewoof2-320/val/n02088364/n02088364_9021.JPEG,n02088364,162,beagle,jpeg,70,162,beagle,0.39690473675727844,True,26627,25647,1.0382110968144422,40.39219871296818,0.9914528833506514
imagewoof,data/imagewoof2-320/val/n02088364/n02088364_9170.JPEG,n02088364,162,beagle,jpeg,70,162,beagle,0.4719468653202057,True,17587,17108,1.0279985971475334,45.04799014907286,0.9912884889400674
imagewoof,data/imagewoof2-320/val/n02088364/n02088364_9172.JPEG,n02088364,162,beagle,jpeg,70,162,beagle,0.23656654357910156,True,22255,21671,1.0269484564625537,42.77623975680725,0.9917665114818058
imagewoof,data/imagewoof2-320/val/n02088364/n02088364_9191.JPEG,n02088364,162,beagle,jpeg,70,162,beagle,0.4769420325756073,True,24098,23499,1.0254904464019745,43.09750454962238,0.9911873344990497
imagewoof,data/imagewoof2-320/val/n02088364/n02088364_9220.JPEG,n02088364,162,beagle,jpeg,70,162,beagle,0.5101495981216431,True,31518,30599,1.0300336612307592,42.54503921191552,0.9916147537468668
imagewoof,data/imagewoof2-320/val/n02088364/n02088364_9302.JPEG,n02088364,162,beagle,jpeg,70,162,beagle,0.6645128726959229,True,35009,33905,1.0325615690901047,39.602646408830076,0.9908601336702718
imagewoof,data/imagewoof2-320/val/n02088364/n02088364_9371.JPEG,n02088364,162,beagle,jpeg,70,162,beagle,0.30258411169052124,True,21982,21304,1.0318250093879084,43.28651992539623,0.9888917446381233
imagewoof,data/imagewoof2-320/val/n02088364/n02088364_941.JPEG,n02088364,162,beagle,jpeg,70,162,beagle,0.3717876672744751,True,44324,42916,1.0328082766334234,37.205374702471545,0.9898476628720477
imagewoof,data/imagewoof2-320/val/n02088364/n02088364_9420.JPEG,n02088364,162,beagle,jpeg,70,162,beagle,0.553120493888855,True,22522,21908,1.0280262917655651,42.86094787369816,0.9921178408892571
imagewoof,data/imagewoof2-320/val/n02088364/n02088364_9520.JPEG,n02088364,162,beagle,jpeg,70,162,beagle,0.177222341299057,True,21055,20406,1.031804371263354,44.16109827639396,0.9932908327288047
imagewoof,data/imagewoof2-320/val/n02088364/n02088364_9602.JPEG,n02088364,162,beagle,jpeg,70,162,beagle,0.6323674917221069,True,36294,34978,1.0376236491508948,37.68611033888219,0.9953654963866962
imagewoof,data/imagewoof2-320/val/n02088364/n02088364_9650.JPEG,n02088364,162,beagle,jpeg,70,162,beagle,0.2247162163257599,True,21153,20479,1.032911763269691,41.90752655855107,0.9914760300736245
imagewoof,data/imagewoof2-320/val/n02088364/n02088364_9652.JPEG,n02088364,162,beagle,jpeg,70,162,beagle,0.3264840841293335,True,30304,29583,1.0243721056011899,42.61221529941699,0.9909455364909029
imagewoof,data/imagewoof2-320/val/n02088364/n02088364_9841.JPEG,n02088364,162,beagle,jpeg,70,162,beagle,0.5110194683074951,True,34207,33003,1.036481531981941,39.59133450684036,0.9931073086480561
imagewoof,data/imagewoof2-320/val/n02088364/n02088364_9842.JPEG,n02088364,162,beagle,jpeg,70,162,beagle,0.2035173624753952,True,31066,30265,1.0264662150999504,40.79209467604415,0.9907544928098776
imagewoof,data/imagewoof2-320/val/n02088364/n02088364_9991.JPEG,n02088364,162,beagle,jpeg,70,162,beagle,0.450357049703598,True,53023,51127,1.0370841238484558,35.20859454435743,0.9928746610662262
imagewoof,data/imagewoof2-320/val/n02089973/ILSVRC2012_val_00003671.JPEG,n02089973,167,English foxhound,jpeg,70,162,beagle,0.256823867559433,False,27136,26206,1.0354880561703426,41.18610769262864,0.9912299095805935
imagewoof,data/imagewoof2-320/val/n02089973/ILSVRC2012_val_00007850.JPEG,n02089973,167,English foxhound,jpeg,70,167,English foxhound,0.873027503490448,True,30886,29965,1.0307358585015851,41.47644500527878,0.9917216233264027
imagewoof,data/imagewoof2-320/val/n02089973/ILSVRC2012_val_00011342.JPEG,n02089973,167,English foxhound,jpeg,70,161,basset,0.10882483422756195,False,30356,29544,1.0274844300027077,41.246302482741925,0.9909415273588923
imagewoof,data/imagewoof2-320/val/n02089973/ILSVRC2012_val_00018202.JPEG,n02089973,167,English foxhound,jpeg,70,167,English foxhound,0.07885391265153885,True,21011,20441,1.0278851328212906,43.91352316385369,0.992373524380756
imagewoof,data/imagewoof2-320/val/n02089973/ILSVRC2012_val_00033611.JPEG,n02089973,167,English foxhound,jpeg,70,166,Walker hound,0.20940405130386353,False,35534,34487,1.0303592658103053,40.28958473301209,0.9915971967391656
imagewoof,data/imagewoof2-320/val/n02089973/ILSVRC2012_val_00033862.JPEG,n02089973,167,English foxhound,jpeg,70,210,German short-haired pointer,0.314060240983963,False,32687,31664,1.0323079838302174,38.653952630130576,0.991645233292283
imagewoof,data/imagewoof2-320/val/n02089973/ILSVRC2012_val_00034690.JPEG,n02089973,167,English foxhound,jpeg,70,166,Walker hound,0.5414171814918518,False,34433,33481,1.028434037215137,39.67466524566359,0.9911442579172082
imagewoof,data/imagewoof2-320/val/n02089973/ILSVRC2012_val_00036191.JPEG,n02089973,167,English foxhound,jpeg,70,168,redbone,0.47366392612457275,False,25044,24273,1.0317636880484489,42.77261095162412,0.9916237165902153
imagewoof,data/imagewoof2-320/val/n02089973/ILSVRC2012_val_00043341.JPEG,n02089973,167,English foxhound,jpeg,70,166,Walker hound,0.346930593252182,False,26011,25193,1.0324693367205175,42.21608048110001,0.9919633294645344
imagewoof,data/imagewoof2-320/val/n02089973/ILSVRC2012_val_00043391.JPEG,n02089973,167,English foxhound,jpeg,70,167,English foxhound,0.2965744435787201,True,33090,32046,1.0325781688822318,39.390086277242276,0.9914242281835511
imagewoof,data/imagewoof2-320/val/n02089973/ILSVRC2012_val_00043580.JPEG,n02089973,167,English foxhound,jpeg,70,167,English foxhound,0.33897700905799866,True,20731,20211,1.025728563653456,44.95967301599515,0.9927887362039142
imagewoof,data/imagewoof2-320/val/n02089973/ILSVRC2012_val_00043610.JPEG,n02089973,167,English foxhound,jpeg,70,166,Walker hound,0.2358779013156891,False,23294,22817,1.0209054652232985,44.50548103462119,0.9914592844719933
imagewoof,data/imagewoof2-320/val/n02089973/ILSVRC2012_val_00049640.JPEG,n02089973,167,English foxhound,jpeg,70,167,English foxhound,0.33893439173698425,True,40608,39530,1.0272704275234,36.78372152635102,0.9898569429666445
imagewoof,data/imagewoof2-320/val/n02089973/n02089973_1.JPEG,n02089973,167,English foxhound,jpeg,70,166,Walker hound,0.13954156637191772,False,15873,15485,1.0250565062964159,46.012592637779626,0.9928288153345083
imagewoof,data/imagewoof2-320/val/n02089973/n02089973_1000.JPEG,n02089973,167,English foxhound,jpeg,70,167,English foxhound,0.43944841623306274,True,20549,19890,1.0331322272498744,44.23868116702951,0.9932612711450064
imagewoof,data/imagewoof2-320/val/n02089973/n02089973_10000.JPEG,n02089973,167,English foxhound,jpeg,70,166,Walker hound,0.4168515205383301,False,50995,48879,1.0432905746844248,36.469931313100915,0.9922679770856476
imagewoof,data/imagewoof2-320/val/n02089973/n02089973_10272.JPEG,n02089973,167,English foxhound,jpeg,70,167,English foxhound,0.3034505546092987,True,19893,19347,1.02822142967902,42.797272734509505,0.9904782664542823
imagewoof,data/imagewoof2-320/val/n02089973/n02089973_1030.JPEG,n02089973,167,English foxhound,jpeg,70,162,beagle,0.31424328684806824,False,16746,16289,1.028055743139542,44.8930923684796,0.9936682719206975
imagewoof,data/imagewoof2-320/val/n02089973/n02089973_1040.JPEG,n02089973,167,English foxhound,jpeg,70,167,English foxhound,0.317044198513031,True,12644,12238,1.033175355450237,46.90388739923543,0.9944880530172074
imagewoof,data/imagewoof2-320/val/n02089973/n02089973_10430.JPEG,n02089973,167,English foxhound,jpeg,70,167,English foxhound,0.5474896430969238,True,33992,32867,1.0342288617762498,45.16591767192652,0.9941578552957662
imagewoof,data/imagewoof2-320/val/n02089973/n02089973_10432.JPEG,n02089973,167,English foxhound,jpeg,70,166,Walker hound,0.442791610956192,False,11734,11387,1.0304733467989813,47.81930792859135,0.9936395452996263
imagewoof,data/imagewoof2-320/val/n02089973/n02089973_10571.JPEG,n02089973,167,English foxhound,jpeg,70,166,Walker hound,0.24912260472774506,False,18994,18443,1.0298758336496232,46.773660405199855,0.9942181027084754
imagewoof,data/imagewoof2-320/val/n02089973/n02089973_1060.JPEG,n02089973,167,English foxhound,jpeg,70,167,English foxhound,0.3256044089794159,True,15934,15507,1.0275359515057716,45.32955528638327,0.992805449076971
imagewoof,data/imagewoof2-320/val/n02089973/n02089973_10790.JPEG,n02089973,167,English foxhound,jpeg,70,167,English foxhound,0.4291194975376129,True,19202,18572,1.0339220331682102,44.93796887979427,0.9933169220073713
imagewoof,data/imagewoof2-320/val/n02089973/n02089973_11.JPEG,n02089973,167,English foxhound,jpeg,70,161,basset,0.21384374797344208,False,11910,11591,1.0275213527737037,46.981857928247564,0.9930644061953141
imagewoof,data/imagewoof2-320/val/n02089973/n02089973_11021.JPEG,n02089973,167,English foxhound,jpeg,70,164,bluetick,0.35394808650016785,False,20021,19512,1.0260865108651087,43.51252017080977,0.991325855544642
imagewoof,data/imagewoof2-320/val/n02089973/n02089973_1132.JPEG,n02089973,167,English foxhound,jpeg,70,167,English foxhound,0.2341914176940918,True,43729,42397,1.0314173172630139,37.317120611551935,0.9909192308547508
imagewoof,data/imagewoof2-320/val/n02089973/n02089973_11392.JPEG,n02089973,167,English foxhound,jpeg,70,151,Chihuahua,0.16446930170059204,False,12769,12451,1.0255401172596579,45.223691416790565,0.9897765197699728
imagewoof,data/imagewoof2-320/val/n02089973/n02089973_11432.JPEG,n02089973,167,English foxhound,jpeg,70,166,Walker hound,0.23312537372112274,False,31551,30466,1.0356134707542834,38.649143320317464,0.9894220181780661
imagewoof,data/imagewoof2-320/val/n02089973/n02089973_1151.JPEG,n02089973,167,English foxhound,jpeg,70,167,English foxhound,0.33524107933044434,True,16647,16137,1.0316043874326082,43.527305073197304,0.9907863333992556
imagewoof,data/imagewoof2-320/val/n02089973/n02089973_11580.JPEG,n02089973,167,English foxhound,jpeg,70,168,redbone,0.32408174872398376,False,11565,11212,1.0314841241526935,45.86743982345904,0.9926473665084082
imagewoof,data/imagewoof2-320/val/n02089973/n02089973_11880.JPEG,n02089973,167,English foxhound,jpeg,70,167,English foxhound,0.34683558344841003,True,12862,12523,1.0270701908488382,45.87892338309618,0.99334045551575
imagewoof,data/imagewoof2-320/val/n02089973/n02089973_12190.JPEG,n02089973,167,English foxhound,jpeg,70,167,English foxhound,0.1871030330657959,True,24790,24139,1.0269688056671775,43.2796272114759,0.9912956547336687
imagewoof,data/imagewoof2-320/val/n02089973/n02089973_12272.JPEG,n02089973,167,English foxhound,jpeg,70,167,English foxhound,0.492525577545166,True,25774,24985,1.0315789473684212,42.77335597781235,0.9908605005794638
imagewoof,data/imagewoof2-320/val/n02089973/n02089973_1232.JPEG,n02089973,167,English foxhound,jpeg,70,166,Walker hound,0.17575985193252563,False,19131,18568,1.0303209823352004,43.41998076369572,0.9890907806993638
imagewoof,data/imagewoof2-320/val/n02089973/n02089973_1241.JPEG,n02089973,167,English foxhound,jpeg,70,167,English foxhound,0.3867049515247345,True,12131,11724,1.0347151142954623,46.31395816448106,0.9925314130560107
imagewoof,data/imagewoof2-320/val/n02089973/n02089973_1260.JPEG,n02089973,167,English foxhound,jpeg,70,167,English foxhound,0.5021065473556519,True,21878,21251,1.029504493906169,42.94567500423685,0.9915715165166002
imagewoof,data/imagewoof2-320/val/n02089973/n02089973_1271.JPEG,n02089973,167,English foxhound,jpeg,70,167,English foxhound,0.776150643825531,True,30795,29985,1.0270135067533768,41.90861164418128,0.9909588137943776
imagewoof,data/imagewoof2-320/val/n02089973/n02089973_1310.JPEG,n02089973,167,English foxhound,jpeg,70,167,English foxhound,0.5226879715919495,True,14404,13985,1.0299606721487309,46.102039273844426,0.9929312357684142
imagewoof,data/imagewoof2-320/val/n02089973/n02089973_1312.JPEG,n02089973,167,English foxhound,jpeg,70,167,English foxhound,0.5198594331741333,True,15170,14727,1.0300808039655056,44.105833292058136,0.9920373024776773
imagewoof,data/imagewoof2-320/val/n02089973/n02089973_1351.JPEG,n02089973,167,English foxhound,jpeg,70,167,English foxhound,0.5088842511177063,True,27656,26756,1.0336373149947675,43.50569237326265,0.9925848455538198
imagewoof,data/imagewoof2-320/val/n02089973/n02089973_1352.JPEG,n02089973,167,English foxhound,jpeg,70,167,English foxhound,0.4971429407596588,True,28720,27835,1.0317945033231544,41.73317414565581,0.9916918671785236
imagewoof,data/imagewoof2-320/val/n02089973/n02089973_1381.JPEG,n02089973,167,English foxhound,jpeg,70,167,English foxhound,0.6006064414978027,True,16017,15523,1.0318237454100367,44.73355620259666,0.9929634212770448
imagewoof,data/imagewoof2-320/val/n02089973/n02089973_1392.JPEG,n02089973,167,English foxhound,jpeg,70,167,English foxhound,0.17816536128520966,True,20999,20246,1.0371925318581448,44.90983247730494,0.9948341357678947
imagewoof,data/imagewoof2-320/val/n02089973/n02089973_140.JPEG,n02089973,167,English foxhound,jpeg,70,167,English foxhound,0.41858142614364624,True,13203,12890,1.0242823894491855,46.58971285871652,0.9920794252802455
imagewoof,data/imagewoof2-320/val/n02089973/n02089973_1460.JPEG,n02089973,167,English foxhound,jpeg,70,167,English foxhound,0.5022422671318054,True,13882,13392,1.036589008363202,44.7776076200885,0.9926919968211938
imagewoof,data/imagewoof2-320/val/n02089973/n02089973_1472.JPEG,n02089973,167,English foxhound,jpeg,70,167,English foxhound,0.6253283619880676,True,16526,16000,1.032875,45.93944861711974,0.9953860065909043
imagewoof,data/imagewoof2-320/val/n02089973/n02089973_1480.JPEG,n02089973,167,English foxhound,jpeg,70,167,English foxhound,0.3087897002696991,True,26761,26003,1.029150482636619,41.196942939173525,0.9905899278497458
imagewoof,data/imagewoof2-320/val/n02089973/n02089973_1490.JPEG,n02089973,167,English foxhound,jpeg,70,167,English foxhound,0.43469271063804626,True,42128,40919,1.029546176592781,37.81662215704782,0.9907625083506444
imagewoof,data/imagewoof2-320/val/n02089973/n02089973_1492.JPEG,n02089973,167,English foxhound,jpeg,70,166,Walker hound,0.3090742528438568,False,17593,17150,1.0258309037900875,44.31795225063737,0.9908704354990371
imagewoof,data/imagewoof2-320/val/n02089973/n02089973_1501.JPEG,n02089973,167,English foxhound,jpeg,70,167,English foxhound,0.660620927810669,True,19063,18434,1.0341217315829445,44.89729125871028,0.9950396810448757
imagewoof,data/imagewoof2-320/val/n02089973/n02089973_1522.JPEG,n02089973,167,English foxhound,jpeg,70,167,English foxhound,0.4236137568950653,True,10430,10146,1.0279913266311846,47.785103888931395,0.9937740085092216
imagewoof,data/imagewoof2-320/val/n02089973/n02089973_1602.JPEG,n02089973,167,English foxhound,jpeg,70,167,English foxhound,0.48447185754776,True,38301,37267,1.027745726782408,38.77701262316449,0.9900238704810524
imagewoof,data/imagewoof2-320/val/n02089973/n02089973_161.JPEG,n02089973,167,English foxhound,jpeg,70,159,Rhodesian ridgeback,0.4782576858997345,False,25491,24605,1.0360089412720992,41.33571585324536,0.9938100662119048
imagewoof,data/imagewoof2-320/val/n02089973/n02089973_1641.JPEG,n02089973,167,English foxhound,jpeg,70,167,English foxhound,0.2988192141056061,True,39701,38389,1.03417645679752,39.505486441676666,0.9931979822877558
imagewoof,data/imagewoof2-320/val/n02089973/n02089973_1642.JPEG,n02089973,167,English foxhound,jpeg,70,167,English foxhound,0.43691927194595337,True,11268,10889,1.0348057672880888,47.62999013884249,0.9940812975605545
imagewoof,data/imagewoof2-320/val/n02089973/n02089973_1651.JPEG,n02089973,167,English foxhound,jpeg,70,167,English foxhound,0.5822713971138,True,9577,9296,1.0302280550774527,48.2159970649453,0.9952938377215664
imagewoof,data/imagewoof2-320/val/n02089973/n02089973_1690.JPEG,n02089973,167,English foxhound,jpeg,70,167,English foxhound,0.5764307975769043,True,18358,17800,1.0313483146067415,43.24444462381016,0.99162636313787
imagewoof,data/imagewoof2-320/val/n02089973/n02089973_1701.JPEG,n02089973,167,English foxhound,jpeg,70,167,English foxhound,0.4637690782546997,True,36534,35308,1.0347230089498132,38.2473964464771,0.9906362880526607
imagewoof,data/imagewoof2-320/val/n02089973/n02089973_1762.JPEG,n02089973,167,English foxhound,jpeg,70,167,English foxhound,0.2687848210334778,True,16139,15646,1.031509651029017,44.70491673631844,0.9924237715178176
imagewoof,data/imagewoof2-320/val/n02089973/n02089973_1841.JPEG,n02089973,167,English foxhound,jpeg,70,167,English foxhound,0.4717957675457001,True,21906,21254,1.030676578526395,41.284783061147586,0.991251128681221
imagewoof,data/imagewoof2-320/val/n02089973/n02089973_1870.JPEG,n02089973,167,English foxhound,jpeg,70,167,English foxhound,0.4760529398918152,True,14311,13894,1.0300129552324744,45.71211886815007,0.992827736892074
imagewoof,data/imagewoof2-320/val/n02089973/n02089973_1890.JPEG,n02089973,167,English foxhound,jpeg,70,167,English foxhound,0.3137757182121277,True,25314,24545,1.0313302098187003,43.993344613613836,0.9937758132683094
imagewoof,data/imagewoof2-320/val/n02089973/n02089973_1911.JPEG,n02089973,167,English foxhound,jpeg,70,167,English foxhound,0.4624722898006439,True,13810,13330,1.0360090022505626,45.859247047275446,0.9928127228755441
imagewoof,data/imagewoof2-320/val/n02089973/n02089973_1912.JPEG,n02089973,167,English foxhound,jpeg,70,162,beagle,0.24144208431243896,False,15760,15454,1.0198006988481947,45.014644455243044,0.9922702793388475
imagewoof,data/imagewoof2-320/val/n02089973/n02089973_2.JPEG,n02089973,167,English foxhound,jpeg,70,167,English foxhound,0.10633324831724167,True,16125,15648,1.0304831288343559,46.83812552075308,0.9928837093578657
imagewoof,data/imagewoof2-320/val/n02089973/n02089973_2062.JPEG,n02089973,167,English foxhound,jpeg,70,167,English foxhound,0.29645341634750366,True,20750,20014,1.0367742580193864,43.49958439183517,0.9929476865495563
imagewoof,data/imagewoof2-320/val/n02089973/n02089973_2072.JPEG,n02089973,167,English foxhound,jpeg,70,167,English foxhound,0.421590119600296,True,11088,10746,1.031825795644891,46.550704598680134,0.99376619784986
imagewoof,data/imagewoof2-320/val/n02089973/n02089973_2110.JPEG,n02089973,167,English foxhound,jpeg,70,167,English foxhound,0.2832499146461487,True,18939,18331,1.033167857727347,42.90198222675186,0.9916646815234275
imagewoof,data/imagewoof2-320/val/n02089973/n02089973_2112.JPEG,n02089973,167,English foxhound,jpeg,70,167,English foxhound,0.13861645758152008,True,14979,14486,1.0340328593124395,46.14043271016837,0.9941542616972012
imagewoof,data/imagewoof2-320/val/n02089973/n02089973_2131.JPEG,n02089973,167,English foxhound,jpeg,70,162,beagle,0.2366773635149002,False,14412,14056,1.0253272623790552,47.21620263786629,0.9935130705680159
imagewoof,data/imagewoof2-320/val/n02089973/n02089973_2150.JPEG,n02089973,167,English foxhound,jpeg,70,167,English foxhound,0.3682289123535156,True,22302,21651,1.0300678952473328,45.88024754732159,0.9927434211930115
imagewoof,data/imagewoof2-320/val/n02089973/n02089973_2151.JPEG,n02089973,167,English foxhound,jpeg,70,167,English foxhound,0.5706031918525696,True,17000,16515,1.0293672419013018,44.90897332467178,0.9924681050784324
imagewoof,data/imagewoof2-320/val/n02089973/n02089973_2181.JPEG,n02089973,167,English foxhound,jpeg,70,162,beagle,0.23183852434158325,False,18999,18430,1.0308735756918068,43.53869298782954,0.9913131893268426
imagewoof,data/imagewoof2-320/val/n02089973/n02089973_2211.JPEG,n02089973,167,English foxhound,jpeg,70,166,Walker hound,0.22648154199123383,False,27644,26625,1.0382723004694836,40.78945550087678,0.9915133558791974
imagewoof,data/imagewoof2-320/val/n02089973/n02089973_2300.JPEG,n02089973,167,English foxhound,jpeg,70,166,Walker hound,0.34282371401786804,False,16153,15724,1.0272831340625794,45.93728723028036,0.9931372784146819
imagewoof,data/imagewoof2-320/val/n02089973/n02089973_2302.JPEG,n02089973,167,English foxhound,jpeg,70,218,Welsh springer spaniel,0.15051881968975067,False,19048,18422,1.0339811095429379,45.10643995649295,0.9933480800405351
imagewoof,data/imagewoof2-320/val/n02089973/n02089973_2321.JPEG,n02089973,167,English foxhound,jpeg,70,167,English foxhound,0.5241064429283142,True,13979,13558,1.031051777548311,45.572371582304825,0.9928293418629662
imagewoof,data/imagewoof2-320/val/n02089973/n02089973_2322.JPEG,n02089973,167,English foxhound,jpeg,70,167,English foxhound,0.5419861674308777,True,18701,18182,1.0285447145528546,44.97110572216279,0.9920869145552688
imagewoof,data/imagewoof2-320/val/n02089973/n02089973_2331.JPEG,n02089973,167,English foxhound,jpeg,70,167,English foxhound,0.3191656768321991,True,24693,24039,1.0272057905902907,42.08872751386117,0.9918604759356456
imagewoof,data/imagewoof2-320/val/n02089973/n02089973_2372.JPEG,n02089973,167,English foxhound,jpeg,70,166,Walker hound,0.35420429706573486,False,13967,13530,1.0322985957132298,46.309195218073114,0.9939124732438059
imagewoof,data/imagewoof2-320/val/n02089973/n02089973_2411.JPEG,n02089973,167,English foxhound,jpeg,70,167,English foxhound,0.3233678638935089,True,38617,37215,1.0376729813247347,39.415087600705974,0.9918535882198753
imagewoof,data/imagewoof2-320/val/n02089973/n02089973_2451.JPEG,n02089973,167,English foxhound,jpeg,70,167,English foxhound,0.5112181901931763,True,10436,10123,1.0309196878395732,46.28871525749945,0.9922351978971471
imagewoof,data/imagewoof2-320/val/n02089973/n02089973_2500.JPEG,n02089973,167,English foxhound,jpeg,70,167,English foxhound,0.5858309864997864,True,46021,44665,1.0303593417664838,40.531962727922576,0.9923859992832013
imagewoof,data/imagewoof2-320/val/n02089973/n02089973_251.JPEG,n02089973,167,English foxhound,jpeg,70,167,English foxhound,0.3177780508995056,True,16000,15393,1.039433508737738,40.471712264834956,0.9752204501704842
imagewoof,data/imagewoof2-320/val/n02089973/n02089973_2551.JPEG,n02089973,167,English foxhound,jpeg,70,167,English foxhound,0.5122132301330566,True,16169,15742,1.027124888832423,46.14277314123041,0.9923935455303591
imagewoof,data/imagewoof2-320/val/n02089973/n02089973_2560.JPEG,n02089973,167,English foxhound,jpeg,70,167,English foxhound,0.6129174828529358,True,28775,28036,1.026358967042374,40.30359599032522,0.9919995519899608
imagewoof,data/imagewoof2-320/val/n02089973/n02089973_2651.JPEG,n02089973,167,English foxhound,jpeg,70,167,English foxhound,0.5118778347969055,True,17203,16708,1.0296265262149868,45.52942999089979,0.9930591319818104
imagewoof,data/imagewoof2-320/val/n02089973/n02089973_2681.JPEG,n02089973,167,English foxhound,jpeg,70,162,beagle,0.314128041267395,False,19216,18608,1.0326741186586414,43.66006812323161,0.9909511586451885
imagewoof,data/imagewoof2-320/val/n02089973/n02089973_270.JPEG,n02089973,167,English foxhound,jpeg,70,167,English foxhound,0.3519366681575775,True,25866,25019,1.0338542707542269,41.39629378491995,0.9890799790714918
imagewoof,data/imagewoof2-320/val/n02089973/n02089973_2701.JPEG,n02089973,167,English foxhound,jpeg,70,167,English foxhound,0.1523093730211258,True,24179,23345,1.0357249946455345,43.19682705045452,0.9948075839342692
imagewoof,data/imagewoof2-320/val/n02089973/n02089973_2740.JPEG,n02089973,167,English foxhound,jpeg,70,167,English foxhound,0.7287760972976685,True,13466,13069,1.0303772285561252,46.755114855011996,0.9934846036494333
imagewoof,data/imagewoof2-320/val/n02089973/n02089973_2761.JPEG,n02089973,167,English foxhound,jpeg,70,166,Walker hound,0.2443571537733078,False,19083,18557,1.028345098884518,43.47933586341782,0.9913712593760087
imagewoof,data/imagewoof2-320/val/n02089973/n02089973_2781.JPEG,n02089973,167,English foxhound,jpeg,70,167,English foxhound,0.7586969137191772,True,20296,19647,1.033033033033033,43.377258562897865,0.9935752364053156
imagewoof,data/imagewoof2-320/val/n02089973/n02089973_2791.JPEG,n02089973,167,English foxhound,jpeg,70,167,English foxhound,0.63936847448349,True,38496,37443,1.0281227465747937,38.64393718653514,0.9904946869480935
imagewoof,data/imagewoof2-320/val/n02089973/n02089973_2810.JPEG,n02089973,167,English foxhound,jpeg,70,167,English foxhound,0.17194196581840515,True,16509,16049,1.0286622219452926,46.15171546614818,0.9929412487085477
imagewoof,data/imagewoof2-320/val/n02089973/n02089973_2860.JPEG,n02089973,167,English foxhound,jpeg,70,159,Rhodesian ridgeback,0.3957347869873047,False,17012,16441,1.034730247551852,44.075624390845235,0.994803737697592
imagewoof,data/imagewoof2-320/val/n02089973/n02089973_2890.JPEG,n02089973,167,English foxhound,jpeg,70,166,Walker hound,0.3467258810997009,False,11140,10866,1.0252162709368673,47.361269248570004,0.9931201943044276
imagewoof,data/imagewoof2-320/val/n02089973/n02089973_2931.JPEG,n02089973,167,English foxhound,jpeg,70,164,bluetick,0.09965302050113678,False,32033,30983,1.0338895523351515,41.015692387884116,0.9938379347234033
imagewoof,data/imagewoof2-320/val/n02089973/n02089973_2982.JPEG,n02089973,167,English foxhound,jpeg,70,188,wire-haired fox terrier,0.07039091736078262,False,15386,14869,1.0347703275270697,45.243395965889164,0.994946152442855
imagewoof,data/imagewoof2-320/val/n02089973/n02089973_3040.JPEG,n02089973,167,English foxhound,jpeg,70,167,English foxhound,0.3818628787994385,True,21376,20802,1.02759350062494,44.4942851540469,0.9912781994541281
imagewoof,data/imagewoof2-320/val/n02089973/n02089973_3120.JPEG,n02089973,167,English foxhound,jpeg,70,167,English foxhound,0.4413294792175293,True,25522,24707,1.0329866029870078,43.959954597631906,0.9937020744673645
imagewoof,data/imagewoof2-320/val/n02089973/n02089973_3152.JPEG,n02089973,167,English foxhound,jpeg,70,210,German short-haired pointer,0.25428107380867004,False,16528,16074,1.0282443697897226,44.459698122587874,0.9926842985758366
imagewoof,data/imagewoof2-320/val/n02089973/n02089973_3160.JPEG,n02089973,167,English foxhound,jpeg,70,167,English foxhound,0.4794464409351349,True,20950,20255,1.0343125154282893,43.14748436190426,0.993686054836482
imagewoof,data/imagewoof2-320/val/n02089973/n02089973_32.JPEG,n02089973,167,English foxhound,jpeg,70,167,English foxhound,0.38809216022491455,True,28875,27972,1.0322822822822824,41.34758431077513,0.991576974313444
imagewoof,data/imagewoof2-320/val/n02089973/n02089973_3270.JPEG,n02089973,167,English foxhound,jpeg,70,167,English foxhound,0.9705052971839905,True,33637,32636,1.0306716509376148,42.28358996020561,0.9936791487465696
imagewoof,data/imagewoof2-320/val/n02089973/n02089973_3272.JPEG,n02089973,167,English foxhound,jpeg,70,166,Walker hound,0.1743425875902176,False,21571,20839,1.035126445606795,43.86955664778692,0.9907181215111515
imagewoof,data/imagewoof2-320/val/n02089973/n02089973_3291.JPEG,n02089973,167,English foxhound,jpeg,70,167,English foxhound,0.35292738676071167,True,19576,18992,1.0307497893850042,45.16707684482837,0.992969860736402
imagewoof,data/imagewoof2-320/val/n02089973/n02089973_3312.JPEG,n02089973,167,English foxhound,jpeg,70,167,English foxhound,0.3452668786048889,True,19560,18912,1.034263959390863,44.6631339049216,0.9928613057901229
imagewoof,data/imagewoof2-320/val/n02089973/n02089973_3351.JPEG,n02089973,167,English foxhound,jpeg,70,167,English foxhound,0.5108597874641418,True,15265,14817,1.030235540257812,45.06242539803819,0.9918477227570365
imagewoof,data/imagewoof2-320/val/n02089973/n02089973_3401.JPEG,n02089973,167,English foxhound,jpeg,70,167,English foxhound,0.5253474712371826,True,23588,22918,1.029234662710533,44.14461349072476,0.9930087575676453
imagewoof,data/imagewoof2-320/val/n02089973/n02089973_3420.JPEG,n02089973,167,English foxhound,jpeg,70,167,English foxhound,0.5377898216247559,True,22360,21744,1.0283296541574687,44.010472846899525,0.9914032881151384
imagewoof,data/imagewoof2-320/val/n02089973/n02089973_3440.JPEG,n02089973,167,English foxhound,jpeg,70,167,English foxhound,0.3567468822002411,True,14905,14452,1.0313451425408249,46.25174591744042,0.9949110223847552
imagewoof,data/imagewoof2-320/val/n02089973/n02089973_3480.JPEG,n02089973,167,English foxhound,jpeg,70,167,English foxhound,0.3139723837375641,True,21375,20859,1.0247375233712066,44.9470538156432,0.9934178414492926
imagewoof,data/imagewoof2-320/val/n02089973/n02089973_3571.JPEG,n02089973,167,English foxhound,jpeg,70,166,Walker hound,0.20823775231838226,False,11661,11327,1.0294870663017568,47.30839863198281,0.9951126497531844
imagewoof,data/imagewoof2-320/val/n02089973/n02089973_362.JPEG,n02089973,167,English foxhound,jpeg,70,167,English foxhound,0.6070963144302368,True,14744,14299,1.0311210574166025,44.6224593302219,0.9913289049379842
imagewoof,data/imagewoof2-320/val/n02089973/n02089973_3620.JPEG,n02089973,167,English foxhound,jpeg,70,167,English foxhound,0.6190643310546875,True,16533,16035,1.0310570626753977,45.8793095764708,0.9925513004508191
imagewoof,data/imagewoof2-320/val/n02089973/n02089973_3651.JPEG,n02089973,167,English foxhound,jpeg,70,167,English foxhound,0.6815703511238098,True,30989,30085,1.030048196775802,44.62811865749398,0.9925691608022483
imagewoof,data/imagewoof2-320/val/n02089973/n02089973_3671.JPEG,n02089973,167,English foxhound,jpeg,70,167,English foxhound,0.3910284638404846,True,36641,35640,1.0280864197530863,40.98225161160013,0.9915209771230704
imagewoof,data/imagewoof2-320/val/n02089973/n02089973_3721.JPEG,n02089973,167,English foxhound,jpeg,70,167,English foxhound,0.6323896646499634,True,17883,17323,1.0323269641517059,43.82592163074303,0.9916455916086067
imagewoof,data/imagewoof2-320/val/n02089973/n02089973_382.JPEG,n02089973,167,English foxhound,jpeg,70,167,English foxhound,0.6130324006080627,True,18118,17574,1.030954819619893,43.49782470609418,0.9900074761515838
imagewoof,data/imagewoof2-320/val/n02089973/n02089973_3820.JPEG,n02089973,167,English foxhound,jpeg,70,167,English foxhound,0.43303582072257996,True,24484,23667,1.0345206405543583,42.5135642502628,0.9938788564385082
imagewoof,data/imagewoof2-320/val/n02089973/n02089973_3860.JPEG,n02089973,167,English foxhound,jpeg,70,167,English foxhound,0.3266436755657196,True,33938,32830,1.0337496192506854,37.97067204664024,0.9900744217191925
imagewoof,data/imagewoof2-320/val/n02089973/n02089973_3862.JPEG,n02089973,167,English foxhound,jpeg,70,166,Walker hound,0.2245069295167923,False,20883,20251,1.031208335390845,44.75111409958139,0.9932295936595296
imagewoof,data/imagewoof2-320/val/n02089973/n02089973_3891.JPEG,n02089973,167,English foxhound,jpeg,70,167,English foxhound,0.5025869011878967,True,15174,14764,1.0277702519642373,46.65062325825141,0.9937787252560245
imagewoof,data/imagewoof2-320/val/n02089973/n02089973_3920.JPEG,n02089973,167,English foxhound,jpeg,70,167,English foxhound,0.8646939396858215,True,50120,48310,1.0374663630718277,39.738833833385726,0.9916418924779636
imagewoof,data/imagewoof2-320/val/n02089973/n02089973_3981.JPEG,n02089973,167,English foxhound,jpeg,70,167,English foxhound,0.5602196455001831,True,13970,13499,1.0348914734424772,44.888379205962266,0.9936337104144893
imagewoof,data/imagewoof2-320/val/n02089973/n02089973_3982.JPEG,n02089973,167,English foxhound,jpeg,70,167,English foxhound,0.3644741475582123,True,15409,14962,1.029875685068841,45.49465271569554,0.9922451385810239
imagewoof,data/imagewoof2-320/val/n02089973/n02089973_4010.JPEG,n02089973,167,English foxhound,jpeg,70,167,English foxhound,0.41493815183639526,True,30534,29460,1.0364562118126273,38.990545451109135,0.9861268556910124
imagewoof,data/imagewoof2-320/val/n02089973/n02089973_4121.JPEG,n02089973,167,English foxhound,jpeg,70,173,Ibizan hound,0.19805596768856049,False,24069,23428,1.0273604234249616,40.664176158642924,0.990513437062449
imagewoof,data/imagewoof2-320/val/n02089973/n02089973_4202.JPEG,n02089973,167,English foxhound,jpeg,70,167,English foxhound,0.5284216403961182,True,16440,15980,1.0287859824780976,44.90910489711758,0.9925984456645484
imagewoof,data/imagewoof2-320/val/n02089973/n02089973_4292.JPEG,n02089973,167,English foxhound,jpeg,70,163,bloodhound,0.19617077708244324,False,26656,25828,1.0320582313768003,43.979198142226394,0.9932770808484251
imagewoof,data/imagewoof2-320/val/n02089973/n02089973_432.JPEG,n02089973,167,English foxhound,jpeg,70,167,English foxhound,0.5944734811782837,True,25642,24831,1.0326607869195763,44.77157884535555,0.9936870197527697
imagewoof,data/imagewoof2-320/val/n02089973/n02089973_4410.JPEG,n02089973,167,English foxhound,jpeg,70,167,English foxhound,0.3645351231098175,True,24501,23909,1.0247605504203439,42.22804650763548,0.9910839999391569
imagewoof,data/imagewoof2-320/val/n02089973/n02089973_4511.JPEG,n02089973,167,English foxhound,jpeg,70,162,beagle,0.27044451236724854,False,10673,10382,1.0280292814486611,46.5460924274702,0.9951904272720311
imagewoof,data/imagewoof2-320/val/n02089973/n02089973_4562.JPEG,n02089973,167,English foxhound,jpeg,70,167,English foxhound,0.48630857467651367,True,47720,46137,1.034310856796064,36.602492663050505,0.9919554091535076
imagewoof,data/imagewoof2-320/val/n02089973/n02089973_460.JPEG,n02089973,167,English foxhound,jpeg,70,167,English foxhound,0.16361701488494873,True,19237,18634,1.0323602017816893,45.51100319826817,0.9941934513833391
imagewoof,data/imagewoof2-320/val/n02089973/n02089973_4612.JPEG,n02089973,167,English foxhound,jpeg,70,167,English foxhound,0.6580681800842285,True,41981,40647,1.0328191502447905,37.6957087655889,0.9920914674858808
imagewoof,data/imagewoof2-320/val/n02089973/n02089973_4621.JPEG,n02089973,167,English foxhound,jpeg,70,167,English foxhound,0.5236189365386963,True,27355,26524,1.0313301161212487,42.70192078629754,0.9924026464654033
imagewoof,data/imagewoof2-320/val/n02089973/n02089973_470.JPEG,n02089973,167,English foxhound,jpeg,70,167,English foxhound,0.653849184513092,True,16605,16080,1.0326492537313432,43.86678665485774,0.990990924854033
imagewoof,data/imagewoof2-320/val/n02089973/n02089973_4702.JPEG,n02089973,167,English foxhound,jpeg,70,167,English foxhound,0.5830663442611694,True,23451,22745,1.0310397889646077,42.66822931481708,0.9918102699652188
imagewoof,data/imagewoof2-320/val/n02089973/n02089973_4780.JPEG,n02089973,167,English foxhound,jpeg,70,167,English foxhound,0.7014187574386597,True,39189,37902,1.0339559917682444,39.79897129002152,0.9927312077411145
imagewoof,data/imagewoof2-320/val/n02089973/n02089973_4810.JPEG,n02089973,167,English foxhound,jpeg,70,167,English foxhound,0.3429895341396332,True,25220,24532,1.028045002445785,41.36026453901266,0.991581761682105
imagewoof,data/imagewoof2-320/val/n02089973/n02089973_4820.JPEG,n02089973,167,English foxhound,jpeg,70,166,Walker hound,0.23351791501045227,False,17704,17145,1.032604257801108,44.65827727527713,0.9936744348407354
imagewoof,data/imagewoof2-320/val/n02089973/n02089973_4852.JPEG,n02089973,167,English foxhound,jpeg,70,167,English foxhound,0.6898917555809021,True,15200,14766,1.0293918461330083,44.50345649805293,0.9932970076152211
imagewoof,data/imagewoof2-320/val/n02089973/n02089973_4881.JPEG,n02089973,167,English foxhound,jpeg,70,167,English foxhound,0.07557369023561478,True,16068,15634,1.0277600102341051,44.07910227822299,0.9916315360033602
imagewoof,data/imagewoof2-320/val/n02089973/n02089973_4891.JPEG,n02089973,167,English foxhound,jpeg,70,167,English foxhound,0.4749448001384735,True,25458,24533,1.0377043166347368,39.76269341565288,0.9852927834374299
imagewoof,data/imagewoof2-320/val/n02089973/n02089973_491.JPEG,n02089973,167,English foxhound,jpeg,70,167,English foxhound,0.45229896903038025,True,16464,15929,1.033586540272459,44.7283277674471,0.9920870971341987
imagewoof,data/imagewoof2-320/val/n02089973/n02089973_4911.JPEG,n02089973,167,English foxhound,jpeg,70,167,English foxhound,0.2991848289966583,True,29345,28592,1.026336038052602,42.014658972129794,0.9914415727052593
imagewoof,data/imagewoof2-320/val/n02089973/n02089973_4941.JPEG,n02089973,167,English foxhound,jpeg,70,167,English foxhound,0.2620287835597992,True,14204,13754,1.032717754834957,45.533369670732704,0.9935235550471223
imagewoof,data/imagewoof2-320/val/n02089973/n02089973_4960.JPEG,n02089973,167,English foxhound,jpeg,70,167,English foxhound,0.9491948485374451,True,28064,27219,1.031044490980565,44.957656868317464,0.9944092350028745
imagewoof,data/imagewoof2-320/val/n02089973/n02089973_4962.JPEG,n02089973,167,English foxhound,jpeg,70,167,English foxhound,0.7095038890838623,True,38678,37463,1.0324319995729119,37.91265670617999,0.9920238814348435
imagewoof,data/imagewoof2-320/val/n02089973/n02089973_4981.JPEG,n02089973,167,English foxhound,jpeg,70,167,English foxhound,0.30933403968811035,True,34446,33376,1.0320589645254075,39.61628393563444,0.9902872064236462
imagewoof,data/imagewoof2-320/val/n02089973/n02089973_5042.JPEG,n02089973,167,English foxhound,jpeg,70,167,English foxhound,0.7600978016853333,True,43049,41573,1.0355038125706588,39.217656951803576,0.9921831502530468
imagewoof,data/imagewoof2-320/val/n02089973/n02089973_5090.JPEG,n02089973,167,English foxhound,jpeg,70,167,English foxhound,0.8765425086021423,True,36081,34981,1.0314456419198994,42.39746668908225,0.9935223179462263
imagewoof,data/imagewoof2-320/val/n02089973/n02089973_5102.JPEG,n02089973,167,English foxhound,jpeg,70,167,English foxhound,0.4752495586872101,True,10239,9948,1.029252110977081,45.90202230989756,0.993846057072612
imagewoof,data/imagewoof2-320/val/n02089973/n02089973_5141.JPEG,n02089973,167,English foxhound,jpeg,70,172,whippet,0.1528974026441574,False,26768,25970,1.0307277628032345,41.416312526095126,0.992292964925503
imagewoof,data/imagewoof2-320/val/n02089973/n02089973_522.JPEG,n02089973,167,English foxhound,jpeg,70,167,English foxhound,0.4290655255317688,True,17137,16551,1.0354057156667271,45.351116338868536,0.9925310213162765
imagewoof,data/imagewoof2-320/val/n02089973/n02089973_5262.JPEG,n02089973,167,English foxhound,jpeg,70,167,English foxhound,0.27085644006729126,True,24997,24124,1.0361880285193168,41.50685085778872,0.9937602231459429
imagewoof,data/imagewoof2-320/val/n02089973/n02089973_5291.JPEG,n02089973,167,English foxhound,jpeg,70,166,Walker hound,0.5531662106513977,False,39287,37990,1.0341405633061331,38.68948152434872,0.9925083602218087
imagewoof,data/imagewoof2-320/val/n02089973/n02089973_5340.JPEG,n02089973,167,English foxhound,jpeg,70,167,English foxhound,0.8053710460662842,True,20330,19612,1.0366102386294105,43.42265511331916,0.9956210200890684
imagewoof,data/imagewoof2-320/val/n02089973/n02089973_5341.JPEG,n02089973,167,English foxhound,jpeg,70,162,beagle,0.18867020308971405,False,17241,16726,1.030790386225039,45.86453292574031,0.9924616112353086
imagewoof,data/imagewoof2-320/val/n02089973/n02089973_5351.JPEG,n02089973,167,English foxhound,jpeg,70,167,English foxhound,0.4930788278579712,True,36401,35166,1.0351191491781835,38.46085888826548,0.9923544473129574
imagewoof,data/imagewoof2-320/val/n02089973/n02089973_5422.JPEG,n02089973,167,English foxhound,jpeg,70,212,English setter,0.22006085515022278,False,14481,14110,1.026293408929837,46.59598740838512,0.9931769692518163
imagewoof,data/imagewoof2-320/val/n02089973/n02089973_5461.JPEG,n02089973,167,English foxhound,jpeg,70,212,English setter,0.11132638901472092,False,43930,42679,1.0293118395463812,36.954313865635626,0.9892162446831471
imagewoof,data/imagewoof2-320/val/n02089973/n02089973_5582.JPEG,n02089973,167,English foxhound,jpeg,70,167,English foxhound,0.4677172601222992,True,18665,18077,1.0325275211594844,45.0924230652562,0.9880997941861569
imagewoof,data/imagewoof2-320/val/n02089973/n02089973_5641.JPEG,n02089973,167,English foxhound,jpeg,70,166,Walker hound,0.2826508581638336,False,20857,20231,1.030942612821907,42.35786451971781,0.9929153958221281
imagewoof,data/imagewoof2-320/val/n02089973/n02089973_5670.JPEG,n02089973,167,English foxhound,jpeg,70,253,basenji,0.20723746716976166,False,13193,12859,1.025974025974026,45.58681292141518,0.9919270593029079
imagewoof,data/imagewoof2-320/val/n02089973/n02089973_5710.JPEG,n02089973,167,English foxhound,jpeg,70,166,Walker hound,0.16952428221702576,False,28223,27286,1.0343399545554497,42.63932212928324,0.9934767521746212
imagewoof,data/imagewoof2-320/val/n02089973/n02089973_5732.JPEG,n02089973,167,English foxhound,jpeg,70,167,English foxhound,0.40739113092422485,True,39736,38337,1.0364921616193234,37.43525746266307,0.9905450661884311
imagewoof,data/imagewoof2-320/val/n02089973/n02089973_5782.JPEG,n02089973,167,English foxhound,jpeg,70,167,English foxhound,0.3602299392223358,True,15280,14849,1.0290255236042831,47.19122583718458,0.9942479958016222
imagewoof,data/imagewoof2-320/val/n02089973/n02089973_5811.JPEG,n02089973,167,English foxhound,jpeg,70,167,English foxhound,0.4076938033103943,True,27409,26714,1.0260163210301714,43.37639021798485,0.992246985833615
imagewoof,data/imagewoof2-320/val/n02089973/n02089973_5871.JPEG,n02089973,167,English foxhound,jpeg,70,167,English foxhound,0.07911801338195801,True,11060,10748,1.0290286564942315,45.73345609600562,0.9923395337506032
imagewoof,data/imagewoof2-320/val/n02089973/n02089973_5900.JPEG,n02089973,167,English foxhound,jpeg,70,162,beagle,0.1826004534959793,False,29465,28621,1.029488836868034,41.020307657227946,0.9909671557806171
imagewoof,data/imagewoof2-320/val/n02089973/n02089973_5901.JPEG,n02089973,167,English foxhound,jpeg,70,167,English foxhound,0.24315936863422394,True,44781,43528,1.0287860687373644,37.388506800115245,0.990423625499254
imagewoof,data/imagewoof2-320/val/n02089973/n02089973_5981.JPEG,n02089973,167,English foxhound,jpeg,70,166,Walker hound,0.1883171945810318,False,18474,17928,1.0304551539491298,45.741149715000134,0.994048626213521
imagewoof,data/imagewoof2-320/val/n02089973/n02089973_6012.JPEG,n02089973,167,English foxhound,jpeg,70,166,Walker hound,0.14701402187347412,False,13007,12649,1.0283026326191793,45.55139648134802,0.991740748115748
imagewoof,data/imagewoof2-320/val/n02089973/n02089973_6061.JPEG,n02089973,167,English foxhound,jpeg,70,167,English foxhound,0.7720373868942261,True,27200,26371,1.031436047173031,41.77138239081076,0.9914751597708445
imagewoof,data/imagewoof2-320/val/n02089973/n02089973_6072.JPEG,n02089973,167,English foxhound,jpeg,70,167,English foxhound,0.5631566047668457,True,17197,16656,1.0324807877041307,44.764936655384204,0.9936873193075942
imagewoof,data/imagewoof2-320/val/n02089973/n02089973_6100.JPEG,n02089973,167,English foxhound,jpeg,70,167,English foxhound,0.3250511884689331,True,22269,21668,1.0277367546612517,44.083208197450304,0.9927126885206513
imagewoof,data/imagewoof2-320/val/n02089973/n02089973_612.JPEG,n02089973,167,English foxhound,jpeg,70,166,Walker hound,0.34495261311531067,False,28270,27318,1.034848817629402,42.65505047797984,0.9942300188959768
imagewoof,data/imagewoof2-320/val/n02089973/n02089973_6171.JPEG,n02089973,167,English foxhound,jpeg,70,167,English foxhound,0.4111611545085907,True,31832,31009,1.02654068173756,39.023032625339155,0.9894114284286584
imagewoof,data/imagewoof2-320/val/n02089973/n02089973_6192.JPEG,n02089973,167,English foxhound,jpeg,70,167,English foxhound,0.180906280875206,True,31380,30314,1.0351652701721976,40.52341869161981,0.990297525846732
imagewoof,data/imagewoof2-320/val/n02089973/n02089973_620.JPEG,n02089973,167,English foxhound,jpeg,70,146,albatross,0.02393770031630993,False,33314,32311,1.0310420599795735,45.84753795835023,0.992004972311762
imagewoof,data/imagewoof2-320/val/n02089973/n02089973_6200.JPEG,n02089973,167,English foxhound,jpeg,70,166,Walker hound,0.24124519526958466,False,25559,24852,1.0284484146145179,42.026093571209074,0.9919500339683739
imagewoof,data/imagewoof2-320/val/n02089973/n02089973_6202.JPEG,n02089973,167,English foxhound,jpeg,70,166,Walker hound,0.343376487493515,False,21760,21136,1.0295230885692657,44.930810435195454,0.9925241848471454
imagewoof,data/imagewoof2-320/val/n02089973/n02089973_6242.JPEG,n02089973,167,English foxhound,jpeg,70,167,English foxhound,0.43651047348976135,True,39089,37781,1.0346205764802414,38.032873448534666,0.99231719347065
imagewoof,data/imagewoof2-320/val/n02089973/n02089973_6252.JPEG,n02089973,167,English foxhound,jpeg,70,167,English foxhound,0.2876831889152527,True,25635,24815,1.0330445295184365,42.38162810868802,0.9914870589755718
imagewoof,data/imagewoof2-320/val/n02089973/n02089973_6271.JPEG,n02089973,167,English foxhound,jpeg,70,167,English foxhound,0.36079075932502747,True,24419,23636,1.0331274327297344,43.71590463729501,0.9940789445583912
imagewoof,data/imagewoof2-320/val/n02089973/n02089973_6280.JPEG,n02089973,167,English foxhound,jpeg,70,167,English foxhound,0.6485046744346619,True,21137,20462,1.0329879777147883,43.63009030138887,0.9918230091920478
imagewoof,data/imagewoof2-320/val/n02089973/n02089973_6321.JPEG,n02089973,167,English foxhound,jpeg,70,167,English foxhound,0.5897453427314758,True,19681,19155,1.0274601931610545,45.3307509650315,0.9914234216863272
imagewoof,data/imagewoof2-320/val/n02089973/n02089973_6352.JPEG,n02089973,167,English foxhound,jpeg,70,168,redbone,0.04093427583575249,False,26776,26062,1.0273962090399815,42.33583322886203,0.9908480638704091
imagewoof,data/imagewoof2-320/val/n02089973/n02089973_6360.JPEG,n02089973,167,English foxhound,jpeg,70,167,English foxhound,0.272102028131485,True,28766,27751,1.0365752585492414,40.479370113398986,0.9888773692058263
imagewoof,data/imagewoof2-320/val/n02089973/n02089973_6410.JPEG,n02089973,167,English foxhound,jpeg,70,167,English foxhound,0.39267536997795105,True,14432,13969,1.0331448206743503,45.54390675445151,0.9926189839540523
imagewoof,data/imagewoof2-320/val/n02089973/n02089973_6412.JPEG,n02089973,167,English foxhound,jpeg,70,167,English foxhound,0.3944755494594574,True,19115,18608,1.0272463456577816,45.542875584168144,0.9939463349806582
imagewoof,data/imagewoof2-320/val/n02089973/n02089973_6561.JPEG,n02089973,167,English foxhound,jpeg,70,167,English foxhound,0.53900545835495,True,43054,41715,1.0320987654320988,38.378365902630286,0.990143994646092
imagewoof,data/imagewoof2-320/val/n02089973/n02089973_6570.JPEG,n02089973,167,English foxhound,jpeg,70,211,vizsla,0.11089914292097092,False,32157,30841,1.0426704711260983,36.25310291630814,0.9814228483828487
imagewoof,data/imagewoof2-320/val/n02089973/n02089973_660.JPEG,n02089973,167,English foxhound,jpeg,70,167,English foxhound,0.44034653902053833,True,23950,23166,1.033842700509367,42.29926700790777,0.9927896123770332
imagewoof,data/imagewoof2-320/val/n02089973/n02089973_671.JPEG,n02089973,167,English foxhound,jpeg,70,167,English foxhound,0.631045401096344,True,8461,8201,1.031703450798683,47.033144569746376,0.9925878105968233
imagewoof,data/imagewoof2-320/val/n02089973/n02089973_6872.JPEG,n02089973,167,English foxhound,jpeg,70,167,English foxhound,0.16436630487442017,True,21230,20678,1.0266950382048554,44.54898408942496,0.9915644210229112
imagewoof,data/imagewoof2-320/val/n02089973/n02089973_721.JPEG,n02089973,167,English foxhound,jpeg,70,167,English foxhound,0.6037749648094177,True,25185,24556,1.025614920996905,43.03489283031399,0.9915517202517435
imagewoof,data/imagewoof2-320/val/n02089973/n02089973_7552.JPEG,n02089973,167,English foxhound,jpeg,70,167,English foxhound,0.7663076519966125,True,32126,31160,1.0310012836970475,44.602701240323064,0.9922064582404841
imagewoof,data/imagewoof2-320/val/n02089973/n02089973_770.JPEG,n02089973,167,English foxhound,jpeg,70,166,Walker hound,0.3202454149723053,False,37328,36047,1.035536937886648,37.726574305340755,0.9897552104956011
imagewoof,data/imagewoof2-320/val/n02089973/n02089973_780.JPEG,n02089973,167,English foxhound,jpeg,70,167,English foxhound,0.29736483097076416,True,16250,15733,1.0328608656963072,45.06868397269828,0.9926778521781832
imagewoof,data/imagewoof2-320/val/n02089973/n02089973_790.JPEG,n02089973,167,English foxhound,jpeg,70,167,English foxhound,0.6696665287017822,True,21206,20529,1.0329777388085148,43.86589869388941,0.9917436161605918
imagewoof,data/imagewoof2-320/val/n02089973/n02089973_7990.JPEG,n02089973,167,English foxhound,jpeg,70,167,English foxhound,0.47187739610671997,True,12919,12453,1.0374207018389143,44.53178179952626,0.9924907199982845
imagewoof,data/imagewoof2-320/val/n02089973/n02089973_80.JPEG,n02089973,167,English foxhound,jpeg,70,162,beagle,0.10399700701236725,False,17882,17562,1.0182211593212618,45.17340694947833,0.9922802093870885
imagewoof,data/imagewoof2-320/val/n02089973/n02089973_8061.JPEG,n02089973,167,English foxhound,jpeg,70,167,English foxhound,0.22392544150352478,True,19203,18540,1.0357605177993527,43.188611697832414,0.9915407763925752
imagewoof,data/imagewoof2-320/val/n02089973/n02089973_811.JPEG,n02089973,167,English foxhound,jpeg,70,167,English foxhound,0.6584204435348511,True,18150,17627,1.0296703920122539,44.943683056085426,0.9939422736236367
imagewoof,data/imagewoof2-320/val/n02089973/n02089973_8140.JPEG,n02089973,167,English foxhound,jpeg,70,167,English foxhound,0.40306127071380615,True,9141,8872,1.0303201082055906,47.363873058627625,0.993689664166936
imagewoof,data/imagewoof2-320/val/n02089973/n02089973_8482.JPEG,n02089973,167,English foxhound,jpeg,70,167,English foxhound,0.4791952967643738,True,9523,9247,1.029847518113983,46.299097177321435,0.9914519782931234
imagewoof,data/imagewoof2-320/val/n02089973/n02089973_8720.JPEG,n02089973,167,English foxhound,jpeg,70,167,English foxhound,0.2653467357158661,True,29121,28282,1.0296655116328406,41.92824426666192,0.9918232713840669
imagewoof,data/imagewoof2-320/val/n02089973/n02089973_880.JPEG,n02089973,167,English foxhound,jpeg,70,167,English foxhound,0.5266615152359009,True,33291,32104,1.0369735858460005,39.715288028404636,0.9909120511834089
imagewoof,data/imagewoof2-320/val/n02089973/n02089973_8832.JPEG,n02089973,167,English foxhound,jpeg,70,167,English foxhound,0.644295334815979,True,30410,29357,1.035868787682665,40.821218225267316,0.9884781106640333
imagewoof,data/imagewoof2-320/val/n02089973/n02089973_9060.JPEG,n02089973,167,English foxhound,jpeg,70,167,English foxhound,0.7509897351264954,True,18409,17852,1.0312009858839346,44.994134303309366,0.9921901015710319
imagewoof,data/imagewoof2-320/val/n02089973/n02089973_9112.JPEG,n02089973,167,English foxhound,jpeg,70,166,Walker hound,0.2103620171546936,False,26331,25479,1.033439302955375,40.48239453770538,0.9914519043641552
imagewoof,data/imagewoof2-320/val/n02089973/n02089973_92.JPEG,n02089973,167,English foxhound,jpeg,70,166,Walker hound,0.3327005207538605,False,17797,17190,1.0353112274578242,46.25690603684747,0.9950049942435651
imagewoof,data/imagewoof2-320/val/n02089973/n02089973_9230.JPEG,n02089973,167,English foxhound,jpeg,70,167,English foxhound,0.4040113389492035,True,12118,11807,1.026340306597781,46.32338933405325,0.9936771623813337
imagewoof,data/imagewoof2-320/val/n02089973/n02089973_9351.JPEG,n02089973,167,English foxhound,jpeg,70,167,English foxhound,0.3473243713378906,True,25781,24989,1.0316939453359477,41.08804694844473,0.9899375192976816
imagewoof,data/imagewoof2-320/val/n02089973/n02089973_9560.JPEG,n02089973,167,English foxhound,jpeg,70,162,beagle,0.20002388954162598,False,32283,31266,1.0325273459988487,39.55314109418757,0.9832184005248301
imagewoof,data/imagewoof2-320/val/n02089973/n02089973_9591.JPEG,n02089973,167,English foxhound,jpeg,70,167,English foxhound,0.53749680519104,True,15205,14745,1.031197015937606,46.20184277709498,0.9938292350951929
imagewoof,data/imagewoof2-320/val/n02089973/n02089973_9612.JPEG,n02089973,167,English foxhound,jpeg,70,166,Walker hound,0.3038480877876282,False,23356,22573,1.0346874584680814,42.443016879219485,0.9949855942072164
imagewoof,data/imagewoof2-320/val/n02089973/n02089973_980.JPEG,n02089973,167,English foxhound,jpeg,70,246,Great Dane,0.11099740862846375,False,21462,20909,1.0264479410780047,43.63130810265833,0.992571735619216
imagewoof,data/imagewoof2-320/val/n02089973/n02089973_981.JPEG,n02089973,167,English foxhound,jpeg,70,167,English foxhound,0.45555752515792847,True,17024,16527,1.0300720033883948,43.4913992811594,0.9898716869444306
imagewoof,data/imagewoof2-320/val/n02093754/ILSVRC2012_val_00000832.JPEG,n02093754,182,Border terrier,jpeg,70,182,Border terrier,0.7165049910545349,True,19464,18935,1.0279376815421177,44.424490658323194,0.9921076984964805
imagewoof,data/imagewoof2-320/val/n02093754/ILSVRC2012_val_00004511.JPEG,n02093754,182,Border terrier,jpeg,70,182,Border terrier,0.4984191060066223,True,18457,17964,1.0274437764417725,43.71336604915484,0.991555626549697
imagewoof,data/imagewoof2-320/val/n02093754/ILSVRC2012_val_00005340.JPEG,n02093754,182,Border terrier,jpeg,70,182,Border terrier,0.44983240962028503,True,23035,22617,1.0184816730777733,43.72181898418101,0.990892750443103
imagewoof,data/imagewoof2-320/val/n02093754/ILSVRC2012_val_00009740.JPEG,n02093754,182,Border terrier,jpeg,70,182,Border terrier,0.46542221307754517,True,24710,24054,1.0272719713976886,42.1839683140616,0.9907482310360662
imagewoof,data/imagewoof2-320/val/n02093754/ILSVRC2012_val_00014730.JPEG,n02093754,182,Border terrier,jpeg,70,182,Border terrier,0.5520983934402466,True,23897,23266,1.0271211209490243,42.395463696524196,0.9904966559081382
imagewoof,data/imagewoof2-320/val/n02093754/ILSVRC2012_val_00020832.JPEG,n02093754,182,Border terrier,jpeg,70,182,Border terrier,0.3781144618988037,True,26101,25376,1.0285703026481714,41.609571192754025,0.9905532131294281
imagewoof,data/imagewoof2-320/val/n02093754/ILSVRC2012_val_00024411.JPEG,n02093754,182,Border terrier,jpeg,70,182,Border terrier,0.35257190465927124,True,30227,29288,1.0320609123190385,39.84332145663482,0.9905206056430993
imagewoof,data/imagewoof2-320/val/n02093754/ILSVRC2012_val_00024681.JPEG,n02093754,182,Border terrier,jpeg,70,182,Border terrier,0.21472270786762238,True,31386,30349,1.0341691653761245,39.80841391907174,0.9908982130587479
imagewoof,data/imagewoof2-320/val/n02093754/ILSVRC2012_val_00025302.JPEG,n02093754,182,Border terrier,jpeg,70,182,Border terrier,0.6930897235870361,True,33589,32544,1.0321103736479842,39.078266103724175,0.9922421221197523
imagewoof,data/imagewoof2-320/val/n02093754/ILSVRC2012_val_00026151.JPEG,n02093754,182,Border terrier,jpeg,70,182,Border terrier,0.35895174741744995,True,39028,37716,1.0347862975925337,37.46180997415159,0.9914769090498335
imagewoof,data/imagewoof2-320/val/n02093754/ILSVRC2012_val_00027082.JPEG,n02093754,182,Border terrier,jpeg,70,182,Border terrier,0.515484094619751,True,17154,16737,1.0249148592937802,45.405925257282206,0.9927961745139807
imagewoof,data/imagewoof2-320/val/n02093754/ILSVRC2012_val_00030770.JPEG,n02093754,182,Border terrier,jpeg,70,182,Border terrier,0.5249003767967224,True,22865,22406,1.020485584218513,44.33043119987505,0.9899591540758156
imagewoof,data/imagewoof2-320/val/n02093754/ILSVRC2012_val_00031172.JPEG,n02093754,182,Border terrier,jpeg,70,182,Border terrier,0.3821857273578644,True,54206,52369,1.035078004162768,34.609986215672336,0.9896644766317944
imagewoof,data/imagewoof2-320/val/n02093754/ILSVRC2012_val_00040130.JPEG,n02093754,182,Border terrier,jpeg,70,243,bull mastiff,0.16316062211990356,False,20710,20149,1.0278425728323985,44.34188823408088,0.9922588667698231
imagewoof,data/imagewoof2-320/val/n02093754/ILSVRC2012_val_00044070.JPEG,n02093754,182,Border terrier,jpeg,70,182,Border terrier,0.24456289410591125,True,20274,19828,1.0224934436150899,44.0011382382459,0.9908220454944793
imagewoof,data/imagewoof2-320/val/n02093754/n02093754_1000.JPEG,n02093754,182,Border terrier,jpeg,70,182,Border terrier,0.4095546305179596,True,38948,37774,1.03107957854609,38.1859327713688,0.9918514374568899
imagewoof,data/imagewoof2-320/val/n02093754/n02093754_1011.JPEG,n02093754,182,Border terrier,jpeg,70,182,Border terrier,0.5008949637413025,True,24802,24078,1.0300689426032061,42.58257073447879,0.9916117404786985
imagewoof,data/imagewoof2-320/val/n02093754/n02093754_1062.JPEG,n02093754,182,Border terrier,jpeg,70,182,Border terrier,0.5172371864318848,True,19617,19167,1.023477852559086,43.320036804644914,0.9925191618503696
imagewoof,data/imagewoof2-320/val/n02093754/n02093754_1072.JPEG,n02093754,182,Border terrier,jpeg,70,182,Border terrier,0.452280730009079,True,22343,21678,1.0306762616477534,43.248655965302504,0.9914085466108898
imagewoof,data/imagewoof2-320/val/n02093754/n02093754_1080.JPEG,n02093754,182,Border terrier,jpeg,70,182,Border terrier,0.46791577339172363,True,24969,24246,1.0298193516456322,41.417962202808866,0.9925371964667268
imagewoof,data/imagewoof2-320/val/n02093754/n02093754_110.JPEG,n02093754,182,Border terrier,jpeg,70,182,Border terrier,0.38521742820739746,True,35543,34349,1.0347608372878396,40.2554709786822,0.9945495537760246
imagewoof,data/imagewoof2-320/val/n02093754/n02093754_1100.JPEG,n02093754,182,Border terrier,jpeg,70,182,Border terrier,0.602648138999939,True,38284,37246,1.0278687644310798,39.14051653078553,0.9900516049342504
imagewoof,data/imagewoof2-320/val/n02093754/n02093754_1102.JPEG,n02093754,182,Border terrier,jpeg,70,182,Border terrier,0.43495967984199524,True,16914,16442,1.0287069699549933,45.544851273321385,0.9923905003212715
imagewoof,data/imagewoof2-320/val/n02093754/n02093754_1111.JPEG,n02093754,182,Border terrier,jpeg,70,182,Border terrier,0.3700214624404907,True,28124,27335,1.028864093652826,41.024627169575055,0.991694333920535
imagewoof,data/imagewoof2-320/val/n02093754/n02093754_1132.JPEG,n02093754,182,Border terrier,jpeg,70,189,Lakeland terrier,0.058877624571323395,False,37228,35921,1.0363854012972913,38.891182581016594,0.9917477283368369
imagewoof,data/imagewoof2-320/val/n02093754/n02093754_1172.JPEG,n02093754,182,Border terrier,jpeg,70,182,Border terrier,0.5103757381439209,True,17063,16486,1.034999393424724,41.443820839933295,0.9904037828963267
imagewoof,data/imagewoof2-320/val/n02093754/n02093754_1181.JPEG,n02093754,182,Border terrier,jpeg,70,182,Border terrier,0.4223247170448303,True,24544,23908,1.0266019742345658,42.5838585049998,0.9927377803419942
imagewoof,data/imagewoof2-320/val/n02093754/n02093754_1202.JPEG,n02093754,182,Border terrier,jpeg,70,182,Border terrier,0.5576481223106384,True,22176,21582,1.0275229357798166,43.173012367045814,0.9924019394041776
imagewoof,data/imagewoof2-320/val/n02093754/n02093754_1221.JPEG,n02093754,182,Border terrier,jpeg,70,182,Border terrier,0.25620171427726746,True,35548,34403,1.0332819812225678,38.479072161868324,0.9918234330964303
imagewoof,data/imagewoof2-320/val/n02093754/n02093754_1302.JPEG,n02093754,182,Border terrier,jpeg,70,182,Border terrier,0.590040385723114,True,15768,15384,1.0249609984399375,45.07354947106806,0.9933033304015345
imagewoof,data/imagewoof2-320/val/n02093754/n02093754_1310.JPEG,n02093754,182,Border terrier,jpeg,70,182,Border terrier,0.4074063003063202,True,26045,25245,1.0316894434541493,43.57992252359601,0.9940076146400272
imagewoof,data/imagewoof2-320/val/n02093754/n02093754_1340.JPEG,n02093754,182,Border terrier,jpeg,70,182,Border terrier,0.507637619972229,True,51871,50012,1.0371710789410542,36.29145071219927,0.9913222590969459
imagewoof,data/imagewoof2-320/val/n02093754/n02093754_1422.JPEG,n02093754,182,Border terrier,jpeg,70,182,Border terrier,0.2744642198085785,True,22797,22185,1.0275862068965518,43.08454658481555,0.9895478319073218
imagewoof,data/imagewoof2-320/val/n02093754/n02093754_1441.JPEG,n02093754,182,Border terrier,jpeg,70,182,Border terrier,0.3761845529079437,True,45782,44321,1.0329640576701788,37.11185647400623,0.9918443063067262
imagewoof,data/imagewoof2-320/val/n02093754/n02093754_1451.JPEG,n02093754,182,Border terrier,jpeg,70,182,Border terrier,0.3810472786426544,True,26397,25818,1.0224262142691145,42.54214345400837,0.9900518791005931
imagewoof,data/imagewoof2-320/val/n02093754/n02093754_1460.JPEG,n02093754,182,Border terrier,jpeg,70,182,Border terrier,0.39745795726776123,True,15835,15448,1.0250517866390472,44.60856782686733,0.9917561504607763
imagewoof,data/imagewoof2-320/val/n02093754/n02093754_1612.JPEG,n02093754,182,Border terrier,jpeg,70,185,Norfolk terrier,0.10594873130321503,False,31165,30201,1.0319194728651369,40.368005734930314,0.9913084272308049
imagewoof,data/imagewoof2-320/val/n02093754/n02093754_1631.JPEG,n02093754,182,Border terrier,jpeg,70,182,Border terrier,0.32182371616363525,True,29832,29015,1.0281578493882475,40.16484416015316,0.9900565884788769
imagewoof,data/imagewoof2-320/val/n02093754/n02093754_1652.JPEG,n02093754,182,Border terrier,jpeg,70,182,Border terrier,0.3925033509731293,True,25459,24736,1.0292286545924967,42.91019798140575,0.9916520555315977
imagewoof,data/imagewoof2-320/val/n02093754/n02093754_1702.JPEG,n02093754,182,Border terrier,jpeg,70,182,Border terrier,0.4337088465690613,True,46362,44794,1.0350046881278743,36.61336805791197,0.9909369007050364
imagewoof,data/imagewoof2-320/val/n02093754/n02093754_1711.JPEG,n02093754,182,Border terrier,jpeg,70,182,Border terrier,0.24064742028713226,True,24135,23554,1.0246667232741784,43.69756913519819,0.9915745191158521
imagewoof,data/imagewoof2-320/val/n02093754/n02093754_172.JPEG,n02093754,182,Border terrier,jpeg,70,182,Border terrier,0.29780229926109314,True,28474,27756,1.025868280732094,41.15552538297037,0.9891920244045541
imagewoof,data/imagewoof2-320/val/n02093754/n02093754_1720.JPEG,n02093754,182,Border terrier,jpeg,70,182,Border terrier,0.5468210577964783,True,30540,29636,1.0305034417600216,42.51628481997364,0.9925964640902173
imagewoof,data/imagewoof2-320/val/n02093754/n02093754_1721.JPEG,n02093754,182,Border terrier,jpeg,70,182,Border terrier,0.3224811851978302,True,29221,28385,1.0294521754447772,41.039620469760365,0.990200302007144
imagewoof,data/imagewoof2-320/val/n02093754/n02093754_1722.JPEG,n02093754,182,Border terrier,jpeg,70,182,Border terrier,0.44553476572036743,True,30064,29185,1.030118211409971,41.274757118995915,0.9914142988163465
imagewoof,data/imagewoof2-320/val/n02093754/n02093754_1782.JPEG,n02093754,182,Border terrier,jpeg,70,185,Norfolk terrier,0.17069430649280548,False,25607,24831,1.0312512585075109,42.11259639351874,0.9910636455281855
imagewoof,data/imagewoof2-320/val/n02093754/n02093754_1791.JPEG,n02093754,182,Border terrier,jpeg,70,185,Norfolk terrier,0.2590160667896271,False,31202,30135,1.0354073336651735,41.75073276410031,0.9936426220492914
imagewoof,data/imagewoof2-320/val/n02093754/n02093754_1792.JPEG,n02093754,182,Border terrier,jpeg,70,219,cocker spaniel,0.05419484153389931,False,20902,20439,1.0226527716620186,42.98042486158416,0.9923192338564842
imagewoof,data/imagewoof2-320/val/n02093754/n02093754_180.JPEG,n02093754,182,Border terrier,jpeg,70,182,Border terrier,0.5174360275268555,True,24519,23918,1.0251275190233298,42.59596518097026,0.9923219987219071
imagewoof,data/imagewoof2-320/val/n02093754/n02093754_1841.JPEG,n02093754,182,Border terrier,jpeg,70,182,Border terrier,0.12393583357334137,True,35839,34740,1.0316350028785262,39.92393216422605,0.9914617679235621
imagewoof,data/imagewoof2-320/val/n02093754/n02093754_1851.JPEG,n02093754,182,Border terrier,jpeg,70,182,Border terrier,0.34450170397758484,True,52576,50684,1.0373293347012864,35.89518794951455,0.9913360008571169
imagewoof,data/imagewoof2-320/val/n02093754/n02093754_1861.JPEG,n02093754,182,Border terrier,jpeg,70,182,Border terrier,0.36350956559181213,True,34673,33808,1.0255856601987696,40.55783369605212,0.9907735949035849
imagewoof,data/imagewoof2-320/val/n02093754/n02093754_1882.JPEG,n02093754,182,Border terrier,jpeg,70,182,Border terrier,0.3400241434574127,True,18318,17887,1.0240957119695868,44.06355971807737,0.988577135628424
imagewoof,data/imagewoof2-320/val/n02093754/n02093754_1901.JPEG,n02093754,182,Border terrier,jpeg,70,182,Border terrier,0.45183753967285156,True,32526,31630,1.028327537148277,40.40036018491519,0.9907449702721819
imagewoof,data/imagewoof2-320/val/n02093754/n02093754_1940.JPEG,n02093754,182,Border terrier,jpeg,70,184,Irish terrier,0.297417014837265,False,25325,24740,1.0236459175424415,42.20875249556371,0.9886733716376684
imagewoof,data/imagewoof2-320/val/n02093754/n02093754_1952.JPEG,n02093754,182,Border terrier,jpeg,70,182,Border terrier,0.42192932963371277,True,28742,27929,1.0291095277310323,40.971646368271706,0.9927424463773012
imagewoof,data/imagewoof2-320/val/n02093754/n02093754_1962.JPEG,n02093754,182,Border terrier,jpeg,70,182,Border terrier,0.5802212357521057,True,25557,24833,1.029154753755084,42.230530722598346,0.9904854110587545
imagewoof,data/imagewoof2-320/val/n02093754/n02093754_2.JPEG,n02093754,182,Border terrier,jpeg,70,182,Border terrier,0.6179916858673096,True,19616,19139,1.024922932232614,43.451220078046184,0.9867084916955376
imagewoof,data/imagewoof2-320/val/n02093754/n02093754_2040.JPEG,n02093754,182,Border terrier,jpeg,70,182,Border terrier,0.5654168725013733,True,22757,22026,1.0331880504857895,42.93990562380641,0.9938861805084609
imagewoof,data/imagewoof2-320/val/n02093754/n02093754_2061.JPEG,n02093754,182,Border terrier,jpeg,70,182,Border terrier,0.4465790092945099,True,25016,24315,1.0288299403660293,39.860822821044984,0.990779073894401
imagewoof,data/imagewoof2-320/val/n02093754/n02093754_2071.JPEG,n02093754,182,Border terrier,jpeg,70,182,Border terrier,0.5392324924468994,True,17689,17261,1.0247957823996292,44.31200203440692,0.9906388597181114
imagewoof,data/imagewoof2-320/val/n02093754/n02093754_2082.JPEG,n02093754,182,Border terrier,jpeg,70,182,Border terrier,0.2667815089225769,True,20990,20422,1.0278131426892567,44.57121500486841,0.9920682109372329
imagewoof,data/imagewoof2-320/val/n02093754/n02093754_2090.JPEG,n02093754,182,Border terrier,jpeg,70,182,Border terrier,0.2941147983074188,True,15430,15006,1.0282553645208583,45.78358416826993,0.9936817661850473
imagewoof,data/imagewoof2-320/val/n02093754/n02093754_210.JPEG,n02093754,182,Border terrier,jpeg,70,158,toy terrier,0.18833602964878082,False,20617,20093,1.0260787338874235,42.22729601157204,0.9914115034491914
imagewoof,data/imagewoof2-320/val/n02093754/n02093754_2150.JPEG,n02093754,182,Border terrier,jpeg,70,182,Border terrier,0.408826619386673,True,23139,22570,1.0252104563579973,42.23282407153852,0.9877776775466804
imagewoof,data/imagewoof2-320/val/n02093754/n02093754_2180.JPEG,n02093754,182,Border terrier,jpeg,70,182,Border terrier,0.23838061094284058,True,24061,23371,1.0295237687732661,43.24702003853883,0.9934387411641978
imagewoof,data/imagewoof2-320/val/n02093754/n02093754_220.JPEG,n02093754,182,Border terrier,jpeg,70,182,Border terrier,0.3088282346725464,True,30729,29876,1.0285513455616548,41.47356454632902,0.9925882865809501
imagewoof,data/imagewoof2-320/val/n02093754/n02093754_2201.JPEG,n02093754,182,Border terrier,jpeg,70,182,Border terrier,0.43793609738349915,True,32823,31786,1.0326244258478576,39.06482976466759,0.9900888451852721
imagewoof,data/imagewoof2-320/val/n02093754/n02093754_222.JPEG,n02093754,182,Border terrier,jpeg,70,182,Border terrier,0.38491496443748474,True,49242,47722,1.03185113783999,36.261623880896224,0.9902912389481952
imagewoof,data/imagewoof2-320/val/n02093754/n02093754_2230.JPEG,n02093754,182,Border terrier,jpeg,70,182,Border terrier,0.25773942470550537,True,34463,33622,1.025013384093748,39.902794080854704,0.9911968353509057
imagewoof,data/imagewoof2-320/val/n02093754/n02093754_2240.JPEG,n02093754,182,Border terrier,jpeg,70,182,Border terrier,0.34184345602989197,True,37080,36021,1.0293995169484467,40.607231134869565,0.9910963504246416
imagewoof,data/imagewoof2-320/val/n02093754/n02093754_2251.JPEG,n02093754,182,Border terrier,jpeg,70,182,Border terrier,0.41843846440315247,True,20025,19584,1.0225183823529411,44.10733183594584,0.9902537963607337
imagewoof,data/imagewoof2-320/val/n02093754/n02093754_2262.JPEG,n02093754,182,Border terrier,jpeg,70,182,Border terrier,0.44978928565979004,True,23853,23299,1.0237778445426842,44.421605131259966,0.9919286380333685
imagewoof,data/imagewoof2-320/val/n02093754/n02093754_2281.JPEG,n02093754,182,Border terrier,jpeg,70,182,Border terrier,0.3855007588863373,True,33191,32294,1.0277760574719763,39.88351402521591,0.9901214015669714
imagewoof,data/imagewoof2-320/val/n02093754/n02093754_2282.JPEG,n02093754,182,Border terrier,jpeg,70,182,Border terrier,0.5464566946029663,True,34364,33353,1.0303121158516475,39.47180119177252,0.9921426674846382
imagewoof,data/imagewoof2-320/val/n02093754/n02093754_2291.JPEG,n02093754,182,Border terrier,jpeg,70,226,briard,0.059779584407806396,False,27051,26271,1.0296905332876556,41.12362512844496,0.9830751369561431
imagewoof,data/imagewoof2-320/val/n02093754/n02093754_2302.JPEG,n02093754,182,Border terrier,jpeg,70,182,Border terrier,0.4099805951118469,True,31231,31320,0.9971583652618136,39.922198088031124,0.9934025632244466
imagewoof,data/imagewoof2-320/val/n02093754/n02093754_231.JPEG,n02093754,182,Border terrier,jpeg,70,182,Border terrier,0.513099730014801,True,42846,41426,1.0342779896683243,37.298481489398426,0.9908284327993379
imagewoof,data/imagewoof2-320/val/n02093754/n02093754_2310.JPEG,n02093754,182,Border terrier,jpeg,70,182,Border terrier,0.16057585179805756,True,21117,20564,1.0268916553199767,43.37813682687751,0.9920410282146407
imagewoof,data/imagewoof2-320/val/n02093754/n02093754_2312.JPEG,n02093754,182,Border terrier,jpeg,70,182,Border terrier,0.39637207984924316,True,32587,31533,1.0334253004788634,40.0598409611031,0.9908963180373188
imagewoof,data/imagewoof2-320/val/n02093754/n02093754_232.JPEG,n02093754,182,Border terrier,jpeg,70,182,Border terrier,0.4053907096385956,True,21068,20560,1.0247081712062256,44.48223741526722,0.9908025669311992
imagewoof,data/imagewoof2-320/val/n02093754/n02093754_2342.JPEG,n02093754,182,Border terrier,jpeg,70,182,Border terrier,0.34098851680755615,True,21997,21293,1.0330625088057108,44.45427454999014,0.9946360847863446
imagewoof,data/imagewoof2-320/val/n02093754/n02093754_2390.JPEG,n02093754,182,Border terrier,jpeg,70,182,Border terrier,0.37692275643348694,True,34108,33137,1.0293025922684613,40.101129881181386,0.9919374262815497
imagewoof,data/imagewoof2-320/val/n02093754/n02093754_2430.JPEG,n02093754,182,Border terrier,jpeg,70,182,Border terrier,0.5606808066368103,True,48887,46939,1.0415006710837469,34.68155709472953,0.9883970208408793
imagewoof,data/imagewoof2-320/val/n02093754/n02093754_2441.JPEG,n02093754,182,Border terrier,jpeg,70,182,Border terrier,0.5882689952850342,True,21518,21036,1.0229131013500665,43.70236614859564,0.9904166995945417
imagewoof,data/imagewoof2-320/val/n02093754/n02093754_2442.JPEG,n02093754,182,Border terrier,jpeg,70,182,Border terrier,0.3536885678768158,True,20217,19804,1.020854372853969,43.485344908100245,0.9917728451304013
imagewoof,data/imagewoof2-320/val/n02093754/n02093754_2510.JPEG,n02093754,182,Border terrier,jpeg,70,182,Border terrier,0.15603654086589813,True,27648,26696,1.0356607731495355,41.41093230832347,0.9921502974696684
imagewoof,data/imagewoof2-320/val/n02093754/n02093754_2630.JPEG,n02093754,182,Border terrier,jpeg,70,182,Border terrier,0.35289520025253296,True,31733,30856,1.028422348975888,40.68944448655493,0.9917651029063755
imagewoof,data/imagewoof2-320/val/n02093754/n02093754_2681.JPEG,n02093754,182,Border terrier,jpeg,70,182,Border terrier,0.36850982904434204,True,40472,39121,1.0345338820582295,37.70049960428142,0.9903587688922165
imagewoof,data/imagewoof2-320/val/n02093754/n02093754_2692.JPEG,n02093754,182,Border terrier,jpeg,70,182,Border terrier,0.4338263273239136,True,38533,37470,1.0283693621563919,39.59586809736277,0.9914097927754217
imagewoof,data/imagewoof2-320/val/n02093754/n02093754_2711.JPEG,n02093754,182,Border terrier,jpeg,70,182,Border terrier,0.4653012454509735,True,22566,21967,1.0272681749897574,41.66231898799769,0.9922037734105267
imagewoof,data/imagewoof2-320/val/n02093754/n02093754_2742.JPEG,n02093754,182,Border terrier,jpeg,70,182,Border terrier,0.570814847946167,True,15332,14962,1.0247293142627991,46.329064311488125,0.9921931746990406
imagewoof,data/imagewoof2-320/val/n02093754/n02093754_2791.JPEG,n02093754,182,Border terrier,jpeg,70,182,Border terrier,0.2286555916070938,True,31909,30954,1.0308522323447697,40.52163220412873,0.9898841353579867
imagewoof,data/imagewoof2-320/val/n02093754/n02093754_2801.JPEG,n02093754,182,Border terrier,jpeg,70,182,Border terrier,0.46631506085395813,True,28386,27635,1.0271756830106749,42.11031230815597,0.9913610387759073
imagewoof,data/imagewoof2-320/val/n02093754/n02093754_2812.JPEG,n02093754,182,Border terrier,jpeg,70,182,Border terrier,0.5898969173431396,True,28486,27790,1.0250449802087083,41.153433282509454,0.9910836967290034
imagewoof,data/imagewoof2-320/val/n02093754/n02093754_2821.JPEG,n02093754,182,Border terrier,jpeg,70,182,Border terrier,0.46426528692245483,True,22264,21703,1.0258489609731374,43.26749215013002,0.9928071296250129
imagewoof,data/imagewoof2-320/val/n02093754/n02093754_2822.JPEG,n02093754,182,Border terrier,jpeg,70,182,Border terrier,0.4114859998226166,True,22975,22378,1.0266779873089642,42.59742933865559,0.9916040616317633
imagewoof,data/imagewoof2-320/val/n02093754/n02093754_2830.JPEG,n02093754,182,Border terrier,jpeg,70,182,Border terrier,0.5561404824256897,True,38173,36856,1.035733666160191,39.751613622341175,0.993031761275727
imagewoof,data/imagewoof2-320/val/n02093754/n02093754_2840.JPEG,n02093754,182,Border terrier,jpeg,70,182,Border terrier,0.6760221123695374,True,29630,28811,1.028426642601784,39.39823217546666,0.99062048448517
imagewoof,data/imagewoof2-320/val/n02093754/n02093754_2841.JPEG,n02093754,182,Border terrier,jpeg,70,182,Border terrier,0.4017130136489868,True,20480,19972,1.0254356098537953,44.14612247812917,0.9924587019424416
imagewoof,data/imagewoof2-320/val/n02093754/n02093754_2892.JPEG,n02093754,182,Border terrier,jpeg,70,182,Border terrier,0.4716934263706207,True,34012,32975,1.03144806671721,39.13656919763179,0.9899902312091585
imagewoof,data/imagewoof2-320/val/n02093754/n02093754_290.JPEG,n02093754,182,Border terrier,jpeg,70,182,Border terrier,0.45578092336654663,True,24355,23610,1.0315544260906395,41.036446077254276,0.9921962760278236
imagewoof,data/imagewoof2-320/val/n02093754/n02093754_2902.JPEG,n02093754,182,Border terrier,jpeg,70,182,Border terrier,0.3139669597148895,True,34468,33514,1.0284657158202541,39.77950115384921,0.9910950592615629
imagewoof,data/imagewoof2-320/val/n02093754/n02093754_3042.JPEG,n02093754,182,Border terrier,jpeg,70,182,Border terrier,0.42077958583831787,True,19215,18665,1.02946691668899,41.19612939723929,0.9926836433828835
imagewoof,data/imagewoof2-320/val/n02093754/n02093754_3060.JPEG,n02093754,182,Border terrier,jpeg,70,182,Border terrier,0.3418338894844055,True,34225,33250,1.0293233082706768,40.30545220294432,0.9921578481616965
imagewoof,data/imagewoof2-320/val/n02093754/n02093754_31.JPEG,n02093754,182,Border terrier,jpeg,70,182,Border terrier,0.5751824975013733,True,17198,16701,1.029758697084007,45.315666442410595,0.9915148956780665
imagewoof,data/imagewoof2-320/val/n02093754/n02093754_3101.JPEG,n02093754,182,Border terrier,jpeg,70,182,Border terrier,0.3541663885116577,True,37148,36063,1.0300862379724371,39.180595735434565,0.9925835028476725
imagewoof,data/imagewoof2-320/val/n02093754/n02093754_3111.JPEG,n02093754,182,Border terrier,jpeg,70,182,Border terrier,0.7206165790557861,True,27715,26957,1.0281188559557815,40.79486390143242,0.9922636671453615
imagewoof,data/imagewoof2-320/val/n02093754/n02093754_3120.JPEG,n02093754,182,Border terrier,jpeg,70,182,Border terrier,0.5237398147583008,True,26400,25492,1.035619017731053,39.68139272021641,0.99340291391461
imagewoof,data/imagewoof2-320/val/n02093754/n02093754_3151.JPEG,n02093754,182,Border terrier,jpeg,70,182,Border terrier,0.32075798511505127,True,29661,28794,1.0301104396749323,41.05969589348171,0.9918960664861673
imagewoof,data/imagewoof2-320/val/n02093754/n02093754_3152.JPEG,n02093754,182,Border terrier,jpeg,70,182,Border terrier,0.4416038691997528,True,32161,30999,1.0374850801638762,38.99393218655061,0.9947049239508144
imagewoof,data/imagewoof2-320/val/n02093754/n02093754_3162.JPEG,n02093754,182,Border terrier,jpeg,70,182,Border terrier,0.21777313947677612,True,27990,27097,1.0329556777503044,39.997680837418905,0.9909972790444027
imagewoof,data/imagewoof2-320/val/n02093754/n02093754_3182.JPEG,n02093754,182,Border terrier,jpeg,70,182,Border terrier,0.34714874625205994,True,29250,28483,1.0269283432222729,40.88844165874438,0.9923774859770002
imagewoof,data/imagewoof2-320/val/n02093754/n02093754_3200.JPEG,n02093754,182,Border terrier,jpeg,70,182,Border terrier,0.30594348907470703,True,18693,18124,1.0313948355771352,43.55958244277161,0.9850509347868271
imagewoof,data/imagewoof2-320/val/n02093754/n02093754_3202.JPEG,n02093754,182,Border terrier,jpeg,70,182,Border terrier,0.2533412575721741,True,22242,21647,1.027486487735021,42.85427479841212,0.9920020349979047
imagewoof,data/imagewoof2-320/val/n02093754/n02093754_322.JPEG,n02093754,182,Border terrier,jpeg,70,182,Border terrier,0.27047210931777954,True,26505,25743,1.0296002796876822,41.7167797418179,0.9915755734580524
imagewoof,data/imagewoof2-320/val/n02093754/n02093754_3241.JPEG,n02093754,182,Border terrier,jpeg,70,182,Border terrier,0.6516062617301941,True,21024,20478,1.0266627600351597,41.15625702114996,0.9914901584535559
imagewoof,data/imagewoof2-320/val/n02093754/n02093754_3270.JPEG,n02093754,182,Border terrier,jpeg,70,182,Border terrier,0.6154025197029114,True,24564,24069,1.020565873114795,43.249927520637115,0.991591679466079
imagewoof,data/imagewoof2-320/val/n02093754/n02093754_3281.JPEG,n02093754,182,Border terrier,jpeg,70,182,Border terrier,0.5069410800933838,True,24091,23409,1.0291340937246358,42.544616252188064,0.9914197960121145
imagewoof,data/imagewoof2-320/val/n02093754/n02093754_3302.JPEG,n02093754,182,Border terrier,jpeg,70,182,Border terrier,0.3872026801109314,True,24924,24221,1.0290244003137774,43.72511814126818,0.9919070455078894
imagewoof,data/imagewoof2-320/val/n02093754/n02093754_3350.JPEG,n02093754,182,Border terrier,jpeg,70,182,Border terrier,0.18869486451148987,True,32392,31591,1.0253553227184957,39.95205544734022,0.9902057585651424
imagewoof,data/imagewoof2-320/val/n02093754/n02093754_3351.JPEG,n02093754,182,Border terrier,jpeg,70,182,Border terrier,0.3610101044178009,True,30424,29523,1.0305185787352233,40.90719161452448,0.9920500631528646
imagewoof,data/imagewoof2-320/val/n02093754/n02093754_3372.JPEG,n02093754,182,Border terrier,jpeg,70,182,Border terrier,0.6193252801895142,True,46564,44925,1.0364830272676684,38.15633472827717,0.994052297634843
imagewoof,data/imagewoof2-320/val/n02093754/n02093754_3400.JPEG,n02093754,182,Border terrier,jpeg,70,182,Border terrier,0.5168264508247375,True,19271,18711,1.0299289188178078,42.92721347449352,0.9939308585749064
imagewoof,data/imagewoof2-320/val/n02093754/n02093754_341.JPEG,n02093754,182,Border terrier,jpeg,70,231,collie,0.10313689708709717,False,27558,26879,1.0252613564492727,42.46383755610414,0.9908173990662276
imagewoof,data/imagewoof2-320/val/n02093754/n02093754_3432.JPEG,n02093754,182,Border terrier,jpeg,70,182,Border terrier,0.24488061666488647,True,21975,21374,1.0281182745391597,43.56234339841972,0.9919353254052589
imagewoof,data/imagewoof2-320/val/n02093754/n02093754_3442.JPEG,n02093754,182,Border terrier,jpeg,70,182,Border terrier,0.3000103235244751,True,23981,23365,1.0263642199871603,42.689395032922306,0.9924888831597175
imagewoof,data/imagewoof2-320/val/n02093754/n02093754_3482.JPEG,n02093754,182,Border terrier,jpeg,70,182,Border terrier,0.4362514317035675,True,19702,19291,1.0213052718884454,44.786657462512245,0.991591622943746
imagewoof,data/imagewoof2-320/val/n02093754/n02093754_3530.JPEG,n02093754,182,Border terrier,jpeg,70,182,Border terrier,0.4034210443496704,True,19244,18897,1.0183627030745621,46.12568694985455,0.9917898775575559
imagewoof,data/imagewoof2-320/val/n02093754/n02093754_3571.JPEG,n02093754,182,Border terrier,jpeg,70,182,Border terrier,0.39896291494369507,True,29763,28850,1.0316464471403812,41.13739470119179,0.9911877023943584
imagewoof,data/imagewoof2-320/val/n02093754/n02093754_360.JPEG,n02093754,182,Border terrier,jpeg,70,182,Border terrier,0.25680050253868103,True,25568,24899,1.0268685489377083,41.921177732884665,0.992711564305997
imagewoof,data/imagewoof2-320/val/n02093754/n02093754_3601.JPEG,n02093754,182,Border terrier,jpeg,70,182,Border terrier,0.43876245617866516,True,22889,22284,1.0271495243223838,43.85832406242656,0.9919807354746814
imagewoof,data/imagewoof2-320/val/n02093754/n02093754_3602.JPEG,n02093754,182,Border terrier,jpeg,70,182,Border terrier,0.31954923272132874,True,17221,16741,1.0286721223343886,42.612135436001324,0.9912024694904934
imagewoof,data/imagewoof2-320/val/n02093754/n02093754_361.JPEG,n02093754,182,Border terrier,jpeg,70,182,Border terrier,0.23442518711090088,True,24984,24431,1.0226351766198682,41.95767806258875,0.9908725365356381
imagewoof,data/imagewoof2-320/val/n02093754/n02093754_3751.JPEG,n02093754,182,Border terrier,jpeg,70,182,Border terrier,0.420667827129364,True,26133,25497,1.0249441110718909,41.573906736641405,0.9883041172861003
imagewoof,data/imagewoof2-320/val/n02093754/n02093754_3761.JPEG,n02093754,182,Border terrier,jpeg,70,182,Border terrier,0.478411465883255,True,23096,22589,1.0224445526583736,43.292921064017776,0.9920103002008137
imagewoof,data/imagewoof2-320/val/n02093754/n02093754_3770.JPEG,n02093754,182,Border terrier,jpeg,70,182,Border terrier,0.3575787842273712,True,34216,33312,1.0271373679154658,40.31410385103363,0.992166519696434
imagewoof,data/imagewoof2-320/val/n02093754/n02093754_3792.JPEG,n02093754,182,Border terrier,jpeg,70,182,Border terrier,0.44968757033348083,True,18191,17724,1.0263484540735726,43.65785945267134,0.9917293809667399
imagewoof,data/imagewoof2-320/val/n02093754/n02093754_3860.JPEG,n02093754,182,Border terrier,jpeg,70,182,Border terrier,0.380291610956192,True,43588,42258,1.0314733304936343,37.635844798458734,0.9916528740843099
imagewoof,data/imagewoof2-320/val/n02093754/n02093754_3871.JPEG,n02093754,182,Border terrier,jpeg,70,182,Border terrier,0.36074593663215637,True,24793,24253,1.0222652867686473,42.20946137816762,0.9901381292668646
imagewoof,data/imagewoof2-320/val/n02093754/n02093754_3901.JPEG,n02093754,182,Border terrier,jpeg,70,182,Border terrier,0.3737611472606659,True,21292,20779,1.0246883873141153,42.9015797169492,0.9908993488251978
imagewoof,data/imagewoof2-320/val/n02093754/n02093754_3902.JPEG,n02093754,182,Border terrier,jpeg,70,182,Border terrier,0.2816733419895172,True,26613,25881,1.0282832966268691,40.45745914283033,0.9913774243355801
imagewoof,data/imagewoof2-320/val/n02093754/n02093754_3912.JPEG,n02093754,182,Border terrier,jpeg,70,182,Border terrier,0.5422250628471375,True,32889,31835,1.0331082142296215,38.801925793649616,0.9918757164349508
imagewoof,data/imagewoof2-320/val/n02093754/n02093754_3972.JPEG,n02093754,182,Border terrier,jpeg,70,182,Border terrier,0.5324389338493347,True,36320,35104,1.0346399270738378,41.55516406252852,0.994148679016205
imagewoof,data/imagewoof2-320/val/n02093754/n02093754_4011.JPEG,n02093754,182,Border terrier,jpeg,70,182,Border terrier,0.43588143587112427,True,44939,43561,1.0316338008769312,37.01073165812656,0.9908177070353076
imagewoof,data/imagewoof2-320/val/n02093754/n02093754_4042.JPEG,n02093754,182,Border terrier,jpeg,70,182,Border terrier,0.47782811522483826,True,18640,18174,1.0256410256410255,43.07967830886457,0.9909067397211947
imagewoof,data/imagewoof2-320/val/n02093754/n02093754_4051.JPEG,n02093754,182,Border terrier,jpeg,70,182,Border terrier,0.49172013998031616,True,24734,24098,1.0263922317204748,44.204782916827625,0.9914697201776854
imagewoof,data/imagewoof2-320/val/n02093754/n02093754_4070.JPEG,n02093754,182,Border terrier,jpeg,70,182,Border terrier,0.37468594312667847,True,30827,29964,1.0288012281404353,41.94337656247576,0.9919144675568937
imagewoof,data/imagewoof2-320/val/n02093754/n02093754_4072.JPEG,n02093754,182,Border terrier,jpeg,70,182,Border terrier,0.3897067606449127,True,54661,52797,1.0353050362710003,34.76192046244084,0.9911341870096283
imagewoof,data/imagewoof2-320/val/n02093754/n02093754_4081.JPEG,n02093754,182,Border terrier,jpeg,70,182,Border terrier,0.4763581454753876,True,53653,51508,1.041644016463462,34.75230331886992,0.9911162891516012
imagewoof,data/imagewoof2-320/val/n02093754/n02093754_4091.JPEG,n02093754,182,Border terrier,jpeg,70,182,Border terrier,0.20001302659511566,True,32162,31256,1.0289864346045559,41.21240076575346,0.9920707106562233
imagewoof,data/imagewoof2-320/val/n02093754/n02093754_41.JPEG,n02093754,182,Border terrier,jpeg,70,182,Border terrier,0.3386940658092499,True,30379,29550,1.0280541455160745,41.318893477134935,0.9917001994744891
imagewoof,data/imagewoof2-320/val/n02093754/n02093754_411.JPEG,n02093754,182,Border terrier,jpeg,70,182,Border terrier,0.4343453347682953,True,46926,45382,1.0340222995901458,36.51155010333137,0.990899458859468
imagewoof,data/imagewoof2-320/val/n02093754/n02093754_4110.JPEG,n02093754,182,Border terrier,jpeg,70,182,Border terrier,0.36509406566619873,True,38224,37125,1.0296026936026936,38.717866457996145,0.9900809286013278
imagewoof,data/imagewoof2-320/val/n02093754/n02093754_4111.JPEG,n02093754,182,Border terrier,jpeg,70,182,Border terrier,0.3850964605808258,True,27518,26766,1.0280953448404693,41.64230697846628,0.9913906703102212
imagewoof,data/imagewoof2-320/val/n02093754/n02093754_4112.JPEG,n02093754,182,Border terrier,jpeg,70,182,Border terrier,0.3052964508533478,True,49243,47701,1.0323263663235571,36.04479355073055,0.9909250872238258
imagewoof,data/imagewoof2-320/val/n02093754/n02093754_4120.JPEG,n02093754,182,Border terrier,jpeg,70,182,Border terrier,0.4321347773075104,True,25111,24264,1.034907682162875,41.52416365316449,0.9851990025860481
imagewoof,data/imagewoof2-320/val/n02093754/n02093754_4122.JPEG,n02093754,182,Border terrier,jpeg,70,182,Border terrier,0.5313711166381836,True,18474,18091,1.021170747885689,43.79947928912377,0.99186216489624
imagewoof,data/imagewoof2-320/val/n02093754/n02093754_4161.JPEG,n02093754,182,Border terrier,jpeg,70,182,Border terrier,0.41438546776771545,True,37754,36453,1.0356897923353359,37.448270660855776,0.9860759648221921
imagewoof,data/imagewoof2-320/val/n02093754/n02093754_4192.JPEG,n02093754,182,Border terrier,jpeg,70,182,Border terrier,0.48993080854415894,True,17383,16927,1.0269392095468777,45.620402178819944,0.9916960930684923
imagewoof,data/imagewoof2-320/val/n02093754/n02093754_4202.JPEG,n02093754,182,Border terrier,jpeg,70,182,Border terrier,0.25244906544685364,True,32141,31219,1.0295332970306543,39.93711360262758,0.9921066148915719
imagewoof,data/imagewoof2-320/val/n02093754/n02093754_421.JPEG,n02093754,182,Border terrier,jpeg,70,182,Border terrier,0.4001050591468811,True,22794,22217,1.0259711032092542,45.134311949590156,0.989079374891415
imagewoof,data/imagewoof2-320/val/n02093754/n02093754_4261.JPEG,n02093754,182,Border terrier,jpeg,70,182,Border terrier,0.4024076461791992,True,23748,23026,1.031355858594632,41.042310810310816,0.9900398915203402
imagewoof,data/imagewoof2-320/val/n02093754/n02093754_4271.JPEG,n02093754,182,Border terrier,jpeg,70,182,Border terrier,0.48417410254478455,True,26787,25968,1.0315388170055453,43.84833685248669,0.9939407991270807
imagewoof,data/imagewoof2-320/val/n02093754/n02093754_4272.JPEG,n02093754,182,Border terrier,jpeg,70,182,Border terrier,0.285660058259964,True,26183,25370,1.0320457232952305,42.2165707939015,0.992035265208442
imagewoof,data/imagewoof2-320/val/n02093754/n02093754_4300.JPEG,n02093754,182,Border terrier,jpeg,70,182,Border terrier,0.43968114256858826,True,17834,17371,1.0266536180991308,43.92237922983493,0.9901729663037923
imagewoof,data/imagewoof2-320/val/n02093754/n02093754_4302.JPEG,n02093754,182,Border terrier,jpeg,70,182,Border terrier,0.0967545360326767,True,52589,50766,1.0359098609305442,35.57119374151622,0.9931218235323174
imagewoof,data/imagewoof2-320/val/n02093754/n02093754_4332.JPEG,n02093754,182,Border terrier,jpeg,70,182,Border terrier,0.2749144732952118,True,25019,24433,1.023983956124913,39.57234788357905,0.9906466367365119
imagewoof,data/imagewoof2-320/val/n02093754/n02093754_4361.JPEG,n02093754,182,Border terrier,jpeg,70,182,Border terrier,0.2010296732187271,True,29764,29893,0.9956846084367578,41.59287032896718,0.9937110530440223
imagewoof,data/imagewoof2-320/val/n02093754/n02093754_4372.JPEG,n02093754,182,Border terrier,jpeg,70,182,Border terrier,0.3531591296195984,True,25555,24859,1.0279979082022608,42.50798506670593,0.9918766561312591
imagewoof,data/imagewoof2-320/val/n02093754/n02093754_4411.JPEG,n02093754,182,Border terrier,jpeg,70,182,Border terrier,0.2653134763240814,True,13567,13202,1.0276473261627026,46.591514917483295,0.9933966480058415
imagewoof,data/imagewoof2-320/val/n02093754/n02093754_4412.JPEG,n02093754,182,Border terrier,jpeg,70,182,Border terrier,0.4971652030944824,True,38211,37022,1.0321160391118793,37.77161032158168,0.980822412983181
imagewoof,data/imagewoof2-320/val/n02093754/n02093754_4420.JPEG,n02093754,182,Border terrier,jpeg,70,182,Border terrier,0.764727771282196,True,21850,21253,1.0280901519785441,43.541223831110116,0.9911242093401752
imagewoof,data/imagewoof2-320/val/n02093754/n02093754_4421.JPEG,n02093754,182,Border terrier,jpeg,70,182,Border terrier,0.5383116602897644,True,24091,23649,1.0186900080341663,43.67437868233913,0.9897899552985923
imagewoof,data/imagewoof2-320/val/n02093754/n02093754_4452.JPEG,n02093754,182,Border terrier,jpeg,70,182,Border terrier,0.44875386357307434,True,26712,26078,1.0243116803435846,41.90214046451494,0.9913583979313328
imagewoof,data/imagewoof2-320/val/n02093754/n02093754_4460.JPEG,n02093754,182,Border terrier,jpeg,70,182,Border terrier,0.42066285014152527,True,24942,24246,1.0287057658995298,42.20445821796545,0.9924362032772405
imagewoof,data/imagewoof2-320/val/n02093754/n02093754_4480.JPEG,n02093754,182,Border terrier,jpeg,70,180,American Staffordshire terrier,0.15402653813362122,False,20418,19728,1.0349756690997567,42.930428512344136,0.9922262745081546
imagewoof,data/imagewoof2-320/val/n02093754/n02093754_4490.JPEG,n02093754,182,Border terrier,jpeg,70,182,Border terrier,0.37358471751213074,True,29885,29066,1.0281772517718297,41.47728517596469,0.992066446575396
imagewoof,data/imagewoof2-320/val/n02093754/n02093754_4510.JPEG,n02093754,182,Border terrier,jpeg,70,182,Border terrier,0.33166569471359253,True,24908,24133,1.032113703227945,42.55800556112597,0.9932198967158835
imagewoof,data/imagewoof2-320/val/n02093754/n02093754_4522.JPEG,n02093754,182,Border terrier,jpeg,70,182,Border terrier,0.26286959648132324,True,30333,29606,1.0245558332770384,41.08731686827471,0.9903852699973918
imagewoof,data/imagewoof2-320/val/n02093754/n02093754_4550.JPEG,n02093754,182,Border terrier,jpeg,70,182,Border terrier,0.33169621229171753,True,22265,21784,1.0220804260007346,44.28064372257532,0.9913208956018481
imagewoof,data/imagewoof2-320/val/n02093754/n02093754_4580.JPEG,n02093754,182,Border terrier,jpeg,70,182,Border terrier,0.44174468517303467,True,22551,21940,1.027848678213309,43.43068675502896,0.9921299517651173
imagewoof,data/imagewoof2-320/val/n02093754/n02093754_4582.JPEG,n02093754,182,Border terrier,jpeg,70,182,Border terrier,0.31210747361183167,True,25148,24412,1.0301491069965591,43.14821727666793,0.9927629578304367
imagewoof,data/imagewoof2-320/val/n02093754/n02093754_460.JPEG,n02093754,182,Border terrier,jpeg,70,182,Border terrier,0.5786981582641602,True,31350,30405,1.0310804144055254,40.38665788432155,0.9914935651397802
imagewoof,data/imagewoof2-320/val/n02093754/n02093754_4671.JPEG,n02093754,182,Border terrier,jpeg,70,182,Border terrier,0.38879913091659546,True,27653,26883,1.0286426366104973,41.23500648181714,0.9905270934787441
imagewoof,data/imagewoof2-320/val/n02093754/n02093754_4702.JPEG,n02093754,182,Border terrier,jpeg,70,182,Border terrier,0.34114694595336914,True,46627,45267,1.0300439613846732,36.46672775106595,0.9898439751700719
imagewoof,data/imagewoof2-320/val/n02093754/n02093754_4710.JPEG,n02093754,182,Border terrier,jpeg,70,185,Norfolk terrier,0.13128377497196198,False,17623,17151,1.0275202612092589,42.88509262264967,0.9888126770857539
imagewoof,data/imagewoof2-320/val/n02093754/n02093754_4712.JPEG,n02093754,182,Border terrier,jpeg,70,182,Border terrier,0.5857285261154175,True,30792,29924,1.0290068172704183,40.521551441530754,0.9915510340631976
imagewoof,data/imagewoof2-320/val/n02093754/n02093754_4721.JPEG,n02093754,182,Border terrier,jpeg,70,182,Border terrier,0.48195168375968933,True,60794,58796,1.0339819035308524,32.649991523399954,0.9901276801029543
imagewoof,data/imagewoof2-320/val/n02093754/n02093754_4722.JPEG,n02093754,182,Border terrier,jpeg,70,182,Border terrier,0.27495506405830383,True,26921,26171,1.0286576745252378,39.350772386058075,0.9924578746593147
imagewoof,data/imagewoof2-320/val/n02093754/n02093754_4730.JPEG,n02093754,182,Border terrier,jpeg,70,182,Border terrier,0.33144792914390564,True,22629,21996,1.0287779596290234,42.838121659385955,0.9917461861915471
imagewoof,data/imagewoof2-320/val/n02093754/n02093754_4741.JPEG,n02093754,182,Border terrier,jpeg,70,182,Border terrier,0.4290076494216919,True,30583,29719,1.029072310643023,41.07548906331345,0.9903630644223339
imagewoof,data/imagewoof2-320/val/n02093754/n02093754_4751.JPEG,n02093754,182,Border terrier,jpeg,70,182,Border terrier,0.6188264489173889,True,31613,30647,1.0315202140503148,39.588451709245504,0.9915518417496116
imagewoof,data/imagewoof2-320/val/n02093754/n02093754_4772.JPEG,n02093754,182,Border terrier,jpeg,70,182,Border terrier,0.307973176240921,True,13460,13052,1.0312595770763102,43.17248406436492,0.9927549723353387
imagewoof,data/imagewoof2-320/val/n02093754/n02093754_4782.JPEG,n02093754,182,Border terrier,jpeg,70,182,Border terrier,0.4629532992839813,True,29135,28093,1.037091090307194,39.2958956508616,0.9903339267197993
imagewoof,data/imagewoof2-320/val/n02093754/n02093754_480.JPEG,n02093754,182,Border terrier,jpeg,70,182,Border terrier,0.5426993370056152,True,26787,26152,1.0242811257265219,41.02390748740888,0.9884547575278887
imagewoof,data/imagewoof2-320/val/n02093754/n02093754_4842.JPEG,n02093754,182,Border terrier,jpeg,70,182,Border terrier,0.40775954723358154,True,39415,38290,1.029381039435884,37.62198271105272,0.991271472867815
imagewoof,data/imagewoof2-320/val/n02093754/n02093754_4892.JPEG,n02093754,182,Border terrier,jpeg,70,182,Border terrier,0.3706724941730499,True,22858,22297,1.0251603354711396,41.902398049826374,0.9914870332620666
imagewoof,data/imagewoof2-320/val/n02093754/n02093754_4910.JPEG,n02093754,182,Border terrier,jpeg,70,182,Border terrier,0.6542831659317017,True,28478,27753,1.026123301985371,41.38430718375772,0.990419724134694
imagewoof,data/imagewoof2-320/val/n02093754/n02093754_4940.JPEG,n02093754,182,Border terrier,jpeg,70,182,Border terrier,0.5895271897315979,True,19747,19203,1.0283289069416237,44.59472453600352,0.9924710734183876
imagewoof,data/imagewoof2-320/val/n02093754/n02093754_4942.JPEG,n02093754,182,Border terrier,jpeg,70,182,Border terrier,0.5034669637680054,True,37871,36645,1.0334561331696002,37.7221665503247,0.9911620609562147
imagewoof,data/imagewoof2-320/val/n02093754/n02093754_4992.JPEG,n02093754,182,Border terrier,jpeg,70,182,Border terrier,0.44980403780937195,True,40630,39342,1.032738549133242,34.98568668311223,0.9906676389046295
imagewoof,data/imagewoof2-320/val/n02093754/n02093754_50.JPEG,n02093754,182,Border terrier,jpeg,70,182,Border terrier,0.4547201991081238,True,18368,17929,1.0244854704668414,43.0881960334252,0.9934370404657765
imagewoof,data/imagewoof2-320/val/n02093754/n02093754_500.JPEG,n02093754,182,Border terrier,jpeg,70,182,Border terrier,0.3603056073188782,True,21402,20962,1.0209903635149318,44.22948760646971,0.9918758905409012
imagewoof,data/imagewoof2-320/val/n02093754/n02093754_5012.JPEG,n02093754,182,Border terrier,jpeg,70,182,Border terrier,0.47077473998069763,True,28606,27939,1.0238734385625827,41.887585635921276,0.9911853417471939
imagewoof,data/imagewoof2-320/val/n02093754/n02093754_5030.JPEG,n02093754,182,Border terrier,jpeg,70,182,Border terrier,0.38456782698631287,True,19406,18797,1.0323987870404852,43.077830831277765,0.992587967401677
imagewoof,data/imagewoof2-320/val/n02093754/n02093754_5052.JPEG,n02093754,182,Border terrier,jpeg,70,182,Border terrier,0.4929262399673462,True,25778,25090,1.0274212833798326,41.33208317071744,0.9899039109125086
imagewoof,data/imagewoof2-320/val/n02093754/n02093754_5061.JPEG,n02093754,182,Border terrier,jpeg,70,182,Border terrier,0.43748897314071655,True,22132,21488,1.029970215934475,40.837238912692435,0.9901676935246613
imagewoof,data/imagewoof2-320/val/n02093754/n02093754_5062.JPEG,n02093754,182,Border terrier,jpeg,70,182,Border terrier,0.43183428049087524,True,29785,28966,1.028274528757854,41.290793225334056,0.9923476555092275
imagewoof,data/imagewoof2-320/val/n02093754/n02093754_5090.JPEG,n02093754,182,Border terrier,jpeg,70,182,Border terrier,0.44710251688957214,True,25651,24886,1.030740175198907,42.66848357065556,0.9921644704702608
imagewoof,data/imagewoof2-320/val/n02093754/n02093754_51.JPEG,n02093754,182,Border terrier,jpeg,70,182,Border terrier,0.5754972696304321,True,31424,30227,1.0396003572964567,39.958612391127794,0.992856307482595
imagewoof,data/imagewoof2-320/val/n02093754/n02093754_5142.JPEG,n02093754,182,Border terrier,jpeg,70,182,Border terrier,0.4170988202095032,True,33334,32206,1.0350245295907594,37.12882301278257,0.9917481599603488
imagewoof,data/imagewoof2-320/val/n02093754/n02093754_5170.JPEG,n02093754,182,Border terrier,jpeg,70,182,Border terrier,0.5558831095695496,True,12206,11914,1.0245089810307202,45.17203426979411,0.9907076882201541
imagewoof,data/imagewoof2-320/val/n02093754/n02093754_5171.JPEG,n02093754,182,Border terrier,jpeg,70,182,Border terrier,0.45866653323173523,True,37299,36306,1.027350851098992,39.15403804411143,0.9892251497954293
imagewoof,data/imagewoof2-320/val/n02093754/n02093754_5172.JPEG,n02093754,182,Border terrier,jpeg,70,182,Border terrier,0.17051027715206146,True,31275,30173,1.036522718987174,40.071860454139944,0.9906647966957504
imagewoof,data/imagewoof2-320/val/n02093754/n02093754_5190.JPEG,n02093754,182,Border terrier,jpeg,70,182,Border terrier,0.5818590521812439,True,14911,14480,1.0297651933701657,45.48986418871113,0.9935279024466165
imagewoof,data/imagewoof2-320/val/n02093754/n02093754_5192.JPEG,n02093754,182,Border terrier,jpeg,70,182,Border terrier,0.35139116644859314,True,25421,24795,1.025247025610002,40.49966371211288,0.9918397462707875
imagewoof,data/imagewoof2-320/val/n02093754/n02093754_521.JPEG,n02093754,182,Border terrier,jpeg,70,182,Border terrier,0.42773064970970154,True,25437,24772,1.026844824802196,43.19815446764431,0.9913314950528792
imagewoof,data/imagewoof2-320/val/n02093754/n02093754_5211.JPEG,n02093754,182,Border terrier,jpeg,70,182,Border terrier,0.0966401994228363,True,18557,18075,1.0266666666666666,44.618865515770864,0.9929893493622318
imagewoof,data/imagewoof2-320/val/n02093754/n02093754_5240.JPEG,n02093754,182,Border terrier,jpeg,70,182,Border terrier,0.2486780285835266,True,33669,32502,1.0359054827395238,38.23954318798222,0.9868909085674886
imagewoof,data/imagewoof2-320/val/n02093754/n02093754_5252.JPEG,n02093754,182,Border terrier,jpeg,70,155,Shih-Tzu,0.32474827766418457,False,30609,29675,1.031474304970514,41.665455473474616,0.9912035999057949
imagewoof,data/imagewoof2-320/val/n02093754/n02093754_5260.JPEG,n02093754,182,Border terrier,jpeg,70,182,Border terrier,0.4068275988101959,True,33009,31994,1.0317246983809465,40.25529084515678,0.9921617048577044
imagewoof,data/imagewoof2-320/val/n02093754/n02093754_5261.JPEG,n02093754,182,Border terrier,jpeg,70,182,Border terrier,0.29918143153190613,True,20081,19616,1.0237051386623164,44.2352781254054,0.9892665528495762
imagewoof,data/imagewoof2-320/val/n02093754/n02093754_5270.JPEG,n02093754,182,Border terrier,jpeg,70,182,Border terrier,0.46411439776420593,True,30041,29189,1.0291890780773578,41.54864773838969,0.9892066013426414
imagewoof,data/imagewoof2-320/val/n02093754/n02093754_5271.JPEG,n02093754,182,Border terrier,jpeg,70,182,Border terrier,0.4049025774002075,True,26803,26016,1.0302506150061501,42.274177184440134,0.9911764961791132
imagewoof,data/imagewoof2-320/val/n02093754/n02093754_5272.JPEG,n02093754,182,Border terrier,jpeg,70,182,Border terrier,0.3197271227836609,True,19089,18527,1.0303341069790035,43.1052060272671,0.9908232634718163
imagewoof,data/imagewoof2-320/val/n02093754/n02093754_5290.JPEG,n02093754,182,Border terrier,jpeg,70,182,Border terrier,0.3957582414150238,True,24015,23483,1.0226546863688626,43.37179582425621,0.9909265690774768
imagewoof,data/imagewoof2-320/val/n02093754/n02093754_5292.JPEG,n02093754,182,Border terrier,jpeg,70,262,Brabancon griffon,0.23426154255867004,False,17879,17448,1.024701971572673,45.74927441231062,0.992833494561482
imagewoof,data/imagewoof2-320/val/n02093754/n02093754_5342.JPEG,n02093754,182,Border terrier,jpeg,70,182,Border terrier,0.4909152090549469,True,17729,17243,1.0281853505770457,44.71555676782309,0.9910473995327796
imagewoof,data/imagewoof2-320/val/n02093754/n02093754_5360.JPEG,n02093754,182,Border terrier,jpeg,70,182,Border terrier,0.20438674092292786,True,29462,28666,1.0277680876299449,39.3988645964768,0.9906211651493985
imagewoof,data/imagewoof2-320/val/n02093754/n02093754_5391.JPEG,n02093754,182,Border terrier,jpeg,70,182,Border terrier,0.43241482973098755,True,32223,31239,1.031499087678863,40.039148918611986,0.9909324274260042
imagewoof,data/imagewoof2-320/val/n02093754/n02093754_5401.JPEG,n02093754,182,Border terrier,jpeg,70,182,Border terrier,0.3627168834209442,True,36782,35682,1.0308278683930272,39.682624621919075,0.9926571163359009
imagewoof,data/imagewoof2-320/val/n02093754/n02093754_541.JPEG,n02093754,182,Border terrier,jpeg,70,182,Border terrier,0.48726189136505127,True,21880,21370,1.0238652316331305,44.55404773056277,0.9899513790667687
imagewoof,data/imagewoof2-320/val/n02093754/n02093754_5410.JPEG,n02093754,182,Border terrier,jpeg,70,182,Border terrier,0.4621150493621826,True,47160,45412,1.0384920285387123,36.52197977145224,0.9922242023322146
imagewoof,data/imagewoof2-320/val/n02093754/n02093754_5412.JPEG,n02093754,182,Border terrier,jpeg,70,182,Border terrier,0.4070882201194763,True,15914,16556,0.9612225175163083,44.10361355047843,0.9945103768583352
imagewoof,data/imagewoof2-320/val/n02093754/n02093754_5420.JPEG,n02093754,182,Border terrier,jpeg,70,978,seashore,0.14397519826889038,False,17385,17029,1.0209055141229666,45.46082022999684,0.9931948096231423
imagewoof,data/imagewoof2-320/val/n02093754/n02093754_5422.JPEG,n02093754,182,Border terrier,jpeg,70,182,Border terrier,0.5043473243713379,True,30288,29406,1.029993878800245,41.63761773964971,0.9920615570995541
imagewoof,data/imagewoof2-320/val/n02093754/n02093754_5431.JPEG,n02093754,182,Border terrier,jpeg,70,182,Border terrier,0.3492274284362793,True,28305,27495,1.0294599018003274,41.43359760207539,0.9896215563299712
imagewoof,data/imagewoof2-320/val/n02093754/n02093754_5451.JPEG,n02093754,182,Border terrier,jpeg,70,182,Border terrier,0.6816516518592834,True,18957,18509,1.0242044410827165,43.595688938299524,0.9927326436314617
imagewoof,data/imagewoof2-320/val/n02093754/n02093754_5470.JPEG,n02093754,182,Border terrier,jpeg,70,182,Border terrier,0.5769890546798706,True,21649,21052,1.0283583507505225,42.85823468068398,0.9901655011177684
imagewoof,data/imagewoof2-320/val/n02093754/n02093754_551.JPEG,n02093754,182,Border terrier,jpeg,70,182,Border terrier,0.47574397921562195,True,17630,17291,1.0196055751547048,45.410832947176765,0.9931170587678747
imagewoof,data/imagewoof2-320/val/n02093754/n02093754_5522.JPEG,n02093754,182,Border terrier,jpeg,70,182,Border terrier,0.5436398386955261,True,35129,33987,1.0336010827669404,40.525875659179704,0.9922136267377185
imagewoof,data/imagewoof2-320/val/n02093754/n02093754_5530.JPEG,n02093754,182,Border terrier,jpeg,70,182,Border terrier,0.08948279172182083,True,19240,18660,1.0310825294748125,46.2119399019835,0.9928101461731275
imagewoof,data/imagewoof2-320/val/n02093754/n02093754_5551.JPEG,n02093754,182,Border terrier,jpeg,70,182,Border terrier,0.5472807884216309,True,24269,23626,1.0272157792262762,43.1380544391704,0.9910855609647893
imagewoof,data/imagewoof2-320/val/n02093754/n02093754_5562.JPEG,n02093754,182,Border terrier,jpeg,70,182,Border terrier,0.45812150835990906,True,38668,37626,1.027693616116515,39.04106836391941,0.9908394713575408
imagewoof,data/imagewoof2-320/val/n02093754/n02093754_5571.JPEG,n02093754,182,Border terrier,jpeg,70,182,Border terrier,0.4925624132156372,True,28451,27595,1.0310201123391918,40.49076916266568,0.9907711082270133
imagewoof,data/imagewoof2-320/val/n02093754/n02093754_5581.JPEG,n02093754,182,Border terrier,jpeg,70,182,Border terrier,0.498162180185318,True,21605,21012,1.0282219683990101,42.55059667813135,0.9932977424549629
imagewoof,data/imagewoof2-320/val/n02093754/n02093754_560.JPEG,n02093754,182,Border terrier,jpeg,70,182,Border terrier,0.2683188021183014,True,21210,20619,1.0286628837479994,44.34257177865348,0.9917591232313411
imagewoof,data/imagewoof2-320/val/n02093754/n02093754_5601.JPEG,n02093754,182,Border terrier,jpeg,70,182,Border terrier,0.2819593548774719,True,21675,21032,1.0305724610117915,43.754560535947405,0.9909457581526411
imagewoof,data/imagewoof2-320/val/n02093754/n02093754_561.JPEG,n02093754,182,Border terrier,jpeg,70,151,Chihuahua,0.13415786623954773,False,21058,20281,1.0383117203293724,41.42555310186006,0.9827617378220452
imagewoof,data/imagewoof2-320/val/n02093754/n02093754_5610.JPEG,n02093754,182,Border terrier,jpeg,70,182,Border terrier,0.643065333366394,True,29355,28566,1.027620247847091,40.16815023320862,0.9913325409249993
imagewoof,data/imagewoof2-320/val/n02093754/n02093754_5660.JPEG,n02093754,182,Border terrier,jpeg,70,182,Border terrier,0.4863138794898987,True,26924,26215,1.0270455845889759,41.50209192510659,0.9918048755064423
imagewoof,data/imagewoof2-320/val/n02093754/n02093754_5662.JPEG,n02093754,182,Border terrier,jpeg,70,182,Border terrier,0.31628483533859253,True,35206,34376,1.0241447521526645,38.70438695028032,0.989789426385626
imagewoof,data/imagewoof2-320/val/n02093754/n02093754_5672.JPEG,n02093754,182,Border terrier,jpeg,70,182,Border terrier,0.27451786398887634,True,43671,42171,1.0355694671693818,36.21992733998199,0.9904271893817147
imagewoof,data/imagewoof2-320/val/n02093754/n02093754_5681.JPEG,n02093754,182,Border terrier,jpeg,70,182,Border terrier,0.3520750403404236,True,30277,29422,1.0290598871592687,40.809639084044676,0.9912903199446276
imagewoof,data/imagewoof2-320/val/n02093754/n02093754_5700.JPEG,n02093754,182,Border terrier,jpeg,70,182,Border terrier,0.4368840456008911,True,24197,23682,1.021746474115362,42.38999514648466,0.990488215078272
imagewoof,data/imagewoof2-320/val/n02093754/n02093754_5770.JPEG,n02093754,182,Border terrier,jpeg,70,182,Border terrier,0.2613227367401123,True,29620,28890,1.0252682589131188,41.1497117502758,0.9905206571609876
imagewoof,data/imagewoof2-320/val/n02093754/n02093754_5772.JPEG,n02093754,182,Border terrier,jpeg,70,182,Border terrier,0.37661585211753845,True,20481,20003,1.0238964155376693,45.78180219968486,0.9935199973153197
imagewoof,data/imagewoof2-320/val/n02093754/n02093754_5781.JPEG,n02093754,182,Border terrier,jpeg,70,182,Border terrier,0.5294809341430664,True,25815,25017,1.0318983091497782,39.69265130609515,0.9874765742155107
imagewoof,data/imagewoof2-320/val/n02093754/n02093754_5822.JPEG,n02093754,182,Border terrier,jpeg,70,192,cairn,0.2114637941122055,False,23374,22628,1.0329680042425313,41.945797692262694,0.99451413207751
imagewoof,data/imagewoof2-320/val/n02093754/n02093754_5840.JPEG,n02093754,182,Border terrier,jpeg,70,182,Border terrier,0.3456724286079407,True,37378,36216,1.0320852661806936,38.94918095304368,0.9909903236037513
imagewoof,data/imagewoof2-320/val/n02093754/n02093754_5870.JPEG,n02093754,182,Border terrier,jpeg,70,182,Border terrier,0.25877150893211365,True,37813,36760,1.0286452665941241,38.9010429443527,0.9920158064885182
imagewoof,data/imagewoof2-320/val/n02093754/n02093754_5891.JPEG,n02093754,182,Border terrier,jpeg,70,182,Border terrier,0.20629626512527466,True,36026,34978,1.029961690205272,40.772123142739304,0.9918015960213685
imagewoof,data/imagewoof2-320/val/n02093754/n02093754_590.JPEG,n02093754,182,Border terrier,jpeg,70,182,Border terrier,0.47102090716362,True,29137,28394,1.0261675001760935,41.82009128317053,0.9915699850788773
imagewoof,data/imagewoof2-320/val/n02093754/n02093754_5900.JPEG,n02093754,182,Border terrier,jpeg,70,182,Border terrier,0.4216195046901703,True,31870,30824,1.0339345964183753,40.146074297848514,0.9912612695110293
imagewoof,data/imagewoof2-320/val/n02093754/n02093754_5902.JPEG,n02093754,182,Border terrier,jpeg,70,182,Border terrier,0.26486995816230774,True,26709,25822,1.0343505537913407,40.928407938494445,0.9928983686231819
imagewoof,data/imagewoof2-320/val/n02093754/n02093754_591.JPEG,n02093754,182,Border terrier,jpeg,70,182,Border terrier,0.4020388722419739,True,24564,23866,1.0292466270007543,42.4819657940309,0.9852476270572222
imagewoof,data/imagewoof2-320/val/n02093754/n02093754_592.JPEG,n02093754,182,Border terrier,jpeg,70,182,Border terrier,0.2122211456298828,True,21777,21270,1.023836389280677,42.6333323425656,0.9912654816549793
imagewoof,data/imagewoof2-320/val/n02093754/n02093754_5932.JPEG,n02093754,182,Border terrier,jpeg,70,182,Border terrier,0.23355700075626373,True,31481,30850,1.0204538087520258,39.99336375028241,0.990337334118809
imagewoof,data/imagewoof2-320/val/n02093754/n02093754_5961.JPEG,n02093754,182,Border terrier,jpeg,70,192,cairn,0.07468921691179276,False,15611,15223,1.0254877488011562,45.35915318555893,0.9906997935864571
imagewoof,data/imagewoof2-320/val/n02093754/n02093754_5971.JPEG,n02093754,182,Border terrier,jpeg,70,182,Border terrier,0.5134069323539734,True,27909,27224,1.0251616220981488,41.73344190621478,0.9900501781449211
imagewoof,data/imagewoof2-320/val/n02093754/n02093754_602.JPEG,n02093754,182,Border terrier,jpeg,70,182,Border terrier,0.4398231506347656,True,17291,16859,1.0256242956284478,44.79473847923535,0.990228390143081
imagewoof,data/imagewoof2-320/val/n02093754/n02093754_6061.JPEG,n02093754,182,Border terrier,jpeg,70,182,Border terrier,0.48574522137641907,True,25123,24501,1.0253867189094323,42.26351834499109,0.9917351645542617
imagewoof,data/imagewoof2-320/val/n02093754/n02093754_6082.JPEG,n02093754,182,Border terrier,jpeg,70,182,Border terrier,0.4127424955368042,True,21965,21385,1.027121814355857,44.27297166228434,0.9905729307274997
imagewoof,data/imagewoof2-320/val/n02093754/n02093754_611.JPEG,n02093754,182,Border terrier,jpeg,70,182,Border terrier,0.4853857755661011,True,42309,41004,1.0318261633011414,37.2621596262304,0.9911088413125587
imagewoof,data/imagewoof2-320/val/n02093754/n02093754_6112.JPEG,n02093754,182,Border terrier,jpeg,70,182,Border terrier,0.3560166358947754,True,17232,16799,1.0257753437704624,45.77759412391107,0.9929744213310121
imagewoof,data/imagewoof2-320/val/n02093754/n02093754_6122.JPEG,n02093754,182,Border terrier,jpeg,70,194,Dandie Dinmont,0.06801323592662811,False,34107,33163,1.0284654584928987,40.34858301876069,0.9920862558184377
imagewoof,data/imagewoof2-320/val/n02093754/n02093754_6141.JPEG,n02093754,182,Border terrier,jpeg,70,182,Border terrier,0.22753207385540009,True,38731,37651,1.0286844970917106,39.91987539470782,0.9916121328201993
imagewoof,data/imagewoof2-320/val/n02093754/n02093754_62.JPEG,n02093754,182,Border terrier,jpeg,70,182,Border terrier,0.317023903131485,True,36192,35082,1.0316401573456473,38.94453126873793,0.9906549992366119
imagewoof,data/imagewoof2-320/val/n02093754/n02093754_620.JPEG,n02093754,182,Border terrier,jpeg,70,182,Border terrier,0.5392002463340759,True,24311,23627,1.028949930164642,41.81179515826518,0.99122869018507
imagewoof,data/imagewoof2-320/val/n02093754/n02093754_6200.JPEG,n02093754,182,Border terrier,jpeg,70,182,Border terrier,0.286368727684021,True,26360,25651,1.02764024794355,40.93650267163687,0.9914292973325912
imagewoof,data/imagewoof2-320/val/n02093754/n02093754_621.JPEG,n02093754,182,Border terrier,jpeg,70,182,Border terrier,0.40273618698120117,True,34578,33502,1.0321174855232524,40.172268997285954,0.9917709675064641
imagewoof,data/imagewoof2-320/val/n02093754/n02093754_6211.JPEG,n02093754,182,Border terrier,jpeg,70,182,Border terrier,0.4728090167045593,True,25600,25019,1.02322235101323,42.360219285783074,0.9896262144062975
imagewoof,data/imagewoof2-320/val/n02093754/n02093754_6212.JPEG,n02093754,182,Border terrier,jpeg,70,182,Border terrier,0.49567586183547974,True,20972,20405,1.02778730703259,43.335032833398195,0.9903976897330679
imagewoof,data/imagewoof2-320/val/n02093754/n02093754_622.JPEG,n02093754,182,Border terrier,jpeg,70,182,Border terrier,0.46416258811950684,True,33587,32575,1.0310667689946278,39.1202344693953,0.9911573381485406
imagewoof,data/imagewoof2-320/val/n02093754/n02093754_6220.JPEG,n02093754,182,Border terrier,jpeg,70,182,Border terrier,0.5699870586395264,True,15671,15313,1.023378828446418,45.30246308854749,0.992554224086812
imagewoof,data/imagewoof2-320/val/n02093754/n02093754_6221.JPEG,n02093754,182,Border terrier,jpeg,70,182,Border terrier,0.4147185683250427,True,37262,36121,1.031588272749924,38.85378685823157,0.9915178021330574
imagewoof,data/imagewoof2-320/val/n02093754/n02093754_6242.JPEG,n02093754,182,Border terrier,jpeg,70,182,Border terrier,0.5117698311805725,True,29026,28368,1.023195149464185,38.5235215529292,0.9891102013296331
imagewoof,data/imagewoof2-320/val/n02093754/n02093754_6250.JPEG,n02093754,182,Border terrier,jpeg,70,182,Border terrier,0.5794733762741089,True,33109,32077,1.0321725847180223,39.733673450911034,0.9909692004508619
imagewoof,data/imagewoof2-320/val/n02093754/n02093754_6271.JPEG,n02093754,182,Border terrier,jpeg,70,182,Border terrier,0.3818265199661255,True,41257,40048,1.0301887734718338,38.44152773400592,0.990661695934605
imagewoof,data/imagewoof2-320/val/n02093754/n02093754_6281.JPEG,n02093754,182,Border terrier,jpeg,70,182,Border terrier,0.5760765671730042,True,36537,35495,1.029356247358783,38.77258591288523,0.9918128422855729
imagewoof,data/imagewoof2-320/val/n02093754/n02093754_6302.JPEG,n02093754,182,Border terrier,jpeg,70,182,Border terrier,0.4903275966644287,True,19676,19239,1.0227142782888923,44.26270433406142,0.991644895853753
imagewoof,data/imagewoof2-320/val/n02093754/n02093754_632.JPEG,n02093754,182,Border terrier,jpeg,70,182,Border terrier,0.21430854499340057,True,29723,28934,1.0272689569364761,40.27382655597367,0.9890504409806264
imagewoof,data/imagewoof2-320/val/n02093754/n02093754_6320.JPEG,n02093754,182,Border terrier,jpeg,70,182,Border terrier,0.43080320954322815,True,28098,27331,1.0280633712634006,41.39998266364102,0.9924122100414204
imagewoof,data/imagewoof2-320/val/n02093754/n02093754_6341.JPEG,n02093754,182,Border terrier,jpeg,70,182,Border terrier,0.4115663170814514,True,35050,33645,1.0417595482241047,37.233887276465026,0.9878392361921596
imagewoof,data/imagewoof2-320/val/n02093754/n02093754_6351.JPEG,n02093754,182,Border terrier,jpeg,70,182,Border terrier,0.2551562786102295,True,36713,35665,1.0293845506799384,39.76600089555674,0.9894572469391952
imagewoof,data/imagewoof2-320/val/n02093754/n02093754_6360.JPEG,n02093754,182,Border terrier,jpeg,70,182,Border terrier,0.41937190294265747,True,26507,25856,1.0251779084158417,41.562078527110316,0.9919660781235743
imagewoof,data/imagewoof2-320/val/n02093754/n02093754_6370.JPEG,n02093754,182,Border terrier,jpeg,70,182,Border terrier,0.1643928438425064,True,23247,22534,1.0316410757078194,42.994432657593684,0.992299828987785
imagewoof,data/imagewoof2-320/val/n02093754/n02093754_6401.JPEG,n02093754,182,Border terrier,jpeg,70,182,Border terrier,0.4146633744239807,True,28794,27979,1.0291289895993423,40.4195754679446,0.9904957486822633
imagewoof,data/imagewoof2-320/val/n02093754/n02093754_6402.JPEG,n02093754,182,Border terrier,jpeg,70,182,Border terrier,0.33845630288124084,True,41758,40357,1.034715167133335,37.05827583528646,0.9907262373218341
imagewoof,data/imagewoof2-320/val/n02093754/n02093754_642.JPEG,n02093754,182,Border terrier,jpeg,70,182,Border terrier,0.4704621732234955,True,31591,30786,1.0261482492041838,40.09895429766325,0.9905787574991768
imagewoof,data/imagewoof2-320/val/n02093754/n02093754_6432.JPEG,n02093754,182,Border terrier,jpeg,70,182,Border terrier,0.5598307251930237,True,40172,38940,1.031638418079096,38.17069570571326,0.9913800198747699
imagewoof,data/imagewoof2-320/val/n02093754/n02093754_6472.JPEG,n02093754,182,Border terrier,jpeg,70,182,Border terrier,0.3354516923427582,True,16827,16406,1.0256613434109472,43.32675165776325,0.9928585064749971
imagewoof,data/imagewoof2-320/val/n02093754/n02093754_6490.JPEG,n02093754,182,Border terrier,jpeg,70,182,Border terrier,0.48993852734565735,True,52923,50979,1.0381333490260696,35.155899950462995,0.9909350203481436
imagewoof,data/imagewoof2-320/val/n02093754/n02093754_6492.JPEG,n02093754,182,Border terrier,jpeg,70,182,Border terrier,0.3633894920349121,True,24639,23875,1.032,41.08016103059092,0.986462982810259
imagewoof,data/imagewoof2-320/val/n02093754/n02093754_6501.JPEG,n02093754,182,Border terrier,jpeg,70,182,Border terrier,0.3220120370388031,True,30096,29128,1.0332326283987916,38.90267545508386,0.991662747588634
imagewoof,data/imagewoof2-320/val/n02093754/n02093754_652.JPEG,n02093754,182,Border terrier,jpeg,70,182,Border terrier,0.31744295358657837,True,20807,20300,1.024975369458128,44.55834046803908,0.9926127706694846
imagewoof,data/imagewoof2-320/val/n02093754/n02093754_6531.JPEG,n02093754,182,Border terrier,jpeg,70,182,Border terrier,0.3711458444595337,True,30305,29435,1.0295566502463054,40.728676371586545,0.991417492231648
imagewoof,data/imagewoof2-320/val/n02093754/n02093754_6541.JPEG,n02093754,182,Border terrier,jpeg,70,182,Border terrier,0.45407259464263916,True,17766,18210,0.9756177924217463,44.836163064843355,0.9931982024268619
imagewoof,data/imagewoof2-320/val/n02093754/n02093754_6551.JPEG,n02093754,182,Border terrier,jpeg,70,182,Border terrier,0.3378138244152069,True,29599,28808,1.0274576506525965,41.626562086230116,0.9896753362575512
imagewoof,data/imagewoof2-320/val/n02093754/n02093754_6561.JPEG,n02093754,182,Border terrier,jpeg,70,182,Border terrier,0.4481052756309509,True,13695,13311,1.0288483209375705,45.64900273781441,0.993384809763506
imagewoof,data/imagewoof2-320/val/n02093754/n02093754_6572.JPEG,n02093754,182,Border terrier,jpeg,70,182,Border terrier,0.24390840530395508,True,25145,24471,1.0275428057700953,43.167760806646925,0.9907208211852886
imagewoof,data/imagewoof2-320/val/n02093754/n02093754_661.JPEG,n02093754,182,Border terrier,jpeg,70,182,Border terrier,0.4194258153438568,True,43105,41741,1.0326777029778875,37.87892427977285,0.991213927538301
imagewoof,data/imagewoof2-320/val/n02093754/n02093754_6622.JPEG,n02093754,182,Border terrier,jpeg,70,182,Border terrier,0.3408552408218384,True,23288,22656,1.0278954802259888,41.5092245857208,0.9905793735593637
imagewoof,data/imagewoof2-320/val/n02093754/n02093754_6630.JPEG,n02093754,182,Border terrier,jpeg,70,182,Border terrier,0.47166091203689575,True,14835,14409,1.0295648552987715,45.108499001137034,0.9920693253382967
imagewoof,data/imagewoof2-320/val/n02093754/n02093754_6651.JPEG,n02093754,182,Border terrier,jpeg,70,182,Border terrier,0.4860565960407257,True,36203,35182,1.0290205218577682,38.5970432127825,0.9903791117842943
imagewoof,data/imagewoof2-320/val/n02093754/n02093754_6671.JPEG,n02093754,182,Border terrier,jpeg,70,182,Border terrier,0.2974543571472168,True,27921,27189,1.026922652543308,40.95546630706926,0.9891110383723177
imagewoof,data/imagewoof2-320/val/n02093754/n02093754_6682.JPEG,n02093754,182,Border terrier,jpeg,70,182,Border terrier,0.48413509130477905,True,29733,28528,1.0422392035894559,38.052493249015285,0.9786919567195921
imagewoof,data/imagewoof2-320/val/n02093754/n02093754_6690.JPEG,n02093754,182,Border terrier,jpeg,70,182,Border terrier,0.19155064225196838,True,37197,36167,1.0284790001935467,38.97883775710332,0.9907734978848786
imagewoof,data/imagewoof2-320/val/n02093754/n02093754_6692.JPEG,n02093754,182,Border terrier,jpeg,70,182,Border terrier,0.4126899242401123,True,50337,48688,1.0338687150837989,35.34503416320226,0.9928799802094268
imagewoof,data/imagewoof2-320/val/n02093754/n02093754_670.JPEG,n02093754,182,Border terrier,jpeg,70,182,Border terrier,0.7097243666648865,True,19647,19191,1.0237611380334533,43.80398160701333,0.9907327467984165
imagewoof,data/imagewoof2-320/val/n02093754/n02093754_672.JPEG,n02093754,182,Border terrier,jpeg,70,182,Border terrier,0.37884458899497986,True,40229,38960,1.0325718685831622,39.03459494829525,0.9926360737532264
imagewoof,data/imagewoof2-320/val/n02093754/n02093754_6732.JPEG,n02093754,182,Border terrier,jpeg,70,182,Border terrier,0.2148246318101883,True,14934,14520,1.028512396694215,44.34573913226661,0.9909780257733143
imagewoof,data/imagewoof2-320/val/n02093754/n02093754_6760.JPEG,n02093754,182,Border terrier,jpeg,70,182,Border terrier,0.28796622157096863,True,16907,16468,1.0266577605052223,42.77323453051607,0.9920253462574341
imagewoof,data/imagewoof2-320/val/n02093754/n02093754_6770.JPEG,n02093754,182,Border terrier,jpeg,70,182,Border terrier,0.46767958998680115,True,31028,30215,1.0269071653152408,42.340661891734285,0.9915340103811245
imagewoof,data/imagewoof2-320/val/n02093754/n02093754_6771.JPEG,n02093754,182,Border terrier,jpeg,70,182,Border terrier,0.2783501148223877,True,32483,31516,1.0306828277700215,39.949583827977484,0.9899011635736482
imagewoof,data/imagewoof2-320/val/n02093754/n02093754_6781.JPEG,n02093754,182,Border terrier,jpeg,70,182,Border terrier,0.37605777382850647,True,43625,42254,1.032446632271501,37.69888124003978,0.9919509338681755
imagewoof,data/imagewoof2-320/val/n02093754/n02093754_680.JPEG,n02093754,182,Border terrier,jpeg,70,182,Border terrier,0.5561167597770691,True,22873,22318,1.0248678196971055,43.59314438302084,0.9916866912049649
imagewoof,data/imagewoof2-320/val/n02093754/n02093754_681.JPEG,n02093754,182,Border terrier,jpeg,70,182,Border terrier,0.40976130962371826,True,29925,29033,1.0307236592842628,40.30700202659723,0.9919220534581052
imagewoof,data/imagewoof2-320/val/n02093754/n02093754_6850.JPEG,n02093754,182,Border terrier,jpeg,70,182,Border terrier,0.5157397985458374,True,26135,25421,1.0280870146729082,42.468631844380525,0.992371832486259
imagewoof,data/imagewoof2-320/val/n02093754/n02093754_6852.JPEG,n02093754,182,Border terrier,jpeg,70,182,Border terrier,0.17498722672462463,True,39897,38740,1.0298657718120805,39.060931262222084,0.9919774034593479
imagewoof,data/imagewoof2-320/val/n02093754/n02093754_692.JPEG,n02093754,182,Border terrier,jpeg,70,182,Border terrier,0.3779422342777252,True,38091,36854,1.0335648776252238,38.88955590520566,0.9924626297739074
imagewoof,data/imagewoof2-320/val/n02093754/n02093754_6920.JPEG,n02093754,182,Border terrier,jpeg,70,182,Border terrier,0.44645246863365173,True,23892,23208,1.0294725956566702,42.41389408882871,0.9908753366381949
imagewoof,data/imagewoof2-320/val/n02093754/n02093754_6951.JPEG,n02093754,182,Border terrier,jpeg,70,182,Border terrier,0.4897145926952362,True,19928,19455,1.024312516062709,43.48111206833832,0.9925417320320998
imagewoof,data/imagewoof2-320/val/n02093754/n02093754_6962.JPEG,n02093754,182,Border terrier,jpeg,70,182,Border terrier,0.6543247103691101,True,41253,40003,1.031247656425768,38.58956418473081,0.9919785688799373
imagewoof,data/imagewoof2-320/val/n02093754/n02093754_6980.JPEG,n02093754,182,Border terrier,jpeg,70,182,Border terrier,0.3617439270019531,True,32296,31231,1.0341007332458134,40.64116666711719,0.9917728365713421
imagewoof,data/imagewoof2-320/val/n02093754/n02093754_6992.JPEG,n02093754,182,Border terrier,jpeg,70,182,Border terrier,0.432275652885437,True,16849,16569,1.0168990283058723,43.55146675425162,0.9911260134454042
imagewoof,data/imagewoof2-320/val/n02093754/n02093754_70.JPEG,n02093754,182,Border terrier,jpeg,70,182,Border terrier,0.4463177025318146,True,27064,26487,1.0217842715294296,41.80701892717249,0.9902878374809426
imagewoof,data/imagewoof2-320/val/n02093754/n02093754_7021.JPEG,n02093754,182,Border terrier,jpeg,70,182,Border terrier,0.3209895193576813,True,19874,19348,1.027186272482944,43.84751368778085,0.992563756170476
imagewoof,data/imagewoof2-320/val/n02093754/n02093754_7060.JPEG,n02093754,182,Border terrier,jpeg,70,182,Border terrier,0.3145366907119751,True,25288,24633,1.026590346283441,42.12218233486398,0.9906155355351594
imagewoof,data/imagewoof2-320/val/n02093754/n02093754_7082.JPEG,n02093754,182,Border terrier,jpeg,70,182,Border terrier,0.41001537442207336,True,33884,32813,1.0326395026361503,38.72677051529177,0.9892614526875879
imagewoof,data/imagewoof2-320/val/n02093754/n02093754_7090.JPEG,n02093754,182,Border terrier,jpeg,70,182,Border terrier,0.29725444316864014,True,24835,24170,1.0275134464211833,41.578914629375404,0.9925088972233338
imagewoof,data/imagewoof2-320/val/n02093754/n02093754_7091.JPEG,n02093754,182,Border terrier,jpeg,70,182,Border terrier,0.4128952920436859,True,47124,45806,1.028773523119242,37.27002283838542,0.9904818960025109
imagewoof,data/imagewoof2-320/val/n02093754/n02093754_7101.JPEG,n02093754,182,Border terrier,jpeg,70,182,Border terrier,0.3079577088356018,True,28321,27498,1.0299294494145028,40.8220930222072,0.9927556958549871
imagewoof,data/imagewoof2-320/val/n02093754/n02093754_712.JPEG,n02093754,182,Border terrier,jpeg,70,182,Border terrier,0.5992844104766846,True,40750,39304,1.0367901485853857,37.94669797679008,0.9905500399282753
imagewoof,data/imagewoof2-320/val/n02093754/n02093754_7132.JPEG,n02093754,182,Border terrier,jpeg,70,182,Border terrier,0.4348933696746826,True,28851,27910,1.0337155141526335,39.153180602158976,0.986753759618877
imagewoof,data/imagewoof2-320/val/n02093754/n02093754_7180.JPEG,n02093754,182,Border terrier,jpeg,70,182,Border terrier,0.40200337767601013,True,52692,50836,1.0365095601542214,35.26596404325435,0.9911391161856776
imagewoof,data/imagewoof2-320/val/n02093754/n02093754_7181.JPEG,n02093754,182,Border terrier,jpeg,70,182,Border terrier,0.21625953912734985,True,26126,25246,1.0348570070506218,40.89386949707455,0.9915917465405354
imagewoof,data/imagewoof2-320/val/n02093754/n02093754_721.JPEG,n02093754,182,Border terrier,jpeg,70,182,Border terrier,0.848902702331543,True,21313,20833,1.0230403686458984,43.49723640175806,0.9906421110985365
imagewoof,data/imagewoof2-320/val/n02093754/n02093754_7222.JPEG,n02093754,182,Border terrier,jpeg,70,182,Border terrier,0.5412461161613464,True,25198,24498,1.028573761123357,41.377443449645426,0.9905660960764523
imagewoof,data/imagewoof2-320/val/n02093754/n02093754_7241.JPEG,n02093754,182,Border terrier,jpeg,70,182,Border terrier,0.4533240795135498,True,24350,23697,1.027556230746508,42.26475339073849,0.9925002420078691
imagewoof,data/imagewoof2-320/val/n02093754/n02093754_7251.JPEG,n02093754,182,Border terrier,jpeg,70,182,Border terrier,0.47755032777786255,True,47645,46141,1.032595739147396,35.21139810628502,0.988335098346325
imagewoof,data/imagewoof2-320/val/n02093754/n02093754_7261.JPEG,n02093754,182,Border terrier,jpeg,70,182,Border terrier,0.3946295380592346,True,38835,37682,1.030598163579428,37.852446229179,0.9917668979513622
imagewoof,data/imagewoof2-320/val/n02093754/n02093754_7280.JPEG,n02093754,182,Border terrier,jpeg,70,182,Border terrier,0.3479282855987549,True,23929,23204,1.031244612997759,40.236461906556016,0.9921858632697388
imagewoof,data/imagewoof2-320/val/n02093754/n02093754_730.JPEG,n02093754,182,Border terrier,jpeg,70,182,Border terrier,0.30965691804885864,True,36491,35379,1.0314310749314566,39.653916990362404,0.9915111864423936
imagewoof,data/imagewoof2-320/val/n02093754/n02093754_7300.JPEG,n02093754,182,Border terrier,jpeg,70,182,Border terrier,0.5055027008056641,True,27544,26909,1.023598052696124,42.11917048187835,0.9908394063073667
imagewoof,data/imagewoof2-320/val/n02093754/n02093754_7310.JPEG,n02093754,182,Border terrier,jpeg,70,182,Border terrier,0.3471413254737854,True,27465,26780,1.025578790141897,42.62919977839076,0.9919318826353045
imagewoof,data/imagewoof2-320/val/n02093754/n02093754_7370.JPEG,n02093754,182,Border terrier,jpeg,70,182,Border terrier,0.4628806412220001,True,23289,22672,1.0272141848976712,42.970633719531165,0.9926604844410619
imagewoof,data/imagewoof2-320/val/n02093754/n02093754_7372.JPEG,n02093754,182,Border terrier,jpeg,70,182,Border terrier,0.39892256259918213,True,13999,13596,1.029641070903207,44.31448165876604,0.9931279841005196
imagewoof,data/imagewoof2-320/val/n02093754/n02093754_7390.JPEG,n02093754,182,Border terrier,jpeg,70,182,Border terrier,0.32791897654533386,True,26338,25540,1.031245105716523,42.390093851591395,0.9906431384718245
imagewoof,data/imagewoof2-320/val/n02093754/n02093754_7440.JPEG,n02093754,182,Border terrier,jpeg,70,182,Border terrier,0.370013564825058,True,26544,25826,1.0278014404088902,41.562134075148606,0.9911655609449938
imagewoof,data/imagewoof2-320/val/n02093754/n02093754_7441.JPEG,n02093754,182,Border terrier,jpeg,70,182,Border terrier,0.3607611656188965,True,35568,34414,1.0335328645318766,40.79604622311312,0.994120999070149
imagewoof,data/imagewoof2-320/val/n02093754/n02093754_7451.JPEG,n02093754,182,Border terrier,jpeg,70,182,Border terrier,0.5522372722625732,True,26845,26167,1.02591049795544,41.77029946873202,0.9910017480826951
imagewoof,data/imagewoof2-320/val/n02093754/n02093754_7480.JPEG,n02093754,182,Border terrier,jpeg,70,182,Border terrier,0.35563239455223083,True,30197,29320,1.0299113233287858,39.78423977895484,0.9903270601674419
imagewoof,data/imagewoof2-320/val/n02093754/n02093754_7482.JPEG,n02093754,182,Border terrier,jpeg,70,361,skunk,0.05846757814288139,False,22379,21783,1.0273607859339853,44.10339943592093,0.9899035861083134
imagewoof,data/imagewoof2-320/val/n02093754/n02093754_7512.JPEG,n02093754,182,Border terrier,jpeg,70,182,Border terrier,0.4389302730560303,True,26890,26217,1.0256703665560514,41.45788136959611,0.9922905530075309
imagewoof,data/imagewoof2-320/val/n02093754/n02093754_7532.JPEG,n02093754,182,Border terrier,jpeg,70,182,Border terrier,0.4395134747028351,True,20568,20063,1.0251707122563924,43.252585351796206,0.9931725827276918
imagewoof,data/imagewoof2-320/val/n02093754/n02093754_7552.JPEG,n02093754,182,Border terrier,jpeg,70,182,Border terrier,0.4244508147239685,True,36238,35229,1.0286411763036134,39.483211564960676,0.9921016764845043
imagewoof,data/imagewoof2-320/val/n02093754/n02093754_7561.JPEG,n02093754,182,Border terrier,jpeg,70,180,American Staffordshire terrier,0.12988966703414917,False,20020,19389,1.0325442261075868,43.300051439366285,0.9920526873303608
imagewoof,data/imagewoof2-320/val/n02093754/n02093754_7662.JPEG,n02093754,182,Border terrier,jpeg,70,182,Border terrier,0.5358168482780457,True,15763,15347,1.0271062748419886,45.33744196949254,0.9930187016997433
imagewoof,data/imagewoof2-320/val/n02093754/n02093754_7671.JPEG,n02093754,182,Border terrier,jpeg,70,182,Border terrier,0.7294327616691589,True,25114,24420,1.0284193284193284,44.25381770521204,0.9926889256634036
imagewoof,data/imagewoof2-320/val/n02093754/n02093754_7701.JPEG,n02093754,182,Border terrier,jpeg,70,182,Border terrier,0.48704466223716736,True,32900,31939,1.0300886064059613,39.23050840366653,0.9910724834456371
imagewoof,data/imagewoof2-320/val/n02093754/n02093754_771.JPEG,n02093754,182,Border terrier,jpeg,70,191,Airedale,0.11554507166147232,False,14714,14360,1.0246518105849582,45.444776490347856,0.9898369937535736
imagewoof,data/imagewoof2-320/val/n02093754/n02093754_7740.JPEG,n02093754,182,Border terrier,jpeg,70,182,Border terrier,0.45016950368881226,True,26680,25955,1.0279329608938548,41.30618052181263,0.9930027257136714
imagewoof,data/imagewoof2-320/val/n02093754/n02093754_7742.JPEG,n02093754,182,Border terrier,jpeg,70,182,Border terrier,0.450096070766449,True,28623,27886,1.0264290324894212,40.760705405114436,0.9879385733721285
imagewoof,data/imagewoof2-320/val/n02093754/n02093754_7791.JPEG,n02093754,182,Border terrier,jpeg,70,182,Border terrier,0.4473525881767273,True,18541,18106,1.0240251850215398,44.37037648010438,0.9916888707440693
imagewoof,data/imagewoof2-320/val/n02093754/n02093754_7792.JPEG,n02093754,182,Border terrier,jpeg,70,182,Border terrier,0.24738401174545288,True,26284,25650,1.0247173489278751,41.01279524185466,0.9908689636671323
imagewoof,data/imagewoof2-320/val/n02093754/n02093754_782.JPEG,n02093754,182,Border terrier,jpeg,70,182,Border terrier,0.43688368797302246,True,30524,29635,1.029998312805804,40.042415581883695,0.989548631671533
imagewoof,data/imagewoof2-320/val/n02093754/n02093754_7820.JPEG,n02093754,182,Border terrier,jpeg,70,182,Border terrier,0.24065104126930237,True,47407,45828,1.0344549183905036,37.29921358669822,0.9931335670730149
imagewoof,data/imagewoof2-320/val/n02093754/n02093754_7900.JPEG,n02093754,182,Border terrier,jpeg,70,182,Border terrier,0.3122527301311493,True,24016,23329,1.0294483261177076,41.97458994785806,0.993592729446026
imagewoof,data/imagewoof2-320/val/n02093754/n02093754_7902.JPEG,n02093754,182,Border terrier,jpeg,70,182,Border terrier,0.2909919321537018,True,36526,35564,1.0270498256664042,39.04101991706226,0.9907112907181675
imagewoof,data/imagewoof2-320/val/n02093754/n02093754_791.JPEG,n02093754,182,Border terrier,jpeg,70,182,Border terrier,0.37575823068618774,True,26252,25600,1.02546875,41.57225514046539,0.9890524243270677
imagewoof,data/imagewoof2-320/val/n02093754/n02093754_7931.JPEG,n02093754,182,Border terrier,jpeg,70,182,Border terrier,0.42673128843307495,True,44706,43192,1.0350527875532507,36.451578483221,0.9879927790589952
imagewoof,data/imagewoof2-320/val/n02093754/n02093754_7940.JPEG,n02093754,182,Border terrier,jpeg,70,182,Border terrier,0.5158731937408447,True,15667,15271,1.0259315041582084,44.95621115948761,0.9927826843979002
imagewoof,data/imagewoof2-320/val/n02093754/n02093754_7950.JPEG,n02093754,182,Border terrier,jpeg,70,182,Border terrier,0.1414332389831543,True,24575,23863,1.0298369861291539,42.354792334227426,0.9916897187570933
imagewoof,data/imagewoof2-320/val/n02093754/n02093754_7991.JPEG,n02093754,182,Border terrier,jpeg,70,182,Border terrier,0.4823887348175049,True,20475,19950,1.0263157894736843,43.931511820939534,0.9930149413348778
imagewoof,data/imagewoof2-320/val/n02093754/n02093754_8021.JPEG,n02093754,182,Border terrier,jpeg,70,182,Border terrier,0.24680596590042114,True,24482,23800,1.028655462184874,41.540272468493136,0.9893040826258761
imagewoof,data/imagewoof2-320/val/n02093754/n02093754_8032.JPEG,n02093754,182,Border terrier,jpeg,70,182,Border terrier,0.45509639382362366,True,38713,37507,1.0321539979203882,38.55555114114231,0.9917190039598697
imagewoof,data/imagewoof2-320/val/n02093754/n02093754_8082.JPEG,n02093754,182,Border terrier,jpeg,70,182,Border terrier,0.32011112570762634,True,28011,27249,1.0279643289662006,42.509344927550345,0.9937760045028564
imagewoof,data/imagewoof2-320/val/n02093754/n02093754_810.JPEG,n02093754,182,Border terrier,jpeg,70,182,Border terrier,0.5013889670372009,True,28097,26897,1.044614641038034,38.524784937646984,0.9856333004585015
imagewoof,data/imagewoof2-320/val/n02093754/n02093754_811.JPEG,n02093754,182,Border terrier,jpeg,70,182,Border terrier,0.4660283029079437,True,29154,28268,1.031342861185793,39.085375352464716,0.9907525845694835
imagewoof,data/imagewoof2-320/val/n02093754/n02093754_820.JPEG,n02093754,182,Border terrier,jpeg,70,182,Border terrier,0.5315014123916626,True,26116,25205,1.0361436222971632,40.32714333842691,0.9853781319325864
imagewoof,data/imagewoof2-320/val/n02093754/n02093754_850.JPEG,n02093754,182,Border terrier,jpeg,70,182,Border terrier,0.44389045238494873,True,29408,28523,1.031027591768047,40.125041480359215,0.9850331528289525
imagewoof,data/imagewoof2-320/val/n02093754/n02093754_851.JPEG,n02093754,182,Border terrier,jpeg,70,182,Border terrier,0.19808940589427948,True,28936,28041,1.0319175493028065,39.979826056498084,0.9901603736670337
imagewoof,data/imagewoof2-320/val/n02093754/n02093754_860.JPEG,n02093754,182,Border terrier,jpeg,70,182,Border terrier,0.20181386172771454,True,20948,20440,1.024853228962818,43.11208881731944,0.989187456213422
imagewoof,data/imagewoof2-320/val/n02093754/n02093754_862.JPEG,n02093754,182,Border terrier,jpeg,70,182,Border terrier,0.1900528520345688,True,26640,25955,1.0263918320169525,41.96705172255974,0.9893504835674932
imagewoof,data/imagewoof2-320/val/n02093754/n02093754_90.JPEG,n02093754,182,Border terrier,jpeg,70,182,Border terrier,0.6083106398582458,True,49696,48152,1.0320651270975245,35.93748444339966,0.9907023730542527
imagewoof,data/imagewoof2-320/val/n02093754/n02093754_900.JPEG,n02093754,182,Border terrier,jpeg,70,182,Border terrier,0.3912465572357178,True,28713,27872,1.0301736509758899,41.83172131727975,0.9917088894957641
imagewoof,data/imagewoof2-320/val/n02093754/n02093754_912.JPEG,n02093754,182,Border terrier,jpeg,70,182,Border terrier,0.5143525004386902,True,27512,26771,1.027679205110007,41.49212826749319,0.9915783851707493
imagewoof,data/imagewoof2-320/val/n02093754/n02093754_921.JPEG,n02093754,182,Border terrier,jpeg,70,182,Border terrier,0.3939236104488373,True,18541,17999,1.030112784043558,43.61859339936481,0.9882745582571504
imagewoof,data/imagewoof2-320/val/n02093754/n02093754_970.JPEG,n02093754,182,Border terrier,jpeg,70,182,Border terrier,0.34023886919021606,True,20601,20121,1.0238556731772774,43.135727222278994,0.9910817463829545
imagewoof,data/imagewoof2-320/val/n02096294/ILSVRC2012_val_00003690.JPEG,n02096294,193,Australian terrier,jpeg,70,193,Australian terrier,0.17140141129493713,True,29214,28205,1.0357737989718134,40.54721144238457,0.9892905224333162
imagewoof,data/imagewoof2-320/val/n02096294/ILSVRC2012_val_00009052.JPEG,n02096294,193,Australian terrier,jpeg,70,193,Australian terrier,0.4034704864025116,True,21244,20636,1.0294630742391937,42.95745473676223,0.9890714934731911
imagewoof,data/imagewoof2-320/val/n02096294/ILSVRC2012_val_00011152.JPEG,n02096294,193,Australian terrier,jpeg,70,193,Australian terrier,0.18402434885501862,True,15871,15483,1.025059742943874,45.24626470501228,0.9901791960536747
imagewoof,data/imagewoof2-320/val/n02096294/ILSVRC2012_val_00012460.JPEG,n02096294,193,Australian terrier,jpeg,70,193,Australian terrier,0.3569055497646332,True,17517,17064,1.0265471167369902,43.065611949296816,0.9913125619402555
imagewoof,data/imagewoof2-320/val/n02096294/ILSVRC2012_val_00017380.JPEG,n02096294,193,Australian terrier,jpeg,70,186,Norwich terrier,0.4257153272628784,False,43879,42604,1.029926767439677,38.730419705757015,0.9910311420492467
imagewoof,data/imagewoof2-320/val/n02096294/ILSVRC2012_val_00019830.JPEG,n02096294,193,Australian terrier,jpeg,70,193,Australian terrier,0.24142755568027496,True,29451,28569,1.0308726241730548,41.31088103878725,0.989709142010779
imagewoof,data/imagewoof2-320/val/n02096294/ILSVRC2012_val_00022292.JPEG,n02096294,193,Australian terrier,jpeg,70,200,Tibetan terrier,0.09899578243494034,False,20944,20313,1.031063850735982,40.30097138516852,0.9918932550384273
imagewoof,data/imagewoof2-320/val/n02096294/ILSVRC2012_val_00025912.JPEG,n02096294,193,Australian terrier,jpeg,70,186,Norwich terrier,0.3783344328403473,False,44077,42772,1.030510614420649,38.03039804334102,0.9904753913217688
imagewoof,data/imagewoof2-320/val/n02096294/ILSVRC2012_val_00027492.JPEG,n02096294,193,Australian terrier,jpeg,70,193,Australian terrier,0.37366077303886414,True,17264,16773,1.0292732367495379,43.34801482719026,0.990293447448062
imagewoof,data/imagewoof2-320/val/n02096294/ILSVRC2012_val_00028540.JPEG,n02096294,193,Australian terrier,jpeg,70,185,Norfolk terrier,0.34382733702659607,False,19761,19302,1.0237799191793597,44.704838507423446,0.9914118301792635
imagewoof,data/imagewoof2-320/val/n02096294/ILSVRC2012_val_00029381.JPEG,n02096294,193,Australian terrier,jpeg,70,193,Australian terrier,0.5508425235748291,True,37810,36643,1.031847829053298,39.77185341597358,0.9913371201043287
imagewoof,data/imagewoof2-320/val/n02096294/ILSVRC2012_val_00029691.JPEG,n02096294,193,Australian terrier,jpeg,70,182,Border terrier,0.11951817572116852,False,25771,25064,1.0282077880625597,41.34559005454679,0.990465641628822
imagewoof,data/imagewoof2-320/val/n02096294/ILSVRC2012_val_00039692.JPEG,n02096294,193,Australian terrier,jpeg,70,193,Australian terrier,0.2751774787902832,True,28315,27563,1.0272829517831876,41.52858220586498,0.9910497595596272
imagewoof,data/imagewoof2-320/val/n02096294/ILSVRC2012_val_00039701.JPEG,n02096294,193,Australian terrier,jpeg,70,184,Irish terrier,0.2345758080482483,False,21040,20569,1.022898536632797,44.41517334777134,0.9910208631634495
imagewoof,data/imagewoof2-320/val/n02096294/ILSVRC2012_val_00042022.JPEG,n02096294,193,Australian terrier,jpeg,70,192,cairn,0.13552223145961761,False,25285,24502,1.0319565749734716,40.548703781818446,0.9928308366765362
imagewoof,data/imagewoof2-320/val/n02096294/ILSVRC2012_val_00042181.JPEG,n02096294,193,Australian terrier,jpeg,70,193,Australian terrier,0.5572178959846497,True,26709,25806,1.0349918623575913,40.35695219967188,0.9897009282751469
imagewoof,data/imagewoof2-320/val/n02096294/ILSVRC2012_val_00044000.JPEG,n02096294,193,Australian terrier,jpeg,70,188,wire-haired fox terrier,0.10863865166902542,False,23395,22717,1.029845490161553,40.056290189341006,0.9904525692248858
imagewoof,data/imagewoof2-320/val/n02096294/ILSVRC2012_val_00048652.JPEG,n02096294,193,Australian terrier,jpeg,70,185,Norfolk terrier,0.0955887958407402,False,18806,18353,1.0246826131967526,44.669541615279925,0.992105601393626
imagewoof,data/imagewoof2-320/val/n02096294/n02096294_1.JPEG,n02096294,193,Australian terrier,jpeg,70,180,American Staffordshire terrier,0.05849876627326012,False,31470,30527,1.030890686932879,41.814591735179015,0.9928419961767517
imagewoof,data/imagewoof2-320/val/n02096294/n02096294_10.JPEG,n02096294,193,Australian terrier,jpeg,70,193,Australian terrier,0.2698219120502472,True,18422,17958,1.0258380665998441,43.2847941922781,0.9927917037382761
imagewoof,data/imagewoof2-320/val/n02096294/n02096294_10071.JPEG,n02096294,193,Australian terrier,jpeg,70,187,Yorkshire terrier,0.1818256676197052,False,12879,13360,0.963997005988024,45.61614038315074,0.9958977561299883
imagewoof,data/imagewoof2-320/val/n02096294/n02096294_101.JPEG,n02096294,193,Australian terrier,jpeg,70,193,Australian terrier,0.2690075933933258,True,13722,13339,1.028712797061249,44.7659984380104,0.9921715475180838
imagewoof,data/imagewoof2-320/val/n02096294/n02096294_10190.JPEG,n02096294,193,Australian terrier,jpeg,70,193,Australian terrier,0.3836240768432617,True,19426,18939,1.0257141348540049,45.030193615110235,0.9923562869471471
imagewoof,data/imagewoof2-320/val/n02096294/n02096294_1020.JPEG,n02096294,193,Australian terrier,jpeg,70,199,Scotch terrier,0.11561676859855652,False,26668,25890,1.0300502124372344,38.98026652264833,0.9887051534158564
imagewoof,data/imagewoof2-320/val/n02096294/n02096294_1031.JPEG,n02096294,193,Australian terrier,jpeg,70,193,Australian terrier,0.4845533072948456,True,19616,18976,1.033726812816189,42.22768455926102,0.9880628634626802
imagewoof,data/imagewoof2-320/val/n02096294/n02096294_10390.JPEG,n02096294,193,Australian terrier,jpeg,70,193,Australian terrier,0.3111252784729004,True,30045,29149,1.0307386188205427,41.312627353377394,0.9917603964677696
imagewoof,data/imagewoof2-320/val/n02096294/n02096294_10461.JPEG,n02096294,193,Australian terrier,jpeg,70,187,Yorkshire terrier,0.12422824651002884,False,23510,23012,1.021640883017556,42.52453538702107,0.9906385335352282
imagewoof,data/imagewoof2-320/val/n02096294/n02096294_1062.JPEG,n02096294,193,Australian terrier,jpeg,70,187,Yorkshire terrier,0.2618589699268341,False,29986,29250,1.0251623931623932,41.71994446784062,0.9898437710742091
imagewoof,data/imagewoof2-320/val/n02096294/n02096294_10661.JPEG,n02096294,193,Australian terrier,jpeg,70,193,Australian terrier,0.4102061092853546,True,28412,27486,1.0336898784835917,42.575377439683166,0.9927137138475265
imagewoof,data/imagewoof2-320/val/n02096294/n02096294_10711.JPEG,n02096294,193,Australian terrier,jpeg,70,193,Australian terrier,0.4337058663368225,True,43614,42438,1.027711013714124,40.06679623408374,0.9902605230419685
imagewoof,data/imagewoof2-320/val/n02096294/n02096294_10741.JPEG,n02096294,193,Australian terrier,jpeg,70,193,Australian terrier,0.11696673184633255,True,15279,14968,1.0207776590058792,44.25890471143296,0.9910565891412498
imagewoof,data/imagewoof2-320/val/n02096294/n02096294_1081.JPEG,n02096294,193,Australian terrier,jpeg,70,193,Australian terrier,0.1769518256187439,True,24290,23612,1.0287142131119769,42.60377246247771,0.9920275394683253
imagewoof,data/imagewoof2-320/val/n02096294/n02096294_10870.JPEG,n02096294,193,Australian terrier,jpeg,70,193,Australian terrier,0.6245638132095337,True,32759,31738,1.0321696389186463,40.077345875278766,0.992488466293346
imagewoof,data/imagewoof2-320/val/n02096294/n02096294_10931.JPEG,n02096294,193,Australian terrier,jpeg,70,193,Australian terrier,0.21330644190311432,True,33738,32920,1.0248481166464156,41.13655942312113,0.9899477638449751
imagewoof,data/imagewoof2-320/val/n02096294/n02096294_11.JPEG,n02096294,193,Australian terrier,jpeg,70,193,Australian terrier,0.5055760145187378,True,25419,24747,1.0271548066432294,43.45238828861348,0.9903779041525876
imagewoof,data/imagewoof2-320/val/n02096294/n02096294_1102.JPEG,n02096294,193,Australian terrier,jpeg,70,193,Australian terrier,0.49250221252441406,True,32908,31989,1.0287286254650037,41.16929747646491,0.9917304524508413
imagewoof,data/imagewoof2-320/val/n02096294/n02096294_11050.JPEG,n02096294,193,Australian terrier,jpeg,70,193,Australian terrier,0.5119346380233765,True,27122,26341,1.0296495956873315,43.056808714376345,0.9920525942183801
imagewoof,data/imagewoof2-320/val/n02096294/n02096294_11091.JPEG,n02096294,193,Australian terrier,jpeg,70,193,Australian terrier,0.35761597752571106,True,22059,21497,1.0261431827696887,43.165958093137824,0.9908151587199069
imagewoof,data/imagewoof2-320/val/n02096294/n02096294_1111.JPEG,n02096294,193,Australian terrier,jpeg,70,193,Australian terrier,0.29859670996665955,True,18428,17875,1.0309370629370629,44.0550895005437,0.986234228540357
imagewoof,data/imagewoof2-320/val/n02096294/n02096294_11121.JPEG,n02096294,193,Australian terrier,jpeg,70,193,Australian terrier,0.17089425027370453,True,31815,30906,1.0294117647058822,38.85941427822763,0.9907655219784967
imagewoof,data/imagewoof2-320/val/n02096294/n02096294_11181.JPEG,n02096294,193,Australian terrier,jpeg,70,193,Australian terrier,0.16020116209983826,True,14928,14621,1.0209971958142399,44.44811530873064,0.9901423719134622
imagewoof,data/imagewoof2-320/val/n02096294/n02096294_1120.JPEG,n02096294,193,Australian terrier,jpeg,70,201,silky terrier,0.11703579127788544,False,48292,46879,1.0301414279314831,35.84165161976762,0.9895543409632652
imagewoof,data/imagewoof2-320/val/n02096294/n02096294_11202.JPEG,n02096294,193,Australian terrier,jpeg,70,201,silky terrier,0.1714542806148529,False,34166,33339,1.024805783016887,41.08636582398802,0.9903882983537183
imagewoof,data/imagewoof2-320/val/n02096294/n02096294_1121.JPEG,n02096294,193,Australian terrier,jpeg,70,187,Yorkshire terrier,0.1981370747089386,False,34046,32823,1.037260457605947,39.8076509868402,0.9933658526335964
imagewoof,data/imagewoof2-320/val/n02096294/n02096294_11282.JPEG,n02096294,193,Australian terrier,jpeg,70,193,Australian terrier,0.2850039005279541,True,23474,22896,1.0252445842068483,41.953800201073,0.9894780652511607
imagewoof,data/imagewoof2-320/val/n02096294/n02096294_1132.JPEG,n02096294,193,Australian terrier,jpeg,70,170,Irish wolfhound,0.1524076908826828,False,29558,28766,1.0275325036501426,44.52574729463086,0.9930351059966674
imagewoof,data/imagewoof2-320/val/n02096294/n02096294_1150.JPEG,n02096294,193,Australian terrier,jpeg,70,193,Australian terrier,0.41059890389442444,True,48930,47178,1.0371359531985247,36.269215500742106,0.9919069293220337
imagewoof,data/imagewoof2-320/val/n02096294/n02096294_1160.JPEG,n02096294,193,Australian terrier,jpeg,70,193,Australian terrier,0.5219207406044006,True,41828,40488,1.0330962260422842,40.164586042977064,0.9916339236799887
imagewoof,data/imagewoof2-320/val/n02096294/n02096294_11600.JPEG,n02096294,193,Australian terrier,jpeg,70,193,Australian terrier,0.4605630934238434,True,26405,25649,1.0294748333268353,43.992295309285595,0.9922192489500391
imagewoof,data/imagewoof2-320/val/n02096294/n02096294_1161.JPEG,n02096294,193,Australian terrier,jpeg,70,193,Australian terrier,0.36382564902305603,True,27210,26500,1.0267924528301886,41.42997188841499,0.9909203811911259
imagewoof,data/imagewoof2-320/val/n02096294/n02096294_1162.JPEG,n02096294,193,Australian terrier,jpeg,70,193,Australian terrier,0.687049150466919,True,19040,18544,1.0267471958584986,45.06225289616414,0.991849323766794
imagewoof,data/imagewoof2-320/val/n02096294/n02096294_11651.JPEG,n02096294,193,Australian terrier,jpeg,70,193,Australian terrier,0.27436140179634094,True,45334,43789,1.0352828335883442,38.93022174988928,0.9945195160923239
imagewoof,data/imagewoof2-320/val/n02096294/n02096294_1170.JPEG,n02096294,193,Australian terrier,jpeg,70,193,Australian terrier,0.3805239498615265,True,13253,12873,1.0295191486056086,45.11270028498536,0.9964791825553879
imagewoof,data/imagewoof2-320/val/n02096294/n02096294_1182.JPEG,n02096294,193,Australian terrier,jpeg,70,187,Yorkshire terrier,0.29587656259536743,False,39294,37900,1.0367810026385225,37.62030269537711,0.99048632063041
imagewoof,data/imagewoof2-320/val/n02096294/n02096294_11902.JPEG,n02096294,193,Australian terrier,jpeg,70,187,Yorkshire terrier,0.1310652643442154,False,21186,20566,1.0301468443061363,41.68183166123601,0.9932266526177104
imagewoof,data/imagewoof2-320/val/n02096294/n02096294_12.JPEG,n02096294,193,Australian terrier,jpeg,70,187,Yorkshire terrier,0.1726779192686081,False,13990,13612,1.027769615045548,45.472817914938766,0.9906051117955222
imagewoof,data/imagewoof2-320/val/n02096294/n02096294_1211.JPEG,n02096294,193,Australian terrier,jpeg,70,193,Australian terrier,0.29659000039100647,True,25169,24543,1.0255062543291367,41.85598892464222,0.9899549166567492
imagewoof,data/imagewoof2-320/val/n02096294/n02096294_1212.JPEG,n02096294,193,Australian terrier,jpeg,70,193,Australian terrier,0.2670280635356903,True,15848,15354,1.0321740263123615,44.72751601766614,0.9944133921844948
imagewoof,data/imagewoof2-320/val/n02096294/n02096294_12140.JPEG,n02096294,193,Australian terrier,jpeg,70,193,Australian terrier,0.4414437413215637,True,24673,23918,1.031566184463584,41.184727915447645,0.9914079831276265
imagewoof,data/imagewoof2-320/val/n02096294/n02096294_12161.JPEG,n02096294,193,Australian terrier,jpeg,70,193,Australian terrier,0.32963985204696655,True,20639,20149,1.024318824755571,44.849305580731496,0.9909804956524978
imagewoof,data/imagewoof2-320/val/n02096294/n02096294_1222.JPEG,n02096294,193,Australian terrier,jpeg,70,187,Yorkshire terrier,0.2000073790550232,False,32120,31117,1.0322331844329466,39.41453531922125,0.9895742112250759
imagewoof,data/imagewoof2-320/val/n02096294/n02096294_1231.JPEG,n02096294,193,Australian terrier,jpeg,70,193,Australian terrier,0.30408379435539246,True,18432,17834,1.0335314567679712,45.312430630388114,0.9946692109007533
imagewoof,data/imagewoof2-320/val/n02096294/n02096294_1260.JPEG,n02096294,193,Australian terrier,jpeg,70,193,Australian terrier,0.3795350193977356,True,28964,28072,1.0317754345967511,40.66989427535959,0.9904774405272762
imagewoof,data/imagewoof2-320/val/n02096294/n02096294_12642.JPEG,n02096294,193,Australian terrier,jpeg,70,187,Yorkshire terrier,0.17985069751739502,False,25245,24538,1.0288124541527426,41.52014781809008,0.9893250267987949
imagewoof,data/imagewoof2-320/val/n02096294/n02096294_12761.JPEG,n02096294,193,Australian terrier,jpeg,70,193,Australian terrier,0.5278480648994446,True,28338,27518,1.0297986772294498,40.89025553039758,0.9893664529698852
imagewoof,data/imagewoof2-320/val/n02096294/n02096294_12852.JPEG,n02096294,193,Australian terrier,jpeg,70,193,Australian terrier,0.19510549306869507,True,18375,17861,1.0287777839986563,44.67713054785534,0.9918781193766044
imagewoof,data/imagewoof2-320/val/n02096294/n02096294_12931.JPEG,n02096294,193,Australian terrier,jpeg,70,193,Australian terrier,0.19076108932495117,True,17988,17553,1.0247820885318748,45.293624067335905,0.9932810374061884
imagewoof,data/imagewoof2-320/val/n02096294/n02096294_1302.JPEG,n02096294,193,Australian terrier,jpeg,70,193,Australian terrier,0.4752090573310852,True,20798,20126,1.0333896452350193,43.08346342075387,0.9909370978321815
imagewoof,data/imagewoof2-320/val/n02096294/n02096294_132.JPEG,n02096294,193,Australian terrier,jpeg,70,193,Australian terrier,0.5931652188301086,True,36443,35206,1.0351360563540306,38.68860412211835,0.9889376887122436
imagewoof,data/imagewoof2-320/val/n02096294/n02096294_1370.JPEG,n02096294,193,Australian terrier,jpeg,70,193,Australian terrier,0.20569463074207306,True,21308,20891,1.019960748647743,43.62008908496486,0.9897357954050842
imagewoof,data/imagewoof2-320/val/n02096294/n02096294_1380.JPEG,n02096294,193,Australian terrier,jpeg,70,193,Australian terrier,0.40781107544898987,True,14664,14260,1.0283309957924263,42.99094135375349,0.9764454105331755
imagewoof,data/imagewoof2-320/val/n02096294/n02096294_1381.JPEG,n02096294,193,Australian terrier,jpeg,70,186,Norwich terrier,0.3875886797904968,False,23299,22568,1.0323909961006734,44.96940585797168,0.9939980428660071
imagewoof,data/imagewoof2-320/val/n02096294/n02096294_1400.JPEG,n02096294,193,Australian terrier,jpeg,70,193,Australian terrier,0.452526718378067,True,19873,19318,1.0287296821617145,44.84118403777543,0.9914568523077888
imagewoof,data/imagewoof2-320/val/n02096294/n02096294_141.JPEG,n02096294,193,Australian terrier,jpeg,70,193,Australian terrier,0.5326298475265503,True,40770,39439,1.0337483201906743,41.25415120696758,0.9932072246462953
imagewoof,data/imagewoof2-320/val/n02096294/n02096294_1411.JPEG,n02096294,193,Australian terrier,jpeg,70,193,Australian terrier,0.5141038298606873,True,21723,21063,1.0313345677253953,42.914902339377,0.9912424281330082
imagewoof,data/imagewoof2-320/val/n02096294/n02096294_1420.JPEG,n02096294,193,Australian terrier,jpeg,70,193,Australian terrier,0.24312669038772583,True,29315,28410,1.0318549806406194,42.38630887698241,0.9915505698957627
imagewoof,data/imagewoof2-320/val/n02096294/n02096294_1441.JPEG,n02096294,193,Australian terrier,jpeg,70,193,Australian terrier,0.2151758223772049,True,44155,42721,1.0335666299946162,36.310762105396826,0.9908938233860383
imagewoof,data/imagewoof2-320/val/n02096294/n02096294_1470.JPEG,n02096294,193,Australian terrier,jpeg,70,193,Australian terrier,0.35172489285469055,True,11074,10792,1.026130467012602,46.38866160321616,0.9911741344373489
imagewoof,data/imagewoof2-320/val/n02096294/n02096294_1542.JPEG,n02096294,193,Australian terrier,jpeg,70,193,Australian terrier,0.5975055694580078,True,28697,27810,1.0318950017979145,42.01955791619346,0.9924574653027475
imagewoof,data/imagewoof2-320/val/n02096294/n02096294_1552.JPEG,n02096294,193,Australian terrier,jpeg,70,193,Australian terrier,0.4719926714897156,True,49680,47870,1.037810737413829,35.45408312477181,0.9928086865494348
imagewoof,data/imagewoof2-320/val/n02096294/n02096294_160.JPEG,n02096294,193,Australian terrier,jpeg,70,187,Yorkshire terrier,0.14737090468406677,False,26407,25536,1.0341087092731829,41.94038430530301,0.9936178902199727
imagewoof,data/imagewoof2-320/val/n02096294/n02096294_1642.JPEG,n02096294,193,Australian terrier,jpeg,70,193,Australian terrier,0.2351490706205368,True,23276,22571,1.0312347702804483,43.09105959124503,0.9934786492717759
imagewoof,data/imagewoof2-320/val/n02096294/n02096294_1652.JPEG,n02096294,193,Australian terrier,jpeg,70,193,Australian terrier,0.3364657759666443,True,17577,17117,1.0268738680843605,45.107139144741815,0.9928543516717635
imagewoof,data/imagewoof2-320/val/n02096294/n02096294_1682.JPEG,n02096294,193,Australian terrier,jpeg,70,193,Australian terrier,0.5656827092170715,True,28648,27872,1.027841561423651,42.73573032664365,0.9912455502487543
imagewoof,data/imagewoof2-320/val/n02096294/n02096294_171.JPEG,n02096294,193,Australian terrier,jpeg,70,193,Australian terrier,0.23154743015766144,True,33248,32322,1.0286492172514077,40.88064120549262,0.9916426763862992
imagewoof,data/imagewoof2-320/val/n02096294/n02096294_1741.JPEG,n02096294,193,Australian terrier,jpeg,70,193,Australian terrier,0.14562398195266724,True,33287,32124,1.036203461586353,37.44552948280328,0.99220221681046
imagewoof,data/imagewoof2-320/val/n02096294/n02096294_1750.JPEG,n02096294,193,Australian terrier,jpeg,70,193,Australian terrier,0.2237851470708847,True,13259,13026,1.01788730231844,46.02677368383904,0.9897175647050259
imagewoof,data/imagewoof2-320/val/n02096294/n02096294_1792.JPEG,n02096294,193,Australian terrier,jpeg,70,193,Australian terrier,0.26672741770744324,True,17359,16957,1.023707023648051,44.81301798009589,0.9918586314590052
imagewoof,data/imagewoof2-320/val/n02096294/n02096294_180.JPEG,n02096294,193,Australian terrier,jpeg,70,193,Australian terrier,0.4573013186454773,True,29733,28893,1.0290727857958675,40.775834514398156,0.990738824559103
imagewoof,data/imagewoof2-320/val/n02096294/n02096294_1811.JPEG,n02096294,193,Australian terrier,jpeg,70,193,Australian terrier,0.39949917793273926,True,25874,25127,1.0297289767978668,42.12147496365141,0.9906095984045096
imagewoof,data/imagewoof2-320/val/n02096294/n02096294_1850.JPEG,n02096294,193,Australian terrier,jpeg,70,193,Australian terrier,0.3847326934337616,True,23232,22655,1.0254689913926285,42.79203077310348,0.9913234156139187
imagewoof,data/imagewoof2-320/val/n02096294/n02096294_1871.JPEG,n02096294,193,Australian terrier,jpeg,70,193,Australian terrier,0.5613501071929932,True,30959,30089,1.0289142211439397,40.42261108874413,0.9910144085909357
imagewoof,data/imagewoof2-320/val/n02096294/n02096294_1880.JPEG,n02096294,193,Australian terrier,jpeg,70,193,Australian terrier,0.24130871891975403,True,32662,31610,1.0332806074027208,39.34480836564826,0.9906938344294901
imagewoof,data/imagewoof2-320/val/n02096294/n02096294_1881.JPEG,n02096294,193,Australian terrier,jpeg,70,192,cairn,0.5731415748596191,False,30440,29549,1.0301533046803615,42.147811015069756,0.991722062318466
imagewoof,data/imagewoof2-320/val/n02096294/n02096294_1911.JPEG,n02096294,193,Australian terrier,jpeg,70,187,Yorkshire terrier,0.3865586817264557,False,18909,18359,1.029958058717795,45.25979630572067,0.9916753701313668
imagewoof,data/imagewoof2-320/val/n02096294/n02096294_1992.JPEG,n02096294,193,Australian terrier,jpeg,70,182,Border terrier,0.4321347773075104,False,25111,24264,1.034907682162875,41.52416365316449,0.9851990025860481
imagewoof,data/imagewoof2-320/val/n02096294/n02096294_2051.JPEG,n02096294,193,Australian terrier,jpeg,70,193,Australian terrier,0.34767571091651917,True,22614,21835,1.035676665903366,42.34977136509465,0.9953451974156567
imagewoof,data/imagewoof2-320/val/n02096294/n02096294_2060.JPEG,n02096294,193,Australian terrier,jpeg,70,193,Australian terrier,0.38521212339401245,True,11356,10990,1.0333030027297543,45.55365766832405,0.9943682807261939
imagewoof,data/imagewoof2-320/val/n02096294/n02096294_2112.JPEG,n02096294,193,Australian terrier,jpeg,70,193,Australian terrier,0.525748610496521,True,32580,31741,1.0264326895812987,42.44815371491242,0.9901623751573035
imagewoof,data/imagewoof2-320/val/n02096294/n02096294_2142.JPEG,n02096294,193,Australian terrier,jpeg,70,193,Australian terrier,0.28441616892814636,True,26711,26005,1.0271486252643722,41.56877101950661,0.9911368527166258
imagewoof,data/imagewoof2-320/val/n02096294/n02096294_2160.JPEG,n02096294,193,Australian terrier,jpeg,70,193,Australian terrier,0.36077961325645447,True,21246,20586,1.0320606237248615,41.76247636098761,0.9918281788903656
imagewoof,data/imagewoof2-320/val/n02096294/n02096294_2200.JPEG,n02096294,193,Australian terrier,jpeg,70,193,Australian terrier,0.30723413825035095,True,27482,26659,1.0308713755204622,41.7909704206578,0.9914317841948511
imagewoof,data/imagewoof2-320/val/n02096294/n02096294_2220.JPEG,n02096294,193,Australian terrier,jpeg,70,193,Australian terrier,0.4932205379009247,True,38083,37058,1.027659344810837,40.318930260908736,0.9913504476664428
imagewoof,data/imagewoof2-320/val/n02096294/n02096294_2230.JPEG,n02096294,193,Australian terrier,jpeg,70,193,Australian terrier,0.5868411064147949,True,18798,18368,1.0234102787456445,45.275953309019016,0.9924897093297359
imagewoof,data/imagewoof2-320/val/n02096294/n02096294_2232.JPEG,n02096294,193,Australian terrier,jpeg,70,193,Australian terrier,0.4631706178188324,True,18516,17946,1.0317619525242394,43.247100022909976,0.9892422249994793
imagewoof,data/imagewoof2-320/val/n02096294/n02096294_2242.JPEG,n02096294,193,Australian terrier,jpeg,70,193,Australian terrier,0.23290124535560608,True,17552,17004,1.0322277111267937,42.129154258233086,0.9942357152234659
imagewoof,data/imagewoof2-320/val/n02096294/n02096294_2282.JPEG,n02096294,193,Australian terrier,jpeg,70,193,Australian terrier,0.20164717733860016,True,36275,34891,1.0396663896133673,38.23618204752886,0.9868683264661836
imagewoof,data/imagewoof2-320/val/n02096294/n02096294_232.JPEG,n02096294,193,Australian terrier,jpeg,70,186,Norwich terrier,0.2518797516822815,False,28388,27914,1.0169807265171598,42.80062112558899,0.98990904563277
imagewoof,data/imagewoof2-320/val/n02096294/n02096294_2330.JPEG,n02096294,193,Australian terrier,jpeg,70,187,Yorkshire terrier,0.2678404152393341,False,16952,16454,1.0302661966695028,43.473576281148034,0.9936167430968469
imagewoof,data/imagewoof2-320/val/n02096294/n02096294_2380.JPEG,n02096294,193,Australian terrier,jpeg,70,193,Australian terrier,0.15834259986877441,True,31213,29935,1.0426925004175713,37.122801724636126,0.9889136909794494
imagewoof,data/imagewoof2-320/val/n02096294/n02096294_2392.JPEG,n02096294,193,Australian terrier,jpeg,70,201,silky terrier,0.29299402236938477,False,46945,45552,1.030580435546189,37.929513427668695,0.9910445737684354
imagewoof,data/imagewoof2-320/val/n02096294/n02096294_2411.JPEG,n02096294,193,Australian terrier,jpeg,70,193,Australian terrier,0.2601025402545929,True,35020,34193,1.024186236949083,39.720519180453536,0.9903224208842712
imagewoof,data/imagewoof2-320/val/n02096294/n02096294_2412.JPEG,n02096294,193,Australian terrier,jpeg,70,193,Australian terrier,0.5194066762924194,True,15009,14602,1.0278728941240927,45.75720339346696,0.991753120623792
imagewoof,data/imagewoof2-320/val/n02096294/n02096294_2431.JPEG,n02096294,193,Australian terrier,jpeg,70,193,Australian terrier,0.6350087523460388,True,43125,41562,1.0376064674462249,37.34807942608643,0.9918606822758078
imagewoof,data/imagewoof2-320/val/n02096294/n02096294_2432.JPEG,n02096294,193,Australian terrier,jpeg,70,193,Australian terrier,0.47082340717315674,True,31440,30522,1.0300766660114016,41.19374225383982,0.9915608751639503
imagewoof,data/imagewoof2-320/val/n02096294/n02096294_2440.JPEG,n02096294,193,Australian terrier,jpeg,70,193,Australian terrier,0.3849692642688751,True,18765,18439,1.0176799175660285,45.396209086258494,0.9911679390877698
imagewoof,data/imagewoof2-320/val/n02096294/n02096294_2472.JPEG,n02096294,193,Australian terrier,jpeg,70,193,Australian terrier,0.5413608551025391,True,31332,30293,1.0342983527547618,41.06353299275392,0.9920304246246591
imagewoof,data/imagewoof2-320/val/n02096294/n02096294_250.JPEG,n02096294,193,Australian terrier,jpeg,70,193,Australian terrier,0.4198518395423889,True,21966,21297,1.0314128750528244,44.75529730438826,0.9921831372020328
imagewoof,data/imagewoof2-320/val/n02096294/n02096294_2540.JPEG,n02096294,193,Australian terrier,jpeg,70,193,Australian terrier,0.5702778697013855,True,13776,13387,1.0290580413834316,44.95898437693733,0.9891172427559122
imagewoof,data/imagewoof2-320/val/n02096294/n02096294_2580.JPEG,n02096294,193,Australian terrier,jpeg,70,193,Australian terrier,0.6690139174461365,True,38606,37311,1.0347082629787463,38.555538924511275,0.9935135919626737
imagewoof,data/imagewoof2-320/val/n02096294/n02096294_2590.JPEG,n02096294,193,Australian terrier,jpeg,70,193,Australian terrier,0.23220640420913696,True,21363,20717,1.03118212096346,42.69929512769367,0.9909304519326878
imagewoof,data/imagewoof2-320/val/n02096294/n02096294_2591.JPEG,n02096294,193,Australian terrier,jpeg,70,193,Australian terrier,0.6354775428771973,True,35479,34254,1.0357622467449057,41.04525681479906,0.9934728905975163
imagewoof,data/imagewoof2-320/val/n02096294/n02096294_2602.JPEG,n02096294,193,Australian terrier,jpeg,70,185,Norfolk terrier,0.25171294808387756,False,20467,19808,1.0332693861066236,42.837259629410156,0.9939978703141459
imagewoof,data/imagewoof2-320/val/n02096294/n02096294_261.JPEG,n02096294,193,Australian terrier,jpeg,70,187,Yorkshire terrier,0.17405499517917633,False,15329,14883,1.0299670765302695,45.16625663567667,0.9917358382901953
imagewoof,data/imagewoof2-320/val/n02096294/n02096294_2621.JPEG,n02096294,193,Australian terrier,jpeg,70,193,Australian terrier,0.44528329372406006,True,32550,31583,1.0306177373903682,40.28287228416265,0.9927306310076468
imagewoof,data/imagewoof2-320/val/n02096294/n02096294_2672.JPEG,n02096294,193,Australian terrier,jpeg,70,193,Australian terrier,0.3810710608959198,True,12703,12340,1.029416531604538,44.512941830196255,0.9953732278966939
imagewoof,data/imagewoof2-320/val/n02096294/n02096294_2681.JPEG,n02096294,193,Australian terrier,jpeg,70,187,Yorkshire terrier,0.32072338461875916,False,11862,11571,1.0251490795955405,47.259581869854365,0.9911156492176622
imagewoof,data/imagewoof2-320/val/n02096294/n02096294_2690.JPEG,n02096294,193,Australian terrier,jpeg,70,193,Australian terrier,0.5404096245765686,True,30875,30026,1.0282754945713715,40.2653257031257,0.9878136003416653
imagewoof,data/imagewoof2-320/val/n02096294/n02096294_2710.JPEG,n02096294,193,Australian terrier,jpeg,70,193,Australian terrier,0.3114117681980133,True,34614,33474,1.0340562824879012,39.74115864392595,0.9929382821726612
imagewoof,data/imagewoof2-320/val/n02096294/n02096294_2750.JPEG,n02096294,193,Australian terrier,jpeg,70,193,Australian terrier,0.4525069296360016,True,27711,26771,1.0351126218669455,43.31513037800755,0.9951569561396547
imagewoof,data/imagewoof2-320/val/n02096294/n02096294_2802.JPEG,n02096294,193,Australian terrier,jpeg,70,187,Yorkshire terrier,0.20150792598724365,False,22522,21951,1.0260124823470458,45.769957291541566,0.9929147799866797
imagewoof,data/imagewoof2-320/val/n02096294/n02096294_2820.JPEG,n02096294,193,Australian terrier,jpeg,70,193,Australian terrier,0.2512206733226776,True,22262,21617,1.0298376277929406,43.236275119680904,0.9920529217620601
imagewoof,data/imagewoof2-320/val/n02096294/n02096294_2821.JPEG,n02096294,193,Australian terrier,jpeg,70,193,Australian terrier,0.1924775242805481,True,14665,14210,1.0320197044334976,43.90401149924374,0.9943035087893145
imagewoof,data/imagewoof2-320/val/n02096294/n02096294_2850.JPEG,n02096294,193,Australian terrier,jpeg,70,193,Australian terrier,0.5862703919410706,True,27849,27076,1.0285492687250701,39.973769936114984,0.9894373918989556
imagewoof,data/imagewoof2-320/val/n02096294/n02096294_2851.JPEG,n02096294,193,Australian terrier,jpeg,70,193,Australian terrier,0.524752140045166,True,22224,21478,1.0347332153831827,42.45759091160012,0.9943228443352673
imagewoof,data/imagewoof2-320/val/n02096294/n02096294_2920.JPEG,n02096294,193,Australian terrier,jpeg,70,193,Australian terrier,0.5926382541656494,True,19923,19502,1.0215875294841554,44.63769859604837,0.9919646681935563
imagewoof,data/imagewoof2-320/val/n02096294/n02096294_2942.JPEG,n02096294,193,Australian terrier,jpeg,70,193,Australian terrier,0.2244429737329483,True,28718,27851,1.0311299414742738,40.38683922498634,0.9891045782949982
imagewoof,data/imagewoof2-320/val/n02096294/n02096294_2961.JPEG,n02096294,193,Australian terrier,jpeg,70,193,Australian terrier,0.7685530781745911,True,21215,20569,1.0314064854878702,43.39637298795133,0.9922004926712121
imagewoof,data/imagewoof2-320/val/n02096294/n02096294_2990.JPEG,n02096294,193,Australian terrier,jpeg,70,201,silky terrier,0.2409002184867859,False,28342,27532,1.02942031091094,43.19050240291209,0.9936087180631374
imagewoof,data/imagewoof2-320/val/n02096294/n02096294_3002.JPEG,n02096294,193,Australian terrier,jpeg,70,200,Tibetan terrier,0.19771766662597656,False,20384,19709,1.034248312953473,43.66201526794078,0.9910601366262473
imagewoof,data/imagewoof2-320/val/n02096294/n02096294_3011.JPEG,n02096294,193,Australian terrier,jpeg,70,193,Australian terrier,0.3789985775947571,True,23327,22705,1.027394846950011,43.31352116580468,0.9915666529490421
imagewoof,data/imagewoof2-320/val/n02096294/n02096294_3021.JPEG,n02096294,193,Australian terrier,jpeg,70,193,Australian terrier,0.5991103649139404,True,49260,47540,1.0361800588977703,35.86806031812205,0.9932791413792187
imagewoof,data/imagewoof2-320/val/n02096294/n02096294_3022.JPEG,n02096294,193,Australian terrier,jpeg,70,193,Australian terrier,0.43847358226776123,True,26657,25851,1.031178677807435,41.863645185069,0.9923089643846668
imagewoof,data/imagewoof2-320/val/n02096294/n02096294_3041.JPEG,n02096294,193,Australian terrier,jpeg,70,193,Australian terrier,0.1619107872247696,True,15334,14893,1.0296112267508226,45.52075345709781,0.9922782041418751
imagewoof,data/imagewoof2-320/val/n02096294/n02096294_3050.JPEG,n02096294,193,Australian terrier,jpeg,70,186,Norwich terrier,0.2985179126262665,False,33436,32583,1.0261792959518767,41.7938693748986,0.9917136532181375
imagewoof,data/imagewoof2-320/val/n02096294/n02096294_3052.JPEG,n02096294,193,Australian terrier,jpeg,70,193,Australian terrier,0.5151172876358032,True,16342,15801,1.034238339345611,46.07955197641075,0.9929191826246271
imagewoof,data/imagewoof2-320/val/n02096294/n02096294_3060.JPEG,n02096294,193,Australian terrier,jpeg,70,193,Australian terrier,0.33130112290382385,True,30136,29276,1.0293755977592567,43.44120070352449,0.9915036168959804
imagewoof,data/imagewoof2-320/val/n02096294/n02096294_3070.JPEG,n02096294,193,Australian terrier,jpeg,70,193,Australian terrier,0.23187990486621857,True,10890,10583,1.029008787678352,47.33567404792506,0.9957756477337975
imagewoof,data/imagewoof2-320/val/n02096294/n02096294_3082.JPEG,n02096294,193,Australian terrier,jpeg,70,186,Norwich terrier,0.2259107381105423,False,18674,18177,1.0273422456951091,44.17083565834205,0.9912996705996466
imagewoof,data/imagewoof2-320/val/n02096294/n02096294_3182.JPEG,n02096294,193,Australian terrier,jpeg,70,187,Yorkshire terrier,0.20764011144638062,False,24706,23981,1.0302322672115425,42.146729780702394,0.9929875840329849
imagewoof,data/imagewoof2-320/val/n02096294/n02096294_3250.JPEG,n02096294,193,Australian terrier,jpeg,70,193,Australian terrier,0.21877837181091309,True,13645,13299,1.0260169937589292,43.75520869108196,0.9945034655630848
imagewoof,data/imagewoof2-320/val/n02096294/n02096294_3321.JPEG,n02096294,193,Australian terrier,jpeg,70,187,Yorkshire terrier,0.18602654337882996,False,28399,27629,1.0278692677983279,42.077138336228174,0.992445877886759
imagewoof,data/imagewoof2-320/val/n02096294/n02096294_3352.JPEG,n02096294,193,Australian terrier,jpeg,70,193,Australian terrier,0.31180447340011597,True,19614,19132,1.0251933932678234,44.00411828142264,0.9901456193827721
imagewoof,data/imagewoof2-320/val/n02096294/n02096294_3390.JPEG,n02096294,193,Australian terrier,jpeg,70,201,silky terrier,0.2632627785205841,False,24354,23798,1.023363307840995,43.22302102769271,0.9915320006284869
imagewoof,data/imagewoof2-320/val/n02096294/n02096294_3460.JPEG,n02096294,193,Australian terrier,jpeg,70,193,Australian terrier,0.4995841383934021,True,16319,15817,1.0317380034140482,45.91150867127773,0.9948014953262688
imagewoof,data/imagewoof2-320/val/n02096294/n02096294_3472.JPEG,n02096294,193,Australian terrier,jpeg,70,193,Australian terrier,0.5364940166473389,True,16324,15846,1.0301653414110816,42.30949955385964,0.9919366679818391
imagewoof,data/imagewoof2-320/val/n02096294/n02096294_3510.JPEG,n02096294,193,Australian terrier,jpeg,70,193,Australian terrier,0.5888199806213379,True,16423,15931,1.030883183729835,46.063351180510246,0.993494073554483
imagewoof,data/imagewoof2-320/val/n02096294/n02096294_3521.JPEG,n02096294,193,Australian terrier,jpeg,70,193,Australian terrier,0.5067957639694214,True,22208,21634,1.0265323102523805,43.27967889208875,0.9907476738991662
imagewoof,data/imagewoof2-320/val/n02096294/n02096294_3552.JPEG,n02096294,193,Australian terrier,jpeg,70,193,Australian terrier,0.5970571637153625,True,28084,27351,1.0267997513802054,41.023535380471685,0.992053448102646
imagewoof,data/imagewoof2-320/val/n02096294/n02096294_3560.JPEG,n02096294,193,Australian terrier,jpeg,70,193,Australian terrier,0.35368239879608154,True,33780,32834,1.0288115977340562,39.34207898731668,0.9900594102446036
imagewoof,data/imagewoof2-320/val/n02096294/n02096294_3632.JPEG,n02096294,193,Australian terrier,jpeg,70,193,Australian terrier,0.445261687040329,True,14242,13811,1.0312070089059446,45.391263103675826,0.9938410521046496
imagewoof,data/imagewoof2-320/val/n02096294/n02096294_3642.JPEG,n02096294,193,Australian terrier,jpeg,70,193,Australian terrier,0.3058938682079315,True,14994,14615,1.0259322613752992,45.61385824110388,0.9944531503322788
imagewoof,data/imagewoof2-320/val/n02096294/n02096294_3682.JPEG,n02096294,193,Australian terrier,jpeg,70,193,Australian terrier,0.23843906819820404,True,60853,58729,1.0361661189531577,40.48680913430805,0.9947180067958173
imagewoof,data/imagewoof2-320/val/n02096294/n02096294_370.JPEG,n02096294,193,Australian terrier,jpeg,70,193,Australian terrier,0.4623345732688904,True,28214,27341,1.03193006839545,40.593645132096086,0.9932211230472756
imagewoof,data/imagewoof2-320/val/n02096294/n02096294_3711.JPEG,n02096294,193,Australian terrier,jpeg,70,193,Australian terrier,0.3854089379310608,True,24182,23349,1.035676046083344,40.211075024142204,0.9850625385292693
imagewoof,data/imagewoof2-320/val/n02096294/n02096294_3800.JPEG,n02096294,193,Australian terrier,jpeg,70,193,Australian terrier,0.31120994687080383,True,18792,18225,1.031111111111111,45.887782806590856,0.9939185160650345
imagewoof,data/imagewoof2-320/val/n02096294/n02096294_381.JPEG,n02096294,193,Australian terrier,jpeg,70,193,Australian terrier,0.37372681498527527,True,18636,18163,1.0260419534217915,44.244512151952804,0.9914865202632037
imagewoof,data/imagewoof2-320/val/n02096294/n02096294_3812.JPEG,n02096294,193,Australian terrier,jpeg,70,188,wire-haired fox terrier,0.281877338886261,False,11910,11558,1.0304550960373766,46.766499753796836,0.9923978094520459
imagewoof,data/imagewoof2-320/val/n02096294/n02096294_3842.JPEG,n02096294,193,Australian terrier,jpeg,70,193,Australian terrier,0.4320604205131531,True,24494,23765,1.0306753629286767,42.62558351205273,0.9923097901548039
imagewoof,data/imagewoof2-320/val/n02096294/n02096294_3860.JPEG,n02096294,193,Australian terrier,jpeg,70,201,silky terrier,0.2421359419822693,False,21018,20474,1.0265702842629676,42.976550371590946,0.9921982797612389
imagewoof,data/imagewoof2-320/val/n02096294/n02096294_3872.JPEG,n02096294,193,Australian terrier,jpeg,70,193,Australian terrier,0.4605695307254791,True,25409,24805,1.0243499294497078,43.92044016939491,0.9912800071293967
imagewoof,data/imagewoof2-320/val/n02096294/n02096294_3891.JPEG,n02096294,193,Australian terrier,jpeg,70,201,silky terrier,0.25861144065856934,False,34186,33322,1.0259288157973712,40.23278971186343,0.9908955539996258
imagewoof,data/imagewoof2-320/val/n02096294/n02096294_390.JPEG,n02096294,193,Australian terrier,jpeg,70,193,Australian terrier,0.5563235282897949,True,21070,20529,1.0263529640995666,42.169563521730836,0.9925954633884296
imagewoof,data/imagewoof2-320/val/n02096294/n02096294_392.JPEG,n02096294,193,Australian terrier,jpeg,70,193,Australian terrier,0.3984397053718567,True,34626,33626,1.0297388925236424,39.44116076186784,0.9903841391417184
imagewoof,data/imagewoof2-320/val/n02096294/n02096294_3921.JPEG,n02096294,193,Australian terrier,jpeg,70,201,silky terrier,0.1792314052581787,False,23373,22742,1.027746020578665,42.96485702931754,0.9924047196206311
imagewoof,data/imagewoof2-320/val/n02096294/n02096294_3950.JPEG,n02096294,193,Australian terrier,jpeg,70,193,Australian terrier,0.4097318947315216,True,30338,29351,1.033627474362032,40.694758524350966,0.9922324350952838
imagewoof,data/imagewoof2-320/val/n02096294/n02096294_3971.JPEG,n02096294,193,Australian terrier,jpeg,70,193,Australian terrier,0.07910358905792236,True,29673,28855,1.0283486397504764,41.73896824387977,0.9900589906575831
imagewoof,data/imagewoof2-320/val/n02096294/n02096294_3980.JPEG,n02096294,193,Australian terrier,jpeg,70,252,affenpinscher,0.06653374433517456,False,29477,28581,1.0313494979181974,41.23363833779074,0.9914733651693469
imagewoof,data/imagewoof2-320/val/n02096294/n02096294_3991.JPEG,n02096294,193,Australian terrier,jpeg,70,193,Australian terrier,0.2966383397579193,True,48273,46775,1.0320256547300908,37.304899172088746,0.9909506037423491
imagewoof,data/imagewoof2-320/val/n02096294/n02096294_4001.JPEG,n02096294,193,Australian terrier,jpeg,70,193,Australian terrier,0.5922794938087463,True,24993,24396,1.0244712247909493,42.56738330127207,0.9902552541969417
imagewoof,data/imagewoof2-320/val/n02096294/n02096294_4022.JPEG,n02096294,193,Australian terrier,jpeg,70,193,Australian terrier,0.3455386459827423,True,32633,31680,1.0300820707070708,38.53404151762675,0.9919045446643047
imagewoof,data/imagewoof2-320/val/n02096294/n02096294_4042.JPEG,n02096294,193,Australian terrier,jpeg,70,193,Australian terrier,0.3101647198200226,True,16320,15908,1.0258989187830023,43.95729864478178,0.9906307948940293
imagewoof,data/imagewoof2-320/val/n02096294/n02096294_4092.JPEG,n02096294,193,Australian terrier,jpeg,70,193,Australian terrier,0.6384813785552979,True,31515,30705,1.02638006839277,41.809289878829816,0.9907344373248076
imagewoof,data/imagewoof2-320/val/n02096294/n02096294_411.JPEG,n02096294,193,Australian terrier,jpeg,70,193,Australian terrier,0.4772418439388275,True,24746,24012,1.030568049308679,43.41679768885848,0.9890243361240912
imagewoof,data/imagewoof2-320/val/n02096294/n02096294_4111.JPEG,n02096294,193,Australian terrier,jpeg,70,193,Australian terrier,0.22414536774158478,True,16777,16331,1.0273100238809625,44.97758544521326,0.9929194754989387
imagewoof,data/imagewoof2-320/val/n02096294/n02096294_412.JPEG,n02096294,193,Australian terrier,jpeg,70,193,Australian terrier,0.42882901430130005,True,19373,18820,1.029383634431456,45.384742397056314,0.9922793385463824
imagewoof,data/imagewoof2-320/val/n02096294/n02096294_4120.JPEG,n02096294,193,Australian terrier,jpeg,70,193,Australian terrier,0.2792382538318634,True,20315,19792,1.0264248181083266,44.60049184432837,0.992339550534738
imagewoof,data/imagewoof2-320/val/n02096294/n02096294_4142.JPEG,n02096294,193,Australian terrier,jpeg,70,193,Australian terrier,0.42812418937683105,True,25711,25017,1.0277411360275013,42.20055579266928,0.9908525469830042
imagewoof,data/imagewoof2-320/val/n02096294/n02096294_4161.JPEG,n02096294,193,Australian terrier,jpeg,70,193,Australian terrier,0.4617685377597809,True,27000,26226,1.029512697323267,42.054342289672526,0.9905910399753234
imagewoof,data/imagewoof2-320/val/n02096294/n02096294_4162.JPEG,n02096294,193,Australian terrier,jpeg,70,187,Yorkshire terrier,0.1406080722808838,False,27703,26980,1.0267976278724982,42.37414020180737,0.9915595437447943
imagewoof,data/imagewoof2-320/val/n02096294/n02096294_4180.JPEG,n02096294,193,Australian terrier,jpeg,70,235,German shepherd,0.1374446302652359,False,26454,25692,1.0296590378327883,43.3226681838104,0.9933153502375353
imagewoof,data/imagewoof2-320/val/n02096294/n02096294_4181.JPEG,n02096294,193,Australian terrier,jpeg,70,193,Australian terrier,0.10185284167528152,True,37540,36451,1.0298757235741132,39.74773387620169,0.9929476223603831
imagewoof,data/imagewoof2-320/val/n02096294/n02096294_4201.JPEG,n02096294,193,Australian terrier,jpeg,70,193,Australian terrier,0.3647799789905548,True,28649,27903,1.026735476472064,40.63198420259735,0.990628523055054
imagewoof,data/imagewoof2-320/val/n02096294/n02096294_4222.JPEG,n02096294,193,Australian terrier,jpeg,70,193,Australian terrier,0.2948746085166931,True,21990,21419,1.0266585741631262,42.939559467977375,0.9934799311573791
imagewoof,data/imagewoof2-320/val/n02096294/n02096294_4232.JPEG,n02096294,193,Australian terrier,jpeg,70,201,silky terrier,0.25560519099235535,False,25368,24762,1.02447298279622,43.35899287166071,0.9913238942279152
imagewoof,data/imagewoof2-320/val/n02096294/n02096294_4250.JPEG,n02096294,193,Australian terrier,jpeg,70,193,Australian terrier,0.556477427482605,True,22516,21819,1.0319446354095054,43.10746355033845,0.9918693383301548
imagewoof,data/imagewoof2-320/val/n02096294/n02096294_4261.JPEG,n02096294,193,Australian terrier,jpeg,70,188,wire-haired fox terrier,0.11054406315088272,False,43158,41670,1.0357091432685386,37.77003365565512,0.9918467777423258
imagewoof,data/imagewoof2-320/val/n02096294/n02096294_4280.JPEG,n02096294,193,Australian terrier,jpeg,70,180,American Staffordshire terrier,0.15922792255878448,False,34939,33732,1.0357820467212142,40.28782886536824,0.9937358053744155
imagewoof,data/imagewoof2-320/val/n02096294/n02096294_4290.JPEG,n02096294,193,Australian terrier,jpeg,70,193,Australian terrier,0.14325283467769623,True,43171,41889,1.030604693356251,37.756958557673265,0.9904479058315193
imagewoof,data/imagewoof2-320/val/n02096294/n02096294_430.JPEG,n02096294,193,Australian terrier,jpeg,70,193,Australian terrier,0.21381248533725739,True,20825,20173,1.032320428295246,44.63294061422477,0.9931115469845476
imagewoof,data/imagewoof2-320/val/n02096294/n02096294_4340.JPEG,n02096294,193,Australian terrier,jpeg,70,193,Australian terrier,0.3591768145561218,True,35358,34182,1.0344040723187642,37.62452121906878,0.9921133738144284
imagewoof,data/imagewoof2-320/val/n02096294/n02096294_4342.JPEG,n02096294,193,Australian terrier,jpeg,70,193,Australian terrier,0.35007643699645996,True,29327,28539,1.027611338869617,42.37606108117414,0.9913817570912261
imagewoof,data/imagewoof2-320/val/n02096294/n02096294_4391.JPEG,n02096294,193,Australian terrier,jpeg,70,193,Australian terrier,0.08303605765104294,True,21763,21115,1.030689083589865,43.17084590608957,0.9902528408767708
imagewoof,data/imagewoof2-320/val/n02096294/n02096294_4392.JPEG,n02096294,193,Australian terrier,jpeg,70,193,Australian terrier,0.3455106019973755,True,45410,44106,1.0295651385299052,38.10153005236496,0.9903300910405997
imagewoof,data/imagewoof2-320/val/n02096294/n02096294_4400.JPEG,n02096294,193,Australian terrier,jpeg,70,193,Australian terrier,0.3261892795562744,True,36036,34264,1.0517160868550082,35.44192334612087,0.9815869787801281
imagewoof,data/imagewoof2-320/val/n02096294/n02096294_441.JPEG,n02096294,193,Australian terrier,jpeg,70,193,Australian terrier,0.36896732449531555,True,20524,19853,1.0337984183750566,41.04395077684069,0.9895361144079198
imagewoof,data/imagewoof2-320/val/n02096294/n02096294_4420.JPEG,n02096294,193,Australian terrier,jpeg,70,193,Australian terrier,0.4402088224887848,True,19232,18813,1.022271833306756,43.99967769671434,0.9910573842768936
imagewoof,data/imagewoof2-320/val/n02096294/n02096294_4421.JPEG,n02096294,193,Australian terrier,jpeg,70,193,Australian terrier,0.3591182231903076,True,42226,41018,1.0294504851528596,39.06617997776789,0.991638693655637
imagewoof,data/imagewoof2-320/val/n02096294/n02096294_4430.JPEG,n02096294,193,Australian terrier,jpeg,70,193,Australian terrier,0.48195451498031616,True,39089,37718,1.0363486929317567,37.82138614385139,0.9897043221680178
imagewoof,data/imagewoof2-320/val/n02096294/n02096294_4440.JPEG,n02096294,193,Australian terrier,jpeg,70,193,Australian terrier,0.6291394829750061,True,41144,39844,1.0326272462604156,37.90840296936474,0.9915607896540711
imagewoof,data/imagewoof2-320/val/n02096294/n02096294_4441.JPEG,n02096294,193,Australian terrier,jpeg,70,186,Norwich terrier,0.2556374967098236,False,18377,17883,1.0276240004473522,44.18776350250339,0.9919886474635119
imagewoof,data/imagewoof2-320/val/n02096294/n02096294_4462.JPEG,n02096294,193,Australian terrier,jpeg,70,186,Norwich terrier,0.5938301086425781,False,40976,39706,1.031985090414547,38.88328944200124,0.9908994829807986
imagewoof,data/imagewoof2-320/val/n02096294/n02096294_4480.JPEG,n02096294,193,Australian terrier,jpeg,70,193,Australian terrier,0.3375825583934784,True,38247,37097,1.0309998113054963,39.722077487205844,0.991670817149395
imagewoof,data/imagewoof2-320/val/n02096294/n02096294_4490.JPEG,n02096294,193,Australian terrier,jpeg,70,193,Australian terrier,0.6379483938217163,True,32802,32042,1.0237188689844579,41.51132845389208,0.9909150998928237
imagewoof,data/imagewoof2-320/val/n02096294/n02096294_4491.JPEG,n02096294,193,Australian terrier,jpeg,70,193,Australian terrier,0.5817641615867615,True,33326,32285,1.032244076196376,40.46747127730923,0.9922836659834321
imagewoof,data/imagewoof2-320/val/n02096294/n02096294_4492.JPEG,n02096294,193,Australian terrier,jpeg,70,193,Australian terrier,0.3272121548652649,True,20537,19969,1.0284440883369221,44.68500704546915,0.9909222731489183
imagewoof,data/imagewoof2-320/val/n02096294/n02096294_4510.JPEG,n02096294,193,Australian terrier,jpeg,70,204,Lhasa,0.11584138870239258,False,24965,24292,1.027704594105055,41.56749410111192,0.9911333823772092
imagewoof,data/imagewoof2-320/val/n02096294/n02096294_4530.JPEG,n02096294,193,Australian terrier,jpeg,70,193,Australian terrier,0.29654332995414734,True,30757,29730,1.034544231416078,39.47359030654433,0.9869855328535815
imagewoof,data/imagewoof2-320/val/n02096294/n02096294_4531.JPEG,n02096294,193,Australian terrier,jpeg,70,193,Australian terrier,0.4473252296447754,True,38534,36723,1.0493151430983307,35.11726776595802,0.9777279134179501
imagewoof,data/imagewoof2-320/val/n02096294/n02096294_4540.JPEG,n02096294,193,Australian terrier,jpeg,70,193,Australian terrier,0.57285475730896,True,24274,23572,1.0297810962158493,42.52632417011185,0.9924708061029905
imagewoof,data/imagewoof2-320/val/n02096294/n02096294_4632.JPEG,n02096294,193,Australian terrier,jpeg,70,193,Australian terrier,0.5873770117759705,True,27409,26751,1.024597211319203,40.98609741526652,0.9899428010544696
imagewoof,data/imagewoof2-320/val/n02096294/n02096294_4702.JPEG,n02096294,193,Australian terrier,jpeg,70,193,Australian terrier,0.3517696261405945,True,22874,22263,1.027444639087275,42.186742458652475,0.9902617603063879
imagewoof,data/imagewoof2-320/val/n02096294/n02096294_4711.JPEG,n02096294,193,Australian terrier,jpeg,70,193,Australian terrier,0.34485676884651184,True,26660,25856,1.031095297029703,42.630091058235784,0.9926802130920876
imagewoof,data/imagewoof2-320/val/n02096294/n02096294_472.JPEG,n02096294,193,Australian terrier,jpeg,70,193,Australian terrier,0.3822799623012543,True,24892,24196,1.0287650851380394,42.18683512999789,0.9916190843124157
imagewoof,data/imagewoof2-320/val/n02096294/n02096294_4720.JPEG,n02096294,193,Australian terrier,jpeg,70,186,Norwich terrier,0.25484925508499146,False,23374,22754,1.0272479564032697,42.70634649504796,0.9910726421490427
imagewoof,data/imagewoof2-320/val/n02096294/n02096294_4722.JPEG,n02096294,193,Australian terrier,jpeg,70,193,Australian terrier,0.42614832520484924,True,34662,33716,1.028057895361253,40.35757951177673,0.9923125404901918
imagewoof,data/imagewoof2-320/val/n02096294/n02096294_4741.JPEG,n02096294,193,Australian terrier,jpeg,70,193,Australian terrier,0.2810233235359192,True,54301,52418,1.0359227746194055,40.07917714567825,0.9930078427440269
imagewoof,data/imagewoof2-320/val/n02096294/n02096294_4750.JPEG,n02096294,193,Australian terrier,jpeg,70,193,Australian terrier,0.4711361229419708,True,10416,10162,1.0249950797087188,46.30660210337653,0.9976183109259821
imagewoof,data/imagewoof2-320/val/n02096294/n02096294_4770.JPEG,n02096294,193,Australian terrier,jpeg,70,193,Australian terrier,0.4775218367576599,True,27325,26532,1.0298884366048544,41.459189136068716,0.9902255299842011
imagewoof,data/imagewoof2-320/val/n02096294/n02096294_482.JPEG,n02096294,193,Australian terrier,jpeg,70,193,Australian terrier,0.5937113165855408,True,10219,10791,0.9469928644240571,49.59290055116074,0.9970594130600733
imagewoof,data/imagewoof2-320/val/n02096294/n02096294_4850.JPEG,n02096294,193,Australian terrier,jpeg,70,193,Australian terrier,0.3468959927558899,True,20893,20263,1.031091151359621,41.821442418037186,0.9910736465762918
imagewoof,data/imagewoof2-320/val/n02096294/n02096294_4880.JPEG,n02096294,193,Australian terrier,jpeg,70,193,Australian terrier,0.6537452340126038,True,26929,26233,1.0265314679983226,41.76412059639374,0.9906250571146561
imagewoof,data/imagewoof2-320/val/n02096294/n02096294_4892.JPEG,n02096294,193,Australian terrier,jpeg,70,193,Australian terrier,0.42994585633277893,True,33152,32166,1.0306534850463223,40.61265040424222,0.9908944516394484
imagewoof,data/imagewoof2-320/val/n02096294/n02096294_4910.JPEG,n02096294,193,Australian terrier,jpeg,70,186,Norwich terrier,0.05555972456932068,False,17099,16589,1.0307432636084153,43.40275552676829,0.9919298995528991
imagewoof,data/imagewoof2-320/val/n02096294/n02096294_4952.JPEG,n02096294,193,Australian terrier,jpeg,70,193,Australian terrier,0.2456780970096588,True,22909,22238,1.0301735767605,41.18634179319485,0.9893396665761555
imagewoof,data/imagewoof2-320/val/n02096294/n02096294_4991.JPEG,n02096294,193,Australian terrier,jpeg,70,193,Australian terrier,0.26969674229621887,True,35039,34113,1.027145076656993,39.6642732430456,0.9905128974306093
imagewoof,data/imagewoof2-320/val/n02096294/n02096294_5000.JPEG,n02096294,193,Australian terrier,jpeg,70,193,Australian terrier,0.26528477668762207,True,18342,17910,1.0241206030150753,44.217436215120955,0.9921805397848934
imagewoof,data/imagewoof2-320/val/n02096294/n02096294_5051.JPEG,n02096294,193,Australian terrier,jpeg,70,193,Australian terrier,0.38132959604263306,True,30670,29817,1.0286078411644364,41.469790033905085,0.9921363593708185
imagewoof,data/imagewoof2-320/val/n02096294/n02096294_5131.JPEG,n02096294,193,Australian terrier,jpeg,70,193,Australian terrier,0.3902895748615265,True,21463,20878,1.0280199252801991,43.65196554012386,0.9918962579553289
imagewoof,data/imagewoof2-320/val/n02096294/n02096294_5170.JPEG,n02096294,193,Australian terrier,jpeg,70,193,Australian terrier,0.24395328760147095,True,19080,18535,1.0294038305907742,43.08797902233843,0.9915426750932688
imagewoof,data/imagewoof2-320/val/n02096294/n02096294_5202.JPEG,n02096294,193,Australian terrier,jpeg,70,193,Australian terrier,0.4009234607219696,True,24074,23395,1.0290232955759777,43.865402771214306,0.9920219812264194
imagewoof,data/imagewoof2-320/val/n02096294/n02096294_5221.JPEG,n02096294,193,Australian terrier,jpeg,70,201,silky terrier,0.11923794448375702,False,13235,12959,1.0212979396558377,47.59492670670368,0.9933093258598323
imagewoof,data/imagewoof2-320/val/n02096294/n02096294_5230.JPEG,n02096294,193,Australian terrier,jpeg,70,193,Australian terrier,0.2697966694831848,True,34299,33273,1.0308358128212063,40.682013982579605,0.9876122602360994
imagewoof,data/imagewoof2-320/val/n02096294/n02096294_5250.JPEG,n02096294,193,Australian terrier,jpeg,70,193,Australian terrier,0.4937622547149658,True,26424,25773,1.025258991968339,41.89910290839829,0.9920654004915103
imagewoof,data/imagewoof2-320/val/n02096294/n02096294_5251.JPEG,n02096294,193,Australian terrier,jpeg,70,193,Australian terrier,0.7242770791053772,True,23903,23414,1.0208849406338087,42.84741770344014,0.9905074795453105
imagewoof,data/imagewoof2-320/val/n02096294/n02096294_5270.JPEG,n02096294,193,Australian terrier,jpeg,70,193,Australian terrier,0.4167892038822174,True,40424,39223,1.0306197894092752,39.00292048940045,0.9921656579738718
imagewoof,data/imagewoof2-320/val/n02096294/n02096294_530.JPEG,n02096294,193,Australian terrier,jpeg,70,193,Australian terrier,0.23589597642421722,True,19926,19321,1.0313130790331764,43.0180074978734,0.9922168110217832
imagewoof,data/imagewoof2-320/val/n02096294/n02096294_5321.JPEG,n02096294,193,Australian terrier,jpeg,70,193,Australian terrier,0.5552054643630981,True,26205,25683,1.020324728419577,42.420946543532374,0.9909463794434213
imagewoof,data/imagewoof2-320/val/n02096294/n02096294_5432.JPEG,n02096294,193,Australian terrier,jpeg,70,187,Yorkshire terrier,0.25234153866767883,False,18055,17544,1.0291267669858641,44.265559522352895,0.9909987944704715
imagewoof,data/imagewoof2-320/val/n02096294/n02096294_5451.JPEG,n02096294,193,Australian terrier,jpeg,70,187,Yorkshire terrier,0.34118133783340454,False,22744,22069,1.0305858897095472,43.89886986429061,0.9932654729365131
imagewoof,data/imagewoof2-320/val/n02096294/n02096294_5480.JPEG,n02096294,193,Australian terrier,jpeg,70,193,Australian terrier,0.5029755234718323,True,24456,23624,1.0352184219437859,40.42360217701094,0.9890759938836841
imagewoof,data/imagewoof2-320/val/n02096294/n02096294_5490.JPEG,n02096294,193,Australian terrier,jpeg,70,193,Australian terrier,0.27936169505119324,True,15513,15163,1.0230825034623756,44.86497893975215,0.9901597342615376
imagewoof,data/imagewoof2-320/val/n02096294/n02096294_5522.JPEG,n02096294,193,Australian terrier,jpeg,70,204,Lhasa,0.26806753873825073,False,21732,21128,1.0285876561908367,44.094445757493254,0.9929910513955541
imagewoof,data/imagewoof2-320/val/n02096294/n02096294_5531.JPEG,n02096294,193,Australian terrier,jpeg,70,187,Yorkshire terrier,0.1911134272813797,False,28547,27806,1.0266489246925123,41.62975344127566,0.9910836132187829
imagewoof,data/imagewoof2-320/val/n02096294/n02096294_5552.JPEG,n02096294,193,Australian terrier,jpeg,70,193,Australian terrier,0.35311850905418396,True,28317,27479,1.0304960151388334,42.31918981584373,0.9910758557354108
imagewoof,data/imagewoof2-320/val/n02096294/n02096294_5561.JPEG,n02096294,193,Australian terrier,jpeg,70,193,Australian terrier,0.4845867156982422,True,43813,42426,1.0326922170367228,38.24230919487897,0.9927283334965877
imagewoof,data/imagewoof2-320/val/n02096294/n02096294_5590.JPEG,n02096294,193,Australian terrier,jpeg,70,193,Australian terrier,0.3864382207393646,True,29791,29110,1.023394022672621,42.153582817937846,0.9902497973438459
imagewoof,data/imagewoof2-320/val/n02096294/n02096294_5602.JPEG,n02096294,193,Australian terrier,jpeg,70,193,Australian terrier,0.6052340269088745,True,23285,22719,1.024913068356882,43.45997921227721,0.9917214279806069
imagewoof,data/imagewoof2-320/val/n02096294/n02096294_5630.JPEG,n02096294,193,Australian terrier,jpeg,70,201,silky terrier,0.18496230244636536,False,29595,28759,1.0290691609583087,40.790920294859056,0.9924347309434647
imagewoof,data/imagewoof2-320/val/n02096294/n02096294_5641.JPEG,n02096294,193,Australian terrier,jpeg,70,193,Australian terrier,0.1549277901649475,True,41380,40278,1.0273598490491087,43.108111987221704,0.9933479340181356
imagewoof,data/imagewoof2-320/val/n02096294/n02096294_5670.JPEG,n02096294,193,Australian terrier,jpeg,70,193,Australian terrier,0.3928001821041107,True,36128,35078,1.0299332915217516,39.34210565504066,0.9901243373220975
imagewoof,data/imagewoof2-320/val/n02096294/n02096294_5691.JPEG,n02096294,193,Australian terrier,jpeg,70,193,Australian terrier,0.5065971612930298,True,18135,17715,1.0237087214225233,45.34320052923353,0.9924844636991197
imagewoof,data/imagewoof2-320/val/n02096294/n02096294_570.JPEG,n02096294,193,Australian terrier,jpeg,70,193,Australian terrier,0.40445753931999207,True,28543,27669,1.0315876974231089,42.04652214636485,0.9898831131929727
imagewoof,data/imagewoof2-320/val/n02096294/n02096294_5762.JPEG,n02096294,193,Australian terrier,jpeg,70,193,Australian terrier,0.28834953904151917,True,36040,34945,1.0313349549291744,39.07363304683272,0.9920544330801396
imagewoof,data/imagewoof2-320/val/n02096294/n02096294_5781.JPEG,n02096294,193,Australian terrier,jpeg,70,193,Australian terrier,0.5316416025161743,True,28901,28163,1.0262045946809644,42.25066554531365,0.990645649850492
imagewoof,data/imagewoof2-320/val/n02096294/n02096294_580.JPEG,n02096294,193,Australian terrier,jpeg,70,193,Australian terrier,0.16942645609378815,True,38735,37655,1.0286814500066392,37.950626670595206,0.9917260168505048
imagewoof,data/imagewoof2-320/val/n02096294/n02096294_5812.JPEG,n02096294,193,Australian terrier,jpeg,70,193,Australian terrier,0.525669515132904,True,38803,37657,1.030432588894495,37.66600777782998,0.9872754864190223
imagewoof,data/imagewoof2-320/val/n02096294/n02096294_5860.JPEG,n02096294,193,Australian terrier,jpeg,70,193,Australian terrier,0.48216482996940613,True,23603,23014,1.0255931172329886,42.3903125277087,0.9898353327674975
imagewoof,data/imagewoof2-320/val/n02096294/n02096294_5861.JPEG,n02096294,193,Australian terrier,jpeg,70,193,Australian terrier,0.39570152759552,True,21162,20593,1.0276307483125333,43.98619501116382,0.9918192492054919
imagewoof,data/imagewoof2-320/val/n02096294/n02096294_5870.JPEG,n02096294,193,Australian terrier,jpeg,70,193,Australian terrier,0.220546156167984,True,19327,18801,1.027977235253444,43.51747655679516,0.9914703520892442
imagewoof,data/imagewoof2-320/val/n02096294/n02096294_590.JPEG,n02096294,193,Australian terrier,jpeg,70,193,Australian terrier,0.5397027134895325,True,24217,23564,1.0277117637073503,42.44820950994356,0.9908272860755879
imagewoof,data/imagewoof2-320/val/n02096294/n02096294_591.JPEG,n02096294,193,Australian terrier,jpeg,70,193,Australian terrier,0.7392047643661499,True,31204,30375,1.027292181069959,39.160090149604514,0.9908732842618685
imagewoof,data/imagewoof2-320/val/n02096294/n02096294_5921.JPEG,n02096294,193,Australian terrier,jpeg,70,193,Australian terrier,0.588824450969696,True,34769,33849,1.0271795326302107,39.63986661610875,0.9909728169496185
imagewoof,data/imagewoof2-320/val/n02096294/n02096294_5922.JPEG,n02096294,193,Australian terrier,jpeg,70,193,Australian terrier,0.42848697304725647,True,29172,28519,1.0228970160244049,41.39627133507676,0.9903573158431979
imagewoof,data/imagewoof2-320/val/n02096294/n02096294_6002.JPEG,n02096294,193,Australian terrier,jpeg,70,193,Australian terrier,0.16836920380592346,True,35036,34101,1.027418550775637,39.239135800047094,0.9903777670718464
imagewoof,data/imagewoof2-320/val/n02096294/n02096294_6030.JPEG,n02096294,193,Australian terrier,jpeg,70,193,Australian terrier,0.31191760301589966,True,24335,23662,1.0284422280449665,43.02712509320862,0.9914960272756836
imagewoof,data/imagewoof2-320/val/n02096294/n02096294_6061.JPEG,n02096294,193,Australian terrier,jpeg,70,198,standard schnauzer,0.3236672878265381,False,14649,14180,1.0330747531734839,45.60121516072257,0.9937227549550985
imagewoof,data/imagewoof2-320/val/n02096294/n02096294_6102.JPEG,n02096294,193,Australian terrier,jpeg,70,193,Australian terrier,0.31310218572616577,True,17864,17324,1.0311706303394135,44.65545907124665,0.9933198097720736
imagewoof,data/imagewoof2-320/val/n02096294/n02096294_6131.JPEG,n02096294,193,Australian terrier,jpeg,70,193,Australian terrier,0.39333635568618774,True,24034,23479,1.0236381447250735,42.51843162400234,0.990928472312003
imagewoof,data/imagewoof2-320/val/n02096294/n02096294_6170.JPEG,n02096294,193,Australian terrier,jpeg,70,201,silky terrier,0.4021393060684204,False,35657,34506,1.0333565177070654,40.2108862772688,0.9919590803457877
imagewoof,data/imagewoof2-320/val/n02096294/n02096294_6220.JPEG,n02096294,193,Australian terrier,jpeg,70,193,Australian terrier,0.5654461979866028,True,33758,32743,1.030998992150994,39.867593193219264,0.9915186492072458
imagewoof,data/imagewoof2-320/val/n02096294/n02096294_6221.JPEG,n02096294,193,Australian terrier,jpeg,70,193,Australian terrier,0.30512961745262146,True,23356,22621,1.0324919322753194,43.261070857758206,0.9932169247482342
imagewoof,data/imagewoof2-320/val/n02096294/n02096294_6290.JPEG,n02096294,193,Australian terrier,jpeg,70,193,Australian terrier,0.5349578857421875,True,16164,15732,1.0274599542334095,45.7259300296267,0.9924894871597724
imagewoof,data/imagewoof2-320/val/n02096294/n02096294_6332.JPEG,n02096294,193,Australian terrier,jpeg,70,193,Australian terrier,0.3642454445362091,True,34208,33018,1.0360409473620449,38.20963564205954,0.9848885017093286
imagewoof,data/imagewoof2-320/val/n02096294/n02096294_6350.JPEG,n02096294,193,Australian terrier,jpeg,70,201,silky terrier,0.1868407428264618,False,35570,34514,1.030596279770528,39.90060293578984,0.9917810701579487
imagewoof,data/imagewoof2-320/val/n02096294/n02096294_6362.JPEG,n02096294,193,Australian terrier,jpeg,70,191,Airedale,0.10821200162172318,False,20985,20517,1.0228103523907004,44.52655981065543,0.9922974838025592
imagewoof,data/imagewoof2-320/val/n02096294/n02096294_6370.JPEG,n02096294,193,Australian terrier,jpeg,70,193,Australian terrier,0.8075199723243713,True,23732,22957,1.0337587663893366,41.833594183387596,0.9881713621792138
imagewoof,data/imagewoof2-320/val/n02096294/n02096294_6380.JPEG,n02096294,193,Australian terrier,jpeg,70,193,Australian terrier,0.5719375014305115,True,31991,31131,1.027625196749221,40.52899782385306,0.9918138270009561
imagewoof,data/imagewoof2-320/val/n02096294/n02096294_6391.JPEG,n02096294,193,Australian terrier,jpeg,70,193,Australian terrier,0.42907729744911194,True,18710,18207,1.0276267369692975,42.79474510896462,0.9907018436661842
imagewoof,data/imagewoof2-320/val/n02096294/n02096294_6400.JPEG,n02096294,193,Australian terrier,jpeg,70,193,Australian terrier,0.5999466180801392,True,26302,25533,1.0301178866564837,41.903676858765394,0.9920180755584235
imagewoof,data/imagewoof2-320/val/n02096294/n02096294_6411.JPEG,n02096294,193,Australian terrier,jpeg,70,193,Australian terrier,0.4752449691295624,True,40457,39330,1.028654970760234,39.76291237896602,0.991719327955008
imagewoof,data/imagewoof2-320/val/n02096294/n02096294_6422.JPEG,n02096294,193,Australian terrier,jpeg,70,193,Australian terrier,0.49808427691459656,True,33814,32746,1.0326146704941062,41.03379870847866,0.9919262281181105
imagewoof,data/imagewoof2-320/val/n02096294/n02096294_6442.JPEG,n02096294,193,Australian terrier,jpeg,70,193,Australian terrier,0.43937090039253235,True,24968,24196,1.0319061001818481,41.27154390724136,0.9910840041929259
imagewoof,data/imagewoof2-320/val/n02096294/n02096294_6450.JPEG,n02096294,193,Australian terrier,jpeg,70,193,Australian terrier,0.42896926403045654,True,23268,22627,1.0283289874928183,42.594954393101034,0.9903964787190649
imagewoof,data/imagewoof2-320/val/n02096294/n02096294_6491.JPEG,n02096294,193,Australian terrier,jpeg,70,193,Australian terrier,0.5004296898841858,True,24274,23570,1.0298684768773865,41.97085013232356,0.9912090998047912
imagewoof,data/imagewoof2-320/val/n02096294/n02096294_651.JPEG,n02096294,193,Australian terrier,jpeg,70,193,Australian terrier,0.308654248714447,True,44474,43201,1.029466910488183,39.64910390506628,0.9911181602971576
imagewoof,data/imagewoof2-320/val/n02096294/n02096294_6540.JPEG,n02096294,193,Australian terrier,jpeg,70,193,Australian terrier,0.2160356491804123,True,17304,16890,1.0245115452930729,44.63001956959345,0.9915901302066055
imagewoof,data/imagewoof2-320/val/n02096294/n02096294_6551.JPEG,n02096294,193,Australian terrier,jpeg,70,193,Australian terrier,0.30772536993026733,True,28721,27897,1.0295372262250422,42.13104391572781,0.9920601109851427
imagewoof,data/imagewoof2-320/val/n02096294/n02096294_6571.JPEG,n02096294,193,Australian terrier,jpeg,70,193,Australian terrier,0.3128664493560791,True,43811,41965,1.0439890384844512,37.316050635367525,0.984337234306214
imagewoof,data/imagewoof2-320/val/n02096294/n02096294_6592.JPEG,n02096294,193,Australian terrier,jpeg,70,193,Australian terrier,0.3813706636428833,True,29836,29044,1.0272689712160858,40.5492869957871,0.99209565292828
imagewoof,data/imagewoof2-320/val/n02096294/n02096294_6651.JPEG,n02096294,193,Australian terrier,jpeg,70,193,Australian terrier,0.403886616230011,True,54024,52105,1.0368294789367622,40.89722231704374,0.9880914245710809
imagewoof,data/imagewoof2-320/val/n02096294/n02096294_6692.JPEG,n02096294,193,Australian terrier,jpeg,70,193,Australian terrier,0.3249594569206238,True,18148,17797,1.0197224251278305,44.99556398911528,0.9907817461551072
imagewoof,data/imagewoof2-320/val/n02096294/n02096294_670.JPEG,n02096294,193,Australian terrier,jpeg,70,193,Australian terrier,0.3125070631504059,True,18489,17990,1.0277376320177876,44.6014393359659,0.9929256355641103
imagewoof,data/imagewoof2-320/val/n02096294/n02096294_671.JPEG,n02096294,193,Australian terrier,jpeg,70,193,Australian terrier,0.2370719313621521,True,22438,21738,1.0322016744870732,44.27386089135538,0.993654890266853
imagewoof,data/imagewoof2-320/val/n02096294/n02096294_6721.JPEG,n02096294,193,Australian terrier,jpeg,70,193,Australian terrier,0.3861478269100189,True,32785,31866,1.028839515471035,40.864423720722044,0.9912635403776239
imagewoof,data/imagewoof2-320/val/n02096294/n02096294_6732.JPEG,n02096294,193,Australian terrier,jpeg,70,193,Australian terrier,0.4742715060710907,True,20318,19750,1.0287594936708861,42.95858681573464,0.9913772829584099
imagewoof,data/imagewoof2-320/val/n02096294/n02096294_6812.JPEG,n02096294,193,Australian terrier,jpeg,70,193,Australian terrier,0.4506915509700775,True,38160,36982,1.031853334054405,42.82614066470377,0.9931995332373008
imagewoof,data/imagewoof2-320/val/n02096294/n02096294_6870.JPEG,n02096294,193,Australian terrier,jpeg,70,193,Australian terrier,0.3495006263256073,True,20764,20094,1.0333432865532,42.06829189397478,0.9924450695641028
imagewoof,data/imagewoof2-320/val/n02096294/n02096294_6891.JPEG,n02096294,193,Australian terrier,jpeg,70,187,Yorkshire terrier,0.36206358671188354,False,16949,16426,1.0318397662242786,45.25165268722751,0.9930769309216062
imagewoof,data/imagewoof2-320/val/n02096294/n02096294_6911.JPEG,n02096294,193,Australian terrier,jpeg,70,179,Staffordshire bullterrier,0.17190498113632202,False,19788,19367,1.0217380079516705,46.20467445614601,0.9920223195101846
imagewoof,data/imagewoof2-320/val/n02096294/n02096294_6931.JPEG,n02096294,193,Australian terrier,jpeg,70,187,Yorkshire terrier,0.2610277235507965,False,21933,21404,1.0247150065408335,44.15654214402036,0.991144902075279
imagewoof,data/imagewoof2-320/val/n02096294/n02096294_6970.JPEG,n02096294,193,Australian terrier,jpeg,70,193,Australian terrier,0.40791499614715576,True,26075,25421,1.0257267613390504,41.893068649816136,0.9916903881589256
imagewoof,data/imagewoof2-320/val/n02096294/n02096294_6980.JPEG,n02096294,193,Australian terrier,jpeg,70,193,Australian terrier,0.21000832319259644,True,54105,51765,1.0452042886119965,35.286787591801875,0.9878562140418835
imagewoof,data/imagewoof2-320/val/n02096294/n02096294_6982.JPEG,n02096294,193,Australian terrier,jpeg,70,193,Australian terrier,0.068241186439991,True,38911,37777,1.030018265081928,39.38086153326075,0.9924485313529724
imagewoof,data/imagewoof2-320/val/n02096294/n02096294_6990.JPEG,n02096294,193,Australian terrier,jpeg,70,193,Australian terrier,0.49406754970550537,True,22838,22071,1.0347514838475829,42.265589950598034,0.973424799743278
imagewoof,data/imagewoof2-320/val/n02096294/n02096294_6991.JPEG,n02096294,193,Australian terrier,jpeg,70,193,Australian terrier,0.2506532371044159,True,19218,18676,1.0290212036838724,43.834861781149435,0.9879520083929895
imagewoof,data/imagewoof2-320/val/n02096294/n02096294_7000.JPEG,n02096294,193,Australian terrier,jpeg,70,201,silky terrier,0.4502483308315277,False,16398,15927,1.0295724241853457,45.09317033527098,0.9915900653143277
imagewoof,data/imagewoof2-320/val/n02096294/n02096294_7020.JPEG,n02096294,193,Australian terrier,jpeg,70,193,Australian terrier,0.2813359200954437,True,22177,21619,1.0258106295388316,44.44370676118701,0.9920395218049878
imagewoof,data/imagewoof2-320/val/n02096294/n02096294_7030.JPEG,n02096294,193,Australian terrier,jpeg,70,193,Australian terrier,0.5055908560752869,True,27556,26790,1.0285927584919745,40.91939946390131,0.9874884218165656
imagewoof,data/imagewoof2-320/val/n02096294/n02096294_7051.JPEG,n02096294,193,Australian terrier,jpeg,70,193,Australian terrier,0.5285872220993042,True,23572,22924,1.0282673180945734,43.73883617729603,0.992526096538735
imagewoof,data/imagewoof2-320/val/n02096294/n02096294_7122.JPEG,n02096294,193,Australian terrier,jpeg,70,193,Australian terrier,0.44991573691368103,True,21014,20443,1.0279313212346524,43.82092374372525,0.9917731074441359
imagewoof,data/imagewoof2-320/val/n02096294/n02096294_7160.JPEG,n02096294,193,Australian terrier,jpeg,70,193,Australian terrier,0.23809728026390076,True,29242,28442,1.0281274171999155,41.41927987750261,0.9916228591100928
imagewoof,data/imagewoof2-320/val/n02096294/n02096294_7161.JPEG,n02096294,193,Australian terrier,jpeg,70,193,Australian terrier,0.36816051602363586,True,19148,18750,1.0212266666666667,45.72396497903219,0.9921026864380978
imagewoof,data/imagewoof2-320/val/n02096294/n02096294_7170.JPEG,n02096294,193,Australian terrier,jpeg,70,185,Norfolk terrier,0.26584723591804504,False,28871,28114,1.026926086647222,43.04766662197176,0.9929681358007977
imagewoof,data/imagewoof2-320/val/n02096294/n02096294_7182.JPEG,n02096294,193,Australian terrier,jpeg,70,193,Australian terrier,0.29876410961151123,True,20955,20381,1.0281634855993327,43.85960973264389,0.9894881685440846
imagewoof,data/imagewoof2-320/val/n02096294/n02096294_720.JPEG,n02096294,193,Australian terrier,jpeg,70,193,Australian terrier,0.5174171924591064,True,21707,21283,1.0199220034769534,44.48615288572465,0.9916800226229863
imagewoof,data/imagewoof2-320/val/n02096294/n02096294_7231.JPEG,n02096294,193,Australian terrier,jpeg,70,193,Australian terrier,0.39153456687927246,True,35626,34338,1.037509464732949,38.448367758301146,0.9882903241751334
imagewoof,data/imagewoof2-320/val/n02096294/n02096294_7242.JPEG,n02096294,193,Australian terrier,jpeg,70,193,Australian terrier,0.49130043387413025,True,44568,43144,1.033005748192101,37.564717474732035,0.989989882705736
imagewoof,data/imagewoof2-320/val/n02096294/n02096294_7261.JPEG,n02096294,193,Australian terrier,jpeg,70,193,Australian terrier,0.46423107385635376,True,49427,47998,1.0297720738364098,37.06858393157295,0.9903282170770638
imagewoof,data/imagewoof2-320/val/n02096294/n02096294_730.JPEG,n02096294,193,Australian terrier,jpeg,70,184,Irish terrier,0.14986583590507507,False,21977,21402,1.0268666479768247,40.627714887566064,0.9921722066385508
imagewoof,data/imagewoof2-320/val/n02096294/n02096294_7341.JPEG,n02096294,193,Australian terrier,jpeg,70,193,Australian terrier,0.1807256042957306,True,36640,35446,1.0336850420357728,39.907175839346905,0.9910137269009595
imagewoof,data/imagewoof2-320/val/n02096294/n02096294_7361.JPEG,n02096294,193,Australian terrier,jpeg,70,193,Australian terrier,0.5061187148094177,True,33547,32496,1.0323424421467258,41.74642132819795,0.9927998923775231
imagewoof,data/imagewoof2-320/val/n02096294/n02096294_7370.JPEG,n02096294,193,Australian terrier,jpeg,70,193,Australian terrier,0.3294704258441925,True,28666,27807,1.030891502139749,41.425178086417446,0.9903644593945714
imagewoof,data/imagewoof2-320/val/n02096294/n02096294_7382.JPEG,n02096294,193,Australian terrier,jpeg,70,193,Australian terrier,0.15444833040237427,True,32528,31549,1.0310310944879395,40.8040566887452,0.9918966224326512
imagewoof,data/imagewoof2-320/val/n02096294/n02096294_7402.JPEG,n02096294,193,Australian terrier,jpeg,70,193,Australian terrier,0.44723188877105713,True,31822,30627,1.0390178600581186,38.958583692828434,0.9874087546267791
imagewoof,data/imagewoof2-320/val/n02096294/n02096294_7412.JPEG,n02096294,193,Australian terrier,jpeg,70,193,Australian terrier,0.42159542441368103,True,32722,31790,1.029317395407361,40.772366183144385,0.9916365199828122
imagewoof,data/imagewoof2-320/val/n02096294/n02096294_7421.JPEG,n02096294,193,Australian terrier,jpeg,70,193,Australian terrier,0.5049332976341248,True,13491,13171,1.0242958013818237,45.33044428287685,0.9931705863580021
imagewoof,data/imagewoof2-320/val/n02096294/n02096294_7422.JPEG,n02096294,193,Australian terrier,jpeg,70,193,Australian terrier,0.46459323167800903,True,48873,47220,1.0350063532401526,36.72366003420691,0.9901948993766427
imagewoof,data/imagewoof2-320/val/n02096294/n02096294_7460.JPEG,n02096294,193,Australian terrier,jpeg,70,193,Australian terrier,0.22752982378005981,True,34322,33272,1.0315580668429911,38.800022226352894,0.9884709666378457
imagewoof,data/imagewoof2-320/val/n02096294/n02096294_7492.JPEG,n02096294,193,Australian terrier,jpeg,70,193,Australian terrier,0.1362394243478775,True,36514,35430,1.030595540502399,38.56417114112646,0.992047658610245
imagewoof,data/imagewoof2-320/val/n02096294/n02096294_7501.JPEG,n02096294,193,Australian terrier,jpeg,70,193,Australian terrier,0.7206359505653381,True,25879,25353,1.0207470516309707,43.005470307621955,0.988975976675284
imagewoof,data/imagewoof2-320/val/n02096294/n02096294_7510.JPEG,n02096294,193,Australian terrier,jpeg,70,193,Australian terrier,0.4453604519367218,True,22863,22199,1.0299112572638407,41.84493828411863,0.9891841454838884
imagewoof,data/imagewoof2-320/val/n02096294/n02096294_7512.JPEG,n02096294,193,Australian terrier,jpeg,70,187,Yorkshire terrier,0.44202956557273865,False,20070,19499,1.029283553002718,43.60159835392734,0.9920797031590327
imagewoof,data/imagewoof2-320/val/n02096294/n02096294_7532.JPEG,n02096294,193,Australian terrier,jpeg,70,186,Norwich terrier,0.2056603729724884,False,36786,35667,1.0313735385650602,38.9252782958335,0.9933364778476825
imagewoof,data/imagewoof2-320/val/n02096294/n02096294_7541.JPEG,n02096294,193,Australian terrier,jpeg,70,193,Australian terrier,0.48933371901512146,True,37860,36641,1.0332687426653202,39.047986858715745,0.9933904761363634
imagewoof,data/imagewoof2-320/val/n02096294/n02096294_7552.JPEG,n02096294,193,Australian terrier,jpeg,70,193,Australian terrier,0.571800172328949,True,20500,19969,1.0265912163853974,44.28359290399169,0.9930909997287399
imagewoof,data/imagewoof2-320/val/n02096294/n02096294_7560.JPEG,n02096294,193,Australian terrier,jpeg,70,193,Australian terrier,0.42335420846939087,True,27693,27047,1.0238843494657448,42.84193218640621,0.9901484583354899
imagewoof,data/imagewoof2-320/val/n02096294/n02096294_7562.JPEG,n02096294,193,Australian terrier,jpeg,70,187,Yorkshire terrier,0.23871564865112305,False,21741,21231,1.0240214780274128,43.00003703589796,0.9905000881026939
imagewoof,data/imagewoof2-320/val/n02096294/n02096294_7602.JPEG,n02096294,193,Australian terrier,jpeg,70,201,silky terrier,0.5575481653213501,False,28998,28312,1.0242300084769709,41.984087901856626,0.9912944566412921
imagewoof,data/imagewoof2-320/val/n02096294/n02096294_761.JPEG,n02096294,193,Australian terrier,jpeg,70,201,silky terrier,0.27842727303504944,False,25166,24241,1.038158491811394,38.99747519112439,0.9842144205404585
imagewoof,data/imagewoof2-320/val/n02096294/n02096294_7620.JPEG,n02096294,193,Australian terrier,jpeg,70,193,Australian terrier,0.2627025842666626,True,30110,29410,1.023801428085685,41.545086024529496,0.9895876070193514
imagewoof,data/imagewoof2-320/val/n02096294/n02096294_7631.JPEG,n02096294,193,Australian terrier,jpeg,70,193,Australian terrier,0.22421303391456604,True,26090,25389,1.027610382449092,42.98426844353259,0.9913065110639909
imagewoof,data/imagewoof2-320/val/n02096294/n02096294_7632.JPEG,n02096294,193,Australian terrier,jpeg,70,193,Australian terrier,0.5016979575157166,True,25042,24282,1.0312989045383412,42.42564598584384,0.9919871808010782
imagewoof,data/imagewoof2-320/val/n02096294/n02096294_7641.JPEG,n02096294,193,Australian terrier,jpeg,70,193,Australian terrier,0.583026111125946,True,25196,24617,1.0235203314782468,42.22077024426166,0.9898483836431665
imagewoof,data/imagewoof2-320/val/n02096294/n02096294_7692.JPEG,n02096294,193,Australian terrier,jpeg,70,193,Australian terrier,0.34855857491493225,True,33289,32416,1.0269311451135241,39.3539721829325,0.9917224080553728
imagewoof,data/imagewoof2-320/val/n02096294/n02096294_7711.JPEG,n02096294,193,Australian terrier,jpeg,70,193,Australian terrier,0.3839264512062073,True,26642,25862,1.0301600804268811,41.95342771178921,0.9921305022778175
imagewoof,data/imagewoof2-320/val/n02096294/n02096294_7731.JPEG,n02096294,193,Australian terrier,jpeg,70,193,Australian terrier,0.4709596633911133,True,14075,13689,1.028197823069618,46.32660998902743,0.9924781897251842
imagewoof,data/imagewoof2-320/val/n02096294/n02096294_7732.JPEG,n02096294,193,Australian terrier,jpeg,70,193,Australian terrier,0.27351343631744385,True,20359,19858,1.025229126800282,43.99731151340508,0.9904117396998168
imagewoof,data/imagewoof2-320/val/n02096294/n02096294_7751.JPEG,n02096294,193,Australian terrier,jpeg,70,193,Australian terrier,0.5408999919891357,True,19577,19104,1.0247592127303182,44.310483014544,0.9912131281976585
imagewoof,data/imagewoof2-320/val/n02096294/n02096294_781.JPEG,n02096294,193,Australian terrier,jpeg,70,193,Australian terrier,0.47364380955696106,True,20044,19488,1.0285303776683088,44.76496862806692,0.9914185999610353
imagewoof,data/imagewoof2-320/val/n02096294/n02096294_7830.JPEG,n02096294,193,Australian terrier,jpeg,70,193,Australian terrier,0.515551745891571,True,23333,22650,1.0301545253863134,42.89601549316296,0.9924189695579396
imagewoof,data/imagewoof2-320/val/n02096294/n02096294_7920.JPEG,n02096294,193,Australian terrier,jpeg,70,201,silky terrier,0.21389128267765045,False,29746,28938,1.0279217637708205,41.50422935330936,0.9926876585135447
imagewoof,data/imagewoof2-320/val/n02096294/n02096294_7960.JPEG,n02096294,193,Australian terrier,jpeg,70,193,Australian terrier,0.17430555820465088,True,24762,24113,1.0269149421473893,43.248116217483535,0.990917126005601
imagewoof,data/imagewoof2-320/val/n02096294/n02096294_7961.JPEG,n02096294,193,Australian terrier,jpeg,70,193,Australian terrier,0.4875223636627197,True,15531,15099,1.0286111663024042,43.882188111357124,0.9888474018548085
imagewoof,data/imagewoof2-320/val/n02096294/n02096294_7980.JPEG,n02096294,193,Australian terrier,jpeg,70,262,Brabancon griffon,0.4533926248550415,False,22776,22060,1.0324569356300997,42.10478154215339,0.9922587560208905
imagewoof,data/imagewoof2-320/val/n02096294/n02096294_8012.JPEG,n02096294,193,Australian terrier,jpeg,70,193,Australian terrier,0.5608900189399719,True,25733,24956,1.031134797243148,42.98838050158818,0.9915752002448742
imagewoof,data/imagewoof2-320/val/n02096294/n02096294_8091.JPEG,n02096294,193,Australian terrier,jpeg,70,187,Yorkshire terrier,0.25386786460876465,False,30647,29665,1.0331029833136693,41.26541647234652,0.9949709610595607
imagewoof,data/imagewoof2-320/val/n02096294/n02096294_812.JPEG,n02096294,193,Australian terrier,jpeg,70,193,Australian terrier,0.4192408323287964,True,29924,28671,1.0437026961040774,38.91639156644856,0.9876331061602229
imagewoof,data/imagewoof2-320/val/n02096294/n02096294_8131.JPEG,n02096294,193,Australian terrier,jpeg,70,193,Australian terrier,0.2654520869255066,True,34841,33814,1.030372035251671,39.8681429105107,0.9913409627925972
imagewoof,data/imagewoof2-320/val/n02096294/n02096294_8161.JPEG,n02096294,193,Australian terrier,jpeg,70,187,Yorkshire terrier,0.158110573887825,False,16832,16428,1.024592159727295,45.23176470537563,0.9880986875596535
imagewoof,data/imagewoof2-320/val/n02096294/n02096294_8222.JPEG,n02096294,193,Australian terrier,jpeg,70,193,Australian terrier,0.3400886058807373,True,26819,25973,1.0325722866053209,40.84886279360859,0.9903861202093358
imagewoof,data/imagewoof2-320/val/n02096294/n02096294_8260.JPEG,n02096294,193,Australian terrier,jpeg,70,193,Australian terrier,0.3987497389316559,True,24776,24046,1.0303584795808034,41.944948158597114,0.9922176785883651
imagewoof,data/imagewoof2-320/val/n02096294/n02096294_8281.JPEG,n02096294,193,Australian terrier,jpeg,70,193,Australian terrier,0.38296574354171753,True,36948,36015,1.025905872553103,39.674787903391014,0.9892900024853012
imagewoof,data/imagewoof2-320/val/n02096294/n02096294_830.JPEG,n02096294,193,Australian terrier,jpeg,70,193,Australian terrier,0.3134354054927826,True,25165,24452,1.0291591689841322,42.34726317447525,0.9891413331771223
imagewoof,data/imagewoof2-320/val/n02096294/n02096294_8302.JPEG,n02096294,193,Australian terrier,jpeg,70,201,silky terrier,0.08898100256919861,False,39788,38643,1.0296302046942525,39.55250457595638,0.9916694397578562
imagewoof,data/imagewoof2-320/val/n02096294/n02096294_8391.JPEG,n02096294,193,Australian terrier,jpeg,70,193,Australian terrier,0.3431791365146637,True,27915,27121,1.029276206629549,42.703515241539954,0.991920362753504
imagewoof,data/imagewoof2-320/val/n02096294/n02096294_8492.JPEG,n02096294,193,Australian terrier,jpeg,70,219,cocker spaniel,0.10607393085956573,False,26551,25663,1.0346023457896583,41.740182737633724,0.9903006844167374
imagewoof,data/imagewoof2-320/val/n02096294/n02096294_8522.JPEG,n02096294,193,Australian terrier,jpeg,70,193,Australian terrier,0.32552650570869446,True,20195,19631,1.028730069787581,44.87392270489803,0.9929727804726333
imagewoof,data/imagewoof2-320/val/n02096294/n02096294_8531.JPEG,n02096294,193,Australian terrier,jpeg,70,193,Australian terrier,0.3873118758201599,True,27130,26310,1.031166856708476,41.394008238155564,0.9834380651427533
imagewoof,data/imagewoof2-320/val/n02096294/n02096294_8542.JPEG,n02096294,193,Australian terrier,jpeg,70,193,Australian terrier,0.6147760152816772,True,26100,25462,1.0250569476082005,41.53334338278566,0.9888687552622472
imagewoof,data/imagewoof2-320/val/n02096294/n02096294_8602.JPEG,n02096294,193,Australian terrier,jpeg,70,193,Australian terrier,0.5332563519477844,True,26067,25366,1.027635417487976,42.43580748016018,0.9926768453700437
imagewoof,data/imagewoof2-320/val/n02096294/n02096294_862.JPEG,n02096294,193,Australian terrier,jpeg,70,193,Australian terrier,0.5996308922767639,True,22309,21708,1.0276856458448498,42.50748414032813,0.9909308947348636
imagewoof,data/imagewoof2-320/val/n02096294/n02096294_8660.JPEG,n02096294,193,Australian terrier,jpeg,70,203,West Highland white terrier,0.2406643182039261,False,29072,28296,1.0274243709358213,42.39518324259811,0.9911312765136747
imagewoof,data/imagewoof2-320/val/n02096294/n02096294_8702.JPEG,n02096294,193,Australian terrier,jpeg,70,201,silky terrier,0.2872006893157959,False,28287,27540,1.0271241830065359,41.355406998488064,0.9918494776117165
imagewoof,data/imagewoof2-320/val/n02096294/n02096294_8720.JPEG,n02096294,193,Australian terrier,jpeg,70,193,Australian terrier,0.6482105851173401,True,27350,26625,1.0272300469483568,42.016820878787335,0.9903867690561367
imagewoof,data/imagewoof2-320/val/n02096294/n02096294_8721.JPEG,n02096294,193,Australian terrier,jpeg,70,193,Australian terrier,0.5406615138053894,True,28933,28241,1.0245033816083,41.63301462826116,0.9917963281569674
imagewoof,data/imagewoof2-320/val/n02096294/n02096294_8770.JPEG,n02096294,193,Australian terrier,jpeg,70,193,Australian terrier,0.4229830205440521,True,34775,33848,1.027387142519499,40.93767240373631,0.9918506230981787
imagewoof,data/imagewoof2-320/val/n02096294/n02096294_8780.JPEG,n02096294,193,Australian terrier,jpeg,70,193,Australian terrier,0.5311792492866516,True,21812,21080,1.0347248576850094,42.40766895702568,0.9901132783158797
imagewoof,data/imagewoof2-320/val/n02096294/n02096294_8781.JPEG,n02096294,193,Australian terrier,jpeg,70,193,Australian terrier,0.408547043800354,True,33556,32556,1.0307163042142768,41.30548080509839,0.9925505426563758
imagewoof,data/imagewoof2-320/val/n02096294/n02096294_8790.JPEG,n02096294,193,Australian terrier,jpeg,70,193,Australian terrier,0.7193058729171753,True,18344,17843,1.028078237964468,44.096924088591166,0.9927579450785508
imagewoof,data/imagewoof2-320/val/n02096294/n02096294_8791.JPEG,n02096294,193,Australian terrier,jpeg,70,193,Australian terrier,0.27241116762161255,True,41277,40123,1.0287615582085088,39.1667902788509,0.9908143754620441
imagewoof,data/imagewoof2-320/val/n02096294/n02096294_892.JPEG,n02096294,193,Australian terrier,jpeg,70,193,Australian terrier,0.1963171511888504,True,32069,31213,1.0274244705731586,39.73093774155286,0.9910567933328633
imagewoof,data/imagewoof2-320/val/n02096294/n02096294_8952.JPEG,n02096294,193,Australian terrier,jpeg,70,193,Australian terrier,0.4644959270954132,True,30138,29338,1.0272683891199128,42.11700427358247,0.9908764061178617
imagewoof,data/imagewoof2-320/val/n02096294/n02096294_9020.JPEG,n02096294,193,Australian terrier,jpeg,70,193,Australian terrier,0.2553965449333191,True,21402,20818,1.0280526467480064,43.057014382237426,0.9906006459942209
imagewoof,data/imagewoof2-320/val/n02096294/n02096294_9072.JPEG,n02096294,193,Australian terrier,jpeg,70,151,Chihuahua,0.17730537056922913,False,25788,25087,1.027942759197991,42.50084851516415,0.9904940368546242
imagewoof,data/imagewoof2-320/val/n02096294/n02096294_9161.JPEG,n02096294,193,Australian terrier,jpeg,70,193,Australian terrier,0.5196102857589722,True,26531,25748,1.0304101289420537,41.32511325904922,0.9898839127604471
imagewoof,data/imagewoof2-320/val/n02096294/n02096294_9162.JPEG,n02096294,193,Australian terrier,jpeg,70,187,Yorkshire terrier,0.2723480761051178,False,18390,17892,1.027833668678739,42.785021719931194,0.9941856761863295
imagewoof,data/imagewoof2-320/val/n02096294/n02096294_9202.JPEG,n02096294,193,Australian terrier,jpeg,70,193,Australian terrier,0.12007730454206467,True,18295,17695,1.033907883582933,44.084893714916745,0.9907668947081117
imagewoof,data/imagewoof2-320/val/n02096294/n02096294_9242.JPEG,n02096294,193,Australian terrier,jpeg,70,193,Australian terrier,0.33384883403778076,True,38208,37120,1.0293103448275862,37.95742430858317,0.9910512424226638
imagewoof,data/imagewoof2-320/val/n02096294/n02096294_9322.JPEG,n02096294,193,Australian terrier,jpeg,70,229,Old English sheepdog,0.09687253832817078,False,21480,20946,1.0254941277570897,44.01725728992666,0.9927088938014101
imagewoof,data/imagewoof2-320/val/n02096294/n02096294_9362.JPEG,n02096294,193,Australian terrier,jpeg,70,200,Tibetan terrier,0.09214851260185242,False,22343,21799,1.0249552731776688,44.70244898961829,0.9916927909352545
imagewoof,data/imagewoof2-320/val/n02096294/n02096294_9402.JPEG,n02096294,193,Australian terrier,jpeg,70,193,Australian terrier,0.22150443494319916,True,34418,33306,1.0333873776496727,40.39013751970493,0.9915860683764097
imagewoof,data/imagewoof2-320/val/n02096294/n02096294_9410.JPEG,n02096294,193,Australian terrier,jpeg,70,193,Australian terrier,0.16358040273189545,True,18866,18375,1.0267210884353741,44.05153745795279,0.9920514993404451
imagewoof,data/imagewoof2-320/val/n02096294/n02096294_942.JPEG,n02096294,193,Australian terrier,jpeg,70,193,Australian terrier,0.1505081057548523,True,30651,29897,1.0252199217312774,41.79725675253956,0.9904952504323337
imagewoof,data/imagewoof2-320/val/n02096294/n02096294_9771.JPEG,n02096294,193,Australian terrier,jpeg,70,193,Australian terrier,0.371364027261734,True,23246,22636,1.0269482240678565,41.71489811677317,0.9897150390158594
imagewoof,data/imagewoof2-320/val/n02096294/n02096294_9880.JPEG,n02096294,193,Australian terrier,jpeg,70,185,Norfolk terrier,0.19108828902244568,False,32244,31318,1.029567660770164,41.84970017043709,0.9923241195564406
imagewoof,data/imagewoof2-320/val/n02096294/n02096294_9982.JPEG,n02096294,193,Australian terrier,jpeg,70,193,Australian terrier,0.28659722208976746,True,24729,23928,1.0334754262788366,42.17581012504539,0.9911920076785646
imagewoof,data/imagewoof2-320/val/n02099601/ILSVRC2012_val_00001112.JPEG,n02099601,207,golden retriever,jpeg,70,207,golden retriever,0.4758886396884918,True,20497,20032,1.0232128594249201,44.752989726128675,0.991581409660296
imagewoof,data/imagewoof2-320/val/n02099601/ILSVRC2012_val_00001191.JPEG,n02099601,207,golden retriever,jpeg,70,207,golden retriever,0.21188567578792572,True,18995,18478,1.027979218530144,44.56415559256283,0.991292352176193
imagewoof,data/imagewoof2-320/val/n02099601/ILSVRC2012_val_00006981.JPEG,n02099601,207,golden retriever,jpeg,70,207,golden retriever,0.23008127510547638,True,23139,22476,1.0294981313400962,41.809589710246854,0.9899101154811464
imagewoof,data/imagewoof2-320/val/n02099601/ILSVRC2012_val_00008772.JPEG,n02099601,207,golden retriever,jpeg,70,207,golden retriever,0.5838996171951294,True,23941,23298,1.027598935530947,42.56924139358755,0.9904611946552123
imagewoof,data/imagewoof2-320/val/n02099601/ILSVRC2012_val_00012100.JPEG,n02099601,207,golden retriever,jpeg,70,207,golden retriever,0.25480422377586365,True,48099,46689,1.0301998329370945,35.60576489389395,0.9901569833093359
imagewoof,data/imagewoof2-320/val/n02099601/ILSVRC2012_val_00013611.JPEG,n02099601,207,golden retriever,jpeg,70,207,golden retriever,0.20871984958648682,True,26301,25516,1.0307650101896848,41.170904027766994,0.9914857976102023
imagewoof,data/imagewoof2-320/val/n02099601/ILSVRC2012_val_00017672.JPEG,n02099601,207,golden retriever,jpeg,70,207,golden retriever,0.2614199221134186,True,27134,26326,1.0306920914685103,38.38583507391527,0.9908143808694619
imagewoof,data/imagewoof2-320/val/n02099601/ILSVRC2012_val_00019212.JPEG,n02099601,207,golden retriever,jpeg,70,207,golden retriever,0.4032917022705078,True,22553,21895,1.0300525234071707,42.522460747800075,0.9941920159315679
imagewoof,data/imagewoof2-320/val/n02099601/ILSVRC2012_val_00019590.JPEG,n02099601,207,golden retriever,jpeg,70,239,Bernese mountain dog,0.07938914000988007,False,30707,30736,0.9990564809994794,39.597916309326465,0.9926674799607356
imagewoof,data/imagewoof2-320/val/n02099601/ILSVRC2012_val_00027830.JPEG,n02099601,207,golden retriever,jpeg,70,169,borzoi,0.11003141105175018,False,45301,43911,1.0316549383981235,36.79985120649645,0.9896029736879516
imagewoof,data/imagewoof2-320/val/n02099601/ILSVRC2012_val_00028411.JPEG,n02099601,207,golden retriever,jpeg,70,207,golden retriever,0.39521241188049316,True,35611,34629,1.0283577348465158,38.854390144078174,0.9901362423832847
imagewoof,data/imagewoof2-320/val/n02099601/ILSVRC2012_val_00029751.JPEG,n02099601,207,golden retriever,jpeg,70,207,golden retriever,0.3130607008934021,True,37179,36188,1.0273847684315243,37.127539798851146,0.9894538690139933
imagewoof,data/imagewoof2-320/val/n02099601/ILSVRC2012_val_00030710.JPEG,n02099601,207,golden retriever,jpeg,70,207,golden retriever,0.4039517045021057,True,17714,17196,1.0301232844847639,43.86273763470739,0.9902779967334187
imagewoof,data/imagewoof2-320/val/n02099601/ILSVRC2012_val_00031731.JPEG,n02099601,207,golden retriever,jpeg,70,209,Chesapeake Bay retriever,0.17623940110206604,False,17118,16648,1.0282316194137433,44.806093028246885,0.9925479526224469
imagewoof,data/imagewoof2-320/val/n02099601/ILSVRC2012_val_00033790.JPEG,n02099601,207,golden retriever,jpeg,70,207,golden retriever,0.5725713968276978,True,14324,13961,1.0260010027934963,45.336914976353164,0.9916459713795955
imagewoof,data/imagewoof2-320/val/n02099601/ILSVRC2012_val_00035252.JPEG,n02099601,207,golden retriever,jpeg,70,207,golden retriever,0.4819914400577545,True,19861,19259,1.0312581130899838,42.54572357722067,0.9896919569248942
imagewoof,data/imagewoof2-320/val/n02099601/ILSVRC2012_val_00038781.JPEG,n02099601,207,golden retriever,jpeg,70,207,golden retriever,0.19411125779151917,True,23826,23075,1.032546045503792,42.32252560175183,0.9904068732839075
imagewoof,data/imagewoof2-320/val/n02099601/ILSVRC2012_val_00046220.JPEG,n02099601,207,golden retriever,jpeg,70,207,golden retriever,0.4003826677799225,True,24397,23774,1.0262050980062254,43.102479527129105,0.9909074918462536
imagewoof,data/imagewoof2-320/val/n02099601/n02099601_10.JPEG,n02099601,207,golden retriever,jpeg,70,207,golden retriever,0.3292180001735687,True,22717,22164,1.0249503699693197,43.46328216920908,0.9901654058581388
imagewoof,data/imagewoof2-320/val/n02099601/n02099601_100.JPEG,n02099601,207,golden retriever,jpeg,70,207,golden retriever,0.4993920624256134,True,12528,12225,1.0247852760736196,45.73948724435433,0.9945388402491119
imagewoof,data/imagewoof2-320/val/n02099601/n02099601_1000.JPEG,n02099601,207,golden retriever,jpeg,70,207,golden retriever,0.26028943061828613,True,22765,22200,1.0254504504504505,39.74194222355651,0.9890052787122302
imagewoof,data/imagewoof2-320/val/n02099601/n02099601_101.JPEG,n02099601,207,golden retriever,jpeg,70,207,golden retriever,0.38944944739341736,True,15332,14952,1.025414660246121,44.46349433593159,0.9919067046146938
imagewoof,data/imagewoof2-320/val/n02099601/n02099601_1010.JPEG,n02099601,207,golden retriever,jpeg,70,207,golden retriever,0.22003290057182312,True,28247,27401,1.0308747855917668,40.96627679946411,0.9914629311391016
imagewoof,data/imagewoof2-320/val/n02099601/n02099601_10122.JPEG,n02099601,207,golden retriever,jpeg,70,207,golden retriever,0.496051162481308,True,25000,24383,1.025304515441086,43.299693621719484,0.9916513771179147
imagewoof,data/imagewoof2-320/val/n02099601/n02099601_10130.JPEG,n02099601,207,golden retriever,jpeg,70,207,golden retriever,0.363411009311676,True,23176,22515,1.029358205640684,42.98029667448524,0.9899519102920848
imagewoof,data/imagewoof2-320/val/n02099601/n02099601_10150.JPEG,n02099601,207,golden retriever,jpeg,70,207,golden retriever,0.4548144042491913,True,18680,18108,1.0315882482880494,43.52279304690343,0.9910497776489408
imagewoof,data/imagewoof2-320/val/n02099601/n02099601_10152.JPEG,n02099601,207,golden retriever,jpeg,70,207,golden retriever,0.2892475128173828,True,25295,24556,1.0300944779280012,41.77909513149578,0.9930478076888537
imagewoof,data/imagewoof2-320/val/n02099601/n02099601_10172.JPEG,n02099601,207,golden retriever,jpeg,70,207,golden retriever,0.5662203431129456,True,23612,23007,1.0262963445907767,43.04005952921298,0.990679737475182
imagewoof,data/imagewoof2-320/val/n02099601/n02099601_10190.JPEG,n02099601,207,golden retriever,jpeg,70,207,golden retriever,0.3366176187992096,True,25016,24330,1.0281956432387998,41.7206076545,0.9801172665187915
imagewoof,data/imagewoof2-320/val/n02099601/n02099601_10222.JPEG,n02099601,207,golden retriever,jpeg,70,207,golden retriever,0.44165855646133423,True,16283,15964,1.0199824605362064,45.90647290329532,0.991698202290133
imagewoof,data/imagewoof2-320/val/n02099601/n02099601_10242.JPEG,n02099601,207,golden retriever,jpeg,70,207,golden retriever,0.21985600888729095,True,22140,21608,1.024620510921881,43.85075080472781,0.9913859540360703
imagewoof,data/imagewoof2-320/val/n02099601/n02099601_10280.JPEG,n02099601,207,golden retriever,jpeg,70,207,golden retriever,0.4080694615840912,True,26581,25835,1.028875556415715,41.725693264313975,0.990114151492961
imagewoof,data/imagewoof2-320/val/n02099601/n02099601_10381.JPEG,n02099601,207,golden retriever,jpeg,70,207,golden retriever,0.3797343373298645,True,17269,16828,1.026206322795341,43.97506054559167,0.992994572124737
imagewoof,data/imagewoof2-320/val/n02099601/n02099601_10391.JPEG,n02099601,207,golden retriever,jpeg,70,207,golden retriever,0.28528469800949097,True,27464,26713,1.0281136525287313,42.71949567719324,0.9920779852160799
imagewoof,data/imagewoof2-320/val/n02099601/n02099601_1041.JPEG,n02099601,207,golden retriever,jpeg,70,207,golden retriever,0.5004092454910278,True,24252,23562,1.0292844410491468,42.46337100570993,0.9911110427947089
imagewoof,data/imagewoof2-320/val/n02099601/n02099601_10412.JPEG,n02099601,207,golden retriever,jpeg,70,207,golden retriever,0.45530441403388977,True,27776,26869,1.0337563735159478,40.41147441644502,0.9870319434946065
imagewoof,data/imagewoof2-320/val/n02099601/n02099601_10430.JPEG,n02099601,207,golden retriever,jpeg,70,207,golden retriever,0.3557876646518707,True,18159,17677,1.0272670702042201,43.7410329572215,0.9918019796692298
imagewoof,data/imagewoof2-320/val/n02099601/n02099601_10460.JPEG,n02099601,207,golden retriever,jpeg,70,207,golden retriever,0.23199723660945892,True,35023,33733,1.0382414845996502,38.753760703478235,0.9914582258467849
imagewoof,data/imagewoof2-320/val/n02099601/n02099601_1050.JPEG,n02099601,207,golden retriever,jpeg,70,207,golden retriever,0.4465211033821106,True,18399,17832,1.0317967698519515,42.61943331742562,0.9910913760950276
imagewoof,data/imagewoof2-320/val/n02099601/n02099601_10542.JPEG,n02099601,207,golden retriever,jpeg,70,207,golden retriever,0.42240798473358154,True,24814,24188,1.0258806019513809,43.32695030663123,0.9910195316497287
imagewoof,data/imagewoof2-320/val/n02099601/n02099601_10560.JPEG,n02099601,207,golden retriever,jpeg,70,207,golden retriever,0.30344122648239136,True,32332,31391,1.02997674492689,40.45401278522568,0.9923606757692376
imagewoof,data/imagewoof2-320/val/n02099601/n02099601_10580.JPEG,n02099601,207,golden retriever,jpeg,70,207,golden retriever,0.26520055532455444,True,23396,22789,1.0266356575540831,43.09158223316095,0.9866343485308948
imagewoof,data/imagewoof2-320/val/n02099601/n02099601_10592.JPEG,n02099601,207,golden retriever,jpeg,70,207,golden retriever,0.32168981432914734,True,33821,32904,1.0278689521030877,40.08872149428366,0.9914870532788734
imagewoof,data/imagewoof2-320/val/n02099601/n02099601_1060.JPEG,n02099601,207,golden retriever,jpeg,70,207,golden retriever,0.35962724685668945,True,12225,11943,1.0236121577493091,46.503977992952734,0.9922168319303145
imagewoof,data/imagewoof2-320/val/n02099601/n02099601_10612.JPEG,n02099601,207,golden retriever,jpeg,70,207,golden retriever,0.37917622923851013,True,26897,26096,1.0306943592887798,43.57453121417073,0.992275870480433
imagewoof,data/imagewoof2-320/val/n02099601/n02099601_10700.JPEG,n02099601,207,golden retriever,jpeg,70,207,golden retriever,0.3697192668914795,True,32676,31712,1.03039858728557,39.21132613509651,0.9902384138796618
imagewoof,data/imagewoof2-320/val/n02099601/n02099601_10780.JPEG,n02099601,207,golden retriever,jpeg,70,207,golden retriever,0.4246560335159302,True,21869,21271,1.0281133938225753,41.78764501152338,0.9907971248228405
imagewoof,data/imagewoof2-320/val/n02099601/n02099601_10802.JPEG,n02099601,207,golden retriever,jpeg,70,207,golden retriever,0.24702274799346924,True,30104,29039,1.0366748166259168,38.55453164864448,0.9842767126491382
imagewoof,data/imagewoof2-320/val/n02099601/n02099601_10841.JPEG,n02099601,207,golden retriever,jpeg,70,207,golden retriever,0.3733620047569275,True,34606,33451,1.0345281157513975,39.60551789903066,0.9918032342800059
imagewoof,data/imagewoof2-320/val/n02099601/n02099601_10912.JPEG,n02099601,207,golden retriever,jpeg,70,207,golden retriever,0.2875189781188965,True,19740,19204,1.0279108519058529,44.32446091282437,0.9930323560467832
imagewoof,data/imagewoof2-320/val/n02099601/n02099601_10931.JPEG,n02099601,207,golden retriever,jpeg,70,207,golden retriever,0.4908834993839264,True,50687,48477,1.0455886296594261,35.15569331532277,0.9904796701068515
imagewoof,data/imagewoof2-320/val/n02099601/n02099601_10962.JPEG,n02099601,207,golden retriever,jpeg,70,207,golden retriever,0.42402976751327515,True,26055,25238,1.03237182027102,41.90003039041198,0.9906686740312383
imagewoof,data/imagewoof2-320/val/n02099601/n02099601_1140.JPEG,n02099601,207,golden retriever,jpeg,70,207,golden retriever,0.23341421782970428,True,26829,25934,1.0345106809593583,43.53443295390872,0.9944263291195222
imagewoof,data/imagewoof2-320/val/n02099601/n02099601_11422.JPEG,n02099601,207,golden retriever,jpeg,70,207,golden retriever,0.3611641526222229,True,19950,19452,1.0256014805675508,43.998984521646875,0.9907428203934989
imagewoof,data/imagewoof2-320/val/n02099601/n02099601_1162.JPEG,n02099601,207,golden retriever,jpeg,70,207,golden retriever,0.38156259059906006,True,36605,35509,1.0308654144019826,38.96249010892542,0.990184826643909
imagewoof,data/imagewoof2-320/val/n02099601/n02099601_1181.JPEG,n02099601,207,golden retriever,jpeg,70,207,golden retriever,0.4889546036720276,True,21358,20907,1.0215717223896303,43.85950348909583,0.9909327693767537
imagewoof,data/imagewoof2-320/val/n02099601/n02099601_1191.JPEG,n02099601,207,golden retriever,jpeg,70,208,Labrador retriever,0.27104541659355164,False,19917,19353,1.0291427685630135,44.00322323267996,0.9909855069534649
imagewoof,data/imagewoof2-320/val/n02099601/n02099601_1192.JPEG,n02099601,207,golden retriever,jpeg,70,207,golden retriever,0.4752565026283264,True,14532,14172,1.0254022015241322,44.23087562721651,0.993442710062105
imagewoof,data/imagewoof2-320/val/n02099601/n02099601_1202.JPEG,n02099601,207,golden retriever,jpeg,70,207,golden retriever,0.1513921320438385,True,24272,23602,1.0283874247945088,43.44138673913246,0.9918317653181772
imagewoof,data/imagewoof2-320/val/n02099601/n02099601_1230.JPEG,n02099601,207,golden retriever,jpeg,70,207,golden retriever,0.30940160155296326,True,29218,28347,1.0307263555226303,40.490913618254424,0.9885828609317283
imagewoof,data/imagewoof2-320/val/n02099601/n02099601_1242.JPEG,n02099601,207,golden retriever,jpeg,70,207,golden retriever,0.34605202078819275,True,27608,26683,1.0346662669115168,40.8322498222187,0.9904098813599304
imagewoof,data/imagewoof2-320/val/n02099601/n02099601_1270.JPEG,n02099601,207,golden retriever,jpeg,70,207,golden retriever,0.21530333161354065,True,51394,49892,1.0301050268580134,36.39959691441885,0.9901563197047095
imagewoof,data/imagewoof2-320/val/n02099601/n02099601_12990.JPEG,n02099601,207,golden retriever,jpeg,70,207,golden retriever,0.4499325752258301,True,21511,20928,1.0278574159021407,43.345486225476705,0.9926664572795305
imagewoof,data/imagewoof2-320/val/n02099601/n02099601_1332.JPEG,n02099601,207,golden retriever,jpeg,70,207,golden retriever,0.30940139293670654,True,25067,24439,1.025696632431769,42.826145991976986,0.991821657599382
imagewoof,data/imagewoof2-320/val/n02099601/n02099601_13392.JPEG,n02099601,207,golden retriever,jpeg,70,207,golden retriever,0.18260665237903595,True,18221,17748,1.026650890241154,43.4243579338398,0.9895516746777311
imagewoof,data/imagewoof2-320/val/n02099601/n02099601_1352.JPEG,n02099601,207,golden retriever,jpeg,70,213,Irish setter,0.2754480242729187,False,55039,53328,1.0320844584458446,37.61695538554419,0.9908585181443558
imagewoof,data/imagewoof2-320/val/n02099601/n02099601_13531.JPEG,n02099601,207,golden retriever,jpeg,70,207,golden retriever,0.34198060631752014,True,18610,18173,1.0240466626313762,45.05105430559922,0.9909317335757056
imagewoof,data/imagewoof2-320/val/n02099601/n02099601_1360.JPEG,n02099601,207,golden retriever,jpeg,70,207,golden retriever,0.4589826762676239,True,18691,18166,1.0289001431245184,44.59037605440397,0.9898325185400344
imagewoof,data/imagewoof2-320/val/n02099601/n02099601_1371.JPEG,n02099601,207,golden retriever,jpeg,70,207,golden retriever,0.31579580903053284,True,31229,30182,1.0346895500629514,38.94482511438334,0.9913443823105922
imagewoof,data/imagewoof2-320/val/n02099601/n02099601_1392.JPEG,n02099601,207,golden retriever,jpeg,70,207,golden retriever,0.3178795874118805,True,34511,33468,1.0311640970479263,39.43821698985542,0.9920137780241384
imagewoof,data/imagewoof2-320/val/n02099601/n02099601_142.JPEG,n02099601,207,golden retriever,jpeg,70,207,golden retriever,0.4798503816127777,True,20909,20478,1.0210469772438715,44.16812952041559,0.9920616953051685
imagewoof,data/imagewoof2-320/val/n02099601/n02099601_1421.JPEG,n02099601,207,golden retriever,jpeg,70,207,golden retriever,0.3689289391040802,True,18049,17549,1.02849165194598,44.30734391762093,0.9915990105068522
imagewoof,data/imagewoof2-320/val/n02099601/n02099601_1442.JPEG,n02099601,207,golden retriever,jpeg,70,207,golden retriever,0.5619721412658691,True,23049,22265,1.0352122164832698,40.440870756136434,0.9852350028816392
imagewoof,data/imagewoof2-320/val/n02099601/n02099601_14592.JPEG,n02099601,207,golden retriever,jpeg,70,207,golden retriever,0.7034381031990051,True,48635,46964,1.0355804445958607,35.99857646478736,0.9925084201222315
imagewoof,data/imagewoof2-320/val/n02099601/n02099601_1462.JPEG,n02099601,207,golden retriever,jpeg,70,207,golden retriever,0.5146427154541016,True,27712,27053,1.0243595904335934,43.70426511671851,0.9917002897228903
imagewoof,data/imagewoof2-320/val/n02099601/n02099601_1492.JPEG,n02099601,207,golden retriever,jpeg,70,207,golden retriever,0.38452619314193726,True,14285,13952,1.0238675458715596,45.969559056036,0.9916850941078597
imagewoof,data/imagewoof2-320/val/n02099601/n02099601_151.JPEG,n02099601,207,golden retriever,jpeg,70,244,Tibetan mastiff,0.1540413200855255,False,33085,31800,1.0404088050314466,37.606241196616395,0.980857075632024
imagewoof,data/imagewoof2-320/val/n02099601/n02099601_1512.JPEG,n02099601,207,golden retriever,jpeg,70,207,golden retriever,0.18746472895145416,True,19328,18647,1.0365206199388641,42.68618688966932,0.9943707955079176
imagewoof,data/imagewoof2-320/val/n02099601/n02099601_152.JPEG,n02099601,207,golden retriever,jpeg,70,207,golden retriever,0.26979756355285645,True,27479,26694,1.029407357458605,39.38281595821855,0.9896787095497713
imagewoof,data/imagewoof2-320/val/n02099601/n02099601_1551.JPEG,n02099601,207,golden retriever,jpeg,70,207,golden retriever,0.2834107577800751,True,18212,17761,1.0253927143741906,45.6517921700093,0.9914668743763553
imagewoof,data/imagewoof2-320/val/n02099601/n02099601_1580.JPEG,n02099601,207,golden retriever,jpeg,70,207,golden retriever,0.5095893740653992,True,38121,36919,1.0325577615861752,39.32939089557044,0.9900248534327286
imagewoof,data/imagewoof2-320/val/n02099601/n02099601_1590.JPEG,n02099601,207,golden retriever,jpeg,70,207,golden retriever,0.6428464651107788,True,18630,17999,1.0350575031946219,44.247510848241575,0.9927383997217049
imagewoof,data/imagewoof2-320/val/n02099601/n02099601_162.JPEG,n02099601,207,golden retriever,jpeg,70,260,chow,0.2712123692035675,False,34735,33557,1.035104449146229,38.8266687312125,0.989407561703784
imagewoof,data/imagewoof2-320/val/n02099601/n02099601_16221.JPEG,n02099601,207,golden retriever,jpeg,70,207,golden retriever,0.4074951112270355,True,15851,15375,1.0309593495934959,44.78361989840386,0.9906227915596767
imagewoof,data/imagewoof2-320/val/n02099601/n02099601_1652.JPEG,n02099601,207,golden retriever,jpeg,70,207,golden retriever,0.572685718536377,True,30412,29311,1.0375626897751697,38.295063389826716,0.9928038370260103
imagewoof,data/imagewoof2-320/val/n02099601/n02099601_171.JPEG,n02099601,207,golden retriever,jpeg,70,207,golden retriever,0.27824345231056213,True,23400,22863,1.0234877312688624,44.282268307580146,0.992975486646932
imagewoof,data/imagewoof2-320/val/n02099601/n02099601_17361.JPEG,n02099601,207,golden retriever,jpeg,70,207,golden retriever,0.4845348298549652,True,50708,48981,1.0352585696494558,38.04635323884717,0.9919020108816334
imagewoof,data/imagewoof2-320/val/n02099601/n02099601_1740.JPEG,n02099601,207,golden retriever,jpeg,70,207,golden retriever,0.5987483263015747,True,38153,36913,1.0335925012868095,39.536213835454866,0.9912648165192274
imagewoof,data/imagewoof2-320/val/n02099601/n02099601_17622.JPEG,n02099601,207,golden retriever,jpeg,70,207,golden retriever,0.4888136386871338,True,24464,23723,1.0312355098427686,42.95370986126916,0.9902342245547304
imagewoof,data/imagewoof2-320/val/n02099601/n02099601_1772.JPEG,n02099601,207,golden retriever,jpeg,70,207,golden retriever,0.34670427441596985,True,20514,19946,1.0284768875965107,44.98218272364623,0.991322276620013
imagewoof,data/imagewoof2-320/val/n02099601/n02099601_1781.JPEG,n02099601,207,golden retriever,jpeg,70,207,golden retriever,0.5968900322914124,True,12057,11683,1.032012325601301,47.128760413710765,0.993211571842432
imagewoof,data/imagewoof2-320/val/n02099601/n02099601_1811.JPEG,n02099601,207,golden retriever,jpeg,70,207,golden retriever,0.3321322798728943,True,18077,17577,1.0284462650054047,42.75155727022211,0.9904794468150561
imagewoof,data/imagewoof2-320/val/n02099601/n02099601_18110.JPEG,n02099601,207,golden retriever,jpeg,70,207,golden retriever,0.15727180242538452,True,24899,24247,1.0268899245267455,43.12779779369728,0.991055381332096
imagewoof,data/imagewoof2-320/val/n02099601/n02099601_1860.JPEG,n02099601,207,golden retriever,jpeg,70,207,golden retriever,0.34377115964889526,True,17159,16617,1.0326171992537763,44.18664684565086,0.9912679199795061
imagewoof,data/imagewoof2-320/val/n02099601/n02099601_19172.JPEG,n02099601,207,golden retriever,jpeg,70,207,golden retriever,0.4288119375705719,True,27425,26492,1.0352181790729276,41.143765942886226,0.9874780268676062
imagewoof,data/imagewoof2-320/val/n02099601/n02099601_1932.JPEG,n02099601,207,golden retriever,jpeg,70,207,golden retriever,0.33169427514076233,True,28072,27212,1.0316037042481259,40.94397752031496,0.9901686043090533
imagewoof,data/imagewoof2-320/val/n02099601/n02099601_1951.JPEG,n02099601,207,golden retriever,jpeg,70,207,golden retriever,0.4137878119945526,True,18556,18115,1.0243444659122274,44.68254818068446,0.9913508299891151
imagewoof,data/imagewoof2-320/val/n02099601/n02099601_1972.JPEG,n02099601,207,golden retriever,jpeg,70,207,golden retriever,0.4854135811328888,True,29950,30275,0.9892650701899257,44.49186711180501,0.9934977423431818
imagewoof,data/imagewoof2-320/val/n02099601/n02099601_20270.JPEG,n02099601,207,golden retriever,jpeg,70,207,golden retriever,0.44696730375289917,True,28112,27266,1.0310276534878604,41.854300753686175,0.9919502828851617
imagewoof,data/imagewoof2-320/val/n02099601/n02099601_2041.JPEG,n02099601,207,golden retriever,jpeg,70,168,redbone,0.3657231330871582,False,27285,26635,1.0244039797259246,41.32896979761455,0.9899563548392755
imagewoof,data/imagewoof2-320/val/n02099601/n02099601_20842.JPEG,n02099601,207,golden retriever,jpeg,70,207,golden retriever,0.5693893432617188,True,19281,18836,1.023624973455086,45.4931438426061,0.9921515429472963
imagewoof,data/imagewoof2-320/val/n02099601/n02099601_2110.JPEG,n02099601,207,golden retriever,jpeg,70,207,golden retriever,0.08586737513542175,True,14578,14131,1.0316325808506122,45.06888058380178,0.9945280152333735
imagewoof,data/imagewoof2-320/val/n02099601/n02099601_21541.JPEG,n02099601,207,golden retriever,jpeg,70,207,golden retriever,0.45782628655433655,True,21568,21913,0.9842559211427007,46.04409160955158,0.9951502571237291
imagewoof,data/imagewoof2-320/val/n02099601/n02099601_2160.JPEG,n02099601,207,golden retriever,jpeg,70,207,golden retriever,0.3967893719673157,True,18871,18393,1.0259881476648725,44.42270154022853,0.9909042324060146
imagewoof,data/imagewoof2-320/val/n02099601/n02099601_2211.JPEG,n02099601,207,golden retriever,jpeg,70,207,golden retriever,0.6033338904380798,True,15927,15432,1.032076205287714,45.20304625720578,0.9913022659581451
imagewoof,data/imagewoof2-320/val/n02099601/n02099601_222.JPEG,n02099601,207,golden retriever,jpeg,70,612,jinrikisha,0.14357946813106537,False,35894,34613,1.0370092161904487,38.22740072777873,0.9915987173280115
imagewoof,data/imagewoof2-320/val/n02099601/n02099601_2220.JPEG,n02099601,207,golden retriever,jpeg,70,207,golden retriever,0.35184913873672485,True,17176,16606,1.034324942791762,45.96005210802069,0.9945268000254007
imagewoof,data/imagewoof2-320/val/n02099601/n02099601_2232.JPEG,n02099601,207,golden retriever,jpeg,70,207,golden retriever,0.4177601933479309,True,28969,28118,1.0302653104772743,41.61668628311334,0.9910189014136606
imagewoof,data/imagewoof2-320/val/n02099601/n02099601_22550.JPEG,n02099601,207,golden retriever,jpeg,70,207,golden retriever,0.3897031545639038,True,27427,26744,1.025538438528268,42.167916637844804,0.9904444773207657
imagewoof,data/imagewoof2-320/val/n02099601/n02099601_2312.JPEG,n02099601,207,golden retriever,jpeg,70,207,golden retriever,0.5957213044166565,True,11334,11045,1.0261656858306927,47.89856489226303,0.9946588795407024
imagewoof,data/imagewoof2-320/val/n02099601/n02099601_2330.JPEG,n02099601,207,golden retriever,jpeg,70,207,golden retriever,0.13266633450984955,True,21919,21291,1.0294960311868864,43.09643843623154,0.9906466671280181
imagewoof,data/imagewoof2-320/val/n02099601/n02099601_2382.JPEG,n02099601,207,golden retriever,jpeg,70,852,tennis ball,0.4231494069099426,False,13454,13130,1.0246763137852246,46.23021660809428,0.9936222301370461
imagewoof,data/imagewoof2-320/val/n02099601/n02099601_2391.JPEG,n02099601,207,golden retriever,jpeg,70,207,golden retriever,0.3154057264328003,True,26930,26272,1.025045676004872,42.01379227120235,0.9905797080618965
imagewoof,data/imagewoof2-320/val/n02099601/n02099601_2401.JPEG,n02099601,207,golden retriever,jpeg,70,222,kuvasz,0.49489647150039673,False,34674,33794,1.0260401254660592,38.82733715198369,0.990217465279437
imagewoof,data/imagewoof2-320/val/n02099601/n02099601_241.JPEG,n02099601,207,golden retriever,jpeg,70,211,vizsla,0.1825179159641266,False,13199,12863,1.0261214335691518,46.86656376933672,0.9919124819039733
imagewoof,data/imagewoof2-320/val/n02099601/n02099601_2422.JPEG,n02099601,207,golden retriever,jpeg,70,207,golden retriever,0.3934737741947174,True,20279,19783,1.0250720315422333,45.03941201004299,0.9905357212548033
imagewoof,data/imagewoof2-320/val/n02099601/n02099601_2430.JPEG,n02099601,207,golden retriever,jpeg,70,207,golden retriever,0.3664341866970062,True,20432,19796,1.032127702566175,43.55619821727893,0.9917821446243998
imagewoof,data/imagewoof2-320/val/n02099601/n02099601_2440.JPEG,n02099601,207,golden retriever,jpeg,70,207,golden retriever,0.5246807336807251,True,34785,33649,1.0337602900531961,39.97178868478321,0.9920178586978644
imagewoof,data/imagewoof2-320/val/n02099601/n02099601_2441.JPEG,n02099601,207,golden retriever,jpeg,70,207,golden retriever,0.39269131422042847,True,41787,40265,1.0377995777970943,38.090711469950584,0.9828167530383999
imagewoof,data/imagewoof2-320/val/n02099601/n02099601_2460.JPEG,n02099601,207,golden retriever,jpeg,70,207,golden retriever,0.3104087710380554,True,34951,33787,1.034451120253352,39.55643009675559,0.9907826910972101
imagewoof,data/imagewoof2-320/val/n02099601/n02099601_2472.JPEG,n02099601,207,golden retriever,jpeg,70,207,golden retriever,0.26415908336639404,True,18016,17540,1.0271379703534778,45.03941576984132,0.9907811988692004
imagewoof,data/imagewoof2-320/val/n02099601/n02099601_25072.JPEG,n02099601,207,golden retriever,jpeg,70,207,golden retriever,0.3532734513282776,True,23877,23211,1.0286932919736331,43.34125874449541,0.9923138296860546
imagewoof,data/imagewoof2-320/val/n02099601/n02099601_252.JPEG,n02099601,207,golden retriever,jpeg,70,207,golden retriever,0.510385274887085,True,10122,9855,1.0270928462709286,46.71326754128671,0.9910261608400587
imagewoof,data/imagewoof2-320/val/n02099601/n02099601_2521.JPEG,n02099601,207,golden retriever,jpeg,70,207,golden retriever,0.4469755291938782,True,36881,35664,1.034124046657694,40.62712450791039,0.9928151541295748
imagewoof,data/imagewoof2-320/val/n02099601/n02099601_2541.JPEG,n02099601,207,golden retriever,jpeg,70,207,golden retriever,0.5580970048904419,True,29464,28502,1.0337520174022876,40.50600596651235,0.9900217427700855
imagewoof,data/imagewoof2-320/val/n02099601/n02099601_25482.JPEG,n02099601,207,golden retriever,jpeg,70,207,golden retriever,0.4338121712207794,True,14261,13876,1.0277457480541943,46.36880416128708,0.9927375514010476
imagewoof,data/imagewoof2-320/val/n02099601/n02099601_2571.JPEG,n02099601,207,golden retriever,jpeg,70,244,Tibetan mastiff,0.37061458826065063,False,35821,34767,1.0303161043518279,40.671006928790234,0.9894815457581821
imagewoof,data/imagewoof2-320/val/n02099601/n02099601_25780.JPEG,n02099601,207,golden retriever,jpeg,70,207,golden retriever,0.3926336169242859,True,44575,43064,1.035087311907858,37.495279661426125,0.9864217977608661
imagewoof,data/imagewoof2-320/val/n02099601/n02099601_2580.JPEG,n02099601,207,golden retriever,jpeg,70,207,golden retriever,0.47740113735198975,True,24267,23574,1.0293967930771188,43.365975121119114,0.9930113750467839
imagewoof,data/imagewoof2-320/val/n02099601/n02099601_25801.JPEG,n02099601,207,golden retriever,jpeg,70,207,golden retriever,0.4486188292503357,True,21261,20699,1.0271510701000048,43.81390672129346,0.9916880801073208
imagewoof,data/imagewoof2-320/val/n02099601/n02099601_2581.JPEG,n02099601,207,golden retriever,jpeg,70,205,flat-coated retriever,0.09615977853536606,False,25485,24701,1.0317396056839805,42.30173287456942,0.9908705726451347
imagewoof,data/imagewoof2-320/val/n02099601/n02099601_2582.JPEG,n02099601,207,golden retriever,jpeg,70,207,golden retriever,0.5869081616401672,True,34395,33356,1.0311488188032139,41.09884920945723,0.9926818231465043
imagewoof,data/imagewoof2-320/val/n02099601/n02099601_25930.JPEG,n02099601,207,golden retriever,jpeg,70,207,golden retriever,0.2948559820652008,True,30891,30090,1.0266201395812562,41.738784379315504,0.9917067438148593
imagewoof,data/imagewoof2-320/val/n02099601/n02099601_2601.JPEG,n02099601,207,golden retriever,jpeg,70,207,golden retriever,0.2853747308254242,True,29031,28137,1.0317731101396737,40.89680927020694,0.991663406176388
imagewoof,data/imagewoof2-320/val/n02099601/n02099601_2612.JPEG,n02099601,207,golden retriever,jpeg,70,207,golden retriever,0.584723711013794,True,17186,16718,1.0279937791601865,43.86584020110152,0.9838146098186248
imagewoof,data/imagewoof2-320/val/n02099601/n02099601_262.JPEG,n02099601,207,golden retriever,jpeg,70,207,golden retriever,0.18682360649108887,True,9699,9485,1.0225619399051133,47.2478825877275,0.9928781171778959
imagewoof,data/imagewoof2-320/val/n02099601/n02099601_26472.JPEG,n02099601,207,golden retriever,jpeg,70,207,golden retriever,0.2810557186603546,True,15428,15151,1.0182826216091347,46.68067901985558,0.9916105882392244
imagewoof,data/imagewoof2-320/val/n02099601/n02099601_26571.JPEG,n02099601,207,golden retriever,jpeg,70,207,golden retriever,0.4311894476413727,True,19056,18596,1.0247365024736503,45.1296742267614,0.9912974523843109
imagewoof,data/imagewoof2-320/val/n02099601/n02099601_26651.JPEG,n02099601,207,golden retriever,jpeg,70,207,golden retriever,0.35980725288391113,True,17353,16914,1.0259548303180797,45.64387785393971,0.9924874152280344
imagewoof,data/imagewoof2-320/val/n02099601/n02099601_2690.JPEG,n02099601,207,golden retriever,jpeg,70,207,golden retriever,0.38151395320892334,True,18318,17844,1.0265635507733692,44.321772929760215,0.9918983693339678
imagewoof,data/imagewoof2-320/val/n02099601/n02099601_2691.JPEG,n02099601,207,golden retriever,jpeg,70,207,golden retriever,0.4344438314437866,True,20411,19908,1.0252662246333133,43.083101438092996,0.9915077462891722
imagewoof,data/imagewoof2-320/val/n02099601/n02099601_26930.JPEG,n02099601,207,golden retriever,jpeg,70,155,Shih-Tzu,0.05764671415090561,False,25935,25250,1.0271287128712872,42.92289316313994,0.9916800234278961
imagewoof,data/imagewoof2-320/val/n02099601/n02099601_26980.JPEG,n02099601,207,golden retriever,jpeg,70,207,golden retriever,0.4783673584461212,True,28127,27290,1.0306705753023084,42.28198724069388,0.9910919343046768
imagewoof,data/imagewoof2-320/val/n02099601/n02099601_26992.JPEG,n02099601,207,golden retriever,jpeg,70,207,golden retriever,0.12619389593601227,True,36632,35672,1.0269118636465575,40.84851246702936,0.9908395167809653
imagewoof,data/imagewoof2-320/val/n02099601/n02099601_270.JPEG,n02099601,207,golden retriever,jpeg,70,207,golden retriever,0.4384627938270569,True,18521,17908,1.0342305115032389,42.238122175483845,0.9881243340239415
imagewoof,data/imagewoof2-320/val/n02099601/n02099601_271.JPEG,n02099601,207,golden retriever,jpeg,70,207,golden retriever,0.36673209071159363,True,18366,17942,1.0236317021513766,44.6242643177765,0.9899221853163364
imagewoof,data/imagewoof2-320/val/n02099601/n02099601_27132.JPEG,n02099601,207,golden retriever,jpeg,70,207,golden retriever,0.2328079789876938,True,28407,27519,1.032268614411861,40.6622394230211,0.9903398051711862
imagewoof,data/imagewoof2-320/val/n02099601/n02099601_272.JPEG,n02099601,207,golden retriever,jpeg,70,207,golden retriever,0.2718932628631592,True,27706,26921,1.0291593922959772,42.01513231516831,0.990932813807591
imagewoof,data/imagewoof2-320/val/n02099601/n02099601_27262.JPEG,n02099601,207,golden retriever,jpeg,70,207,golden retriever,0.3873155117034912,True,48656,46989,1.0354763880908298,39.559482220146265,0.9920820379058847
imagewoof,data/imagewoof2-320/val/n02099601/n02099601_27330.JPEG,n02099601,207,golden retriever,jpeg,70,207,golden retriever,0.6057787537574768,True,25289,24495,1.0324147785262299,41.66799707335652,0.987942758261681
imagewoof,data/imagewoof2-320/val/n02099601/n02099601_2741.JPEG,n02099601,207,golden retriever,jpeg,70,207,golden retriever,0.19982542097568512,True,37621,36568,1.0287956683439072,38.732444700842905,0.9910674448946241
imagewoof,data/imagewoof2-320/val/n02099601/n02099601_2752.JPEG,n02099601,207,golden retriever,jpeg,70,207,golden retriever,0.3843170404434204,True,21336,20727,1.0293819655521783,41.120311248602526,0.9902336468427108
imagewoof,data/imagewoof2-320/val/n02099601/n02099601_27711.JPEG,n02099601,207,golden retriever,jpeg,70,207,golden retriever,0.12493614852428436,True,29591,28767,1.0286439322835192,40.765417747740315,0.9917800604083715
imagewoof,data/imagewoof2-320/val/n02099601/n02099601_27960.JPEG,n02099601,207,golden retriever,jpeg,70,207,golden retriever,0.3466230034828186,True,38427,37332,1.0293314046930246,38.98100893884181,0.9902955639844521
imagewoof,data/imagewoof2-320/val/n02099601/n02099601_280.JPEG,n02099601,207,golden retriever,jpeg,70,207,golden retriever,0.3977523148059845,True,16243,15802,1.0279078597645868,45.197786195692366,0.993209362632841
imagewoof,data/imagewoof2-320/val/n02099601/n02099601_2801.JPEG,n02099601,207,golden retriever,jpeg,70,207,golden retriever,0.40212348103523254,True,21065,20327,1.0363063905150784,44.30104110693808,0.9904572972144093
imagewoof,data/imagewoof2-320/val/n02099601/n02099601_28031.JPEG,n02099601,207,golden retriever,jpeg,70,207,golden retriever,0.5149185061454773,True,17180,16760,1.0250596658711217,42.825005011535495,0.990876003850786
imagewoof,data/imagewoof2-320/val/n02099601/n02099601_281.JPEG,n02099601,207,golden retriever,jpeg,70,207,golden retriever,0.21935072541236877,True,15371,14974,1.0265126218779217,44.36021741802931,0.9919298770992437
imagewoof,data/imagewoof2-320/val/n02099601/n02099601_2811.JPEG,n02099601,207,golden retriever,jpeg,70,207,golden retriever,0.30527999997138977,True,14939,14619,1.0218893221150558,46.62988278314896,0.9923320865821941
imagewoof,data/imagewoof2-320/val/n02099601/n02099601_2831.JPEG,n02099601,207,golden retriever,jpeg,70,207,golden retriever,0.3421986997127533,True,32279,31228,1.0336556936083003,41.11242083917011,0.9919297205272976
imagewoof,data/imagewoof2-320/val/n02099601/n02099601_28691.JPEG,n02099601,207,golden retriever,jpeg,70,207,golden retriever,0.314460813999176,True,48372,46758,1.0345181573206723,37.96543395408235,0.9926124869812599
imagewoof,data/imagewoof2-320/val/n02099601/n02099601_290.JPEG,n02099601,207,golden retriever,jpeg,70,207,golden retriever,0.36875322461128235,True,18121,17694,1.0241324742850684,44.09004695324414,0.9908740578943077
imagewoof,data/imagewoof2-320/val/n02099601/n02099601_29010.JPEG,n02099601,207,golden retriever,jpeg,70,207,golden retriever,0.4604337215423584,True,20422,19945,1.0239157683629982,44.9008802388648,0.9918967488363943
imagewoof,data/imagewoof2-320/val/n02099601/n02099601_29190.JPEG,n02099601,207,golden retriever,jpeg,70,207,golden retriever,0.34076976776123047,True,53597,51765,1.0353907080073408,36.439425320062966,0.9906355921594311
imagewoof,data/imagewoof2-320/val/n02099601/n02099601_2920.JPEG,n02099601,207,golden retriever,jpeg,70,207,golden retriever,0.3014458417892456,True,33306,32238,1.0331286059929277,40.957269241822246,0.9913727169143337
imagewoof,data/imagewoof2-320/val/n02099601/n02099601_29211.JPEG,n02099601,207,golden retriever,jpeg,70,207,golden retriever,0.1909293830394745,True,18424,18012,1.0228736397956917,45.11458820977259,0.9905323548286233
imagewoof,data/imagewoof2-320/val/n02099601/n02099601_2962.JPEG,n02099601,207,golden retriever,jpeg,70,235,German shepherd,0.19941042363643646,False,23214,22632,1.0257158006362672,43.962611442209635,0.9907538460709743
imagewoof,data/imagewoof2-320/val/n02099601/n02099601_2980.JPEG,n02099601,207,golden retriever,jpeg,70,207,golden retriever,0.42920249700546265,True,23771,22993,1.0338363849867351,42.128662418321746,0.9911729049981027
imagewoof,data/imagewoof2-320/val/n02099601/n02099601_2991.JPEG,n02099601,207,golden retriever,jpeg,70,207,golden retriever,0.5685490965843201,True,18651,18112,1.0297592756183747,44.55818752481023,0.9926118630031215
imagewoof,data/imagewoof2-320/val/n02099601/n02099601_2992.JPEG,n02099601,207,golden retriever,jpeg,70,207,golden retriever,0.39017653465270996,True,31233,30270,1.0318136769078294,40.72715547481746,0.9916807373665191
imagewoof,data/imagewoof2-320/val/n02099601/n02099601_3001.JPEG,n02099601,207,golden retriever,jpeg,70,207,golden retriever,0.44073811173439026,True,25050,24280,1.0317133443163098,43.691583543599904,0.9917476884512183
imagewoof,data/imagewoof2-320/val/n02099601/n02099601_302.JPEG,n02099601,207,golden retriever,jpeg,70,207,golden retriever,0.36777448654174805,True,23346,22853,1.021572660044633,44.058868501535045,0.9917644188993716
imagewoof,data/imagewoof2-320/val/n02099601/n02099601_3031.JPEG,n02099601,207,golden retriever,jpeg,70,207,golden retriever,0.22341105341911316,True,25972,25295,1.0267641826447915,42.055194179244424,0.9903304773503822
imagewoof,data/imagewoof2-320/val/n02099601/n02099601_3041.JPEG,n02099601,207,golden retriever,jpeg,70,207,golden retriever,0.4328792691230774,True,32068,30885,1.038303383519508,39.67492129073094,0.9911702885695298
imagewoof,data/imagewoof2-320/val/n02099601/n02099601_3061.JPEG,n02099601,207,golden retriever,jpeg,70,207,golden retriever,0.44012194871902466,True,28421,27712,1.025584584295612,41.84709921609637,0.9894322570169916
imagewoof,data/imagewoof2-320/val/n02099601/n02099601_3062.JPEG,n02099601,207,golden retriever,jpeg,70,207,golden retriever,0.09584541618824005,True,12413,12066,1.0287584949444721,45.191052670305936,0.993081800273614
imagewoof,data/imagewoof2-320/val/n02099601/n02099601_30760.JPEG,n02099601,207,golden retriever,jpeg,70,207,golden retriever,0.48847508430480957,True,23369,22693,1.0297889216939144,43.85230202465736,0.992470555914331
imagewoof,data/imagewoof2-320/val/n02099601/n02099601_30792.JPEG,n02099601,207,golden retriever,jpeg,70,257,Great Pyrenees,0.39341679215431213,False,48357,46720,1.0350385273972602,36.50656822311599,0.9892469774845524
imagewoof,data/imagewoof2-320/val/n02099601/n02099601_30880.JPEG,n02099601,207,golden retriever,jpeg,70,207,golden retriever,0.21983008086681366,True,33518,32629,1.0272457016764227,40.635585271108965,0.990366030311311
imagewoof,data/imagewoof2-320/val/n02099601/n02099601_3110.JPEG,n02099601,207,golden retriever,jpeg,70,207,golden retriever,0.5279654860496521,True,22916,22319,1.026748510237914,41.13352698929653,0.9927487021752749
imagewoof,data/imagewoof2-320/val/n02099601/n02099601_3111.JPEG,n02099601,207,golden retriever,jpeg,70,207,golden retriever,0.4022780656814575,True,19375,18926,1.0237239775969567,44.161090793282824,0.9921954703094141
imagewoof,data/imagewoof2-320/val/n02099601/n02099601_3140.JPEG,n02099601,207,golden retriever,jpeg,70,207,golden retriever,0.4437830448150635,True,21398,20804,1.0285522014997115,42.68128263370344,0.9912489865589579
imagewoof,data/imagewoof2-320/val/n02099601/n02099601_3202.JPEG,n02099601,207,golden retriever,jpeg,70,213,Irish setter,0.13171598315238953,False,21212,20615,1.028959495512976,45.007837068232746,0.9935340809439038
imagewoof,data/imagewoof2-320/val/n02099601/n02099601_3210.JPEG,n02099601,207,golden retriever,jpeg,70,207,golden retriever,0.4360249936580658,True,15943,15534,1.0263293420883224,45.79061955123596,0.9921637767618722
imagewoof,data/imagewoof2-320/val/n02099601/n02099601_3212.JPEG,n02099601,207,golden retriever,jpeg,70,207,golden retriever,0.10316014289855957,True,25091,24409,1.0279405137449302,43.572125456737545,0.9915608542667592
imagewoof,data/imagewoof2-320/val/n02099601/n02099601_3221.JPEG,n02099601,207,golden retriever,jpeg,70,207,golden retriever,0.5521126985549927,True,23940,23272,1.0287040220006876,41.975194202447426,0.9918770728181047
imagewoof,data/imagewoof2-320/val/n02099601/n02099601_3262.JPEG,n02099601,207,golden retriever,jpeg,70,207,golden retriever,0.27104681730270386,True,20441,19929,1.0256912037733956,42.786576646406154,0.9918474990114977
imagewoof,data/imagewoof2-320/val/n02099601/n02099601_3280.JPEG,n02099601,207,golden retriever,jpeg,70,207,golden retriever,0.5487726330757141,True,13020,12667,1.027867687692429,44.98045990102972,0.993170431810924
imagewoof,data/imagewoof2-320/val/n02099601/n02099601_3290.JPEG,n02099601,207,golden retriever,jpeg,70,207,golden retriever,0.10319249331951141,True,23552,22867,1.0299558315476451,39.65718008076934,0.9888500446231281
imagewoof,data/imagewoof2-320/val/n02099601/n02099601_3312.JPEG,n02099601,207,golden retriever,jpeg,70,207,golden retriever,0.3720969557762146,True,15989,15544,1.0286284096757592,44.09811580563172,0.9911248869450819
imagewoof,data/imagewoof2-320/val/n02099601/n02099601_3360.JPEG,n02099601,207,golden retriever,jpeg,70,207,golden retriever,0.4781752824783325,True,15371,15017,1.0235732836119065,45.5983344075612,0.991842930708032
imagewoof,data/imagewoof2-320/val/n02099601/n02099601_3390.JPEG,n02099601,207,golden retriever,jpeg,70,207,golden retriever,0.20547686517238617,True,31790,30761,1.0334514482624102,41.63685426910241,0.9929801752512167
imagewoof,data/imagewoof2-320/val/n02099601/n02099601_340.JPEG,n02099601,207,golden retriever,jpeg,70,207,golden retriever,0.34060609340667725,True,19737,19076,1.034650870203397,43.95115423739689,0.9920616989499226
imagewoof,data/imagewoof2-320/val/n02099601/n02099601_3402.JPEG,n02099601,207,golden retriever,jpeg,70,207,golden retriever,0.4966672658920288,True,26634,25647,1.0384840332202596,39.997807901062416,0.9922443066126281
imagewoof,data/imagewoof2-320/val/n02099601/n02099601_3410.JPEG,n02099601,207,golden retriever,jpeg,70,207,golden retriever,0.2638899087905884,True,24595,23903,1.0289503409613856,43.90324140816286,0.9929337157659521
imagewoof,data/imagewoof2-320/val/n02099601/n02099601_3411.JPEG,n02099601,207,golden retriever,jpeg,70,207,golden retriever,0.27032119035720825,True,40295,38989,1.0334966272538408,37.718865740332454,0.9903977297953516
imagewoof,data/imagewoof2-320/val/n02099601/n02099601_3412.JPEG,n02099601,207,golden retriever,jpeg,70,207,golden retriever,0.30898770689964294,True,28278,27356,1.0337037578593362,40.93597897898486,0.9915056228423674
imagewoof,data/imagewoof2-320/val/n02099601/n02099601_342.JPEG,n02099601,207,golden retriever,jpeg,70,207,golden retriever,0.37359419465065,True,40466,39376,1.0276818366517675,38.57882258417537,0.9908087337857533
imagewoof,data/imagewoof2-320/val/n02099601/n02099601_3420.JPEG,n02099601,207,golden retriever,jpeg,70,207,golden retriever,0.3947465121746063,True,18105,17504,1.034335009140768,44.35470502359276,0.9883890805927164
imagewoof,data/imagewoof2-320/val/n02099601/n02099601_3481.JPEG,n02099601,207,golden retriever,jpeg,70,207,golden retriever,0.3517574071884155,True,23901,23166,1.0317275317275316,41.91854569548583,0.9885318823813543
imagewoof,data/imagewoof2-320/val/n02099601/n02099601_3512.JPEG,n02099601,207,golden retriever,jpeg,70,207,golden retriever,0.3505321443080902,True,43577,42202,1.0325813942467181,37.580364102340475,0.9910021728094343
imagewoof,data/imagewoof2-320/val/n02099601/n02099601_3562.JPEG,n02099601,207,golden retriever,jpeg,70,207,golden retriever,0.30501851439476013,True,17825,17385,1.0253091745757836,45.09309118954747,0.9919272974254466
imagewoof,data/imagewoof2-320/val/n02099601/n02099601_3600.JPEG,n02099601,207,golden retriever,jpeg,70,208,Labrador retriever,0.23161520063877106,False,25582,24761,1.0331569807358345,41.46567506991495,0.9928764656818388
imagewoof,data/imagewoof2-320/val/n02099601/n02099601_3601.JPEG,n02099601,207,golden retriever,jpeg,70,207,golden retriever,0.23449881374835968,True,28771,28039,1.0261064945254823,38.74231952586693,0.9904059815152276
imagewoof,data/imagewoof2-320/val/n02099601/n02099601_3611.JPEG,n02099601,207,golden retriever,jpeg,70,207,golden retriever,0.25430402159690857,True,21738,21168,1.0269274376417235,44.14111351776854,0.9927462757696947
imagewoof,data/imagewoof2-320/val/n02099601/n02099601_362.JPEG,n02099601,207,golden retriever,jpeg,70,852,tennis ball,0.15954826772212982,False,19528,18964,1.0297405610630668,42.542155131486695,0.9913945805096441
imagewoof,data/imagewoof2-320/val/n02099601/n02099601_3620.JPEG,n02099601,207,golden retriever,jpeg,70,207,golden retriever,0.39675581455230713,True,18979,18450,1.0286720867208672,44.181327000457514,0.992831450638108
imagewoof,data/imagewoof2-320/val/n02099601/n02099601_3641.JPEG,n02099601,207,golden retriever,jpeg,70,207,golden retriever,0.5022435188293457,True,34935,33926,1.0297412014384248,39.025472096463,0.9912457475930553
imagewoof,data/imagewoof2-320/val/n02099601/n02099601_3652.JPEG,n02099601,207,golden retriever,jpeg,70,207,golden retriever,0.4226515591144562,True,32788,31840,1.0297738693467338,40.5859150563811,0.9902790947702664
imagewoof,data/imagewoof2-320/val/n02099601/n02099601_3700.JPEG,n02099601,207,golden retriever,jpeg,70,207,golden retriever,0.28489449620246887,True,29655,28664,1.034572983533352,40.89574183970441,0.9851005935034177
imagewoof,data/imagewoof2-320/val/n02099601/n02099601_3710.JPEG,n02099601,207,golden retriever,jpeg,70,207,golden retriever,0.30020153522491455,True,36621,35411,1.0341701731100506,38.854925912993835,0.9893126881922075
imagewoof,data/imagewoof2-320/val/n02099601/n02099601_3711.JPEG,n02099601,207,golden retriever,jpeg,70,207,golden retriever,0.48153629899024963,True,16271,15793,1.0302665737985184,46.09012291309702,0.9927592737236703
imagewoof,data/imagewoof2-320/val/n02099601/n02099601_3720.JPEG,n02099601,207,golden retriever,jpeg,70,207,golden retriever,0.4788202941417694,True,16853,16370,1.029505192425168,44.28226006328949,0.9879621312622918
imagewoof,data/imagewoof2-320/val/n02099601/n02099601_3751.JPEG,n02099601,207,golden retriever,jpeg,70,207,golden retriever,0.4286789894104004,True,20279,19727,1.0279819536675623,43.661191653435836,0.9913861592981776
imagewoof,data/imagewoof2-320/val/n02099601/n02099601_3771.JPEG,n02099601,207,golden retriever,jpeg,70,262,Brabancon griffon,0.11496134847402573,False,16149,15767,1.0242278175937083,45.69308064813968,0.9911619141974307
imagewoof,data/imagewoof2-320/val/n02099601/n02099601_3780.JPEG,n02099601,207,golden retriever,jpeg,70,207,golden retriever,0.42371508479118347,True,18372,17748,1.035158891142664,42.895699997445426,0.9862906024925028
imagewoof,data/imagewoof2-320/val/n02099601/n02099601_3790.JPEG,n02099601,207,golden retriever,jpeg,70,207,golden retriever,0.4123334288597107,True,15269,14914,1.0238031379911492,46.06766368559397,0.9913192269589626
imagewoof,data/imagewoof2-320/val/n02099601/n02099601_381.JPEG,n02099601,207,golden retriever,jpeg,70,207,golden retriever,0.264367938041687,True,16950,16621,1.0197942362072077,45.780258509147316,0.9922069035545756
imagewoof,data/imagewoof2-320/val/n02099601/n02099601_3810.JPEG,n02099601,207,golden retriever,jpeg,70,207,golden retriever,0.29761606454849243,True,22877,22333,1.0243585725160076,43.534578690046885,0.9908116767550864
imagewoof,data/imagewoof2-320/val/n02099601/n02099601_382.JPEG,n02099601,207,golden retriever,jpeg,70,207,golden retriever,0.37859997153282166,True,10561,10257,1.0296382957979917,47.019273584797794,0.9938541968140666
imagewoof,data/imagewoof2-320/val/n02099601/n02099601_3860.JPEG,n02099601,207,golden retriever,jpeg,70,219,cocker spaniel,0.21973071992397308,False,22655,21957,1.0317894065673816,42.325579904275045,0.9868651228525093
imagewoof,data/imagewoof2-320/val/n02099601/n02099601_3861.JPEG,n02099601,207,golden retriever,jpeg,70,207,golden retriever,0.33412858843803406,True,42222,40862,1.0332827565953697,38.24672386720917,0.9898736513073584
imagewoof,data/imagewoof2-320/val/n02099601/n02099601_3880.JPEG,n02099601,207,golden retriever,jpeg,70,207,golden retriever,0.329736590385437,True,21257,20679,1.0279510614633203,43.5613754559011,0.9923937809225154
imagewoof,data/imagewoof2-320/val/n02099601/n02099601_3901.JPEG,n02099601,207,golden retriever,jpeg,70,207,golden retriever,0.4774406850337982,True,19329,18861,1.0248131064100525,44.330753631320974,0.991621803900428
imagewoof,data/imagewoof2-320/val/n02099601/n02099601_3902.JPEG,n02099601,207,golden retriever,jpeg,70,207,golden retriever,0.36348724365234375,True,32157,31140,1.0326589595375724,40.44902053478984,0.9919257957280442
imagewoof,data/imagewoof2-320/val/n02099601/n02099601_3910.JPEG,n02099601,207,golden retriever,jpeg,70,207,golden retriever,0.3392852544784546,True,14721,14339,1.0266406304484275,46.48004091760352,0.9920288504192788
imagewoof,data/imagewoof2-320/val/n02099601/n02099601_3961.JPEG,n02099601,207,golden retriever,jpeg,70,207,golden retriever,0.3974400460720062,True,15574,15213,1.0237297048576874,45.27266059329087,0.9898594850310459
imagewoof,data/imagewoof2-320/val/n02099601/n02099601_4000.JPEG,n02099601,207,golden retriever,jpeg,70,207,golden retriever,0.27957653999328613,True,25420,24763,1.026531518798207,43.096189317390554,0.9901607854717457
imagewoof,data/imagewoof2-320/val/n02099601/n02099601_4022.JPEG,n02099601,207,golden retriever,jpeg,70,207,golden retriever,0.3264910578727722,True,30355,29481,1.0296462128150334,41.419812041605944,0.9910248944541155
imagewoof,data/imagewoof2-320/val/n02099601/n02099601_4030.JPEG,n02099601,207,golden retriever,jpeg,70,207,golden retriever,0.44193851947784424,True,20485,19883,1.030277121158779,42.935030369645744,0.9896085423716903
imagewoof,data/imagewoof2-320/val/n02099601/n02099601_4041.JPEG,n02099601,207,golden retriever,jpeg,70,207,golden retriever,0.27854853868484497,True,18682,18180,1.0276127612761277,43.82653300817006,0.9908853752535226
imagewoof,data/imagewoof2-320/val/n02099601/n02099601_4082.JPEG,n02099601,207,golden retriever,jpeg,70,207,golden retriever,0.292544424533844,True,31076,30254,1.027169960996893,42.27706105115273,0.9905510789179747
imagewoof,data/imagewoof2-320/val/n02099601/n02099601_4111.JPEG,n02099601,207,golden retriever,jpeg,70,207,golden retriever,0.25845545530319214,True,19239,18587,1.035078280518642,43.45383458453139,0.9932063329426013
imagewoof,data/imagewoof2-320/val/n02099601/n02099601_4122.JPEG,n02099601,207,golden retriever,jpeg,70,207,golden retriever,0.47815534472465515,True,18503,17938,1.031497379863976,44.23260842928039,0.992464606258371
imagewoof,data/imagewoof2-320/val/n02099601/n02099601_4202.JPEG,n02099601,207,golden retriever,jpeg,70,207,golden retriever,0.4727939963340759,True,26223,25440,1.0307783018867924,42.85887450732393,0.9902075956873765
imagewoof,data/imagewoof2-320/val/n02099601/n02099601_4220.JPEG,n02099601,207,golden retriever,jpeg,70,168,redbone,0.14132946729660034,False,23897,23180,1.0309318377911993,41.40562383082382,0.9915530746291874
imagewoof,data/imagewoof2-320/val/n02099601/n02099601_4241.JPEG,n02099601,207,golden retriever,jpeg,70,256,Newfoundland,0.08847713470458984,False,12599,12257,1.0279024231051643,46.2101214641764,0.9938824060066352
imagewoof,data/imagewoof2-320/val/n02099601/n02099601_4251.JPEG,n02099601,207,golden retriever,jpeg,70,207,golden retriever,0.23352810740470886,True,25307,24492,1.0332761718112036,44.95553291677968,0.9937469893123724
imagewoof,data/imagewoof2-320/val/n02099601/n02099601_430.JPEG,n02099601,207,golden retriever,jpeg,70,207,golden retriever,0.33142951130867004,True,23381,22701,1.029954627549447,43.686021395734684,0.9919115041689609
imagewoof,data/imagewoof2-320/val/n02099601/n02099601_4310.JPEG,n02099601,207,golden retriever,jpeg,70,207,golden retriever,0.34069153666496277,True,19470,18770,1.0372935535428875,42.94777136297994,0.9898434949279261
imagewoof,data/imagewoof2-320/val/n02099601/n02099601_4312.JPEG,n02099601,207,golden retriever,jpeg,70,207,golden retriever,0.22461570799350739,True,27528,26635,1.033527313685001,40.36641511216623,0.9929568392965376
imagewoof,data/imagewoof2-320/val/n02099601/n02099601_432.JPEG,n02099601,207,golden retriever,jpeg,70,207,golden retriever,0.33035847544670105,True,25632,24994,1.0255261262703048,42.28521430363864,0.9894934243839258
imagewoof,data/imagewoof2-320/val/n02099601/n02099601_4321.JPEG,n02099601,207,golden retriever,jpeg,70,207,golden retriever,0.5333777666091919,True,25579,24924,1.0262798908682393,42.798132482853,0.9904303679703238
imagewoof,data/imagewoof2-320/val/n02099601/n02099601_4332.JPEG,n02099601,207,golden retriever,jpeg,70,207,golden retriever,0.30792149901390076,True,10742,10399,1.032983940763535,46.02368232812889,0.9537512680247945
imagewoof,data/imagewoof2-320/val/n02099601/n02099601_4351.JPEG,n02099601,207,golden retriever,jpeg,70,207,golden retriever,0.4565660059452057,True,22179,21740,1.020193192272309,45.074467750680476,0.9917094176073643
imagewoof,data/imagewoof2-320/val/n02099601/n02099601_4371.JPEG,n02099601,207,golden retriever,jpeg,70,207,golden retriever,0.49517884850502014,True,14484,14053,1.0306696079129012,43.849011099250426,0.9883216474896711
imagewoof,data/imagewoof2-320/val/n02099601/n02099601_440.JPEG,n02099601,207,golden retriever,jpeg,70,207,golden retriever,0.34427937865257263,True,15183,14899,1.01906168199208,47.31724131473844,0.992963075180353
imagewoof,data/imagewoof2-320/val/n02099601/n02099601_4560.JPEG,n02099601,207,golden retriever,jpeg,70,207,golden retriever,0.20836664736270905,True,25315,24511,1.032801599281955,41.8133361621142,0.989699502961194
imagewoof,data/imagewoof2-320/val/n02099601/n02099601_4571.JPEG,n02099601,207,golden retriever,jpeg,70,207,golden retriever,0.32830968499183655,True,24391,23628,1.0322921957000168,42.9979060641252,0.990172342969176
imagewoof,data/imagewoof2-320/val/n02099601/n02099601_4572.JPEG,n02099601,207,golden retriever,jpeg,70,207,golden retriever,0.06662515550851822,True,42561,41287,1.0308571705379417,37.528035331755504,0.991174117875529
imagewoof,data/imagewoof2-320/val/n02099601/n02099601_4600.JPEG,n02099601,207,golden retriever,jpeg,70,207,golden retriever,0.36813071370124817,True,21146,20410,1.0360607545320921,43.55637325500229,0.9927443120168885
imagewoof,data/imagewoof2-320/val/n02099601/n02099601_4602.JPEG,n02099601,207,golden retriever,jpeg,70,296,ice bear,0.07655564695596695,False,24838,24190,1.026787928896238,45.7223524937158,0.9928729332265345
imagewoof,data/imagewoof2-320/val/n02099601/n02099601_4632.JPEG,n02099601,207,golden retriever,jpeg,70,207,golden retriever,0.20272773504257202,True,23069,22290,1.0349484073575594,43.74434119471775,0.9920098463817316
imagewoof,data/imagewoof2-320/val/n02099601/n02099601_4641.JPEG,n02099601,207,golden retriever,jpeg,70,207,golden retriever,0.5268827080726624,True,27248,26512,1.027761013880507,39.34211014304998,0.9915450455203545
imagewoof,data/imagewoof2-320/val/n02099601/n02099601_4651.JPEG,n02099601,207,golden retriever,jpeg,70,852,tennis ball,0.3115779161453247,False,27915,27210,1.025909592061742,41.62350924133066,0.9905116998160531
imagewoof,data/imagewoof2-320/val/n02099601/n02099601_4692.JPEG,n02099601,207,golden retriever,jpeg,70,207,golden retriever,0.3086807131767273,True,39209,37940,1.0334475487612018,38.845446576955545,0.9935752976097799
imagewoof,data/imagewoof2-320/val/n02099601/n02099601_4741.JPEG,n02099601,207,golden retriever,jpeg,70,207,golden retriever,0.36123600602149963,True,18563,18037,1.029162277540611,43.43685494199945,0.98385245698266
imagewoof,data/imagewoof2-320/val/n02099601/n02099601_4840.JPEG,n02099601,207,golden retriever,jpeg,70,207,golden retriever,0.27315524220466614,True,14799,14371,1.0297822002644215,46.18076644918007,0.9926116938379211
imagewoof,data/imagewoof2-320/val/n02099601/n02099601_4862.JPEG,n02099601,207,golden retriever,jpeg,70,207,golden retriever,0.2321317493915558,True,24128,23462,1.0283863268263576,38.767504632540216,0.9897434978513671
imagewoof,data/imagewoof2-320/val/n02099601/n02099601_4920.JPEG,n02099601,207,golden retriever,jpeg,70,207,golden retriever,0.2385002225637436,True,15626,15139,1.032168571239844,45.97134777021708,0.9934282339226376
imagewoof,data/imagewoof2-320/val/n02099601/n02099601_5022.JPEG,n02099601,207,golden retriever,jpeg,70,207,golden retriever,0.4119030237197876,True,18604,18112,1.0271643109540636,44.94812266171078,0.986935780554726
imagewoof,data/imagewoof2-320/val/n02099601/n02099601_5031.JPEG,n02099601,207,golden retriever,jpeg,70,207,golden retriever,0.39009952545166016,True,14740,14314,1.0297610730753108,45.733137823364096,0.9915423978978118
imagewoof,data/imagewoof2-320/val/n02099601/n02099601_5040.JPEG,n02099601,207,golden retriever,jpeg,70,207,golden retriever,0.3647278845310211,True,25722,25007,1.0285919942416124,40.62146979629454,0.9930857768181127
imagewoof,data/imagewoof2-320/val/n02099601/n02099601_5042.JPEG,n02099601,207,golden retriever,jpeg,70,207,golden retriever,0.38340723514556885,True,32545,31707,1.0264294950641815,38.98138553380501,0.9907112684730291
imagewoof,data/imagewoof2-320/val/n02099601/n02099601_5051.JPEG,n02099601,207,golden retriever,jpeg,70,207,golden retriever,0.4295807182788849,True,45280,43839,1.0328702753256234,42.209477709031106,0.9882211896240506
imagewoof,data/imagewoof2-320/val/n02099601/n02099601_5062.JPEG,n02099601,207,golden retriever,jpeg,70,207,golden retriever,0.5098288655281067,True,22852,22373,1.0214097349483753,44.49741649049656,0.9915232059954543
imagewoof,data/imagewoof2-320/val/n02099601/n02099601_511.JPEG,n02099601,207,golden retriever,jpeg,70,207,golden retriever,0.5430399179458618,True,25923,25124,1.031802260786499,41.69742058672166,0.9916272698375055
imagewoof,data/imagewoof2-320/val/n02099601/n02099601_512.JPEG,n02099601,207,golden retriever,jpeg,70,207,golden retriever,0.41010892391204834,True,17148,16613,1.0322036959008005,45.49127346375706,0.9921349856740717
imagewoof,data/imagewoof2-320/val/n02099601/n02099601_5132.JPEG,n02099601,207,golden retriever,jpeg,70,207,golden retriever,0.3852580785751343,True,26990,26178,1.031018412407365,42.06838964204053,0.9921903674114372
imagewoof,data/imagewoof2-320/val/n02099601/n02099601_5141.JPEG,n02099601,207,golden retriever,jpeg,70,207,golden retriever,0.3623025417327881,True,16702,16249,1.0278786386854575,46.22302936942684,0.9932941498013906
imagewoof,data/imagewoof2-320/val/n02099601/n02099601_5150.JPEG,n02099601,207,golden retriever,jpeg,70,207,golden retriever,0.4306188225746155,True,25554,24611,1.038316200073138,39.80535876830872,0.9885094722027196
imagewoof,data/imagewoof2-320/val/n02099601/n02099601_5152.JPEG,n02099601,207,golden retriever,jpeg,70,207,golden retriever,0.3966902792453766,True,25969,25291,1.0268079553991538,42.12477021844229,0.9937154763119139
imagewoof,data/imagewoof2-320/val/n02099601/n02099601_5160.JPEG,n02099601,207,golden retriever,jpeg,70,207,golden retriever,0.4345511198043823,True,18831,18334,1.0271081051598123,43.5309130931822,0.9920478431352343
imagewoof,data/imagewoof2-320/val/n02099601/n02099601_5161.JPEG,n02099601,207,golden retriever,jpeg,70,207,golden retriever,0.3082890212535858,True,29197,28347,1.0299855363883303,39.09921061571642,0.990660237721464
imagewoof,data/imagewoof2-320/val/n02099601/n02099601_521.JPEG,n02099601,207,golden retriever,jpeg,70,336,marmot,0.040452733635902405,False,35177,33968,1.0355923221855865,37.29732654595124,0.9928859961759171
imagewoof,data/imagewoof2-320/val/n02099601/n02099601_522.JPEG,n02099601,207,golden retriever,jpeg,70,207,golden retriever,0.40220654010772705,True,22588,23041,0.9803393949915368,45.799984031796726,0.9952772929359947
imagewoof,data/imagewoof2-320/val/n02099601/n02099601_5230.JPEG,n02099601,207,golden retriever,jpeg,70,207,golden retriever,0.43800488114356995,True,14799,14433,1.025358553315319,46.60950084299253,0.993325180554974
imagewoof,data/imagewoof2-320/val/n02099601/n02099601_5240.JPEG,n02099601,207,golden retriever,jpeg,70,207,golden retriever,0.2270144820213318,True,21783,21166,1.0291505244259662,41.56398766501711,0.9903798356896344
imagewoof,data/imagewoof2-320/val/n02099601/n02099601_5301.JPEG,n02099601,207,golden retriever,jpeg,70,207,golden retriever,0.42358046770095825,True,31593,30692,1.029356184021895,39.508700690256724,0.9918726705378429
imagewoof,data/imagewoof2-320/val/n02099601/n02099601_5322.JPEG,n02099601,207,golden retriever,jpeg,70,209,Chesapeake Bay retriever,0.2818354666233063,False,30971,29881,1.0364780295170843,41.292989349510464,0.9949561795311134
imagewoof,data/imagewoof2-320/val/n02099601/n02099601_5351.JPEG,n02099601,207,golden retriever,jpeg,70,207,golden retriever,0.4070731997489929,True,23885,23281,1.0259439027533181,43.05637678943023,0.9904399353088321
imagewoof,data/imagewoof2-320/val/n02099601/n02099601_5352.JPEG,n02099601,207,golden retriever,jpeg,70,207,golden retriever,0.3671302795410156,True,20616,20128,1.0242448330683624,42.53459225289423,0.9906294269930979
imagewoof,data/imagewoof2-320/val/n02099601/n02099601_5382.JPEG,n02099601,207,golden retriever,jpeg,70,207,golden retriever,0.1555207520723343,True,18940,18446,1.026780873902201,44.468437984791784,0.9923061274491743
imagewoof,data/imagewoof2-320/val/n02099601/n02099601_541.JPEG,n02099601,207,golden retriever,jpeg,70,225,malinois,0.2803303897380829,False,27851,27046,1.0297641055978703,41.77474507136429,0.9888550955297349
imagewoof,data/imagewoof2-320/val/n02099601/n02099601_5442.JPEG,n02099601,207,golden retriever,jpeg,70,207,golden retriever,0.19978028535842896,True,13510,13200,1.0234848484848484,45.670801944860045,0.9926222529833252
imagewoof,data/imagewoof2-320/val/n02099601/n02099601_5452.JPEG,n02099601,207,golden retriever,jpeg,70,207,golden retriever,0.17877036333084106,True,23946,23303,1.0275930137750504,43.07973536935318,0.9879289013595011
imagewoof,data/imagewoof2-320/val/n02099601/n02099601_5470.JPEG,n02099601,207,golden retriever,jpeg,70,207,golden retriever,0.3794040083885193,True,33181,32290,1.027593682254568,40.41593470235789,0.990981193471644
imagewoof,data/imagewoof2-320/val/n02099601/n02099601_5512.JPEG,n02099601,207,golden retriever,jpeg,70,207,golden retriever,0.333702951669693,True,31446,30531,1.0299695391569226,40.9389639110169,0.9916648314192323
imagewoof,data/imagewoof2-320/val/n02099601/n02099601_552.JPEG,n02099601,207,golden retriever,jpeg,70,207,golden retriever,0.4311641752719879,True,21903,21252,1.0306324110671936,43.17832418265311,0.9917751954595956
imagewoof,data/imagewoof2-320/val/n02099601/n02099601_5531.JPEG,n02099601,207,golden retriever,jpeg,70,207,golden retriever,0.5357642769813538,True,27317,26607,1.026684707031984,43.16994059612637,0.9928707640070904
imagewoof,data/imagewoof2-320/val/n02099601/n02099601_5560.JPEG,n02099601,207,golden retriever,jpeg,70,232,Border collie,0.11337251961231232,False,21062,20510,1.0269137006338371,44.49004573397718,0.991374785778517
imagewoof,data/imagewoof2-320/val/n02099601/n02099601_5591.JPEG,n02099601,207,golden retriever,jpeg,70,213,Irish setter,0.08626675605773926,False,15727,15271,1.029860519939755,44.875243837593295,0.9918734677221246
imagewoof,data/imagewoof2-320/val/n02099601/n02099601_5602.JPEG,n02099601,207,golden retriever,jpeg,70,207,golden retriever,0.26040902733802795,True,27668,26776,1.0333134149985062,41.05096430213558,0.9902348067253283
imagewoof,data/imagewoof2-320/val/n02099601/n02099601_561.JPEG,n02099601,207,golden retriever,jpeg,70,207,golden retriever,0.3401464521884918,True,25041,24154,1.0367226960337832,40.18375853385411,0.9888137066590343
imagewoof,data/imagewoof2-320/val/n02099601/n02099601_5632.JPEG,n02099601,207,golden retriever,jpeg,70,213,Irish setter,0.3140205442905426,False,23897,23228,1.02880144653005,42.07405976964317,0.9882796895385622
imagewoof,data/imagewoof2-320/val/n02099601/n02099601_5641.JPEG,n02099601,207,golden retriever,jpeg,70,207,golden retriever,0.6308117508888245,True,14246,13886,1.0259253924816363,45.93632388524896,0.9955119471708326
imagewoof,data/imagewoof2-320/val/n02099601/n02099601_5642.JPEG,n02099601,207,golden retriever,jpeg,70,163,bloodhound,0.13223855197429657,False,26386,25700,1.026692607003891,41.44982059712126,0.9911211334678255
imagewoof,data/imagewoof2-320/val/n02099601/n02099601_5682.JPEG,n02099601,207,golden retriever,jpeg,70,207,golden retriever,0.44354066252708435,True,15053,14643,1.0279997268319334,43.43790132845511,0.9936123115035089
imagewoof,data/imagewoof2-320/val/n02099601/n02099601_5690.JPEG,n02099601,207,golden retriever,jpeg,70,207,golden retriever,0.44078528881073,True,19254,18743,1.0272635117110387,44.59903581960195,0.9917570888220842
imagewoof,data/imagewoof2-320/val/n02099601/n02099601_5760.JPEG,n02099601,207,golden retriever,jpeg,70,207,golden retriever,0.380297988653183,True,15947,15568,1.0243448098663925,46.38336182946362,0.9929725364075409
imagewoof,data/imagewoof2-320/val/n02099601/n02099601_5810.JPEG,n02099601,207,golden retriever,jpeg,70,207,golden retriever,0.26818737387657166,True,23398,22689,1.0312486226805941,42.242445027987834,0.9897764831154521
imagewoof,data/imagewoof2-320/val/n02099601/n02099601_5811.JPEG,n02099601,207,golden retriever,jpeg,70,207,golden retriever,0.4112327992916107,True,27766,26961,1.0298579429546382,42.245314711559914,0.9914351673782474
imagewoof,data/imagewoof2-320/val/n02099601/n02099601_5831.JPEG,n02099601,207,golden retriever,jpeg,70,207,golden retriever,0.27186131477355957,True,19292,18768,1.027919863597613,44.269251397487,0.9872443247179206
imagewoof,data/imagewoof2-320/val/n02099601/n02099601_5852.JPEG,n02099601,207,golden retriever,jpeg,70,207,golden retriever,0.45223304629325867,True,40521,39806,1.01796211626388,39.317782240835896,0.9893747186168085
imagewoof,data/imagewoof2-320/val/n02099601/n02099601_5981.JPEG,n02099601,207,golden retriever,jpeg,70,208,Labrador retriever,0.4653937518596649,False,24323,23576,1.0316847641669495,41.29374265171911,0.9930376661776616
imagewoof,data/imagewoof2-320/val/n02099601/n02099601_600.JPEG,n02099601,207,golden retriever,jpeg,70,207,golden retriever,0.4262257218360901,True,24847,24078,1.031937868593737,41.24932813798347,0.9874688985190603
imagewoof,data/imagewoof2-320/val/n02099601/n02099601_602.JPEG,n02099601,207,golden retriever,jpeg,70,207,golden retriever,0.36972448229789734,True,31849,30769,1.0351002632519744,42.1779680128228,0.9947201157225525
imagewoof,data/imagewoof2-320/val/n02099601/n02099601_6031.JPEG,n02099601,207,golden retriever,jpeg,70,207,golden retriever,0.4385138154029846,True,23364,22648,1.0316142705757683,40.40675080825929,0.990526024010047
imagewoof,data/imagewoof2-320/val/n02099601/n02099601_6040.JPEG,n02099601,207,golden retriever,jpeg,70,160,Afghan hound,0.08611328154802322,False,31009,30138,1.0289003915322847,40.051392236529,0.9915547656119351
imagewoof,data/imagewoof2-320/val/n02099601/n02099601_6052.JPEG,n02099601,207,golden retriever,jpeg,70,207,golden retriever,0.5717465281486511,True,24769,24069,1.029083052889609,40.49048028126681,0.9890888284213514
imagewoof,data/imagewoof2-320/val/n02099601/n02099601_6061.JPEG,n02099601,207,golden retriever,jpeg,70,207,golden retriever,0.40883868932724,True,16991,16582,1.0246652997225907,45.20252297750659,0.9917745666826132
imagewoof,data/imagewoof2-320/val/n02099601/n02099601_61.JPEG,n02099601,207,golden retriever,jpeg,70,207,golden retriever,0.27351999282836914,True,17208,16810,1.0236763831052944,44.29630081544034,0.9905649461542878
imagewoof,data/imagewoof2-320/val/n02099601/n02099601_610.JPEG,n02099601,207,golden retriever,jpeg,70,207,golden retriever,0.25075605511665344,True,20395,19870,1.0264217413185708,43.93806247714025,0.9904704100436638
imagewoof,data/imagewoof2-320/val/n02099601/n02099601_611.JPEG,n02099601,207,golden retriever,jpeg,70,207,golden retriever,0.39664706587791443,True,23793,23118,1.0291980275110304,40.95139407481152,0.9898340145458947
imagewoof,data/imagewoof2-320/val/n02099601/n02099601_62.JPEG,n02099601,207,golden retriever,jpeg,70,207,golden retriever,0.24321937561035156,True,44792,43107,1.0390887790846035,35.64038482112854,0.9882721541726395
imagewoof,data/imagewoof2-320/val/n02099601/n02099601_6262.JPEG,n02099601,207,golden retriever,jpeg,70,207,golden retriever,0.428141713142395,True,11080,10749,1.0307935621918318,45.884203602947764,0.9921765620983716
imagewoof,data/imagewoof2-320/val/n02099601/n02099601_6272.JPEG,n02099601,207,golden retriever,jpeg,70,207,golden retriever,0.36534765362739563,True,20274,19754,1.0263237825250582,43.84000668781499,0.9896856273734221
imagewoof,data/imagewoof2-320/val/n02099601/n02099601_6331.JPEG,n02099601,207,golden retriever,jpeg,70,207,golden retriever,0.33579421043395996,True,26123,25420,1.0276553894571203,41.101293212839664,0.99146491418913
imagewoof,data/imagewoof2-320/val/n02099601/n02099601_6362.JPEG,n02099601,207,golden retriever,jpeg,70,207,golden retriever,0.44827404618263245,True,28366,27427,1.0342363364567762,40.03431418791895,0.9904783457555716
imagewoof,data/imagewoof2-320/val/n02099601/n02099601_6381.JPEG,n02099601,207,golden retriever,jpeg,70,207,golden retriever,0.2173539251089096,True,13216,12810,1.0316939890710382,46.3547353407722,0.9927752680107319
imagewoof,data/imagewoof2-320/val/n02099601/n02099601_6412.JPEG,n02099601,207,golden retriever,jpeg,70,207,golden retriever,0.2708050608634949,True,25154,24445,1.029003886275312,42.89877735881194,0.9912174294702457
imagewoof,data/imagewoof2-320/val/n02099601/n02099601_6422.JPEG,n02099601,207,golden retriever,jpeg,70,207,golden retriever,0.11261674761772156,True,16696,16265,1.0264986166615433,45.36369029526477,0.9858909097966002
imagewoof,data/imagewoof2-320/val/n02099601/n02099601_6471.JPEG,n02099601,207,golden retriever,jpeg,70,207,golden retriever,0.2007552832365036,True,33055,32140,1.0284691972619788,41.51000824182796,0.9923558895824423
imagewoof,data/imagewoof2-320/val/n02099601/n02099601_651.JPEG,n02099601,207,golden retriever,jpeg,70,207,golden retriever,0.41817277669906616,True,25665,24952,1.0285748637383776,42.13233524631008,0.9901556630902576
imagewoof,data/imagewoof2-320/val/n02099601/n02099601_6611.JPEG,n02099601,207,golden retriever,jpeg,70,208,Labrador retriever,0.07376772165298462,False,11179,10928,1.0229685212298683,46.14106644722846,0.9937989470584082
imagewoof,data/imagewoof2-320/val/n02099601/n02099601_6630.JPEG,n02099601,207,golden retriever,jpeg,70,207,golden retriever,0.49741318821907043,True,38521,37576,1.0251490312965723,39.63909235363597,0.9904276076575101
imagewoof,data/imagewoof2-320/val/n02099601/n02099601_6680.JPEG,n02099601,207,golden retriever,jpeg,70,207,golden retriever,0.46343451738357544,True,20908,20317,1.0290889402963035,43.3728142601766,0.9924295396617427
imagewoof,data/imagewoof2-320/val/n02099601/n02099601_6700.JPEG,n02099601,207,golden retriever,jpeg,70,207,golden retriever,0.3611987233161926,True,29136,28384,1.0264937993235626,40.01529129901802,0.9921421791113684
imagewoof,data/imagewoof2-320/val/n02099601/n02099601_6711.JPEG,n02099601,207,golden retriever,jpeg,70,207,golden retriever,0.21572311222553253,True,20270,20597,0.984123901539059,45.363104901982545,0.9956219722747671
imagewoof,data/imagewoof2-320/val/n02099601/n02099601_6752.JPEG,n02099601,207,golden retriever,jpeg,70,207,golden retriever,0.4582957625389099,True,51466,49520,1.039297253634895,37.13677282736568,0.9918299960770259
imagewoof,data/imagewoof2-320/val/n02099601/n02099601_6772.JPEG,n02099601,207,golden retriever,jpeg,70,207,golden retriever,0.5395485162734985,True,24959,24214,1.030767324688197,43.66678426359695,0.9918617726677997
imagewoof,data/imagewoof2-320/val/n02099601/n02099601_6820.JPEG,n02099601,207,golden retriever,jpeg,70,207,golden retriever,0.41769182682037354,True,36011,35091,1.0262175486592005,40.66806919861556,0.9901338054000101
imagewoof,data/imagewoof2-320/val/n02099601/n02099601_6840.JPEG,n02099601,207,golden retriever,jpeg,70,207,golden retriever,0.5567371249198914,True,47047,45772,1.0278554574849252,37.702407475272835,0.989089107466843
imagewoof,data/imagewoof2-320/val/n02099601/n02099601_6961.JPEG,n02099601,207,golden retriever,jpeg,70,207,golden retriever,0.47140219807624817,True,13498,13114,1.0292816836968126,44.460017966757064,0.9905936626330187
imagewoof,data/imagewoof2-320/val/n02099601/n02099601_6980.JPEG,n02099601,207,golden retriever,jpeg,70,207,golden retriever,0.3393867015838623,True,25296,24600,1.0282926829268293,43.33214697529277,0.9916381010450097
imagewoof,data/imagewoof2-320/val/n02099601/n02099601_70.JPEG,n02099601,207,golden retriever,jpeg,70,207,golden retriever,0.30858665704727173,True,24545,23911,1.0265149930994104,41.99047608510788,0.9911673581914867
imagewoof,data/imagewoof2-320/val/n02099601/n02099601_7041.JPEG,n02099601,207,golden retriever,jpeg,70,207,golden retriever,0.4371590316295624,True,16980,16513,1.028280748501181,44.80523374033116,0.991883514609468
imagewoof,data/imagewoof2-320/val/n02099601/n02099601_7101.JPEG,n02099601,207,golden retriever,jpeg,70,207,golden retriever,0.35143086314201355,True,39639,38254,1.036205364144926,38.72099181149205,0.9931612910059741
imagewoof,data/imagewoof2-320/val/n02099601/n02099601_7181.JPEG,n02099601,207,golden retriever,jpeg,70,207,golden retriever,0.4738360643386841,True,33623,32576,1.0321402259332024,40.53589949276389,0.9920722155619668
imagewoof,data/imagewoof2-320/val/n02099601/n02099601_72.JPEG,n02099601,207,golden retriever,jpeg,70,207,golden retriever,0.2453702986240387,True,21262,20517,1.0363113515621192,44.123128247393595,0.9943731704268458
imagewoof,data/imagewoof2-320/val/n02099601/n02099601_7220.JPEG,n02099601,207,golden retriever,jpeg,70,207,golden retriever,0.43158096075057983,True,24843,24115,1.030188679245283,43.19445744236649,0.9931921491369203
imagewoof,data/imagewoof2-320/val/n02099601/n02099601_7222.JPEG,n02099601,207,golden retriever,jpeg,70,207,golden retriever,0.36194056272506714,True,35268,34238,1.0300835329166422,38.08686864687065,0.9893319150156934
imagewoof,data/imagewoof2-320/val/n02099601/n02099601_7242.JPEG,n02099601,207,golden retriever,jpeg,70,207,golden retriever,0.33182936906814575,True,23205,22626,1.0255900291699815,43.862087146999386,0.9910229363394949
imagewoof,data/imagewoof2-320/val/n02099601/n02099601_7312.JPEG,n02099601,207,golden retriever,jpeg,70,207,golden retriever,0.3847314119338989,True,20803,20245,1.027562361076809,44.153089002048375,0.9886610978346124
imagewoof,data/imagewoof2-320/val/n02099601/n02099601_732.JPEG,n02099601,207,golden retriever,jpeg,70,207,golden retriever,0.4437962472438812,True,29517,28598,1.0321351143436603,41.31200248273216,0.9921068268513102
imagewoof,data/imagewoof2-320/val/n02099601/n02099601_7320.JPEG,n02099601,207,golden retriever,jpeg,70,207,golden retriever,0.28748011589050293,True,23485,22849,1.0278349161888922,41.53894259024995,0.9912560524667157
imagewoof,data/imagewoof2-320/val/n02099601/n02099601_7382.JPEG,n02099601,207,golden retriever,jpeg,70,207,golden retriever,0.21929194033145905,True,25569,24851,1.0288921974970826,41.83271493156206,0.9895738205966423
imagewoof,data/imagewoof2-320/val/n02099601/n02099601_7392.JPEG,n02099601,207,golden retriever,jpeg,70,207,golden retriever,0.3685663640499115,True,26158,25426,1.0287894281444192,42.020158565419656,0.990538706577877
imagewoof,data/imagewoof2-320/val/n02099601/n02099601_740.JPEG,n02099601,207,golden retriever,jpeg,70,207,golden retriever,0.3132098615169525,True,18082,17605,1.0270945754047145,45.008379658081765,0.9892702856122981
imagewoof,data/imagewoof2-320/val/n02099601/n02099601_7432.JPEG,n02099601,207,golden retriever,jpeg,70,257,Great Pyrenees,0.2074001431465149,False,22982,22356,1.0280014313830739,43.49729120935465,0.9916613956555107
imagewoof,data/imagewoof2-320/val/n02099601/n02099601_7532.JPEG,n02099601,207,golden retriever,jpeg,70,207,golden retriever,0.38977277278900146,True,19116,18660,1.0244372990353698,43.88204275827778,0.9866300173309553
imagewoof,data/imagewoof2-320/val/n02099601/n02099601_7572.JPEG,n02099601,207,golden retriever,jpeg,70,207,golden retriever,0.4131982624530792,True,23546,22836,1.0310912594149588,43.16219825139383,0.9907426711131161
imagewoof,data/imagewoof2-320/val/n02099601/n02099601_7601.JPEG,n02099601,207,golden retriever,jpeg,70,207,golden retriever,0.19168590009212494,True,19271,18771,1.0266368334132439,44.15758421072379,0.9925612742061377
imagewoof,data/imagewoof2-320/val/n02099601/n02099601_7692.JPEG,n02099601,207,golden retriever,jpeg,70,207,golden retriever,0.3309509754180908,True,23049,22459,1.0262700921679504,43.18827905021156,0.9890360479601673
imagewoof,data/imagewoof2-320/val/n02099601/n02099601_7740.JPEG,n02099601,207,golden retriever,jpeg,70,207,golden retriever,0.2909400761127472,True,16034,15565,1.0301317057500803,44.272541165928416,0.9911332576355921
imagewoof,data/imagewoof2-320/val/n02099601/n02099601_7771.JPEG,n02099601,207,golden retriever,jpeg,70,207,golden retriever,0.35717445611953735,True,15621,15199,1.0277649845384564,46.837873078347904,0.9927531878800656
imagewoof,data/imagewoof2-320/val/n02099601/n02099601_7780.JPEG,n02099601,207,golden retriever,jpeg,70,207,golden retriever,0.4217548668384552,True,28660,27985,1.0241200643201716,42.0052086634862,0.9907545067548491
imagewoof,data/imagewoof2-320/val/n02099601/n02099601_7801.JPEG,n02099601,207,golden retriever,jpeg,70,207,golden retriever,0.4662649929523468,True,19405,19000,1.0213157894736842,44.591879362994156,0.9916205539815998
imagewoof,data/imagewoof2-320/val/n02099601/n02099601_7810.JPEG,n02099601,207,golden retriever,jpeg,70,207,golden retriever,0.22692307829856873,True,13762,13430,1.0247207743857036,46.66097530356802,0.9916757132882497
imagewoof,data/imagewoof2-320/val/n02099601/n02099601_7811.JPEG,n02099601,207,golden retriever,jpeg,70,207,golden retriever,0.3173815906047821,True,18817,18232,1.0320864414216762,43.69141254439004,0.9929269817389037
imagewoof,data/imagewoof2-320/val/n02099601/n02099601_7841.JPEG,n02099601,207,golden retriever,jpeg,70,208,Labrador retriever,0.23381851613521576,False,22433,21939,1.02251697889603,44.05914485927365,0.9918236869095353
imagewoof,data/imagewoof2-320/val/n02099601/n02099601_7930.JPEG,n02099601,207,golden retriever,jpeg,70,222,kuvasz,0.07805528491735458,False,22733,22070,1.0300407793384685,41.75481856423665,0.989186340518652
imagewoof,data/imagewoof2-320/val/n02099601/n02099601_7942.JPEG,n02099601,207,golden retriever,jpeg,70,207,golden retriever,0.6007985472679138,True,27263,26492,1.0291031254718406,41.4592074184572,0.9912381781468181
imagewoof,data/imagewoof2-320/val/n02099601/n02099601_8181.JPEG,n02099601,207,golden retriever,jpeg,70,207,golden retriever,0.41671451926231384,True,34412,33443,1.0289746733247616,41.392310969444694,0.9910714867055802
imagewoof,data/imagewoof2-320/val/n02099601/n02099601_82.JPEG,n02099601,207,golden retriever,jpeg,70,208,Labrador retriever,0.2031709998846054,False,32090,31155,1.0300112341518215,40.04704231023605,0.9912093581904499
imagewoof,data/imagewoof2-320/val/n02099601/n02099601_8292.JPEG,n02099601,207,golden retriever,jpeg,70,207,golden retriever,0.19738471508026123,True,27776,27077,1.0258152675702625,42.73855489696119,0.9912821397380495
imagewoof,data/imagewoof2-320/val/n02099601/n02099601_830.JPEG,n02099601,207,golden retriever,jpeg,70,207,golden retriever,0.38862213492393494,True,14126,13690,1.0318480642804968,44.65401027439648,0.9922965118571273
imagewoof,data/imagewoof2-320/val/n02099601/n02099601_831.JPEG,n02099601,207,golden retriever,jpeg,70,207,golden retriever,0.3625146746635437,True,24925,24344,1.023866250410779,44.12718161646045,0.9926988635095085
imagewoof,data/imagewoof2-320/val/n02099601/n02099601_8380.JPEG,n02099601,207,golden retriever,jpeg,70,207,golden retriever,0.42714133858680725,True,12668,12376,1.0235940530058176,46.427361739097975,0.9924628389351158
imagewoof,data/imagewoof2-320/val/n02099601/n02099601_8420.JPEG,n02099601,207,golden retriever,jpeg,70,207,golden retriever,0.3076449930667877,True,35681,34692,1.0285080133748414,40.649946722472386,0.9920437961253876
imagewoof,data/imagewoof2-320/val/n02099601/n02099601_8440.JPEG,n02099601,207,golden retriever,jpeg,70,207,golden retriever,0.2494034767150879,True,18974,18414,1.0304116433148691,45.355235060073795,0.9921973091247693
imagewoof,data/imagewoof2-320/val/n02099601/n02099601_8521.JPEG,n02099601,207,golden retriever,jpeg,70,207,golden retriever,0.4738399088382721,True,23892,23176,1.0308940283051433,41.69251244188577,0.99258007321003
imagewoof,data/imagewoof2-320/val/n02099601/n02099601_8560.JPEG,n02099601,207,golden retriever,jpeg,70,207,golden retriever,0.4384298324584961,True,30011,29174,1.0286899293891822,41.440039520071934,0.9911001769027928
imagewoof,data/imagewoof2-320/val/n02099601/n02099601_862.JPEG,n02099601,207,golden retriever,jpeg,70,207,golden retriever,0.4372435212135315,True,23728,23251,1.0205152466560579,43.23133703943916,0.9902513669408538
imagewoof,data/imagewoof2-320/val/n02099601/n02099601_8631.JPEG,n02099601,207,golden retriever,jpeg,70,207,golden retriever,0.4138556718826294,True,28931,28140,1.0281094527363184,42.290948498233305,0.9910855199022821
imagewoof,data/imagewoof2-320/val/n02099601/n02099601_8642.JPEG,n02099601,207,golden retriever,jpeg,70,207,golden retriever,0.630966067314148,True,37379,35946,1.0398653535859343,37.54705582629406,0.9860578455590128
imagewoof,data/imagewoof2-320/val/n02099601/n02099601_8671.JPEG,n02099601,207,golden retriever,jpeg,70,207,golden retriever,0.5958282947540283,True,21891,21436,1.021225974995335,42.56017168568752,0.9887833734450356
imagewoof,data/imagewoof2-320/val/n02099601/n02099601_870.JPEG,n02099601,207,golden retriever,jpeg,70,207,golden retriever,0.40337783098220825,True,19767,19172,1.0310348424786147,44.390394489926365,0.9900932742425314
imagewoof,data/imagewoof2-320/val/n02099601/n02099601_8760.JPEG,n02099601,207,golden retriever,jpeg,70,207,golden retriever,0.33796900510787964,True,25734,25103,1.025136437875951,43.823985094449654,0.9906523454641696
imagewoof,data/imagewoof2-320/val/n02099601/n02099601_8772.JPEG,n02099601,207,golden retriever,jpeg,70,207,golden retriever,0.23529548943042755,True,21923,21372,1.0257813962193525,41.5238440298623,0.9918688108983894
imagewoof,data/imagewoof2-320/val/n02099601/n02099601_8842.JPEG,n02099601,207,golden retriever,jpeg,70,207,golden retriever,0.442069947719574,True,33315,32515,1.024604028909734,41.03256126736409,0.9915469710304002
imagewoof,data/imagewoof2-320/val/n02099601/n02099601_8850.JPEG,n02099601,207,golden retriever,jpeg,70,207,golden retriever,0.6365121603012085,True,22321,21727,1.0273392553044598,43.706274599338535,0.992823025154542
imagewoof,data/imagewoof2-320/val/n02099601/n02099601_8851.JPEG,n02099601,207,golden retriever,jpeg,70,207,golden retriever,0.35861992835998535,True,18141,17716,1.0239896139083315,44.076301694505545,0.9899675675256828
imagewoof,data/imagewoof2-320/val/n02099601/n02099601_8930.JPEG,n02099601,207,golden retriever,jpeg,70,207,golden retriever,0.3073553144931793,True,28382,27548,1.0302744300856685,41.8776846352906,0.9913813771935058
imagewoof,data/imagewoof2-320/val/n02099601/n02099601_8990.JPEG,n02099601,207,golden retriever,jpeg,70,207,golden retriever,0.3297558128833771,True,23015,22441,1.0255781827904282,43.82515379421224,0.9886602846759884
imagewoof,data/imagewoof2-320/val/n02099601/n02099601_911.JPEG,n02099601,207,golden retriever,jpeg,70,207,golden retriever,0.32812249660491943,True,20755,20122,1.0314581055561078,44.2079936605212,0.993712904768946
imagewoof,data/imagewoof2-320/val/n02099601/n02099601_9272.JPEG,n02099601,207,golden retriever,jpeg,70,207,golden retriever,0.38737645745277405,True,38913,37577,1.0355536631450089,35.447966691682566,0.989039030693842
imagewoof,data/imagewoof2-320/val/n02099601/n02099601_9301.JPEG,n02099601,207,golden retriever,jpeg,70,207,golden retriever,0.26702961325645447,True,32449,31439,1.0321257037437577,40.60777307995936,0.991513060375718
imagewoof,data/imagewoof2-320/val/n02099601/n02099601_9331.JPEG,n02099601,207,golden retriever,jpeg,70,207,golden retriever,0.36720511317253113,True,18210,17800,1.0230337078651686,45.45202007302794,0.9916854327246553
imagewoof,data/imagewoof2-320/val/n02099601/n02099601_9521.JPEG,n02099601,207,golden retriever,jpeg,70,207,golden retriever,0.438406378030777,True,22917,22222,1.0312753127531276,43.36035134277041,0.9881275751869553
imagewoof,data/imagewoof2-320/val/n02099601/n02099601_9602.JPEG,n02099601,207,golden retriever,jpeg,70,207,golden retriever,0.669082522392273,True,18602,18115,1.0268837979574938,43.40664870058439,0.9906976618828794
imagewoof,data/imagewoof2-320/val/n02099601/n02099601_9611.JPEG,n02099601,207,golden retriever,jpeg,70,207,golden retriever,0.45285481214523315,True,22493,21735,1.034874626178974,41.227450470290975,0.9892447073307867
imagewoof,data/imagewoof2-320/val/n02099601/n02099601_9681.JPEG,n02099601,207,golden retriever,jpeg,70,207,golden retriever,0.3899253308773041,True,32565,31590,1.0308641975308641,41.979979168602874,0.9925142188153399
imagewoof,data/imagewoof2-320/val/n02099601/n02099601_9701.JPEG,n02099601,207,golden retriever,jpeg,70,207,golden retriever,0.43727508187294006,True,18211,17752,1.025856241550248,43.702067006265956,0.9883656677349318
imagewoof,data/imagewoof2-320/val/n02099601/n02099601_9710.JPEG,n02099601,207,golden retriever,jpeg,70,207,golden retriever,0.3740885555744171,True,21234,20650,1.0282808716707021,44.38488512433626,0.9934829748228053
imagewoof,data/imagewoof2-320/val/n02099601/n02099601_972.JPEG,n02099601,207,golden retriever,jpeg,70,219,cocker spaniel,0.10355771332979202,False,22490,21885,1.0276445053689742,43.52933291861466,0.9912620802699083
imagewoof,data/imagewoof2-320/val/n02099601/n02099601_9742.JPEG,n02099601,207,golden retriever,jpeg,70,207,golden retriever,0.36068207025527954,True,37234,36195,1.0287056223235254,40.04087118847665,0.9914042883227846
imagewoof,data/imagewoof2-320/val/n02099601/n02099601_9791.JPEG,n02099601,207,golden retriever,jpeg,70,207,golden retriever,0.21286070346832275,True,28685,27883,1.0287630455833303,41.8967837145392,0.9939019873947262
imagewoof,data/imagewoof2-320/val/n02099601/n02099601_9800.JPEG,n02099601,207,golden retriever,jpeg,70,222,kuvasz,0.2855420410633087,False,14669,14368,1.0209493318485523,47.14285549823411,0.993240743196082
imagewoof,data/imagewoof2-320/val/n02099601/n02099601_9831.JPEG,n02099601,207,golden retriever,jpeg,70,207,golden retriever,0.38300585746765137,True,37918,36715,1.0327658994961189,39.87211405044646,0.9919988973279336
imagewoof,data/imagewoof2-320/val/n02099601/n02099601_9950.JPEG,n02099601,207,golden retriever,jpeg,70,207,golden retriever,0.34100642800331116,True,22209,21615,1.0274809160305343,43.51745668081737,0.9904215001085124
imagewoof,data/imagewoof2-320/val/n02105641/ILSVRC2012_val_00004361.JPEG,n02105641,229,Old English sheepdog,jpeg,70,229,Old English sheepdog,0.4886549115180969,True,25213,24579,1.0257943773139673,42.482349887548224,0.9916325868663702
imagewoof,data/imagewoof2-320/val/n02105641/ILSVRC2012_val_00005390.JPEG,n02105641,229,Old English sheepdog,jpeg,70,229,Old English sheepdog,0.39977219700813293,True,19699,19103,1.0311992880699365,45.24387972452515,0.992628070330167
imagewoof,data/imagewoof2-320/val/n02105641/ILSVRC2012_val_00012930.JPEG,n02105641,229,Old English sheepdog,jpeg,70,229,Old English sheepdog,0.6607991456985474,True,16144,15791,1.0223545057311128,45.41207910648155,0.9919445754975788
imagewoof,data/imagewoof2-320/val/n02105641/ILSVRC2012_val_00017560.JPEG,n02105641,229,Old English sheepdog,jpeg,70,229,Old English sheepdog,0.30060645937919617,True,28708,27853,1.0306968728682726,42.34091157159446,0.992158134676357
imagewoof,data/imagewoof2-320/val/n02105641/ILSVRC2012_val_00018762.JPEG,n02105641,229,Old English sheepdog,jpeg,70,229,Old English sheepdog,0.5632163882255554,True,25620,24792,1.0333978702807358,42.00575230654436,0.9937132914094079
imagewoof,data/imagewoof2-320/val/n02105641/ILSVRC2012_val_00030200.JPEG,n02105641,229,Old English sheepdog,jpeg,70,229,Old English sheepdog,0.5255582928657532,True,23308,22667,1.0282789958971192,43.633108630632655,0.9924002403946973
imagewoof,data/imagewoof2-320/val/n02105641/ILSVRC2012_val_00030240.JPEG,n02105641,229,Old English sheepdog,jpeg,70,229,Old English sheepdog,0.47588956356048584,True,20935,20350,1.0287469287469289,42.803946869729295,0.9896253665369544
imagewoof,data/imagewoof2-320/val/n02105641/ILSVRC2012_val_00030831.JPEG,n02105641,229,Old English sheepdog,jpeg,70,229,Old English sheepdog,0.3215528726577759,True,15595,15207,1.025514565660551,45.892240925264225,0.9925479920108938
imagewoof,data/imagewoof2-320/val/n02105641/ILSVRC2012_val_00033501.JPEG,n02105641,229,Old English sheepdog,jpeg,70,229,Old English sheepdog,0.412426620721817,True,43534,42332,1.0283945951053577,38.34838106506925,0.9915521827178698
imagewoof,data/imagewoof2-320/val/n02105641/ILSVRC2012_val_00039591.JPEG,n02105641,229,Old English sheepdog,jpeg,70,229,Old English sheepdog,0.37612009048461914,True,31650,30636,1.0330983157070113,39.66984629243717,0.9912071088803072
imagewoof,data/imagewoof2-320/val/n02105641/ILSVRC2012_val_00041351.JPEG,n02105641,229,Old English sheepdog,jpeg,70,229,Old English sheepdog,0.4568867087364197,True,41616,40327,1.031963696778833,37.51525128290518,0.9911537821224189
imagewoof,data/imagewoof2-320/val/n02105641/ILSVRC2012_val_00046310.JPEG,n02105641,229,Old English sheepdog,jpeg,70,229,Old English sheepdog,0.6255387663841248,True,39409,38134,1.0334347301620601,37.7285206892134,0.9913910071640496
imagewoof,data/imagewoof2-320/val/n02105641/ILSVRC2012_val_00047241.JPEG,n02105641,229,Old English sheepdog,jpeg,70,229,Old English sheepdog,0.3995693027973175,True,24078,23489,1.025075567286815,43.23445191538089,0.9916878482725476
imagewoof,data/imagewoof2-320/val/n02105641/n02105641_10020.JPEG,n02105641,229,Old English sheepdog,jpeg,70,229,Old English sheepdog,0.5540500283241272,True,24897,24145,1.0311451646303582,42.827573305738696,0.9882333344369635
imagewoof,data/imagewoof2-320/val/n02105641/n02105641_10031.JPEG,n02105641,229,Old English sheepdog,jpeg,70,229,Old English sheepdog,0.38087835907936096,True,17477,16996,1.0283007766533303,45.57201788231323,0.9923144675283014
imagewoof,data/imagewoof2-320/val/n02105641/n02105641_10051.JPEG,n02105641,229,Old English sheepdog,jpeg,70,229,Old English sheepdog,0.6458423733711243,True,28277,27499,1.0282919378886506,41.800680417281335,0.9919188672595655
imagewoof,data/imagewoof2-320/val/n02105641/n02105641_10100.JPEG,n02105641,229,Old English sheepdog,jpeg,70,229,Old English sheepdog,0.6917566657066345,True,25309,24715,1.02403398745701,42.80291913659739,0.9913723684137626
imagewoof,data/imagewoof2-320/val/n02105641/n02105641_10150.JPEG,n02105641,229,Old English sheepdog,jpeg,70,229,Old English sheepdog,0.662419855594635,True,22721,22112,1.0275416063675833,43.78793522215591,0.9914422805820114
imagewoof,data/imagewoof2-320/val/n02105641/n02105641_10151.JPEG,n02105641,229,Old English sheepdog,jpeg,70,229,Old English sheepdog,0.3810341954231262,True,47721,46141,1.0342428642638868,36.67279984038122,0.9923499743282402
imagewoof,data/imagewoof2-320/val/n02105641/n02105641_10180.JPEG,n02105641,229,Old English sheepdog,jpeg,70,229,Old English sheepdog,0.3386387825012207,True,16755,16278,1.0293033542204202,45.74862292953841,0.9925626692024935
imagewoof,data/imagewoof2-320/val/n02105641/n02105641_10241.JPEG,n02105641,229,Old English sheepdog,jpeg,70,229,Old English sheepdog,0.49462106823921204,True,23440,22822,1.0270791341687846,41.28928759717441,0.9890869939175925
imagewoof,data/imagewoof2-320/val/n02105641/n02105641_10271.JPEG,n02105641,229,Old English sheepdog,jpeg,70,229,Old English sheepdog,0.6396442651748657,True,32214,31358,1.0272976592894956,39.487602897538885,0.9901299066796755
imagewoof,data/imagewoof2-320/val/n02105641/n02105641_10280.JPEG,n02105641,229,Old English sheepdog,jpeg,70,229,Old English sheepdog,0.3571830987930298,True,29264,28351,1.0322034496137702,42.631353750156194,0.9925346236963805
imagewoof,data/imagewoof2-320/val/n02105641/n02105641_10300.JPEG,n02105641,229,Old English sheepdog,jpeg,70,229,Old English sheepdog,0.6548376679420471,True,26258,25421,1.0329255340073167,41.37422018674649,0.9931518805803176
imagewoof,data/imagewoof2-320/val/n02105641/n02105641_10302.JPEG,n02105641,229,Old English sheepdog,jpeg,70,229,Old English sheepdog,0.5838263034820557,True,20324,19747,1.0292196282979693,45.55460299633148,0.9931782243134589
imagewoof,data/imagewoof2-320/val/n02105641/n02105641_10312.JPEG,n02105641,229,Old English sheepdog,jpeg,70,229,Old English sheepdog,0.35579878091812134,True,27533,26685,1.0317781525201424,42.21864656680366,0.9903245622727924
imagewoof,data/imagewoof2-320/val/n02105641/n02105641_10330.JPEG,n02105641,229,Old English sheepdog,jpeg,70,229,Old English sheepdog,0.48349374532699585,True,23378,22623,1.0333731158555453,43.748400926070346,0.9927422801832534
imagewoof,data/imagewoof2-320/val/n02105641/n02105641_10341.JPEG,n02105641,229,Old English sheepdog,jpeg,70,229,Old English sheepdog,0.4346104860305786,True,16283,15878,1.0255069908048873,45.81468602287622,0.9927811291460297
imagewoof,data/imagewoof2-320/val/n02105641/n02105641_10372.JPEG,n02105641,229,Old English sheepdog,jpeg,70,229,Old English sheepdog,0.367053359746933,True,16146,15723,1.026903262736119,44.732517392969186,0.9892779311142522
imagewoof,data/imagewoof2-320/val/n02105641/n02105641_10380.JPEG,n02105641,229,Old English sheepdog,jpeg,70,229,Old English sheepdog,0.48447829484939575,True,30266,29526,1.0250626566416041,41.36429809802301,0.9919399616620885
imagewoof,data/imagewoof2-320/val/n02105641/n02105641_1042.JPEG,n02105641,229,Old English sheepdog,jpeg,70,228,komondor,0.07768352329730988,False,26277,25524,1.029501645510108,44.21685821300491,0.9929610498759827
imagewoof,data/imagewoof2-320/val/n02105641/n02105641_10600.JPEG,n02105641,229,Old English sheepdog,jpeg,70,200,Tibetan terrier,0.2863616347312927,False,15320,14904,1.0279119699409554,45.21851559580978,0.9904897049385917
imagewoof,data/imagewoof2-320/val/n02105641/n02105641_10660.JPEG,n02105641,229,Old English sheepdog,jpeg,70,229,Old English sheepdog,0.42420288920402527,True,18964,18367,1.0325039472967823,42.48870443434757,0.9926590649716527
imagewoof,data/imagewoof2-320/val/n02105641/n02105641_10670.JPEG,n02105641,229,Old English sheepdog,jpeg,70,229,Old English sheepdog,0.3939153552055359,True,25229,24524,1.0287473495351493,41.59521742349813,0.9907753843055045
imagewoof,data/imagewoof2-320/val/n02105641/n02105641_10672.JPEG,n02105641,229,Old English sheepdog,jpeg,70,229,Old English sheepdog,0.5543296337127686,True,26223,25535,1.0269434110045037,42.70018703203627,0.974438014133078
imagewoof,data/imagewoof2-320/val/n02105641/n02105641_10692.JPEG,n02105641,229,Old English sheepdog,jpeg,70,229,Old English sheepdog,0.5048683881759644,True,29588,28692,1.0312282169245783,41.467749135675795,0.9924829968369346
imagewoof,data/imagewoof2-320/val/n02105641/n02105641_10732.JPEG,n02105641,229,Old English sheepdog,jpeg,70,229,Old English sheepdog,0.36312830448150635,True,30116,29180,1.032076764907471,37.89246530684783,0.9906795607520779
imagewoof,data/imagewoof2-320/val/n02105641/n02105641_10741.JPEG,n02105641,229,Old English sheepdog,jpeg,70,229,Old English sheepdog,0.5365135073661804,True,21593,21048,1.0258931965032307,42.66530888947884,0.9929342859670429
imagewoof,data/imagewoof2-320/val/n02105641/n02105641_10760.JPEG,n02105641,229,Old English sheepdog,jpeg,70,229,Old English sheepdog,0.09253525733947754,True,24376,23706,1.0282628870328188,42.46213287422839,0.9907881991661056
imagewoof,data/imagewoof2-320/val/n02105641/n02105641_10800.JPEG,n02105641,229,Old English sheepdog,jpeg,70,229,Old English sheepdog,0.6650040745735168,True,19927,19307,1.0321127052364427,41.35898390936124,0.9897076661598886
imagewoof,data/imagewoof2-320/val/n02105641/n02105641_10861.JPEG,n02105641,229,Old English sheepdog,jpeg,70,229,Old English sheepdog,0.6629099249839783,True,17086,16695,1.0234201856843366,45.77803396905046,0.9928755183583712
imagewoof,data/imagewoof2-320/val/n02105641/n02105641_10931.JPEG,n02105641,229,Old English sheepdog,jpeg,70,229,Old English sheepdog,0.5228732824325562,True,18606,18082,1.0289790952328282,42.95497908223598,0.9920289619918962
imagewoof,data/imagewoof2-320/val/n02105641/n02105641_10942.JPEG,n02105641,229,Old English sheepdog,jpeg,70,229,Old English sheepdog,0.7432745099067688,True,30243,29482,1.0258123600841191,43.2763723858386,0.991318254320495
imagewoof,data/imagewoof2-320/val/n02105641/n02105641_1102.JPEG,n02105641,229,Old English sheepdog,jpeg,70,180,American Staffordshire terrier,0.07665305584669113,False,58463,56390,1.0367618372051781,34.699047806603076,0.9884089711005664
imagewoof,data/imagewoof2-320/val/n02105641/n02105641_11020.JPEG,n02105641,229,Old English sheepdog,jpeg,70,229,Old English sheepdog,0.21439412236213684,True,15480,15822,0.9783845278725825,46.12176688356412,0.9951595886669292
imagewoof,data/imagewoof2-320/val/n02105641/n02105641_11051.JPEG,n02105641,229,Old English sheepdog,jpeg,70,229,Old English sheepdog,0.533909261226654,True,13527,13211,1.0239194610551814,44.768697162767445,0.9945576674411241
imagewoof,data/imagewoof2-320/val/n02105641/n02105641_11062.JPEG,n02105641,229,Old English sheepdog,jpeg,70,229,Old English sheepdog,0.352562814950943,True,17328,16963,1.0215174202676414,45.650672318498536,0.9922489432576085
imagewoof,data/imagewoof2-320/val/n02105641/n02105641_11132.JPEG,n02105641,229,Old English sheepdog,jpeg,70,229,Old English sheepdog,0.35965317487716675,True,23688,23050,1.0276789587852495,41.15504047043962,0.9939967166645824
imagewoof,data/imagewoof2-320/val/n02105641/n02105641_11190.JPEG,n02105641,229,Old English sheepdog,jpeg,70,229,Old English sheepdog,0.486684113740921,True,24160,23477,1.0290923031051669,43.46320325965359,0.9923186422052753
imagewoof,data/imagewoof2-320/val/n02105641/n02105641_1120.JPEG,n02105641,229,Old English sheepdog,jpeg,70,229,Old English sheepdog,0.5393451452255249,True,17935,17566,1.0210064898098599,45.93027916739225,0.9935323614407876
imagewoof,data/imagewoof2-320/val/n02105641/n02105641_11261.JPEG,n02105641,229,Old English sheepdog,jpeg,70,229,Old English sheepdog,0.446799635887146,True,21182,20642,1.0261602557891678,43.182683181147745,0.9910786079826873
imagewoof,data/imagewoof2-320/val/n02105641/n02105641_11351.JPEG,n02105641,229,Old English sheepdog,jpeg,70,229,Old English sheepdog,0.49117258191108704,True,17412,16995,1.0245366284201236,45.394600573655815,0.9952490591557049
imagewoof,data/imagewoof2-320/val/n02105641/n02105641_11432.JPEG,n02105641,229,Old English sheepdog,jpeg,70,229,Old English sheepdog,0.2846997380256653,True,27444,26499,1.03566172308389,43.00858071325444,0.9943108767674467
imagewoof,data/imagewoof2-320/val/n02105641/n02105641_11471.JPEG,n02105641,229,Old English sheepdog,jpeg,70,229,Old English sheepdog,0.4484187364578247,True,17647,17288,1.0207658491439149,45.59512675094468,0.9927127775032184
imagewoof,data/imagewoof2-320/val/n02105641/n02105641_11571.JPEG,n02105641,229,Old English sheepdog,jpeg,70,229,Old English sheepdog,0.40712639689445496,True,24165,23471,1.0295684035618422,42.42595146864807,0.991561613784207
imagewoof,data/imagewoof2-320/val/n02105641/n02105641_11591.JPEG,n02105641,229,Old English sheepdog,jpeg,70,229,Old English sheepdog,0.3482449948787689,True,16494,16078,1.0258738649085708,45.10713837719479,0.9890878444099399
imagewoof,data/imagewoof2-320/val/n02105641/n02105641_11602.JPEG,n02105641,229,Old English sheepdog,jpeg,70,229,Old English sheepdog,0.823469340801239,True,17227,16754,1.02823206398472,42.83320155426695,0.9932369410256469
imagewoof,data/imagewoof2-320/val/n02105641/n02105641_11611.JPEG,n02105641,229,Old English sheepdog,jpeg,70,229,Old English sheepdog,0.41896891593933105,True,14764,14373,1.0272037848744173,45.82934956030567,0.9922183190730046
imagewoof,data/imagewoof2-320/val/n02105641/n02105641_11651.JPEG,n02105641,229,Old English sheepdog,jpeg,70,229,Old English sheepdog,0.3879908323287964,True,15865,15524,1.0219659881473846,45.76063540901017,0.9919607772723729
imagewoof,data/imagewoof2-320/val/n02105641/n02105641_11700.JPEG,n02105641,229,Old English sheepdog,jpeg,70,229,Old English sheepdog,0.4772944748401642,True,22061,21540,1.0241875580315691,44.813346274945395,0.9919226623153189
imagewoof,data/imagewoof2-320/val/n02105641/n02105641_1172.JPEG,n02105641,229,Old English sheepdog,jpeg,70,229,Old English sheepdog,0.7031902074813843,True,21528,20825,1.0337575030012005,44.59360764215263,0.9926621800593618
imagewoof,data/imagewoof2-320/val/n02105641/n02105641_11860.JPEG,n02105641,229,Old English sheepdog,jpeg,70,229,Old English sheepdog,0.48987042903900146,True,18718,18239,1.0262624047371018,41.9496832094785,0.9906822766421182
imagewoof,data/imagewoof2-320/val/n02105641/n02105641_11861.JPEG,n02105641,229,Old English sheepdog,jpeg,70,229,Old English sheepdog,0.40115782618522644,True,25773,24925,1.0340220661985957,41.030688824758066,0.993668401729256
imagewoof,data/imagewoof2-320/val/n02105641/n02105641_11951.JPEG,n02105641,229,Old English sheepdog,jpeg,70,229,Old English sheepdog,0.5237283110618591,True,16260,15933,1.0205234419130107,45.15392935098322,0.9892809125517031
imagewoof,data/imagewoof2-320/val/n02105641/n02105641_11972.JPEG,n02105641,229,Old English sheepdog,jpeg,70,229,Old English sheepdog,0.3651551604270935,True,21712,21023,1.0327736288826523,42.637052979633516,0.9937099518504512
imagewoof,data/imagewoof2-320/val/n02105641/n02105641_1200.JPEG,n02105641,229,Old English sheepdog,jpeg,70,229,Old English sheepdog,0.3021512031555176,True,19410,18859,1.02921681955565,43.656894448440376,0.9925893865809313
imagewoof,data/imagewoof2-320/val/n02105641/n02105641_12000.JPEG,n02105641,229,Old English sheepdog,jpeg,70,229,Old English sheepdog,0.3926149308681488,True,14189,13773,1.0302040223625935,44.27392646073984,0.9922953694618172
imagewoof,data/imagewoof2-320/val/n02105641/n02105641_12001.JPEG,n02105641,229,Old English sheepdog,jpeg,70,229,Old English sheepdog,0.5389757752418518,True,23039,22428,1.0272427322989122,42.8554034102628,0.9909663931495049
imagewoof,data/imagewoof2-320/val/n02105641/n02105641_12010.JPEG,n02105641,229,Old English sheepdog,jpeg,70,229,Old English sheepdog,0.4379357695579529,True,13771,13461,1.0230294926082757,46.2457700200554,0.9933537813909007
imagewoof,data/imagewoof2-320/val/n02105641/n02105641_1212.JPEG,n02105641,229,Old English sheepdog,jpeg,70,229,Old English sheepdog,0.3757748603820801,True,24701,24129,1.0237059140453397,42.87574170696949,0.9916159074095902
imagewoof,data/imagewoof2-320/val/n02105641/n02105641_12162.JPEG,n02105641,229,Old English sheepdog,jpeg,70,229,Old English sheepdog,0.3835446834564209,True,20755,20193,1.0278314267320359,43.84972037109822,0.9908262859253073
imagewoof,data/imagewoof2-320/val/n02105641/n02105641_12181.JPEG,n02105641,229,Old English sheepdog,jpeg,70,229,Old English sheepdog,0.5578950643539429,True,14246,13908,1.0243025596778832,44.485237029025264,0.9932303970807284
imagewoof,data/imagewoof2-320/val/n02105641/n02105641_12221.JPEG,n02105641,229,Old English sheepdog,jpeg,70,229,Old English sheepdog,0.33168384432792664,True,22087,21460,1.0292171481826655,42.90545185614093,0.9907309544103335
imagewoof,data/imagewoof2-320/val/n02105641/n02105641_12240.JPEG,n02105641,229,Old English sheepdog,jpeg,70,229,Old English sheepdog,0.6451300382614136,True,22237,21472,1.0356277943368106,42.40534236915647,0.9905189580953203
imagewoof,data/imagewoof2-320/val/n02105641/n02105641_12250.JPEG,n02105641,229,Old English sheepdog,jpeg,70,229,Old English sheepdog,0.5090665221214294,True,27207,26394,1.0308024551034325,42.247387765811425,0.9921155146222868
imagewoof,data/imagewoof2-320/val/n02105641/n02105641_12310.JPEG,n02105641,229,Old English sheepdog,jpeg,70,229,Old English sheepdog,0.5625916123390198,True,17782,17301,1.0278018611640947,43.45378539028399,0.9925003471076962
imagewoof,data/imagewoof2-320/val/n02105641/n02105641_12380.JPEG,n02105641,229,Old English sheepdog,jpeg,70,229,Old English sheepdog,0.655694842338562,True,17027,16561,1.0281383974397682,45.187960630119406,0.9933025424062936
imagewoof,data/imagewoof2-320/val/n02105641/n02105641_12430.JPEG,n02105641,229,Old English sheepdog,jpeg,70,229,Old English sheepdog,0.43205904960632324,True,19314,18805,1.0270672693432599,45.26385406840575,0.9921767332280935
imagewoof,data/imagewoof2-320/val/n02105641/n02105641_12432.JPEG,n02105641,229,Old English sheepdog,jpeg,70,229,Old English sheepdog,0.31614384055137634,True,29494,28433,1.0373157950269054,37.093926726631935,0.9908606020752231
imagewoof,data/imagewoof2-320/val/n02105641/n02105641_12512.JPEG,n02105641,229,Old English sheepdog,jpeg,70,229,Old English sheepdog,0.49576041102409363,True,15524,15165,1.0236729310913286,46.832897055372975,0.9923990082365002
imagewoof,data/imagewoof2-320/val/n02105641/n02105641_12610.JPEG,n02105641,229,Old English sheepdog,jpeg,70,229,Old English sheepdog,0.1931949406862259,True,17298,16964,1.0196887526526763,45.97047593753921,0.9918380523003273
imagewoof,data/imagewoof2-320/val/n02105641/n02105641_12692.JPEG,n02105641,229,Old English sheepdog,jpeg,70,229,Old English sheepdog,0.47561880946159363,True,20305,19756,1.0277890261186475,43.97436251748276,0.9930852677998708
imagewoof,data/imagewoof2-320/val/n02105641/n02105641_12840.JPEG,n02105641,229,Old English sheepdog,jpeg,70,229,Old English sheepdog,0.4438798725605011,True,25743,24872,1.0350192988099067,38.463758930090414,0.9916662851455275
imagewoof,data/imagewoof2-320/val/n02105641/n02105641_12980.JPEG,n02105641,229,Old English sheepdog,jpeg,70,229,Old English sheepdog,0.46894022822380066,True,17163,16667,1.0297594048119039,44.573838151508404,0.993767459164355
imagewoof,data/imagewoof2-320/val/n02105641/n02105641_13011.JPEG,n02105641,229,Old English sheepdog,jpeg,70,229,Old English sheepdog,0.41495469212532043,True,23103,22389,1.031890660592255,43.205652044098656,0.9938085497209151
imagewoof,data/imagewoof2-320/val/n02105641/n02105641_1311.JPEG,n02105641,229,Old English sheepdog,jpeg,70,229,Old English sheepdog,0.4949356019496918,True,19239,18712,1.0281637451902523,43.14051961229328,0.9929158469695087
imagewoof,data/imagewoof2-320/val/n02105641/n02105641_13131.JPEG,n02105641,229,Old English sheepdog,jpeg,70,229,Old English sheepdog,0.3581447899341583,True,18532,18076,1.0252268200929409,44.80717154860158,0.9907493756410218
imagewoof,data/imagewoof2-320/val/n02105641/n02105641_13171.JPEG,n02105641,229,Old English sheepdog,jpeg,70,229,Old English sheepdog,0.2893393933773041,True,38065,37012,1.0284502323570734,38.44510181430104,0.9900273644116852
imagewoof,data/imagewoof2-320/val/n02105641/n02105641_13242.JPEG,n02105641,229,Old English sheepdog,jpeg,70,229,Old English sheepdog,0.5746597051620483,True,18709,18156,1.0304582507160167,43.77653064390712,0.9830776960205081
imagewoof,data/imagewoof2-320/val/n02105641/n02105641_13312.JPEG,n02105641,229,Old English sheepdog,jpeg,70,229,Old English sheepdog,0.22765301167964935,True,23602,22827,1.0339510229114646,41.93162975574911,0.9908344172462037
imagewoof,data/imagewoof2-320/val/n02105641/n02105641_13390.JPEG,n02105641,229,Old English sheepdog,jpeg,70,229,Old English sheepdog,0.2344077080488205,True,27543,26757,1.0293754905258437,44.22507446476456,0.9931364057809894
imagewoof,data/imagewoof2-320/val/n02105641/n02105641_13490.JPEG,n02105641,229,Old English sheepdog,jpeg,70,229,Old English sheepdog,0.4355470836162567,True,26480,25731,1.0291088570207143,43.653633894596396,0.9925659758354598
imagewoof,data/imagewoof2-320/val/n02105641/n02105641_13502.JPEG,n02105641,229,Old English sheepdog,jpeg,70,229,Old English sheepdog,0.4079623818397522,True,11375,11126,1.0223800107855474,46.44727728953989,0.9940065375485271
imagewoof,data/imagewoof2-320/val/n02105641/n02105641_13552.JPEG,n02105641,229,Old English sheepdog,jpeg,70,229,Old English sheepdog,0.4113989770412445,True,17741,17329,1.0237751745628716,44.98777032711782,0.9911264014605058
imagewoof,data/imagewoof2-320/val/n02105641/n02105641_13572.JPEG,n02105641,229,Old English sheepdog,jpeg,70,229,Old English sheepdog,0.42804020643234253,True,13369,13045,1.0248371023380605,45.849231635556635,0.9827305496169464
imagewoof,data/imagewoof2-320/val/n02105641/n02105641_1362.JPEG,n02105641,229,Old English sheepdog,jpeg,70,229,Old English sheepdog,0.54816734790802,True,20389,19794,1.0300596140244518,42.37536266912316,0.9921317074443007
imagewoof,data/imagewoof2-320/val/n02105641/n02105641_13680.JPEG,n02105641,229,Old English sheepdog,jpeg,70,229,Old English sheepdog,0.5049200654029846,True,13717,13394,1.024115275496491,47.4726647794556,0.9934902378682886
imagewoof,data/imagewoof2-320/val/n02105641/n02105641_13751.JPEG,n02105641,229,Old English sheepdog,jpeg,70,229,Old English sheepdog,0.2600167989730835,True,7319,7125,1.0272280701754386,48.93243957557091,0.9931151065275713
imagewoof,data/imagewoof2-320/val/n02105641/n02105641_1380.JPEG,n02105641,229,Old English sheepdog,jpeg,70,229,Old English sheepdog,0.3754700720310211,True,15472,15057,1.0275619313276216,43.90784584345478,0.9915682317150759
imagewoof,data/imagewoof2-320/val/n02105641/n02105641_13952.JPEG,n02105641,229,Old English sheepdog,jpeg,70,229,Old English sheepdog,0.38705939054489136,True,24191,23491,1.0297986462900686,43.7312915579141,0.991908379593486
imagewoof,data/imagewoof2-320/val/n02105641/n02105641_13961.JPEG,n02105641,229,Old English sheepdog,jpeg,70,229,Old English sheepdog,0.5071377754211426,True,18447,18021,1.0236390877309804,44.44416886319132,0.9907189116627135
imagewoof,data/imagewoof2-320/val/n02105641/n02105641_13991.JPEG,n02105641,229,Old English sheepdog,jpeg,70,229,Old English sheepdog,0.384871244430542,True,26953,26094,1.032919445083161,41.70352112376055,0.9911018440819688
imagewoof,data/imagewoof2-320/val/n02105641/n02105641_1400.JPEG,n02105641,229,Old English sheepdog,jpeg,70,229,Old English sheepdog,0.43839892745018005,True,36863,36430,1.0118858083996707,38.286093069298445,0.99411379608816
imagewoof,data/imagewoof2-320/val/n02105641/n02105641_14061.JPEG,n02105641,229,Old English sheepdog,jpeg,70,229,Old English sheepdog,0.48321324586868286,True,16441,16846,0.9759586845541969,46.38870590361789,0.9942450816588203
imagewoof,data/imagewoof2-320/val/n02105641/n02105641_14090.JPEG,n02105641,229,Old English sheepdog,jpeg,70,229,Old English sheepdog,0.5220418572425842,True,31915,30997,1.0296157692679937,40.713397127660755,0.991928061555809
imagewoof,data/imagewoof2-320/val/n02105641/n02105641_1411.JPEG,n02105641,229,Old English sheepdog,jpeg,70,229,Old English sheepdog,0.4474794268608093,True,15996,15674,1.0205435753477097,46.48970820027543,0.9912099651378553
imagewoof,data/imagewoof2-320/val/n02105641/n02105641_14112.JPEG,n02105641,229,Old English sheepdog,jpeg,70,229,Old English sheepdog,0.3302164673805237,True,30129,29112,1.034934047815334,39.81942900291286,0.9905067610462939
imagewoof,data/imagewoof2-320/val/n02105641/n02105641_14131.JPEG,n02105641,229,Old English sheepdog,jpeg,70,229,Old English sheepdog,0.30472269654273987,True,21470,20795,1.032459725895648,41.86926285592122,0.9935123195597626
imagewoof,data/imagewoof2-320/val/n02105641/n02105641_14142.JPEG,n02105641,229,Old English sheepdog,jpeg,70,229,Old English sheepdog,0.41820818185806274,True,20492,19961,1.0266018736536247,43.829119490859796,0.9901564465412616
imagewoof,data/imagewoof2-320/val/n02105641/n02105641_14161.JPEG,n02105641,229,Old English sheepdog,jpeg,70,229,Old English sheepdog,0.4968845546245575,True,15667,15303,1.0237861857152193,46.56791694605511,0.990382032570757
imagewoof,data/imagewoof2-320/val/n02105641/n02105641_14172.JPEG,n02105641,229,Old English sheepdog,jpeg,70,229,Old English sheepdog,0.47031569480895996,True,32827,31936,1.0278995490981964,41.21339726019436,0.9916681371110062
imagewoof,data/imagewoof2-320/val/n02105641/n02105641_14211.JPEG,n02105641,229,Old English sheepdog,jpeg,70,229,Old English sheepdog,0.6115835309028625,True,21622,21076,1.0259062440690834,43.834102372685145,0.9929189708309055
imagewoof,data/imagewoof2-320/val/n02105641/n02105641_14270.JPEG,n02105641,229,Old English sheepdog,jpeg,70,229,Old English sheepdog,0.6325829029083252,True,31678,30905,1.0250121339589062,40.90041919798552,0.9901044771953238
imagewoof,data/imagewoof2-320/val/n02105641/n02105641_1430.JPEG,n02105641,229,Old English sheepdog,jpeg,70,229,Old English sheepdog,0.5816108584403992,True,24985,24295,1.0284009055361185,41.42578833052412,0.9923987402460984
imagewoof,data/imagewoof2-320/val/n02105641/n02105641_14332.JPEG,n02105641,229,Old English sheepdog,jpeg,70,229,Old English sheepdog,0.4826911687850952,True,11579,11295,1.0251438689685701,47.28646865194894,0.9930228820117882
imagewoof,data/imagewoof2-320/val/n02105641/n02105641_14370.JPEG,n02105641,229,Old English sheepdog,jpeg,70,229,Old English sheepdog,0.4457494616508484,True,31880,30926,1.030847830304598,42.4115913317599,0.9927617445479971
imagewoof,data/imagewoof2-320/val/n02105641/n02105641_14402.JPEG,n02105641,229,Old English sheepdog,jpeg,70,229,Old English sheepdog,0.46748489141464233,True,16613,16160,1.028032178217822,45.893448189807025,0.9931105787529088
imagewoof,data/imagewoof2-320/val/n02105641/n02105641_1452.JPEG,n02105641,229,Old English sheepdog,jpeg,70,229,Old English sheepdog,0.6458114981651306,True,23796,23110,1.0296841194288187,43.33767826047091,0.9921152754368849
imagewoof,data/imagewoof2-320/val/n02105641/n02105641_14571.JPEG,n02105641,229,Old English sheepdog,jpeg,70,229,Old English sheepdog,0.42547768354415894,True,18412,17876,1.0299843365406132,42.881609378520864,0.9920391412163542
imagewoof,data/imagewoof2-320/val/n02105641/n02105641_14640.JPEG,n02105641,229,Old English sheepdog,jpeg,70,229,Old English sheepdog,0.4577500820159912,True,31077,30189,1.0294146874689456,41.3018409261474,0.9916935022152987
imagewoof,data/imagewoof2-320/val/n02105641/n02105641_14660.JPEG,n02105641,229,Old English sheepdog,jpeg,70,229,Old English sheepdog,0.4027823209762573,True,22947,22324,1.0279071850922774,42.1873342533484,0.9893782218922911
imagewoof,data/imagewoof2-320/val/n02105641/n02105641_14672.JPEG,n02105641,229,Old English sheepdog,jpeg,70,190,Sealyham terrier,0.2730734646320343,False,17565,17086,1.0280346482500293,43.407491901956796,0.9911198085811024
imagewoof,data/imagewoof2-320/val/n02105641/n02105641_1472.JPEG,n02105641,229,Old English sheepdog,jpeg,70,229,Old English sheepdog,0.5374346375465393,True,17155,16606,1.033060339636276,43.74089953829818,0.991971373513652
imagewoof,data/imagewoof2-320/val/n02105641/n02105641_14742.JPEG,n02105641,229,Old English sheepdog,jpeg,70,202,soft-coated wheaten terrier,0.20934517681598663,False,46988,45198,1.0396035222797468,36.11047668118288,0.9894798518072356
imagewoof,data/imagewoof2-320/val/n02105641/n02105641_14790.JPEG,n02105641,229,Old English sheepdog,jpeg,70,229,Old English sheepdog,0.3303837180137634,True,23349,22765,1.0256534153305512,43.6823117583502,0.9910397759794041
imagewoof,data/imagewoof2-320/val/n02105641/n02105641_14940.JPEG,n02105641,229,Old English sheepdog,jpeg,70,229,Old English sheepdog,0.4729453921318054,True,31972,31072,1.0289649845520081,41.16363674149257,0.9916660439383126
imagewoof,data/imagewoof2-320/val/n02105641/n02105641_14942.JPEG,n02105641,229,Old English sheepdog,jpeg,70,229,Old English sheepdog,0.3806668519973755,True,31253,30311,1.0310778265316223,41.41281306975452,0.9922569886079212
imagewoof,data/imagewoof2-320/val/n02105641/n02105641_14970.JPEG,n02105641,229,Old English sheepdog,jpeg,70,229,Old English sheepdog,0.36224567890167236,True,31907,30969,1.0302883528689981,39.204311762263494,0.9892454306958024
imagewoof,data/imagewoof2-320/val/n02105641/n02105641_1500.JPEG,n02105641,229,Old English sheepdog,jpeg,70,229,Old English sheepdog,0.325067400932312,True,34798,33909,1.0262172284644195,41.00938177595503,0.9911728519830435
imagewoof,data/imagewoof2-320/val/n02105641/n02105641_15011.JPEG,n02105641,229,Old English sheepdog,jpeg,70,229,Old English sheepdog,0.5007694363594055,True,20937,20353,1.0286935586891368,42.59073880897812,0.9918386928655547
imagewoof,data/imagewoof2-320/val/n02105641/n02105641_1592.JPEG,n02105641,229,Old English sheepdog,jpeg,70,229,Old English sheepdog,0.5252318382263184,True,22909,22278,1.0283239069934464,43.56580181865898,0.9913612456010777
imagewoof,data/imagewoof2-320/val/n02105641/n02105641_1622.JPEG,n02105641,229,Old English sheepdog,jpeg,70,229,Old English sheepdog,0.372065007686615,True,28985,28064,1.0328178449258838,39.82854844892361,0.9921371569893417
imagewoof,data/imagewoof2-320/val/n02105641/n02105641_1661.JPEG,n02105641,229,Old English sheepdog,jpeg,70,229,Old English sheepdog,0.5164844393730164,True,21500,20874,1.0299894605729616,43.631426245218066,0.9921274041992131
imagewoof,data/imagewoof2-320/val/n02105641/n02105641_1710.JPEG,n02105641,229,Old English sheepdog,jpeg,70,229,Old English sheepdog,0.432671457529068,True,15486,15106,1.025155567324242,46.13157578503675,0.9926685476630226
imagewoof,data/imagewoof2-320/val/n02105641/n02105641_1740.JPEG,n02105641,229,Old English sheepdog,jpeg,70,229,Old English sheepdog,0.36119821667671204,True,28118,27368,1.0274042677579656,42.199317187278425,0.9920843891339844
imagewoof,data/imagewoof2-320/val/n02105641/n02105641_1850.JPEG,n02105641,229,Old English sheepdog,jpeg,70,229,Old English sheepdog,0.5547137260437012,True,26175,25572,1.0235804786485219,43.637787753218255,0.9916920617063097
imagewoof,data/imagewoof2-320/val/n02105641/n02105641_1881.JPEG,n02105641,229,Old English sheepdog,jpeg,70,229,Old English sheepdog,0.29609426856040955,True,24115,23445,1.0285775218596716,44.1188968463878,0.9928181351553765
imagewoof,data/imagewoof2-320/val/n02105641/n02105641_1882.JPEG,n02105641,229,Old English sheepdog,jpeg,70,229,Old English sheepdog,0.1637270450592041,True,19636,19125,1.0267189542483661,43.35228294752548,0.9923941673862772
imagewoof,data/imagewoof2-320/val/n02105641/n02105641_1901.JPEG,n02105641,229,Old English sheepdog,jpeg,70,229,Old English sheepdog,0.6487047672271729,True,19999,19510,1.0250640697078421,44.40092138279105,0.9928958454547187
imagewoof,data/imagewoof2-320/val/n02105641/n02105641_1911.JPEG,n02105641,229,Old English sheepdog,jpeg,70,229,Old English sheepdog,0.30920061469078064,True,29161,28427,1.025820522742463,43.418875982546076,0.9922855670436372
imagewoof,data/imagewoof2-320/val/n02105641/n02105641_1921.JPEG,n02105641,229,Old English sheepdog,jpeg,70,229,Old English sheepdog,0.46505647897720337,True,44174,43019,1.0268486017806087,36.85355083049532,0.9891446316607597
imagewoof,data/imagewoof2-320/val/n02105641/n02105641_1952.JPEG,n02105641,229,Old English sheepdog,jpeg,70,229,Old English sheepdog,0.4137701392173767,True,34375,33295,1.0324373028983331,40.40169636431396,0.9923568036266435
imagewoof,data/imagewoof2-320/val/n02105641/n02105641_1971.JPEG,n02105641,229,Old English sheepdog,jpeg,70,229,Old English sheepdog,0.5318716168403625,True,24304,23617,1.0290892153956896,42.13963558904399,0.9923187536239478
imagewoof,data/imagewoof2-320/val/n02105641/n02105641_1980.JPEG,n02105641,229,Old English sheepdog,jpeg,70,229,Old English sheepdog,0.34769588708877563,True,17764,17200,1.0327906976744186,44.293780626169536,0.9935230871167807
imagewoof,data/imagewoof2-320/val/n02105641/n02105641_2002.JPEG,n02105641,229,Old English sheepdog,jpeg,70,229,Old English sheepdog,0.39179521799087524,True,15075,14644,1.0294318492215242,46.08668746844472,0.9910680065067324
imagewoof,data/imagewoof2-320/val/n02105641/n02105641_2022.JPEG,n02105641,229,Old English sheepdog,jpeg,70,229,Old English sheepdog,0.5077484250068665,True,16381,15912,1.0294746103569632,44.37499596718213,0.9922100470711651
imagewoof,data/imagewoof2-320/val/n02105641/n02105641_2052.JPEG,n02105641,229,Old English sheepdog,jpeg,70,229,Old English sheepdog,0.5206031203269958,True,25128,24380,1.0306808859721084,42.4120744918179,0.9920423103737254
imagewoof,data/imagewoof2-320/val/n02105641/n02105641_2081.JPEG,n02105641,229,Old English sheepdog,jpeg,70,229,Old English sheepdog,0.7275661826133728,True,20966,20285,1.033571604633966,44.655834846384536,0.992662096968764
imagewoof,data/imagewoof2-320/val/n02105641/n02105641_2092.JPEG,n02105641,229,Old English sheepdog,jpeg,70,229,Old English sheepdog,0.1482001543045044,True,18188,17700,1.0275706214689266,43.40378335354697,0.9928002959659491
imagewoof,data/imagewoof2-320/val/n02105641/n02105641_2120.JPEG,n02105641,229,Old English sheepdog,jpeg,70,229,Old English sheepdog,0.49029698967933655,True,22508,21873,1.029031225712065,41.689641975704454,0.9919724760990959
imagewoof,data/imagewoof2-320/val/n02105641/n02105641_2161.JPEG,n02105641,229,Old English sheepdog,jpeg,70,229,Old English sheepdog,0.4877355098724365,True,20374,19802,1.0288859711140288,44.40618265325048,0.9930624425747819
imagewoof,data/imagewoof2-320/val/n02105641/n02105641_2190.JPEG,n02105641,229,Old English sheepdog,jpeg,70,229,Old English sheepdog,0.3839971423149109,True,15306,14857,1.0302214444369657,46.890454749414836,0.9945810672648719
imagewoof,data/imagewoof2-320/val/n02105641/n02105641_2202.JPEG,n02105641,229,Old English sheepdog,jpeg,70,229,Old English sheepdog,0.17490750551223755,True,25288,24668,1.0251337765526187,44.98297330718949,0.9923038873113831
imagewoof,data/imagewoof2-320/val/n02105641/n02105641_2240.JPEG,n02105641,229,Old English sheepdog,jpeg,70,229,Old English sheepdog,0.45236390829086304,True,33853,32799,1.0321351260709168,39.58684298552129,0.9898842635009742
imagewoof,data/imagewoof2-320/val/n02105641/n02105641_2260.JPEG,n02105641,229,Old English sheepdog,jpeg,70,229,Old English sheepdog,0.44144564867019653,True,29751,29785,0.9988584858150076,43.0442363635356,0.994672738549912
imagewoof,data/imagewoof2-320/val/n02105641/n02105641_2281.JPEG,n02105641,229,Old English sheepdog,jpeg,70,229,Old English sheepdog,0.47466084361076355,True,28351,27481,1.0316582365998326,40.53687232177918,0.9915056505631464
imagewoof,data/imagewoof2-320/val/n02105641/n02105641_2301.JPEG,n02105641,229,Old English sheepdog,jpeg,70,229,Old English sheepdog,0.39208880066871643,True,30581,29678,1.0304265786104185,40.66293329133277,0.9907503566556887
imagewoof,data/imagewoof2-320/val/n02105641/n02105641_2320.JPEG,n02105641,229,Old English sheepdog,jpeg,70,229,Old English sheepdog,0.42993927001953125,True,21355,20738,1.0297521458192689,43.97367138591097,0.9925914588711517
imagewoof,data/imagewoof2-320/val/n02105641/n02105641_2322.JPEG,n02105641,229,Old English sheepdog,jpeg,70,229,Old English sheepdog,0.5437394380569458,True,14196,13905,1.0209277238403451,46.31422793483936,0.9908550073736322
imagewoof,data/imagewoof2-320/val/n02105641/n02105641_2412.JPEG,n02105641,229,Old English sheepdog,jpeg,70,229,Old English sheepdog,0.4795806109905243,True,14417,14093,1.0229901369474208,45.075472364836166,0.9890716470444575
imagewoof,data/imagewoof2-320/val/n02105641/n02105641_2421.JPEG,n02105641,229,Old English sheepdog,jpeg,70,229,Old English sheepdog,0.2462933361530304,True,24538,23867,1.0281141324841832,41.99064321359543,0.9896946608065004
imagewoof,data/imagewoof2-320/val/n02105641/n02105641_2491.JPEG,n02105641,229,Old English sheepdog,jpeg,70,229,Old English sheepdog,0.4047098755836487,True,25184,24538,1.0263265139783193,41.78640412451876,0.9918244108311164
imagewoof,data/imagewoof2-320/val/n02105641/n02105641_2580.JPEG,n02105641,229,Old English sheepdog,jpeg,70,229,Old English sheepdog,0.18081678450107574,True,10441,10117,1.032025303943857,46.85310373088228,0.9934259360306426
imagewoof,data/imagewoof2-320/val/n02105641/n02105641_2650.JPEG,n02105641,229,Old English sheepdog,jpeg,70,229,Old English sheepdog,0.5293969511985779,True,21669,21122,1.0258971688287093,44.23516553052367,0.991294355499238
imagewoof,data/imagewoof2-320/val/n02105641/n02105641_2672.JPEG,n02105641,229,Old English sheepdog,jpeg,70,229,Old English sheepdog,0.43031173944473267,True,31718,30598,1.0366036995882084,41.28597503564909,0.9916885728893802
imagewoof,data/imagewoof2-320/val/n02105641/n02105641_2681.JPEG,n02105641,229,Old English sheepdog,jpeg,70,229,Old English sheepdog,0.19507330656051636,True,14720,14313,1.0284356878362328,48.70888851641087,0.9952733397482324
imagewoof,data/imagewoof2-320/val/n02105641/n02105641_2710.JPEG,n02105641,229,Old English sheepdog,jpeg,70,229,Old English sheepdog,0.594970703125,True,16283,15877,1.0255715815330353,45.83169540337587,0.9918968236082096
imagewoof,data/imagewoof2-320/val/n02105641/n02105641_2722.JPEG,n02105641,229,Old English sheepdog,jpeg,70,229,Old English sheepdog,0.3978004455566406,True,28683,27785,1.0323195969048047,38.965087040327504,0.9922479360880726
imagewoof,data/imagewoof2-320/val/n02105641/n02105641_2730.JPEG,n02105641,229,Old English sheepdog,jpeg,70,229,Old English sheepdog,0.42859816551208496,True,23294,22492,1.035657122532456,40.85324868836455,0.9906055632307416
imagewoof,data/imagewoof2-320/val/n02105641/n02105641_2732.JPEG,n02105641,229,Old English sheepdog,jpeg,70,229,Old English sheepdog,0.2395162135362625,True,19707,19263,1.023049369257125,43.263404590837695,0.992095562872023
imagewoof,data/imagewoof2-320/val/n02105641/n02105641_2742.JPEG,n02105641,229,Old English sheepdog,jpeg,70,229,Old English sheepdog,0.5264294743537903,True,41466,40102,1.0340132661712633,36.663153200364256,0.9900035039760692
imagewoof,data/imagewoof2-320/val/n02105641/n02105641_2750.JPEG,n02105641,229,Old English sheepdog,jpeg,70,229,Old English sheepdog,0.14020249247550964,True,18900,18407,1.0267832889661541,44.69233146218731,0.9914635456910478
imagewoof,data/imagewoof2-320/val/n02105641/n02105641_2792.JPEG,n02105641,229,Old English sheepdog,jpeg,70,229,Old English sheepdog,0.6026633381843567,True,35539,34338,1.0349758285281612,41.031709769718994,0.9945825680749097
imagewoof,data/imagewoof2-320/val/n02105641/n02105641_2800.JPEG,n02105641,229,Old English sheepdog,jpeg,70,229,Old English sheepdog,0.6576905846595764,True,28671,27979,1.0247328353407914,42.13033811953327,0.9891575361351851
imagewoof,data/imagewoof2-320/val/n02105641/n02105641_2822.JPEG,n02105641,229,Old English sheepdog,jpeg,70,229,Old English sheepdog,0.453618586063385,True,18751,18212,1.0295958708543818,44.511124984743134,0.9910743325885706
imagewoof,data/imagewoof2-320/val/n02105641/n02105641_2891.JPEG,n02105641,229,Old English sheepdog,jpeg,70,229,Old English sheepdog,0.3826410472393036,True,29313,28554,1.02658121454087,41.298049535818706,0.991303762084424
imagewoof,data/imagewoof2-320/val/n02105641/n02105641_2922.JPEG,n02105641,229,Old English sheepdog,jpeg,70,229,Old English sheepdog,0.557344913482666,True,21526,20956,1.0271998472991029,42.93929676080576,0.9919640947232646
imagewoof,data/imagewoof2-320/val/n02105641/n02105641_2940.JPEG,n02105641,229,Old English sheepdog,jpeg,70,229,Old English sheepdog,0.517919659614563,True,17708,17244,1.0269079099976803,45.70586370482524,0.9936932958252105
imagewoof,data/imagewoof2-320/val/n02105641/n02105641_2950.JPEG,n02105641,229,Old English sheepdog,jpeg,70,229,Old English sheepdog,0.4391370713710785,True,19145,18644,1.026871915897876,43.3018001977442,0.9602039217140422
imagewoof,data/imagewoof2-320/val/n02105641/n02105641_2970.JPEG,n02105641,229,Old English sheepdog,jpeg,70,229,Old English sheepdog,0.29388779401779175,True,15241,14861,1.0255702846376422,45.11424850148071,0.9914598108267456
imagewoof,data/imagewoof2-320/val/n02105641/n02105641_3061.JPEG,n02105641,229,Old English sheepdog,jpeg,70,229,Old English sheepdog,0.3485737442970276,True,22627,22177,1.020291292780809,44.852534967208115,0.992319003374326
imagewoof,data/imagewoof2-320/val/n02105641/n02105641_3091.JPEG,n02105641,229,Old English sheepdog,jpeg,70,229,Old English sheepdog,0.20029519498348236,True,15758,15406,1.0228482409450863,46.441278770448264,0.9930833782616503
imagewoof,data/imagewoof2-320/val/n02105641/n02105641_3112.JPEG,n02105641,229,Old English sheepdog,jpeg,70,229,Old English sheepdog,0.41907620429992676,True,28906,27969,1.0335013765240086,40.252169140336875,0.9899480953195137
imagewoof,data/imagewoof2-320/val/n02105641/n02105641_3162.JPEG,n02105641,229,Old English sheepdog,jpeg,70,175,otterhound,0.2576529383659363,False,14168,14478,0.9785882027904407,46.43850809138669,0.9948456699212421
imagewoof,data/imagewoof2-320/val/n02105641/n02105641_3181.JPEG,n02105641,229,Old English sheepdog,jpeg,70,229,Old English sheepdog,0.3530691862106323,True,19344,18741,1.0321754442132223,44.36180619259629,0.9923520740790517
imagewoof,data/imagewoof2-320/val/n02105641/n02105641_3192.JPEG,n02105641,229,Old English sheepdog,jpeg,70,229,Old English sheepdog,0.4373820424079895,True,24867,23992,1.0364704901633879,41.77479667965801,0.9906774626118512
imagewoof,data/imagewoof2-320/val/n02105641/n02105641_322.JPEG,n02105641,229,Old English sheepdog,jpeg,70,229,Old English sheepdog,0.5242174863815308,True,19068,18533,1.0288674256731236,44.078678388020705,0.9908618344214243
imagewoof,data/imagewoof2-320/val/n02105641/n02105641_3331.JPEG,n02105641,229,Old English sheepdog,jpeg,70,229,Old English sheepdog,0.17421461641788483,True,19941,19344,1.030862282878412,45.11162422608065,0.9940457916620501
imagewoof,data/imagewoof2-320/val/n02105641/n02105641_3402.JPEG,n02105641,229,Old English sheepdog,jpeg,70,229,Old English sheepdog,0.4426482617855072,True,30082,29165,1.0314417966740956,45.63062638568228,0.9930144918196032
imagewoof,data/imagewoof2-320/val/n02105641/n02105641_3521.JPEG,n02105641,229,Old English sheepdog,jpeg,70,229,Old English sheepdog,0.47812148928642273,True,21338,20798,1.0259640350033656,44.135427255091,0.992582881119849
imagewoof,data/imagewoof2-320/val/n02105641/n02105641_3522.JPEG,n02105641,229,Old English sheepdog,jpeg,70,229,Old English sheepdog,0.30061233043670654,True,25212,24485,1.0296916479477232,43.196930212889406,0.9921437974678584
imagewoof,data/imagewoof2-320/val/n02105641/n02105641_3531.JPEG,n02105641,229,Old English sheepdog,jpeg,70,229,Old English sheepdog,0.8345237970352173,True,31036,30265,1.0254749710887163,38.958225877539846,0.9910433939588295
imagewoof,data/imagewoof2-320/val/n02105641/n02105641_3540.JPEG,n02105641,229,Old English sheepdog,jpeg,70,229,Old English sheepdog,0.49855923652648926,True,27788,27066,1.0266755338801448,41.962048038021315,0.9916641118871361
imagewoof,data/imagewoof2-320/val/n02105641/n02105641_3542.JPEG,n02105641,229,Old English sheepdog,jpeg,70,229,Old English sheepdog,0.5437294244766235,True,20403,19910,1.024761426418885,45.229406565442034,0.9928573869300624
imagewoof,data/imagewoof2-320/val/n02105641/n02105641_3561.JPEG,n02105641,229,Old English sheepdog,jpeg,70,229,Old English sheepdog,0.5840334296226501,True,26305,25608,1.0272180568572322,42.391666313511124,0.990874040645628
imagewoof,data/imagewoof2-320/val/n02105641/n02105641_3570.JPEG,n02105641,229,Old English sheepdog,jpeg,70,229,Old English sheepdog,0.5640971660614014,True,34538,33405,1.0339170782816944,38.58037526113489,0.9886192100226686
imagewoof,data/imagewoof2-320/val/n02105641/n02105641_3571.JPEG,n02105641,229,Old English sheepdog,jpeg,70,229,Old English sheepdog,0.30007830262184143,True,18036,17536,1.0285127737226278,43.36698984694692,0.9904857452320771
imagewoof,data/imagewoof2-320/val/n02105641/n02105641_3592.JPEG,n02105641,229,Old English sheepdog,jpeg,70,229,Old English sheepdog,0.13159342110157013,True,19844,19330,1.0265907915157786,44.66215943284545,0.9932800954853941
imagewoof,data/imagewoof2-320/val/n02105641/n02105641_3602.JPEG,n02105641,229,Old English sheepdog,jpeg,70,229,Old English sheepdog,0.48617875576019287,True,18827,18242,1.0320688520995505,43.49517851174967,0.9934319188819537
imagewoof,data/imagewoof2-320/val/n02105641/n02105641_3741.JPEG,n02105641,229,Old English sheepdog,jpeg,70,229,Old English sheepdog,0.47657692432403564,True,21018,20467,1.0269213856451849,43.500229909095545,0.9915168883570712
imagewoof,data/imagewoof2-320/val/n02105641/n02105641_3761.JPEG,n02105641,229,Old English sheepdog,jpeg,70,229,Old English sheepdog,0.4382457733154297,True,21315,20808,1.024365628604383,43.782433975670855,0.9913612233931334
imagewoof,data/imagewoof2-320/val/n02105641/n02105641_3790.JPEG,n02105641,229,Old English sheepdog,jpeg,70,229,Old English sheepdog,0.730181097984314,True,23245,22525,1.0319644839067703,41.57043018573515,0.9930416257743407
imagewoof,data/imagewoof2-320/val/n02105641/n02105641_3800.JPEG,n02105641,229,Old English sheepdog,jpeg,70,229,Old English sheepdog,0.5973846316337585,True,48229,46620,1.0345130845130845,37.04294233749594,0.9919945347689622
imagewoof,data/imagewoof2-320/val/n02105641/n02105641_381.JPEG,n02105641,229,Old English sheepdog,jpeg,70,229,Old English sheepdog,0.3844405710697174,True,16923,16411,1.0311985863140576,44.701118136202396,0.9890783551043194
imagewoof,data/imagewoof2-320/val/n02105641/n02105641_3810.JPEG,n02105641,229,Old English sheepdog,jpeg,70,229,Old English sheepdog,0.5897996425628662,True,18936,18417,1.0281804854210783,44.45846512714877,0.991049984755724
imagewoof,data/imagewoof2-320/val/n02105641/n02105641_3882.JPEG,n02105641,229,Old English sheepdog,jpeg,70,229,Old English sheepdog,0.6072403788566589,True,28669,27773,1.0322615489864257,41.44496456750831,0.9925998661855754
imagewoof,data/imagewoof2-320/val/n02105641/n02105641_3910.JPEG,n02105641,229,Old English sheepdog,jpeg,70,229,Old English sheepdog,0.3301600217819214,True,15592,15227,1.0239705785775268,46.63867068873358,0.9926299241717902
imagewoof,data/imagewoof2-320/val/n02105641/n02105641_3940.JPEG,n02105641,229,Old English sheepdog,jpeg,70,229,Old English sheepdog,0.2633345127105713,True,24023,23390,1.0270628473706713,44.18349840615622,0.9946268127136008
imagewoof,data/imagewoof2-320/val/n02105641/n02105641_3950.JPEG,n02105641,229,Old English sheepdog,jpeg,70,229,Old English sheepdog,0.1900225579738617,True,24855,24259,1.0245682014922297,41.70156656209602,0.9908789742824622
imagewoof,data/imagewoof2-320/val/n02105641/n02105641_3952.JPEG,n02105641,229,Old English sheepdog,jpeg,70,229,Old English sheepdog,0.4226113557815552,True,30722,29720,1.03371467025572,39.58467457207564,0.9924419372230036
imagewoof,data/imagewoof2-320/val/n02105641/n02105641_3962.JPEG,n02105641,229,Old English sheepdog,jpeg,70,229,Old English sheepdog,0.3637993037700653,True,25581,24697,1.035793821111876,39.54529273092925,0.9911312458461775
imagewoof,data/imagewoof2-320/val/n02105641/n02105641_4062.JPEG,n02105641,229,Old English sheepdog,jpeg,70,229,Old English sheepdog,0.4940570294857025,True,27758,26982,1.0287599140167518,42.29613656472622,0.9905554848074524
imagewoof,data/imagewoof2-320/val/n02105641/n02105641_4141.JPEG,n02105641,229,Old English sheepdog,jpeg,70,229,Old English sheepdog,0.4590349793434143,True,23823,23125,1.0301837837837837,42.437355341601545,0.9883144947637689
imagewoof,data/imagewoof2-320/val/n02105641/n02105641_4142.JPEG,n02105641,229,Old English sheepdog,jpeg,70,229,Old English sheepdog,0.4537513256072998,True,26118,25259,1.0340076804307377,41.57155508170078,0.9930111849891415
imagewoof,data/imagewoof2-320/val/n02105641/n02105641_4150.JPEG,n02105641,229,Old English sheepdog,jpeg,70,229,Old English sheepdog,0.5835584402084351,True,36360,35347,1.028658726341698,40.15675612949004,0.991472459892946
imagewoof,data/imagewoof2-320/val/n02105641/n02105641_4151.JPEG,n02105641,229,Old English sheepdog,jpeg,70,229,Old English sheepdog,0.5618513226509094,True,22874,22180,1.0312894499549143,43.964213318080034,0.9903908788569592
imagewoof,data/imagewoof2-320/val/n02105641/n02105641_4212.JPEG,n02105641,229,Old English sheepdog,jpeg,70,229,Old English sheepdog,0.5110144019126892,True,19209,18764,1.0237156256661692,45.16547022415081,0.9917322017438965
imagewoof,data/imagewoof2-320/val/n02105641/n02105641_422.JPEG,n02105641,229,Old English sheepdog,jpeg,70,229,Old English sheepdog,0.23276852071285248,True,28444,27546,1.0326000145211647,40.78409045470803,0.9903735207951128
imagewoof,data/imagewoof2-320/val/n02105641/n02105641_4251.JPEG,n02105641,229,Old English sheepdog,jpeg,70,229,Old English sheepdog,0.5328952670097351,True,16830,16360,1.0287286063569683,44.83513883272346,0.9903719398533634
imagewoof,data/imagewoof2-320/val/n02105641/n02105641_4261.JPEG,n02105641,229,Old English sheepdog,jpeg,70,229,Old English sheepdog,0.08501526713371277,True,29446,28500,1.0331929824561403,41.105609183849985,0.992313911564949
imagewoof,data/imagewoof2-320/val/n02105641/n02105641_4271.JPEG,n02105641,229,Old English sheepdog,jpeg,70,229,Old English sheepdog,0.5189182162284851,True,24132,23552,1.024626358695652,42.5547303552145,0.9898688426689645
imagewoof,data/imagewoof2-320/val/n02105641/n02105641_4311.JPEG,n02105641,229,Old English sheepdog,jpeg,70,229,Old English sheepdog,0.5217527747154236,True,17844,17326,1.029897264227173,44.973087016649714,0.9925484425575181
imagewoof,data/imagewoof2-320/val/n02105641/n02105641_4321.JPEG,n02105641,229,Old English sheepdog,jpeg,70,175,otterhound,0.18929925560951233,False,26202,25321,1.0347932546107974,41.02568784004963,0.988098571189333
imagewoof,data/imagewoof2-320/val/n02105641/n02105641_4371.JPEG,n02105641,229,Old English sheepdog,jpeg,70,229,Old English sheepdog,0.5248314142227173,True,22561,21886,1.030841633921228,44.87425722678295,0.9937819089931154
imagewoof,data/imagewoof2-320/val/n02105641/n02105641_4390.JPEG,n02105641,229,Old English sheepdog,jpeg,70,229,Old English sheepdog,0.6471922993659973,True,14033,13620,1.0303230543318649,46.856475034203925,0.9943512388449411
imagewoof,data/imagewoof2-320/val/n02105641/n02105641_440.JPEG,n02105641,229,Old English sheepdog,jpeg,70,229,Old English sheepdog,0.5043312907218933,True,15709,15248,1.0302334732423923,45.31373429082858,0.9927764822765841
imagewoof,data/imagewoof2-320/val/n02105641/n02105641_4410.JPEG,n02105641,229,Old English sheepdog,jpeg,70,229,Old English sheepdog,0.5612912178039551,True,25548,24873,1.0271378603304788,41.96410888860611,0.9912278157116332
imagewoof,data/imagewoof2-320/val/n02105641/n02105641_4420.JPEG,n02105641,229,Old English sheepdog,jpeg,70,229,Old English sheepdog,0.3047783374786377,True,36095,34836,1.036140773912045,39.79019411005499,0.9915525595585969
imagewoof,data/imagewoof2-320/val/n02105641/n02105641_4422.JPEG,n02105641,229,Old English sheepdog,jpeg,70,229,Old English sheepdog,0.3058626651763916,True,25826,25046,1.0311426974367164,43.65754551654804,0.9935153528013966
imagewoof,data/imagewoof2-320/val/n02105641/n02105641_4451.JPEG,n02105641,229,Old English sheepdog,jpeg,70,229,Old English sheepdog,0.5621283650398254,True,13079,12682,1.0313042106923198,47.568839270557476,0.9939525276005933
imagewoof,data/imagewoof2-320/val/n02105641/n02105641_4510.JPEG,n02105641,229,Old English sheepdog,jpeg,70,229,Old English sheepdog,0.37592679262161255,True,19770,19318,1.023397867274045,45.639653744403255,0.9918181159524542
imagewoof,data/imagewoof2-320/val/n02105641/n02105641_4521.JPEG,n02105641,229,Old English sheepdog,jpeg,70,229,Old English sheepdog,0.35141751170158386,True,18595,18091,1.0278591564866508,45.02149304640908,0.9936036886910219
imagewoof,data/imagewoof2-320/val/n02105641/n02105641_4600.JPEG,n02105641,229,Old English sheepdog,jpeg,70,229,Old English sheepdog,0.23822984099388123,True,23448,22887,1.024511731550662,42.05591513942291,0.9899558442381683
imagewoof,data/imagewoof2-320/val/n02105641/n02105641_4631.JPEG,n02105641,229,Old English sheepdog,jpeg,70,229,Old English sheepdog,0.4707854688167572,True,20021,19420,1.0309474768280125,42.95160322257047,0.9928869929103183
imagewoof,data/imagewoof2-320/val/n02105641/n02105641_4660.JPEG,n02105641,229,Old English sheepdog,jpeg,70,229,Old English sheepdog,0.6523884534835815,True,23879,23344,1.0229180945853324,43.9365017081425,0.9922424979605774
imagewoof,data/imagewoof2-320/val/n02105641/n02105641_4681.JPEG,n02105641,229,Old English sheepdog,jpeg,70,229,Old English sheepdog,0.6268316507339478,True,40039,38860,1.0303396809058158,38.24862844514871,0.9902910644271322
imagewoof,data/imagewoof2-320/val/n02105641/n02105641_4692.JPEG,n02105641,229,Old English sheepdog,jpeg,70,229,Old English sheepdog,0.18327362835407257,True,25172,24448,1.0296138743455496,42.05817317448141,0.9926555664017874
imagewoof,data/imagewoof2-320/val/n02105641/n02105641_4700.JPEG,n02105641,229,Old English sheepdog,jpeg,70,229,Old English sheepdog,0.46456003189086914,True,27480,26561,1.03459960091864,42.120029862699226,0.9931086081802313
imagewoof,data/imagewoof2-320/val/n02105641/n02105641_4701.JPEG,n02105641,229,Old English sheepdog,jpeg,70,229,Old English sheepdog,0.6173285245895386,True,24254,23618,1.0269286137691591,40.72469968332407,0.9905316540323903
imagewoof,data/imagewoof2-320/val/n02105641/n02105641_4710.JPEG,n02105641,229,Old English sheepdog,jpeg,70,229,Old English sheepdog,0.6628172993659973,True,19808,19305,1.026055426055426,46.09631780071062,0.993347793688171
imagewoof,data/imagewoof2-320/val/n02105641/n02105641_4720.JPEG,n02105641,229,Old English sheepdog,jpeg,70,229,Old English sheepdog,0.2833070158958435,True,15048,14708,1.0231166711993473,45.72965527980203,0.9925069360246735
imagewoof,data/imagewoof2-320/val/n02105641/n02105641_4741.JPEG,n02105641,229,Old English sheepdog,jpeg,70,229,Old English sheepdog,0.4902956187725067,True,17938,17480,1.0262013729977117,44.39570694302211,0.9919276428692113
imagewoof,data/imagewoof2-320/val/n02105641/n02105641_4751.JPEG,n02105641,229,Old English sheepdog,jpeg,70,229,Old English sheepdog,0.42206162214279175,True,25923,25173,1.0297938267191038,43.38321274426584,0.9930075325318058
imagewoof,data/imagewoof2-320/val/n02105641/n02105641_4811.JPEG,n02105641,229,Old English sheepdog,jpeg,70,229,Old English sheepdog,0.6287214756011963,True,14704,14331,1.026027492847673,46.435893115296,0.9928503110218857
imagewoof,data/imagewoof2-320/val/n02105641/n02105641_4860.JPEG,n02105641,229,Old English sheepdog,jpeg,70,229,Old English sheepdog,0.5974639058113098,True,37979,36852,1.030581786605883,40.0224794632377,0.9912900416561495
imagewoof,data/imagewoof2-320/val/n02105641/n02105641_492.JPEG,n02105641,229,Old English sheepdog,jpeg,70,229,Old English sheepdog,0.634850025177002,True,17298,16841,1.027136155810225,45.96240499208987,0.9936315960803439
imagewoof,data/imagewoof2-320/val/n02105641/n02105641_4950.JPEG,n02105641,229,Old English sheepdog,jpeg,70,229,Old English sheepdog,0.5059744715690613,True,27573,26841,1.0272717111881078,42.740587670084054,0.9907027235049024
imagewoof,data/imagewoof2-320/val/n02105641/n02105641_4970.JPEG,n02105641,229,Old English sheepdog,jpeg,70,229,Old English sheepdog,0.49873244762420654,True,33739,32718,1.0312060639403386,40.761956385030075,0.991828365465298
imagewoof,data/imagewoof2-320/val/n02105641/n02105641_4992.JPEG,n02105641,229,Old English sheepdog,jpeg,70,229,Old English sheepdog,0.3867654502391815,True,14450,13988,1.0330283099799829,44.13420744971103,0.9893853774240563
imagewoof,data/imagewoof2-320/val/n02105641/n02105641_50.JPEG,n02105641,229,Old English sheepdog,jpeg,70,229,Old English sheepdog,0.5064509510993958,True,38497,37358,1.030488784196156,37.967332350069526,0.9906551534729946
imagewoof,data/imagewoof2-320/val/n02105641/n02105641_5062.JPEG,n02105641,229,Old English sheepdog,jpeg,70,229,Old English sheepdog,0.5541895627975464,True,22380,21762,1.0283981251723187,42.763149493936936,0.9920794379456196
imagewoof,data/imagewoof2-320/val/n02105641/n02105641_5070.JPEG,n02105641,229,Old English sheepdog,jpeg,70,229,Old English sheepdog,0.5816702246665955,True,19109,18655,1.0243366389707853,44.6362877524136,0.9913893001473167
imagewoof,data/imagewoof2-320/val/n02105641/n02105641_5071.JPEG,n02105641,229,Old English sheepdog,jpeg,70,229,Old English sheepdog,0.5412617921829224,True,16612,16192,1.0259387351778657,45.72894035575529,0.9919705086526699
imagewoof,data/imagewoof2-320/val/n02105641/n02105641_5160.JPEG,n02105641,229,Old English sheepdog,jpeg,70,229,Old English sheepdog,0.5759018063545227,True,20272,19640,1.0321792260692464,43.80181593468834,0.9930930340752169
imagewoof,data/imagewoof2-320/val/n02105641/n02105641_5231.JPEG,n02105641,229,Old English sheepdog,jpeg,70,170,Irish wolfhound,0.15516482293605804,False,28463,27835,1.0225615232620802,41.776695892075864,0.9860446024253989
imagewoof,data/imagewoof2-320/val/n02105641/n02105641_5271.JPEG,n02105641,229,Old English sheepdog,jpeg,70,229,Old English sheepdog,0.36686354875564575,True,25043,24309,1.0301945781397837,43.23550632858189,0.9935166807604946
imagewoof,data/imagewoof2-320/val/n02105641/n02105641_5292.JPEG,n02105641,229,Old English sheepdog,jpeg,70,229,Old English sheepdog,0.6007546186447144,True,20163,19580,1.0297752808988765,44.50884596226024,0.992002087943475
imagewoof,data/imagewoof2-320/val/n02105641/n02105641_5312.JPEG,n02105641,229,Old English sheepdog,jpeg,70,229,Old English sheepdog,0.43492820858955383,True,20678,20029,1.0324030156273403,43.56239532480486,0.9904682246671705
imagewoof,data/imagewoof2-320/val/n02105641/n02105641_5341.JPEG,n02105641,229,Old English sheepdog,jpeg,70,229,Old English sheepdog,0.34326690435409546,True,16234,15833,1.0253268489862946,45.34457007872582,0.9941385887638599
imagewoof,data/imagewoof2-320/val/n02105641/n02105641_540.JPEG,n02105641,229,Old English sheepdog,jpeg,70,229,Old English sheepdog,0.2129732221364975,True,21078,20517,1.027343178827314,46.51061455521052,0.9897430243827605
imagewoof,data/imagewoof2-320/val/n02105641/n02105641_5462.JPEG,n02105641,229,Old English sheepdog,jpeg,70,229,Old English sheepdog,0.5976945161819458,True,23026,22330,1.0311688311688312,42.349692831545354,0.992082598188682
imagewoof,data/imagewoof2-320/val/n02105641/n02105641_5492.JPEG,n02105641,229,Old English sheepdog,jpeg,70,229,Old English sheepdog,0.47706976532936096,True,21707,21145,1.026578387325609,43.16032155996206,0.9909642276751373
imagewoof,data/imagewoof2-320/val/n02105641/n02105641_5530.JPEG,n02105641,229,Old English sheepdog,jpeg,70,229,Old English sheepdog,0.42469874024391174,True,18253,17826,1.0239537753842702,45.71524283869783,0.9919752061197026
imagewoof,data/imagewoof2-320/val/n02105641/n02105641_5562.JPEG,n02105641,229,Old English sheepdog,jpeg,70,229,Old English sheepdog,0.7493860721588135,True,37784,36743,1.028331927169801,37.47270260185316,0.9898163180482741
imagewoof,data/imagewoof2-320/val/n02105641/n02105641_5572.JPEG,n02105641,229,Old English sheepdog,jpeg,70,229,Old English sheepdog,0.4324817359447479,True,19364,18862,1.0266143569080692,45.9026619814221,0.9936620106941665
imagewoof,data/imagewoof2-320/val/n02105641/n02105641_5600.JPEG,n02105641,229,Old English sheepdog,jpeg,70,229,Old English sheepdog,0.30170610547065735,True,15531,15149,1.0252161858868571,45.26066757135234,0.9927130116972077
imagewoof,data/imagewoof2-320/val/n02105641/n02105641_5750.JPEG,n02105641,229,Old English sheepdog,jpeg,70,229,Old English sheepdog,0.4245040714740753,True,15245,14867,1.0254254388915047,45.00496434528179,0.991783628713301
imagewoof,data/imagewoof2-320/val/n02105641/n02105641_5781.JPEG,n02105641,229,Old English sheepdog,jpeg,70,229,Old English sheepdog,0.45376351475715637,True,14634,14320,1.021927374301676,46.99691209033281,0.9925396588281434
imagewoof,data/imagewoof2-320/val/n02105641/n02105641_5790.JPEG,n02105641,229,Old English sheepdog,jpeg,70,229,Old English sheepdog,0.42286980152130127,True,30163,29297,1.0295593405468138,38.43570366346827,0.9911335318915863
imagewoof,data/imagewoof2-320/val/n02105641/n02105641_582.JPEG,n02105641,229,Old English sheepdog,jpeg,70,229,Old English sheepdog,0.3849521279335022,True,20431,20032,1.0199181309904153,43.65678529069001,0.9899733762920647
imagewoof,data/imagewoof2-320/val/n02105641/n02105641_5840.JPEG,n02105641,229,Old English sheepdog,jpeg,70,229,Old English sheepdog,0.6510538458824158,True,24316,23509,1.0343272789144582,42.3315576370003,0.9933520185474781
imagewoof,data/imagewoof2-320/val/n02105641/n02105641_5881.JPEG,n02105641,229,Old English sheepdog,jpeg,70,229,Old English sheepdog,0.11460062116384506,True,37836,36626,1.0330366406377982,40.801802207661176,0.9927570069211474
imagewoof,data/imagewoof2-320/val/n02105641/n02105641_5980.JPEG,n02105641,229,Old English sheepdog,jpeg,70,229,Old English sheepdog,0.2521384656429291,True,14304,13926,1.027143472641103,46.629217909840364,0.9842497793222554
imagewoof,data/imagewoof2-320/val/n02105641/n02105641_5982.JPEG,n02105641,229,Old English sheepdog,jpeg,70,229,Old English sheepdog,0.4161965847015381,True,38167,36971,1.03234967947851,39.450278302786145,0.9925088359274112
imagewoof,data/imagewoof2-320/val/n02105641/n02105641_6002.JPEG,n02105641,229,Old English sheepdog,jpeg,70,229,Old English sheepdog,0.436704158782959,True,23504,22843,1.0289366545550058,42.03674366499147,0.9887414878599717
imagewoof,data/imagewoof2-320/val/n02105641/n02105641_6011.JPEG,n02105641,229,Old English sheepdog,jpeg,70,229,Old English sheepdog,0.18192023038864136,True,13265,12919,1.026782258688753,46.474762298106114,0.9936675916759449
imagewoof,data/imagewoof2-320/val/n02105641/n02105641_6020.JPEG,n02105641,229,Old English sheepdog,jpeg,70,229,Old English sheepdog,0.5588963627815247,True,34185,33213,1.0292656489928642,38.71054930669341,0.9926937001196299
imagewoof,data/imagewoof2-320/val/n02105641/n02105641_6021.JPEG,n02105641,229,Old English sheepdog,jpeg,70,229,Old English sheepdog,0.4866122305393219,True,30096,29051,1.0359712230215827,41.79286280846093,0.9936735892283903
imagewoof,data/imagewoof2-320/val/n02105641/n02105641_6040.JPEG,n02105641,229,Old English sheepdog,jpeg,70,229,Old English sheepdog,0.45928141474723816,True,26186,25480,1.0277080062794348,41.8202212247019,0.9903365672529766
imagewoof,data/imagewoof2-320/val/n02105641/n02105641_6060.JPEG,n02105641,229,Old English sheepdog,jpeg,70,229,Old English sheepdog,0.51689612865448,True,16054,15635,1.0267988487368085,45.222260993929176,0.992210743554955
imagewoof,data/imagewoof2-320/val/n02105641/n02105641_6071.JPEG,n02105641,229,Old English sheepdog,jpeg,70,175,otterhound,0.10717038065195084,False,23560,22935,1.027250926531502,41.47845245105301,0.9918234230134276
imagewoof,data/imagewoof2-320/val/n02105641/n02105641_6130.JPEG,n02105641,229,Old English sheepdog,jpeg,70,229,Old English sheepdog,0.31820929050445557,True,28039,27230,1.029709878810136,42.366421785099845,0.9923736257854704
imagewoof,data/imagewoof2-320/val/n02105641/n02105641_6141.JPEG,n02105641,229,Old English sheepdog,jpeg,70,229,Old English sheepdog,0.5433962941169739,True,20221,19595,1.0319469252360296,41.5170155569015,0.9913266016606314
imagewoof,data/imagewoof2-320/val/n02105641/n02105641_6142.JPEG,n02105641,229,Old English sheepdog,jpeg,70,229,Old English sheepdog,0.41998401284217834,True,14751,14376,1.026085141903172,47.273178866252294,0.9931128704676127
imagewoof,data/imagewoof2-320/val/n02105641/n02105641_6151.JPEG,n02105641,229,Old English sheepdog,jpeg,70,229,Old English sheepdog,0.5635879635810852,True,28075,27126,1.034984885349849,41.51341549688314,0.9939492690692951
imagewoof,data/imagewoof2-320/val/n02105641/n02105641_6180.JPEG,n02105641,229,Old English sheepdog,jpeg,70,229,Old English sheepdog,0.32408350706100464,True,36387,35222,1.0330759184600533,38.6443041083715,0.9916102462937065
imagewoof,data/imagewoof2-320/val/n02105641/n02105641_6181.JPEG,n02105641,229,Old English sheepdog,jpeg,70,229,Old English sheepdog,0.3554820716381073,True,23943,23298,1.0276847798094257,44.54178094835641,0.9927480448467004
imagewoof,data/imagewoof2-320/val/n02105641/n02105641_6182.JPEG,n02105641,229,Old English sheepdog,jpeg,70,229,Old English sheepdog,0.5285606980323792,True,16391,15999,1.024501531345709,44.97259945330593,0.9902599034603541
imagewoof,data/imagewoof2-320/val/n02105641/n02105641_620.JPEG,n02105641,229,Old English sheepdog,jpeg,70,229,Old English sheepdog,0.5993419289588928,True,14535,14168,1.0259034443817052,46.15644078209584,0.9914947305037529
imagewoof,data/imagewoof2-320/val/n02105641/n02105641_6202.JPEG,n02105641,229,Old English sheepdog,jpeg,70,229,Old English sheepdog,0.42236328125,True,23161,22557,1.0267766103648535,43.36624338025193,0.9914479744321865
imagewoof,data/imagewoof2-320/val/n02105641/n02105641_6261.JPEG,n02105641,229,Old English sheepdog,jpeg,70,229,Old English sheepdog,0.30797305703163147,True,42830,41622,1.0290231127768967,38.93384985983973,0.991674355432202
imagewoof,data/imagewoof2-320/val/n02105641/n02105641_6270.JPEG,n02105641,229,Old English sheepdog,jpeg,70,229,Old English sheepdog,0.39252960681915283,True,21199,20474,1.0354107648725213,42.408153256362276,0.9912135339124167
imagewoof,data/imagewoof2-320/val/n02105641/n02105641_6272.JPEG,n02105641,229,Old English sheepdog,jpeg,70,229,Old English sheepdog,0.2504010498523712,True,47098,45539,1.0342343924987374,36.65480987474395,0.9907779993613696
imagewoof,data/imagewoof2-320/val/n02105641/n02105641_6350.JPEG,n02105641,229,Old English sheepdog,jpeg,70,229,Old English sheepdog,0.49382731318473816,True,21496,20923,1.0273861300960665,44.97035223735697,0.9928006115379798
imagewoof,data/imagewoof2-320/val/n02105641/n02105641_6362.JPEG,n02105641,229,Old English sheepdog,jpeg,70,229,Old English sheepdog,0.41539186239242554,True,13046,12734,1.0245013350086383,45.73565119903162,0.9918313803528552
imagewoof,data/imagewoof2-320/val/n02105641/n02105641_6371.JPEG,n02105641,229,Old English sheepdog,jpeg,70,229,Old English sheepdog,0.45824548602104187,True,15946,15538,1.026258205689278,43.68869306807,0.9911595672867065
imagewoof,data/imagewoof2-320/val/n02105641/n02105641_6450.JPEG,n02105641,229,Old English sheepdog,jpeg,70,231,collie,0.19598524272441864,False,20815,20168,1.0320805236017454,42.47336115515266,0.9935174238591621
imagewoof,data/imagewoof2-320/val/n02105641/n02105641_6501.JPEG,n02105641,229,Old English sheepdog,jpeg,70,229,Old English sheepdog,0.41761279106140137,True,14809,14497,1.0215216941436158,46.52231893176187,0.9924075091315037
imagewoof,data/imagewoof2-320/val/n02105641/n02105641_6531.JPEG,n02105641,229,Old English sheepdog,jpeg,70,229,Old English sheepdog,0.4289546012878418,True,48043,46512,1.0329162366701066,36.48634267281051,0.9924413187793997
imagewoof,data/imagewoof2-320/val/n02105641/n02105641_6540.JPEG,n02105641,229,Old English sheepdog,jpeg,70,229,Old English sheepdog,0.37026408314704895,True,21245,20730,1.0248432223830197,44.96141134676995,0.9926042200894344
imagewoof,data/imagewoof2-320/val/n02105641/n02105641_6550.JPEG,n02105641,229,Old English sheepdog,jpeg,70,229,Old English sheepdog,0.4594297707080841,True,23097,22513,1.0259405676720117,43.66028537367042,0.9911241004751585
imagewoof,data/imagewoof2-320/val/n02105641/n02105641_6582.JPEG,n02105641,229,Old English sheepdog,jpeg,70,229,Old English sheepdog,0.2697828412055969,True,43009,41108,1.0462440400895203,37.016382889544275,0.9888388548677368
imagewoof,data/imagewoof2-320/val/n02105641/n02105641_660.JPEG,n02105641,229,Old English sheepdog,jpeg,70,229,Old English sheepdog,0.3962987959384918,True,33471,32499,1.0299086125726946,39.10490695488195,0.9919915542140213
imagewoof,data/imagewoof2-320/val/n02105641/n02105641_6600.JPEG,n02105641,229,Old English sheepdog,jpeg,70,229,Old English sheepdog,0.3262985348701477,True,17967,17294,1.0389152307158551,40.2567929434298,0.9868772293254149
imagewoof,data/imagewoof2-320/val/n02105641/n02105641_6621.JPEG,n02105641,229,Old English sheepdog,jpeg,70,229,Old English sheepdog,0.47580116987228394,True,14602,14174,1.0301961337660506,45.5604786017555,0.9928765742583985
imagewoof,data/imagewoof2-320/val/n02105641/n02105641_6660.JPEG,n02105641,229,Old English sheepdog,jpeg,70,229,Old English sheepdog,0.4218870997428894,True,16689,16966,0.9836732288105623,44.77430642798865,0.9942333394343219
imagewoof,data/imagewoof2-320/val/n02105641/n02105641_6730.JPEG,n02105641,229,Old English sheepdog,jpeg,70,229,Old English sheepdog,0.5032681822776794,True,12265,11940,1.0272194304857623,45.577882823875306,0.9925125748692943
imagewoof,data/imagewoof2-320/val/n02105641/n02105641_6732.JPEG,n02105641,229,Old English sheepdog,jpeg,70,229,Old English sheepdog,0.7043119668960571,True,47125,45817,1.0285483554139294,37.14841769695184,0.9889694699218549
imagewoof,data/imagewoof2-320/val/n02105641/n02105641_6742.JPEG,n02105641,229,Old English sheepdog,jpeg,70,229,Old English sheepdog,0.5012285113334656,True,21818,21258,1.0263430238028037,44.944236918321565,0.9898497190373927
imagewoof,data/imagewoof2-320/val/n02105641/n02105641_6791.JPEG,n02105641,229,Old English sheepdog,jpeg,70,229,Old English sheepdog,0.47277161478996277,True,23676,22967,1.0308703792397789,41.96869091871402,0.9922267039906507
imagewoof,data/imagewoof2-320/val/n02105641/n02105641_6942.JPEG,n02105641,229,Old English sheepdog,jpeg,70,229,Old English sheepdog,0.5847036838531494,True,20948,20282,1.0328369983236367,42.99466059936484,0.9929801229106129
imagewoof,data/imagewoof2-320/val/n02105641/n02105641_6970.JPEG,n02105641,229,Old English sheepdog,jpeg,70,229,Old English sheepdog,0.3310784101486206,True,11830,11567,1.0227370969136336,47.343949737812174,0.9937777904584864
imagewoof,data/imagewoof2-320/val/n02105641/n02105641_6971.JPEG,n02105641,229,Old English sheepdog,jpeg,70,229,Old English sheepdog,0.38207587599754333,True,24455,23801,1.0274778370656694,43.0789791419894,0.9916826813756838
imagewoof,data/imagewoof2-320/val/n02105641/n02105641_7030.JPEG,n02105641,229,Old English sheepdog,jpeg,70,229,Old English sheepdog,0.5535972714424133,True,13288,13004,1.0218394340203014,45.59058439744717,0.9916053777833965
imagewoof,data/imagewoof2-320/val/n02105641/n02105641_7060.JPEG,n02105641,229,Old English sheepdog,jpeg,70,229,Old English sheepdog,0.4883911907672882,True,18964,18444,1.028193450444589,44.70865292334322,0.9914893395581715
imagewoof,data/imagewoof2-320/val/n02105641/n02105641_7061.JPEG,n02105641,229,Old English sheepdog,jpeg,70,229,Old English sheepdog,0.3514242470264435,True,9247,9011,1.026190211963156,47.61730596774455,0.99228946887724
imagewoof,data/imagewoof2-320/val/n02105641/n02105641_7062.JPEG,n02105641,229,Old English sheepdog,jpeg,70,227,kelpie,0.08507834374904633,False,34109,33111,1.0301410407417475,39.67296388936396,0.9913461918225633
imagewoof,data/imagewoof2-320/val/n02105641/n02105641_7072.JPEG,n02105641,229,Old English sheepdog,jpeg,70,229,Old English sheepdog,0.39798063039779663,True,41312,39989,1.0330840981269849,37.60047968922724,0.9882482904367548
imagewoof,data/imagewoof2-320/val/n02105641/n02105641_710.JPEG,n02105641,229,Old English sheepdog,jpeg,70,229,Old English sheepdog,0.6173923015594482,True,18237,17699,1.0303971975817843,44.422032393236684,0.9843240828378579
imagewoof,data/imagewoof2-320/val/n02105641/n02105641_7102.JPEG,n02105641,229,Old English sheepdog,jpeg,70,194,Dandie Dinmont,0.20456594228744507,False,25197,24554,1.0261871792783253,42.985138377794414,0.9919622656612109
imagewoof,data/imagewoof2-320/val/n02105641/n02105641_7110.JPEG,n02105641,229,Old English sheepdog,jpeg,70,229,Old English sheepdog,0.6134929656982422,True,18747,18278,1.0256592625013679,46.123813439206586,0.9935385562571598
imagewoof,data/imagewoof2-320/val/n02105641/n02105641_7171.JPEG,n02105641,229,Old English sheepdog,jpeg,70,229,Old English sheepdog,0.5225039124488831,True,29085,28192,1.0316756526674233,43.52309175376358,0.9928993557412514
imagewoof,data/imagewoof2-320/val/n02105641/n02105641_7191.JPEG,n02105641,229,Old English sheepdog,jpeg,70,229,Old English sheepdog,0.4694143831729889,True,26970,26213,1.0288788005951246,42.018832567479734,0.9920990059888709
imagewoof,data/imagewoof2-320/val/n02105641/n02105641_7212.JPEG,n02105641,229,Old English sheepdog,jpeg,70,229,Old English sheepdog,0.392934113740921,True,22566,21900,1.0304109589041095,41.36751495059649,0.9925819272136888
imagewoof,data/imagewoof2-320/val/n02105641/n02105641_7242.JPEG,n02105641,229,Old English sheepdog,jpeg,70,229,Old English sheepdog,0.6152655482292175,True,27478,26601,1.0329686853877673,42.742371551956985,0.9938113300374
imagewoof,data/imagewoof2-320/val/n02105641/n02105641_7271.JPEG,n02105641,229,Old English sheepdog,jpeg,70,229,Old English sheepdog,0.03261040523648262,True,27764,26936,1.0307395307395308,40.928686711594516,0.9903622763235025
imagewoof,data/imagewoof2-320/val/n02105641/n02105641_7281.JPEG,n02105641,229,Old English sheepdog,jpeg,70,229,Old English sheepdog,0.4864812195301056,True,11090,10817,1.0252380512156791,46.52857517033255,0.9922070252076504
imagewoof,data/imagewoof2-320/val/n02105641/n02105641_7321.JPEG,n02105641,229,Old English sheepdog,jpeg,70,229,Old English sheepdog,0.6758504509925842,True,24554,23797,1.031810732445266,42.143621718249626,0.9909723386459564
imagewoof,data/imagewoof2-320/val/n02105641/n02105641_7460.JPEG,n02105641,229,Old English sheepdog,jpeg,70,229,Old English sheepdog,0.43879613280296326,True,13573,13248,1.0245320048309179,45.47633877989888,0.9919317845677081
imagewoof,data/imagewoof2-320/val/n02105641/n02105641_7480.JPEG,n02105641,229,Old English sheepdog,jpeg,70,229,Old English sheepdog,0.24712562561035156,True,23833,23185,1.0279491050248004,42.90172717236327,0.9930350799408819
imagewoof,data/imagewoof2-320/val/n02105641/n02105641_7510.JPEG,n02105641,229,Old English sheepdog,jpeg,70,229,Old English sheepdog,0.5273213386535645,True,21203,20578,1.0303722422004082,43.63791806543367,0.9915891944273948
imagewoof,data/imagewoof2-320/val/n02105641/n02105641_7511.JPEG,n02105641,229,Old English sheepdog,jpeg,70,229,Old English sheepdog,0.5220445990562439,True,23449,22791,1.0288710455881707,42.951073861245305,0.9929154758765755
imagewoof,data/imagewoof2-320/val/n02105641/n02105641_7512.JPEG,n02105641,229,Old English sheepdog,jpeg,70,229,Old English sheepdog,0.4126429259777069,True,28478,27572,1.0328594226026404,42.108112160457935,0.9922753044213998
imagewoof,data/imagewoof2-320/val/n02105641/n02105641_7531.JPEG,n02105641,229,Old English sheepdog,jpeg,70,229,Old English sheepdog,0.3787100613117218,True,14510,14163,1.0245004589423146,46.40458503406653,0.9924086515069065
imagewoof,data/imagewoof2-320/val/n02105641/n02105641_7561.JPEG,n02105641,229,Old English sheepdog,jpeg,70,229,Old English sheepdog,0.4116515815258026,True,23333,22654,1.0299726317648097,43.56246306185294,0.9879098802030014
imagewoof,data/imagewoof2-320/val/n02105641/n02105641_7562.JPEG,n02105641,229,Old English sheepdog,jpeg,70,229,Old English sheepdog,0.37109580636024475,True,17416,16956,1.0271290398678934,45.37763223358812,0.9919059278425563
imagewoof,data/imagewoof2-320/val/n02105641/n02105641_7580.JPEG,n02105641,229,Old English sheepdog,jpeg,70,229,Old English sheepdog,0.6521818041801453,True,24706,23996,1.0295882647107852,41.875752417006765,0.9905714859529112
imagewoof,data/imagewoof2-320/val/n02105641/n02105641_7602.JPEG,n02105641,229,Old English sheepdog,jpeg,70,229,Old English sheepdog,0.5452651381492615,True,19984,19421,1.0289892384532207,43.746698762036274,0.9900446540251364
imagewoof,data/imagewoof2-320/val/n02105641/n02105641_7611.JPEG,n02105641,229,Old English sheepdog,jpeg,70,262,Brabancon griffon,0.2248331606388092,False,30399,29478,1.031243639324242,41.76081106642051,0.9924039214142875
imagewoof,data/imagewoof2-320/val/n02105641/n02105641_7622.JPEG,n02105641,229,Old English sheepdog,jpeg,70,229,Old English sheepdog,0.3439321517944336,True,23910,23190,1.0310478654592496,42.61340000858476,0.9936013317449574
imagewoof,data/imagewoof2-320/val/n02105641/n02105641_7650.JPEG,n02105641,229,Old English sheepdog,jpeg,70,229,Old English sheepdog,0.3754793405532837,True,14644,14327,1.0221260556990297,45.54675224926466,0.9928765720222826
imagewoof,data/imagewoof2-320/val/n02105641/n02105641_7660.JPEG,n02105641,229,Old English sheepdog,jpeg,70,229,Old English sheepdog,0.42772766947746277,True,26758,25973,1.0302236938359066,40.895932530812345,0.9919755270751652
imagewoof,data/imagewoof2-320/val/n02105641/n02105641_7692.JPEG,n02105641,229,Old English sheepdog,jpeg,70,229,Old English sheepdog,0.5651028752326965,True,14075,13693,1.0278974658584679,45.689620727655026,0.9708691792477908
imagewoof,data/imagewoof2-320/val/n02105641/n02105641_7721.JPEG,n02105641,229,Old English sheepdog,jpeg,70,229,Old English sheepdog,0.3699471354484558,True,22889,22196,1.0312218417732926,43.42110070083392,0.9921889975712497
imagewoof,data/imagewoof2-320/val/n02105641/n02105641_7792.JPEG,n02105641,229,Old English sheepdog,jpeg,70,229,Old English sheepdog,0.3574884533882141,True,21079,20520,1.02724171539961,45.79152141798613,0.9936743392058295
imagewoof,data/imagewoof2-320/val/n02105641/n02105641_7840.JPEG,n02105641,229,Old English sheepdog,jpeg,70,229,Old English sheepdog,0.4350496828556061,True,22890,22273,1.027701701611817,43.88686777791035,0.9913304420976398
imagewoof,data/imagewoof2-320/val/n02105641/n02105641_7871.JPEG,n02105641,229,Old English sheepdog,jpeg,70,229,Old English sheepdog,0.4220653474330902,True,24743,23996,1.0311301883647275,41.035352852830556,0.9926516271943799
imagewoof,data/imagewoof2-320/val/n02105641/n02105641_7901.JPEG,n02105641,229,Old English sheepdog,jpeg,70,229,Old English sheepdog,0.4848933815956116,True,23587,22590,1.0441345728198317,38.45917062161385,0.9886446147528698
imagewoof,data/imagewoof2-320/val/n02105641/n02105641_7902.JPEG,n02105641,229,Old English sheepdog,jpeg,70,200,Tibetan terrier,0.267757385969162,False,25015,24300,1.0294238683127572,42.769176743979,0.9919669199072757
imagewoof,data/imagewoof2-320/val/n02105641/n02105641_7971.JPEG,n02105641,229,Old English sheepdog,jpeg,70,229,Old English sheepdog,0.5963686108589172,True,23580,22878,1.030684500393391,43.57833673681842,0.9922995356700683
imagewoof,data/imagewoof2-320/val/n02105641/n02105641_7990.JPEG,n02105641,229,Old English sheepdog,jpeg,70,229,Old English sheepdog,0.763480544090271,True,23110,22572,1.0238348396243133,43.3721792185332,0.9914246545175932
imagewoof,data/imagewoof2-320/val/n02105641/n02105641_800.JPEG,n02105641,229,Old English sheepdog,jpeg,70,190,Sealyham terrier,0.14726056158542633,False,24587,23866,1.0302103410709795,43.544069445450866,0.993074324592031
imagewoof,data/imagewoof2-320/val/n02105641/n02105641_802.JPEG,n02105641,229,Old English sheepdog,jpeg,70,229,Old English sheepdog,0.6188238859176636,True,27694,26797,1.033473896331679,40.19862166146896,0.986865028245492
imagewoof,data/imagewoof2-320/val/n02105641/n02105641_8040.JPEG,n02105641,229,Old English sheepdog,jpeg,70,229,Old English sheepdog,0.31104183197021484,True,24371,23599,1.0327132505614645,44.49144496890372,0.9921741606516465
imagewoof,data/imagewoof2-320/val/n02105641/n02105641_8090.JPEG,n02105641,229,Old English sheepdog,jpeg,70,200,Tibetan terrier,0.3407856225967407,False,21262,20775,1.0234416365824308,44.15489655523785,0.9913235397004708
imagewoof,data/imagewoof2-320/val/n02105641/n02105641_8121.JPEG,n02105641,229,Old English sheepdog,jpeg,70,229,Old English sheepdog,0.30936217308044434,True,37046,35796,1.0349201028047827,38.81117102852854,0.9915092554774801
imagewoof,data/imagewoof2-320/val/n02105641/n02105641_8162.JPEG,n02105641,229,Old English sheepdog,jpeg,70,229,Old English sheepdog,0.42002609372138977,True,29523,28559,1.03375468328723,40.25115055545635,0.9930685811114291
imagewoof,data/imagewoof2-320/val/n02105641/n02105641_8180.JPEG,n02105641,229,Old English sheepdog,jpeg,70,229,Old English sheepdog,0.3296264708042145,True,17797,17348,1.0258819460456536,44.9208937103736,0.992886208407476
imagewoof,data/imagewoof2-320/val/n02105641/n02105641_8270.JPEG,n02105641,229,Old English sheepdog,jpeg,70,229,Old English sheepdog,0.34362319111824036,True,20194,19708,1.0246600365333876,43.9428777074794,0.9916058114998973
imagewoof,data/imagewoof2-320/val/n02105641/n02105641_8280.JPEG,n02105641,229,Old English sheepdog,jpeg,70,229,Old English sheepdog,0.34092476963996887,True,22656,22063,1.0268775778452612,44.42162946334722,0.9914737407912629
imagewoof,data/imagewoof2-320/val/n02105641/n02105641_8281.JPEG,n02105641,229,Old English sheepdog,jpeg,70,229,Old English sheepdog,0.4910486042499542,True,14038,13609,1.0315232566683812,45.51888422464571,0.9930060553403329
imagewoof,data/imagewoof2-320/val/n02105641/n02105641_8332.JPEG,n02105641,229,Old English sheepdog,jpeg,70,229,Old English sheepdog,0.5174840092658997,True,12718,12410,1.0248186946011282,44.37853188931992,0.9923539466654306
imagewoof,data/imagewoof2-320/val/n02105641/n02105641_8350.JPEG,n02105641,229,Old English sheepdog,jpeg,70,229,Old English sheepdog,0.49476516246795654,True,22430,21875,1.0253714285714286,44.27229034219007,0.9901523193556924
imagewoof,data/imagewoof2-320/val/n02105641/n02105641_8372.JPEG,n02105641,229,Old English sheepdog,jpeg,70,229,Old English sheepdog,0.5888386368751526,True,45349,43936,1.032160415149308,36.70602443748147,0.9924902715494034
imagewoof,data/imagewoof2-320/val/n02105641/n02105641_8401.JPEG,n02105641,229,Old English sheepdog,jpeg,70,229,Old English sheepdog,0.35366013646125793,True,17820,17358,1.026615969581749,45.50630315678301,0.9924052232941073
imagewoof,data/imagewoof2-320/val/n02105641/n02105641_8402.JPEG,n02105641,229,Old English sheepdog,jpeg,70,229,Old English sheepdog,0.7234613299369812,True,18127,17635,1.0278990643606465,44.337939985200016,0.9904736599833889
imagewoof,data/imagewoof2-320/val/n02105641/n02105641_8421.JPEG,n02105641,229,Old English sheepdog,jpeg,70,229,Old English sheepdog,0.2250739485025406,True,22586,22031,1.0251917752258182,44.05805299052701,0.9921080556263333
imagewoof,data/imagewoof2-320/val/n02105641/n02105641_8451.JPEG,n02105641,229,Old English sheepdog,jpeg,70,229,Old English sheepdog,0.28331369161605835,True,25645,24981,1.026580200952724,43.085009571968236,0.9909052410037406
imagewoof,data/imagewoof2-320/val/n02105641/n02105641_8480.JPEG,n02105641,229,Old English sheepdog,jpeg,70,229,Old English sheepdog,0.4764534533023834,True,22651,22140,1.0230803974706413,43.4481734435155,0.9905607805457018
imagewoof,data/imagewoof2-320/val/n02105641/n02105641_8501.JPEG,n02105641,229,Old English sheepdog,jpeg,70,229,Old English sheepdog,0.5205982327461243,True,19914,19473,1.022646741642274,44.24205217805019,0.9918624823179761
imagewoof,data/imagewoof2-320/val/n02105641/n02105641_8581.JPEG,n02105641,229,Old English sheepdog,jpeg,70,229,Old English sheepdog,0.2343873530626297,True,20120,19641,1.0243877602973372,44.742989741045996,0.9924286127570339
imagewoof,data/imagewoof2-320/val/n02105641/n02105641_8592.JPEG,n02105641,229,Old English sheepdog,jpeg,70,229,Old English sheepdog,0.24293528497219086,True,17782,18202,0.9769256125700473,47.841910055528515,0.9960734636132443
imagewoof,data/imagewoof2-320/val/n02105641/n02105641_8610.JPEG,n02105641,229,Old English sheepdog,jpeg,70,229,Old English sheepdog,0.32069703936576843,True,24585,23913,1.028101869276126,42.34754917307534,0.9907632355472321
imagewoof,data/imagewoof2-320/val/n02105641/n02105641_862.JPEG,n02105641,229,Old English sheepdog,jpeg,70,229,Old English sheepdog,0.45189791917800903,True,37162,35948,1.0337710025592524,39.53223610304786,0.9917957647746306
imagewoof,data/imagewoof2-320/val/n02105641/n02105641_8631.JPEG,n02105641,229,Old English sheepdog,jpeg,70,229,Old English sheepdog,0.5534624457359314,True,16388,15918,1.029526322402312,45.77787335193123,0.9926434979847091
imagewoof,data/imagewoof2-320/val/n02105641/n02105641_8641.JPEG,n02105641,229,Old English sheepdog,jpeg,70,229,Old English sheepdog,0.49437230825424194,True,29446,28695,1.026171806935006,42.109301389968856,0.9909414341821509
imagewoof,data/imagewoof2-320/val/n02105641/n02105641_8701.JPEG,n02105641,229,Old English sheepdog,jpeg,70,229,Old English sheepdog,0.5827804803848267,True,30528,29635,1.0301332883414882,41.29138243070195,0.992136410400923
imagewoof,data/imagewoof2-320/val/n02105641/n02105641_871.JPEG,n02105641,229,Old English sheepdog,jpeg,70,229,Old English sheepdog,0.49091339111328125,True,19156,18646,1.0273517108226966,44.45481298428489,0.9917158310954877
imagewoof,data/imagewoof2-320/val/n02105641/n02105641_872.JPEG,n02105641,229,Old English sheepdog,jpeg,70,229,Old English sheepdog,0.24122439324855804,True,44853,43166,1.0390816846592226,36.703536810618004,0.9892648860209189
imagewoof,data/imagewoof2-320/val/n02105641/n02105641_8720.JPEG,n02105641,229,Old English sheepdog,jpeg,70,229,Old English sheepdog,0.21170499920845032,True,17954,17494,1.0262947296215845,44.95200761444151,0.9923196652125363
imagewoof,data/imagewoof2-320/val/n02105641/n02105641_8760.JPEG,n02105641,229,Old English sheepdog,jpeg,70,229,Old English sheepdog,0.4196182191371918,True,14986,14592,1.0270010964912282,45.91571355254541,0.9906614341731063
imagewoof,data/imagewoof2-320/val/n02105641/n02105641_8780.JPEG,n02105641,229,Old English sheepdog,jpeg,70,229,Old English sheepdog,0.4521864354610443,True,28055,27246,1.0296924319166116,42.86627497698671,0.9911940520842594
imagewoof,data/imagewoof2-320/val/n02105641/n02105641_8842.JPEG,n02105641,229,Old English sheepdog,jpeg,70,229,Old English sheepdog,0.4274028241634369,True,27693,27040,1.0241494082840237,41.67711480539993,0.9905308142858829
imagewoof,data/imagewoof2-320/val/n02105641/n02105641_8871.JPEG,n02105641,229,Old English sheepdog,jpeg,70,229,Old English sheepdog,0.41473522782325745,True,16959,16556,1.02434162841266,44.47334034251164,0.9917334741517233
imagewoof,data/imagewoof2-320/val/n02105641/n02105641_8890.JPEG,n02105641,229,Old English sheepdog,jpeg,70,229,Old English sheepdog,0.5589390993118286,True,13808,13423,1.0286821127914774,44.633478595722025,0.9934323356280855
imagewoof,data/imagewoof2-320/val/n02105641/n02105641_8962.JPEG,n02105641,229,Old English sheepdog,jpeg,70,229,Old English sheepdog,0.42671215534210205,True,18102,17626,1.0270055599682288,43.10856764951686,0.9914097388108938
imagewoof,data/imagewoof2-320/val/n02105641/n02105641_9101.JPEG,n02105641,229,Old English sheepdog,jpeg,70,229,Old English sheepdog,0.5147764086723328,True,20126,19633,1.0251107828655834,42.76590363319559,0.9901777082260903
imagewoof,data/imagewoof2-320/val/n02105641/n02105641_9160.JPEG,n02105641,229,Old English sheepdog,jpeg,70,229,Old English sheepdog,0.4219781756401062,True,29356,28760,1.0207232267037551,40.576327303660015,0.9903919774666153
imagewoof,data/imagewoof2-320/val/n02105641/n02105641_9161.JPEG,n02105641,229,Old English sheepdog,jpeg,70,229,Old English sheepdog,0.44247013330459595,True,19306,18771,1.028501411752171,42.716301582626926,0.9913626840265467
imagewoof,data/imagewoof2-320/val/n02105641/n02105641_921.JPEG,n02105641,229,Old English sheepdog,jpeg,70,229,Old English sheepdog,0.38900071382522583,True,34479,33409,1.032027298033464,39.42122534814058,0.9921465747130312
imagewoof,data/imagewoof2-320/val/n02105641/n02105641_9221.JPEG,n02105641,229,Old English sheepdog,jpeg,70,229,Old English sheepdog,0.350409597158432,True,39860,38383,1.038480577338926,38.211247571728556,0.9935812721133629
imagewoof,data/imagewoof2-320/val/n02105641/n02105641_9250.JPEG,n02105641,229,Old English sheepdog,jpeg,70,229,Old English sheepdog,0.3346727192401886,True,13782,13463,1.0236945703037956,45.50691149752704,0.9917941716386368
imagewoof,data/imagewoof2-320/val/n02105641/n02105641_9260.JPEG,n02105641,229,Old English sheepdog,jpeg,70,229,Old English sheepdog,0.4852927327156067,True,19903,19418,1.0249768256257081,45.69666241851576,0.9933036242552354
imagewoof,data/imagewoof2-320/val/n02105641/n02105641_9300.JPEG,n02105641,229,Old English sheepdog,jpeg,70,229,Old English sheepdog,0.314068078994751,True,20540,20032,1.0253594249201279,44.7704277315671,0.9917012517897339
imagewoof,data/imagewoof2-320/val/n02105641/n02105641_9320.JPEG,n02105641,229,Old English sheepdog,jpeg,70,229,Old English sheepdog,0.49561718106269836,True,22407,21794,1.0281270074332385,43.18612468910865,0.9894436325568133
imagewoof,data/imagewoof2-320/val/n02105641/n02105641_9321.JPEG,n02105641,229,Old English sheepdog,jpeg,70,229,Old English sheepdog,0.44794076681137085,True,27200,26332,1.0329636943642717,43.55688968234438,0.9928474957550529
imagewoof,data/imagewoof2-320/val/n02105641/n02105641_9412.JPEG,n02105641,229,Old English sheepdog,jpeg,70,229,Old English sheepdog,0.7066104412078857,True,29848,29049,1.0275052497504218,41.25164560428745,0.9914206914457743
imagewoof,data/imagewoof2-320/val/n02105641/n02105641_9440.JPEG,n02105641,229,Old English sheepdog,jpeg,70,229,Old English sheepdog,0.363777220249176,True,34834,33836,1.0294952122000236,38.11882331524076,0.9918774585826414
imagewoof,data/imagewoof2-320/val/n02105641/n02105641_9470.JPEG,n02105641,229,Old English sheepdog,jpeg,70,229,Old English sheepdog,0.5562965273857117,True,27165,26353,1.0308124312222517,41.137592059495994,0.9903798973126653
imagewoof,data/imagewoof2-320/val/n02105641/n02105641_9481.JPEG,n02105641,229,Old English sheepdog,jpeg,70,229,Old English sheepdog,0.5226786732673645,True,30051,29232,1.0280172413793103,39.728678083750765,0.9911397663311536
imagewoof,data/imagewoof2-320/val/n02105641/n02105641_9492.JPEG,n02105641,229,Old English sheepdog,jpeg,70,229,Old English sheepdog,0.38179728388786316,True,11585,11325,1.0229580573951436,47.09296588279362,0.9933811678818242
imagewoof,data/imagewoof2-320/val/n02105641/n02105641_9502.JPEG,n02105641,229,Old English sheepdog,jpeg,70,229,Old English sheepdog,0.4239715039730072,True,19374,18892,1.0255134448443786,44.32710298395091,0.9915999390297677
imagewoof,data/imagewoof2-320/val/n02105641/n02105641_9531.JPEG,n02105641,229,Old English sheepdog,jpeg,70,229,Old English sheepdog,0.5835172533988953,True,27003,26247,1.0288032918047776,42.13983735641214,0.9902114424943207
imagewoof,data/imagewoof2-320/val/n02105641/n02105641_9540.JPEG,n02105641,229,Old English sheepdog,jpeg,70,229,Old English sheepdog,0.5096883177757263,True,14507,14153,1.025012364869639,45.649737301965615,0.9935380892281932
imagewoof,data/imagewoof2-320/val/n02105641/n02105641_9542.JPEG,n02105641,229,Old English sheepdog,jpeg,70,229,Old English sheepdog,0.32464441657066345,True,22624,22077,1.0247769171535988,43.911553133083856,0.991761433863494
imagewoof,data/imagewoof2-320/val/n02105641/n02105641_9562.JPEG,n02105641,229,Old English sheepdog,jpeg,70,229,Old English sheepdog,0.5103423595428467,True,25472,24689,1.0317145287374945,46.11342240350634,0.9951859019776137
imagewoof,data/imagewoof2-320/val/n02105641/n02105641_9592.JPEG,n02105641,229,Old English sheepdog,jpeg,70,229,Old English sheepdog,0.2852071523666382,True,19109,18546,1.030356950285776,45.46198670334981,0.9932875830381717
imagewoof,data/imagewoof2-320/val/n02105641/n02105641_9612.JPEG,n02105641,229,Old English sheepdog,jpeg,70,229,Old English sheepdog,0.5421723127365112,True,34715,33601,1.0331537751852624,39.372551049540334,0.9907772372228286
imagewoof,data/imagewoof2-320/val/n02105641/n02105641_9640.JPEG,n02105641,229,Old English sheepdog,jpeg,70,229,Old English sheepdog,0.5930171012878418,True,15407,14994,1.0275443510737627,45.840595529566656,0.9941910815306164
imagewoof,data/imagewoof2-320/val/n02105641/n02105641_9661.JPEG,n02105641,229,Old English sheepdog,jpeg,70,229,Old English sheepdog,0.38892683386802673,True,12532,12218,1.0256997871992142,46.957406519305174,0.99271433184355
imagewoof,data/imagewoof2-320/val/n02105641/n02105641_9691.JPEG,n02105641,229,Old English sheepdog,jpeg,70,229,Old English sheepdog,0.5031744241714478,True,28542,27733,1.0291710236901885,41.65181668415195,0.9890698601032643
imagewoof,data/imagewoof2-320/val/n02105641/n02105641_9750.JPEG,n02105641,229,Old English sheepdog,jpeg,70,229,Old English sheepdog,0.36239710450172424,True,14907,14488,1.0289204859193815,44.11861521487471,0.9889724389092188
imagewoof,data/imagewoof2-320/val/n02105641/n02105641_9780.JPEG,n02105641,229,Old English sheepdog,jpeg,70,229,Old English sheepdog,0.30695635080337524,True,28055,27319,1.0269409568432226,42.32274585066911,0.9921891549206402
imagewoof,data/imagewoof2-320/val/n02105641/n02105641_980.JPEG,n02105641,229,Old English sheepdog,jpeg,70,229,Old English sheepdog,0.4927813410758972,True,22012,21462,1.0256266890317771,43.651625634703095,0.9901435824945146
imagewoof,data/imagewoof2-320/val/n02105641/n02105641_9821.JPEG,n02105641,229,Old English sheepdog,jpeg,70,229,Old English sheepdog,0.5519482493400574,True,20534,20003,1.0265460180972854,41.771183628701905,0.9907187897691955
imagewoof,data/imagewoof2-320/val/n02105641/n02105641_9881.JPEG,n02105641,229,Old English sheepdog,jpeg,70,229,Old English sheepdog,0.5505592823028564,True,26721,25985,1.0283240330960168,42.19450975914313,0.991425786752823
imagewoof,data/imagewoof2-320/val/n02105641/n02105641_9891.JPEG,n02105641,229,Old English sheepdog,jpeg,70,229,Old English sheepdog,0.4976908266544342,True,22541,21975,1.0257565415244596,42.88796312266727,0.9899465504134289
imagewoof,data/imagewoof2-320/val/n02105641/n02105641_9921.JPEG,n02105641,229,Old English sheepdog,jpeg,70,229,Old English sheepdog,0.45128133893013,True,33949,32818,1.0344627948077274,42.532461270099574,0.9935616121096341
imagewoof,data/imagewoof2-320/val/n02105641/n02105641_9941.JPEG,n02105641,229,Old English sheepdog,jpeg,70,229,Old English sheepdog,0.6150550842285156,True,18536,18122,1.0228451605783027,46.04328521772708,0.9922666157662133
imagewoof,data/imagewoof2-320/val/n02105641/n02105641_9950.JPEG,n02105641,229,Old English sheepdog,jpeg,70,229,Old English sheepdog,0.40156736969947815,True,31396,30479,1.0300862889202402,41.164745179300866,0.9913662078444917
imagewoof,data/imagewoof2-320/val/n02105641/n02105641_9982.JPEG,n02105641,229,Old English sheepdog,jpeg,70,229,Old English sheepdog,0.4107697606086731,True,32450,31553,1.028428358634678,40.07660843287796,0.9920820369514057
imagewoof,data/imagewoof2-320/val/n02105641/n02105641_9991.JPEG,n02105641,229,Old English sheepdog,jpeg,70,229,Old English sheepdog,0.445171594619751,True,21195,20735,1.0221847118398844,45.14615085946911,0.991292174261836
imagewoof,data/imagewoof2-320/val/n02111889/ILSVRC2012_val_00000590.JPEG,n02111889,258,Samoyed,jpeg,70,258,Samoyed,0.2125547230243683,True,22776,22232,1.0244692335372436,43.84129401569748,0.9910462348686814
imagewoof,data/imagewoof2-320/val/n02111889/ILSVRC2012_val_00003490.JPEG,n02111889,258,Samoyed,jpeg,70,258,Samoyed,0.3757958710193634,True,38522,37234,1.0345920395337596,37.69698958583436,0.9906114320752218
imagewoof,data/imagewoof2-320/val/n02111889/ILSVRC2012_val_00008752.JPEG,n02111889,258,Samoyed,jpeg,70,258,Samoyed,0.415605753660202,True,22027,21341,1.0321446979991566,42.37578450917141,0.990343707884147
imagewoof,data/imagewoof2-320/val/n02111889/ILSVRC2012_val_00009061.JPEG,n02111889,258,Samoyed,jpeg,70,258,Samoyed,0.3162049949169159,True,26240,25572,1.0261223212889097,43.527389045615635,0.9921758292201143
imagewoof,data/imagewoof2-320/val/n02111889/ILSVRC2012_val_00011570.JPEG,n02111889,258,Samoyed,jpeg,70,258,Samoyed,0.4482407569885254,True,35661,34671,1.028554123042312,39.2728708192158,0.9908939276117019
imagewoof,data/imagewoof2-320/val/n02111889/ILSVRC2012_val_00013501.JPEG,n02111889,258,Samoyed,jpeg,70,258,Samoyed,0.37620189785957336,True,18060,17616,1.0252043596730245,45.36877441660576,0.9927595818386948
imagewoof,data/imagewoof2-320/val/n02111889/ILSVRC2012_val_00015430.JPEG,n02111889,258,Samoyed,jpeg,70,258,Samoyed,0.5217660069465637,True,20682,20145,1.026656738644825,42.588607261568924,0.9912715295364823
imagewoof,data/imagewoof2-320/val/n02111889/ILSVRC2012_val_00021632.JPEG,n02111889,258,Samoyed,jpeg,70,258,Samoyed,0.4551466107368469,True,21548,21011,1.0255580410261291,43.52987795907151,0.9925781705296566
imagewoof,data/imagewoof2-320/val/n02111889/ILSVRC2012_val_00022032.JPEG,n02111889,258,Samoyed,jpeg,70,258,Samoyed,0.46670302748680115,True,16004,15534,1.0302562121797347,43.363138154301666,0.9876244187434814
imagewoof,data/imagewoof2-320/val/n02111889/ILSVRC2012_val_00024330.JPEG,n02111889,258,Samoyed,jpeg,70,258,Samoyed,0.4466922879219055,True,14357,14028,1.0234530938123751,45.88715722902024,0.9922022348286506
imagewoof,data/imagewoof2-320/val/n02111889/ILSVRC2012_val_00024951.JPEG,n02111889,258,Samoyed,jpeg,70,258,Samoyed,0.3741435408592224,True,21822,21287,1.0251327101047587,44.03904980742648,0.9925911207088444
imagewoof,data/imagewoof2-320/val/n02111889/ILSVRC2012_val_00029610.JPEG,n02111889,258,Samoyed,jpeg,70,258,Samoyed,0.38936764001846313,True,14377,14024,1.0251711351968056,46.75755492541533,0.9925036784620325
imagewoof,data/imagewoof2-320/val/n02111889/ILSVRC2012_val_00031031.JPEG,n02111889,258,Samoyed,jpeg,70,258,Samoyed,0.48145997524261475,True,16597,16134,1.0286971612743274,45.04338870222522,0.9931257269604727
imagewoof,data/imagewoof2-320/val/n02111889/ILSVRC2012_val_00033101.JPEG,n02111889,258,Samoyed,jpeg,70,258,Samoyed,0.5001314878463745,True,26783,25966,1.0314642224447355,42.73927065013362,0.991717675288859
imagewoof,data/imagewoof2-320/val/n02111889/ILSVRC2012_val_00033280.JPEG,n02111889,258,Samoyed,jpeg,70,258,Samoyed,0.3895166516304016,True,25341,24596,1.0302894779638965,41.93711317484574,0.9902648481629804
imagewoof,data/imagewoof2-320/val/n02111889/ILSVRC2012_val_00034430.JPEG,n02111889,258,Samoyed,jpeg,70,258,Samoyed,0.41119417548179626,True,14987,14684,1.020634704440207,45.089262259805906,0.9918100572694075
imagewoof,data/imagewoof2-320/val/n02111889/ILSVRC2012_val_00034581.JPEG,n02111889,258,Samoyed,jpeg,70,258,Samoyed,0.39461150765419006,True,28027,27172,1.0314662152215517,40.41140111828237,0.9908410430460926
imagewoof,data/imagewoof2-320/val/n02111889/ILSVRC2012_val_00038550.JPEG,n02111889,258,Samoyed,jpeg,70,258,Samoyed,0.5588975548744202,True,16275,15919,1.0223632137697092,45.14175402439634,0.9918833249066158
imagewoof,data/imagewoof2-320/val/n02111889/ILSVRC2012_val_00041480.JPEG,n02111889,258,Samoyed,jpeg,70,258,Samoyed,0.7229697704315186,True,45209,43564,1.037760536222569,37.67272548338121,0.989061199075958
imagewoof,data/imagewoof2-320/val/n02111889/ILSVRC2012_val_00041820.JPEG,n02111889,258,Samoyed,jpeg,70,258,Samoyed,0.5104975700378418,True,20914,20302,1.0301448133188849,41.95860349434278,0.9903338386674435
imagewoof,data/imagewoof2-320/val/n02111889/ILSVRC2012_val_00041880.JPEG,n02111889,258,Samoyed,jpeg,70,258,Samoyed,0.31947606801986694,True,15499,15168,1.0218222573839661,46.45559278975077,0.9920336481179547
imagewoof,data/imagewoof2-320/val/n02111889/ILSVRC2012_val_00049242.JPEG,n02111889,258,Samoyed,jpeg,70,258,Samoyed,0.4042385518550873,True,21647,21206,1.0207960011317552,45.174631572989234,0.9920855741162065
imagewoof,data/imagewoof2-320/val/n02111889/n02111889_1.JPEG,n02111889,258,Samoyed,jpeg,70,258,Samoyed,0.30979183316230774,True,20831,20298,1.0262587447039118,43.0839648307161,0.9911765790657631
imagewoof,data/imagewoof2-320/val/n02111889/n02111889_100.JPEG,n02111889,258,Samoyed,jpeg,70,258,Samoyed,0.4886477291584015,True,17468,17126,1.0199696368095295,44.73059979286311,0.9907723447491733
imagewoof,data/imagewoof2-320/val/n02111889/n02111889_1001.JPEG,n02111889,258,Samoyed,jpeg,70,257,Great Pyrenees,0.25909745693206787,False,31660,30625,1.0337959183673469,39.90291293855212,0.992101224548306
imagewoof,data/imagewoof2-320/val/n02111889/n02111889_10032.JPEG,n02111889,258,Samoyed,jpeg,70,258,Samoyed,0.39569291472435,True,14958,14569,1.026700528519459,45.9860504063606,0.9917127033987025
imagewoof,data/imagewoof2-320/val/n02111889/n02111889_10041.JPEG,n02111889,258,Samoyed,jpeg,70,258,Samoyed,0.37299594283103943,True,27070,26317,1.0286126838165444,41.08329600709063,0.9880170910057643
imagewoof,data/imagewoof2-320/val/n02111889/n02111889_10130.JPEG,n02111889,258,Samoyed,jpeg,70,258,Samoyed,0.38989871740341187,True,38783,37680,1.0292728237791933,39.589575809846366,0.9911874196854916
imagewoof,data/imagewoof2-320/val/n02111889/n02111889_10170.JPEG,n02111889,258,Samoyed,jpeg,70,258,Samoyed,0.0654822364449501,True,19830,19407,1.0217962590817746,46.07487310039392,0.9933265604883994
imagewoof,data/imagewoof2-320/val/n02111889/n02111889_10180.JPEG,n02111889,258,Samoyed,jpeg,70,258,Samoyed,0.5528629422187805,True,29897,29029,1.0299011333494092,41.84089326886766,0.990155537653548
imagewoof,data/imagewoof2-320/val/n02111889/n02111889_1020.JPEG,n02111889,258,Samoyed,jpeg,70,258,Samoyed,0.3674570322036743,True,16976,16548,1.0258641527677062,45.69297766290684,0.991953320005167
imagewoof,data/imagewoof2-320/val/n02111889/n02111889_10421.JPEG,n02111889,258,Samoyed,jpeg,70,258,Samoyed,0.6070727109909058,True,14173,13878,1.0212566652255368,46.347231614550935,0.9916686451516098
imagewoof,data/imagewoof2-320/val/n02111889/n02111889_10472.JPEG,n02111889,258,Samoyed,jpeg,70,258,Samoyed,0.6990483999252319,True,24110,23549,1.0238226676291986,42.83658994243651,0.9903562205593109
imagewoof,data/imagewoof2-320/val/n02111889/n02111889_1051.JPEG,n02111889,258,Samoyed,jpeg,70,258,Samoyed,0.48624876141548157,True,15690,15335,1.023149657645908,45.33901071346438,0.9912155438988285
imagewoof,data/imagewoof2-320/val/n02111889/n02111889_10510.JPEG,n02111889,258,Samoyed,jpeg,70,258,Samoyed,0.6375086903572083,True,20637,20169,1.0232039268183846,45.210473559853796,0.9921202279243214
imagewoof,data/imagewoof2-320/val/n02111889/n02111889_10590.JPEG,n02111889,258,Samoyed,jpeg,70,258,Samoyed,0.5607964992523193,True,20163,19605,1.0284621270084162,44.34152431267809,0.9931925867953453
imagewoof,data/imagewoof2-320/val/n02111889/n02111889_10592.JPEG,n02111889,258,Samoyed,jpeg,70,258,Samoyed,0.6939157843589783,True,19564,20146,0.9711108904993547,46.03298884171365,0.9936443001758842
imagewoof,data/imagewoof2-320/val/n02111889/n02111889_10602.JPEG,n02111889,258,Samoyed,jpeg,70,258,Samoyed,0.38167256116867065,True,24219,23507,1.0302888501297487,42.20866287496793,0.9906323016626892
imagewoof,data/imagewoof2-320/val/n02111889/n02111889_1062.JPEG,n02111889,258,Samoyed,jpeg,70,257,Great Pyrenees,0.18327511847019196,False,24257,23458,1.034060874754881,40.629480170710266,0.9840788618780322
imagewoof,data/imagewoof2-320/val/n02111889/n02111889_10751.JPEG,n02111889,258,Samoyed,jpeg,70,258,Samoyed,0.4655258357524872,True,8898,8726,1.0197112078844832,49.398223431807665,0.9952694638788507
imagewoof,data/imagewoof2-320/val/n02111889/n02111889_10852.JPEG,n02111889,258,Samoyed,jpeg,70,258,Samoyed,0.35616564750671387,True,33723,33001,1.021878124905306,41.56099456116997,0.9905276336823187
imagewoof,data/imagewoof2-320/val/n02111889/n02111889_10862.JPEG,n02111889,258,Samoyed,jpeg,70,258,Samoyed,0.18523690104484558,True,52426,50435,1.0394765539803708,35.68012153469792,0.9847774378657298
imagewoof,data/imagewoof2-320/val/n02111889/n02111889_10950.JPEG,n02111889,258,Samoyed,jpeg,70,258,Samoyed,0.5605425834655762,True,19452,18924,1.0279010779961952,44.67589645505942,0.9918990998412224
imagewoof,data/imagewoof2-320/val/n02111889/n02111889_11040.JPEG,n02111889,258,Samoyed,jpeg,70,258,Samoyed,0.2922493815422058,True,40682,39536,1.0289862403885066,39.62932902477223,0.99186411327333
imagewoof,data/imagewoof2-320/val/n02111889/n02111889_111.JPEG,n02111889,258,Samoyed,jpeg,70,258,Samoyed,0.45957913994789124,True,16824,16419,1.0246665448565686,45.74946482177356,0.9916517139944151
imagewoof,data/imagewoof2-320/val/n02111889/n02111889_1110.JPEG,n02111889,258,Samoyed,jpeg,70,258,Samoyed,0.5297329425811768,True,19212,18716,1.0265013891857235,44.78959382728764,0.9923345224465446
imagewoof,data/imagewoof2-320/val/n02111889/n02111889_11220.JPEG,n02111889,258,Samoyed,jpeg,70,258,Samoyed,0.5589789152145386,True,18318,17904,1.0231233243967828,45.63951469818271,0.9922375474270475
imagewoof,data/imagewoof2-320/val/n02111889/n02111889_11311.JPEG,n02111889,258,Samoyed,jpeg,70,258,Samoyed,0.5371586084365845,True,13761,13424,1.0251042908224077,46.569301826109026,0.9934268083782772
imagewoof,data/imagewoof2-320/val/n02111889/n02111889_11312.JPEG,n02111889,258,Samoyed,jpeg,70,258,Samoyed,0.4073142409324646,True,32119,31137,1.0315380415582747,39.60641266108235,0.990410313613475
imagewoof,data/imagewoof2-320/val/n02111889/n02111889_11451.JPEG,n02111889,258,Samoyed,jpeg,70,258,Samoyed,0.18465732038021088,True,33490,32555,1.0287206266318538,39.62906552733368,0.9886271770789558
imagewoof,data/imagewoof2-320/val/n02111889/n02111889_11502.JPEG,n02111889,258,Samoyed,jpeg,70,258,Samoyed,0.5494011044502258,True,19647,19141,1.0264354004492973,43.87934355573479,0.9915301076346729
imagewoof,data/imagewoof2-320/val/n02111889/n02111889_11571.JPEG,n02111889,258,Samoyed,jpeg,70,257,Great Pyrenees,0.3233751654624939,False,15919,15567,1.022611935504593,45.731732725764715,0.9916093052463409
imagewoof,data/imagewoof2-320/val/n02111889/n02111889_11661.JPEG,n02111889,258,Samoyed,jpeg,70,258,Samoyed,0.42667508125305176,True,26252,25474,1.0305409437073094,43.59742330516792,0.9923404412193246
imagewoof,data/imagewoof2-320/val/n02111889/n02111889_11692.JPEG,n02111889,258,Samoyed,jpeg,70,258,Samoyed,0.42212802171707153,True,17139,16669,1.0281960525526426,43.07933775486898,0.9908889864056181
imagewoof,data/imagewoof2-320/val/n02111889/n02111889_1170.JPEG,n02111889,258,Samoyed,jpeg,70,258,Samoyed,0.38418763875961304,True,30522,29714,1.027192569159319,39.43998396452285,0.9904411740339322
imagewoof,data/imagewoof2-320/val/n02111889/n02111889_11772.JPEG,n02111889,258,Samoyed,jpeg,70,258,Samoyed,0.4102175831794739,True,9393,9198,1.0212002609262882,48.07225363470981,0.9928936170208752
imagewoof,data/imagewoof2-320/val/n02111889/n02111889_11810.JPEG,n02111889,258,Samoyed,jpeg,70,258,Samoyed,0.5982877016067505,True,18948,18461,1.026379936081469,44.30233060994178,0.9927583134193737
imagewoof,data/imagewoof2-320/val/n02111889/n02111889_11820.JPEG,n02111889,258,Samoyed,jpeg,70,258,Samoyed,0.5157567262649536,True,15087,14759,1.0222237278948438,47.4578553193438,0.9937974766097089
imagewoof,data/imagewoof2-320/val/n02111889/n02111889_11950.JPEG,n02111889,258,Samoyed,jpeg,70,258,Samoyed,0.22391779720783234,True,26214,25351,1.034042049623289,42.50686841172316,0.992866318561742
imagewoof,data/imagewoof2-320/val/n02111889/n02111889_12022.JPEG,n02111889,258,Samoyed,jpeg,70,258,Samoyed,0.5837866067886353,True,23202,22659,1.0239639878194096,44.22549480835768,0.9919563971569528
imagewoof,data/imagewoof2-320/val/n02111889/n02111889_1210.JPEG,n02111889,258,Samoyed,jpeg,70,258,Samoyed,0.7862892150878906,True,36755,35515,1.0349148247219484,39.410852883260944,0.9905621117651031
imagewoof,data/imagewoof2-320/val/n02111889/n02111889_12171.JPEG,n02111889,258,Samoyed,jpeg,70,258,Samoyed,0.4455370306968689,True,19303,18885,1.0221339687582738,44.96123678054957,0.9900281432506429
imagewoof,data/imagewoof2-320/val/n02111889/n02111889_12181.JPEG,n02111889,258,Samoyed,jpeg,70,258,Samoyed,0.5316727161407471,True,13380,13111,1.0205171230264662,46.28756116862938,0.99361032718646
imagewoof,data/imagewoof2-320/val/n02111889/n02111889_12351.JPEG,n02111889,258,Samoyed,jpeg,70,258,Samoyed,0.4320453405380249,True,16659,16229,1.0264957791607616,45.71596140250237,0.9915685880569468
imagewoof,data/imagewoof2-320/val/n02111889/n02111889_12522.JPEG,n02111889,258,Samoyed,jpeg,70,258,Samoyed,0.48055943846702576,True,17787,17226,1.0325670498084292,43.349485996801995,0.9902487745717986
imagewoof,data/imagewoof2-320/val/n02111889/n02111889_12661.JPEG,n02111889,258,Samoyed,jpeg,70,258,Samoyed,0.48010942339897156,True,25190,24534,1.0267384038477216,42.652839083683254,0.9927827130350929
imagewoof,data/imagewoof2-320/val/n02111889/n02111889_12771.JPEG,n02111889,258,Samoyed,jpeg,70,258,Samoyed,0.35084763169288635,True,15854,15505,1.0225088681070622,46.5077153685942,0.9929638708977094
imagewoof,data/imagewoof2-320/val/n02111889/n02111889_12811.JPEG,n02111889,258,Samoyed,jpeg,70,258,Samoyed,0.4173630475997925,True,22376,21976,1.018201674554059,44.46772377347496,0.9909257768866127
imagewoof,data/imagewoof2-320/val/n02111889/n02111889_12900.JPEG,n02111889,258,Samoyed,jpeg,70,258,Samoyed,0.2106102555990219,True,14608,14218,1.027430018286679,46.20188423892276,0.9917538633609512
imagewoof,data/imagewoof2-320/val/n02111889/n02111889_13000.JPEG,n02111889,258,Samoyed,jpeg,70,258,Samoyed,0.49719902873039246,True,33894,32997,1.0271842894808618,40.8691528976516,0.9913378897896553
imagewoof,data/imagewoof2-320/val/n02111889/n02111889_13062.JPEG,n02111889,258,Samoyed,jpeg,70,258,Samoyed,0.2960055470466614,True,24892,24156,1.030468620632555,40.67047740232965,0.9909558215202674
imagewoof,data/imagewoof2-320/val/n02111889/n02111889_1311.JPEG,n02111889,258,Samoyed,jpeg,70,258,Samoyed,0.46677350997924805,True,19533,19126,1.0212799330753948,44.98270313823554,0.99193511125529
imagewoof,data/imagewoof2-320/val/n02111889/n02111889_13112.JPEG,n02111889,258,Samoyed,jpeg,70,258,Samoyed,0.44783854484558105,True,13870,13648,1.01626611957796,46.870682426162425,0.9915233417969999
imagewoof,data/imagewoof2-320/val/n02111889/n02111889_13190.JPEG,n02111889,258,Samoyed,jpeg,70,212,English setter,0.0886809453368187,False,18186,17784,1.022604588394062,45.99568944757521,0.9909559732386021
imagewoof,data/imagewoof2-320/val/n02111889/n02111889_13272.JPEG,n02111889,258,Samoyed,jpeg,70,258,Samoyed,0.5254156589508057,True,33844,32725,1.0341940412528647,40.33877109678505,0.992387536552135
imagewoof,data/imagewoof2-320/val/n02111889/n02111889_13281.JPEG,n02111889,258,Samoyed,jpeg,70,258,Samoyed,0.5306767225265503,True,20877,20284,1.0292348649181622,44.267817340851224,0.9917376791869706
imagewoof,data/imagewoof2-320/val/n02111889/n02111889_1331.JPEG,n02111889,258,Samoyed,jpeg,70,258,Samoyed,0.6231516599655151,True,12987,12691,1.0233236151603498,47.76756839129788,0.9944313433712356
imagewoof,data/imagewoof2-320/val/n02111889/n02111889_13381.JPEG,n02111889,258,Samoyed,jpeg,70,258,Samoyed,0.42418453097343445,True,26377,25620,1.0295472287275567,41.94795253848877,0.9924437725497569
imagewoof,data/imagewoof2-320/val/n02111889/n02111889_1340.JPEG,n02111889,258,Samoyed,jpeg,70,258,Samoyed,0.5247116684913635,True,24780,24122,1.0272780034822984,43.261553952007226,0.990788113070573
imagewoof,data/imagewoof2-320/val/n02111889/n02111889_13401.JPEG,n02111889,258,Samoyed,jpeg,70,250,Siberian husky,0.17322386801242828,False,30872,29930,1.0314734380220514,41.58693879883767,0.9930793165273496
imagewoof,data/imagewoof2-320/val/n02111889/n02111889_13412.JPEG,n02111889,258,Samoyed,jpeg,70,257,Great Pyrenees,0.23907534778118134,False,24135,23426,1.030265516946982,41.381073819371295,0.9921068478256846
imagewoof,data/imagewoof2-320/val/n02111889/n02111889_13491.JPEG,n02111889,258,Samoyed,jpeg,70,258,Samoyed,0.23114874958992004,True,20771,20254,1.02552582205984,44.20812354229581,0.9918119338703894
imagewoof,data/imagewoof2-320/val/n02111889/n02111889_13561.JPEG,n02111889,258,Samoyed,jpeg,70,258,Samoyed,0.39468497037887573,True,12662,12420,1.0194847020933977,46.457548311983004,0.9919771640955947
imagewoof,data/imagewoof2-320/val/n02111889/n02111889_13580.JPEG,n02111889,258,Samoyed,jpeg,70,258,Samoyed,0.42639413475990295,True,36458,35215,1.0352974584694024,40.00961152481196,0.9860512099415212
imagewoof,data/imagewoof2-320/val/n02111889/n02111889_13662.JPEG,n02111889,258,Samoyed,jpeg,70,258,Samoyed,0.69670569896698,True,29973,29197,1.026578073089701,41.04130803396988,0.9909378229959307
imagewoof,data/imagewoof2-320/val/n02111889/n02111889_13672.JPEG,n02111889,258,Samoyed,jpeg,70,258,Samoyed,0.19897878170013428,True,35038,33858,1.0348514383602103,39.87571414249615,0.9896970687809308
imagewoof,data/imagewoof2-320/val/n02111889/n02111889_13720.JPEG,n02111889,258,Samoyed,jpeg,70,258,Samoyed,0.5023465752601624,True,16380,15954,1.0267017675817978,44.97470858936228,0.9919188296294957
imagewoof,data/imagewoof2-320/val/n02111889/n02111889_13762.JPEG,n02111889,258,Samoyed,jpeg,70,258,Samoyed,0.17036786675453186,True,21504,20992,1.024390243902439,43.540094528162996,0.9919224997257942
imagewoof,data/imagewoof2-320/val/n02111889/n02111889_13771.JPEG,n02111889,258,Samoyed,jpeg,70,258,Samoyed,0.43231889605522156,True,20016,19504,1.026251025430681,41.5810146790139,0.9905455899014778
imagewoof,data/imagewoof2-320/val/n02111889/n02111889_13772.JPEG,n02111889,258,Samoyed,jpeg,70,258,Samoyed,0.4659975469112396,True,32991,31957,1.0323559783459022,39.893647250961536,0.9890068841702782
imagewoof,data/imagewoof2-320/val/n02111889/n02111889_1381.JPEG,n02111889,258,Samoyed,jpeg,70,258,Samoyed,0.4996628761291504,True,32026,31077,1.0305370531261062,39.863424261007275,0.9899765587283474
imagewoof,data/imagewoof2-320/val/n02111889/n02111889_13881.JPEG,n02111889,258,Samoyed,jpeg,70,258,Samoyed,0.5443410873413086,True,17001,16636,1.0219403702813177,45.50049822350316,0.9918254404519571
imagewoof,data/imagewoof2-320/val/n02111889/n02111889_14000.JPEG,n02111889,258,Samoyed,jpeg,70,258,Samoyed,0.5231269598007202,True,42684,41259,1.034537918999491,37.83274185933546,0.9921970170345763
imagewoof,data/imagewoof2-320/val/n02111889/n02111889_1402.JPEG,n02111889,258,Samoyed,jpeg,70,258,Samoyed,0.4067539870738983,True,25530,24834,1.0280260932592413,42.06203632285715,0.9917059685858037
imagewoof,data/imagewoof2-320/val/n02111889/n02111889_14190.JPEG,n02111889,258,Samoyed,jpeg,70,258,Samoyed,0.4821251928806305,True,18828,18359,1.025546053706629,45.38269903819274,0.9923940517072608
imagewoof,data/imagewoof2-320/val/n02111889/n02111889_1421.JPEG,n02111889,258,Samoyed,jpeg,70,258,Samoyed,0.5206413269042969,True,26166,25499,1.0261578885446487,41.69496891324583,0.991320201877226
imagewoof,data/imagewoof2-320/val/n02111889/n02111889_14252.JPEG,n02111889,258,Samoyed,jpeg,70,258,Samoyed,0.5008945465087891,True,21044,21466,0.9803410043790179,43.814182474191945,0.9939414163116557
imagewoof,data/imagewoof2-320/val/n02111889/n02111889_14260.JPEG,n02111889,258,Samoyed,jpeg,70,258,Samoyed,0.49036508798599243,True,45127,43725,1.0320640365923386,36.866116511186995,0.9912632900976623
imagewoof,data/imagewoof2-320/val/n02111889/n02111889_14292.JPEG,n02111889,258,Samoyed,jpeg,70,258,Samoyed,0.33866214752197266,True,18786,18254,1.0291442971403528,43.199665653389786,0.9919635901172877
imagewoof,data/imagewoof2-320/val/n02111889/n02111889_14300.JPEG,n02111889,258,Samoyed,jpeg,70,258,Samoyed,0.4284418225288391,True,17319,16866,1.0268587691213091,46.311304732544194,0.9930731495816945
imagewoof,data/imagewoof2-320/val/n02111889/n02111889_14322.JPEG,n02111889,258,Samoyed,jpeg,70,258,Samoyed,0.5751031041145325,True,14142,13827,1.0227815144282926,46.689282449675005,0.9918654091469571
imagewoof,data/imagewoof2-320/val/n02111889/n02111889_14421.JPEG,n02111889,258,Samoyed,jpeg,70,258,Samoyed,0.5130382180213928,True,20735,20381,1.0173691182964526,43.699970529232374,0.9897970654115017
imagewoof,data/imagewoof2-320/val/n02111889/n02111889_14441.JPEG,n02111889,258,Samoyed,jpeg,70,258,Samoyed,0.46852970123291016,True,28892,28251,1.0226894623199179,41.445505808155545,0.9903194569603935
imagewoof,data/imagewoof2-320/val/n02111889/n02111889_14450.JPEG,n02111889,258,Samoyed,jpeg,70,258,Samoyed,0.43160080909729004,True,14179,13858,1.0231635156588252,47.165256193508604,0.9935202697625781
imagewoof,data/imagewoof2-320/val/n02111889/n02111889_14501.JPEG,n02111889,258,Samoyed,jpeg,70,258,Samoyed,0.5014798641204834,True,23042,22446,1.0265526151652855,43.7598417884135,0.9917924394907978
imagewoof,data/imagewoof2-320/val/n02111889/n02111889_1451.JPEG,n02111889,258,Samoyed,jpeg,70,258,Samoyed,0.5348708033561707,True,29443,28605,1.029295577696207,40.577797094558115,0.9896174632926833
imagewoof,data/imagewoof2-320/val/n02111889/n02111889_14541.JPEG,n02111889,258,Samoyed,jpeg,70,258,Samoyed,0.3643123507499695,True,16892,16498,1.0238816826281973,45.67825774950851,0.9926865486751755
imagewoof,data/imagewoof2-320/val/n02111889/n02111889_14571.JPEG,n02111889,258,Samoyed,jpeg,70,258,Samoyed,0.28783169388771057,True,37678,36369,1.035992191151805,38.38639501932423,0.9930799664679154
imagewoof,data/imagewoof2-320/val/n02111889/n02111889_14572.JPEG,n02111889,258,Samoyed,jpeg,70,258,Samoyed,0.4061383008956909,True,19585,19205,1.0197865139286644,45.58338629526571,0.9914812798720192
imagewoof,data/imagewoof2-320/val/n02111889/n02111889_14592.JPEG,n02111889,258,Samoyed,jpeg,70,258,Samoyed,0.34527188539505005,True,20843,20374,1.0230195347010895,44.192984325507325,0.9909278996555605
imagewoof,data/imagewoof2-320/val/n02111889/n02111889_14690.JPEG,n02111889,258,Samoyed,jpeg,70,258,Samoyed,0.3050880432128906,True,33059,31989,1.0334489980930945,39.43442727820613,0.9928602850552704
imagewoof,data/imagewoof2-320/val/n02111889/n02111889_1472.JPEG,n02111889,258,Samoyed,jpeg,70,258,Samoyed,0.23448728024959564,True,21720,21181,1.0254473348755961,44.934837380972695,0.9925901309376877
imagewoof,data/imagewoof2-320/val/n02111889/n02111889_1491.JPEG,n02111889,258,Samoyed,jpeg,70,258,Samoyed,0.35265883803367615,True,20187,19657,1.0269624052500381,44.41762673634347,0.9917246792692275
imagewoof,data/imagewoof2-320/val/n02111889/n02111889_14982.JPEG,n02111889,258,Samoyed,jpeg,70,258,Samoyed,0.6600077152252197,True,22715,22161,1.0249988718920626,44.47130856761446,0.9921953361964796
imagewoof,data/imagewoof2-320/val/n02111889/n02111889_1501.JPEG,n02111889,258,Samoyed,jpeg,70,258,Samoyed,0.5550360083580017,True,14757,14451,1.0211750051899522,46.181993435401914,0.9921584730970444
imagewoof,data/imagewoof2-320/val/n02111889/n02111889_15020.JPEG,n02111889,258,Samoyed,jpeg,70,258,Samoyed,0.4977838099002838,True,30594,29836,1.0254055503418689,40.946543652743046,0.990320962149955
imagewoof,data/imagewoof2-320/val/n02111889/n02111889_15030.JPEG,n02111889,258,Samoyed,jpeg,70,258,Samoyed,0.463105708360672,True,17295,16994,1.017712133694245,45.78286143145035,0.9909094453368766
imagewoof,data/imagewoof2-320/val/n02111889/n02111889_15060.JPEG,n02111889,258,Samoyed,jpeg,70,258,Samoyed,0.2771705090999603,True,18940,18592,1.0187177280550774,44.49774937157165,0.9911332571188741
imagewoof,data/imagewoof2-320/val/n02111889/n02111889_15201.JPEG,n02111889,258,Samoyed,jpeg,70,258,Samoyed,0.3950148820877075,True,21945,21387,1.0260906157946417,44.439772934089206,0.9928228249383353
imagewoof,data/imagewoof2-320/val/n02111889/n02111889_1532.JPEG,n02111889,258,Samoyed,jpeg,70,258,Samoyed,0.446157306432724,True,39346,38179,1.0305665418161816,38.53859641297214,0.9904116330597663
imagewoof,data/imagewoof2-320/val/n02111889/n02111889_15351.JPEG,n02111889,258,Samoyed,jpeg,70,258,Samoyed,0.13910195231437683,True,36997,35896,1.030671941163361,38.61693596108942,0.9903918444190646
imagewoof,data/imagewoof2-320/val/n02111889/n02111889_15370.JPEG,n02111889,258,Samoyed,jpeg,70,258,Samoyed,0.531850278377533,True,18693,18264,1.0234888304862024,45.18458677361877,0.9931819571015463
imagewoof,data/imagewoof2-320/val/n02111889/n02111889_15472.JPEG,n02111889,258,Samoyed,jpeg,70,258,Samoyed,0.545680820941925,True,19970,19542,1.0219015453894176,44.685202260410136,0.9911935313833569
imagewoof,data/imagewoof2-320/val/n02111889/n02111889_15561.JPEG,n02111889,258,Samoyed,jpeg,70,258,Samoyed,0.3890119194984436,True,16075,15542,1.03429417063441,45.4364535221815,0.9945673932504743
imagewoof,data/imagewoof2-320/val/n02111889/n02111889_15590.JPEG,n02111889,258,Samoyed,jpeg,70,258,Samoyed,0.44474416971206665,True,19897,19400,1.025618556701031,45.206963261673785,0.9917597616255014
imagewoof,data/imagewoof2-320/val/n02111889/n02111889_15610.JPEG,n02111889,258,Samoyed,jpeg,70,258,Samoyed,0.3000901937484741,True,25783,24898,1.0355450236966826,41.94067858174093,0.9911091904778336
imagewoof,data/imagewoof2-320/val/n02111889/n02111889_15691.JPEG,n02111889,258,Samoyed,jpeg,70,258,Samoyed,0.4310711622238159,True,19539,19004,1.0281519680067355,44.532195594445874,0.9904985950433378
imagewoof,data/imagewoof2-320/val/n02111889/n02111889_15842.JPEG,n02111889,258,Samoyed,jpeg,70,258,Samoyed,0.3978932201862335,True,19926,19513,1.0211653769282016,44.635830499783616,0.9907295814883694
imagewoof,data/imagewoof2-320/val/n02111889/n02111889_15862.JPEG,n02111889,258,Samoyed,jpeg,70,258,Samoyed,0.5502610802650452,True,19080,18677,1.02157734111474,44.19356491446722,0.9907107908627989
imagewoof,data/imagewoof2-320/val/n02111889/n02111889_15962.JPEG,n02111889,258,Samoyed,jpeg,70,258,Samoyed,0.7570347785949707,True,24685,24002,1.0284559620031664,42.655372003362785,0.9910846568949783
imagewoof,data/imagewoof2-320/val/n02111889/n02111889_16090.JPEG,n02111889,258,Samoyed,jpeg,70,258,Samoyed,0.37708014249801636,True,16943,16541,1.0243032464784474,45.113532248350225,0.9914271395290021
imagewoof,data/imagewoof2-320/val/n02111889/n02111889_16101.JPEG,n02111889,258,Samoyed,jpeg,70,258,Samoyed,0.45247769355773926,True,11191,10947,1.0222892116561615,47.855803364321005,0.9942283540276439
imagewoof,data/imagewoof2-320/val/n02111889/n02111889_1622.JPEG,n02111889,258,Samoyed,jpeg,70,258,Samoyed,0.1903124302625656,True,21579,21140,1.0207663197729422,44.02993220327791,0.9911871395793558
imagewoof,data/imagewoof2-320/val/n02111889/n02111889_16242.JPEG,n02111889,258,Samoyed,jpeg,70,258,Samoyed,0.7610512375831604,True,35888,34665,1.035280542333766,39.85402367282725,0.9905312148790065
imagewoof,data/imagewoof2-320/val/n02111889/n02111889_16330.JPEG,n02111889,258,Samoyed,jpeg,70,258,Samoyed,0.4939457178115845,True,12858,12592,1.0211245235069886,47.51521810499032,0.9932152858920418
imagewoof,data/imagewoof2-320/val/n02111889/n02111889_16371.JPEG,n02111889,258,Samoyed,jpeg,70,258,Samoyed,0.40699151158332825,True,15111,14768,1.0232258938244854,46.85864448557024,0.9929121355977301
imagewoof,data/imagewoof2-320/val/n02111889/n02111889_16400.JPEG,n02111889,258,Samoyed,jpeg,70,258,Samoyed,0.4582116901874542,True,34130,33163,1.0291590025027892,39.21539878560999,0.9914229216714842
imagewoof,data/imagewoof2-320/val/n02111889/n02111889_1642.JPEG,n02111889,258,Samoyed,jpeg,70,258,Samoyed,0.4472869038581848,True,23333,22684,1.0286104743431495,43.332070254809224,0.9931414532074547
imagewoof,data/imagewoof2-320/val/n02111889/n02111889_16421.JPEG,n02111889,258,Samoyed,jpeg,70,258,Samoyed,0.37550583481788635,True,24974,24304,1.027567478604345,43.515060872417166,0.99208827784408
imagewoof,data/imagewoof2-320/val/n02111889/n02111889_16490.JPEG,n02111889,258,Samoyed,jpeg,70,258,Samoyed,0.30527520179748535,True,14264,13967,1.0212644089639866,46.11509218715181,0.989902649582151
imagewoof,data/imagewoof2-320/val/n02111889/n02111889_16541.JPEG,n02111889,258,Samoyed,jpeg,70,258,Samoyed,0.4503922164440155,True,13527,13149,1.0287474332648872,44.286443369184454,0.9874328507189384
imagewoof,data/imagewoof2-320/val/n02111889/n02111889_16560.JPEG,n02111889,258,Samoyed,jpeg,70,258,Samoyed,0.17436131834983826,True,40100,38922,1.0302656595241766,39.090992320823574,0.9903788430558009
imagewoof,data/imagewoof2-320/val/n02111889/n02111889_1660.JPEG,n02111889,258,Samoyed,jpeg,70,258,Samoyed,0.5685377717018127,True,16776,16401,1.0228644594841778,45.592586561717226,0.9935061757295961
imagewoof,data/imagewoof2-320/val/n02111889/n02111889_16622.JPEG,n02111889,258,Samoyed,jpeg,70,258,Samoyed,0.4969642162322998,True,16731,16349,1.0233653434460823,46.18929914223588,0.9922528039061108
imagewoof,data/imagewoof2-320/val/n02111889/n02111889_16681.JPEG,n02111889,258,Samoyed,jpeg,70,258,Samoyed,0.5468587875366211,True,29198,28294,1.0319502367993214,39.84370899057825,0.9901327260118075
imagewoof,data/imagewoof2-320/val/n02111889/n02111889_16732.JPEG,n02111889,258,Samoyed,jpeg,70,258,Samoyed,0.3814941942691803,True,12247,11985,1.0218606591572799,47.00147852057618,0.9923911902764396
imagewoof,data/imagewoof2-320/val/n02111889/n02111889_1682.JPEG,n02111889,258,Samoyed,jpeg,70,258,Samoyed,0.42897120118141174,True,15783,15364,1.0272715438687843,44.449320289128735,0.9923139136974332
imagewoof,data/imagewoof2-320/val/n02111889/n02111889_16830.JPEG,n02111889,258,Samoyed,jpeg,70,258,Samoyed,0.48286956548690796,True,15628,15281,1.0227079379621753,45.991410168858344,0.9919052599815316
imagewoof,data/imagewoof2-320/val/n02111889/n02111889_16842.JPEG,n02111889,258,Samoyed,jpeg,70,222,kuvasz,0.1426655799150467,False,34548,33489,1.0316223237480964,39.55166247261695,0.9902633415440111
imagewoof,data/imagewoof2-320/val/n02111889/n02111889_16902.JPEG,n02111889,258,Samoyed,jpeg,70,258,Samoyed,0.47961947321891785,True,23638,23118,1.0224932952677568,42.82563435316618,0.9923132754102771
imagewoof,data/imagewoof2-320/val/n02111889/n02111889_16930.JPEG,n02111889,258,Samoyed,jpeg,70,258,Samoyed,0.4135635495185852,True,51985,50392,1.0316121606604223,36.36288916500151,0.9913114742990539
imagewoof,data/imagewoof2-320/val/n02111889/n02111889_16961.JPEG,n02111889,258,Samoyed,jpeg,70,258,Samoyed,0.35350337624549866,True,39366,38134,1.032307127497771,38.677817776818834,0.9924372086720648
imagewoof,data/imagewoof2-320/val/n02111889/n02111889_16990.JPEG,n02111889,258,Samoyed,jpeg,70,258,Samoyed,0.5227896571159363,True,11456,11143,1.0280893834694427,47.22311699679597,0.9925140995275926
imagewoof,data/imagewoof2-320/val/n02111889/n02111889_17012.JPEG,n02111889,258,Samoyed,jpeg,70,258,Samoyed,0.25485989451408386,True,22103,21686,1.0192289956654061,45.62076202613535,0.9919722828355196
imagewoof,data/imagewoof2-320/val/n02111889/n02111889_17131.JPEG,n02111889,258,Samoyed,jpeg,70,258,Samoyed,0.5290066599845886,True,29806,28937,1.030030756470954,41.57078914200681,0.9916884579460947
imagewoof,data/imagewoof2-320/val/n02111889/n02111889_17140.JPEG,n02111889,258,Samoyed,jpeg,70,258,Samoyed,0.3551982641220093,True,17049,16586,1.0279151091281804,44.9628499976226,0.9831740973320949
imagewoof,data/imagewoof2-320/val/n02111889/n02111889_17192.JPEG,n02111889,258,Samoyed,jpeg,70,258,Samoyed,0.3708934187889099,True,35410,34387,1.0297496146799663,39.40048045090761,0.9903930306884122
imagewoof,data/imagewoof2-320/val/n02111889/n02111889_17211.JPEG,n02111889,258,Samoyed,jpeg,70,258,Samoyed,0.5278156995773315,True,13857,13584,1.0200971731448762,46.66012002363338,0.9919074206320095
imagewoof,data/imagewoof2-320/val/n02111889/n02111889_17251.JPEG,n02111889,258,Samoyed,jpeg,70,258,Samoyed,0.2969721853733063,True,13448,13149,1.0227393718153472,47.457159711716166,0.9931091332404517
imagewoof,data/imagewoof2-320/val/n02111889/n02111889_17281.JPEG,n02111889,258,Samoyed,jpeg,70,258,Samoyed,0.4312532842159271,True,17979,17653,1.0184671160709229,45.90639948936894,0.991982162115582
imagewoof,data/imagewoof2-320/val/n02111889/n02111889_17340.JPEG,n02111889,258,Samoyed,jpeg,70,258,Samoyed,0.3308921456336975,True,25808,25148,1.0262446317798632,43.28880343099746,0.9922383775019457
imagewoof,data/imagewoof2-320/val/n02111889/n02111889_17400.JPEG,n02111889,258,Samoyed,jpeg,70,258,Samoyed,0.31573623418807983,True,14325,13876,1.0323580282502163,45.16420426747206,0.9910768950378294
imagewoof,data/imagewoof2-320/val/n02111889/n02111889_17401.JPEG,n02111889,258,Samoyed,jpeg,70,258,Samoyed,0.3551790416240692,True,14937,14599,1.0231522707034728,45.92402114597757,0.9918999989160576
imagewoof,data/imagewoof2-320/val/n02111889/n02111889_17450.JPEG,n02111889,258,Samoyed,jpeg,70,258,Samoyed,0.42438825964927673,True,16191,15849,1.0215786484951732,45.9055299111158,0.9898195446290442
imagewoof,data/imagewoof2-320/val/n02111889/n02111889_17462.JPEG,n02111889,258,Samoyed,jpeg,70,258,Samoyed,0.44775092601776123,True,26880,26178,1.0268164107265643,44.88734752723411,0.9927609539316201
imagewoof,data/imagewoof2-320/val/n02111889/n02111889_1750.JPEG,n02111889,258,Samoyed,jpeg,70,257,Great Pyrenees,0.40896573662757874,False,15707,15260,1.029292267365662,44.12491873796613,0.9909550821490956
imagewoof,data/imagewoof2-320/val/n02111889/n02111889_17511.JPEG,n02111889,258,Samoyed,jpeg,70,258,Samoyed,0.2231966108083725,True,20183,19703,1.0243617723189362,42.65308904513322,0.9902786451360045
imagewoof,data/imagewoof2-320/val/n02111889/n02111889_17521.JPEG,n02111889,258,Samoyed,jpeg,70,258,Samoyed,0.4035889804363251,True,14222,13875,1.025009009009009,45.50894432998763,0.9905838884290961
imagewoof,data/imagewoof2-320/val/n02111889/n02111889_17522.JPEG,n02111889,258,Samoyed,jpeg,70,258,Samoyed,0.30297812819480896,True,13617,13258,1.0270779906471563,47.94109968259404,0.992884905455835
imagewoof,data/imagewoof2-320/val/n02111889/n02111889_17530.JPEG,n02111889,258,Samoyed,jpeg,70,258,Samoyed,0.38139280676841736,True,14932,14594,1.023160202823078,46.101448034277794,0.9919454708239339
imagewoof,data/imagewoof2-320/val/n02111889/n02111889_17532.JPEG,n02111889,258,Samoyed,jpeg,70,258,Samoyed,0.1014944314956665,True,29833,28836,1.034574837009294,38.405839593659074,0.9913767351607451
imagewoof,data/imagewoof2-320/val/n02111889/n02111889_17561.JPEG,n02111889,258,Samoyed,jpeg,70,258,Samoyed,0.42891860008239746,True,22717,22083,1.028709867318752,42.51765514302973,0.9926261006797558
imagewoof,data/imagewoof2-320/val/n02111889/n02111889_17580.JPEG,n02111889,258,Samoyed,jpeg,70,258,Samoyed,0.4368034601211548,True,14720,14413,1.021300215083605,47.41211133130751,0.9928497589533055
imagewoof,data/imagewoof2-320/val/n02111889/n02111889_1762.JPEG,n02111889,258,Samoyed,jpeg,70,258,Samoyed,0.5523305535316467,True,23851,23205,1.0278388278388277,42.90131214104777,0.9913130047910709
imagewoof,data/imagewoof2-320/val/n02111889/n02111889_17640.JPEG,n02111889,258,Samoyed,jpeg,70,258,Samoyed,0.316445529460907,True,17710,17309,1.0231671384828702,43.81966415693799,0.9934886782362323
imagewoof,data/imagewoof2-320/val/n02111889/n02111889_1771.JPEG,n02111889,258,Samoyed,jpeg,70,258,Samoyed,0.5043292045593262,True,14281,13931,1.0251238245639223,45.78857005068119,0.993576247798935
imagewoof,data/imagewoof2-320/val/n02111889/n02111889_1772.JPEG,n02111889,258,Samoyed,jpeg,70,258,Samoyed,0.4493274688720703,True,26946,26154,1.0302821748107365,42.35499308931195,0.9911221623598309
imagewoof,data/imagewoof2-320/val/n02111889/n02111889_17742.JPEG,n02111889,258,Samoyed,jpeg,70,258,Samoyed,0.40143150091171265,True,27114,26313,1.0304412267700376,41.874467263514035,0.9926629750992787
imagewoof,data/imagewoof2-320/val/n02111889/n02111889_17791.JPEG,n02111889,258,Samoyed,jpeg,70,258,Samoyed,0.48691824078559875,True,16403,16107,1.018377103122866,46.092671241610006,0.9918931651192832
imagewoof,data/imagewoof2-320/val/n02111889/n02111889_17881.JPEG,n02111889,258,Samoyed,jpeg,70,258,Samoyed,0.6359561681747437,True,23804,23161,1.0277621864340918,44.04506238500973,0.9922446254253258
imagewoof,data/imagewoof2-320/val/n02111889/n02111889_17901.JPEG,n02111889,258,Samoyed,jpeg,70,258,Samoyed,0.579283595085144,True,15920,15622,1.0190756625272053,46.49947986223573,0.9925199584229073
imagewoof,data/imagewoof2-320/val/n02111889/n02111889_1791.JPEG,n02111889,258,Samoyed,jpeg,70,258,Samoyed,0.43101203441619873,True,13615,13321,1.022070415133999,46.61086143067947,0.9918419626279739
imagewoof,data/imagewoof2-320/val/n02111889/n02111889_1792.JPEG,n02111889,258,Samoyed,jpeg,70,258,Samoyed,0.3154595196247101,True,9112,8967,1.0161704025872644,47.210718223689135,0.9939735503944632
imagewoof,data/imagewoof2-320/val/n02111889/n02111889_17972.JPEG,n02111889,258,Samoyed,jpeg,70,258,Samoyed,0.5100401639938354,True,29701,28738,1.0335096388057623,40.59888449186922,0.9902414388312418
imagewoof,data/imagewoof2-320/val/n02111889/n02111889_18060.JPEG,n02111889,258,Samoyed,jpeg,70,258,Samoyed,0.5683180689811707,True,31726,30743,1.0319747584816055,39.23209826620911,0.9907341807150276
imagewoof,data/imagewoof2-320/val/n02111889/n02111889_1812.JPEG,n02111889,258,Samoyed,jpeg,70,258,Samoyed,0.3300035297870636,True,24157,23566,1.025078502927947,41.55800574137527,0.9906115682503548
imagewoof,data/imagewoof2-320/val/n02111889/n02111889_1822.JPEG,n02111889,258,Samoyed,jpeg,70,258,Samoyed,0.6548323631286621,True,23129,22445,1.0304744932056138,43.38520133196962,0.9910436822227847
imagewoof,data/imagewoof2-320/val/n02111889/n02111889_1841.JPEG,n02111889,258,Samoyed,jpeg,70,258,Samoyed,0.44764992594718933,True,35077,33867,1.0357279948032008,37.31469635880106,0.987711969655057
imagewoof,data/imagewoof2-320/val/n02111889/n02111889_1842.JPEG,n02111889,258,Samoyed,jpeg,70,258,Samoyed,0.5772743821144104,True,16567,16193,1.0230963996788736,45.66590435580912,0.9911643610255852
imagewoof,data/imagewoof2-320/val/n02111889/n02111889_1890.JPEG,n02111889,258,Samoyed,jpeg,70,791,shopping cart,0.04789198189973831,False,30833,29616,1.0410926526202053,38.91142605596103,0.9884666771942552
imagewoof,data/imagewoof2-320/val/n02111889/n02111889_1931.JPEG,n02111889,258,Samoyed,jpeg,70,258,Samoyed,0.3174041509628296,True,36355,35363,1.0280519186720585,40.39773353425893,0.9924667684480193
imagewoof,data/imagewoof2-320/val/n02111889/n02111889_1951.JPEG,n02111889,258,Samoyed,jpeg,70,258,Samoyed,0.3473358750343323,True,19172,18722,1.024035893601111,43.90847925835893,0.9908663556387496
imagewoof,data/imagewoof2-320/val/n02111889/n02111889_1961.JPEG,n02111889,258,Samoyed,jpeg,70,258,Samoyed,0.2835148870944977,True,8983,8769,1.0244041509864295,47.827526640632094,0.9926320482862959
imagewoof,data/imagewoof2-320/val/n02111889/n02111889_1991.JPEG,n02111889,258,Samoyed,jpeg,70,258,Samoyed,0.46707674860954285,True,13447,13071,1.028765970468977,45.29824599216891,0.9909043573043634
imagewoof,data/imagewoof2-320/val/n02111889/n02111889_2030.JPEG,n02111889,258,Samoyed,jpeg,70,258,Samoyed,0.40414589643478394,True,23170,22667,1.022190850134557,46.273483683546594,0.9927067149026424
imagewoof,data/imagewoof2-320/val/n02111889/n02111889_2050.JPEG,n02111889,258,Samoyed,jpeg,70,258,Samoyed,0.35557374358177185,True,21089,20539,1.026778324163786,44.53021457280367,0.991626726892345
imagewoof,data/imagewoof2-320/val/n02111889/n02111889_2112.JPEG,n02111889,258,Samoyed,jpeg,70,258,Samoyed,0.34046998620033264,True,21399,20854,1.0261340749976025,42.55820552137404,0.9915002364597525
imagewoof,data/imagewoof2-320/val/n02111889/n02111889_2121.JPEG,n02111889,258,Samoyed,jpeg,70,258,Samoyed,0.3257310092449188,True,25877,25209,1.0264984727676623,42.271608740630526,0.991441732234903
imagewoof,data/imagewoof2-320/val/n02111889/n02111889_2132.JPEG,n02111889,258,Samoyed,jpeg,70,258,Samoyed,0.4271243214607239,True,14316,14021,1.0210398687682762,47.73693591365082,0.9934148703202661
imagewoof,data/imagewoof2-320/val/n02111889/n02111889_2181.JPEG,n02111889,258,Samoyed,jpeg,70,258,Samoyed,0.19080060720443726,True,25206,24512,1.0283126631853785,42.44098608207253,0.9901315865368062
imagewoof,data/imagewoof2-320/val/n02111889/n02111889_2212.JPEG,n02111889,258,Samoyed,jpeg,70,258,Samoyed,0.4656813144683838,True,17448,17024,1.024906015037594,45.004296940527,0.9922205830411759
imagewoof,data/imagewoof2-320/val/n02111889/n02111889_2231.JPEG,n02111889,258,Samoyed,jpeg,70,258,Samoyed,0.3718802332878113,True,24116,23432,1.0291908501194946,42.253068119369566,0.9901145684263947
imagewoof,data/imagewoof2-320/val/n02111889/n02111889_2241.JPEG,n02111889,258,Samoyed,jpeg,70,258,Samoyed,0.13397811353206635,True,15652,15294,1.023407872368249,46.1002695397864,0.9923466043041835
imagewoof,data/imagewoof2-320/val/n02111889/n02111889_2251.JPEG,n02111889,258,Samoyed,jpeg,70,258,Samoyed,0.43404656648635864,True,30450,29525,1.0313293818797629,39.618204192289205,0.9933954979173415
imagewoof,data/imagewoof2-320/val/n02111889/n02111889_2262.JPEG,n02111889,258,Samoyed,jpeg,70,258,Samoyed,0.47014182806015015,True,26960,26318,1.0243939509081237,42.01266290410029,0.9906062740784121
imagewoof,data/imagewoof2-320/val/n02111889/n02111889_2290.JPEG,n02111889,258,Samoyed,jpeg,70,258,Samoyed,0.44928815960884094,True,18500,17954,1.0304110504622925,45.39702614272653,0.993178296077176
imagewoof,data/imagewoof2-320/val/n02111889/n02111889_2342.JPEG,n02111889,258,Samoyed,jpeg,70,258,Samoyed,0.4079081118106842,True,18495,17941,1.0308789922523829,43.04455437062004,0.9785121051251483
imagewoof,data/imagewoof2-320/val/n02111889/n02111889_2361.JPEG,n02111889,258,Samoyed,jpeg,70,258,Samoyed,0.5137835741043091,True,41272,40067,1.0300746250031199,38.5027648937369,0.9915728030808442
imagewoof,data/imagewoof2-320/val/n02111889/n02111889_2410.JPEG,n02111889,258,Samoyed,jpeg,70,258,Samoyed,0.14175103604793549,True,24241,23467,1.0329824860442323,40.12364878062107,0.9917389775633717
imagewoof,data/imagewoof2-320/val/n02111889/n02111889_2442.JPEG,n02111889,258,Samoyed,jpeg,70,258,Samoyed,0.46188899874687195,True,12681,12404,1.0223315059658176,47.254308737642106,0.9927288491686892
imagewoof,data/imagewoof2-320/val/n02111889/n02111889_2451.JPEG,n02111889,258,Samoyed,jpeg,70,258,Samoyed,0.3628122806549072,True,28728,27986,1.0265132566283142,41.5646714969847,0.9910812745109583
imagewoof,data/imagewoof2-320/val/n02111889/n02111889_2650.JPEG,n02111889,258,Samoyed,jpeg,70,258,Samoyed,0.34903284907341003,True,14368,14009,1.0256263830394747,44.371868791870284,0.9921419025621562
imagewoof,data/imagewoof2-320/val/n02111889/n02111889_2662.JPEG,n02111889,258,Samoyed,jpeg,70,258,Samoyed,0.28646203875541687,True,38129,36972,1.0312939521800282,38.3981695749699,0.9891873561879289
imagewoof,data/imagewoof2-320/val/n02111889/n02111889_2670.JPEG,n02111889,258,Samoyed,jpeg,70,258,Samoyed,0.31135323643684387,True,17489,17139,1.020421261450493,45.54161255630724,0.9912084198188259
imagewoof,data/imagewoof2-320/val/n02111889/n02111889_271.JPEG,n02111889,258,Samoyed,jpeg,70,258,Samoyed,0.4427815079689026,True,20464,19832,1.0318676885841065,43.71770001518658,0.9919238288457466
imagewoof,data/imagewoof2-320/val/n02111889/n02111889_2732.JPEG,n02111889,258,Samoyed,jpeg,70,258,Samoyed,0.6709883213043213,True,18209,17610,1.034014764338444,43.71998997914302,0.9928960880398128
imagewoof,data/imagewoof2-320/val/n02111889/n02111889_2772.JPEG,n02111889,258,Samoyed,jpeg,70,228,komondor,0.21232624351978302,False,24135,23517,1.0262788620997576,44.195782773024945,0.9931511443499517
imagewoof,data/imagewoof2-320/val/n02111889/n02111889_2801.JPEG,n02111889,258,Samoyed,jpeg,70,258,Samoyed,0.3308929204940796,True,44767,43377,1.0320446319478065,36.21085414615473,0.9902404196815796
imagewoof,data/imagewoof2-320/val/n02111889/n02111889_281.JPEG,n02111889,258,Samoyed,jpeg,70,258,Samoyed,0.5749284029006958,True,17225,16786,1.0261527463362325,44.920652643922516,0.9912794224853627
imagewoof,data/imagewoof2-320/val/n02111889/n02111889_2820.JPEG,n02111889,258,Samoyed,jpeg,70,258,Samoyed,0.6372207403182983,True,25543,24744,1.0322906563207241,42.88918025602734,0.9925492648616109
imagewoof,data/imagewoof2-320/val/n02111889/n02111889_2842.JPEG,n02111889,258,Samoyed,jpeg,70,258,Samoyed,0.49103546142578125,True,17278,16872,1.024063537221432,45.79008072024165,0.9919452388584857
imagewoof,data/imagewoof2-320/val/n02111889/n02111889_2912.JPEG,n02111889,258,Samoyed,jpeg,70,258,Samoyed,0.453939825296402,True,28574,27685,1.0321112515802782,40.64875267166671,0.9883330309862646
imagewoof,data/imagewoof2-320/val/n02111889/n02111889_2952.JPEG,n02111889,258,Samoyed,jpeg,70,258,Samoyed,0.5411709547042847,True,28911,28249,1.0234344578569152,41.69975853410432,0.990663860121414
imagewoof,data/imagewoof2-320/val/n02111889/n02111889_2962.JPEG,n02111889,258,Samoyed,jpeg,70,258,Samoyed,0.6301285624504089,True,38218,36787,1.0388996112757225,37.541948737073014,0.9855136147862528
imagewoof,data/imagewoof2-320/val/n02111889/n02111889_2992.JPEG,n02111889,258,Samoyed,jpeg,70,258,Samoyed,0.35421499609947205,True,32770,31785,1.030989460437313,40.97630714169553,0.9888460349300751
imagewoof,data/imagewoof2-320/val/n02111889/n02111889_3010.JPEG,n02111889,258,Samoyed,jpeg,70,258,Samoyed,0.3182632625102997,True,11567,11235,1.0295505117935024,46.162300474891886,0.9942719882620311
imagewoof,data/imagewoof2-320/val/n02111889/n02111889_3041.JPEG,n02111889,258,Samoyed,jpeg,70,258,Samoyed,0.3324897885322571,True,25305,24657,1.0262805694123374,42.390768462825655,0.9914849239912077
imagewoof,data/imagewoof2-320/val/n02111889/n02111889_31.JPEG,n02111889,258,Samoyed,jpeg,70,258,Samoyed,0.6412208676338196,True,19939,19482,1.0234575505594907,43.31136812450433,0.9905560862603604
imagewoof,data/imagewoof2-320/val/n02111889/n02111889_3100.JPEG,n02111889,258,Samoyed,jpeg,70,258,Samoyed,0.484453946352005,True,17330,16961,1.021755792700902,45.56565385023572,0.9910474068661458
imagewoof,data/imagewoof2-320/val/n02111889/n02111889_3132.JPEG,n02111889,258,Samoyed,jpeg,70,258,Samoyed,0.5694893598556519,True,24030,23344,1.0293865661411925,42.55832575441303,0.9923957068875597
imagewoof,data/imagewoof2-320/val/n02111889/n02111889_3141.JPEG,n02111889,258,Samoyed,jpeg,70,258,Samoyed,0.5503418445587158,True,31995,31180,1.0261385503527902,40.08756618712867,0.9895763927805666
imagewoof,data/imagewoof2-320/val/n02111889/n02111889_3212.JPEG,n02111889,258,Samoyed,jpeg,70,258,Samoyed,0.3963009715080261,True,9214,9032,1.0201505757307352,46.6468820842239,0.99522116990349
imagewoof,data/imagewoof2-320/val/n02111889/n02111889_3221.JPEG,n02111889,258,Samoyed,jpeg,70,258,Samoyed,0.5618122220039368,True,16011,15734,1.0176051862209228,45.97358315135919,0.9894609008669647
imagewoof,data/imagewoof2-320/val/n02111889/n02111889_3222.JPEG,n02111889,258,Samoyed,jpeg,70,258,Samoyed,0.528643786907196,True,14553,14256,1.0208333333333333,46.458961151660716,0.9920936102296749
imagewoof,data/imagewoof2-320/val/n02111889/n02111889_3320.JPEG,n02111889,258,Samoyed,jpeg,70,258,Samoyed,0.6329036355018616,True,18518,18006,1.0284349661224037,43.87978246232734,0.9914305974194472
imagewoof,data/imagewoof2-320/val/n02111889/n02111889_3351.JPEG,n02111889,258,Samoyed,jpeg,70,258,Samoyed,0.19659942388534546,True,26493,25637,1.0333892421110114,41.68560772265892,0.992203549274152
imagewoof,data/imagewoof2-320/val/n02111889/n02111889_3400.JPEG,n02111889,258,Samoyed,jpeg,70,258,Samoyed,0.47229769825935364,True,24828,24065,1.0317057968003325,43.21335849195917,0.9928897968164311
imagewoof,data/imagewoof2-320/val/n02111889/n02111889_3422.JPEG,n02111889,258,Samoyed,jpeg,70,258,Samoyed,0.3489496111869812,True,31033,30056,1.0325059888208676,39.28497327763341,0.9898144610558192
imagewoof,data/imagewoof2-320/val/n02111889/n02111889_3450.JPEG,n02111889,258,Samoyed,jpeg,70,258,Samoyed,0.5542998909950256,True,30089,29119,1.0333115835021807,40.545657522854455,0.9917378320007538
imagewoof,data/imagewoof2-320/val/n02111889/n02111889_3471.JPEG,n02111889,258,Samoyed,jpeg,70,258,Samoyed,0.4950963258743286,True,19199,18724,1.0253685110019226,44.91327056339923,0.9919049935901016
imagewoof,data/imagewoof2-320/val/n02111889/n02111889_3480.JPEG,n02111889,258,Samoyed,jpeg,70,258,Samoyed,0.24478566646575928,True,36663,35510,1.0324697268375105,36.08034069125633,0.9928587197806573
imagewoof,data/imagewoof2-320/val/n02111889/n02111889_3522.JPEG,n02111889,258,Samoyed,jpeg,70,258,Samoyed,0.718572199344635,True,19780,19351,1.022169396930391,44.10566949678884,0.9911208726853161
imagewoof,data/imagewoof2-320/val/n02111889/n02111889_3610.JPEG,n02111889,258,Samoyed,jpeg,70,258,Samoyed,0.49195539951324463,True,24009,23354,1.028046587308384,44.010445077949896,0.9881950025702885
imagewoof,data/imagewoof2-320/val/n02111889/n02111889_3672.JPEG,n02111889,258,Samoyed,jpeg,70,258,Samoyed,0.4629270136356354,True,30011,29107,1.0310578211426804,41.615106692902515,0.9911721273303488
imagewoof,data/imagewoof2-320/val/n02111889/n02111889_3691.JPEG,n02111889,258,Samoyed,jpeg,70,258,Samoyed,0.4302475154399872,True,9552,10194,0.937021777516186,49.161426042615375,0.996628878376316
imagewoof,data/imagewoof2-320/val/n02111889/n02111889_3692.JPEG,n02111889,258,Samoyed,jpeg,70,258,Samoyed,0.3937455117702484,True,10206,10012,1.019376747902517,47.99281591426138,0.9945521034541134
imagewoof,data/imagewoof2-320/val/n02111889/n02111889_3730.JPEG,n02111889,258,Samoyed,jpeg,70,258,Samoyed,0.7271470427513123,True,12163,12792,0.9508286429018137,49.7953953509363,0.9947906470655766
imagewoof,data/imagewoof2-320/val/n02111889/n02111889_3731.JPEG,n02111889,258,Samoyed,jpeg,70,258,Samoyed,0.26644134521484375,True,21634,21043,1.028085349047189,41.780003005820774,0.9911484963642708
imagewoof,data/imagewoof2-320/val/n02111889/n02111889_3732.JPEG,n02111889,258,Samoyed,jpeg,70,258,Samoyed,0.41749364137649536,True,29817,29105,1.0244631506613984,42.12302382464041,0.9919992985668781
imagewoof,data/imagewoof2-320/val/n02111889/n02111889_3760.JPEG,n02111889,258,Samoyed,jpeg,70,258,Samoyed,0.15127044916152954,True,30750,29729,1.0343435702512698,40.69716415706993,0.9904396887972807
imagewoof,data/imagewoof2-320/val/n02111889/n02111889_3790.JPEG,n02111889,258,Samoyed,jpeg,70,258,Samoyed,0.5576078295707703,True,17017,16606,1.0247500903287967,45.41708764638968,0.9920946099391115
imagewoof,data/imagewoof2-320/val/n02111889/n02111889_3792.JPEG,n02111889,258,Samoyed,jpeg,70,258,Samoyed,0.34146568179130554,True,19910,19354,1.0287279115428336,42.74904636022849,0.9884021336023867
imagewoof,data/imagewoof2-320/val/n02111889/n02111889_3831.JPEG,n02111889,258,Samoyed,jpeg,70,258,Samoyed,0.43400102853775024,True,39714,38711,1.025909948076774,37.69270277217957,0.990059689622539
imagewoof,data/imagewoof2-320/val/n02111889/n02111889_3880.JPEG,n02111889,258,Samoyed,jpeg,70,258,Samoyed,0.40616005659103394,True,27527,26830,1.0259783824077524,41.040920815330765,0.9906916335362644
imagewoof,data/imagewoof2-320/val/n02111889/n02111889_3892.JPEG,n02111889,258,Samoyed,jpeg,70,258,Samoyed,0.4271117150783539,True,10260,10027,1.023237259399621,46.64172177145389,0.9922942695007357
imagewoof,data/imagewoof2-320/val/n02111889/n02111889_3941.JPEG,n02111889,258,Samoyed,jpeg,70,258,Samoyed,0.4992005527019501,True,19050,18614,1.0234232298270118,44.89596844063313,0.990125334343903
imagewoof,data/imagewoof2-320/val/n02111889/n02111889_3960.JPEG,n02111889,258,Samoyed,jpeg,70,258,Samoyed,0.43648919463157654,True,16567,16237,1.0203239514688673,45.647851494669126,0.9919989551007574
imagewoof,data/imagewoof2-320/val/n02111889/n02111889_3961.JPEG,n02111889,258,Samoyed,jpeg,70,258,Samoyed,0.49028709530830383,True,23040,22419,1.027699718988358,43.12551458635731,0.9918569454217697
imagewoof,data/imagewoof2-320/val/n02111889/n02111889_40.JPEG,n02111889,258,Samoyed,jpeg,70,258,Samoyed,0.4702366590499878,True,46097,44629,1.0328934101144995,36.71306151829439,0.9910566292783759
imagewoof,data/imagewoof2-320/val/n02111889/n02111889_402.JPEG,n02111889,258,Samoyed,jpeg,70,258,Samoyed,0.38904377818107605,True,16169,15888,1.0176863041289024,45.78716802427918,0.991098525098817
imagewoof,data/imagewoof2-320/val/n02111889/n02111889_4022.JPEG,n02111889,258,Samoyed,jpeg,70,258,Samoyed,0.2032618224620819,True,14824,14483,1.0235448456811433,46.85845136766797,0.9930074773392442
imagewoof,data/imagewoof2-320/val/n02111889/n02111889_4071.JPEG,n02111889,258,Samoyed,jpeg,70,258,Samoyed,0.5480085611343384,True,20779,20331,1.0220353155280113,44.08406598345198,0.9908220640464132
imagewoof,data/imagewoof2-320/val/n02111889/n02111889_4080.JPEG,n02111889,258,Samoyed,jpeg,70,258,Samoyed,0.5749421715736389,True,17323,17923,0.9665234614740836,47.760898703319,0.9943384909117042
imagewoof,data/imagewoof2-320/val/n02111889/n02111889_4122.JPEG,n02111889,258,Samoyed,jpeg,70,258,Samoyed,0.5478390455245972,True,26324,25565,1.029689027967925,41.8788383693635,0.988032860024648
imagewoof,data/imagewoof2-320/val/n02111889/n02111889_4142.JPEG,n02111889,258,Samoyed,jpeg,70,258,Samoyed,0.392794132232666,True,31477,30396,1.0355638899855244,38.586663216178124,0.9884751343194463
imagewoof,data/imagewoof2-320/val/n02111889/n02111889_4182.JPEG,n02111889,258,Samoyed,jpeg,70,258,Samoyed,0.1821819543838501,True,56656,54801,1.0338497472673855,34.89229784710862,0.9915263697579212
imagewoof,data/imagewoof2-320/val/n02111889/n02111889_42.JPEG,n02111889,258,Samoyed,jpeg,70,257,Great Pyrenees,0.2456018030643463,False,30712,29855,1.0287054094791492,41.31600291149986,0.991982274728366
imagewoof,data/imagewoof2-320/val/n02111889/n02111889_4202.JPEG,n02111889,258,Samoyed,jpeg,70,258,Samoyed,0.40506306290626526,True,23266,22505,1.0338147078427016,40.85852670816522,0.9917006267851137
imagewoof,data/imagewoof2-320/val/n02111889/n02111889_4231.JPEG,n02111889,258,Samoyed,jpeg,70,258,Samoyed,0.4706284701824188,True,13666,13294,1.0279825485181284,46.94141202662679,0.9937701152628158
imagewoof,data/imagewoof2-320/val/n02111889/n02111889_4260.JPEG,n02111889,258,Samoyed,jpeg,70,258,Samoyed,0.669723391532898,True,13861,13555,1.0225746956842494,45.93715449960273,0.9924688621923269
imagewoof,data/imagewoof2-320/val/n02111889/n02111889_4261.JPEG,n02111889,258,Samoyed,jpeg,70,258,Samoyed,0.5268084406852722,True,17078,16698,1.0227572164331058,45.4409133637554,0.9907080095281332
imagewoof,data/imagewoof2-320/val/n02111889/n02111889_4302.JPEG,n02111889,258,Samoyed,jpeg,70,258,Samoyed,0.47045964002609253,True,21056,20386,1.032865692141666,44.92911150620837,0.9947526178010929
imagewoof,data/imagewoof2-320/val/n02111889/n02111889_4310.JPEG,n02111889,258,Samoyed,jpeg,70,258,Samoyed,0.5221912860870361,True,15984,15615,1.0236311239193083,45.03880599926441,0.9917119061727752
imagewoof,data/imagewoof2-320/val/n02111889/n02111889_4331.JPEG,n02111889,258,Samoyed,jpeg,70,258,Samoyed,0.3275732100009918,True,73029,70065,1.0423035752515522,32.63863090468324,0.9896625516738421
imagewoof,data/imagewoof2-320/val/n02111889/n02111889_4381.JPEG,n02111889,258,Samoyed,jpeg,70,258,Samoyed,0.2693799138069153,True,20322,19806,1.0260527112996063,43.951119426540465,0.9921487058811417
imagewoof,data/imagewoof2-320/val/n02111889/n02111889_440.JPEG,n02111889,258,Samoyed,jpeg,70,258,Samoyed,0.31566956639289856,True,17526,17066,1.0269541778975741,46.022362178090674,0.992277218398235
imagewoof,data/imagewoof2-320/val/n02111889/n02111889_4441.JPEG,n02111889,258,Samoyed,jpeg,70,258,Samoyed,0.38318750262260437,True,14002,13696,1.0223422897196262,46.40412832591824,0.9911537007499608
imagewoof,data/imagewoof2-320/val/n02111889/n02111889_4460.JPEG,n02111889,258,Samoyed,jpeg,70,258,Samoyed,0.537731409072876,True,14617,14333,1.0198144142887045,46.852135008773786,0.9921694239217391
imagewoof,data/imagewoof2-320/val/n02111889/n02111889_4470.JPEG,n02111889,258,Samoyed,jpeg,70,258,Samoyed,0.5324684381484985,True,29759,28899,1.0297588151839163,42.129321494272524,0.9906873452126922
imagewoof,data/imagewoof2-320/val/n02111889/n02111889_4471.JPEG,n02111889,258,Samoyed,jpeg,70,258,Samoyed,0.6117726564407349,True,20293,19804,1.0246919814178954,44.33379204107755,0.9932886304246934
imagewoof,data/imagewoof2-320/val/n02111889/n02111889_4520.JPEG,n02111889,258,Samoyed,jpeg,70,258,Samoyed,0.43461042642593384,True,29913,28921,1.0343003353964249,41.07565852265572,0.9901083527009927
imagewoof,data/imagewoof2-320/val/n02111889/n02111889_4521.JPEG,n02111889,258,Samoyed,jpeg,70,258,Samoyed,0.45921680331230164,True,16884,16490,1.0238932686476652,45.17396059108427,0.9915461379420961
imagewoof,data/imagewoof2-320/val/n02111889/n02111889_4552.JPEG,n02111889,258,Samoyed,jpeg,70,258,Samoyed,0.69109708070755,True,20594,20039,1.0276959928140126,43.586228189760156,0.9929399870579605
imagewoof,data/imagewoof2-320/val/n02111889/n02111889_4580.JPEG,n02111889,258,Samoyed,jpeg,70,258,Samoyed,0.46673518419265747,True,20378,19879,1.025101866291061,45.28543396890507,0.9937266691485341
imagewoof,data/imagewoof2-320/val/n02111889/n02111889_4610.JPEG,n02111889,258,Samoyed,jpeg,70,258,Samoyed,0.3326166868209839,True,12208,11902,1.025709964711813,46.23893093989328,0.9930368969279529
imagewoof,data/imagewoof2-320/val/n02111889/n02111889_4630.JPEG,n02111889,258,Samoyed,jpeg,70,258,Samoyed,0.3409068286418915,True,26255,25440,1.0320361635220126,40.762374851112824,0.9916173722589158
imagewoof,data/imagewoof2-320/val/n02111889/n02111889_4641.JPEG,n02111889,258,Samoyed,jpeg,70,258,Samoyed,0.5325307846069336,True,16025,15621,1.0258626208309327,46.307534013040964,0.9928058678958395
imagewoof,data/imagewoof2-320/val/n02111889/n02111889_4642.JPEG,n02111889,258,Samoyed,jpeg,70,258,Samoyed,0.4209291934967041,True,24997,24358,1.0262336809261845,42.0871883993878,0.9905873852307018
imagewoof,data/imagewoof2-320/val/n02111889/n02111889_4712.JPEG,n02111889,258,Samoyed,jpeg,70,258,Samoyed,0.4242168366909027,True,14010,13703,1.0224038531708386,46.68545892506246,0.9939782424290154
imagewoof,data/imagewoof2-320/val/n02111889/n02111889_4740.JPEG,n02111889,258,Samoyed,jpeg,70,258,Samoyed,0.5034119486808777,True,17404,16976,1.0252120640904807,44.16214246872699,0.9910381547662802
imagewoof,data/imagewoof2-320/val/n02111889/n02111889_4890.JPEG,n02111889,258,Samoyed,jpeg,70,258,Samoyed,0.39614978432655334,True,31498,30615,1.0288420708802875,37.72929468217325,0.9858484630019505
imagewoof,data/imagewoof2-320/val/n02111889/n02111889_4950.JPEG,n02111889,258,Samoyed,jpeg,70,258,Samoyed,0.42584434151649475,True,24459,23967,1.020528226311178,42.76078657574425,0.9907210723983791
imagewoof,data/imagewoof2-320/val/n02111889/n02111889_5070.JPEG,n02111889,258,Samoyed,jpeg,70,203,West Highland white terrier,0.1237100139260292,False,19017,18713,1.0162453909047187,42.06429772747364,0.9842496458799506
imagewoof,data/imagewoof2-320/val/n02111889/n02111889_5072.JPEG,n02111889,258,Samoyed,jpeg,70,258,Samoyed,0.5805605053901672,True,31600,30811,1.0256077374963488,40.02182021899479,0.9887779186015409
imagewoof,data/imagewoof2-320/val/n02111889/n02111889_5121.JPEG,n02111889,258,Samoyed,jpeg,70,258,Samoyed,0.4064658582210541,True,38206,36921,1.034804041060643,39.063842749139006,0.9947268739074214
imagewoof,data/imagewoof2-320/val/n02111889/n02111889_5161.JPEG,n02111889,258,Samoyed,jpeg,70,258,Samoyed,0.7483323216438293,True,20447,19972,1.0237832966152614,45.452234558390245,0.9930271837240428
imagewoof,data/imagewoof2-320/val/n02111889/n02111889_52.JPEG,n02111889,258,Samoyed,jpeg,70,258,Samoyed,0.29441940784454346,True,25676,24825,1.034279959718026,41.133377332606685,0.9923681385408072
imagewoof,data/imagewoof2-320/val/n02111889/n02111889_5201.JPEG,n02111889,258,Samoyed,jpeg,70,258,Samoyed,0.5493457317352295,True,21860,21365,1.0231687339106015,43.32268630350641,0.9916578176009642
imagewoof,data/imagewoof2-320/val/n02111889/n02111889_5212.JPEG,n02111889,258,Samoyed,jpeg,70,258,Samoyed,0.34961605072021484,True,22461,21912,1.0250547645125958,45.62376162424891,0.9931631037885392
imagewoof,data/imagewoof2-320/val/n02111889/n02111889_5220.JPEG,n02111889,258,Samoyed,jpeg,70,258,Samoyed,0.24800153076648712,True,16845,16540,1.0184401451027811,46.94659468262891,0.9924251379802876
imagewoof,data/imagewoof2-320/val/n02111889/n02111889_5272.JPEG,n02111889,258,Samoyed,jpeg,70,258,Samoyed,0.40339839458465576,True,12799,12497,1.02416579979195,46.77779101879841,0.992437038562052
imagewoof,data/imagewoof2-320/val/n02111889/n02111889_5280.JPEG,n02111889,258,Samoyed,jpeg,70,258,Samoyed,0.5187766551971436,True,10142,9905,1.023927309439677,45.622078865710705,0.9918141356484101
imagewoof,data/imagewoof2-320/val/n02111889/n02111889_5282.JPEG,n02111889,258,Samoyed,jpeg,70,258,Samoyed,0.5581465363502502,True,16781,16292,1.0300147311563959,42.89143485782756,0.9901228297582613
imagewoof,data/imagewoof2-320/val/n02111889/n02111889_5310.JPEG,n02111889,258,Samoyed,jpeg,70,258,Samoyed,0.21251797676086426,True,20418,19945,1.0237152168463275,43.99411081127721,0.9896988496993139
imagewoof,data/imagewoof2-320/val/n02111889/n02111889_5312.JPEG,n02111889,258,Samoyed,jpeg,70,222,kuvasz,0.18151158094406128,False,23982,23405,1.0246528519547105,43.45000911920094,0.9908475431223489
imagewoof,data/imagewoof2-320/val/n02111889/n02111889_5341.JPEG,n02111889,258,Samoyed,jpeg,70,258,Samoyed,0.43105047941207886,True,27115,26289,1.031419985545285,41.96782894685005,0.9915776208128791
imagewoof,data/imagewoof2-320/val/n02111889/n02111889_5352.JPEG,n02111889,258,Samoyed,jpeg,70,258,Samoyed,0.3416353464126587,True,15188,14890,1.0200134318334453,45.799014599104595,0.9921217709933673
imagewoof,data/imagewoof2-320/val/n02111889/n02111889_5401.JPEG,n02111889,258,Samoyed,jpeg,70,258,Samoyed,0.33661413192749023,True,21143,20607,1.02601057892949,44.08697328160822,0.9925826618166956
imagewoof,data/imagewoof2-320/val/n02111889/n02111889_542.JPEG,n02111889,258,Samoyed,jpeg,70,258,Samoyed,0.6329994797706604,True,19395,18964,1.0227272727272727,44.661165738746234,0.99185857489088
imagewoof,data/imagewoof2-320/val/n02111889/n02111889_5440.JPEG,n02111889,258,Samoyed,jpeg,70,258,Samoyed,0.6539608836174011,True,11261,10988,1.0248452857662904,48.188702985236,0.9937175069242019
imagewoof,data/imagewoof2-320/val/n02111889/n02111889_5442.JPEG,n02111889,258,Samoyed,jpeg,70,258,Samoyed,0.5787771344184875,True,16971,16622,1.0209962700036097,46.73441279583402,0.9929641853643033
imagewoof,data/imagewoof2-320/val/n02111889/n02111889_5452.JPEG,n02111889,258,Samoyed,jpeg,70,257,Great Pyrenees,0.19099469482898712,False,15740,15340,1.0260756192959584,45.33043142066703,0.99139516675879
imagewoof,data/imagewoof2-320/val/n02111889/n02111889_5470.JPEG,n02111889,258,Samoyed,jpeg,70,258,Samoyed,0.38892731070518494,True,20701,20199,1.0248527154809643,43.34811595146309,0.9911443189432231
imagewoof,data/imagewoof2-320/val/n02111889/n02111889_5521.JPEG,n02111889,258,Samoyed,jpeg,70,258,Samoyed,0.13018184900283813,True,30822,30011,1.0270234247442604,40.873980312531764,0.9885334726670715
imagewoof,data/imagewoof2-320/val/n02111889/n02111889_5532.JPEG,n02111889,258,Samoyed,jpeg,70,258,Samoyed,0.5013822317123413,True,16047,15635,1.026351135273425,44.59815626615352,0.9911537949540624
imagewoof,data/imagewoof2-320/val/n02111889/n02111889_5602.JPEG,n02111889,258,Samoyed,jpeg,70,258,Samoyed,0.4281909763813019,True,19111,18576,1.02880060292851,44.54190252598678,0.9925768558907624
imagewoof,data/imagewoof2-320/val/n02111889/n02111889_562.JPEG,n02111889,258,Samoyed,jpeg,70,258,Samoyed,0.5638637542724609,True,14042,13709,1.024290612006711,45.86334643407574,0.9921331877398368
imagewoof,data/imagewoof2-320/val/n02111889/n02111889_5651.JPEG,n02111889,258,Samoyed,jpeg,70,258,Samoyed,0.8204936981201172,True,19396,18893,1.0266236172127243,43.04031338597656,0.9918839961918741
imagewoof,data/imagewoof2-320/val/n02111889/n02111889_5662.JPEG,n02111889,258,Samoyed,jpeg,70,258,Samoyed,0.2611289322376251,True,16586,16052,1.0332668826314477,46.79685243056012,0.9953234241307761
imagewoof,data/imagewoof2-320/val/n02111889/n02111889_5670.JPEG,n02111889,258,Samoyed,jpeg,70,258,Samoyed,0.4571600556373596,True,24075,23460,1.0262148337595909,42.43345399453726,0.9918779490865782
imagewoof,data/imagewoof2-320/val/n02111889/n02111889_5680.JPEG,n02111889,258,Samoyed,jpeg,70,258,Samoyed,0.47925636172294617,True,20179,19708,1.0238989242947028,44.70531915096313,0.9903344910229605
imagewoof,data/imagewoof2-320/val/n02111889/n02111889_5681.JPEG,n02111889,258,Samoyed,jpeg,70,222,kuvasz,0.26430776715278625,False,22655,21911,1.0339555474419242,41.54898484954977,0.9896832308380471
imagewoof,data/imagewoof2-320/val/n02111889/n02111889_5722.JPEG,n02111889,258,Samoyed,jpeg,70,258,Samoyed,0.6644287109375,True,23453,22763,1.0303123489873918,41.854216655182995,0.9900101553572155
imagewoof,data/imagewoof2-320/val/n02111889/n02111889_5782.JPEG,n02111889,258,Samoyed,jpeg,70,258,Samoyed,0.5433045625686646,True,14783,14444,1.0234699529216285,46.1901912713557,0.9926422309104401
imagewoof,data/imagewoof2-320/val/n02111889/n02111889_5791.JPEG,n02111889,258,Samoyed,jpeg,70,258,Samoyed,0.43155568838119507,True,30333,29444,1.0301929085722048,41.37824415535928,0.9913719270631209
imagewoof,data/imagewoof2-320/val/n02111889/n02111889_5832.JPEG,n02111889,258,Samoyed,jpeg,70,258,Samoyed,0.4420336186885834,True,20500,19886,1.0308759931610179,44.21834270325428,0.977035540239155
imagewoof,data/imagewoof2-320/val/n02111889/n02111889_5872.JPEG,n02111889,258,Samoyed,jpeg,70,258,Samoyed,0.49696528911590576,True,15331,14955,1.025142092945503,45.63969959671884,0.9907739389811834
imagewoof,data/imagewoof2-320/val/n02111889/n02111889_5920.JPEG,n02111889,258,Samoyed,jpeg,70,258,Samoyed,0.30670881271362305,True,42616,41185,1.0347456598276072,36.925642775306486,0.9911072703727636
imagewoof,data/imagewoof2-320/val/n02111889/n02111889_5932.JPEG,n02111889,258,Samoyed,jpeg,70,258,Samoyed,0.407461941242218,True,14284,14039,1.0174513854263123,47.41630671483655,0.9927557436743472
imagewoof,data/imagewoof2-320/val/n02111889/n02111889_6000.JPEG,n02111889,258,Samoyed,jpeg,70,258,Samoyed,0.46548032760620117,True,18962,18492,1.0254163962794722,44.44255603645658,0.9906460206909333
imagewoof,data/imagewoof2-320/val/n02111889/n02111889_6041.JPEG,n02111889,258,Samoyed,jpeg,70,258,Samoyed,0.39524757862091064,True,22480,21878,1.027516226346101,43.415295542606394,0.9908630890369964
imagewoof,data/imagewoof2-320/val/n02111889/n02111889_6042.JPEG,n02111889,258,Samoyed,jpeg,70,258,Samoyed,0.4258091151714325,True,16866,16390,1.0290420988407565,44.041475293218824,0.991808720193675
imagewoof,data/imagewoof2-320/val/n02111889/n02111889_6052.JPEG,n02111889,258,Samoyed,jpeg,70,258,Samoyed,0.7061635851860046,True,12997,12668,1.0259709504262708,46.10111833409136,0.9923426287617034
imagewoof,data/imagewoof2-320/val/n02111889/n02111889_6090.JPEG,n02111889,258,Samoyed,jpeg,70,258,Samoyed,0.4053860902786255,True,28048,27100,1.0349815498154982,39.56409283326625,0.9904880040194817
imagewoof,data/imagewoof2-320/val/n02111889/n02111889_6100.JPEG,n02111889,258,Samoyed,jpeg,70,258,Samoyed,0.6030520796775818,True,14820,14509,1.0214349713970639,46.92203085836845,0.9927127654782538
imagewoof,data/imagewoof2-320/val/n02111889/n02111889_6110.JPEG,n02111889,258,Samoyed,jpeg,70,258,Samoyed,0.3256605863571167,True,16421,15990,1.0269543464665416,45.95427824822903,0.9923708496959144
imagewoof,data/imagewoof2-320/val/n02111889/n02111889_6111.JPEG,n02111889,258,Samoyed,jpeg,70,258,Samoyed,0.3750593066215515,True,11999,12647,0.9487625523839646,48.883198059016166,0.9825508705651756
imagewoof,data/imagewoof2-320/val/n02111889/n02111889_6150.JPEG,n02111889,258,Samoyed,jpeg,70,258,Samoyed,0.8202531337738037,True,26984,26121,1.0330385513571456,40.86638915975634,0.9895170458781162
imagewoof,data/imagewoof2-320/val/n02111889/n02111889_6162.JPEG,n02111889,258,Samoyed,jpeg,70,258,Samoyed,0.5334550142288208,True,24937,24201,1.0304119664476674,42.229733794398356,0.992582549684601
imagewoof,data/imagewoof2-320/val/n02111889/n02111889_6250.JPEG,n02111889,258,Samoyed,jpeg,70,258,Samoyed,0.5201923251152039,True,19555,19003,1.029048045045519,42.2681820673537,0.990800921639631
imagewoof,data/imagewoof2-320/val/n02111889/n02111889_6262.JPEG,n02111889,258,Samoyed,jpeg,70,258,Samoyed,0.5406866073608398,True,15740,15397,1.0222770669610963,45.99252750989196,0.9917511495119111
imagewoof,data/imagewoof2-320/val/n02111889/n02111889_6301.JPEG,n02111889,258,Samoyed,jpeg,70,258,Samoyed,0.5141822695732117,True,22777,22167,1.027518383182208,43.83663533472451,0.9920927056379748
imagewoof,data/imagewoof2-320/val/n02111889/n02111889_6321.JPEG,n02111889,258,Samoyed,jpeg,70,258,Samoyed,0.8150557279586792,True,27740,27012,1.0269509847475196,39.99519045709364,0.9913111319219953
imagewoof,data/imagewoof2-320/val/n02111889/n02111889_6360.JPEG,n02111889,258,Samoyed,jpeg,70,258,Samoyed,0.5656864643096924,True,15941,15580,1.023170731707317,45.98486790362522,0.9923305756363973
imagewoof,data/imagewoof2-320/val/n02111889/n02111889_640.JPEG,n02111889,258,Samoyed,jpeg,70,258,Samoyed,0.45826655626296997,True,20127,19602,1.026782981328436,45.0767419825338,0.9915839886559962
imagewoof,data/imagewoof2-320/val/n02111889/n02111889_6400.JPEG,n02111889,258,Samoyed,jpeg,70,258,Samoyed,0.5693926215171814,True,23981,23425,1.023735325506937,43.50795800296734,0.9927199405141472
imagewoof,data/imagewoof2-320/val/n02111889/n02111889_6440.JPEG,n02111889,258,Samoyed,jpeg,70,258,Samoyed,0.5264896750450134,True,30340,29419,1.031306298650532,41.22489739388061,0.9910038943328937
imagewoof,data/imagewoof2-320/val/n02111889/n02111889_6512.JPEG,n02111889,258,Samoyed,jpeg,70,258,Samoyed,0.6117684245109558,True,19859,19343,1.0266763170139068,44.341342204211955,0.9908301714476391
imagewoof,data/imagewoof2-320/val/n02111889/n02111889_6591.JPEG,n02111889,258,Samoyed,jpeg,70,257,Great Pyrenees,0.42254331707954407,False,18173,17691,1.0272454920581087,42.29141941758478,0.9912290223098349
imagewoof,data/imagewoof2-320/val/n02111889/n02111889_6592.JPEG,n02111889,258,Samoyed,jpeg,70,258,Samoyed,0.41961556673049927,True,31416,30499,1.03006655955933,41.54170706355679,0.9901743034027852
imagewoof,data/imagewoof2-320/val/n02111889/n02111889_661.JPEG,n02111889,258,Samoyed,jpeg,70,258,Samoyed,0.45515334606170654,True,37437,36357,1.0297054212393761,38.61632432463617,0.9902606728362828
imagewoof,data/imagewoof2-320/val/n02111889/n02111889_662.JPEG,n02111889,258,Samoyed,jpeg,70,258,Samoyed,0.3866245746612549,True,27498,26897,1.0223444993865487,43.27799289254649,0.9913283985695457
imagewoof,data/imagewoof2-320/val/n02111889/n02111889_6621.JPEG,n02111889,258,Samoyed,jpeg,70,258,Samoyed,0.3539282977581024,True,22381,21889,1.0224770432637398,44.54605400556271,0.9919531536360201
imagewoof,data/imagewoof2-320/val/n02111889/n02111889_6622.JPEG,n02111889,258,Samoyed,jpeg,70,258,Samoyed,0.5744757056236267,True,16864,16426,1.0266650432241569,44.930008200496275,0.9913043734503711
imagewoof,data/imagewoof2-320/val/n02111889/n02111889_6631.JPEG,n02111889,258,Samoyed,jpeg,70,258,Samoyed,0.45109400153160095,True,18524,18042,1.0267154417470348,44.70801549632149,0.992870258144318
imagewoof,data/imagewoof2-320/val/n02111889/n02111889_6671.JPEG,n02111889,258,Samoyed,jpeg,70,258,Samoyed,0.4837912917137146,True,32865,31974,1.0278663914430475,41.4312164047774,0.9919172416882676
imagewoof,data/imagewoof2-320/val/n02111889/n02111889_6700.JPEG,n02111889,258,Samoyed,jpeg,70,258,Samoyed,0.4837399423122406,True,19578,19121,1.0239004236180116,44.56863769079305,0.9913910154478405
imagewoof,data/imagewoof2-320/val/n02111889/n02111889_6712.JPEG,n02111889,258,Samoyed,jpeg,70,222,kuvasz,0.3802690804004669,False,23235,22648,1.0259184033910278,43.863656842718385,0.9912630731712518
imagewoof,data/imagewoof2-320/val/n02111889/n02111889_6750.JPEG,n02111889,258,Samoyed,jpeg,70,258,Samoyed,0.3840068578720093,True,23488,22914,1.0250501876582003,43.168463647003854,0.9911501460625569
imagewoof,data/imagewoof2-320/val/n02111889/n02111889_6771.JPEG,n02111889,258,Samoyed,jpeg,70,258,Samoyed,0.3875654339790344,True,20043,19511,1.0272666700835427,43.841831228400785,0.9919100402284117
imagewoof,data/imagewoof2-320/val/n02111889/n02111889_6781.JPEG,n02111889,258,Samoyed,jpeg,70,258,Samoyed,0.4189377427101135,True,26328,25645,1.0266328719048547,40.407323214892386,0.9910773977533678
imagewoof,data/imagewoof2-320/val/n02111889/n02111889_6811.JPEG,n02111889,258,Samoyed,jpeg,70,258,Samoyed,0.45740294456481934,True,19152,18669,1.0258717660292462,44.42472769487614,0.9917392207275225
imagewoof,data/imagewoof2-320/val/n02111889/n02111889_6840.JPEG,n02111889,258,Samoyed,jpeg,70,258,Samoyed,0.3959915041923523,True,14960,14671,1.0196987253765932,46.49442799741106,0.9930754591516596
imagewoof,data/imagewoof2-320/val/n02111889/n02111889_6841.JPEG,n02111889,258,Samoyed,jpeg,70,212,English setter,0.09720835089683533,False,12036,11769,1.0226867193474383,47.25051780673871,0.992170457260698
imagewoof,data/imagewoof2-320/val/n02111889/n02111889_6851.JPEG,n02111889,258,Samoyed,jpeg,70,258,Samoyed,0.5828534364700317,True,22980,22301,1.030447065154029,41.37302108809746,0.9920149528367888
imagewoof,data/imagewoof2-320/val/n02111889/n02111889_691.JPEG,n02111889,258,Samoyed,jpeg,70,258,Samoyed,0.6405350565910339,True,19508,19082,1.0223247039094434,45.448256483061385,0.9925998232014154
imagewoof,data/imagewoof2-320/val/n02111889/n02111889_6930.JPEG,n02111889,258,Samoyed,jpeg,70,258,Samoyed,0.278038889169693,True,17486,16914,1.0338181388199126,43.258471844147266,0.9914990376462506
imagewoof,data/imagewoof2-320/val/n02111889/n02111889_6941.JPEG,n02111889,258,Samoyed,jpeg,70,258,Samoyed,0.40019890666007996,True,28006,27143,1.0317945695022657,40.80047738806896,0.9920861257486289
imagewoof,data/imagewoof2-320/val/n02111889/n02111889_6950.JPEG,n02111889,258,Samoyed,jpeg,70,258,Samoyed,0.4696315824985504,True,30364,29639,1.0244610142042578,41.1953088389693,0.9907686383601216
imagewoof,data/imagewoof2-320/val/n02111889/n02111889_6962.JPEG,n02111889,258,Samoyed,jpeg,70,258,Samoyed,0.7756255269050598,True,16616,17123,0.9703907025638031,46.43149410517047,0.9934288669404218
imagewoof,data/imagewoof2-320/val/n02111889/n02111889_7002.JPEG,n02111889,258,Samoyed,jpeg,70,258,Samoyed,0.586195707321167,True,31375,30435,1.0308854936750451,40.36657148277257,0.991676470536127
imagewoof,data/imagewoof2-320/val/n02111889/n02111889_7011.JPEG,n02111889,258,Samoyed,jpeg,70,258,Samoyed,0.21511825919151306,True,24131,23382,1.0320331879223335,41.33465175142941,0.9931770501882244
imagewoof,data/imagewoof2-320/val/n02111889/n02111889_7041.JPEG,n02111889,258,Samoyed,jpeg,70,258,Samoyed,0.4581162631511688,True,32794,31803,1.0311605823349999,40.20905225831533,0.9887054421018516
imagewoof,data/imagewoof2-320/val/n02111889/n02111889_7042.JPEG,n02111889,258,Samoyed,jpeg,70,260,chow,0.1922137588262558,False,19264,18796,1.0248989146626941,44.79955880972547,0.9912113659448236
imagewoof,data/imagewoof2-320/val/n02111889/n02111889_7050.JPEG,n02111889,258,Samoyed,jpeg,70,258,Samoyed,0.5043969750404358,True,19253,18837,1.0220841959972395,44.91442201569324,0.9920364719496736
imagewoof,data/imagewoof2-320/val/n02111889/n02111889_7071.JPEG,n02111889,258,Samoyed,jpeg,70,258,Samoyed,0.3768015503883362,True,20988,20492,1.0242045676361506,44.423289389543925,0.9913257740802587
imagewoof,data/imagewoof2-320/val/n02111889/n02111889_7100.JPEG,n02111889,258,Samoyed,jpeg,70,258,Samoyed,0.520779550075531,True,14842,14410,1.0299791811242194,44.906201201136,0.9899185664923142
imagewoof,data/imagewoof2-320/val/n02111889/n02111889_7151.JPEG,n02111889,258,Samoyed,jpeg,70,258,Samoyed,0.3892979919910431,True,30730,29895,1.0279310921558789,39.89832707926156,0.9916724920690414
imagewoof,data/imagewoof2-320/val/n02111889/n02111889_7182.JPEG,n02111889,258,Samoyed,jpeg,70,258,Samoyed,0.3228675127029419,True,20659,20137,1.0259224313452848,43.56981233596428,0.9925507256959696
imagewoof,data/imagewoof2-320/val/n02111889/n02111889_72.JPEG,n02111889,258,Samoyed,jpeg,70,258,Samoyed,0.6572797894477844,True,17391,17038,1.0207183941777205,45.7910924580062,0.9914217999975993
imagewoof,data/imagewoof2-320/val/n02111889/n02111889_722.JPEG,n02111889,258,Samoyed,jpeg,70,258,Samoyed,0.6560505032539368,True,22944,22393,1.0246059036305988,44.1694089644559,0.9917880850148609
imagewoof,data/imagewoof2-320/val/n02111889/n02111889_7242.JPEG,n02111889,258,Samoyed,jpeg,70,258,Samoyed,0.17088967561721802,True,30966,30401,1.0185849149699022,41.409121234756114,0.9889141843905604
imagewoof,data/imagewoof2-320/val/n02111889/n02111889_7272.JPEG,n02111889,258,Samoyed,jpeg,70,258,Samoyed,0.6436894536018372,True,38883,37833,1.027753548489414,37.93839093502932,0.9902946426612282
imagewoof,data/imagewoof2-320/val/n02111889/n02111889_7301.JPEG,n02111889,258,Samoyed,jpeg,70,258,Samoyed,0.4360124468803406,True,22184,21592,1.0274175620600223,43.91731295968278,0.9917240315265504
imagewoof,data/imagewoof2-320/val/n02111889/n02111889_7451.JPEG,n02111889,258,Samoyed,jpeg,70,258,Samoyed,0.4313395917415619,True,19063,19256,0.9899771499792273,43.32654650568459,0.994196702375708
imagewoof,data/imagewoof2-320/val/n02111889/n02111889_7491.JPEG,n02111889,258,Samoyed,jpeg,70,258,Samoyed,0.4682232439517975,True,26241,25466,1.0304327338412,43.06112296210529,0.9922498122429907
imagewoof,data/imagewoof2-320/val/n02111889/n02111889_7642.JPEG,n02111889,258,Samoyed,jpeg,70,258,Samoyed,0.42142924666404724,True,18581,18043,1.029817657817436,45.21479543402984,0.9929409491858966
imagewoof,data/imagewoof2-320/val/n02111889/n02111889_7651.JPEG,n02111889,258,Samoyed,jpeg,70,258,Samoyed,0.4844277799129486,True,21012,20494,1.025275690445984,44.34507801175326,0.9926251686166246
imagewoof,data/imagewoof2-320/val/n02111889/n02111889_7680.JPEG,n02111889,258,Samoyed,jpeg,70,258,Samoyed,0.34627988934516907,True,17907,17434,1.0271308936560744,43.29952217108251,0.9926364174983294
imagewoof,data/imagewoof2-320/val/n02111889/n02111889_771.JPEG,n02111889,258,Samoyed,jpeg,70,258,Samoyed,0.3387083411216736,True,16316,15896,1.0264217413185708,45.15031373784257,0.9916300321408397
imagewoof,data/imagewoof2-320/val/n02111889/n02111889_7732.JPEG,n02111889,258,Samoyed,jpeg,70,258,Samoyed,0.5549800992012024,True,14047,13716,1.024132400116652,47.14941925615399,0.9931409456083719
imagewoof,data/imagewoof2-320/val/n02111889/n02111889_7762.JPEG,n02111889,258,Samoyed,jpeg,70,258,Samoyed,0.5047393441200256,True,31524,30626,1.0293214915431332,41.508595013231506,0.9928754312800047
imagewoof,data/imagewoof2-320/val/n02111889/n02111889_7821.JPEG,n02111889,258,Samoyed,jpeg,70,258,Samoyed,0.5867411494255066,True,17899,17527,1.021224396645176,46.152400615985556,0.9929381754826095
imagewoof,data/imagewoof2-320/val/n02111889/n02111889_7901.JPEG,n02111889,258,Samoyed,jpeg,70,258,Samoyed,0.5462189316749573,True,31573,30561,1.0331140996695134,40.57621718263516,0.9902351171279445
imagewoof,data/imagewoof2-320/val/n02111889/n02111889_7902.JPEG,n02111889,258,Samoyed,jpeg,70,258,Samoyed,0.48624926805496216,True,24454,23655,1.0337772141196364,42.52810418601169,0.9921986645816409
imagewoof,data/imagewoof2-320/val/n02111889/n02111889_791.JPEG,n02111889,258,Samoyed,jpeg,70,258,Samoyed,0.18629217147827148,True,16906,16534,1.022499092778517,45.417824060843756,0.9920872286112757
imagewoof,data/imagewoof2-320/val/n02111889/n02111889_7921.JPEG,n02111889,258,Samoyed,jpeg,70,258,Samoyed,0.3424452841281891,True,7206,7061,1.020535334938394,47.534114506816174,0.992525343642872
imagewoof,data/imagewoof2-320/val/n02111889/n02111889_7951.JPEG,n02111889,258,Samoyed,jpeg,70,258,Samoyed,0.38237449526786804,True,31469,30422,1.0344158832423904,40.208314955434794,0.9881488419003778
imagewoof,data/imagewoof2-320/val/n02111889/n02111889_8010.JPEG,n02111889,258,Samoyed,jpeg,70,258,Samoyed,0.2146797478199005,True,22911,22194,1.0323060286563936,43.00197952436655,0.9905456888758956
imagewoof,data/imagewoof2-320/val/n02111889/n02111889_8082.JPEG,n02111889,258,Samoyed,jpeg,70,222,kuvasz,0.3680061399936676,False,15333,15012,1.021382893685052,46.28246657455716,0.9903430074269247
imagewoof,data/imagewoof2-320/val/n02111889/n02111889_822.JPEG,n02111889,258,Samoyed,jpeg,70,258,Samoyed,0.5376986265182495,True,16729,16427,1.018384367200341,46.94866889154781,0.9932282155308135
imagewoof,data/imagewoof2-320/val/n02111889/n02111889_8240.JPEG,n02111889,258,Samoyed,jpeg,70,258,Samoyed,0.6329804062843323,True,14021,13652,1.0270290067389394,46.36897125568411,0.993537002067365
imagewoof,data/imagewoof2-320/val/n02111889/n02111889_8282.JPEG,n02111889,258,Samoyed,jpeg,70,258,Samoyed,0.18049955368041992,True,28811,28013,1.0284867739977868,41.75159780282135,0.9916206281841613
imagewoof,data/imagewoof2-320/val/n02111889/n02111889_8290.JPEG,n02111889,258,Samoyed,jpeg,70,258,Samoyed,0.569385290145874,True,27830,26974,1.0317342626232668,41.361900664065004,0.9922429129522904
imagewoof,data/imagewoof2-320/val/n02111889/n02111889_8312.JPEG,n02111889,258,Samoyed,jpeg,70,258,Samoyed,0.4279930889606476,True,26391,25733,1.0255702794077644,43.71417880750605,0.9923267489284155
imagewoof,data/imagewoof2-320/val/n02111889/n02111889_8350.JPEG,n02111889,258,Samoyed,jpeg,70,258,Samoyed,0.555583655834198,True,30797,29840,1.0320710455764075,38.67392042258019,0.9903230518595482
imagewoof,data/imagewoof2-320/val/n02111889/n02111889_8441.JPEG,n02111889,258,Samoyed,jpeg,70,258,Samoyed,0.4700506627559662,True,41768,40410,1.0336055431823805,36.30155003650317,0.989318144155633
imagewoof,data/imagewoof2-320/val/n02111889/n02111889_8561.JPEG,n02111889,258,Samoyed,jpeg,70,258,Samoyed,0.4803672432899475,True,28763,27895,1.031116687578419,39.05159319760706,0.9906874353434895
imagewoof,data/imagewoof2-320/val/n02111889/n02111889_8751.JPEG,n02111889,258,Samoyed,jpeg,70,258,Samoyed,0.47083303332328796,True,29179,28405,1.0272487238162296,41.524983364934954,0.9919630962741378
imagewoof,data/imagewoof2-320/val/n02111889/n02111889_8771.JPEG,n02111889,258,Samoyed,jpeg,70,258,Samoyed,0.48245078325271606,True,24252,23706,1.0230321437610732,43.33218739288871,0.9907010457965685
imagewoof,data/imagewoof2-320/val/n02111889/n02111889_8870.JPEG,n02111889,258,Samoyed,jpeg,70,258,Samoyed,0.4485057592391968,True,40867,39729,1.0286440635304186,38.375579871422715,0.9916729340584222
imagewoof,data/imagewoof2-320/val/n02111889/n02111889_8902.JPEG,n02111889,258,Samoyed,jpeg,70,258,Samoyed,0.3726125657558441,True,21837,21224,1.0288823972860912,43.21021690783711,0.9910784505143063
imagewoof,data/imagewoof2-320/val/n02111889/n02111889_9001.JPEG,n02111889,258,Samoyed,jpeg,70,258,Samoyed,0.41289249062538147,True,20860,20326,1.0262717701466102,45.11143234398412,0.9924105158234694
imagewoof,data/imagewoof2-320/val/n02111889/n02111889_9021.JPEG,n02111889,258,Samoyed,jpeg,70,258,Samoyed,0.5678238868713379,True,14755,14455,1.0207540643375994,46.724022683844744,0.9945089674413302
imagewoof,data/imagewoof2-320/val/n02111889/n02111889_91.JPEG,n02111889,258,Samoyed,jpeg,70,258,Samoyed,0.5771118998527527,True,20159,19647,1.026059958263348,44.12177029096047,0.9928661899937108
imagewoof,data/imagewoof2-320/val/n02111889/n02111889_9112.JPEG,n02111889,258,Samoyed,jpeg,70,258,Samoyed,0.6304836869239807,True,20765,20236,1.0261415299466297,43.23111365186631,0.9916228805115009
imagewoof,data/imagewoof2-320/val/n02111889/n02111889_9141.JPEG,n02111889,258,Samoyed,jpeg,70,258,Samoyed,0.44776901602745056,True,24018,23305,1.0305942930701566,41.56480964644324,0.9918122055252633
imagewoof,data/imagewoof2-320/val/n02111889/n02111889_920.JPEG,n02111889,258,Samoyed,jpeg,70,258,Samoyed,0.5240247249603271,True,19586,19022,1.0296498790873725,43.81589967973216,0.992184536036164
imagewoof,data/imagewoof2-320/val/n02111889/n02111889_9210.JPEG,n02111889,258,Samoyed,jpeg,70,258,Samoyed,0.39055588841438293,True,21330,21662,0.9846736220108947,43.683652213902924,0.9940815433219353
imagewoof,data/imagewoof2-320/val/n02111889/n02111889_9291.JPEG,n02111889,258,Samoyed,jpeg,70,258,Samoyed,0.5941287279129028,True,43297,42157,1.0270417724221363,37.63254900088111,0.9901575461761274
imagewoof,data/imagewoof2-320/val/n02111889/n02111889_9400.JPEG,n02111889,258,Samoyed,jpeg,70,258,Samoyed,0.4869385361671448,True,24839,24187,1.0269566295944101,43.228846677948226,0.9909279652557684
imagewoof,data/imagewoof2-320/val/n02111889/n02111889_9471.JPEG,n02111889,258,Samoyed,jpeg,70,258,Samoyed,0.24760282039642334,True,21976,21534,1.0205256803194946,45.01012606742236,0.990617048492402
imagewoof,data/imagewoof2-320/val/n02111889/n02111889_9540.JPEG,n02111889,258,Samoyed,jpeg,70,258,Samoyed,0.5293071269989014,True,25423,24624,1.0324480181936322,41.60712563179586,0.986813537105097
imagewoof,data/imagewoof2-320/val/n02111889/n02111889_9642.JPEG,n02111889,258,Samoyed,jpeg,70,258,Samoyed,0.6666173934936523,True,29438,28685,1.0262506536517344,41.10418406588951,0.9905530546059707
imagewoof,data/imagewoof2-320/val/n02111889/n02111889_9650.JPEG,n02111889,258,Samoyed,jpeg,70,258,Samoyed,0.6231573224067688,True,20876,20353,1.0256964575246892,42.95374252752259,0.9895848157882868
imagewoof,data/imagewoof2-320/val/n02111889/n02111889_9790.JPEG,n02111889,258,Samoyed,jpeg,70,258,Samoyed,0.5921540260314941,True,12007,11770,1.0201359388275275,47.1807583465453,0.9936664928740343
imagewoof,data/imagewoof2-320/val/n02111889/n02111889_9872.JPEG,n02111889,258,Samoyed,jpeg,70,258,Samoyed,0.2604299783706665,True,21347,20813,1.0256570412722819,44.82472653447722,0.9921209718683542
imagewoof,data/imagewoof2-320/val/n02111889/n02111889_9931.JPEG,n02111889,258,Samoyed,jpeg,70,258,Samoyed,0.47388723492622375,True,45434,43747,1.0385626442956088,36.85454065713604,0.9861496728854426
imagewoof,data/imagewoof2-320/val/n02111889/n02111889_9940.JPEG,n02111889,258,Samoyed,jpeg,70,258,Samoyed,0.06860983371734619,True,35638,34671,1.0278907444261776,39.926166262828914,0.9904786772458172
imagewoof,data/imagewoof2-320/val/n02115641/ILSVRC2012_val_00001212.JPEG,n02115641,273,dingo,jpeg,70,273,dingo,0.5031775236129761,True,36965,35925,1.0289491997216422,38.84356630564138,0.9909091405778856
imagewoof,data/imagewoof2-320/val/n02115641/ILSVRC2012_val_00004320.JPEG,n02115641,273,dingo,jpeg,70,273,dingo,0.3180701732635498,True,43020,41586,1.0344827586206897,38.08947970926016,0.9925371767430692
imagewoof,data/imagewoof2-320/val/n02115641/ILSVRC2012_val_00004372.JPEG,n02115641,273,dingo,jpeg,70,263,Pembroke,0.032007865607738495,False,39501,38151,1.035385704175513,38.21268506881077,0.9926437684909525
imagewoof,data/imagewoof2-320/val/n02115641/ILSVRC2012_val_00007782.JPEG,n02115641,273,dingo,jpeg,70,223,schipperke,0.09575530886650085,False,13825,13487,1.0250611700155705,46.15290366341468,0.9927035422395866
imagewoof,data/imagewoof2-320/val/n02115641/ILSVRC2012_val_00010040.JPEG,n02115641,273,dingo,jpeg,70,273,dingo,0.5659327507019043,True,17872,17401,1.0270674099189703,44.328644067851485,0.9918698560155299
imagewoof,data/imagewoof2-320/val/n02115641/ILSVRC2012_val_00011750.JPEG,n02115641,273,dingo,jpeg,70,273,dingo,0.47529011964797974,True,31045,30180,1.0286613651424785,39.28532932166671,0.9856136907816468
imagewoof,data/imagewoof2-320/val/n02115641/ILSVRC2012_val_00012401.JPEG,n02115641,273,dingo,jpeg,70,273,dingo,0.4887496531009674,True,19708,19102,1.0317244267615957,43.78376633470015,0.9935247461683326
imagewoof,data/imagewoof2-320/val/n02115641/ILSVRC2012_val_00012752.JPEG,n02115641,273,dingo,jpeg,70,273,dingo,0.4830567538738251,True,25458,24754,1.0284398481053567,43.29016303275077,0.991714834331571
imagewoof,data/imagewoof2-320/val/n02115641/ILSVRC2012_val_00015821.JPEG,n02115641,273,dingo,jpeg,70,273,dingo,0.38094383478164673,True,29330,28408,1.0324556462968177,41.17528164729492,0.9919364719007713
imagewoof,data/imagewoof2-320/val/n02115641/ILSVRC2012_val_00022330.JPEG,n02115641,273,dingo,jpeg,70,273,dingo,0.46369242668151855,True,20742,20256,1.0239928909952607,43.781489839417524,0.9909441080854434
imagewoof,data/imagewoof2-320/val/n02115641/ILSVRC2012_val_00024961.JPEG,n02115641,273,dingo,jpeg,70,151,Chihuahua,0.2139022946357727,False,23567,22957,1.0265714161258004,42.85897275373246,0.9880919335511732
imagewoof,data/imagewoof2-320/val/n02115641/ILSVRC2012_val_00032652.JPEG,n02115641,273,dingo,jpeg,70,273,dingo,0.48140886425971985,True,35821,34725,1.0315622750179985,40.05490783166784,0.9922244849662426
imagewoof,data/imagewoof2-320/val/n02115641/ILSVRC2012_val_00038762.JPEG,n02115641,273,dingo,jpeg,70,235,German shepherd,0.16552786529064178,False,21969,21356,1.0287038771305488,42.77266737514812,0.9916993437450795
imagewoof,data/imagewoof2-320/val/n02115641/ILSVRC2012_val_00041341.JPEG,n02115641,273,dingo,jpeg,70,273,dingo,0.4125511646270752,True,40031,38803,1.0316470376001856,38.20716890219563,0.9907208103014256
imagewoof,data/imagewoof2-320/val/n02115641/ILSVRC2012_val_00042731.JPEG,n02115641,273,dingo,jpeg,70,273,dingo,0.5052778124809265,True,28065,27036,1.0380603639591655,40.0000781231327,0.9906267412501873
imagewoof,data/imagewoof2-320/val/n02115641/ILSVRC2012_val_00047670.JPEG,n02115641,273,dingo,jpeg,70,273,dingo,0.5615031719207764,True,24016,23255,1.032724145345087,41.347512678424295,0.9903073580176245
imagewoof,data/imagewoof2-320/val/n02115641/ILSVRC2012_val_00048971.JPEG,n02115641,273,dingo,jpeg,70,273,dingo,0.4650202989578247,True,34208,33146,1.0320400651662343,39.837699804072415,0.9925971626989952
imagewoof,data/imagewoof2-320/val/n02115641/n02115641_10021.JPEG,n02115641,273,dingo,jpeg,70,273,dingo,0.4344201982021332,True,29327,28451,1.03078977891814,40.65158281680601,0.9929206600291282
imagewoof,data/imagewoof2-320/val/n02115641/n02115641_10022.JPEG,n02115641,273,dingo,jpeg,70,273,dingo,0.24030044674873352,True,15160,14736,1.0287730727470141,44.58484274877188,0.9914420706697982
imagewoof,data/imagewoof2-320/val/n02115641/n02115641_10092.JPEG,n02115641,273,dingo,jpeg,70,273,dingo,0.5160934329032898,True,10630,10410,1.021133525456292,45.98849119173111,0.9924202881658691
imagewoof,data/imagewoof2-320/val/n02115641/n02115641_1010.JPEG,n02115641,273,dingo,jpeg,70,273,dingo,0.39353880286216736,True,37413,36262,1.0317412167006783,39.3911967838783,0.9920387303336328
imagewoof,data/imagewoof2-320/val/n02115641/n02115641_10172.JPEG,n02115641,273,dingo,jpeg,70,273,dingo,0.4924680292606354,True,28157,27338,1.0299582998024728,41.84318534671078,0.9916732535676985
imagewoof,data/imagewoof2-320/val/n02115641/n02115641_10261.JPEG,n02115641,273,dingo,jpeg,70,273,dingo,0.47549551725387573,True,22344,21675,1.0308650519031142,44.63416108979519,0.9928020088592907
imagewoof,data/imagewoof2-320/val/n02115641/n02115641_10282.JPEG,n02115641,273,dingo,jpeg,70,273,dingo,0.44409096240997314,True,30218,29266,1.0325292147884917,41.745469193359725,0.9919197678719854
imagewoof,data/imagewoof2-320/val/n02115641/n02115641_10300.JPEG,n02115641,273,dingo,jpeg,70,273,dingo,0.5160873532295227,True,35236,33995,1.0365053684365348,38.7915462796892,0.9901823980011883
imagewoof,data/imagewoof2-320/val/n02115641/n02115641_10342.JPEG,n02115641,273,dingo,jpeg,70,273,dingo,0.4736059010028839,True,47478,45963,1.0329612949546374,36.62932096427915,0.9915533332903546
imagewoof,data/imagewoof2-320/val/n02115641/n02115641_1042.JPEG,n02115641,273,dingo,jpeg,70,273,dingo,0.5150658488273621,True,22681,22070,1.0276846397825101,43.65758137808201,0.9916380347366894
imagewoof,data/imagewoof2-320/val/n02115641/n02115641_10510.JPEG,n02115641,273,dingo,jpeg,70,273,dingo,0.4302213490009308,True,51893,50147,1.0348176361497199,35.93428254380178,0.9920811240056983
imagewoof,data/imagewoof2-320/val/n02115641/n02115641_10511.JPEG,n02115641,273,dingo,jpeg,70,273,dingo,0.6183951497077942,True,22545,21896,1.0296401169163318,43.548375516309356,0.9911816585513455
imagewoof,data/imagewoof2-320/val/n02115641/n02115641_10561.JPEG,n02115641,273,dingo,jpeg,70,273,dingo,0.4635814428329468,True,22892,22211,1.0306604835441897,43.588689068503044,0.993279425835755
imagewoof,data/imagewoof2-320/val/n02115641/n02115641_10570.JPEG,n02115641,273,dingo,jpeg,70,273,dingo,0.3100859522819519,True,47948,46038,1.0414874668751901,36.21869984725062,0.9911820525871337
imagewoof,data/imagewoof2-320/val/n02115641/n02115641_10580.JPEG,n02115641,273,dingo,jpeg,70,273,dingo,0.5591288805007935,True,16797,16472,1.0197304516755707,46.230975329880565,0.9911778401001566
imagewoof,data/imagewoof2-320/val/n02115641/n02115641_10751.JPEG,n02115641,273,dingo,jpeg,70,273,dingo,0.3813254237174988,True,41192,39931,1.0315794745936742,39.06782406391537,0.9921939579564546
imagewoof,data/imagewoof2-320/val/n02115641/n02115641_10881.JPEG,n02115641,273,dingo,jpeg,70,273,dingo,0.41248440742492676,True,47799,46054,1.0378903026881487,36.438476575705046,0.992849568154896
imagewoof,data/imagewoof2-320/val/n02115641/n02115641_10941.JPEG,n02115641,273,dingo,jpeg,70,273,dingo,0.4478704333305359,True,15940,15609,1.0212057146518034,45.604542545980635,0.9881345537132277
imagewoof,data/imagewoof2-320/val/n02115641/n02115641_10992.JPEG,n02115641,273,dingo,jpeg,70,159,Rhodesian ridgeback,0.12655138969421387,False,29830,29016,1.028053487730907,42.24915684222517,0.9913873401491338
imagewoof,data/imagewoof2-320/val/n02115641/n02115641_11001.JPEG,n02115641,273,dingo,jpeg,70,273,dingo,0.6808732151985168,True,29193,28450,1.0261159929701231,41.654887345093044,0.9914538698632862
imagewoof,data/imagewoof2-320/val/n02115641/n02115641_11031.JPEG,n02115641,273,dingo,jpeg,70,273,dingo,0.27287712693214417,True,24585,23948,1.02659929848004,44.12719192019044,0.991483877444305
imagewoof,data/imagewoof2-320/val/n02115641/n02115641_11150.JPEG,n02115641,273,dingo,jpeg,70,273,dingo,0.5889679193496704,True,38781,37512,1.0338291746641075,41.2955105144465,0.9939095455381661
imagewoof,data/imagewoof2-320/val/n02115641/n02115641_11220.JPEG,n02115641,273,dingo,jpeg,70,225,malinois,0.16897664964199066,False,16043,15645,1.0254394375199745,45.131035011112964,0.9925357993576744
imagewoof,data/imagewoof2-320/val/n02115641/n02115641_11292.JPEG,n02115641,273,dingo,jpeg,70,273,dingo,0.5156973004341125,True,14132,13788,1.0249492312155497,44.57111228603005,0.9901220642482927
imagewoof,data/imagewoof2-320/val/n02115641/n02115641_11310.JPEG,n02115641,273,dingo,jpeg,70,273,dingo,0.479552686214447,True,25895,24957,1.0375846455904154,41.198832013944,0.993669877553549
imagewoof,data/imagewoof2-320/val/n02115641/n02115641_11482.JPEG,n02115641,273,dingo,jpeg,70,273,dingo,0.40080752968788147,True,46589,45045,1.0342768342768343,36.48845863011536,0.9906857198877613
imagewoof,data/imagewoof2-320/val/n02115641/n02115641_1151.JPEG,n02115641,273,dingo,jpeg,70,273,dingo,0.4383186399936676,True,33034,32193,1.0261236914857268,40.396475778740175,0.990327710061497
imagewoof,data/imagewoof2-320/val/n02115641/n02115641_11512.JPEG,n02115641,273,dingo,jpeg,70,273,dingo,0.4873764216899872,True,40878,39572,1.0330031335287577,37.98218510018779,0.9921924895319846
imagewoof,data/imagewoof2-320/val/n02115641/n02115641_11731.JPEG,n02115641,273,dingo,jpeg,70,273,dingo,0.4665904641151428,True,33125,32207,1.028503120439656,40.570444078239774,0.9894519921784246
imagewoof,data/imagewoof2-320/val/n02115641/n02115641_1191.JPEG,n02115641,273,dingo,jpeg,70,273,dingo,0.5401270985603333,True,15484,14999,1.0323354890326022,45.74003657330496,0.9907236478704452
imagewoof,data/imagewoof2-320/val/n02115641/n02115641_11981.JPEG,n02115641,273,dingo,jpeg,70,273,dingo,0.3316357433795929,True,43438,41972,1.0349280472696083,38.05241347882669,0.9910646251224943
imagewoof,data/imagewoof2-320/val/n02115641/n02115641_12031.JPEG,n02115641,273,dingo,jpeg,70,273,dingo,0.2476336807012558,True,28158,27320,1.0306734992679356,41.48768684653596,0.9927670220833572
imagewoof,data/imagewoof2-320/val/n02115641/n02115641_12081.JPEG,n02115641,273,dingo,jpeg,70,273,dingo,0.4063871204853058,True,37485,36215,1.0350683418473008,40.1141924284235,0.9941189988562681
imagewoof,data/imagewoof2-320/val/n02115641/n02115641_1210.JPEG,n02115641,273,dingo,jpeg,70,274,dhole,0.17621317505836487,False,10107,9810,1.0302752293577981,47.7501123115247,0.9931295362452914
imagewoof,data/imagewoof2-320/val/n02115641/n02115641_12150.JPEG,n02115641,273,dingo,jpeg,70,273,dingo,0.26399993896484375,True,37345,36066,1.0354627627128044,41.675365368557905,0.9938080531059875
imagewoof,data/imagewoof2-320/val/n02115641/n02115641_12171.JPEG,n02115641,273,dingo,jpeg,70,273,dingo,0.40255579352378845,True,44405,42810,1.0372576500817565,37.507600449115714,0.9942922561908444
imagewoof,data/imagewoof2-320/val/n02115641/n02115641_12291.JPEG,n02115641,273,dingo,jpeg,70,273,dingo,0.49299103021621704,True,37287,36117,1.0323947171692,38.74506619193041,0.9907187367775293
imagewoof,data/imagewoof2-320/val/n02115641/n02115641_12530.JPEG,n02115641,273,dingo,jpeg,70,273,dingo,0.4919857978820801,True,42779,41355,1.0344335630516261,37.1417600701499,0.9903770072981074
imagewoof,data/imagewoof2-320/val/n02115641/n02115641_12541.JPEG,n02115641,273,dingo,jpeg,70,273,dingo,0.31723320484161377,True,26654,25930,1.0279213266486695,41.26219872952664,0.9690307274237893
imagewoof,data/imagewoof2-320/val/n02115641/n02115641_12592.JPEG,n02115641,273,dingo,jpeg,70,273,dingo,0.23085442185401917,True,36923,35823,1.0307065293247355,39.53575574270297,0.9916712966874428
imagewoof,data/imagewoof2-320/val/n02115641/n02115641_12610.JPEG,n02115641,273,dingo,jpeg,70,273,dingo,0.45495718717575073,True,26324,25542,1.0306162399185654,42.52771318031119,0.9923688802712048
imagewoof,data/imagewoof2-320/val/n02115641/n02115641_12710.JPEG,n02115641,273,dingo,jpeg,70,106,wombat,0.5648282170295715,False,38961,37845,1.0294887039239,39.4808878093616,0.9918531894010977
imagewoof,data/imagewoof2-320/val/n02115641/n02115641_1282.JPEG,n02115641,273,dingo,jpeg,70,273,dingo,0.4211500883102417,True,39493,38103,1.0364800671863108,38.96999477350985,0.9911673264940154
imagewoof,data/imagewoof2-320/val/n02115641/n02115641_12922.JPEG,n02115641,273,dingo,jpeg,70,273,dingo,0.45907822251319885,True,33266,32254,1.0313759533701246,40.33118198197448,0.9892975882127443
imagewoof,data/imagewoof2-320/val/n02115641/n02115641_12930.JPEG,n02115641,273,dingo,jpeg,70,273,dingo,0.48685500025749207,True,29105,28319,1.0277552173452453,41.78970024472632,0.9911666346071653
imagewoof,data/imagewoof2-320/val/n02115641/n02115641_12981.JPEG,n02115641,273,dingo,jpeg,70,273,dingo,0.5462552309036255,True,41677,40230,1.0359681829480487,38.70456814035787,0.9938208588582956
imagewoof,data/imagewoof2-320/val/n02115641/n02115641_12990.JPEG,n02115641,273,dingo,jpeg,70,273,dingo,0.3368481397628784,True,36136,35043,1.0311902519761436,38.608620334870224,0.9895730379204569
imagewoof,data/imagewoof2-320/val/n02115641/n02115641_13331.JPEG,n02115641,273,dingo,jpeg,70,273,dingo,0.41479384899139404,True,45237,43829,1.0321248488443724,38.27286024083021,0.9916296704366218
imagewoof,data/imagewoof2-320/val/n02115641/n02115641_13332.JPEG,n02115641,273,dingo,jpeg,70,273,dingo,0.46968457102775574,True,29939,29075,1.0297162510748066,41.60784212839658,0.9915673282609507
imagewoof,data/imagewoof2-320/val/n02115641/n02115641_13340.JPEG,n02115641,273,dingo,jpeg,70,273,dingo,0.7202125787734985,True,15345,15133,1.0140091191435934,45.73205057094234,0.9922487849426685
imagewoof,data/imagewoof2-320/val/n02115641/n02115641_13351.JPEG,n02115641,273,dingo,jpeg,70,273,dingo,0.38122323155403137,True,33626,32606,1.0312825860271115,40.54252914540312,0.9912571754477303
imagewoof,data/imagewoof2-320/val/n02115641/n02115641_13360.JPEG,n02115641,273,dingo,jpeg,70,273,dingo,0.5902072191238403,True,29508,28751,1.026329518973253,42.65576273611152,0.9914617878995012
imagewoof,data/imagewoof2-320/val/n02115641/n02115641_13450.JPEG,n02115641,273,dingo,jpeg,70,273,dingo,0.283184289932251,True,19111,18574,1.028911381501023,42.96228200487573,0.9870623013600439
imagewoof,data/imagewoof2-320/val/n02115641/n02115641_13472.JPEG,n02115641,273,dingo,jpeg,70,273,dingo,0.5022236108779907,True,17756,17371,1.0221633757411779,44.412266376869624,0.9919534591070743
imagewoof,data/imagewoof2-320/val/n02115641/n02115641_13642.JPEG,n02115641,273,dingo,jpeg,70,273,dingo,0.41966697573661804,True,32568,31499,1.0339375853201689,40.795782802256184,0.991142220210099
imagewoof,data/imagewoof2-320/val/n02115641/n02115641_13680.JPEG,n02115641,273,dingo,jpeg,70,273,dingo,0.41101351380348206,True,19171,18766,1.0215815837152298,45.74781006220232,0.9922711248493298
imagewoof,data/imagewoof2-320/val/n02115641/n02115641_13692.JPEG,n02115641,273,dingo,jpeg,70,273,dingo,0.40267693996429443,True,10744,10379,1.0351671644667115,46.689728149194714,0.9945119152109126
imagewoof,data/imagewoof2-320/val/n02115641/n02115641_1370.JPEG,n02115641,273,dingo,jpeg,70,273,dingo,0.5370755195617676,True,15491,15104,1.0256223516949152,45.36148965435256,0.9917023753083765
imagewoof,data/imagewoof2-320/val/n02115641/n02115641_1380.JPEG,n02115641,273,dingo,jpeg,70,273,dingo,0.37369897961616516,True,25703,24929,1.0310481768221749,41.8599163467918,0.9899527269025796
imagewoof,data/imagewoof2-320/val/n02115641/n02115641_13800.JPEG,n02115641,273,dingo,jpeg,70,273,dingo,0.5322785377502441,True,29297,28423,1.0307497449248848,41.21744508159221,0.9912527898301803
imagewoof,data/imagewoof2-320/val/n02115641/n02115641_1382.JPEG,n02115641,273,dingo,jpeg,70,273,dingo,0.5600236058235168,True,34639,33668,1.0288404419626946,39.840842687683335,0.9910530341233642
imagewoof,data/imagewoof2-320/val/n02115641/n02115641_14202.JPEG,n02115641,273,dingo,jpeg,70,273,dingo,0.4305388033390045,True,33642,32534,1.0340566791664105,40.95857293812222,0.9921326053426194
imagewoof,data/imagewoof2-320/val/n02115641/n02115641_14382.JPEG,n02115641,273,dingo,jpeg,70,273,dingo,0.3673347532749176,True,18830,18202,1.0345017031095485,45.91527420611574,0.9943796516118546
imagewoof,data/imagewoof2-320/val/n02115641/n02115641_14770.JPEG,n02115641,273,dingo,jpeg,70,273,dingo,0.4608880579471588,True,13799,13370,1.032086761406133,43.03982457590412,0.9921074285618019
imagewoof,data/imagewoof2-320/val/n02115641/n02115641_14850.JPEG,n02115641,273,dingo,jpeg,70,273,dingo,0.5804132223129272,True,46360,44985,1.0305657441369345,37.30243995164679,0.9922808690533408
imagewoof,data/imagewoof2-320/val/n02115641/n02115641_15071.JPEG,n02115641,273,dingo,jpeg,70,273,dingo,0.49483704566955566,True,45450,43898,1.0353546858626816,39.07574111393695,0.9941072205083469
imagewoof,data/imagewoof2-320/val/n02115641/n02115641_15161.JPEG,n02115641,273,dingo,jpeg,70,273,dingo,0.49952515959739685,True,33507,32536,1.0298438652569462,43.40380123374614,0.9932397440739521
imagewoof,data/imagewoof2-320/val/n02115641/n02115641_15191.JPEG,n02115641,273,dingo,jpeg,70,273,dingo,0.43439123034477234,True,15778,15419,1.0232829625786368,45.55507276695113,0.9912884427733722
imagewoof,data/imagewoof2-320/val/n02115641/n02115641_15200.JPEG,n02115641,273,dingo,jpeg,70,273,dingo,0.5766143202781677,True,15493,15043,1.0299142458286246,45.04536315366677,0.9929362943485466
imagewoof,data/imagewoof2-320/val/n02115641/n02115641_15372.JPEG,n02115641,273,dingo,jpeg,70,273,dingo,0.33185285329818726,True,36163,35048,1.031813512896599,38.013148699933296,0.990603790429049
imagewoof,data/imagewoof2-320/val/n02115641/n02115641_15420.JPEG,n02115641,273,dingo,jpeg,70,273,dingo,0.4634183943271637,True,31876,31144,1.0235037246339584,42.09645350619365,0.9911606872524157
imagewoof,data/imagewoof2-320/val/n02115641/n02115641_15421.JPEG,n02115641,273,dingo,jpeg,70,273,dingo,0.3306613564491272,True,19928,19362,1.0292325173019317,44.26578685939503,0.9932824805735034
imagewoof,data/imagewoof2-320/val/n02115641/n02115641_1560.JPEG,n02115641,273,dingo,jpeg,70,273,dingo,0.5001336932182312,True,16445,16130,1.0195288282703039,45.86879474910448,0.9918813070635872
imagewoof,data/imagewoof2-320/val/n02115641/n02115641_15691.JPEG,n02115641,273,dingo,jpeg,70,273,dingo,0.323432981967926,True,33757,32597,1.035586096880081,39.357531571190755,0.9880776105660046
imagewoof,data/imagewoof2-320/val/n02115641/n02115641_15781.JPEG,n02115641,273,dingo,jpeg,70,273,dingo,0.6940243244171143,True,23040,22379,1.0295366191518835,42.49204540621417,0.9913338055464612
imagewoof,data/imagewoof2-320/val/n02115641/n02115641_15791.JPEG,n02115641,273,dingo,jpeg,70,273,dingo,0.6162813901901245,True,18598,18066,1.029447581091553,44.86640099915449,0.9912488102538872
imagewoof,data/imagewoof2-320/val/n02115641/n02115641_16142.JPEG,n02115641,273,dingo,jpeg,70,273,dingo,0.39608529210090637,True,41336,40238,1.0272876385506238,39.043945588602746,0.9912053755048892
imagewoof,data/imagewoof2-320/val/n02115641/n02115641_16371.JPEG,n02115641,273,dingo,jpeg,70,273,dingo,0.5471136569976807,True,43325,41915,1.033639508529166,37.516130193189134,0.9914966483516133
imagewoof,data/imagewoof2-320/val/n02115641/n02115641_16490.JPEG,n02115641,273,dingo,jpeg,70,273,dingo,0.4644760191440582,True,18137,17621,1.029283241586743,44.402321974585305,0.9924262693505345
imagewoof,data/imagewoof2-320/val/n02115641/n02115641_16522.JPEG,n02115641,273,dingo,jpeg,70,273,dingo,0.2765316963195801,True,40150,38891,1.032372528348461,38.60617898344752,0.9916262036343161
imagewoof,data/imagewoof2-320/val/n02115641/n02115641_1662.JPEG,n02115641,273,dingo,jpeg,70,273,dingo,0.46600115299224854,True,23245,22587,1.0291318014787267,42.69474358126641,0.9898066232877648
imagewoof,data/imagewoof2-320/val/n02115641/n02115641_16691.JPEG,n02115641,273,dingo,jpeg,70,273,dingo,0.4186834692955017,True,31372,30572,1.02616773518252,42.44474832089494,0.991725274736465
imagewoof,data/imagewoof2-320/val/n02115641/n02115641_16702.JPEG,n02115641,273,dingo,jpeg,70,151,Chihuahua,0.2966737151145935,False,23797,23193,1.026042340361316,45.45184450342073,0.9920190062020086
imagewoof,data/imagewoof2-320/val/n02115641/n02115641_1690.JPEG,n02115641,273,dingo,jpeg,70,273,dingo,0.5427477359771729,True,25617,24817,1.0322359672804933,43.04385210700755,0.9935392229576565
imagewoof,data/imagewoof2-320/val/n02115641/n02115641_1701.JPEG,n02115641,273,dingo,jpeg,70,273,dingo,0.3578818738460541,True,24231,23622,1.025781051562103,43.739991320108544,0.9924314470481336
imagewoof,data/imagewoof2-320/val/n02115641/n02115641_1710.JPEG,n02115641,273,dingo,jpeg,70,273,dingo,0.17767782509326935,True,16064,15657,1.0259947627259374,45.92169899899847,0.9921678615118569
imagewoof,data/imagewoof2-320/val/n02115641/n02115641_17672.JPEG,n02115641,273,dingo,jpeg,70,273,dingo,0.4428853988647461,True,13805,13434,1.0276164954592824,45.926028228677666,0.9931201688560177
imagewoof,data/imagewoof2-320/val/n02115641/n02115641_17760.JPEG,n02115641,273,dingo,jpeg,70,273,dingo,0.5139467716217041,True,35796,34688,1.031941881918819,39.34224320695441,0.9914084426540816
imagewoof,data/imagewoof2-320/val/n02115641/n02115641_17910.JPEG,n02115641,273,dingo,jpeg,70,273,dingo,0.6947166323661804,True,39685,38481,1.0312881681868975,37.704641054042526,0.9908904038377315
imagewoof,data/imagewoof2-320/val/n02115641/n02115641_18041.JPEG,n02115641,273,dingo,jpeg,70,273,dingo,0.49554648995399475,True,47363,45924,1.0313343785384548,38.052446405130574,0.9911673919895286
imagewoof,data/imagewoof2-320/val/n02115641/n02115641_18180.JPEG,n02115641,273,dingo,jpeg,70,273,dingo,0.27170801162719727,True,25053,24404,1.0265940009834453,43.07790360656857,0.9912974666251588
imagewoof,data/imagewoof2-320/val/n02115641/n02115641_18200.JPEG,n02115641,273,dingo,jpeg,70,273,dingo,0.4303719103336334,True,18994,18551,1.0238801142795537,45.24480041771011,0.9911006885069241
imagewoof,data/imagewoof2-320/val/n02115641/n02115641_18272.JPEG,n02115641,273,dingo,jpeg,70,273,dingo,0.4662356674671173,True,31032,30082,1.031580347051393,42.72478067268359,0.9929965143768077
imagewoof,data/imagewoof2-320/val/n02115641/n02115641_18312.JPEG,n02115641,273,dingo,jpeg,70,273,dingo,0.5302107930183411,True,33798,32865,1.0283888635326335,39.96885830862923,0.9894382342830284
imagewoof,data/imagewoof2-320/val/n02115641/n02115641_18630.JPEG,n02115641,273,dingo,jpeg,70,273,dingo,0.4117724299430847,True,17226,16753,1.0282337491792515,45.407742385801484,0.9907222192691796
imagewoof,data/imagewoof2-320/val/n02115641/n02115641_18782.JPEG,n02115641,273,dingo,jpeg,70,273,dingo,0.27447986602783203,True,42080,40875,1.029480122324159,38.547604087800366,0.9914678467709689
imagewoof,data/imagewoof2-320/val/n02115641/n02115641_18902.JPEG,n02115641,273,dingo,jpeg,70,277,red fox,0.06212585046887398,False,15380,15078,1.02002918158907,45.23441846285479,0.9877959266613004
imagewoof,data/imagewoof2-320/val/n02115641/n02115641_1920.JPEG,n02115641,273,dingo,jpeg,70,273,dingo,0.5397927165031433,True,33951,32965,1.0299105111481874,40.513818389318594,0.991824678033571
imagewoof,data/imagewoof2-320/val/n02115641/n02115641_19352.JPEG,n02115641,273,dingo,jpeg,70,273,dingo,0.35559380054473877,True,17193,16736,1.0273064053537284,45.77309295664237,0.991447877702861
imagewoof,data/imagewoof2-320/val/n02115641/n02115641_1940.JPEG,n02115641,273,dingo,jpeg,70,273,dingo,0.4855281114578247,True,21613,21166,1.0211187753945006,44.84049402791639,0.9894791004136206
imagewoof,data/imagewoof2-320/val/n02115641/n02115641_1941.JPEG,n02115641,273,dingo,jpeg,70,273,dingo,0.8337976336479187,True,9923,9764,1.0162843097091356,49.359750624734495,0.9942081662946594
imagewoof,data/imagewoof2-320/val/n02115641/n02115641_1942.JPEG,n02115641,273,dingo,jpeg,70,273,dingo,0.26522618532180786,True,38894,37568,1.035295996592845,39.77171235844539,0.9918069607168157
imagewoof,data/imagewoof2-320/val/n02115641/n02115641_19700.JPEG,n02115641,273,dingo,jpeg,70,273,dingo,0.4894765019416809,True,30092,29301,1.0269956656769395,42.5586053659086,0.9910957832302464
imagewoof,data/imagewoof2-320/val/n02115641/n02115641_20282.JPEG,n02115641,273,dingo,jpeg,70,277,red fox,0.22514671087265015,False,17870,17346,1.0302086936469503,45.59569159429367,0.9918483201447605
imagewoof,data/imagewoof2-320/val/n02115641/n02115641_20310.JPEG,n02115641,273,dingo,jpeg,70,274,dhole,0.25561395287513733,False,14790,14380,1.0285118219749652,45.76974596625724,0.9900855342455831
imagewoof,data/imagewoof2-320/val/n02115641/n02115641_2041.JPEG,n02115641,273,dingo,jpeg,70,273,dingo,0.49579286575317383,True,18395,17896,1.0278833258828788,45.277533841554884,0.992118144561274
imagewoof,data/imagewoof2-320/val/n02115641/n02115641_20480.JPEG,n02115641,273,dingo,jpeg,70,273,dingo,0.4281418025493622,True,13666,13237,1.032409156153207,43.31799383656808,0.9301995135712406
imagewoof,data/imagewoof2-320/val/n02115641/n02115641_20822.JPEG,n02115641,273,dingo,jpeg,70,273,dingo,0.3952796757221222,True,41347,40101,1.031071544350515,37.4549141563879,0.9906312995723209
imagewoof,data/imagewoof2-320/val/n02115641/n02115641_2092.JPEG,n02115641,273,dingo,jpeg,70,273,dingo,0.6110443472862244,True,13222,12811,1.0320818046990867,46.096235651012385,0.9909806089611641
imagewoof,data/imagewoof2-320/val/n02115641/n02115641_212.JPEG,n02115641,273,dingo,jpeg,70,273,dingo,0.33151349425315857,True,24759,24151,1.025174940996232,45.59791894449894,0.9932779908118116
imagewoof,data/imagewoof2-320/val/n02115641/n02115641_21691.JPEG,n02115641,273,dingo,jpeg,70,273,dingo,0.5584185123443604,True,31617,30711,1.0295008303213833,40.18364278245558,0.9900981067736474
imagewoof,data/imagewoof2-320/val/n02115641/n02115641_2192.JPEG,n02115641,273,dingo,jpeg,70,273,dingo,0.6315374970436096,True,41243,40108,1.0282985937967488,37.36634084436059,0.9895358662611295
imagewoof,data/imagewoof2-320/val/n02115641/n02115641_21980.JPEG,n02115641,273,dingo,jpeg,70,180,American Staffordshire terrier,0.1306309849023819,False,20891,20228,1.0327763496143958,42.377917004168246,0.9909035167567382
imagewoof,data/imagewoof2-320/val/n02115641/n02115641_22.JPEG,n02115641,273,dingo,jpeg,70,273,dingo,0.4076019525527954,True,22675,21941,1.0334533521717333,43.33093104205752,0.9906385858666361
imagewoof,data/imagewoof2-320/val/n02115641/n02115641_2202.JPEG,n02115641,273,dingo,jpeg,70,273,dingo,0.35057201981544495,True,41094,39999,1.0273756843921098,39.475125073580884,0.9907995899624616
imagewoof,data/imagewoof2-320/val/n02115641/n02115641_22060.JPEG,n02115641,273,dingo,jpeg,70,180,American Staffordshire terrier,0.07993997633457184,False,25904,25051,1.0340505369047144,41.565193719641286,0.9941541762460512
imagewoof,data/imagewoof2-320/val/n02115641/n02115641_22250.JPEG,n02115641,273,dingo,jpeg,70,273,dingo,0.4297634959220886,True,17061,16592,1.0282666345226614,44.79257908927586,0.9909345508204632
imagewoof,data/imagewoof2-320/val/n02115641/n02115641_2231.JPEG,n02115641,273,dingo,jpeg,70,273,dingo,0.42956382036209106,True,35899,34622,1.03688406215701,40.84572047042899,0.9957660279316812
imagewoof,data/imagewoof2-320/val/n02115641/n02115641_22371.JPEG,n02115641,273,dingo,jpeg,70,273,dingo,0.5862842798233032,True,45604,43919,1.038366083016462,38.418900082544916,0.9929901722092533
imagewoof,data/imagewoof2-320/val/n02115641/n02115641_22391.JPEG,n02115641,273,dingo,jpeg,70,273,dingo,0.4493427276611328,True,18365,17877,1.0272976450187392,44.21148890477901,0.9922972214904305
imagewoof,data/imagewoof2-320/val/n02115641/n02115641_22470.JPEG,n02115641,273,dingo,jpeg,70,273,dingo,0.35112595558166504,True,31022,30181,1.0278652132136112,40.83827838023765,0.9891782125307703
imagewoof,data/imagewoof2-320/val/n02115641/n02115641_22620.JPEG,n02115641,273,dingo,jpeg,70,273,dingo,0.4099246859550476,True,51254,49514,1.0351415761198852,37.33220558368296,0.9916662894511695
imagewoof,data/imagewoof2-320/val/n02115641/n02115641_22712.JPEG,n02115641,273,dingo,jpeg,70,273,dingo,0.5267761945724487,True,21868,21276,1.0278247790938146,43.008880925482266,0.9910928550477743
imagewoof,data/imagewoof2-320/val/n02115641/n02115641_22921.JPEG,n02115641,273,dingo,jpeg,70,273,dingo,0.49230411648750305,True,15333,15035,1.0198204190222813,46.13940387654974,0.9926056628853138
imagewoof,data/imagewoof2-320/val/n02115641/n02115641_22982.JPEG,n02115641,273,dingo,jpeg,70,273,dingo,0.24721461534500122,True,25709,24868,1.033818562007399,41.59991758766275,0.9905151219344118
imagewoof,data/imagewoof2-320/val/n02115641/n02115641_23050.JPEG,n02115641,273,dingo,jpeg,70,273,dingo,0.3429647386074066,True,26144,25342,1.0316470681082788,41.71976344337165,0.990468820769255
imagewoof,data/imagewoof2-320/val/n02115641/n02115641_23131.JPEG,n02115641,273,dingo,jpeg,70,273,dingo,0.43496301770210266,True,31025,30055,1.032274164032607,41.247004007646105,0.9920090925684928
imagewoof,data/imagewoof2-320/val/n02115641/n02115641_23142.JPEG,n02115641,273,dingo,jpeg,70,167,English foxhound,0.06622343510389328,False,35477,34005,1.0432877518012058,39.6298035775448,0.9935335781882707
imagewoof,data/imagewoof2-320/val/n02115641/n02115641_232.JPEG,n02115641,273,dingo,jpeg,70,273,dingo,0.6989270448684692,True,12425,12305,1.0097521332791548,49.03736325142451,0.993670003155699
imagewoof,data/imagewoof2-320/val/n02115641/n02115641_23672.JPEG,n02115641,273,dingo,jpeg,70,273,dingo,0.37603509426116943,True,39013,37706,1.0346629183684295,40.63709398646827,0.9933213547823861
imagewoof,data/imagewoof2-320/val/n02115641/n02115641_2370.JPEG,n02115641,273,dingo,jpeg,70,227,kelpie,0.15777017176151276,False,15987,15565,1.0271121105043366,45.20275024434467,0.9914055824686749
imagewoof,data/imagewoof2-320/val/n02115641/n02115641_2371.JPEG,n02115641,273,dingo,jpeg,70,273,dingo,0.6763638257980347,True,35543,34535,1.0291877805125236,39.06308979976947,0.9918125308832147
imagewoof,data/imagewoof2-320/val/n02115641/n02115641_23710.JPEG,n02115641,273,dingo,jpeg,70,273,dingo,0.3150562345981598,True,13083,12724,1.028214397988054,46.66397488145514,0.9921288226452286
imagewoof,data/imagewoof2-320/val/n02115641/n02115641_23861.JPEG,n02115641,273,dingo,jpeg,70,273,dingo,0.5750057101249695,True,18508,18022,1.0269670402840971,43.9119078355092,0.9919295699676645
imagewoof,data/imagewoof2-320/val/n02115641/n02115641_24272.JPEG,n02115641,273,dingo,jpeg,70,273,dingo,0.3953258693218231,True,22672,22087,1.0264861683343143,42.44046422496102,0.9918142074051115
imagewoof,data/imagewoof2-320/val/n02115641/n02115641_2440.JPEG,n02115641,273,dingo,jpeg,70,273,dingo,0.3013608157634735,True,23003,22307,1.031200968305913,43.43293946052955,0.9932279459155003
imagewoof,data/imagewoof2-320/val/n02115641/n02115641_24410.JPEG,n02115641,273,dingo,jpeg,70,273,dingo,0.22188466787338257,True,35281,34266,1.029621198856009,41.10403642971466,0.9924704094188396
imagewoof,data/imagewoof2-320/val/n02115641/n02115641_24822.JPEG,n02115641,273,dingo,jpeg,70,273,dingo,0.4270041584968567,True,15727,15296,1.0281773012552302,44.38918179058472,0.9905244664423726
imagewoof,data/imagewoof2-320/val/n02115641/n02115641_2500.JPEG,n02115641,273,dingo,jpeg,70,273,dingo,0.47091543674468994,True,37102,36055,1.0290389682429621,40.873134905960384,0.9916313304920957
imagewoof,data/imagewoof2-320/val/n02115641/n02115641_25000.JPEG,n02115641,273,dingo,jpeg,70,273,dingo,0.2559492588043213,True,22635,22146,1.0220807369276619,44.38213454099792,0.9899619875028997
imagewoof,data/imagewoof2-320/val/n02115641/n02115641_2520.JPEG,n02115641,273,dingo,jpeg,70,193,Australian terrier,0.2332828789949417,False,31004,30105,1.0298621491446605,42.52466159474146,0.9921136866472696
imagewoof,data/imagewoof2-320/val/n02115641/n02115641_25872.JPEG,n02115641,273,dingo,jpeg,70,273,dingo,0.5778005123138428,True,39629,38330,1.033889903469867,42.655099857404764,0.9951634464024282
imagewoof,data/imagewoof2-320/val/n02115641/n02115641_2590.JPEG,n02115641,273,dingo,jpeg,70,273,dingo,0.39582327008247375,True,41841,40470,1.0338769458858414,38.24735198282718,0.9920711194672918
imagewoof,data/imagewoof2-320/val/n02115641/n02115641_2602.JPEG,n02115641,273,dingo,jpeg,70,273,dingo,0.6020891070365906,True,37954,36738,1.033099243290326,39.610406128556605,0.992905283999656
imagewoof,data/imagewoof2-320/val/n02115641/n02115641_26322.JPEG,n02115641,273,dingo,jpeg,70,273,dingo,0.49603360891342163,True,38201,37271,1.0249523758418073,38.9169658844648,0.9892263257513635
imagewoof,data/imagewoof2-320/val/n02115641/n02115641_26532.JPEG,n02115641,273,dingo,jpeg,70,273,dingo,0.4769532084465027,True,27622,26933,1.0255819997772249,42.707118310598005,0.9906970030077332
imagewoof,data/imagewoof2-320/val/n02115641/n02115641_26551.JPEG,n02115641,273,dingo,jpeg,70,273,dingo,0.4337996244430542,True,57584,55604,1.035608948996475,35.36439123758499,0.9912024817449274
imagewoof,data/imagewoof2-320/val/n02115641/n02115641_2661.JPEG,n02115641,273,dingo,jpeg,70,271,red wolf,0.2283908575773239,False,39018,37757,1.033397780544005,41.02789097812491,0.9938079668325338
imagewoof,data/imagewoof2-320/val/n02115641/n02115641_26682.JPEG,n02115641,273,dingo,jpeg,70,273,dingo,0.43405210971832275,True,40324,38871,1.0373800519667618,39.745007921503316,0.990936148469483
imagewoof,data/imagewoof2-320/val/n02115641/n02115641_26700.JPEG,n02115641,273,dingo,jpeg,70,273,dingo,0.649906575679779,True,35334,34115,1.035732082661586,40.78443583349379,0.9932307977841631
imagewoof,data/imagewoof2-320/val/n02115641/n02115641_26810.JPEG,n02115641,273,dingo,jpeg,70,273,dingo,0.4887123107910156,True,18976,18415,1.0304642954113494,44.94904524154697,0.9919809679763311
imagewoof,data/imagewoof2-320/val/n02115641/n02115641_26912.JPEG,n02115641,273,dingo,jpeg,70,273,dingo,0.43287193775177,True,34370,33305,1.031977180603513,40.30544347965567,0.9922669556969149
imagewoof,data/imagewoof2-320/val/n02115641/n02115641_27000.JPEG,n02115641,273,dingo,jpeg,70,162,beagle,0.0481707789003849,False,19439,18866,1.0303720979539912,42.95798861155398,0.9909876961868433
imagewoof,data/imagewoof2-320/val/n02115641/n02115641_2701.JPEG,n02115641,273,dingo,jpeg,70,273,dingo,0.4800434112548828,True,44704,43266,1.033236259418481,36.77227815223923,0.9926760840247041
imagewoof,data/imagewoof2-320/val/n02115641/n02115641_27120.JPEG,n02115641,273,dingo,jpeg,70,273,dingo,0.34551626443862915,True,35703,34411,1.0375461335038214,39.59059579336473,0.9909502421720039
imagewoof,data/imagewoof2-320/val/n02115641/n02115641_27272.JPEG,n02115641,273,dingo,jpeg,70,273,dingo,0.42185309529304504,True,14948,14552,1.0272127542605827,44.86579317898748,0.989059261586105
imagewoof,data/imagewoof2-320/val/n02115641/n02115641_2762.JPEG,n02115641,273,dingo,jpeg,70,273,dingo,0.393001526594162,True,38116,37020,1.0296056185845488,39.31775057463428,0.9915044567298752
imagewoof,data/imagewoof2-320/val/n02115641/n02115641_27730.JPEG,n02115641,273,dingo,jpeg,70,273,dingo,0.255569189786911,True,28855,27889,1.0346373122019434,42.17343084334223,0.9922042125868593
imagewoof,data/imagewoof2-320/val/n02115641/n02115641_27771.JPEG,n02115641,273,dingo,jpeg,70,273,dingo,0.31941795349121094,True,49950,48412,1.0317689828968024,37.362248903297946,0.9911467758812424
imagewoof,data/imagewoof2-320/val/n02115641/n02115641_281.JPEG,n02115641,273,dingo,jpeg,70,225,malinois,0.1928284466266632,False,28916,28164,1.0267007527339866,41.3150761236634,0.9898725156082122
imagewoof,data/imagewoof2-320/val/n02115641/n02115641_28170.JPEG,n02115641,273,dingo,jpeg,70,273,dingo,0.44559332728385925,True,14023,13639,1.028154556785688,46.755886088757975,0.9931748035032751
imagewoof,data/imagewoof2-320/val/n02115641/n02115641_282.JPEG,n02115641,273,dingo,jpeg,70,273,dingo,0.3409593403339386,True,46782,45299,1.0327380295370758,36.817799584619856,0.9908513976513542
imagewoof,data/imagewoof2-320/val/n02115641/n02115641_28502.JPEG,n02115641,273,dingo,jpeg,70,273,dingo,0.3169573247432709,True,18383,17950,1.0241225626740946,45.0103823043715,0.991595217999814
imagewoof,data/imagewoof2-320/val/n02115641/n02115641_28701.JPEG,n02115641,273,dingo,jpeg,70,273,dingo,0.662421703338623,True,15514,15103,1.0272131364629544,46.249937087266375,0.992954669125974
imagewoof,data/imagewoof2-320/val/n02115641/n02115641_2871.JPEG,n02115641,273,dingo,jpeg,70,273,dingo,0.5060117840766907,True,47130,45458,1.0367812046284481,38.35299317741632,0.9935868540827998
imagewoof,data/imagewoof2-320/val/n02115641/n02115641_28792.JPEG,n02115641,273,dingo,jpeg,70,273,dingo,0.4917156994342804,True,45913,44414,1.0337506191741344,35.475091447051696,0.9912626763611497
imagewoof,data/imagewoof2-320/val/n02115641/n02115641_29072.JPEG,n02115641,273,dingo,jpeg,70,273,dingo,0.2620736360549927,True,17032,16566,1.0281299046239285,42.27841476656735,0.986773234122185
imagewoof,data/imagewoof2-320/val/n02115641/n02115641_2950.JPEG,n02115641,273,dingo,jpeg,70,273,dingo,0.6192604303359985,True,24589,23928,1.0276245402875293,42.15914218704146,0.9919882593396759
imagewoof,data/imagewoof2-320/val/n02115641/n02115641_2961.JPEG,n02115641,273,dingo,jpeg,70,273,dingo,0.4483594000339508,True,26375,25695,1.0264642926639425,42.80734634995098,0.9902398833058896
imagewoof,data/imagewoof2-320/val/n02115641/n02115641_3010.JPEG,n02115641,273,dingo,jpeg,70,273,dingo,0.3708052933216095,True,30904,29861,1.0349285020595425,40.48107793979071,0.9942288450875094
imagewoof,data/imagewoof2-320/val/n02115641/n02115641_30352.JPEG,n02115641,273,dingo,jpeg,70,273,dingo,0.48381170630455017,True,39395,38213,1.030931881820323,38.64748423082919,0.991582123984001
imagewoof,data/imagewoof2-320/val/n02115641/n02115641_30372.JPEG,n02115641,273,dingo,jpeg,70,273,dingo,0.502435028553009,True,22666,22069,1.0270515202319996,44.4097420607423,0.9925633876057351
imagewoof,data/imagewoof2-320/val/n02115641/n02115641_30802.JPEG,n02115641,273,dingo,jpeg,70,273,dingo,0.4497997462749481,True,50712,48863,1.037840492806418,36.882620327860074,0.9912565860247226
imagewoof,data/imagewoof2-320/val/n02115641/n02115641_3090.JPEG,n02115641,273,dingo,jpeg,70,273,dingo,0.5140838027000427,True,24924,24106,1.033933460549241,42.77333535827907,0.9919825444753215
imagewoof,data/imagewoof2-320/val/n02115641/n02115641_3092.JPEG,n02115641,273,dingo,jpeg,70,273,dingo,0.5796290636062622,True,18167,17721,1.0251678799164832,46.30952654910156,0.9938710601502807
imagewoof,data/imagewoof2-320/val/n02115641/n02115641_31.JPEG,n02115641,273,dingo,jpeg,70,273,dingo,0.33116745948791504,True,26043,25195,1.0336574717205795,41.094747176510054,0.9890508517242749
imagewoof,data/imagewoof2-320/val/n02115641/n02115641_31032.JPEG,n02115641,273,dingo,jpeg,70,273,dingo,0.42264601588249207,True,47414,45863,1.0338181104594117,37.73788035944865,0.9922658722444909
imagewoof,data/imagewoof2-320/val/n02115641/n02115641_311.JPEG,n02115641,273,dingo,jpeg,70,273,dingo,0.43695080280303955,True,23135,22363,1.0345213075168807,44.40162629247578,0.9937734853949932
imagewoof,data/imagewoof2-320/val/n02115641/n02115641_3110.JPEG,n02115641,273,dingo,jpeg,70,273,dingo,0.604755699634552,True,24779,23994,1.0327165124614488,44.181723676104696,0.9945412712482065
imagewoof,data/imagewoof2-320/val/n02115641/n02115641_31831.JPEG,n02115641,273,dingo,jpeg,70,273,dingo,0.45930832624435425,True,31257,30373,1.0291047970236724,42.249812585578105,0.9922782285771605
imagewoof,data/imagewoof2-320/val/n02115641/n02115641_32092.JPEG,n02115641,273,dingo,jpeg,70,273,dingo,0.3943338394165039,True,53684,51896,1.0344535224294744,35.9046102674743,0.9904884948187441
imagewoof,data/imagewoof2-320/val/n02115641/n02115641_32260.JPEG,n02115641,273,dingo,jpeg,70,273,dingo,0.3573610484600067,True,33913,32879,1.0314486450317832,38.93124946166115,0.9893627237110495
imagewoof,data/imagewoof2-320/val/n02115641/n02115641_3242.JPEG,n02115641,273,dingo,jpeg,70,273,dingo,0.7739725112915039,True,23638,23068,1.0247095543610196,42.05149164095869,0.9913630744016396
imagewoof,data/imagewoof2-320/val/n02115641/n02115641_33391.JPEG,n02115641,273,dingo,jpeg,70,273,dingo,0.4729529321193695,True,46762,45256,1.0332773554887749,37.47771143992548,0.9915272523683769
imagewoof,data/imagewoof2-320/val/n02115641/n02115641_3360.JPEG,n02115641,273,dingo,jpeg,70,273,dingo,0.2255714237689972,True,37371,36312,1.0291639127561136,40.47067121582144,0.9908698002336433
imagewoof,data/imagewoof2-320/val/n02115641/n02115641_33932.JPEG,n02115641,273,dingo,jpeg,70,273,dingo,0.4443010985851288,True,18685,18249,1.0238917200942517,45.49409368018998,0.9923994663973937
imagewoof,data/imagewoof2-320/val/n02115641/n02115641_34130.JPEG,n02115641,273,dingo,jpeg,70,159,Rhodesian ridgeback,0.18325647711753845,False,36982,35838,1.0319214241866175,39.69633906711796,0.9822581638298358
imagewoof,data/imagewoof2-320/val/n02115641/n02115641_3421.JPEG,n02115641,273,dingo,jpeg,70,273,dingo,0.3133477568626404,True,26943,26326,1.0234369064802857,42.77732620377375,0.9908152032721803
imagewoof,data/imagewoof2-320/val/n02115641/n02115641_34321.JPEG,n02115641,273,dingo,jpeg,70,273,dingo,0.5349838733673096,True,18396,17941,1.0253609051892314,45.20925684835046,0.9903771146002991
imagewoof,data/imagewoof2-320/val/n02115641/n02115641_34631.JPEG,n02115641,273,dingo,jpeg,70,273,dingo,0.5514853000640869,True,47637,46056,1.0343277748827515,37.401330895203564,0.9913856654872957
imagewoof,data/imagewoof2-320/val/n02115641/n02115641_34642.JPEG,n02115641,273,dingo,jpeg,70,273,dingo,0.473928838968277,True,18941,18448,1.0267237640936686,45.3051410220919,0.9920245880748758
imagewoof,data/imagewoof2-320/val/n02115641/n02115641_35640.JPEG,n02115641,273,dingo,jpeg,70,273,dingo,0.2975722551345825,True,37775,36581,1.0326398950274733,38.99474796327614,0.9931626590623717
imagewoof,data/imagewoof2-320/val/n02115641/n02115641_362.JPEG,n02115641,273,dingo,jpeg,70,227,kelpie,0.19909335672855377,False,31558,30705,1.0277804917765836,41.18550684842436,0.9913697291839353
imagewoof,data/imagewoof2-320/val/n02115641/n02115641_36252.JPEG,n02115641,273,dingo,jpeg,70,273,dingo,0.5064303874969482,True,45458,43783,1.0382568576844895,36.99690800070178,0.9915642747621517
imagewoof,data/imagewoof2-320/val/n02115641/n02115641_36291.JPEG,n02115641,273,dingo,jpeg,70,273,dingo,0.33918386697769165,True,32661,31665,1.0314542870677403,39.419675076491,0.9920732097323753
imagewoof,data/imagewoof2-320/val/n02115641/n02115641_3640.JPEG,n02115641,273,dingo,jpeg,70,273,dingo,0.5605255961418152,True,56358,54229,1.039259436832691,34.36823310905064,0.9910375478036176
imagewoof,data/imagewoof2-320/val/n02115641/n02115641_36410.JPEG,n02115641,273,dingo,jpeg,70,273,dingo,0.5140299201011658,True,40655,39374,1.032534159597704,39.090381008023066,0.9925692749537539
imagewoof,data/imagewoof2-320/val/n02115641/n02115641_3650.JPEG,n02115641,273,dingo,jpeg,70,273,dingo,0.21352683007717133,True,32051,30972,1.034837918119592,41.49499606629212,0.9929929695405937
imagewoof,data/imagewoof2-320/val/n02115641/n02115641_3660.JPEG,n02115641,273,dingo,jpeg,70,273,dingo,0.6750221252441406,True,35087,34029,1.031091128155397,40.25486652167029,0.9924957047010992
imagewoof,data/imagewoof2-320/val/n02115641/n02115641_36721.JPEG,n02115641,273,dingo,jpeg,70,273,dingo,0.4113489091396332,True,19837,19325,1.0264941785252264,44.655072750942075,0.99151052260479
imagewoof,data/imagewoof2-320/val/n02115641/n02115641_36760.JPEG,n02115641,273,dingo,jpeg,70,273,dingo,0.4516139030456543,True,28121,27237,1.032455850497485,42.79362461197387,0.9929048974272613
imagewoof,data/imagewoof2-320/val/n02115641/n02115641_36851.JPEG,n02115641,273,dingo,jpeg,70,273,dingo,0.3588351309299469,True,63477,61145,1.038138850273939,33.92504929657858,0.9875900074283451
imagewoof,data/imagewoof2-320/val/n02115641/n02115641_3692.JPEG,n02115641,273,dingo,jpeg,70,271,red wolf,0.1871921271085739,False,26887,26094,1.0303901279987737,41.68905250297133,0.9925400299967383
imagewoof,data/imagewoof2-320/val/n02115641/n02115641_37280.JPEG,n02115641,273,dingo,jpeg,70,273,dingo,0.6191911101341248,True,22742,22024,1.0326007991282238,39.05249645644663,0.9921524540418961
imagewoof,data/imagewoof2-320/val/n02115641/n02115641_3740.JPEG,n02115641,273,dingo,jpeg,70,273,dingo,0.24969035387039185,True,38199,37022,1.0317919075144508,38.897306417977326,0.9913353344512794
imagewoof,data/imagewoof2-320/val/n02115641/n02115641_37440.JPEG,n02115641,273,dingo,jpeg,70,273,dingo,0.5479336380958557,True,28210,27555,1.0237706405371076,42.36473238671543,0.9917436677532855
imagewoof,data/imagewoof2-320/val/n02115641/n02115641_37601.JPEG,n02115641,273,dingo,jpeg,70,273,dingo,0.4365309774875641,True,42754,41421,1.03218174356003,39.10585721838931,0.9932192109650079
imagewoof,data/imagewoof2-320/val/n02115641/n02115641_3761.JPEG,n02115641,273,dingo,jpeg,70,273,dingo,0.37609562277793884,True,27090,26231,1.0327475124852274,41.79644783719262,0.9900962686011231
imagewoof,data/imagewoof2-320/val/n02115641/n02115641_3831.JPEG,n02115641,273,dingo,jpeg,70,273,dingo,0.4461672902107239,True,33465,32134,1.041420302483351,38.066226887372245,0.9893095637132246
imagewoof,data/imagewoof2-320/val/n02115641/n02115641_3842.JPEG,n02115641,273,dingo,jpeg,70,273,dingo,0.5773820281028748,True,27257,26511,1.0281392629474557,43.695627841882,0.9918214930775243
imagewoof,data/imagewoof2-320/val/n02115641/n02115641_3862.JPEG,n02115641,273,dingo,jpeg,70,273,dingo,0.3517480194568634,True,27095,26278,1.031090646167897,43.10785583294371,0.993617321517482
imagewoof,data/imagewoof2-320/val/n02115641/n02115641_38781.JPEG,n02115641,273,dingo,jpeg,70,273,dingo,0.6054881811141968,True,41925,40268,1.0411492996920633,37.47867945246314,0.9917208895400892
imagewoof,data/imagewoof2-320/val/n02115641/n02115641_38960.JPEG,n02115641,273,dingo,jpeg,70,273,dingo,0.38911494612693787,True,15715,15319,1.025850251321888,45.25185850356833,0.9907378365800309
imagewoof,data/imagewoof2-320/val/n02115641/n02115641_390.JPEG,n02115641,273,dingo,jpeg,70,273,dingo,0.7425610423088074,True,34103,32823,1.0389970447552022,39.55008669708702,0.9913810475859188
imagewoof,data/imagewoof2-320/val/n02115641/n02115641_3930.JPEG,n02115641,273,dingo,jpeg,70,227,kelpie,0.08279067277908325,False,30744,30031,1.0237421331291,41.30871174909957,0.9893270665446904
imagewoof,data/imagewoof2-320/val/n02115641/n02115641_3960.JPEG,n02115641,273,dingo,jpeg,70,274,dhole,0.08712289482355118,False,44701,43369,1.0307131822269362,36.88866451149661,0.9906867376739923
imagewoof,data/imagewoof2-320/val/n02115641/n02115641_39702.JPEG,n02115641,273,dingo,jpeg,70,273,dingo,0.6929954290390015,True,41526,40417,1.027438948957122,38.63415639565575,0.9908562721413675
imagewoof,data/imagewoof2-320/val/n02115641/n02115641_3981.JPEG,n02115641,273,dingo,jpeg,70,273,dingo,0.41609203815460205,True,28417,27574,1.0305722782331181,43.44797470048536,0.9932048927083961
imagewoof,data/imagewoof2-320/val/n02115641/n02115641_39832.JPEG,n02115641,273,dingo,jpeg,70,273,dingo,0.46223247051239014,True,23669,22936,1.0319584931984653,43.10209586429722,0.9930140534779873
imagewoof,data/imagewoof2-320/val/n02115641/n02115641_4020.JPEG,n02115641,273,dingo,jpeg,70,248,Eskimo dog,0.10262937098741531,False,20427,19895,1.0267403870319176,44.29639998255658,0.991685091492417
imagewoof,data/imagewoof2-320/val/n02115641/n02115641_40492.JPEG,n02115641,273,dingo,jpeg,70,273,dingo,0.4886809289455414,True,41194,39969,1.0306487527834072,37.57281716277983,0.9904157476602929
imagewoof,data/imagewoof2-320/val/n02115641/n02115641_4100.JPEG,n02115641,273,dingo,jpeg,70,275,African hunting dog,0.4535052478313446,False,33146,32197,1.0294747957884276,40.577259258558335,0.9914576443112125
imagewoof,data/imagewoof2-320/val/n02115641/n02115641_4112.JPEG,n02115641,273,dingo,jpeg,70,205,flat-coated retriever,0.32655057311058044,False,23299,22521,1.0345455352781847,42.00310262351785,0.9915455261888404
imagewoof,data/imagewoof2-320/val/n02115641/n02115641_4131.JPEG,n02115641,273,dingo,jpeg,70,273,dingo,0.36204448342323303,True,34489,33575,1.027222635889799,39.84964131397214,0.9905006351779312
imagewoof,data/imagewoof2-320/val/n02115641/n02115641_41531.JPEG,n02115641,273,dingo,jpeg,70,273,dingo,0.34510326385498047,True,28202,27433,1.0280319323442568,41.03269215059512,0.9916221177708054
imagewoof,data/imagewoof2-320/val/n02115641/n02115641_4160.JPEG,n02115641,273,dingo,jpeg,70,227,kelpie,0.21510003507137299,False,30985,30237,1.024737903892582,40.47764195368367,0.9902282597734745
imagewoof,data/imagewoof2-320/val/n02115641/n02115641_4201.JPEG,n02115641,273,dingo,jpeg,70,273,dingo,0.6277875304222107,True,24198,23398,1.0341909564920078,42.01612982560603,0.9905009475667746
imagewoof,data/imagewoof2-320/val/n02115641/n02115641_42050.JPEG,n02115641,273,dingo,jpeg,70,273,dingo,0.5380515456199646,True,36088,34986,1.0314983136111588,40.144829110758415,0.9923725180660444
imagewoof,data/imagewoof2-320/val/n02115641/n02115641_421.JPEG,n02115641,273,dingo,jpeg,70,273,dingo,0.4668633043766022,True,24601,23908,1.0289861134348335,42.95951089968324,0.993163339451978
imagewoof,data/imagewoof2-320/val/n02115641/n02115641_42170.JPEG,n02115641,273,dingo,jpeg,70,273,dingo,0.7577680945396423,True,37339,36237,1.0304109059800757,35.634821250579904,0.9914380176263072
imagewoof,data/imagewoof2-320/val/n02115641/n02115641_4262.JPEG,n02115641,273,dingo,jpeg,70,273,dingo,0.25286927819252014,True,25929,25237,1.027420057851567,41.649158401412066,0.9909985598498969
imagewoof,data/imagewoof2-320/val/n02115641/n02115641_4381.JPEG,n02115641,273,dingo,jpeg,70,269,timber wolf,0.43287113308906555,False,28374,27544,1.0301336044147547,43.69869135560216,0.9943889858320477
imagewoof,data/imagewoof2-320/val/n02115641/n02115641_4382.JPEG,n02115641,273,dingo,jpeg,70,273,dingo,0.46449464559555054,True,36122,34956,1.0333562192470533,39.10018649176729,0.9910948931526692
imagewoof,data/imagewoof2-320/val/n02115641/n02115641_43831.JPEG,n02115641,273,dingo,jpeg,70,273,dingo,0.5191293954849243,True,35354,34301,1.030698813445672,36.83950739559938,0.9895956607816182
imagewoof,data/imagewoof2-320/val/n02115641/n02115641_4391.JPEG,n02115641,273,dingo,jpeg,70,273,dingo,0.41960403323173523,True,26938,25989,1.0365154488437416,41.52496138466877,0.9936258473149713
imagewoof,data/imagewoof2-320/val/n02115641/n02115641_44040.JPEG,n02115641,273,dingo,jpeg,70,273,dingo,0.3757462203502655,True,34591,33554,1.030905406210884,38.694200303117206,0.9919097221700249
imagewoof,data/imagewoof2-320/val/n02115641/n02115641_44060.JPEG,n02115641,273,dingo,jpeg,70,273,dingo,0.3607175648212433,True,42093,40764,1.032602296143656,39.27873425599725,0.9936403134872474
imagewoof,data/imagewoof2-320/val/n02115641/n02115641_4462.JPEG,n02115641,273,dingo,jpeg,70,227,kelpie,0.5898945927619934,False,24404,23643,1.032187116694159,41.644367857762944,0.9931561394538191
imagewoof,data/imagewoof2-320/val/n02115641/n02115641_4482.JPEG,n02115641,273,dingo,jpeg,70,208,Labrador retriever,0.24753880500793457,False,22996,22468,1.0235000890154886,43.340743493168084,0.9908314800468342
imagewoof,data/imagewoof2-320/val/n02115641/n02115641_4500.JPEG,n02115641,273,dingo,jpeg,70,273,dingo,0.3422846496105194,True,31250,30684,1.0184460956850476,41.9568950524841,0.9894902849509322
imagewoof,data/imagewoof2-320/val/n02115641/n02115641_452.JPEG,n02115641,273,dingo,jpeg,70,273,dingo,0.47087982296943665,True,25403,24682,1.0292115711854792,43.121905996178924,0.990639276771883
imagewoof,data/imagewoof2-320/val/n02115641/n02115641_45212.JPEG,n02115641,273,dingo,jpeg,70,273,dingo,0.38333001732826233,True,15000,14578,1.0289477294553437,43.94935038313206,0.9675556492147227
imagewoof,data/imagewoof2-320/val/n02115641/n02115641_45290.JPEG,n02115641,273,dingo,jpeg,70,240,Appenzeller,0.1779811680316925,False,41685,40215,1.0365535248041775,37.588049761180066,0.9909909002633799
imagewoof,data/imagewoof2-320/val/n02115641/n02115641_4562.JPEG,n02115641,273,dingo,jpeg,70,273,dingo,0.5738135576248169,True,19560,18923,1.0336627384664165,44.880091035798664,0.9924226642662587
imagewoof,data/imagewoof2-320/val/n02115641/n02115641_4601.JPEG,n02115641,273,dingo,jpeg,70,273,dingo,0.33279916644096375,True,19412,18915,1.026275442770288,44.4964452962223,0.9916868148408472
imagewoof,data/imagewoof2-320/val/n02115641/n02115641_46380.JPEG,n02115641,273,dingo,jpeg,70,273,dingo,0.47532689571380615,True,16685,16277,1.0250660441113226,43.95396438409498,0.990435119967351
imagewoof,data/imagewoof2-320/val/n02115641/n02115641_46540.JPEG,n02115641,273,dingo,jpeg,70,273,dingo,0.3136078119277954,True,24195,23533,1.0281307100667147,43.98773127935246,0.9927125303389457
imagewoof,data/imagewoof2-320/val/n02115641/n02115641_46712.JPEG,n02115641,273,dingo,jpeg,70,273,dingo,0.4390949606895447,True,34309,33340,1.0290641871625674,39.58194953781933,0.9907245480336447
imagewoof,data/imagewoof2-320/val/n02115641/n02115641_46882.JPEG,n02115641,273,dingo,jpeg,70,273,dingo,0.5092982053756714,True,19761,19315,1.0230908620243335,44.753809459015024,0.9920143740800644
imagewoof,data/imagewoof2-320/val/n02115641/n02115641_4692.JPEG,n02115641,273,dingo,jpeg,70,273,dingo,0.47451531887054443,True,36460,35318,1.0323347867942692,40.4720008277898,0.9931955500142878
imagewoof,data/imagewoof2-320/val/n02115641/n02115641_47081.JPEG,n02115641,273,dingo,jpeg,70,273,dingo,0.6249483227729797,True,19761,19310,1.0233557742102537,44.144175546496186,0.9924490252845949
imagewoof,data/imagewoof2-320/val/n02115641/n02115641_47210.JPEG,n02115641,273,dingo,jpeg,70,273,dingo,0.5290006995201111,True,25531,24823,1.0285219353019377,40.50543924792918,0.9928614752868645
imagewoof,data/imagewoof2-320/val/n02115641/n02115641_4800.JPEG,n02115641,273,dingo,jpeg,70,273,dingo,0.26144710183143616,True,21619,21125,1.0233846153846153,44.884376019972365,0.9859837036935736
imagewoof,data/imagewoof2-320/val/n02115641/n02115641_48032.JPEG,n02115641,273,dingo,jpeg,70,273,dingo,0.28213703632354736,True,30938,29970,1.032298965632299,40.142790048157536,0.9875706866195494
imagewoof,data/imagewoof2-320/val/n02115641/n02115641_4830.JPEG,n02115641,273,dingo,jpeg,70,227,kelpie,0.20046940445899963,False,21649,21081,1.0269436933731797,43.9695265823429,0.9907909284670247
imagewoof,data/imagewoof2-320/val/n02115641/n02115641_48350.JPEG,n02115641,273,dingo,jpeg,70,273,dingo,0.41210830211639404,True,40468,39172,1.0330848565301747,38.23914903365415,0.9922543013177929
imagewoof,data/imagewoof2-320/val/n02115641/n02115641_4840.JPEG,n02115641,273,dingo,jpeg,70,273,dingo,0.3513835668563843,True,50718,48798,1.0393458748309357,37.193465859255845,0.9931308692187945
imagewoof,data/imagewoof2-320/val/n02115641/n02115641_4851.JPEG,n02115641,273,dingo,jpeg,70,273,dingo,0.3569962978363037,True,40293,38974,1.0338430748704264,37.64469115544563,0.9904021985332112
imagewoof,data/imagewoof2-320/val/n02115641/n02115641_4852.JPEG,n02115641,273,dingo,jpeg,70,273,dingo,0.42158517241477966,True,23612,23084,1.0228729856177439,43.448590332165004,0.9907569713733712
imagewoof,data/imagewoof2-320/val/n02115641/n02115641_4901.JPEG,n02115641,273,dingo,jpeg,70,273,dingo,0.40362244844436646,True,34453,33511,1.0281101727790876,41.54624465791904,0.9918062752481686
imagewoof,data/imagewoof2-320/val/n02115641/n02115641_49022.JPEG,n02115641,273,dingo,jpeg,70,273,dingo,0.4542061984539032,True,54971,52973,1.037717327695241,35.753167665371315,0.992570320760206
imagewoof,data/imagewoof2-320/val/n02115641/n02115641_4951.JPEG,n02115641,273,dingo,jpeg,70,273,dingo,0.4416324198246002,True,22039,21480,1.026024208566108,44.64258920754405,0.9912562350407766
imagewoof,data/imagewoof2-320/val/n02115641/n02115641_49630.JPEG,n02115641,273,dingo,jpeg,70,273,dingo,0.3510574698448181,True,33249,32352,1.0277262611275964,41.75057973715094,0.9925496087243623
imagewoof,data/imagewoof2-320/val/n02115641/n02115641_4970.JPEG,n02115641,273,dingo,jpeg,70,273,dingo,0.1758379340171814,True,45134,43582,1.0356110320774632,36.81021328851672,0.9916252590051265
imagewoof,data/imagewoof2-320/val/n02115641/n02115641_4972.JPEG,n02115641,273,dingo,jpeg,70,171,Italian greyhound,0.13574738800525665,False,14552,14215,1.0237073513893775,45.36735105734563,0.9910843270355839
imagewoof,data/imagewoof2-320/val/n02115641/n02115641_4980.JPEG,n02115641,273,dingo,jpeg,70,273,dingo,0.258882075548172,True,37771,36575,1.0326999316473,38.71522824734449,0.9911078957573496
imagewoof,data/imagewoof2-320/val/n02115641/n02115641_4991.JPEG,n02115641,273,dingo,jpeg,70,151,Chihuahua,0.12561006844043732,False,47319,45256,1.045585115785752,34.44825267366674,0.9863416722231634
imagewoof,data/imagewoof2-320/val/n02115641/n02115641_5022.JPEG,n02115641,273,dingo,jpeg,70,180,American Staffordshire terrier,0.2430870085954666,False,38623,37187,1.0386156452523732,38.046600288027996,0.9911565024279271
imagewoof,data/imagewoof2-320/val/n02115641/n02115641_50240.JPEG,n02115641,273,dingo,jpeg,70,273,dingo,0.3555315434932709,True,47724,46232,1.0322720193805157,36.91240976981488,0.9927162625716116
imagewoof,data/imagewoof2-320/val/n02115641/n02115641_51012.JPEG,n02115641,273,dingo,jpeg,70,273,dingo,0.21969446539878845,True,25880,25150,1.0290258449304175,42.69352450576454,0.9917358651833439
imagewoof,data/imagewoof2-320/val/n02115641/n02115641_5102.JPEG,n02115641,273,dingo,jpeg,70,273,dingo,0.35424596071243286,True,36142,35091,1.0299506996095864,39.68208574821732,0.991912919854877
imagewoof,data/imagewoof2-320/val/n02115641/n02115641_5130.JPEG,n02115641,273,dingo,jpeg,70,264,Cardigan,0.21438907086849213,False,18181,17777,1.022725994262249,46.42523696161443,0.9930774197343769
imagewoof,data/imagewoof2-320/val/n02115641/n02115641_51451.JPEG,n02115641,273,dingo,jpeg,70,274,dhole,0.4929841160774231,False,36671,35534,1.031997523498621,40.140195479399,0.9931244429383209
imagewoof,data/imagewoof2-320/val/n02115641/n02115641_51492.JPEG,n02115641,273,dingo,jpeg,70,273,dingo,0.4866008758544922,True,43353,42004,1.032115988953433,37.37739948497306,0.9904669248513752
imagewoof,data/imagewoof2-320/val/n02115641/n02115641_52110.JPEG,n02115641,273,dingo,jpeg,70,273,dingo,0.5192879438400269,True,40123,38955,1.0299833140803492,39.56895245539097,0.9912751605908189
imagewoof,data/imagewoof2-320/val/n02115641/n02115641_52552.JPEG,n02115641,273,dingo,jpeg,70,273,dingo,0.5921758413314819,True,39287,38314,1.0253954168189174,40.174056556077815,0.9910760670566714
imagewoof,data/imagewoof2-320/val/n02115641/n02115641_5320.JPEG,n02115641,273,dingo,jpeg,70,273,dingo,0.3252476453781128,True,30323,29419,1.0307284408035624,41.687647890504714,0.992804156063862
imagewoof,data/imagewoof2-320/val/n02115641/n02115641_5330.JPEG,n02115641,273,dingo,jpeg,70,273,dingo,0.25462067127227783,True,27617,26919,1.0259296407741745,42.311313253713855,0.9918607386585018
imagewoof,data/imagewoof2-320/val/n02115641/n02115641_540.JPEG,n02115641,273,dingo,jpeg,70,273,dingo,0.3773956000804901,True,36229,35015,1.0346708553477082,37.89821172952252,0.9892556479162998
imagewoof,data/imagewoof2-320/val/n02115641/n02115641_5471.JPEG,n02115641,273,dingo,jpeg,70,273,dingo,0.5762090682983398,True,16807,16491,1.019161967133588,44.83017271336951,0.9914286413344194
imagewoof,data/imagewoof2-320/val/n02115641/n02115641_5492.JPEG,n02115641,273,dingo,jpeg,70,273,dingo,0.5890040397644043,True,30757,29788,1.0325298778031422,41.99492721795251,0.9908057169173716
imagewoof,data/imagewoof2-320/val/n02115641/n02115641_5522.JPEG,n02115641,273,dingo,jpeg,70,273,dingo,0.633151113986969,True,23017,22596,1.0186316162152593,43.49702431766735,0.9888189253675398
imagewoof,data/imagewoof2-320/val/n02115641/n02115641_5602.JPEG,n02115641,273,dingo,jpeg,70,227,kelpie,0.4197846055030823,False,26859,26071,1.0302251543860994,42.372458303854614,0.9919435612391515
imagewoof,data/imagewoof2-320/val/n02115641/n02115641_5651.JPEG,n02115641,273,dingo,jpeg,70,273,dingo,0.5032745599746704,True,33298,32022,1.0398476047717193,40.49194391116467,0.9950851579732881
imagewoof,data/imagewoof2-320/val/n02115641/n02115641_5661.JPEG,n02115641,273,dingo,jpeg,70,273,dingo,0.24397863447666168,True,24539,23806,1.0307905570024363,41.71874438796087,0.9887705595535984
imagewoof,data/imagewoof2-320/val/n02115641/n02115641_5672.JPEG,n02115641,273,dingo,jpeg,70,273,dingo,0.20789624750614166,True,38909,37584,1.0352543635589613,38.55533165285706,0.9922659803296293
imagewoof,data/imagewoof2-320/val/n02115641/n02115641_5681.JPEG,n02115641,273,dingo,jpeg,70,273,dingo,0.31721776723861694,True,38992,37829,1.0307436094001956,38.51825496460946,0.991033245028949
imagewoof,data/imagewoof2-320/val/n02115641/n02115641_5752.JPEG,n02115641,273,dingo,jpeg,70,273,dingo,0.5080621838569641,True,31125,30269,1.028279758168423,41.06011880736531,0.9916047616329874
imagewoof,data/imagewoof2-320/val/n02115641/n02115641_581.JPEG,n02115641,273,dingo,jpeg,70,273,dingo,0.4844438135623932,True,27902,26943,1.0355936606910885,41.92564346936749,0.9941512026813767
imagewoof,data/imagewoof2-320/val/n02115641/n02115641_5850.JPEG,n02115641,273,dingo,jpeg,70,273,dingo,0.7545062303543091,True,40142,38823,1.033974705715684,38.67862067970076,0.9926524302143739
imagewoof,data/imagewoof2-320/val/n02115641/n02115641_592.JPEG,n02115641,273,dingo,jpeg,70,273,dingo,0.5256478786468506,True,32449,31276,1.03750479600972,41.214936139390545,0.9928448469108736
imagewoof,data/imagewoof2-320/val/n02115641/n02115641_60.JPEG,n02115641,273,dingo,jpeg,70,273,dingo,0.39231282472610474,True,41959,40555,1.0346196523240045,37.78925852611293,0.9921717972149176
imagewoof,data/imagewoof2-320/val/n02115641/n02115641_6110.JPEG,n02115641,273,dingo,jpeg,70,269,timber wolf,0.18883000314235687,False,22804,22172,1.0285044199891755,44.52218994785835,0.9924520865290999
imagewoof,data/imagewoof2-320/val/n02115641/n02115641_6120.JPEG,n02115641,273,dingo,jpeg,70,273,dingo,0.4383656978607178,True,26511,25862,1.0250947335859562,41.85440938332977,0.9897258726552307
imagewoof,data/imagewoof2-320/val/n02115641/n02115641_6161.JPEG,n02115641,273,dingo,jpeg,70,235,German shepherd,0.2463981658220291,False,28599,27731,1.0313007103963074,42.534611335650574,0.9918301109257829
imagewoof,data/imagewoof2-320/val/n02115641/n02115641_6221.JPEG,n02115641,273,dingo,jpeg,70,273,dingo,0.6970720887184143,True,7302,7177,1.0174167479448237,49.43430377479778,0.9946904147338121
imagewoof,data/imagewoof2-320/val/n02115641/n02115641_6250.JPEG,n02115641,273,dingo,jpeg,70,273,dingo,0.6261237263679504,True,36388,35253,1.0321958414886676,38.90345539558202,0.9930103861547463
imagewoof,data/imagewoof2-320/val/n02115641/n02115641_630.JPEG,n02115641,273,dingo,jpeg,70,273,dingo,0.308738112449646,True,48490,46912,1.033637448840382,36.09757703834743,0.9905744845187487
imagewoof,data/imagewoof2-320/val/n02115641/n02115641_6380.JPEG,n02115641,273,dingo,jpeg,70,273,dingo,0.4602607786655426,True,16639,16206,1.026718499321239,44.70598794163517,0.9909747537827908
imagewoof,data/imagewoof2-320/val/n02115641/n02115641_6432.JPEG,n02115641,273,dingo,jpeg,70,274,dhole,0.1695166975259781,False,13601,13172,1.0325690859398724,45.42839126281008,0.9934800653507899
imagewoof,data/imagewoof2-320/val/n02115641/n02115641_6451.JPEG,n02115641,273,dingo,jpeg,70,277,red fox,0.07072297483682632,False,38378,37031,1.0363749291134454,39.96437083589348,0.9919870768985254
imagewoof,data/imagewoof2-320/val/n02115641/n02115641_6460.JPEG,n02115641,273,dingo,jpeg,70,273,dingo,0.37184569239616394,True,19469,19003,1.0245224438246592,43.81562300018353,0.9910377140365974
imagewoof,data/imagewoof2-320/val/n02115641/n02115641_6490.JPEG,n02115641,273,dingo,jpeg,70,264,Cardigan,0.17069214582443237,False,20562,20074,1.024310052804623,44.51497989989715,0.9914915857566365
imagewoof,data/imagewoof2-320/val/n02115641/n02115641_6491.JPEG,n02115641,273,dingo,jpeg,70,273,dingo,0.2814711630344391,True,15779,15494,1.0183942171163032,46.10388389312611,0.9930946680477505
imagewoof,data/imagewoof2-320/val/n02115641/n02115641_6500.JPEG,n02115641,273,dingo,jpeg,70,273,dingo,0.3637239634990692,True,38245,37289,1.02563758749229,40.215672858619975,0.9912254837276677
imagewoof,data/imagewoof2-320/val/n02115641/n02115641_6530.JPEG,n02115641,273,dingo,jpeg,70,273,dingo,0.5131943821907043,True,14962,14689,1.0185853359656887,46.03114710931643,0.992634914972518
imagewoof,data/imagewoof2-320/val/n02115641/n02115641_6591.JPEG,n02115641,273,dingo,jpeg,70,273,dingo,0.5480950474739075,True,45322,43870,1.0330977889218145,36.25264876965604,0.990921241465128
imagewoof,data/imagewoof2-320/val/n02115641/n02115641_6661.JPEG,n02115641,273,dingo,jpeg,70,273,dingo,0.16778238117694855,True,18533,18086,1.0247152493641491,44.753511800016554,0.991347599812373
imagewoof,data/imagewoof2-320/val/n02115641/n02115641_6680.JPEG,n02115641,273,dingo,jpeg,70,269,timber wolf,0.2213735431432724,False,23246,22723,1.023016327069489,44.49226135575135,0.9913252579069026
imagewoof,data/imagewoof2-320/val/n02115641/n02115641_670.JPEG,n02115641,273,dingo,jpeg,70,273,dingo,0.39012959599494934,True,17959,17526,1.0247061508615771,45.08134444158144,0.9921709113557243
imagewoof,data/imagewoof2-320/val/n02115641/n02115641_6760.JPEG,n02115641,273,dingo,jpeg,70,273,dingo,0.7079317569732666,True,17848,17424,1.0243342516069789,44.51183569383714,0.990619941419281
imagewoof,data/imagewoof2-320/val/n02115641/n02115641_6771.JPEG,n02115641,273,dingo,jpeg,70,273,dingo,0.4591226577758789,True,37686,36562,1.0307423007494119,39.068804684318515,0.9924174407500276
imagewoof,data/imagewoof2-320/val/n02115641/n02115641_6772.JPEG,n02115641,273,dingo,jpeg,70,273,dingo,0.6332641839981079,True,35122,33986,1.0334255281586535,38.66815827422526,0.9887033855280573
imagewoof,data/imagewoof2-320/val/n02115641/n02115641_681.JPEG,n02115641,273,dingo,jpeg,70,273,dingo,0.5401737093925476,True,26486,25622,1.0337210209975802,42.34448828379431,0.9925128780685752
imagewoof,data/imagewoof2-320/val/n02115641/n02115641_6940.JPEG,n02115641,273,dingo,jpeg,70,274,dhole,0.4381232261657715,False,32854,31785,1.0336322164543024,40.259413270029484,0.9917618502098913
imagewoof,data/imagewoof2-320/val/n02115641/n02115641_7071.JPEG,n02115641,273,dingo,jpeg,70,273,dingo,0.5778906941413879,True,42586,41298,1.0311879509903628,37.93356491963434,0.9908891062105262
imagewoof,data/imagewoof2-320/val/n02115641/n02115641_7082.JPEG,n02115641,273,dingo,jpeg,70,273,dingo,0.2636878192424774,True,43096,41468,1.039259187807466,37.73305522990918,0.9927368227900665
imagewoof,data/imagewoof2-320/val/n02115641/n02115641_7120.JPEG,n02115641,273,dingo,jpeg,70,273,dingo,0.5546368360519409,True,36842,35569,1.035789592060502,39.05610360309027,0.9917915774847318
imagewoof,data/imagewoof2-320/val/n02115641/n02115641_7130.JPEG,n02115641,273,dingo,jpeg,70,273,dingo,0.6242766976356506,True,12318,12029,1.0240252722587082,47.01670185846271,0.992053991782092
imagewoof,data/imagewoof2-320/val/n02115641/n02115641_7160.JPEG,n02115641,273,dingo,jpeg,70,273,dingo,0.14576399326324463,True,18017,17618,1.0226472925417187,45.22671003638531,0.9911365580151594
imagewoof,data/imagewoof2-320/val/n02115641/n02115641_7181.JPEG,n02115641,273,dingo,jpeg,70,273,dingo,0.44424358010292053,True,28890,28073,1.0291026965411605,42.92013813502404,0.9927075791151864
imagewoof,data/imagewoof2-320/val/n02115641/n02115641_72.JPEG,n02115641,273,dingo,jpeg,70,273,dingo,0.5230587720870972,True,32038,31109,1.029862740685975,40.98704025490491,0.9923871332636368
imagewoof,data/imagewoof2-320/val/n02115641/n02115641_7201.JPEG,n02115641,273,dingo,jpeg,70,273,dingo,0.7210168242454529,True,24479,23967,1.0213627070555347,43.12026860680554,0.992187351639522
imagewoof,data/imagewoof2-320/val/n02115641/n02115641_7222.JPEG,n02115641,273,dingo,jpeg,70,273,dingo,0.39167314767837524,True,17181,16700,1.0288023952095808,45.13620142449079,0.9911914957410813
imagewoof,data/imagewoof2-320/val/n02115641/n02115641_7282.JPEG,n02115641,273,dingo,jpeg,70,273,dingo,0.4165697395801544,True,39890,38620,1.032884515794925,39.43532705894071,0.9914228270772419
imagewoof,data/imagewoof2-320/val/n02115641/n02115641_7321.JPEG,n02115641,273,dingo,jpeg,70,273,dingo,0.3234557509422302,True,21830,21170,1.031176192725555,42.2798181154376,0.9927612131898358
imagewoof,data/imagewoof2-320/val/n02115641/n02115641_7360.JPEG,n02115641,273,dingo,jpeg,70,273,dingo,0.4692208766937256,True,28770,27778,1.0357117143062855,40.10534972722111,0.9884518826515976
imagewoof,data/imagewoof2-320/val/n02115641/n02115641_7380.JPEG,n02115641,273,dingo,jpeg,70,273,dingo,0.3017239570617676,True,37273,36080,1.0330654101995564,39.5920376647512,0.9935086790996226
imagewoof,data/imagewoof2-320/val/n02115641/n02115641_7400.JPEG,n02115641,273,dingo,jpeg,70,273,dingo,0.6273466348648071,True,51770,50026,1.0348618718266502,35.08851954308561,0.9932930636514273
imagewoof,data/imagewoof2-320/val/n02115641/n02115641_7411.JPEG,n02115641,273,dingo,jpeg,70,273,dingo,0.4339636266231537,True,33298,32288,1.031280971258672,39.57260319873712,0.992191546853198
imagewoof,data/imagewoof2-320/val/n02115641/n02115641_7551.JPEG,n02115641,273,dingo,jpeg,70,273,dingo,0.5555172562599182,True,12628,12335,1.0237535468179975,46.90701622334983,0.9939207282953174
imagewoof,data/imagewoof2-320/val/n02115641/n02115641_7560.JPEG,n02115641,273,dingo,jpeg,70,273,dingo,0.6065546274185181,True,15246,14967,1.0186410102224894,46.04425063984655,0.992952670278318
imagewoof,data/imagewoof2-320/val/n02115641/n02115641_7620.JPEG,n02115641,273,dingo,jpeg,70,273,dingo,0.4715985953807831,True,45172,43815,1.0309711286089238,36.39861736302259,0.9917251219663052
imagewoof,data/imagewoof2-320/val/n02115641/n02115641_7701.JPEG,n02115641,273,dingo,jpeg,70,273,dingo,0.5131839513778687,True,19908,19297,1.0316629527905892,45.7753780639058,0.9935087522672023
imagewoof,data/imagewoof2-320/val/n02115641/n02115641_771.JPEG,n02115641,273,dingo,jpeg,70,273,dingo,0.37490782141685486,True,21487,20843,1.0308976634841434,43.15374358394869,0.9902870051738817
imagewoof,data/imagewoof2-320/val/n02115641/n02115641_7711.JPEG,n02115641,273,dingo,jpeg,70,273,dingo,0.5290998220443726,True,40429,39250,1.0300382165605095,38.454232053443086,0.9905928960525734
imagewoof,data/imagewoof2-320/val/n02115641/n02115641_7851.JPEG,n02115641,273,dingo,jpeg,70,273,dingo,0.4102950692176819,True,27960,27219,1.0272236305521878,43.36915624213632,0.9916363065093597
imagewoof,data/imagewoof2-320/val/n02115641/n02115641_790.JPEG,n02115641,273,dingo,jpeg,70,273,dingo,0.5318286418914795,True,24468,23683,1.0331461385804164,42.54474829168447,0.9913108456307622
imagewoof,data/imagewoof2-320/val/n02115641/n02115641_7931.JPEG,n02115641,273,dingo,jpeg,70,273,dingo,0.5328425765037537,True,19382,18707,1.0360827497728122,42.217708253399735,0.9668210720374689
imagewoof,data/imagewoof2-320/val/n02115641/n02115641_7952.JPEG,n02115641,273,dingo,jpeg,70,273,dingo,0.4535195529460907,True,21376,20916,1.0219927328361063,44.465528200120104,0.9908617243722889
imagewoof,data/imagewoof2-320/val/n02115641/n02115641_7992.JPEG,n02115641,273,dingo,jpeg,70,273,dingo,0.11199791729450226,True,22374,21663,1.0328209389281262,44.362442974498926,0.9931839525597885
imagewoof,data/imagewoof2-320/val/n02115641/n02115641_8092.JPEG,n02115641,273,dingo,jpeg,70,273,dingo,0.3609169125556946,True,19953,19380,1.0295665634674922,45.37716828031709,0.9914091259602382
imagewoof,data/imagewoof2-320/val/n02115641/n02115641_81.JPEG,n02115641,273,dingo,jpeg,70,273,dingo,0.48346075415611267,True,21887,21518,1.0171484338693186,44.31854374786886,0.9900510112042817
imagewoof,data/imagewoof2-320/val/n02115641/n02115641_8150.JPEG,n02115641,273,dingo,jpeg,70,273,dingo,0.4931250214576721,True,33312,32338,1.030119364215474,40.63535918669912,0.9918854192755256
imagewoof,data/imagewoof2-320/val/n02115641/n02115641_8232.JPEG,n02115641,273,dingo,jpeg,70,273,dingo,0.35823580622673035,True,31802,30612,1.038873644322488,38.809081070447334,0.9947632288643847
imagewoof,data/imagewoof2-320/val/n02115641/n02115641_8252.JPEG,n02115641,273,dingo,jpeg,70,249,malamute,0.25254735350608826,False,21754,21193,1.026471004576983,44.48143995316779,0.9908379859302326
imagewoof,data/imagewoof2-320/val/n02115641/n02115641_8260.JPEG,n02115641,273,dingo,jpeg,70,273,dingo,0.43937554955482483,True,18637,18108,1.0292136072454163,44.554363456598395,0.9914863838900224
imagewoof,data/imagewoof2-320/val/n02115641/n02115641_8310.JPEG,n02115641,273,dingo,jpeg,70,273,dingo,0.3994688093662262,True,24498,23987,1.0213032059031977,43.881742122814494,0.9916318647506296
imagewoof,data/imagewoof2-320/val/n02115641/n02115641_8390.JPEG,n02115641,273,dingo,jpeg,70,273,dingo,0.46644118428230286,True,15560,15073,1.0323094274530618,43.882948661793215,0.9800444889241712
imagewoof,data/imagewoof2-320/val/n02115641/n02115641_8462.JPEG,n02115641,273,dingo,jpeg,70,208,Labrador retriever,0.12874045968055725,False,25203,24381,1.0337147779008244,43.863696946034246,0.9942077247138359
imagewoof,data/imagewoof2-320/val/n02115641/n02115641_8470.JPEG,n02115641,273,dingo,jpeg,70,269,timber wolf,0.3363184630870819,False,30541,29554,1.0333964945523448,41.57355217309423,0.9939693042521093
imagewoof,data/imagewoof2-320/val/n02115641/n02115641_8492.JPEG,n02115641,273,dingo,jpeg,70,273,dingo,0.5781120657920837,True,36723,35536,1.0334027465105808,39.73775840736228,0.9905235783009418
imagewoof,data/imagewoof2-320/val/n02115641/n02115641_850.JPEG,n02115641,273,dingo,jpeg,70,273,dingo,0.4840851426124573,True,38404,37551,1.0227157732150942,39.939351628386476,0.9897589032343186
imagewoof,data/imagewoof2-320/val/n02115641/n02115641_8532.JPEG,n02115641,273,dingo,jpeg,70,273,dingo,0.5262828469276428,True,29520,28643,1.0306183011556052,41.00930144504866,0.9894666007037638
imagewoof,data/imagewoof2-320/val/n02115641/n02115641_8540.JPEG,n02115641,273,dingo,jpeg,70,273,dingo,0.48021963238716125,True,30512,29471,1.0353228597604425,40.43850576786624,0.9920668984690245
imagewoof,data/imagewoof2-320/val/n02115641/n02115641_8560.JPEG,n02115641,273,dingo,jpeg,70,225,malinois,0.09961428493261337,False,36414,35203,1.034400477232054,39.77895478166885,0.9916817439991655
imagewoof,data/imagewoof2-320/val/n02115641/n02115641_8581.JPEG,n02115641,273,dingo,jpeg,70,273,dingo,0.35304388403892517,True,18953,18452,1.0271515282896162,44.718840296522295,0.9921828352091095
imagewoof,data/imagewoof2-320/val/n02115641/n02115641_8601.JPEG,n02115641,273,dingo,jpeg,70,273,dingo,0.6478850245475769,True,34173,33295,1.026370325874756,40.282424342896974,0.9902567774301453
imagewoof,data/imagewoof2-320/val/n02115641/n02115641_8662.JPEG,n02115641,273,dingo,jpeg,70,273,dingo,0.369771808385849,True,56949,54921,1.0369257661003988,35.1267946414565,0.9914597963856117
imagewoof,data/imagewoof2-320/val/n02115641/n02115641_8682.JPEG,n02115641,273,dingo,jpeg,70,273,dingo,0.48432719707489014,True,52358,50516,1.0364636946709953,35.12426173094593,0.9911715515519622
imagewoof,data/imagewoof2-320/val/n02115641/n02115641_871.JPEG,n02115641,273,dingo,jpeg,70,273,dingo,0.2261565774679184,True,33568,32585,1.0301672548718737,40.78962779281917,0.9900380182224028
imagewoof,data/imagewoof2-320/val/n02115641/n02115641_8802.JPEG,n02115641,273,dingo,jpeg,70,273,dingo,0.688481867313385,True,34779,33681,1.032599982185802,37.550783746646395,0.991664222668664
imagewoof,data/imagewoof2-320/val/n02115641/n02115641_8840.JPEG,n02115641,273,dingo,jpeg,70,273,dingo,0.417903870344162,True,41609,40220,1.03453505718548,38.32265440763563,0.9929802582176627
imagewoof,data/imagewoof2-320/val/n02115641/n02115641_8862.JPEG,n02115641,273,dingo,jpeg,70,185,Norfolk terrier,0.08137889951467514,False,23614,23033,1.0252246776364347,44.173825942034355,0.9920076532550897
imagewoof,data/imagewoof2-320/val/n02115641/n02115641_8871.JPEG,n02115641,273,dingo,jpeg,70,273,dingo,0.449751615524292,True,40919,39511,1.0356356457695326,38.70900245585578,0.992796976146684
imagewoof,data/imagewoof2-320/val/n02115641/n02115641_8891.JPEG,n02115641,273,dingo,jpeg,70,273,dingo,0.4923929274082184,True,20347,19719,1.0318474567675846,44.13719159300983,0.9913841749345513
imagewoof,data/imagewoof2-320/val/n02115641/n02115641_8910.JPEG,n02115641,273,dingo,jpeg,70,273,dingo,0.39219215512275696,True,34026,33094,1.028162204629238,40.528956895032984,0.9905235881795753
imagewoof,data/imagewoof2-320/val/n02115641/n02115641_8950.JPEG,n02115641,273,dingo,jpeg,70,273,dingo,0.44415414333343506,True,17427,17079,1.0203759002283506,45.619733715645204,0.9925779579627355
imagewoof,data/imagewoof2-320/val/n02115641/n02115641_8991.JPEG,n02115641,273,dingo,jpeg,70,273,dingo,0.5770320892333984,True,24044,23461,1.024849750650015,41.653990341669015,0.9921221446034107
imagewoof,data/imagewoof2-320/val/n02115641/n02115641_90.JPEG,n02115641,273,dingo,jpeg,70,273,dingo,0.5818507075309753,True,40619,39333,1.0326951923321384,39.978842393151275,0.9930990104293249
imagewoof,data/imagewoof2-320/val/n02115641/n02115641_9110.JPEG,n02115641,273,dingo,jpeg,70,273,dingo,0.5564250349998474,True,47741,46050,1.0367209554831704,37.915154700601704,0.9939827789852084
imagewoof,data/imagewoof2-320/val/n02115641/n02115641_92.JPEG,n02115641,273,dingo,jpeg,70,273,dingo,0.4005744755268097,True,27854,27004,1.0314768182491483,41.27733803077575,0.9909894629214634
imagewoof,data/imagewoof2-320/val/n02115641/n02115641_9202.JPEG,n02115641,273,dingo,jpeg,70,273,dingo,0.4169115126132965,True,39474,38107,1.0358726743118063,38.87240038008689,0.9930080322699825
imagewoof,data/imagewoof2-320/val/n02115641/n02115641_9230.JPEG,n02115641,273,dingo,jpeg,70,274,dhole,0.3994596302509308,False,48423,47031,1.0295974995215922,37.60268674146633,0.9914025102503533
imagewoof,data/imagewoof2-320/val/n02115641/n02115641_9272.JPEG,n02115641,273,dingo,jpeg,70,273,dingo,0.08977548778057098,True,33319,32419,1.0277614978870415,40.050930327585334,0.9890415129528108
imagewoof,data/imagewoof2-320/val/n02115641/n02115641_9281.JPEG,n02115641,273,dingo,jpeg,70,273,dingo,0.4232184886932373,True,40303,38799,1.0387638856671564,37.55817845393037,0.9907157147174193
imagewoof,data/imagewoof2-320/val/n02115641/n02115641_930.JPEG,n02115641,273,dingo,jpeg,70,273,dingo,0.5713424682617188,True,26378,25471,1.0356091241019199,41.213976507343276,0.9801084927386202
imagewoof,data/imagewoof2-320/val/n02115641/n02115641_9302.JPEG,n02115641,273,dingo,jpeg,70,273,dingo,0.3924987316131592,True,39350,38052,1.0341112162304216,36.71441164892295,0.9909640109242748
imagewoof,data/imagewoof2-320/val/n02115641/n02115641_9320.JPEG,n02115641,273,dingo,jpeg,70,269,timber wolf,0.24912752211093903,False,25091,24215,1.036175924014041,45.49256350695509,0.9955107543261054
imagewoof,data/imagewoof2-320/val/n02115641/n02115641_9331.JPEG,n02115641,273,dingo,jpeg,70,273,dingo,0.7276967167854309,True,12982,12726,1.02011629734402,46.21435204923741,0.9915722623367564
imagewoof,data/imagewoof2-320/val/n02115641/n02115641_9352.JPEG,n02115641,273,dingo,jpeg,70,273,dingo,0.39276963472366333,True,25743,25121,1.0247601608216232,43.613570483825804,0.9923642155019342
imagewoof,data/imagewoof2-320/val/n02115641/n02115641_9392.JPEG,n02115641,273,dingo,jpeg,70,274,dhole,0.4856922924518585,False,12389,12027,1.030098944042571,46.622098964526415,0.991800316860521
imagewoof,data/imagewoof2-320/val/n02115641/n02115641_940.JPEG,n02115641,273,dingo,jpeg,70,227,kelpie,0.2390006184577942,False,22506,21957,1.0250034157671812,43.63444205323509,0.9916160450273819
imagewoof,data/imagewoof2-320/val/n02115641/n02115641_9450.JPEG,n02115641,273,dingo,jpeg,70,227,kelpie,0.13738438487052917,False,35502,34512,1.0286856745479833,40.07128008606241,0.9919802381783226
imagewoof,data/imagewoof2-320/val/n02115641/n02115641_9462.JPEG,n02115641,273,dingo,jpeg,70,273,dingo,0.2891748249530792,True,30725,29912,1.027179727199786,42.380732789813116,0.9912564822011974
imagewoof,data/imagewoof2-320/val/n02115641/n02115641_9521.JPEG,n02115641,273,dingo,jpeg,70,227,kelpie,0.3680053949356079,False,23611,22896,1.0312281621243886,42.29226049298089,0.993116072106678
imagewoof,data/imagewoof2-320/val/n02115641/n02115641_9651.JPEG,n02115641,273,dingo,jpeg,70,248,Eskimo dog,0.13523055613040924,False,20548,19971,1.0288918932452056,44.39320144958767,0.9729198100853077
imagewoof,data/imagewoof2-320/val/n02115641/n02115641_9681.JPEG,n02115641,273,dingo,jpeg,70,273,dingo,0.26382046937942505,True,28704,27981,1.0258389621528894,41.703199504991176,0.9901342643728673
imagewoof,data/imagewoof2-320/val/n02115641/n02115641_970.JPEG,n02115641,273,dingo,jpeg,70,273,dingo,0.4254254996776581,True,28951,28216,1.0260490501842927,42.08628029049771,0.9909423775496923
imagewoof,data/imagewoof2-320/val/n02115641/n02115641_9731.JPEG,n02115641,273,dingo,jpeg,70,273,dingo,0.5283374190330505,True,17314,16935,1.0223796870386772,45.43159789489494,0.9931643225119001
imagewoof,data/imagewoof2-320/val/n02115641/n02115641_9812.JPEG,n02115641,273,dingo,jpeg,70,273,dingo,0.20451143383979797,True,38016,36870,1.0310821806346624,38.999165964970715,0.9909780470889231
imagewoof,data/imagewoof2-320/val/n02115641/n02115641_9892.JPEG,n02115641,273,dingo,jpeg,70,273,dingo,0.38597315549850464,True,27717,26898,1.0304483604728976,42.441216499845154,0.99090482592224
imagewoof,data/imagewoof2-320/val/n02115641/n02115641_9920.JPEG,n02115641,273,dingo,jpeg,70,273,dingo,0.4467453360557556,True,54441,52679,1.033447863475009,34.127925397893335,0.9900338933122012
