dataset,path,class_id,target_index,target_label,predicted_index,predicted_class,top1_confidence,is_correct
imagenette,data/imagenette2-320/val/n01440764/ILSVRC2012_val_00009111.JPEG,n01440764,0,tench,0,tench,0.6717196106910706,True
imagenette,data/imagenette2-320/val/n01440764/ILSVRC2012_val_00009191.JPEG,n01440764,0,tench,0,tench,0.5346407890319824,True
imagenette,data/imagenette2-320/val/n01440764/ILSVRC2012_val_00017472.JPEG,n01440764,0,tench,0,tench,0.4114393889904022,True
imagenette,data/imagenette2-320/val/n01440764/ILSVRC2012_val_00017700.JPEG,n01440764,0,tench,0,tench,0.4742364287376404,True
imagenette,data/imagenette2-320/val/n01440764/ILSVRC2012_val_00021740.JPEG,n01440764,0,tench,0,tench,0.5185855627059937,True
imagenette,data/imagenette2-320/val/n01440764/ILSVRC2012_val_00029930.JPEG,n01440764,0,tench,0,tench,0.37520793080329895,True
imagenette,data/imagenette2-320/val/n01440764/ILSVRC2012_val_00030740.JPEG,n01440764,0,tench,0,tench,0.6016077995300293,True
imagenette,data/imagenette2-320/val/n01440764/ILSVRC2012_val_00037861.JPEG,n01440764,0,tench,0,tench,0.45089051127433777,True
imagenette,data/imagenette2-320/val/n01440764/ILSVRC2012_val_00045880.JPEG,n01440764,0,tench,0,tench,0.3542792797088623,True
imagenette,data/imagenette2-320/val/n01440764/ILSVRC2012_val_00046252.JPEG,n01440764,0,tench,0,tench,0.4882473647594452,True
imagenette,data/imagenette2-320/val/n01440764/n01440764_10040.JPEG,n01440764,0,tench,0,tench,0.3454473316669464,True
imagenette,data/imagenette2-320/val/n01440764/n01440764_10042.JPEG,n01440764,0,tench,389,barracouta,0.1966635137796402,False
imagenette,data/imagenette2-320/val/n01440764/n01440764_10110.JPEG,n01440764,0,tench,0,tench,0.43598008155822754,True
imagenette,data/imagenette2-320/val/n01440764/n01440764_10120.JPEG,n01440764,0,tench,0,tench,0.37299197912216187,True
imagenette,data/imagenette2-320/val/n01440764/n01440764_10150.JPEG,n01440764,0,tench,0,tench,0.5883421301841736,True
imagenette,data/imagenette2-320/val/n01440764/n01440764_10162.JPEG,n01440764,0,tench,0,tench,0.42258018255233765,True
imagenette,data/imagenette2-320/val/n01440764/n01440764_10211.JPEG,n01440764,0,tench,0,tench,0.27150100469589233,True
imagenette,data/imagenette2-320/val/n01440764/n01440764_10251.JPEG,n01440764,0,tench,0,tench,0.5408387184143066,True
imagenette,data/imagenette2-320/val/n01440764/n01440764_10281.JPEG,n01440764,0,tench,0,tench,0.5104019045829773,True
imagenette,data/imagenette2-320/val/n01440764/n01440764_10290.JPEG,n01440764,0,tench,0,tench,0.6638240814208984,True
imagenette,data/imagenette2-320/val/n01440764/n01440764_10320.JPEG,n01440764,0,tench,0,tench,0.4743664562702179,True
imagenette,data/imagenette2-320/val/n01440764/n01440764_10331.JPEG,n01440764,0,tench,394,sturgeon,0.2512010335922241,False
imagenette,data/imagenette2-320/val/n01440764/n01440764_10342.JPEG,n01440764,0,tench,0,tench,0.43762102723121643,True
imagenette,data/imagenette2-320/val/n01440764/n01440764_10361.JPEG,n01440764,0,tench,0,tench,0.4803621768951416,True
imagenette,data/imagenette2-320/val/n01440764/n01440764_10380.JPEG,n01440764,0,tench,0,tench,0.38763853907585144,True
imagenette,data/imagenette2-320/val/n01440764/n01440764_10382.JPEG,n01440764,0,tench,0,tench,0.5291784405708313,True
imagenette,data/imagenette2-320/val/n01440764/n01440764_10410.JPEG,n01440764,0,tench,0,tench,0.5391724705696106,True
imagenette,data/imagenette2-320/val/n01440764/n01440764_10462.JPEG,n01440764,0,tench,0,tench,0.4891338348388672,True
imagenette,data/imagenette2-320/val/n01440764/n01440764_10470.JPEG,n01440764,0,tench,0,tench,0.443413108587265,True
imagenette,data/imagenette2-320/val/n01440764/n01440764_10482.JPEG,n01440764,0,tench,0,tench,0.5163248181343079,True
imagenette,data/imagenette2-320/val/n01440764/n01440764_10491.JPEG,n01440764,0,tench,0,tench,0.5419563055038452,True
imagenette,data/imagenette2-320/val/n01440764/n01440764_10531.JPEG,n01440764,0,tench,0,tench,0.488859623670578,True
imagenette,data/imagenette2-320/val/n01440764/n01440764_10542.JPEG,n01440764,0,tench,0,tench,0.35239288210868835,True
imagenette,data/imagenette2-320/val/n01440764/n01440764_10550.JPEG,n01440764,0,tench,0,tench,0.36184370517730713,True
imagenette,data/imagenette2-320/val/n01440764/n01440764_10592.JPEG,n01440764,0,tench,0,tench,0.7108152508735657,True
imagenette,data/imagenette2-320/val/n01440764/n01440764_10740.JPEG,n01440764,0,tench,0,tench,0.4121224880218506,True
imagenette,data/imagenette2-320/val/n01440764/n01440764_10792.JPEG,n01440764,0,tench,0,tench,0.4411599934101105,True
imagenette,data/imagenette2-320/val/n01440764/n01440764_10812.JPEG,n01440764,0,tench,0,tench,0.6824605464935303,True
imagenette,data/imagenette2-320/val/n01440764/n01440764_10822.JPEG,n01440764,0,tench,0,tench,0.5379229187965393,True
imagenette,data/imagenette2-320/val/n01440764/n01440764_10852.JPEG,n01440764,0,tench,0,tench,0.3998792767524719,True
imagenette,data/imagenette2-320/val/n01440764/n01440764_1091.JPEG,n01440764,0,tench,0,tench,0.45115652680397034,True
imagenette,data/imagenette2-320/val/n01440764/n01440764_10910.JPEG,n01440764,0,tench,0,tench,0.4558587670326233,True
imagenette,data/imagenette2-320/val/n01440764/n01440764_11011.JPEG,n01440764,0,tench,0,tench,0.6003805994987488,True
imagenette,data/imagenette2-320/val/n01440764/n01440764_11151.JPEG,n01440764,0,tench,0,tench,0.43707773089408875,True
imagenette,data/imagenette2-320/val/n01440764/n01440764_11170.JPEG,n01440764,0,tench,0,tench,0.5013095140457153,True
imagenette,data/imagenette2-320/val/n01440764/n01440764_11190.JPEG,n01440764,0,tench,0,tench,0.592583954334259,True
imagenette,data/imagenette2-320/val/n01440764/n01440764_11211.JPEG,n01440764,0,tench,0,tench,0.5565540194511414,True
imagenette,data/imagenette2-320/val/n01440764/n01440764_11281.JPEG,n01440764,0,tench,0,tench,0.48281365633010864,True
imagenette,data/imagenette2-320/val/n01440764/n01440764_11331.JPEG,n01440764,0,tench,0,tench,0.42252734303474426,True
imagenette,data/imagenette2-320/val/n01440764/n01440764_11350.JPEG,n01440764,0,tench,0,tench,0.45341330766677856,True
imagenette,data/imagenette2-320/val/n01440764/n01440764_11400.JPEG,n01440764,0,tench,0,tench,0.5379013419151306,True
imagenette,data/imagenette2-320/val/n01440764/n01440764_1141.JPEG,n01440764,0,tench,0,tench,0.2817543148994446,True
imagenette,data/imagenette2-320/val/n01440764/n01440764_11420.JPEG,n01440764,0,tench,0,tench,0.458374947309494,True
imagenette,data/imagenette2-320/val/n01440764/n01440764_11570.JPEG,n01440764,0,tench,0,tench,0.47976386547088623,True
imagenette,data/imagenette2-320/val/n01440764/n01440764_11590.JPEG,n01440764,0,tench,0,tench,0.5269157886505127,True
imagenette,data/imagenette2-320/val/n01440764/n01440764_11602.JPEG,n01440764,0,tench,0,tench,0.6642179489135742,True
imagenette,data/imagenette2-320/val/n01440764/n01440764_11612.JPEG,n01440764,0,tench,0,tench,0.7097682952880859,True
imagenette,data/imagenette2-320/val/n01440764/n01440764_11650.JPEG,n01440764,0,tench,0,tench,0.509917676448822,True
imagenette,data/imagenette2-320/val/n01440764/n01440764_11652.JPEG,n01440764,0,tench,0,tench,0.5345606803894043,True
imagenette,data/imagenette2-320/val/n01440764/n01440764_11750.JPEG,n01440764,0,tench,0,tench,0.4514555335044861,True
imagenette,data/imagenette2-320/val/n01440764/n01440764_11762.JPEG,n01440764,0,tench,0,tench,0.4542362093925476,True
imagenette,data/imagenette2-320/val/n01440764/n01440764_11830.JPEG,n01440764,0,tench,0,tench,0.4687878489494324,True
imagenette,data/imagenette2-320/val/n01440764/n01440764_11841.JPEG,n01440764,0,tench,0,tench,0.46897053718566895,True
imagenette,data/imagenette2-320/val/n01440764/n01440764_11881.JPEG,n01440764,0,tench,0,tench,0.47699210047721863,True
imagenette,data/imagenette2-320/val/n01440764/n01440764_11930.JPEG,n01440764,0,tench,0,tench,0.48078346252441406,True
imagenette,data/imagenette2-320/val/n01440764/n01440764_11972.JPEG,n01440764,0,tench,0,tench,0.5885923504829407,True
imagenette,data/imagenette2-320/val/n01440764/n01440764_12021.JPEG,n01440764,0,tench,0,tench,0.4816136658191681,True
imagenette,data/imagenette2-320/val/n01440764/n01440764_12040.JPEG,n01440764,0,tench,0,tench,0.39964523911476135,True
imagenette,data/imagenette2-320/val/n01440764/n01440764_12090.JPEG,n01440764,0,tench,0,tench,0.5184333920478821,True
imagenette,data/imagenette2-320/val/n01440764/n01440764_12100.JPEG,n01440764,0,tench,0,tench,0.44183146953582764,True
imagenette,data/imagenette2-320/val/n01440764/n01440764_12111.JPEG,n01440764,0,tench,0,tench,0.3622446060180664,True
imagenette,data/imagenette2-320/val/n01440764/n01440764_12131.JPEG,n01440764,0,tench,0,tench,0.5341175198554993,True
imagenette,data/imagenette2-320/val/n01440764/n01440764_12151.JPEG,n01440764,0,tench,0,tench,0.43383151292800903,True
imagenette,data/imagenette2-320/val/n01440764/n01440764_12182.JPEG,n01440764,0,tench,0,tench,0.5671394467353821,True
imagenette,data/imagenette2-320/val/n01440764/n01440764_12211.JPEG,n01440764,0,tench,0,tench,0.5677391886711121,True
imagenette,data/imagenette2-320/val/n01440764/n01440764_12241.JPEG,n01440764,0,tench,0,tench,0.4376892149448395,True
imagenette,data/imagenette2-320/val/n01440764/n01440764_12250.JPEG,n01440764,0,tench,0,tench,0.4512419104576111,True
imagenette,data/imagenette2-320/val/n01440764/n01440764_12291.JPEG,n01440764,0,tench,0,tench,0.74590665102005,True
imagenette,data/imagenette2-320/val/n01440764/n01440764_1232.JPEG,n01440764,0,tench,0,tench,0.4258915185928345,True
imagenette,data/imagenette2-320/val/n01440764/n01440764_12362.JPEG,n01440764,0,tench,0,tench,0.5756458044052124,True
imagenette,data/imagenette2-320/val/n01440764/n01440764_12502.JPEG,n01440764,0,tench,0,tench,0.6582993268966675,True
imagenette,data/imagenette2-320/val/n01440764/n01440764_12571.JPEG,n01440764,0,tench,0,tench,0.553932249546051,True
imagenette,data/imagenette2-320/val/n01440764/n01440764_12572.JPEG,n01440764,0,tench,0,tench,0.4717038571834564,True
imagenette,data/imagenette2-320/val/n01440764/n01440764_12620.JPEG,n01440764,0,tench,0,tench,0.48584800958633423,True
imagenette,data/imagenette2-320/val/n01440764/n01440764_12632.JPEG,n01440764,0,tench,0,tench,0.3924163281917572,True
imagenette,data/imagenette2-320/val/n01440764/n01440764_12702.JPEG,n01440764,0,tench,0,tench,0.5247102379798889,True
imagenette,data/imagenette2-320/val/n01440764/n01440764_1272.JPEG,n01440764,0,tench,0,tench,0.48292481899261475,True
imagenette,data/imagenette2-320/val/n01440764/n01440764_12732.JPEG,n01440764,0,tench,0,tench,0.5312463045120239,True
imagenette,data/imagenette2-320/val/n01440764/n01440764_12881.JPEG,n01440764,0,tench,0,tench,0.4339146018028259,True
imagenette,data/imagenette2-320/val/n01440764/n01440764_12950.JPEG,n01440764,0,tench,0,tench,0.4907650649547577,True
imagenette,data/imagenette2-320/val/n01440764/n01440764_12971.JPEG,n01440764,0,tench,0,tench,0.42526400089263916,True
imagenette,data/imagenette2-320/val/n01440764/n01440764_12972.JPEG,n01440764,0,tench,0,tench,0.372602641582489,True
imagenette,data/imagenette2-320/val/n01440764/n01440764_1302.JPEG,n01440764,0,tench,0,tench,0.41974911093711853,True
imagenette,data/imagenette2-320/val/n01440764/n01440764_13051.JPEG,n01440764,0,tench,0,tench,0.4764985740184784,True
imagenette,data/imagenette2-320/val/n01440764/n01440764_1310.JPEG,n01440764,0,tench,0,tench,0.5095626711845398,True
imagenette,data/imagenette2-320/val/n01440764/n01440764_13122.JPEG,n01440764,0,tench,0,tench,0.34815713763237,True
imagenette,data/imagenette2-320/val/n01440764/n01440764_13161.JPEG,n01440764,0,tench,0,tench,0.4170183539390564,True
imagenette,data/imagenette2-320/val/n01440764/n01440764_13251.JPEG,n01440764,0,tench,0,tench,0.5511208176612854,True
imagenette,data/imagenette2-320/val/n01440764/n01440764_13360.JPEG,n01440764,0,tench,0,tench,0.34662339091300964,True
imagenette,data/imagenette2-320/val/n01440764/n01440764_13452.JPEG,n01440764,0,tench,0,tench,0.5055187940597534,True
imagenette,data/imagenette2-320/val/n01440764/n01440764_13581.JPEG,n01440764,0,tench,0,tench,0.44341108202934265,True
imagenette,data/imagenette2-320/val/n01440764/n01440764_13602.JPEG,n01440764,0,tench,0,tench,0.4307655692100525,True
imagenette,data/imagenette2-320/val/n01440764/n01440764_13702.JPEG,n01440764,0,tench,0,tench,0.4438210427761078,True
imagenette,data/imagenette2-320/val/n01440764/n01440764_13751.JPEG,n01440764,0,tench,0,tench,0.4185454249382019,True
imagenette,data/imagenette2-320/val/n01440764/n01440764_13770.JPEG,n01440764,0,tench,0,tench,0.4320685863494873,True
imagenette,data/imagenette2-320/val/n01440764/n01440764_13801.JPEG,n01440764,0,tench,0,tench,0.3676585555076599,True
imagenette,data/imagenette2-320/val/n01440764/n01440764_13821.JPEG,n01440764,0,tench,0,tench,0.44499996304512024,True
imagenette,data/imagenette2-320/val/n01440764/n01440764_13842.JPEG,n01440764,0,tench,0,tench,0.43559619784355164,True
imagenette,data/imagenette2-320/val/n01440764/n01440764_13860.JPEG,n01440764,0,tench,0,tench,0.39198026061058044,True
imagenette,data/imagenette2-320/val/n01440764/n01440764_141.JPEG,n01440764,0,tench,0,tench,0.40106964111328125,True
imagenette,data/imagenette2-320/val/n01440764/n01440764_14150.JPEG,n01440764,0,tench,0,tench,0.5187243223190308,True
imagenette,data/imagenette2-320/val/n01440764/n01440764_14162.JPEG,n01440764,0,tench,0,tench,0.4083128273487091,True
imagenette,data/imagenette2-320/val/n01440764/n01440764_14172.JPEG,n01440764,0,tench,0,tench,0.5621428489685059,True
imagenette,data/imagenette2-320/val/n01440764/n01440764_14190.JPEG,n01440764,0,tench,389,barracouta,0.1351291835308075,False
imagenette,data/imagenette2-320/val/n01440764/n01440764_14232.JPEG,n01440764,0,tench,0,tench,0.6307216286659241,True
imagenette,data/imagenette2-320/val/n01440764/n01440764_14280.JPEG,n01440764,0,tench,0,tench,0.5092759728431702,True
imagenette,data/imagenette2-320/val/n01440764/n01440764_14310.JPEG,n01440764,0,tench,0,tench,0.48908814787864685,True
imagenette,data/imagenette2-320/val/n01440764/n01440764_14341.JPEG,n01440764,0,tench,0,tench,0.4995419979095459,True
imagenette,data/imagenette2-320/val/n01440764/n01440764_14342.JPEG,n01440764,0,tench,0,tench,0.4091070592403412,True
imagenette,data/imagenette2-320/val/n01440764/n01440764_14402.JPEG,n01440764,0,tench,0,tench,0.5151345729827881,True
imagenette,data/imagenette2-320/val/n01440764/n01440764_14411.JPEG,n01440764,0,tench,0,tench,0.5420297980308533,True
imagenette,data/imagenette2-320/val/n01440764/n01440764_14490.JPEG,n01440764,0,tench,0,tench,0.4688613712787628,True
imagenette,data/imagenette2-320/val/n01440764/n01440764_14530.JPEG,n01440764,0,tench,0,tench,0.5215499401092529,True
imagenette,data/imagenette2-320/val/n01440764/n01440764_14650.JPEG,n01440764,0,tench,0,tench,0.2760012149810791,True
imagenette,data/imagenette2-320/val/n01440764/n01440764_14731.JPEG,n01440764,0,tench,0,tench,0.4051491320133209,True
imagenette,data/imagenette2-320/val/n01440764/n01440764_14771.JPEG,n01440764,0,tench,0,tench,0.4029639661312103,True
imagenette,data/imagenette2-320/val/n01440764/n01440764_14790.JPEG,n01440764,0,tench,0,tench,0.4103582799434662,True
imagenette,data/imagenette2-320/val/n01440764/n01440764_14802.JPEG,n01440764,0,tench,0,tench,0.4004810154438019,True
imagenette,data/imagenette2-320/val/n01440764/n01440764_14891.JPEG,n01440764,0,tench,0,tench,0.645155131816864,True
imagenette,data/imagenette2-320/val/n01440764/n01440764_15071.JPEG,n01440764,0,tench,0,tench,0.513009250164032,True
imagenette,data/imagenette2-320/val/n01440764/n01440764_15081.JPEG,n01440764,0,tench,0,tench,0.5068560838699341,True
imagenette,data/imagenette2-320/val/n01440764/n01440764_1552.JPEG,n01440764,0,tench,0,tench,0.5833316445350647,True
imagenette,data/imagenette2-320/val/n01440764/n01440764_15560.JPEG,n01440764,0,tench,0,tench,0.6029639840126038,True
imagenette,data/imagenette2-320/val/n01440764/n01440764_1561.JPEG,n01440764,0,tench,0,tench,0.4978725016117096,True
imagenette,data/imagenette2-320/val/n01440764/n01440764_16051.JPEG,n01440764,0,tench,0,tench,0.4747742712497711,True
imagenette,data/imagenette2-320/val/n01440764/n01440764_16072.JPEG,n01440764,0,tench,0,tench,0.5231689214706421,True
imagenette,data/imagenette2-320/val/n01440764/n01440764_16090.JPEG,n01440764,0,tench,0,tench,0.48229366540908813,True
imagenette,data/imagenette2-320/val/n01440764/n01440764_16192.JPEG,n01440764,0,tench,0,tench,0.39093777537345886,True
imagenette,data/imagenette2-320/val/n01440764/n01440764_16220.JPEG,n01440764,0,tench,0,tench,0.4685582220554352,True
imagenette,data/imagenette2-320/val/n01440764/n01440764_16982.JPEG,n01440764,0,tench,0,tench,0.4543028771877289,True
imagenette,data/imagenette2-320/val/n01440764/n01440764_17050.JPEG,n01440764,0,tench,0,tench,0.6281709671020508,True
imagenette,data/imagenette2-320/val/n01440764/n01440764_172.JPEG,n01440764,0,tench,0,tench,0.3999253511428833,True
imagenette,data/imagenette2-320/val/n01440764/n01440764_17501.JPEG,n01440764,0,tench,0,tench,0.542304277420044,True
imagenette,data/imagenette2-320/val/n01440764/n01440764_1770.JPEG,n01440764,0,tench,0,tench,0.4484862685203552,True
imagenette,data/imagenette2-320/val/n01440764/n01440764_17782.JPEG,n01440764,0,tench,0,tench,0.36261221766471863,True
imagenette,data/imagenette2-320/val/n01440764/n01440764_17921.JPEG,n01440764,0,tench,0,tench,0.5635021328926086,True
imagenette,data/imagenette2-320/val/n01440764/n01440764_18220.JPEG,n01440764,0,tench,0,tench,0.30740609765052795,True
imagenette,data/imagenette2-320/val/n01440764/n01440764_18592.JPEG,n01440764,0,tench,0,tench,0.48173630237579346,True
imagenette,data/imagenette2-320/val/n01440764/n01440764_190.JPEG,n01440764,0,tench,0,tench,0.5817323327064514,True
imagenette,data/imagenette2-320/val/n01440764/n01440764_192.JPEG,n01440764,0,tench,0,tench,0.5189574360847473,True
imagenette,data/imagenette2-320/val/n01440764/n01440764_19302.JPEG,n01440764,0,tench,0,tench,0.43558818101882935,True
imagenette,data/imagenette2-320/val/n01440764/n01440764_1951.JPEG,n01440764,0,tench,0,tench,0.44006869196891785,True
imagenette,data/imagenette2-320/val/n01440764/n01440764_19661.JPEG,n01440764,0,tench,0,tench,0.542862594127655,True
imagenette,data/imagenette2-320/val/n01440764/n01440764_1980.JPEG,n01440764,0,tench,0,tench,0.399623304605484,True
imagenette,data/imagenette2-320/val/n01440764/n01440764_200.JPEG,n01440764,0,tench,0,tench,0.5218188762664795,True
imagenette,data/imagenette2-320/val/n01440764/n01440764_2001.JPEG,n01440764,0,tench,0,tench,0.5819802284240723,True
imagenette,data/imagenette2-320/val/n01440764/n01440764_2002.JPEG,n01440764,0,tench,0,tench,0.5879988074302673,True
imagenette,data/imagenette2-320/val/n01440764/n01440764_20451.JPEG,n01440764,0,tench,0,tench,0.3593200445175171,True
imagenette,data/imagenette2-320/val/n01440764/n01440764_20592.JPEG,n01440764,0,tench,0,tench,0.2454974353313446,True
imagenette,data/imagenette2-320/val/n01440764/n01440764_20650.JPEG,n01440764,0,tench,0,tench,0.528627872467041,True
imagenette,data/imagenette2-320/val/n01440764/n01440764_20922.JPEG,n01440764,0,tench,0,tench,0.42080602049827576,True
imagenette,data/imagenette2-320/val/n01440764/n01440764_2102.JPEG,n01440764,0,tench,0,tench,0.44519561529159546,True
imagenette,data/imagenette2-320/val/n01440764/n01440764_21052.JPEG,n01440764,0,tench,0,tench,0.3749672472476959,True
imagenette,data/imagenette2-320/val/n01440764/n01440764_21161.JPEG,n01440764,0,tench,0,tench,0.3975405693054199,True
imagenette,data/imagenette2-320/val/n01440764/n01440764_21191.JPEG,n01440764,0,tench,0,tench,0.39975666999816895,True
imagenette,data/imagenette2-320/val/n01440764/n01440764_2121.JPEG,n01440764,0,tench,0,tench,0.5008556246757507,True
imagenette,data/imagenette2-320/val/n01440764/n01440764_2162.JPEG,n01440764,0,tench,0,tench,0.6232655644416809,True
imagenette,data/imagenette2-320/val/n01440764/n01440764_21790.JPEG,n01440764,0,tench,0,tench,0.5071578621864319,True
imagenette,data/imagenette2-320/val/n01440764/n01440764_2221.JPEG,n01440764,0,tench,0,tench,0.4431382417678833,True
imagenette,data/imagenette2-320/val/n01440764/n01440764_2271.JPEG,n01440764,0,tench,0,tench,0.48132017254829407,True
imagenette,data/imagenette2-320/val/n01440764/n01440764_2290.JPEG,n01440764,0,tench,0,tench,0.5021480917930603,True
imagenette,data/imagenette2-320/val/n01440764/n01440764_23111.JPEG,n01440764,0,tench,0,tench,0.6524194478988647,True
imagenette,data/imagenette2-320/val/n01440764/n01440764_24502.JPEG,n01440764,0,tench,0,tench,0.5428545475006104,True
imagenette,data/imagenette2-320/val/n01440764/n01440764_2490.JPEG,n01440764,0,tench,0,tench,0.5568262934684753,True
imagenette,data/imagenette2-320/val/n01440764/n01440764_25090.JPEG,n01440764,0,tench,0,tench,0.44538792967796326,True
imagenette,data/imagenette2-320/val/n01440764/n01440764_25361.JPEG,n01440764,0,tench,0,tench,0.5702626705169678,True
imagenette,data/imagenette2-320/val/n01440764/n01440764_25370.JPEG,n01440764,0,tench,0,tench,0.46512171626091003,True
imagenette,data/imagenette2-320/val/n01440764/n01440764_261.JPEG,n01440764,0,tench,0,tench,0.551401674747467,True
imagenette,data/imagenette2-320/val/n01440764/n01440764_26320.JPEG,n01440764,0,tench,0,tench,0.5372405052185059,True
imagenette,data/imagenette2-320/val/n01440764/n01440764_26541.JPEG,n01440764,0,tench,0,tench,0.49448564648628235,True
imagenette,data/imagenette2-320/val/n01440764/n01440764_26631.JPEG,n01440764,0,tench,0,tench,0.507412850856781,True
imagenette,data/imagenette2-320/val/n01440764/n01440764_26892.JPEG,n01440764,0,tench,0,tench,0.4945046007633209,True
imagenette,data/imagenette2-320/val/n01440764/n01440764_2690.JPEG,n01440764,0,tench,0,tench,0.4803827702999115,True
imagenette,data/imagenette2-320/val/n01440764/n01440764_27042.JPEG,n01440764,0,tench,0,tench,0.5293452143669128,True
imagenette,data/imagenette2-320/val/n01440764/n01440764_2742.JPEG,n01440764,0,tench,0,tench,0.655842125415802,True
imagenette,data/imagenette2-320/val/n01440764/n01440764_27422.JPEG,n01440764,0,tench,0,tench,0.4897040128707886,True
imagenette,data/imagenette2-320/val/n01440764/n01440764_27451.JPEG,n01440764,0,tench,0,tench,0.4489227831363678,True
imagenette,data/imagenette2-320/val/n01440764/n01440764_2751.JPEG,n01440764,0,tench,0,tench,0.5849480032920837,True
imagenette,data/imagenette2-320/val/n01440764/n01440764_27530.JPEG,n01440764,0,tench,389,barracouta,0.22282907366752625,False
imagenette,data/imagenette2-320/val/n01440764/n01440764_27811.JPEG,n01440764,0,tench,0,tench,0.15164481103420258,True
imagenette,data/imagenette2-320/val/n01440764/n01440764_292.JPEG,n01440764,0,tench,0,tench,0.3216782212257385,True
imagenette,data/imagenette2-320/val/n01440764/n01440764_2920.JPEG,n01440764,0,tench,0,tench,0.5288950800895691,True
imagenette,data/imagenette2-320/val/n01440764/n01440764_2921.JPEG,n01440764,0,tench,0,tench,0.5098526477813721,True
imagenette,data/imagenette2-320/val/n01440764/n01440764_29551.JPEG,n01440764,0,tench,0,tench,0.5134418606758118,True
imagenette,data/imagenette2-320/val/n01440764/n01440764_29670.JPEG,n01440764,0,tench,0,tench,0.6787575483322144,True
imagenette,data/imagenette2-320/val/n01440764/n01440764_29681.JPEG,n01440764,0,tench,0,tench,0.2236069142818451,True
imagenette,data/imagenette2-320/val/n01440764/n01440764_29712.JPEG,n01440764,0,tench,0,tench,0.5408651232719421,True
imagenette,data/imagenette2-320/val/n01440764/n01440764_29731.JPEG,n01440764,0,tench,0,tench,0.5814752578735352,True
imagenette,data/imagenette2-320/val/n01440764/n01440764_3011.JPEG,n01440764,0,tench,0,tench,0.5840339660644531,True
imagenette,data/imagenette2-320/val/n01440764/n01440764_30331.JPEG,n01440764,0,tench,0,tench,0.5030394196510315,True
imagenette,data/imagenette2-320/val/n01440764/n01440764_3070.JPEG,n01440764,0,tench,0,tench,0.6551156640052795,True
imagenette,data/imagenette2-320/val/n01440764/n01440764_30782.JPEG,n01440764,0,tench,0,tench,0.44083482027053833,True
imagenette,data/imagenette2-320/val/n01440764/n01440764_31170.JPEG,n01440764,0,tench,0,tench,0.448613703250885,True
imagenette,data/imagenette2-320/val/n01440764/n01440764_3151.JPEG,n01440764,0,tench,0,tench,0.5176211595535278,True
imagenette,data/imagenette2-320/val/n01440764/n01440764_3172.JPEG,n01440764,0,tench,0,tench,0.4866625964641571,True
imagenette,data/imagenette2-320/val/n01440764/n01440764_320.JPEG,n01440764,0,tench,0,tench,0.42706790566444397,True
imagenette,data/imagenette2-320/val/n01440764/n01440764_3202.JPEG,n01440764,0,tench,0,tench,0.5779294967651367,True
imagenette,data/imagenette2-320/val/n01440764/n01440764_32420.JPEG,n01440764,0,tench,0,tench,0.5650687217712402,True
imagenette,data/imagenette2-320/val/n01440764/n01440764_3251.JPEG,n01440764,0,tench,0,tench,0.3032912015914917,True
imagenette,data/imagenette2-320/val/n01440764/n01440764_3271.JPEG,n01440764,0,tench,0,tench,0.4350438117980957,True
imagenette,data/imagenette2-320/val/n01440764/n01440764_3281.JPEG,n01440764,0,tench,0,tench,0.5382733345031738,True
imagenette,data/imagenette2-320/val/n01440764/n01440764_341.JPEG,n01440764,0,tench,0,tench,0.6109220385551453,True
imagenette,data/imagenette2-320/val/n01440764/n01440764_3421.JPEG,n01440764,0,tench,0,tench,0.3225020170211792,True
imagenette,data/imagenette2-320/val/n01440764/n01440764_3432.JPEG,n01440764,0,tench,0,tench,0.5132918357849121,True
imagenette,data/imagenette2-320/val/n01440764/n01440764_3560.JPEG,n01440764,0,tench,0,tench,0.48570409417152405,True
imagenette,data/imagenette2-320/val/n01440764/n01440764_3712.JPEG,n01440764,0,tench,0,tench,0.40593430399894714,True
imagenette,data/imagenette2-320/val/n01440764/n01440764_3760.JPEG,n01440764,0,tench,0,tench,0.6456241011619568,True
imagenette,data/imagenette2-320/val/n01440764/n01440764_3761.JPEG,n01440764,0,tench,0,tench,0.6112984418869019,True
imagenette,data/imagenette2-320/val/n01440764/n01440764_3781.JPEG,n01440764,0,tench,0,tench,0.39763087034225464,True
imagenette,data/imagenette2-320/val/n01440764/n01440764_3782.JPEG,n01440764,0,tench,0,tench,0.5524948835372925,True
imagenette,data/imagenette2-320/val/n01440764/n01440764_421.JPEG,n01440764,0,tench,0,tench,0.5851240754127502,True
imagenette,data/imagenette2-320/val/n01440764/n01440764_4221.JPEG,n01440764,0,tench,0,tench,0.18309791386127472,True
imagenette,data/imagenette2-320/val/n01440764/n01440764_4260.JPEG,n01440764,0,tench,0,tench,0.5363128185272217,True
imagenette,data/imagenette2-320/val/n01440764/n01440764_4341.JPEG,n01440764,0,tench,0,tench,0.5458067655563354,True
imagenette,data/imagenette2-320/val/n01440764/n01440764_4360.JPEG,n01440764,0,tench,0,tench,0.49053966999053955,True
imagenette,data/imagenette2-320/val/n01440764/n01440764_4490.JPEG,n01440764,0,tench,0,tench,0.44530540704727173,True
imagenette,data/imagenette2-320/val/n01440764/n01440764_451.JPEG,n01440764,0,tench,0,tench,0.6106401681900024,True
imagenette,data/imagenette2-320/val/n01440764/n01440764_4510.JPEG,n01440764,0,tench,0,tench,0.5198668241500854,True
imagenette,data/imagenette2-320/val/n01440764/n01440764_4512.JPEG,n01440764,0,tench,0,tench,0.40944162011146545,True
imagenette,data/imagenette2-320/val/n01440764/n01440764_4540.JPEG,n01440764,0,tench,0,tench,0.372301310300827,True
imagenette,data/imagenette2-320/val/n01440764/n01440764_4562.JPEG,n01440764,0,tench,0,tench,0.5046331882476807,True
imagenette,data/imagenette2-320/val/n01440764/n01440764_4611.JPEG,n01440764,0,tench,0,tench,0.522337794303894,True
imagenette,data/imagenette2-320/val/n01440764/n01440764_4681.JPEG,n01440764,0,tench,0,tench,0.488593727350235,True
imagenette,data/imagenette2-320/val/n01440764/n01440764_4852.JPEG,n01440764,0,tench,0,tench,0.5550317168235779,True
imagenette,data/imagenette2-320/val/n01440764/n01440764_490.JPEG,n01440764,0,tench,0,tench,0.4187055826187134,True
imagenette,data/imagenette2-320/val/n01440764/n01440764_4942.JPEG,n01440764,0,tench,0,tench,0.3731241822242737,True
imagenette,data/imagenette2-320/val/n01440764/n01440764_4962.JPEG,n01440764,0,tench,58,water snake,0.40531930327415466,False
imagenette,data/imagenette2-320/val/n01440764/n01440764_4980.JPEG,n01440764,0,tench,0,tench,0.46942758560180664,True
imagenette,data/imagenette2-320/val/n01440764/n01440764_5081.JPEG,n01440764,0,tench,0,tench,0.37449803948402405,True
imagenette,data/imagenette2-320/val/n01440764/n01440764_5091.JPEG,n01440764,0,tench,0,tench,0.4269575774669647,True
imagenette,data/imagenette2-320/val/n01440764/n01440764_5112.JPEG,n01440764,0,tench,0,tench,0.6196686625480652,True
imagenette,data/imagenette2-320/val/n01440764/n01440764_522.JPEG,n01440764,0,tench,0,tench,0.33841365575790405,True
imagenette,data/imagenette2-320/val/n01440764/n01440764_5232.JPEG,n01440764,0,tench,0,tench,0.622463047504425,True
imagenette,data/imagenette2-320/val/n01440764/n01440764_5361.JPEG,n01440764,0,tench,0,tench,0.4485825300216675,True
imagenette,data/imagenette2-320/val/n01440764/n01440764_5410.JPEG,n01440764,0,tench,0,tench,0.4346391558647156,True
imagenette,data/imagenette2-320/val/n01440764/n01440764_5432.JPEG,n01440764,0,tench,0,tench,0.6102035045623779,True
imagenette,data/imagenette2-320/val/n01440764/n01440764_5481.JPEG,n01440764,0,tench,0,tench,0.4808989465236664,True
imagenette,data/imagenette2-320/val/n01440764/n01440764_5490.JPEG,n01440764,0,tench,0,tench,0.5331077575683594,True
imagenette,data/imagenette2-320/val/n01440764/n01440764_5501.JPEG,n01440764,0,tench,0,tench,0.5098193287849426,True
imagenette,data/imagenette2-320/val/n01440764/n01440764_5642.JPEG,n01440764,0,tench,0,tench,0.43491873145103455,True
imagenette,data/imagenette2-320/val/n01440764/n01440764_5680.JPEG,n01440764,0,tench,0,tench,0.5449845790863037,True
imagenette,data/imagenette2-320/val/n01440764/n01440764_5690.JPEG,n01440764,0,tench,390,eel,0.2893288731575012,False
imagenette,data/imagenette2-320/val/n01440764/n01440764_5731.JPEG,n01440764,0,tench,389,barracouta,0.2934323847293854,False
imagenette,data/imagenette2-320/val/n01440764/n01440764_5781.JPEG,n01440764,0,tench,0,tench,0.48266375064849854,True
imagenette,data/imagenette2-320/val/n01440764/n01440764_5802.JPEG,n01440764,0,tench,0,tench,0.4534003436565399,True
imagenette,data/imagenette2-320/val/n01440764/n01440764_5861.JPEG,n01440764,0,tench,0,tench,0.5740014314651489,True
imagenette,data/imagenette2-320/val/n01440764/n01440764_5902.JPEG,n01440764,0,tench,0,tench,0.4061402380466461,True
imagenette,data/imagenette2-320/val/n01440764/n01440764_5911.JPEG,n01440764,0,tench,389,barracouta,0.3004636764526367,False
imagenette,data/imagenette2-320/val/n01440764/n01440764_5941.JPEG,n01440764,0,tench,0,tench,0.4681231677532196,True
imagenette,data/imagenette2-320/val/n01440764/n01440764_5990.JPEG,n01440764,0,tench,0,tench,0.5057072639465332,True
imagenette,data/imagenette2-320/val/n01440764/n01440764_600.JPEG,n01440764,0,tench,0,tench,0.45728087425231934,True
imagenette,data/imagenette2-320/val/n01440764/n01440764_6021.JPEG,n01440764,0,tench,0,tench,0.48236343264579773,True
imagenette,data/imagenette2-320/val/n01440764/n01440764_6052.JPEG,n01440764,0,tench,0,tench,0.5603828430175781,True
imagenette,data/imagenette2-320/val/n01440764/n01440764_6130.JPEG,n01440764,0,tench,0,tench,0.4791105091571808,True
imagenette,data/imagenette2-320/val/n01440764/n01440764_6190.JPEG,n01440764,0,tench,0,tench,0.38451066613197327,True
imagenette,data/imagenette2-320/val/n01440764/n01440764_622.JPEG,n01440764,0,tench,0,tench,0.41310545802116394,True
imagenette,data/imagenette2-320/val/n01440764/n01440764_6301.JPEG,n01440764,0,tench,0,tench,0.46638140082359314,True
imagenette,data/imagenette2-320/val/n01440764/n01440764_6341.JPEG,n01440764,0,tench,0,tench,0.5372810363769531,True
imagenette,data/imagenette2-320/val/n01440764/n01440764_6361.JPEG,n01440764,0,tench,0,tench,0.4787476062774658,True
imagenette,data/imagenette2-320/val/n01440764/n01440764_6380.JPEG,n01440764,0,tench,0,tench,0.3392041325569153,True
imagenette,data/imagenette2-320/val/n01440764/n01440764_6391.JPEG,n01440764,0,tench,0,tench,0.6074764132499695,True
imagenette,data/imagenette2-320/val/n01440764/n01440764_6410.JPEG,n01440764,0,tench,0,tench,0.608869731426239,True
imagenette,data/imagenette2-320/val/n01440764/n01440764_6421.JPEG,n01440764,0,tench,0,tench,0.4468267261981964,True
imagenette,data/imagenette2-320/val/n01440764/n01440764_6432.JPEG,n01440764,0,tench,0,tench,0.5664798021316528,True
imagenette,data/imagenette2-320/val/n01440764/n01440764_6471.JPEG,n01440764,0,tench,0,tench,0.42929261922836304,True
imagenette,data/imagenette2-320/val/n01440764/n01440764_650.JPEG,n01440764,0,tench,0,tench,0.513243556022644,True
imagenette,data/imagenette2-320/val/n01440764/n01440764_6500.JPEG,n01440764,0,tench,0,tench,0.4015728533267975,True
imagenette,data/imagenette2-320/val/n01440764/n01440764_6501.JPEG,n01440764,0,tench,0,tench,0.2741160988807678,True
imagenette,data/imagenette2-320/val/n01440764/n01440764_6550.JPEG,n01440764,0,tench,0,tench,0.3711334466934204,True
imagenette,data/imagenette2-320/val/n01440764/n01440764_6570.JPEG,n01440764,0,tench,0,tench,0.6076980829238892,True
imagenette,data/imagenette2-320/val/n01440764/n01440764_6572.JPEG,n01440764,0,tench,0,tench,0.5650982856750488,True
imagenette,data/imagenette2-320/val/n01440764/n01440764_6641.JPEG,n01440764,0,tench,0,tench,0.45544543862342834,True
imagenette,data/imagenette2-320/val/n01440764/n01440764_6642.JPEG,n01440764,0,tench,0,tench,0.4843860864639282,True
imagenette,data/imagenette2-320/val/n01440764/n01440764_6672.JPEG,n01440764,0,tench,0,tench,0.5705586075782776,True
imagenette,data/imagenette2-320/val/n01440764/n01440764_6751.JPEG,n01440764,0,tench,0,tench,0.5293318629264832,True
imagenette,data/imagenette2-320/val/n01440764/n01440764_6760.JPEG,n01440764,0,tench,0,tench,0.3832400441169739,True
imagenette,data/imagenette2-320/val/n01440764/n01440764_6812.JPEG,n01440764,0,tench,0,tench,0.5418155193328857,True
imagenette,data/imagenette2-320/val/n01440764/n01440764_6831.JPEG,n01440764,0,tench,0,tench,0.6739266514778137,True
imagenette,data/imagenette2-320/val/n01440764/n01440764_6852.JPEG,n01440764,0,tench,0,tench,0.5010282397270203,True
imagenette,data/imagenette2-320/val/n01440764/n01440764_6870.JPEG,n01440764,0,tench,0,tench,0.5391508936882019,True
imagenette,data/imagenette2-320/val/n01440764/n01440764_6962.JPEG,n01440764,0,tench,0,tench,0.39584580063819885,True
imagenette,data/imagenette2-320/val/n01440764/n01440764_6990.JPEG,n01440764,0,tench,0,tench,0.49490347504615784,True
imagenette,data/imagenette2-320/val/n01440764/n01440764_7030.JPEG,n01440764,0,tench,0,tench,0.5107862949371338,True
imagenette,data/imagenette2-320/val/n01440764/n01440764_7040.JPEG,n01440764,0,tench,0,tench,0.45716384053230286,True
imagenette,data/imagenette2-320/val/n01440764/n01440764_710.JPEG,n01440764,0,tench,0,tench,0.47989535331726074,True
imagenette,data/imagenette2-320/val/n01440764/n01440764_7131.JPEG,n01440764,0,tench,0,tench,0.6970851421356201,True
imagenette,data/imagenette2-320/val/n01440764/n01440764_7142.JPEG,n01440764,0,tench,0,tench,0.47787901759147644,True
imagenette,data/imagenette2-320/val/n01440764/n01440764_7160.JPEG,n01440764,0,tench,0,tench,0.38701727986335754,True
imagenette,data/imagenette2-320/val/n01440764/n01440764_7210.JPEG,n01440764,0,tench,0,tench,0.47746187448501587,True
imagenette,data/imagenette2-320/val/n01440764/n01440764_7230.JPEG,n01440764,0,tench,0,tench,0.5334285497665405,True
imagenette,data/imagenette2-320/val/n01440764/n01440764_7272.JPEG,n01440764,0,tench,0,tench,0.6012911796569824,True
imagenette,data/imagenette2-320/val/n01440764/n01440764_7302.JPEG,n01440764,0,tench,0,tench,0.5609421133995056,True
imagenette,data/imagenette2-320/val/n01440764/n01440764_7362.JPEG,n01440764,0,tench,0,tench,0.44533678889274597,True
imagenette,data/imagenette2-320/val/n01440764/n01440764_7411.JPEG,n01440764,0,tench,0,tench,0.4743836224079132,True
imagenette,data/imagenette2-320/val/n01440764/n01440764_7462.JPEG,n01440764,0,tench,0,tench,0.5918023586273193,True
imagenette,data/imagenette2-320/val/n01440764/n01440764_7492.JPEG,n01440764,0,tench,389,barracouta,0.30373045802116394,False
imagenette,data/imagenette2-320/val/n01440764/n01440764_7501.JPEG,n01440764,0,tench,0,tench,0.5137354135513306,True
imagenette,data/imagenette2-320/val/n01440764/n01440764_752.JPEG,n01440764,0,tench,0,tench,0.5487781763076782,True
imagenette,data/imagenette2-320/val/n01440764/n01440764_7521.JPEG,n01440764,0,tench,0,tench,0.549942672252655,True
imagenette,data/imagenette2-320/val/n01440764/n01440764_7531.JPEG,n01440764,0,tench,0,tench,0.46015286445617676,True
imagenette,data/imagenette2-320/val/n01440764/n01440764_7562.JPEG,n01440764,0,tench,389,barracouta,0.5938133001327515,False
imagenette,data/imagenette2-320/val/n01440764/n01440764_7571.JPEG,n01440764,0,tench,0,tench,0.5132046937942505,True
imagenette,data/imagenette2-320/val/n01440764/n01440764_7591.JPEG,n01440764,0,tench,0,tench,0.5403054356575012,True
imagenette,data/imagenette2-320/val/n01440764/n01440764_7610.JPEG,n01440764,0,tench,0,tench,0.35031160712242126,True
imagenette,data/imagenette2-320/val/n01440764/n01440764_762.JPEG,n01440764,0,tench,0,tench,0.4529951214790344,True
imagenette,data/imagenette2-320/val/n01440764/n01440764_7632.JPEG,n01440764,0,tench,0,tench,0.45913445949554443,True
imagenette,data/imagenette2-320/val/n01440764/n01440764_7671.JPEG,n01440764,0,tench,0,tench,0.4042295217514038,True
imagenette,data/imagenette2-320/val/n01440764/n01440764_7701.JPEG,n01440764,0,tench,0,tench,0.3853352665901184,True
imagenette,data/imagenette2-320/val/n01440764/n01440764_7752.JPEG,n01440764,0,tench,0,tench,0.601385772228241,True
imagenette,data/imagenette2-320/val/n01440764/n01440764_7772.JPEG,n01440764,0,tench,0,tench,0.616607129573822,True
imagenette,data/imagenette2-320/val/n01440764/n01440764_7792.JPEG,n01440764,0,tench,0,tench,0.49815845489501953,True
imagenette,data/imagenette2-320/val/n01440764/n01440764_7820.JPEG,n01440764,0,tench,0,tench,0.5643894672393799,True
imagenette,data/imagenette2-320/val/n01440764/n01440764_7922.JPEG,n01440764,0,tench,0,tench,0.5051688551902771,True
imagenette,data/imagenette2-320/val/n01440764/n01440764_7950.JPEG,n01440764,0,tench,0,tench,0.547652006149292,True
imagenette,data/imagenette2-320/val/n01440764/n01440764_7982.JPEG,n01440764,0,tench,0,tench,0.5018129944801331,True
imagenette,data/imagenette2-320/val/n01440764/n01440764_8012.JPEG,n01440764,0,tench,0,tench,0.4906996190547943,True
imagenette,data/imagenette2-320/val/n01440764/n01440764_8030.JPEG,n01440764,0,tench,0,tench,0.5261650085449219,True
imagenette,data/imagenette2-320/val/n01440764/n01440764_8052.JPEG,n01440764,0,tench,0,tench,0.462279349565506,True
imagenette,data/imagenette2-320/val/n01440764/n01440764_8082.JPEG,n01440764,0,tench,0,tench,0.4771214425563812,True
imagenette,data/imagenette2-320/val/n01440764/n01440764_8112.JPEG,n01440764,0,tench,0,tench,0.4020808935165405,True
imagenette,data/imagenette2-320/val/n01440764/n01440764_8142.JPEG,n01440764,0,tench,0,tench,0.521345853805542,True
imagenette,data/imagenette2-320/val/n01440764/n01440764_8150.JPEG,n01440764,0,tench,0,tench,0.5738887190818787,True
imagenette,data/imagenette2-320/val/n01440764/n01440764_8160.JPEG,n01440764,0,tench,0,tench,0.48934829235076904,True
imagenette,data/imagenette2-320/val/n01440764/n01440764_8191.JPEG,n01440764,0,tench,0,tench,0.6030771732330322,True
imagenette,data/imagenette2-320/val/n01440764/n01440764_8210.JPEG,n01440764,0,tench,0,tench,0.486419677734375,True
imagenette,data/imagenette2-320/val/n01440764/n01440764_8221.JPEG,n01440764,0,tench,0,tench,0.42063096165657043,True
imagenette,data/imagenette2-320/val/n01440764/n01440764_8240.JPEG,n01440764,0,tench,0,tench,0.44009852409362793,True
imagenette,data/imagenette2-320/val/n01440764/n01440764_8250.JPEG,n01440764,0,tench,0,tench,0.3599943518638611,True
imagenette,data/imagenette2-320/val/n01440764/n01440764_8260.JPEG,n01440764,0,tench,0,tench,0.5269917249679565,True
imagenette,data/imagenette2-320/val/n01440764/n01440764_8302.JPEG,n01440764,0,tench,0,tench,0.5055690407752991,True
imagenette,data/imagenette2-320/val/n01440764/n01440764_8311.JPEG,n01440764,0,tench,1,goldfish,0.21309010684490204,False
imagenette,data/imagenette2-320/val/n01440764/n01440764_8312.JPEG,n01440764,0,tench,0,tench,0.43992915749549866,True
imagenette,data/imagenette2-320/val/n01440764/n01440764_8421.JPEG,n01440764,0,tench,0,tench,0.6287844777107239,True
imagenette,data/imagenette2-320/val/n01440764/n01440764_8442.JPEG,n01440764,0,tench,0,tench,0.4341942071914673,True
imagenette,data/imagenette2-320/val/n01440764/n01440764_8451.JPEG,n01440764,0,tench,0,tench,0.55511873960495,True
imagenette,data/imagenette2-320/val/n01440764/n01440764_8521.JPEG,n01440764,0,tench,0,tench,0.5665135979652405,True
imagenette,data/imagenette2-320/val/n01440764/n01440764_8531.JPEG,n01440764,0,tench,0,tench,0.6174562573432922,True
imagenette,data/imagenette2-320/val/n01440764/n01440764_8572.JPEG,n01440764,0,tench,0,tench,0.5611846446990967,True
imagenette,data/imagenette2-320/val/n01440764/n01440764_8580.JPEG,n01440764,0,tench,0,tench,0.3456195890903473,True
imagenette,data/imagenette2-320/val/n01440764/n01440764_8600.JPEG,n01440764,0,tench,0,tench,0.5262485146522522,True
imagenette,data/imagenette2-320/val/n01440764/n01440764_8601.JPEG,n01440764,0,tench,0,tench,0.44636908173561096,True
imagenette,data/imagenette2-320/val/n01440764/n01440764_8610.JPEG,n01440764,0,tench,0,tench,0.5092973709106445,True
imagenette,data/imagenette2-320/val/n01440764/n01440764_8611.JPEG,n01440764,0,tench,0,tench,0.4877825379371643,True
imagenette,data/imagenette2-320/val/n01440764/n01440764_8622.JPEG,n01440764,0,tench,0,tench,0.27861765027046204,True
imagenette,data/imagenette2-320/val/n01440764/n01440764_8710.JPEG,n01440764,0,tench,0,tench,0.5646969079971313,True
imagenette,data/imagenette2-320/val/n01440764/n01440764_8771.JPEG,n01440764,0,tench,0,tench,0.37849000096321106,True
imagenette,data/imagenette2-320/val/n01440764/n01440764_8782.JPEG,n01440764,0,tench,0,tench,0.5580478310585022,True
imagenette,data/imagenette2-320/val/n01440764/n01440764_8801.JPEG,n01440764,0,tench,0,tench,0.5787009596824646,True
imagenette,data/imagenette2-320/val/n01440764/n01440764_8852.JPEG,n01440764,0,tench,0,tench,0.6041308045387268,True
imagenette,data/imagenette2-320/val/n01440764/n01440764_8910.JPEG,n01440764,0,tench,0,tench,0.7011416554450989,True
imagenette,data/imagenette2-320/val/n01440764/n01440764_8992.JPEG,n01440764,0,tench,0,tench,0.4280793070793152,True
imagenette,data/imagenette2-320/val/n01440764/n01440764_9020.JPEG,n01440764,0,tench,0,tench,0.4694300591945648,True
imagenette,data/imagenette2-320/val/n01440764/n01440764_9031.JPEG,n01440764,0,tench,0,tench,0.5469815135002136,True
imagenette,data/imagenette2-320/val/n01440764/n01440764_9091.JPEG,n01440764,0,tench,0,tench,0.56707763671875,True
imagenette,data/imagenette2-320/val/n01440764/n01440764_910.JPEG,n01440764,0,tench,0,tench,0.4538193941116333,True
imagenette,data/imagenette2-320/val/n01440764/n01440764_9152.JPEG,n01440764,0,tench,0,tench,0.6073291301727295,True
imagenette,data/imagenette2-320/val/n01440764/n01440764_9191.JPEG,n01440764,0,tench,0,tench,0.47467589378356934,True
imagenette,data/imagenette2-320/val/n01440764/n01440764_921.JPEG,n01440764,0,tench,0,tench,0.5020286440849304,True
imagenette,data/imagenette2-320/val/n01440764/n01440764_9212.JPEG,n01440764,0,tench,0,tench,0.5661062002182007,True
imagenette,data/imagenette2-320/val/n01440764/n01440764_9292.JPEG,n01440764,0,tench,0,tench,0.2662818133831024,True
imagenette,data/imagenette2-320/val/n01440764/n01440764_9390.JPEG,n01440764,0,tench,389,barracouta,0.3265323340892792,False
imagenette,data/imagenette2-320/val/n01440764/n01440764_9442.JPEG,n01440764,0,tench,0,tench,0.4107445776462555,True
imagenette,data/imagenette2-320/val/n01440764/n01440764_9471.JPEG,n01440764,0,tench,0,tench,0.5331302881240845,True
imagenette,data/imagenette2-320/val/n01440764/n01440764_9491.JPEG,n01440764,0,tench,0,tench,0.41312044858932495,True
imagenette,data/imagenette2-320/val/n01440764/n01440764_9572.JPEG,n01440764,0,tench,0,tench,0.4193127751350403,True
imagenette,data/imagenette2-320/val/n01440764/n01440764_9621.JPEG,n01440764,0,tench,0,tench,0.3343096077442169,True
imagenette,data/imagenette2-320/val/n01440764/n01440764_9642.JPEG,n01440764,0,tench,0,tench,0.29910513758659363,True
imagenette,data/imagenette2-320/val/n01440764/n01440764_9720.JPEG,n01440764,0,tench,0,tench,0.5184320211410522,True
imagenette,data/imagenette2-320/val/n01440764/n01440764_9772.JPEG,n01440764,0,tench,389,barracouta,0.366556316614151,False
imagenette,data/imagenette2-320/val/n01440764/n01440764_9780.JPEG,n01440764,0,tench,0,tench,0.44126981496810913,True
imagenette,data/imagenette2-320/val/n01440764/n01440764_9811.JPEG,n01440764,0,tench,0,tench,0.5321817398071289,True
imagenette,data/imagenette2-320/val/n01440764/n01440764_9861.JPEG,n01440764,0,tench,0,tench,0.5519036650657654,True
imagenette,data/imagenette2-320/val/n01440764/n01440764_9890.JPEG,n01440764,0,tench,0,tench,0.6462866067886353,True
imagenette,data/imagenette2-320/val/n01440764/n01440764_9931.JPEG,n01440764,0,tench,0,tench,0.452202171087265,True
imagenette,data/imagenette2-320/val/n01440764/n01440764_9940.JPEG,n01440764,0,tench,0,tench,0.43281203508377075,True
imagenette,data/imagenette2-320/val/n01440764/n01440764_9962.JPEG,n01440764,0,tench,0,tench,0.45877769589424133,True
imagenette,data/imagenette2-320/val/n01440764/n01440764_9981.JPEG,n01440764,0,tench,0,tench,0.635283887386322,True
imagenette,data/imagenette2-320/val/n02102040/ILSVRC2012_val_00004650.JPEG,n02102040,217,English springer,217,English springer,0.5424761176109314,True
imagenette,data/imagenette2-320/val/n02102040/ILSVRC2012_val_00007032.JPEG,n02102040,217,English springer,217,English springer,0.4766941964626312,True
imagenette,data/imagenette2-320/val/n02102040/ILSVRC2012_val_00008162.JPEG,n02102040,217,English springer,217,English springer,0.37251874804496765,True
imagenette,data/imagenette2-320/val/n02102040/ILSVRC2012_val_00014280.JPEG,n02102040,217,English springer,217,English springer,0.39116621017456055,True
imagenette,data/imagenette2-320/val/n02102040/ILSVRC2012_val_00016582.JPEG,n02102040,217,English springer,217,English springer,0.2701703608036041,True
imagenette,data/imagenette2-320/val/n02102040/ILSVRC2012_val_00017370.JPEG,n02102040,217,English springer,217,English springer,0.5609753131866455,True
imagenette,data/imagenette2-320/val/n02102040/ILSVRC2012_val_00022412.JPEG,n02102040,217,English springer,217,English springer,0.3697488605976105,True
imagenette,data/imagenette2-320/val/n02102040/ILSVRC2012_val_00023242.JPEG,n02102040,217,English springer,217,English springer,0.25822582840919495,True
imagenette,data/imagenette2-320/val/n02102040/ILSVRC2012_val_00023440.JPEG,n02102040,217,English springer,217,English springer,0.1346144825220108,True
imagenette,data/imagenette2-320/val/n02102040/ILSVRC2012_val_00025442.JPEG,n02102040,217,English springer,217,English springer,0.39016422629356384,True
imagenette,data/imagenette2-320/val/n02102040/ILSVRC2012_val_00026521.JPEG,n02102040,217,English springer,246,Great Dane,0.3322451412677765,False
imagenette,data/imagenette2-320/val/n02102040/ILSVRC2012_val_00027182.JPEG,n02102040,217,English springer,217,English springer,0.31157228350639343,True
imagenette,data/imagenette2-320/val/n02102040/ILSVRC2012_val_00036282.JPEG,n02102040,217,English springer,217,English springer,0.4692152142524719,True
imagenette,data/imagenette2-320/val/n02102040/ILSVRC2012_val_00037182.JPEG,n02102040,217,English springer,217,English springer,0.39394351840019226,True
imagenette,data/imagenette2-320/val/n02102040/ILSVRC2012_val_00040140.JPEG,n02102040,217,English springer,217,English springer,0.32263273000717163,True
imagenette,data/imagenette2-320/val/n02102040/n02102040_1011.JPEG,n02102040,217,English springer,217,English springer,0.2914404571056366,True
imagenette,data/imagenette2-320/val/n02102040/n02102040_1022.JPEG,n02102040,217,English springer,217,English springer,0.39922380447387695,True
imagenette,data/imagenette2-320/val/n02102040/n02102040_1030.JPEG,n02102040,217,English springer,217,English springer,0.44972896575927734,True
imagenette,data/imagenette2-320/val/n02102040/n02102040_1081.JPEG,n02102040,217,English springer,797,sleeping bag,0.0758039578795433,False
imagenette,data/imagenette2-320/val/n02102040/n02102040_1082.JPEG,n02102040,217,English springer,217,English springer,0.3250839412212372,True
imagenette,data/imagenette2-320/val/n02102040/n02102040_1091.JPEG,n02102040,217,English springer,217,English springer,0.25352683663368225,True
imagenette,data/imagenette2-320/val/n02102040/n02102040_1092.JPEG,n02102040,217,English springer,217,English springer,0.4255724847316742,True
imagenette,data/imagenette2-320/val/n02102040/n02102040_1100.JPEG,n02102040,217,English springer,217,English springer,0.3262176513671875,True
imagenette,data/imagenette2-320/val/n02102040/n02102040_1102.JPEG,n02102040,217,English springer,217,English springer,0.43385404348373413,True
imagenette,data/imagenette2-320/val/n02102040/n02102040_1110.JPEG,n02102040,217,English springer,217,English springer,0.3823868930339813,True
imagenette,data/imagenette2-320/val/n02102040/n02102040_1112.JPEG,n02102040,217,English springer,217,English springer,0.4943571984767914,True
imagenette,data/imagenette2-320/val/n02102040/n02102040_1121.JPEG,n02102040,217,English springer,218,Welsh springer spaniel,0.2051563262939453,False
imagenette,data/imagenette2-320/val/n02102040/n02102040_1122.JPEG,n02102040,217,English springer,217,English springer,0.29435428977012634,True
imagenette,data/imagenette2-320/val/n02102040/n02102040_1130.JPEG,n02102040,217,English springer,217,English springer,0.25155743956565857,True
imagenette,data/imagenette2-320/val/n02102040/n02102040_1151.JPEG,n02102040,217,English springer,217,English springer,0.2578747868537903,True
imagenette,data/imagenette2-320/val/n02102040/n02102040_1160.JPEG,n02102040,217,English springer,217,English springer,0.32865577936172485,True
imagenette,data/imagenette2-320/val/n02102040/n02102040_1172.JPEG,n02102040,217,English springer,219,cocker spaniel,0.15185505151748657,False
imagenette,data/imagenette2-320/val/n02102040/n02102040_1181.JPEG,n02102040,217,English springer,217,English springer,0.3842117488384247,True
imagenette,data/imagenette2-320/val/n02102040/n02102040_1200.JPEG,n02102040,217,English springer,217,English springer,0.30621588230133057,True
imagenette,data/imagenette2-320/val/n02102040/n02102040_1201.JPEG,n02102040,217,English springer,217,English springer,0.43854770064353943,True
imagenette,data/imagenette2-320/val/n02102040/n02102040_1210.JPEG,n02102040,217,English springer,217,English springer,0.5004202127456665,True
imagenette,data/imagenette2-320/val/n02102040/n02102040_1222.JPEG,n02102040,217,English springer,217,English springer,0.37490764260292053,True
imagenette,data/imagenette2-320/val/n02102040/n02102040_1230.JPEG,n02102040,217,English springer,217,English springer,0.2929072976112366,True
imagenette,data/imagenette2-320/val/n02102040/n02102040_1241.JPEG,n02102040,217,English springer,217,English springer,0.28183698654174805,True
imagenette,data/imagenette2-320/val/n02102040/n02102040_1252.JPEG,n02102040,217,English springer,233,Bouvier des Flandres,0.10468828678131104,False
imagenette,data/imagenette2-320/val/n02102040/n02102040_1260.JPEG,n02102040,217,English springer,267,standard poodle,0.18280074000358582,False
imagenette,data/imagenette2-320/val/n02102040/n02102040_1261.JPEG,n02102040,217,English springer,217,English springer,0.23612776398658752,True
imagenette,data/imagenette2-320/val/n02102040/n02102040_1272.JPEG,n02102040,217,English springer,212,English setter,0.05974823981523514,False
imagenette,data/imagenette2-320/val/n02102040/n02102040_1292.JPEG,n02102040,217,English springer,217,English springer,0.30620238184928894,True
imagenette,data/imagenette2-320/val/n02102040/n02102040_1300.JPEG,n02102040,217,English springer,217,English springer,0.31191423535346985,True
imagenette,data/imagenette2-320/val/n02102040/n02102040_1301.JPEG,n02102040,217,English springer,842,swimming trunks,0.08902906626462936,False
imagenette,data/imagenette2-320/val/n02102040/n02102040_1302.JPEG,n02102040,217,English springer,217,English springer,0.35325536131858826,True
imagenette,data/imagenette2-320/val/n02102040/n02102040_1310.JPEG,n02102040,217,English springer,217,English springer,0.25053393840789795,True
imagenette,data/imagenette2-320/val/n02102040/n02102040_132.JPEG,n02102040,217,English springer,217,English springer,0.09408900886774063,True
imagenette,data/imagenette2-320/val/n02102040/n02102040_142.JPEG,n02102040,217,English springer,217,English springer,0.2056075781583786,True
imagenette,data/imagenette2-320/val/n02102040/n02102040_1430.JPEG,n02102040,217,English springer,217,English springer,0.4893247187137604,True
imagenette,data/imagenette2-320/val/n02102040/n02102040_1442.JPEG,n02102040,217,English springer,217,English springer,0.4198637008666992,True
imagenette,data/imagenette2-320/val/n02102040/n02102040_1450.JPEG,n02102040,217,English springer,217,English springer,0.2757253646850586,True
imagenette,data/imagenette2-320/val/n02102040/n02102040_150.JPEG,n02102040,217,English springer,217,English springer,0.4249713122844696,True
imagenette,data/imagenette2-320/val/n02102040/n02102040_1512.JPEG,n02102040,217,English springer,217,English springer,0.3638843297958374,True
imagenette,data/imagenette2-320/val/n02102040/n02102040_1552.JPEG,n02102040,217,English springer,217,English springer,0.46019604802131653,True
imagenette,data/imagenette2-320/val/n02102040/n02102040_1590.JPEG,n02102040,217,English springer,217,English springer,0.4018087089061737,True
imagenette,data/imagenette2-320/val/n02102040/n02102040_1592.JPEG,n02102040,217,English springer,217,English springer,0.12630334496498108,True
imagenette,data/imagenette2-320/val/n02102040/n02102040_1612.JPEG,n02102040,217,English springer,217,English springer,0.34939029812812805,True
imagenette,data/imagenette2-320/val/n02102040/n02102040_1620.JPEG,n02102040,217,English springer,217,English springer,0.48822200298309326,True
imagenette,data/imagenette2-320/val/n02102040/n02102040_1632.JPEG,n02102040,217,English springer,217,English springer,0.1429351270198822,True
imagenette,data/imagenette2-320/val/n02102040/n02102040_1642.JPEG,n02102040,217,English springer,217,English springer,0.3840655982494354,True
imagenette,data/imagenette2-320/val/n02102040/n02102040_1660.JPEG,n02102040,217,English springer,217,English springer,0.43761715292930603,True
imagenette,data/imagenette2-320/val/n02102040/n02102040_171.JPEG,n02102040,217,English springer,217,English springer,0.3456312417984009,True
imagenette,data/imagenette2-320/val/n02102040/n02102040_1720.JPEG,n02102040,217,English springer,217,English springer,0.3301973342895508,True
imagenette,data/imagenette2-320/val/n02102040/n02102040_1740.JPEG,n02102040,217,English springer,217,English springer,0.24197502434253693,True
imagenette,data/imagenette2-320/val/n02102040/n02102040_1760.JPEG,n02102040,217,English springer,217,English springer,0.4089435040950775,True
imagenette,data/imagenette2-320/val/n02102040/n02102040_1770.JPEG,n02102040,217,English springer,217,English springer,0.40405458211898804,True
imagenette,data/imagenette2-320/val/n02102040/n02102040_1771.JPEG,n02102040,217,English springer,217,English springer,0.4073665738105774,True
imagenette,data/imagenette2-320/val/n02102040/n02102040_1781.JPEG,n02102040,217,English springer,217,English springer,0.30960169434547424,True
imagenette,data/imagenette2-320/val/n02102040/n02102040_1782.JPEG,n02102040,217,English springer,217,English springer,0.20440539717674255,True
imagenette,data/imagenette2-320/val/n02102040/n02102040_1791.JPEG,n02102040,217,English springer,217,English springer,0.3322676420211792,True
imagenette,data/imagenette2-320/val/n02102040/n02102040_182.JPEG,n02102040,217,English springer,217,English springer,0.4343714416027069,True
imagenette,data/imagenette2-320/val/n02102040/n02102040_1822.JPEG,n02102040,217,English springer,217,English springer,0.34095579385757446,True
imagenette,data/imagenette2-320/val/n02102040/n02102040_1830.JPEG,n02102040,217,English springer,217,English springer,0.3428061604499817,True
imagenette,data/imagenette2-320/val/n02102040/n02102040_1840.JPEG,n02102040,217,English springer,217,English springer,0.2758433222770691,True
imagenette,data/imagenette2-320/val/n02102040/n02102040_1841.JPEG,n02102040,217,English springer,217,English springer,0.47736525535583496,True
imagenette,data/imagenette2-320/val/n02102040/n02102040_1842.JPEG,n02102040,217,English springer,217,English springer,0.22242310643196106,True
imagenette,data/imagenette2-320/val/n02102040/n02102040_1870.JPEG,n02102040,217,English springer,217,English springer,0.3050065040588379,True
imagenette,data/imagenette2-320/val/n02102040/n02102040_1910.JPEG,n02102040,217,English springer,217,English springer,0.2779189348220825,True
imagenette,data/imagenette2-320/val/n02102040/n02102040_1961.JPEG,n02102040,217,English springer,217,English springer,0.23482686281204224,True
imagenette,data/imagenette2-320/val/n02102040/n02102040_1980.JPEG,n02102040,217,English springer,217,English springer,0.42931675910949707,True
imagenette,data/imagenette2-320/val/n02102040/n02102040_2000.JPEG,n02102040,217,English springer,217,English springer,0.34125736355781555,True
imagenette,data/imagenette2-320/val/n02102040/n02102040_201.JPEG,n02102040,217,English springer,217,English springer,0.2686418890953064,True
imagenette,data/imagenette2-320/val/n02102040/n02102040_202.JPEG,n02102040,217,English springer,217,English springer,0.3223950266838074,True
imagenette,data/imagenette2-320/val/n02102040/n02102040_2021.JPEG,n02102040,217,English springer,217,English springer,0.46189412474632263,True
imagenette,data/imagenette2-320/val/n02102040/n02102040_2032.JPEG,n02102040,217,English springer,217,English springer,0.3629428446292877,True
imagenette,data/imagenette2-320/val/n02102040/n02102040_2051.JPEG,n02102040,217,English springer,217,English springer,0.17739981412887573,True
imagenette,data/imagenette2-320/val/n02102040/n02102040_2082.JPEG,n02102040,217,English springer,232,Border collie,0.1975742131471634,False
imagenette,data/imagenette2-320/val/n02102040/n02102040_2102.JPEG,n02102040,217,English springer,217,English springer,0.43193718791007996,True
imagenette,data/imagenette2-320/val/n02102040/n02102040_2110.JPEG,n02102040,217,English springer,217,English springer,0.14018547534942627,True
imagenette,data/imagenette2-320/val/n02102040/n02102040_2111.JPEG,n02102040,217,English springer,212,English setter,0.14527390897274017,False
imagenette,data/imagenette2-320/val/n02102040/n02102040_2112.JPEG,n02102040,217,English springer,217,English springer,0.44767269492149353,True
imagenette,data/imagenette2-320/val/n02102040/n02102040_2122.JPEG,n02102040,217,English springer,217,English springer,0.30443820357322693,True
imagenette,data/imagenette2-320/val/n02102040/n02102040_2142.JPEG,n02102040,217,English springer,217,English springer,0.34968024492263794,True
imagenette,data/imagenette2-320/val/n02102040/n02102040_2280.JPEG,n02102040,217,English springer,217,English springer,0.3605678677558899,True
imagenette,data/imagenette2-320/val/n02102040/n02102040_2302.JPEG,n02102040,217,English springer,217,English springer,0.19049477577209473,True
imagenette,data/imagenette2-320/val/n02102040/n02102040_2312.JPEG,n02102040,217,English springer,217,English springer,0.5517436861991882,True
imagenette,data/imagenette2-320/val/n02102040/n02102040_2321.JPEG,n02102040,217,English springer,217,English springer,0.5235683917999268,True
imagenette,data/imagenette2-320/val/n02102040/n02102040_2340.JPEG,n02102040,217,English springer,217,English springer,0.2737216651439667,True
imagenette,data/imagenette2-320/val/n02102040/n02102040_2391.JPEG,n02102040,217,English springer,217,English springer,0.5435972809791565,True
imagenette,data/imagenette2-320/val/n02102040/n02102040_2462.JPEG,n02102040,217,English springer,219,cocker spaniel,0.2721882462501526,False
imagenette,data/imagenette2-320/val/n02102040/n02102040_2470.JPEG,n02102040,217,English springer,217,English springer,0.46786224842071533,True
imagenette,data/imagenette2-320/val/n02102040/n02102040_2480.JPEG,n02102040,217,English springer,217,English springer,0.4300190508365631,True
imagenette,data/imagenette2-320/val/n02102040/n02102040_2481.JPEG,n02102040,217,English springer,217,English springer,0.283662885427475,True
imagenette,data/imagenette2-320/val/n02102040/n02102040_251.JPEG,n02102040,217,English springer,217,English springer,0.4529965817928314,True
imagenette,data/imagenette2-320/val/n02102040/n02102040_2530.JPEG,n02102040,217,English springer,217,English springer,0.3213570713996887,True
imagenette,data/imagenette2-320/val/n02102040/n02102040_2572.JPEG,n02102040,217,English springer,155,Shih-Tzu,0.13189774751663208,False
imagenette,data/imagenette2-320/val/n02102040/n02102040_2641.JPEG,n02102040,217,English springer,217,English springer,0.5274919271469116,True
imagenette,data/imagenette2-320/val/n02102040/n02102040_2652.JPEG,n02102040,217,English springer,217,English springer,0.44978052377700806,True
imagenette,data/imagenette2-320/val/n02102040/n02102040_2700.JPEG,n02102040,217,English springer,217,English springer,0.44775649905204773,True
imagenette,data/imagenette2-320/val/n02102040/n02102040_2702.JPEG,n02102040,217,English springer,217,English springer,0.2069408893585205,True
imagenette,data/imagenette2-320/val/n02102040/n02102040_2730.JPEG,n02102040,217,English springer,217,English springer,0.20922040939331055,True
imagenette,data/imagenette2-320/val/n02102040/n02102040_2750.JPEG,n02102040,217,English springer,212,English setter,0.24729977548122406,False
imagenette,data/imagenette2-320/val/n02102040/n02102040_2762.JPEG,n02102040,217,English springer,217,English springer,0.3960215151309967,True
imagenette,data/imagenette2-320/val/n02102040/n02102040_2790.JPEG,n02102040,217,English springer,217,English springer,0.3461771309375763,True
imagenette,data/imagenette2-320/val/n02102040/n02102040_2792.JPEG,n02102040,217,English springer,217,English springer,0.49740010499954224,True
imagenette,data/imagenette2-320/val/n02102040/n02102040_281.JPEG,n02102040,217,English springer,217,English springer,0.27074167132377625,True
imagenette,data/imagenette2-320/val/n02102040/n02102040_2830.JPEG,n02102040,217,English springer,217,English springer,0.21852214634418488,True
imagenette,data/imagenette2-320/val/n02102040/n02102040_2842.JPEG,n02102040,217,English springer,217,English springer,0.3310233950614929,True
imagenette,data/imagenette2-320/val/n02102040/n02102040_2852.JPEG,n02102040,217,English springer,217,English springer,0.4134252071380615,True
imagenette,data/imagenette2-320/val/n02102040/n02102040_2890.JPEG,n02102040,217,English springer,217,English springer,0.2596963047981262,True
imagenette,data/imagenette2-320/val/n02102040/n02102040_290.JPEG,n02102040,217,English springer,217,English springer,0.38369831442832947,True
imagenette,data/imagenette2-320/val/n02102040/n02102040_2920.JPEG,n02102040,217,English springer,217,English springer,0.4232581853866577,True
imagenette,data/imagenette2-320/val/n02102040/n02102040_2930.JPEG,n02102040,217,English springer,250,Siberian husky,0.06983716040849686,False
imagenette,data/imagenette2-320/val/n02102040/n02102040_2941.JPEG,n02102040,217,English springer,217,English springer,0.4586300551891327,True
imagenette,data/imagenette2-320/val/n02102040/n02102040_2950.JPEG,n02102040,217,English springer,217,English springer,0.4686872363090515,True
imagenette,data/imagenette2-320/val/n02102040/n02102040_2951.JPEG,n02102040,217,English springer,218,Welsh springer spaniel,0.1670369803905487,False
imagenette,data/imagenette2-320/val/n02102040/n02102040_2961.JPEG,n02102040,217,English springer,217,English springer,0.3302461802959442,True
imagenette,data/imagenette2-320/val/n02102040/n02102040_2991.JPEG,n02102040,217,English springer,217,English springer,0.37893104553222656,True
imagenette,data/imagenette2-320/val/n02102040/n02102040_30.JPEG,n02102040,217,English springer,217,English springer,0.42575663328170776,True
imagenette,data/imagenette2-320/val/n02102040/n02102040_3012.JPEG,n02102040,217,English springer,217,English springer,0.33126771450042725,True
imagenette,data/imagenette2-320/val/n02102040/n02102040_3022.JPEG,n02102040,217,English springer,217,English springer,0.5817403793334961,True
imagenette,data/imagenette2-320/val/n02102040/n02102040_3030.JPEG,n02102040,217,English springer,217,English springer,0.2986222505569458,True
imagenette,data/imagenette2-320/val/n02102040/n02102040_3052.JPEG,n02102040,217,English springer,217,English springer,0.3994622826576233,True
imagenette,data/imagenette2-320/val/n02102040/n02102040_3061.JPEG,n02102040,217,English springer,217,English springer,0.6022689938545227,True
imagenette,data/imagenette2-320/val/n02102040/n02102040_3062.JPEG,n02102040,217,English springer,217,English springer,0.48645663261413574,True
imagenette,data/imagenette2-320/val/n02102040/n02102040_3091.JPEG,n02102040,217,English springer,217,English springer,0.23350408673286438,True
imagenette,data/imagenette2-320/val/n02102040/n02102040_3112.JPEG,n02102040,217,English springer,217,English springer,0.4635087251663208,True
imagenette,data/imagenette2-320/val/n02102040/n02102040_312.JPEG,n02102040,217,English springer,217,English springer,0.3551681339740753,True
imagenette,data/imagenette2-320/val/n02102040/n02102040_3141.JPEG,n02102040,217,English springer,217,English springer,0.3729880452156067,True
imagenette,data/imagenette2-320/val/n02102040/n02102040_3160.JPEG,n02102040,217,English springer,217,English springer,0.5520443320274353,True
imagenette,data/imagenette2-320/val/n02102040/n02102040_3161.JPEG,n02102040,217,English springer,217,English springer,0.31373146176338196,True
imagenette,data/imagenette2-320/val/n02102040/n02102040_3162.JPEG,n02102040,217,English springer,217,English springer,0.37496984004974365,True
imagenette,data/imagenette2-320/val/n02102040/n02102040_3180.JPEG,n02102040,217,English springer,217,English springer,0.46770817041397095,True
imagenette,data/imagenette2-320/val/n02102040/n02102040_3190.JPEG,n02102040,217,English springer,217,English springer,0.44612476229667664,True
imagenette,data/imagenette2-320/val/n02102040/n02102040_3201.JPEG,n02102040,217,English springer,217,English springer,0.41051551699638367,True
imagenette,data/imagenette2-320/val/n02102040/n02102040_3212.JPEG,n02102040,217,English springer,217,English springer,0.2365705966949463,True
imagenette,data/imagenette2-320/val/n02102040/n02102040_3221.JPEG,n02102040,217,English springer,217,English springer,0.3721882402896881,True
imagenette,data/imagenette2-320/val/n02102040/n02102040_3260.JPEG,n02102040,217,English springer,217,English springer,0.27237972617149353,True
imagenette,data/imagenette2-320/val/n02102040/n02102040_3290.JPEG,n02102040,217,English springer,217,English springer,0.5329599976539612,True
imagenette,data/imagenette2-320/val/n02102040/n02102040_3300.JPEG,n02102040,217,English springer,217,English springer,0.4182078540325165,True
imagenette,data/imagenette2-320/val/n02102040/n02102040_3311.JPEG,n02102040,217,English springer,217,English springer,0.2264966517686844,True
imagenette,data/imagenette2-320/val/n02102040/n02102040_332.JPEG,n02102040,217,English springer,217,English springer,0.7092781066894531,True
imagenette,data/imagenette2-320/val/n02102040/n02102040_3371.JPEG,n02102040,217,English springer,217,English springer,0.3039214015007019,True
imagenette,data/imagenette2-320/val/n02102040/n02102040_3372.JPEG,n02102040,217,English springer,217,English springer,0.2486284375190735,True
imagenette,data/imagenette2-320/val/n02102040/n02102040_3381.JPEG,n02102040,217,English springer,217,English springer,0.4982262849807739,True
imagenette,data/imagenette2-320/val/n02102040/n02102040_341.JPEG,n02102040,217,English springer,217,English springer,0.6423997282981873,True
imagenette,data/imagenette2-320/val/n02102040/n02102040_3420.JPEG,n02102040,217,English springer,217,English springer,0.3396376073360443,True
imagenette,data/imagenette2-320/val/n02102040/n02102040_3450.JPEG,n02102040,217,English springer,218,Welsh springer spaniel,0.1826734095811844,False
imagenette,data/imagenette2-320/val/n02102040/n02102040_3452.JPEG,n02102040,217,English springer,218,Welsh springer spaniel,0.2828076481819153,False
imagenette,data/imagenette2-320/val/n02102040/n02102040_3462.JPEG,n02102040,217,English springer,217,English springer,0.40121352672576904,True
imagenette,data/imagenette2-320/val/n02102040/n02102040_3472.JPEG,n02102040,217,English springer,217,English springer,0.23932600021362305,True
imagenette,data/imagenette2-320/val/n02102040/n02102040_350.JPEG,n02102040,217,English springer,217,English springer,0.4358111023902893,True
imagenette,data/imagenette2-320/val/n02102040/n02102040_3502.JPEG,n02102040,217,English springer,217,English springer,0.5657923221588135,True
imagenette,data/imagenette2-320/val/n02102040/n02102040_352.JPEG,n02102040,217,English springer,217,English springer,0.34621649980545044,True
imagenette,data/imagenette2-320/val/n02102040/n02102040_3530.JPEG,n02102040,217,English springer,217,English springer,0.4096900522708893,True
imagenette,data/imagenette2-320/val/n02102040/n02102040_3532.JPEG,n02102040,217,English springer,217,English springer,0.47749781608581543,True
imagenette,data/imagenette2-320/val/n02102040/n02102040_3562.JPEG,n02102040,217,English springer,217,English springer,0.23048663139343262,True
imagenette,data/imagenette2-320/val/n02102040/n02102040_3582.JPEG,n02102040,217,English springer,217,English springer,0.3860730826854706,True
imagenette,data/imagenette2-320/val/n02102040/n02102040_3601.JPEG,n02102040,217,English springer,217,English springer,0.23471972346305847,True
imagenette,data/imagenette2-320/val/n02102040/n02102040_3610.JPEG,n02102040,217,English springer,217,English springer,0.17995448410511017,True
imagenette,data/imagenette2-320/val/n02102040/n02102040_362.JPEG,n02102040,217,English springer,217,English springer,0.33742135763168335,True
imagenette,data/imagenette2-320/val/n02102040/n02102040_3621.JPEG,n02102040,217,English springer,217,English springer,0.43434515595436096,True
imagenette,data/imagenette2-320/val/n02102040/n02102040_3640.JPEG,n02102040,217,English springer,215,Brittany spaniel,0.2582920491695404,False
imagenette,data/imagenette2-320/val/n02102040/n02102040_3660.JPEG,n02102040,217,English springer,217,English springer,0.4219520688056946,True
imagenette,data/imagenette2-320/val/n02102040/n02102040_3681.JPEG,n02102040,217,English springer,217,English springer,0.47078463435173035,True
imagenette,data/imagenette2-320/val/n02102040/n02102040_3691.JPEG,n02102040,217,English springer,217,English springer,0.3016689717769623,True
imagenette,data/imagenette2-320/val/n02102040/n02102040_371.JPEG,n02102040,217,English springer,217,English springer,0.4117216169834137,True
imagenette,data/imagenette2-320/val/n02102040/n02102040_372.JPEG,n02102040,217,English springer,217,English springer,0.5414100885391235,True
imagenette,data/imagenette2-320/val/n02102040/n02102040_3792.JPEG,n02102040,217,English springer,217,English springer,0.3246055841445923,True
imagenette,data/imagenette2-320/val/n02102040/n02102040_3891.JPEG,n02102040,217,English springer,217,English springer,0.2874812185764313,True
imagenette,data/imagenette2-320/val/n02102040/n02102040_390.JPEG,n02102040,217,English springer,217,English springer,0.47938233613967896,True
imagenette,data/imagenette2-320/val/n02102040/n02102040_3931.JPEG,n02102040,217,English springer,217,English springer,0.25995784997940063,True
imagenette,data/imagenette2-320/val/n02102040/n02102040_3941.JPEG,n02102040,217,English springer,217,English springer,0.5094006061553955,True
imagenette,data/imagenette2-320/val/n02102040/n02102040_3950.JPEG,n02102040,217,English springer,217,English springer,0.5550366044044495,True
imagenette,data/imagenette2-320/val/n02102040/n02102040_3960.JPEG,n02102040,217,English springer,217,English springer,0.3433137834072113,True
imagenette,data/imagenette2-320/val/n02102040/n02102040_4020.JPEG,n02102040,217,English springer,217,English springer,0.4821542799472809,True
imagenette,data/imagenette2-320/val/n02102040/n02102040_4070.JPEG,n02102040,217,English springer,217,English springer,0.48618894815444946,True
imagenette,data/imagenette2-320/val/n02102040/n02102040_4090.JPEG,n02102040,217,English springer,217,English springer,0.4810228645801544,True
imagenette,data/imagenette2-320/val/n02102040/n02102040_4111.JPEG,n02102040,217,English springer,217,English springer,0.20502227544784546,True
imagenette,data/imagenette2-320/val/n02102040/n02102040_421.JPEG,n02102040,217,English springer,217,English springer,0.1341007649898529,True
imagenette,data/imagenette2-320/val/n02102040/n02102040_4241.JPEG,n02102040,217,English springer,217,English springer,0.37978023290634155,True
imagenette,data/imagenette2-320/val/n02102040/n02102040_4250.JPEG,n02102040,217,English springer,217,English springer,0.41158226132392883,True
imagenette,data/imagenette2-320/val/n02102040/n02102040_4262.JPEG,n02102040,217,English springer,217,English springer,0.27990540862083435,True
imagenette,data/imagenette2-320/val/n02102040/n02102040_4272.JPEG,n02102040,217,English springer,217,English springer,0.34212061762809753,True
imagenette,data/imagenette2-320/val/n02102040/n02102040_430.JPEG,n02102040,217,English springer,217,English springer,0.255816251039505,True
imagenette,data/imagenette2-320/val/n02102040/n02102040_4320.JPEG,n02102040,217,English springer,217,English springer,0.35944923758506775,True
imagenette,data/imagenette2-320/val/n02102040/n02102040_4342.JPEG,n02102040,217,English springer,217,English springer,0.1890961080789566,True
imagenette,data/imagenette2-320/val/n02102040/n02102040_4350.JPEG,n02102040,217,English springer,217,English springer,0.41291189193725586,True
imagenette,data/imagenette2-320/val/n02102040/n02102040_4352.JPEG,n02102040,217,English springer,217,English springer,0.2908072769641876,True
imagenette,data/imagenette2-320/val/n02102040/n02102040_4392.JPEG,n02102040,217,English springer,218,Welsh springer spaniel,0.1331176459789276,False
imagenette,data/imagenette2-320/val/n02102040/n02102040_440.JPEG,n02102040,217,English springer,217,English springer,0.38699978590011597,True
imagenette,data/imagenette2-320/val/n02102040/n02102040_4410.JPEG,n02102040,217,English springer,217,English springer,0.45681440830230713,True
imagenette,data/imagenette2-320/val/n02102040/n02102040_4411.JPEG,n02102040,217,English springer,217,English springer,0.09439701586961746,True
imagenette,data/imagenette2-320/val/n02102040/n02102040_4440.JPEG,n02102040,217,English springer,217,English springer,0.27043256163597107,True
imagenette,data/imagenette2-320/val/n02102040/n02102040_4450.JPEG,n02102040,217,English springer,217,English springer,0.2740979492664337,True
imagenette,data/imagenette2-320/val/n02102040/n02102040_4481.JPEG,n02102040,217,English springer,217,English springer,0.5823733806610107,True
imagenette,data/imagenette2-320/val/n02102040/n02102040_4492.JPEG,n02102040,217,English springer,217,English springer,0.3424440920352936,True
imagenette,data/imagenette2-320/val/n02102040/n02102040_450.JPEG,n02102040,217,English springer,217,English springer,0.45635315775871277,True
imagenette,data/imagenette2-320/val/n02102040/n02102040_451.JPEG,n02102040,217,English springer,217,English springer,0.4402450919151306,True
imagenette,data/imagenette2-320/val/n02102040/n02102040_4560.JPEG,n02102040,217,English springer,217,English springer,0.34863874316215515,True
imagenette,data/imagenette2-320/val/n02102040/n02102040_4582.JPEG,n02102040,217,English springer,217,English springer,0.24631737172603607,True
imagenette,data/imagenette2-320/val/n02102040/n02102040_460.JPEG,n02102040,217,English springer,217,English springer,0.2954740524291992,True
imagenette,data/imagenette2-320/val/n02102040/n02102040_4650.JPEG,n02102040,217,English springer,218,Welsh springer spaniel,0.27028295397758484,False
imagenette,data/imagenette2-320/val/n02102040/n02102040_4670.JPEG,n02102040,217,English springer,212,English setter,0.22747336328029633,False
imagenette,data/imagenette2-320/val/n02102040/n02102040_4701.JPEG,n02102040,217,English springer,217,English springer,0.12788750231266022,True
imagenette,data/imagenette2-320/val/n02102040/n02102040_4702.JPEG,n02102040,217,English springer,217,English springer,0.5043229460716248,True
imagenette,data/imagenette2-320/val/n02102040/n02102040_4722.JPEG,n02102040,217,English springer,217,English springer,0.3603414297103882,True
imagenette,data/imagenette2-320/val/n02102040/n02102040_4732.JPEG,n02102040,217,English springer,217,English springer,0.2068047672510147,True
imagenette,data/imagenette2-320/val/n02102040/n02102040_4742.JPEG,n02102040,217,English springer,217,English springer,0.3578534424304962,True
imagenette,data/imagenette2-320/val/n02102040/n02102040_4780.JPEG,n02102040,217,English springer,217,English springer,0.21675348281860352,True
imagenette,data/imagenette2-320/val/n02102040/n02102040_4801.JPEG,n02102040,217,English springer,217,English springer,0.3007943332195282,True
imagenette,data/imagenette2-320/val/n02102040/n02102040_4821.JPEG,n02102040,217,English springer,217,English springer,0.2980482876300812,True
imagenette,data/imagenette2-320/val/n02102040/n02102040_4851.JPEG,n02102040,217,English springer,217,English springer,0.12021119147539139,True
imagenette,data/imagenette2-320/val/n02102040/n02102040_4872.JPEG,n02102040,217,English springer,217,English springer,0.2743663489818573,True
imagenette,data/imagenette2-320/val/n02102040/n02102040_4901.JPEG,n02102040,217,English springer,217,English springer,0.3850260078907013,True
imagenette,data/imagenette2-320/val/n02102040/n02102040_491.JPEG,n02102040,217,English springer,217,English springer,0.3752875328063965,True
imagenette,data/imagenette2-320/val/n02102040/n02102040_4952.JPEG,n02102040,217,English springer,217,English springer,0.5091683268547058,True
imagenette,data/imagenette2-320/val/n02102040/n02102040_4960.JPEG,n02102040,217,English springer,217,English springer,0.4248911142349243,True
imagenette,data/imagenette2-320/val/n02102040/n02102040_4972.JPEG,n02102040,217,English springer,217,English springer,0.4289984703063965,True
imagenette,data/imagenette2-320/val/n02102040/n02102040_4980.JPEG,n02102040,217,English springer,217,English springer,0.42403444647789,True
imagenette,data/imagenette2-320/val/n02102040/n02102040_4990.JPEG,n02102040,217,English springer,217,English springer,0.37352949380874634,True
imagenette,data/imagenette2-320/val/n02102040/n02102040_5030.JPEG,n02102040,217,English springer,217,English springer,0.342625230550766,True
imagenette,data/imagenette2-320/val/n02102040/n02102040_5060.JPEG,n02102040,217,English springer,217,English springer,0.2366596907377243,True
imagenette,data/imagenette2-320/val/n02102040/n02102040_5061.JPEG,n02102040,217,English springer,217,English springer,0.3149186968803406,True
imagenette,data/imagenette2-320/val/n02102040/n02102040_5070.JPEG,n02102040,217,English springer,217,English springer,0.38632217049598694,True
imagenette,data/imagenette2-320/val/n02102040/n02102040_5091.JPEG,n02102040,217,English springer,217,English springer,0.17749954760074615,True
imagenette,data/imagenette2-320/val/n02102040/n02102040_5101.JPEG,n02102040,217,English springer,217,English springer,0.4019893705844879,True
imagenette,data/imagenette2-320/val/n02102040/n02102040_5120.JPEG,n02102040,217,English springer,217,English springer,0.3315024673938751,True
imagenette,data/imagenette2-320/val/n02102040/n02102040_5170.JPEG,n02102040,217,English springer,217,English springer,0.33991026878356934,True
imagenette,data/imagenette2-320/val/n02102040/n02102040_521.JPEG,n02102040,217,English springer,217,English springer,0.403931587934494,True
imagenette,data/imagenette2-320/val/n02102040/n02102040_5272.JPEG,n02102040,217,English springer,217,English springer,0.20364989340305328,True
imagenette,data/imagenette2-320/val/n02102040/n02102040_5311.JPEG,n02102040,217,English springer,217,English springer,0.27659305930137634,True
imagenette,data/imagenette2-320/val/n02102040/n02102040_5370.JPEG,n02102040,217,English springer,217,English springer,0.3844355344772339,True
imagenette,data/imagenette2-320/val/n02102040/n02102040_5390.JPEG,n02102040,217,English springer,217,English springer,0.19755777716636658,True
imagenette,data/imagenette2-320/val/n02102040/n02102040_5442.JPEG,n02102040,217,English springer,217,English springer,0.2741989195346832,True
imagenette,data/imagenette2-320/val/n02102040/n02102040_5502.JPEG,n02102040,217,English springer,217,English springer,0.2652803361415863,True
imagenette,data/imagenette2-320/val/n02102040/n02102040_551.JPEG,n02102040,217,English springer,217,English springer,0.4080641269683838,True
imagenette,data/imagenette2-320/val/n02102040/n02102040_5580.JPEG,n02102040,217,English springer,217,English springer,0.18289995193481445,True
imagenette,data/imagenette2-320/val/n02102040/n02102040_562.JPEG,n02102040,217,English springer,217,English springer,0.14969731867313385,True
imagenette,data/imagenette2-320/val/n02102040/n02102040_5620.JPEG,n02102040,217,English springer,217,English springer,0.2632265090942383,True
imagenette,data/imagenette2-320/val/n02102040/n02102040_5641.JPEG,n02102040,217,English springer,217,English springer,0.30448678135871887,True
imagenette,data/imagenette2-320/val/n02102040/n02102040_5681.JPEG,n02102040,217,English springer,217,English springer,0.32031822204589844,True
imagenette,data/imagenette2-320/val/n02102040/n02102040_571.JPEG,n02102040,217,English springer,217,English springer,0.2958586812019348,True
imagenette,data/imagenette2-320/val/n02102040/n02102040_5712.JPEG,n02102040,217,English springer,217,English springer,0.3689381778240204,True
imagenette,data/imagenette2-320/val/n02102040/n02102040_5790.JPEG,n02102040,217,English springer,217,English springer,0.31049713492393494,True
imagenette,data/imagenette2-320/val/n02102040/n02102040_580.JPEG,n02102040,217,English springer,217,English springer,0.36391574144363403,True
imagenette,data/imagenette2-320/val/n02102040/n02102040_5802.JPEG,n02102040,217,English springer,217,English springer,0.4858669638633728,True
imagenette,data/imagenette2-320/val/n02102040/n02102040_5810.JPEG,n02102040,217,English springer,217,English springer,0.6063567399978638,True
imagenette,data/imagenette2-320/val/n02102040/n02102040_5850.JPEG,n02102040,217,English springer,219,cocker spaniel,0.20651450753211975,False
imagenette,data/imagenette2-320/val/n02102040/n02102040_5851.JPEG,n02102040,217,English springer,217,English springer,0.18352502584457397,True
imagenette,data/imagenette2-320/val/n02102040/n02102040_5871.JPEG,n02102040,217,English springer,232,Border collie,0.24669823050498962,False
imagenette,data/imagenette2-320/val/n02102040/n02102040_5881.JPEG,n02102040,217,English springer,217,English springer,0.3012956380844116,True
imagenette,data/imagenette2-320/val/n02102040/n02102040_5890.JPEG,n02102040,217,English springer,217,English springer,0.45309361815452576,True
imagenette,data/imagenette2-320/val/n02102040/n02102040_5900.JPEG,n02102040,217,English springer,217,English springer,0.293673038482666,True
imagenette,data/imagenette2-320/val/n02102040/n02102040_5941.JPEG,n02102040,217,English springer,217,English springer,0.18936263024806976,True
imagenette,data/imagenette2-320/val/n02102040/n02102040_5942.JPEG,n02102040,217,English springer,217,English springer,0.30180051922798157,True
imagenette,data/imagenette2-320/val/n02102040/n02102040_5950.JPEG,n02102040,217,English springer,217,English springer,0.32865777611732483,True
imagenette,data/imagenette2-320/val/n02102040/n02102040_5960.JPEG,n02102040,217,English springer,217,English springer,0.5819644927978516,True
imagenette,data/imagenette2-320/val/n02102040/n02102040_602.JPEG,n02102040,217,English springer,217,English springer,0.5263869762420654,True
imagenette,data/imagenette2-320/val/n02102040/n02102040_6050.JPEG,n02102040,217,English springer,217,English springer,0.20976459980010986,True
imagenette,data/imagenette2-320/val/n02102040/n02102040_6060.JPEG,n02102040,217,English springer,217,English springer,0.2963194251060486,True
imagenette,data/imagenette2-320/val/n02102040/n02102040_6072.JPEG,n02102040,217,English springer,210,German short-haired pointer,0.15906482934951782,False
imagenette,data/imagenette2-320/val/n02102040/n02102040_6081.JPEG,n02102040,217,English springer,217,English springer,0.1725635826587677,True
imagenette,data/imagenette2-320/val/n02102040/n02102040_6082.JPEG,n02102040,217,English springer,217,English springer,0.40030479431152344,True
imagenette,data/imagenette2-320/val/n02102040/n02102040_610.JPEG,n02102040,217,English springer,217,English springer,0.7072192430496216,True
imagenette,data/imagenette2-320/val/n02102040/n02102040_6152.JPEG,n02102040,217,English springer,217,English springer,0.36937305331230164,True
imagenette,data/imagenette2-320/val/n02102040/n02102040_6180.JPEG,n02102040,217,English springer,217,English springer,0.24242530763149261,True
imagenette,data/imagenette2-320/val/n02102040/n02102040_620.JPEG,n02102040,217,English springer,217,English springer,0.47724393010139465,True
imagenette,data/imagenette2-320/val/n02102040/n02102040_6201.JPEG,n02102040,217,English springer,218,Welsh springer spaniel,0.3029484152793884,False
imagenette,data/imagenette2-320/val/n02102040/n02102040_621.JPEG,n02102040,217,English springer,217,English springer,0.2284202128648758,True
imagenette,data/imagenette2-320/val/n02102040/n02102040_622.JPEG,n02102040,217,English springer,217,English springer,0.13583295047283173,True
imagenette,data/imagenette2-320/val/n02102040/n02102040_6232.JPEG,n02102040,217,English springer,217,English springer,0.22305957973003387,True
imagenette,data/imagenette2-320/val/n02102040/n02102040_6240.JPEG,n02102040,217,English springer,217,English springer,0.1829216331243515,True
imagenette,data/imagenette2-320/val/n02102040/n02102040_6262.JPEG,n02102040,217,English springer,217,English springer,0.34464573860168457,True
imagenette,data/imagenette2-320/val/n02102040/n02102040_6291.JPEG,n02102040,217,English springer,217,English springer,0.5215529203414917,True
imagenette,data/imagenette2-320/val/n02102040/n02102040_630.JPEG,n02102040,217,English springer,217,English springer,0.28311946988105774,True
imagenette,data/imagenette2-320/val/n02102040/n02102040_6340.JPEG,n02102040,217,English springer,217,English springer,0.35444483160972595,True
imagenette,data/imagenette2-320/val/n02102040/n02102040_6391.JPEG,n02102040,217,English springer,217,English springer,0.26711568236351013,True
imagenette,data/imagenette2-320/val/n02102040/n02102040_6392.JPEG,n02102040,217,English springer,217,English springer,0.49498051404953003,True
imagenette,data/imagenette2-320/val/n02102040/n02102040_6400.JPEG,n02102040,217,English springer,217,English springer,0.36464253067970276,True
imagenette,data/imagenette2-320/val/n02102040/n02102040_6490.JPEG,n02102040,217,English springer,217,English springer,0.46620750427246094,True
imagenette,data/imagenette2-320/val/n02102040/n02102040_651.JPEG,n02102040,217,English springer,232,Border collie,0.1336219310760498,False
imagenette,data/imagenette2-320/val/n02102040/n02102040_652.JPEG,n02102040,217,English springer,219,cocker spaniel,0.20525023341178894,False
imagenette,data/imagenette2-320/val/n02102040/n02102040_6532.JPEG,n02102040,217,English springer,217,English springer,0.31211763620376587,True
imagenette,data/imagenette2-320/val/n02102040/n02102040_6552.JPEG,n02102040,217,English springer,217,English springer,0.30809253454208374,True
imagenette,data/imagenette2-320/val/n02102040/n02102040_6590.JPEG,n02102040,217,English springer,217,English springer,0.5617676973342896,True
imagenette,data/imagenette2-320/val/n02102040/n02102040_660.JPEG,n02102040,217,English springer,217,English springer,0.4173867404460907,True
imagenette,data/imagenette2-320/val/n02102040/n02102040_661.JPEG,n02102040,217,English springer,217,English springer,0.5202099680900574,True
imagenette,data/imagenette2-320/val/n02102040/n02102040_662.JPEG,n02102040,217,English springer,217,English springer,0.5307530760765076,True
imagenette,data/imagenette2-320/val/n02102040/n02102040_6622.JPEG,n02102040,217,English springer,217,English springer,0.2420702874660492,True
imagenette,data/imagenette2-320/val/n02102040/n02102040_6630.JPEG,n02102040,217,English springer,217,English springer,0.1736665517091751,True
imagenette,data/imagenette2-320/val/n02102040/n02102040_6652.JPEG,n02102040,217,English springer,217,English springer,0.29540205001831055,True
imagenette,data/imagenette2-320/val/n02102040/n02102040_6682.JPEG,n02102040,217,English springer,217,English springer,0.3183131217956543,True
imagenette,data/imagenette2-320/val/n02102040/n02102040_671.JPEG,n02102040,217,English springer,218,Welsh springer spaniel,0.15005674958229065,False
imagenette,data/imagenette2-320/val/n02102040/n02102040_6710.JPEG,n02102040,217,English springer,217,English springer,0.332279235124588,True
imagenette,data/imagenette2-320/val/n02102040/n02102040_672.JPEG,n02102040,217,English springer,217,English springer,0.2671844959259033,True
imagenette,data/imagenette2-320/val/n02102040/n02102040_6770.JPEG,n02102040,217,English springer,217,English springer,0.16775307059288025,True
imagenette,data/imagenette2-320/val/n02102040/n02102040_6781.JPEG,n02102040,217,English springer,217,English springer,0.582942008972168,True
imagenette,data/imagenette2-320/val/n02102040/n02102040_6800.JPEG,n02102040,217,English springer,217,English springer,0.323792427778244,True
imagenette,data/imagenette2-320/val/n02102040/n02102040_681.JPEG,n02102040,217,English springer,217,English springer,0.3493806719779968,True
imagenette,data/imagenette2-320/val/n02102040/n02102040_682.JPEG,n02102040,217,English springer,217,English springer,0.37879329919815063,True
imagenette,data/imagenette2-320/val/n02102040/n02102040_6851.JPEG,n02102040,217,English springer,217,English springer,0.4925093352794647,True
imagenette,data/imagenette2-320/val/n02102040/n02102040_6880.JPEG,n02102040,217,English springer,217,English springer,0.23342205584049225,True
imagenette,data/imagenette2-320/val/n02102040/n02102040_6890.JPEG,n02102040,217,English springer,217,English springer,0.18897466361522675,True
imagenette,data/imagenette2-320/val/n02102040/n02102040_6892.JPEG,n02102040,217,English springer,217,English springer,0.3181118369102478,True
imagenette,data/imagenette2-320/val/n02102040/n02102040_690.JPEG,n02102040,217,English springer,232,Border collie,0.292301744222641,False
imagenette,data/imagenette2-320/val/n02102040/n02102040_6912.JPEG,n02102040,217,English springer,217,English springer,0.20984090864658356,True
imagenette,data/imagenette2-320/val/n02102040/n02102040_6951.JPEG,n02102040,217,English springer,217,English springer,0.2629873752593994,True
imagenette,data/imagenette2-320/val/n02102040/n02102040_6992.JPEG,n02102040,217,English springer,217,English springer,0.3978828191757202,True
imagenette,data/imagenette2-320/val/n02102040/n02102040_700.JPEG,n02102040,217,English springer,217,English springer,0.33224043250083923,True
imagenette,data/imagenette2-320/val/n02102040/n02102040_7002.JPEG,n02102040,217,English springer,217,English springer,0.21579374372959137,True
imagenette,data/imagenette2-320/val/n02102040/n02102040_7011.JPEG,n02102040,217,English springer,217,English springer,0.4622901976108551,True
imagenette,data/imagenette2-320/val/n02102040/n02102040_702.JPEG,n02102040,217,English springer,217,English springer,0.3396124243736267,True
imagenette,data/imagenette2-320/val/n02102040/n02102040_7041.JPEG,n02102040,217,English springer,217,English springer,0.5647701025009155,True
imagenette,data/imagenette2-320/val/n02102040/n02102040_7082.JPEG,n02102040,217,English springer,217,English springer,0.5182008743286133,True
imagenette,data/imagenette2-320/val/n02102040/n02102040_7091.JPEG,n02102040,217,English springer,217,English springer,0.5176818370819092,True
imagenette,data/imagenette2-320/val/n02102040/n02102040_7092.JPEG,n02102040,217,English springer,217,English springer,0.23720084130764008,True
imagenette,data/imagenette2-320/val/n02102040/n02102040_712.JPEG,n02102040,217,English springer,217,English springer,0.31086474657058716,True
imagenette,data/imagenette2-320/val/n02102040/n02102040_7130.JPEG,n02102040,217,English springer,217,English springer,0.30161383748054504,True
imagenette,data/imagenette2-320/val/n02102040/n02102040_7150.JPEG,n02102040,217,English springer,217,English springer,0.31535080075263977,True
imagenette,data/imagenette2-320/val/n02102040/n02102040_720.JPEG,n02102040,217,English springer,217,English springer,0.30979815125465393,True
imagenette,data/imagenette2-320/val/n02102040/n02102040_7222.JPEG,n02102040,217,English springer,217,English springer,0.4234612286090851,True
imagenette,data/imagenette2-320/val/n02102040/n02102040_7262.JPEG,n02102040,217,English springer,217,English springer,0.3232227563858032,True
imagenette,data/imagenette2-320/val/n02102040/n02102040_7270.JPEG,n02102040,217,English springer,217,English springer,0.2411469966173172,True
imagenette,data/imagenette2-320/val/n02102040/n02102040_732.JPEG,n02102040,217,English springer,217,English springer,0.3035929203033447,True
imagenette,data/imagenette2-320/val/n02102040/n02102040_7382.JPEG,n02102040,217,English springer,217,English springer,0.2832721769809723,True
imagenette,data/imagenette2-320/val/n02102040/n02102040_7392.JPEG,n02102040,217,English springer,217,English springer,0.5408782958984375,True
imagenette,data/imagenette2-320/val/n02102040/n02102040_7412.JPEG,n02102040,217,English springer,217,English springer,0.5102084875106812,True
imagenette,data/imagenette2-320/val/n02102040/n02102040_742.JPEG,n02102040,217,English springer,217,English springer,0.35234716534614563,True
imagenette,data/imagenette2-320/val/n02102040/n02102040_7421.JPEG,n02102040,217,English springer,217,English springer,0.7766817808151245,True
imagenette,data/imagenette2-320/val/n02102040/n02102040_7452.JPEG,n02102040,217,English springer,217,English springer,0.37016013264656067,True
imagenette,data/imagenette2-320/val/n02102040/n02102040_7460.JPEG,n02102040,217,English springer,217,English springer,0.3688807785511017,True
imagenette,data/imagenette2-320/val/n02102040/n02102040_7480.JPEG,n02102040,217,English springer,217,English springer,0.4135029911994934,True
imagenette,data/imagenette2-320/val/n02102040/n02102040_7490.JPEG,n02102040,217,English springer,217,English springer,0.6251993179321289,True
imagenette,data/imagenette2-320/val/n02102040/n02102040_750.JPEG,n02102040,217,English springer,217,English springer,0.44609904289245605,True
imagenette,data/imagenette2-320/val/n02102040/n02102040_7501.JPEG,n02102040,217,English springer,217,English springer,0.42340463399887085,True
imagenette,data/imagenette2-320/val/n02102040/n02102040_7510.JPEG,n02102040,217,English springer,217,English springer,0.5259203314781189,True
imagenette,data/imagenette2-320/val/n02102040/n02102040_752.JPEG,n02102040,217,English springer,217,English springer,0.08328601717948914,True
imagenette,data/imagenette2-320/val/n02102040/n02102040_7562.JPEG,n02102040,217,English springer,217,English springer,0.4376744329929352,True
imagenette,data/imagenette2-320/val/n02102040/n02102040_761.JPEG,n02102040,217,English springer,217,English springer,0.27579012513160706,True
imagenette,data/imagenette2-320/val/n02102040/n02102040_762.JPEG,n02102040,217,English springer,217,English springer,0.3288472592830658,True
imagenette,data/imagenette2-320/val/n02102040/n02102040_7670.JPEG,n02102040,217,English springer,217,English springer,0.381754994392395,True
imagenette,data/imagenette2-320/val/n02102040/n02102040_770.JPEG,n02102040,217,English springer,217,English springer,0.2244648039340973,True
imagenette,data/imagenette2-320/val/n02102040/n02102040_7761.JPEG,n02102040,217,English springer,217,English springer,0.36685892939567566,True
imagenette,data/imagenette2-320/val/n02102040/n02102040_7792.JPEG,n02102040,217,English springer,217,English springer,0.3878713846206665,True
imagenette,data/imagenette2-320/val/n02102040/n02102040_782.JPEG,n02102040,217,English springer,217,English springer,0.3942491412162781,True
imagenette,data/imagenette2-320/val/n02102040/n02102040_7841.JPEG,n02102040,217,English springer,217,English springer,0.12389761209487915,True
imagenette,data/imagenette2-320/val/n02102040/n02102040_7860.JPEG,n02102040,217,English springer,217,English springer,0.17852577567100525,True
imagenette,data/imagenette2-320/val/n02102040/n02102040_7890.JPEG,n02102040,217,English springer,217,English springer,0.4844522774219513,True
imagenette,data/imagenette2-320/val/n02102040/n02102040_791.JPEG,n02102040,217,English springer,218,Welsh springer spaniel,0.1561153680086136,False
imagenette,data/imagenette2-320/val/n02102040/n02102040_7931.JPEG,n02102040,217,English springer,217,English springer,0.4593108892440796,True
imagenette,data/imagenette2-320/val/n02102040/n02102040_7941.JPEG,n02102040,217,English springer,217,English springer,0.4323222041130066,True
imagenette,data/imagenette2-320/val/n02102040/n02102040_7942.JPEG,n02102040,217,English springer,217,English springer,0.2855767011642456,True
imagenette,data/imagenette2-320/val/n02102040/n02102040_8012.JPEG,n02102040,217,English springer,212,English setter,0.14430537819862366,False
imagenette,data/imagenette2-320/val/n02102040/n02102040_8061.JPEG,n02102040,217,English springer,217,English springer,0.3732139468193054,True
imagenette,data/imagenette2-320/val/n02102040/n02102040_810.JPEG,n02102040,217,English springer,217,English springer,0.3807494044303894,True
imagenette,data/imagenette2-320/val/n02102040/n02102040_811.JPEG,n02102040,217,English springer,220,Sussex spaniel,0.14554210007190704,False
imagenette,data/imagenette2-320/val/n02102040/n02102040_8132.JPEG,n02102040,217,English springer,217,English springer,0.4895963668823242,True
imagenette,data/imagenette2-320/val/n02102040/n02102040_8150.JPEG,n02102040,217,English springer,217,English springer,0.3836041986942291,True
imagenette,data/imagenette2-320/val/n02102040/n02102040_821.JPEG,n02102040,217,English springer,217,English springer,0.44260936975479126,True
imagenette,data/imagenette2-320/val/n02102040/n02102040_8210.JPEG,n02102040,217,English springer,217,English springer,0.3508654832839966,True
imagenette,data/imagenette2-320/val/n02102040/n02102040_8260.JPEG,n02102040,217,English springer,217,English springer,0.34397822618484497,True
imagenette,data/imagenette2-320/val/n02102040/n02102040_8272.JPEG,n02102040,217,English springer,217,English springer,0.33089005947113037,True
imagenette,data/imagenette2-320/val/n02102040/n02102040_8290.JPEG,n02102040,217,English springer,217,English springer,0.31521689891815186,True
imagenette,data/imagenette2-320/val/n02102040/n02102040_8300.JPEG,n02102040,217,English springer,217,English springer,0.430959016084671,True
imagenette,data/imagenette2-320/val/n02102040/n02102040_831.JPEG,n02102040,217,English springer,217,English springer,0.19784709811210632,True
imagenette,data/imagenette2-320/val/n02102040/n02102040_8320.JPEG,n02102040,217,English springer,217,English springer,0.3410987854003906,True
imagenette,data/imagenette2-320/val/n02102040/n02102040_8330.JPEG,n02102040,217,English springer,217,English springer,0.4013339579105377,True
imagenette,data/imagenette2-320/val/n02102040/n02102040_8372.JPEG,n02102040,217,English springer,217,English springer,0.1512584239244461,True
imagenette,data/imagenette2-320/val/n02102040/n02102040_8392.JPEG,n02102040,217,English springer,217,English springer,0.39415234327316284,True
imagenette,data/imagenette2-320/val/n02102040/n02102040_841.JPEG,n02102040,217,English springer,217,English springer,0.48878613114356995,True
imagenette,data/imagenette2-320/val/n02102040/n02102040_8432.JPEG,n02102040,217,English springer,217,English springer,0.35820358991622925,True
imagenette,data/imagenette2-320/val/n02102040/n02102040_850.JPEG,n02102040,217,English springer,217,English springer,0.5495775938034058,True
imagenette,data/imagenette2-320/val/n02102040/n02102040_880.JPEG,n02102040,217,English springer,220,Sussex spaniel,0.1630837619304657,False
imagenette,data/imagenette2-320/val/n02102040/n02102040_901.JPEG,n02102040,217,English springer,217,English springer,0.36206430196762085,True
imagenette,data/imagenette2-320/val/n02102040/n02102040_902.JPEG,n02102040,217,English springer,217,English springer,0.4724218547344208,True
imagenette,data/imagenette2-320/val/n02102040/n02102040_911.JPEG,n02102040,217,English springer,217,English springer,0.25219061970710754,True
imagenette,data/imagenette2-320/val/n02102040/n02102040_922.JPEG,n02102040,217,English springer,217,English springer,0.30546388030052185,True
imagenette,data/imagenette2-320/val/n02102040/n02102040_940.JPEG,n02102040,217,English springer,217,English springer,0.23940318822860718,True
imagenette,data/imagenette2-320/val/n02102040/n02102040_960.JPEG,n02102040,217,English springer,217,English springer,0.37843453884124756,True
imagenette,data/imagenette2-320/val/n02102040/n02102040_970.JPEG,n02102040,217,English springer,217,English springer,0.20414814352989197,True
imagenette,data/imagenette2-320/val/n02102040/n02102040_981.JPEG,n02102040,217,English springer,217,English springer,0.27913448214530945,True
imagenette,data/imagenette2-320/val/n02102040/n02102040_990.JPEG,n02102040,217,English springer,217,English springer,0.37082964181900024,True
imagenette,data/imagenette2-320/val/n02979186/ILSVRC2012_val_00008651.JPEG,n02979186,482,cassette player,848,tape player,0.279086172580719,False
imagenette,data/imagenette2-320/val/n02979186/ILSVRC2012_val_00020400.JPEG,n02979186,482,cassette player,848,tape player,0.34723353385925293,False
imagenette,data/imagenette2-320/val/n02979186/ILSVRC2012_val_00028911.JPEG,n02979186,482,cassette player,482,cassette player,0.24501004815101624,True
imagenette,data/imagenette2-320/val/n02979186/ILSVRC2012_val_00035160.JPEG,n02979186,482,cassette player,848,tape player,0.19729489088058472,False
imagenette,data/imagenette2-320/val/n02979186/ILSVRC2012_val_00035482.JPEG,n02979186,482,cassette player,818,spotlight,0.18391063809394836,False
imagenette,data/imagenette2-320/val/n02979186/ILSVRC2012_val_00035751.JPEG,n02979186,482,cassette player,482,cassette player,0.3464435040950775,True
imagenette,data/imagenette2-320/val/n02979186/ILSVRC2012_val_00042482.JPEG,n02979186,482,cassette player,848,tape player,0.3055541515350342,False
imagenette,data/imagenette2-320/val/n02979186/ILSVRC2012_val_00042982.JPEG,n02979186,482,cassette player,482,cassette player,0.1546364426612854,True
imagenette,data/imagenette2-320/val/n02979186/ILSVRC2012_val_00043121.JPEG,n02979186,482,cassette player,632,loudspeaker,0.07808805257081985,False
imagenette,data/imagenette2-320/val/n02979186/ILSVRC2012_val_00043731.JPEG,n02979186,482,cassette player,848,tape player,0.19841720163822174,False
imagenette,data/imagenette2-320/val/n02979186/ILSVRC2012_val_00045110.JPEG,n02979186,482,cassette player,592,hard disc,0.4404989778995514,False
imagenette,data/imagenette2-320/val/n02979186/n02979186_10041.JPEG,n02979186,482,cassette player,481,cassette,0.08852657675743103,False
imagenette,data/imagenette2-320/val/n02979186/n02979186_10111.JPEG,n02979186,482,cassette player,848,tape player,0.3155694305896759,False
imagenette,data/imagenette2-320/val/n02979186/n02979186_10151.JPEG,n02979186,482,cassette player,482,cassette player,0.32226496934890747,True
imagenette,data/imagenette2-320/val/n02979186/n02979186_10200.JPEG,n02979186,482,cassette player,605,iPod,0.08488070964813232,False
imagenette,data/imagenette2-320/val/n02979186/n02979186_10211.JPEG,n02979186,482,cassette player,579,grand piano,0.0340045690536499,False
imagenette,data/imagenette2-320/val/n02979186/n02979186_10230.JPEG,n02979186,482,cassette player,485,CD player,0.33647507429122925,False
imagenette,data/imagenette2-320/val/n02979186/n02979186_10232.JPEG,n02979186,482,cassette player,848,tape player,0.3129245936870575,False
imagenette,data/imagenette2-320/val/n02979186/n02979186_10250.JPEG,n02979186,482,cassette player,482,cassette player,0.1772148311138153,True
imagenette,data/imagenette2-320/val/n02979186/n02979186_10271.JPEG,n02979186,482,cassette player,482,cassette player,0.3407549262046814,True
imagenette,data/imagenette2-320/val/n02979186/n02979186_10341.JPEG,n02979186,482,cassette player,482,cassette player,0.31325870752334595,True
imagenette,data/imagenette2-320/val/n02979186/n02979186_10402.JPEG,n02979186,482,cassette player,848,tape player,0.28378942608833313,False
imagenette,data/imagenette2-320/val/n02979186/n02979186_10532.JPEG,n02979186,482,cassette player,482,cassette player,0.3353126645088196,True
imagenette,data/imagenette2-320/val/n02979186/n02979186_10591.JPEG,n02979186,482,cassette player,632,loudspeaker,0.12655188143253326,False
imagenette,data/imagenette2-320/val/n02979186/n02979186_1061.JPEG,n02979186,482,cassette player,482,cassette player,0.2779175341129303,True
imagenette,data/imagenette2-320/val/n02979186/n02979186_10612.JPEG,n02979186,482,cassette player,482,cassette player,0.4231860637664795,True
imagenette,data/imagenette2-320/val/n02979186/n02979186_10670.JPEG,n02979186,482,cassette player,482,cassette player,0.5267074108123779,True
imagenette,data/imagenette2-320/val/n02979186/n02979186_10691.JPEG,n02979186,482,cassette player,482,cassette player,0.19254566729068756,True
imagenette,data/imagenette2-320/val/n02979186/n02979186_10751.JPEG,n02979186,482,cassette player,482,cassette player,0.2866593897342682,True
imagenette,data/imagenette2-320/val/n02979186/n02979186_10870.JPEG,n02979186,482,cassette player,766,rotisserie,0.16894370317459106,False
imagenette,data/imagenette2-320/val/n02979186/n02979186_10912.JPEG,n02979186,482,cassette player,482,cassette player,0.218478724360466,True
imagenette,data/imagenette2-320/val/n02979186/n02979186_10930.JPEG,n02979186,482,cassette player,481,cassette,0.19086292386054993,False
imagenette,data/imagenette2-320/val/n02979186/n02979186_11.JPEG,n02979186,482,cassette player,481,cassette,0.33869361877441406,False
imagenette,data/imagenette2-320/val/n02979186/n02979186_11000.JPEG,n02979186,482,cassette player,754,radio,0.12585341930389404,False
imagenette,data/imagenette2-320/val/n02979186/n02979186_11052.JPEG,n02979186,482,cassette player,848,tape player,0.20091359317302704,False
imagenette,data/imagenette2-320/val/n02979186/n02979186_11120.JPEG,n02979186,482,cassette player,848,tape player,0.40453580021858215,False
imagenette,data/imagenette2-320/val/n02979186/n02979186_11122.JPEG,n02979186,482,cassette player,848,tape player,0.314762145280838,False
imagenette,data/imagenette2-320/val/n02979186/n02979186_11151.JPEG,n02979186,482,cassette player,482,cassette player,0.35978806018829346,True
imagenette,data/imagenette2-320/val/n02979186/n02979186_11372.JPEG,n02979186,482,cassette player,482,cassette player,0.4084074795246124,True
imagenette,data/imagenette2-320/val/n02979186/n02979186_11410.JPEG,n02979186,482,cassette player,848,tape player,0.259325236082077,False
imagenette,data/imagenette2-320/val/n02979186/n02979186_11481.JPEG,n02979186,482,cassette player,848,tape player,0.26332974433898926,False
imagenette,data/imagenette2-320/val/n02979186/n02979186_11550.JPEG,n02979186,482,cassette player,848,tape player,0.17592285573482513,False
imagenette,data/imagenette2-320/val/n02979186/n02979186_11670.JPEG,n02979186,482,cassette player,481,cassette,0.2637214660644531,False
imagenette,data/imagenette2-320/val/n02979186/n02979186_1171.JPEG,n02979186,482,cassette player,482,cassette player,0.6082718968391418,True
imagenette,data/imagenette2-320/val/n02979186/n02979186_11782.JPEG,n02979186,482,cassette player,482,cassette player,0.5971719622612,True
imagenette,data/imagenette2-320/val/n02979186/n02979186_11790.JPEG,n02979186,482,cassette player,482,cassette player,0.2458564192056656,True
imagenette,data/imagenette2-320/val/n02979186/n02979186_11861.JPEG,n02979186,482,cassette player,482,cassette player,0.4946748614311218,True
imagenette,data/imagenette2-320/val/n02979186/n02979186_11871.JPEG,n02979186,482,cassette player,480,cash machine,0.0816497802734375,False
imagenette,data/imagenette2-320/val/n02979186/n02979186_11881.JPEG,n02979186,482,cassette player,482,cassette player,0.42051348090171814,True
imagenette,data/imagenette2-320/val/n02979186/n02979186_11971.JPEG,n02979186,482,cassette player,848,tape player,0.16400089859962463,False
imagenette,data/imagenette2-320/val/n02979186/n02979186_1200.JPEG,n02979186,482,cassette player,482,cassette player,0.3856353163719177,True
imagenette,data/imagenette2-320/val/n02979186/n02979186_12060.JPEG,n02979186,482,cassette player,482,cassette player,0.42939451336860657,True
imagenette,data/imagenette2-320/val/n02979186/n02979186_12072.JPEG,n02979186,482,cassette player,482,cassette player,0.36486753821372986,True
imagenette,data/imagenette2-320/val/n02979186/n02979186_12092.JPEG,n02979186,482,cassette player,482,cassette player,0.7434506416320801,True
imagenette,data/imagenette2-320/val/n02979186/n02979186_12101.JPEG,n02979186,482,cassette player,485,CD player,0.1706559658050537,False
imagenette,data/imagenette2-320/val/n02979186/n02979186_12122.JPEG,n02979186,482,cassette player,482,cassette player,0.10690288990736008,True
imagenette,data/imagenette2-320/val/n02979186/n02979186_12140.JPEG,n02979186,482,cassette player,482,cassette player,0.16300511360168457,True
imagenette,data/imagenette2-320/val/n02979186/n02979186_12172.JPEG,n02979186,482,cassette player,481,cassette,0.46357646584510803,False
imagenette,data/imagenette2-320/val/n02979186/n02979186_12260.JPEG,n02979186,482,cassette player,482,cassette player,0.4022558033466339,True
imagenette,data/imagenette2-320/val/n02979186/n02979186_12590.JPEG,n02979186,482,cassette player,485,CD player,0.3844287097454071,False
imagenette,data/imagenette2-320/val/n02979186/n02979186_12681.JPEG,n02979186,482,cassette player,482,cassette player,0.29582518339157104,True
imagenette,data/imagenette2-320/val/n02979186/n02979186_1281.JPEG,n02979186,482,cassette player,482,cassette player,0.48411157727241516,True
imagenette,data/imagenette2-320/val/n02979186/n02979186_12822.JPEG,n02979186,482,cassette player,482,cassette player,0.22982344031333923,True
imagenette,data/imagenette2-320/val/n02979186/n02979186_12962.JPEG,n02979186,482,cassette player,481,cassette,0.45987609028816223,False
imagenette,data/imagenette2-320/val/n02979186/n02979186_1300.JPEG,n02979186,482,cassette player,485,CD player,0.32711803913116455,False
imagenette,data/imagenette2-320/val/n02979186/n02979186_13061.JPEG,n02979186,482,cassette player,482,cassette player,0.24098214507102966,True
imagenette,data/imagenette2-320/val/n02979186/n02979186_13231.JPEG,n02979186,482,cassette player,848,tape player,0.1888452023267746,False
imagenette,data/imagenette2-320/val/n02979186/n02979186_13250.JPEG,n02979186,482,cassette player,482,cassette player,0.16440130770206451,True
imagenette,data/imagenette2-320/val/n02979186/n02979186_13280.JPEG,n02979186,482,cassette player,482,cassette player,0.29535266757011414,True
imagenette,data/imagenette2-320/val/n02979186/n02979186_13281.JPEG,n02979186,482,cassette player,482,cassette player,0.40758562088012695,True
imagenette,data/imagenette2-320/val/n02979186/n02979186_13442.JPEG,n02979186,482,cassette player,482,cassette player,0.4361940026283264,True
imagenette,data/imagenette2-320/val/n02979186/n02979186_13502.JPEG,n02979186,482,cassette player,482,cassette player,0.09236723929643631,True
imagenette,data/imagenette2-320/val/n02979186/n02979186_13510.JPEG,n02979186,482,cassette player,642,marimba,0.04643953964114189,False
imagenette,data/imagenette2-320/val/n02979186/n02979186_13572.JPEG,n02979186,482,cassette player,482,cassette player,0.38212546706199646,True
imagenette,data/imagenette2-320/val/n02979186/n02979186_13661.JPEG,n02979186,482,cassette player,848,tape player,0.18113510310649872,False
imagenette,data/imagenette2-320/val/n02979186/n02979186_13701.JPEG,n02979186,482,cassette player,848,tape player,0.19415856897830963,False
imagenette,data/imagenette2-320/val/n02979186/n02979186_13722.JPEG,n02979186,482,cassette player,848,tape player,0.24223357439041138,False
imagenette,data/imagenette2-320/val/n02979186/n02979186_13740.JPEG,n02979186,482,cassette player,610,jersey,0.3013463020324707,False
imagenette,data/imagenette2-320/val/n02979186/n02979186_13742.JPEG,n02979186,482,cassette player,848,tape player,0.3300475478172302,False
imagenette,data/imagenette2-320/val/n02979186/n02979186_1381.JPEG,n02979186,482,cassette player,482,cassette player,0.2743581235408783,True
imagenette,data/imagenette2-320/val/n02979186/n02979186_13841.JPEG,n02979186,482,cassette player,481,cassette,0.2901669144630432,False
imagenette,data/imagenette2-320/val/n02979186/n02979186_13851.JPEG,n02979186,482,cassette player,786,sewing machine,0.091828852891922,False
imagenette,data/imagenette2-320/val/n02979186/n02979186_13902.JPEG,n02979186,482,cassette player,482,cassette player,0.19059404730796814,True
imagenette,data/imagenette2-320/val/n02979186/n02979186_13950.JPEG,n02979186,482,cassette player,848,tape player,0.22709783911705017,False
imagenette,data/imagenette2-320/val/n02979186/n02979186_140.JPEG,n02979186,482,cassette player,482,cassette player,0.22305822372436523,True
imagenette,data/imagenette2-320/val/n02979186/n02979186_1401.JPEG,n02979186,482,cassette player,482,cassette player,0.29982757568359375,True
imagenette,data/imagenette2-320/val/n02979186/n02979186_14050.JPEG,n02979186,482,cassette player,848,tape player,0.235345259308815,False
imagenette,data/imagenette2-320/val/n02979186/n02979186_14100.JPEG,n02979186,482,cassette player,482,cassette player,0.278098464012146,True
imagenette,data/imagenette2-320/val/n02979186/n02979186_14251.JPEG,n02979186,482,cassette player,481,cassette,0.18736626207828522,False
imagenette,data/imagenette2-320/val/n02979186/n02979186_14271.JPEG,n02979186,482,cassette player,482,cassette player,0.333647757768631,True
imagenette,data/imagenette2-320/val/n02979186/n02979186_14440.JPEG,n02979186,482,cassette player,632,loudspeaker,0.09605547785758972,False
imagenette,data/imagenette2-320/val/n02979186/n02979186_14462.JPEG,n02979186,482,cassette player,848,tape player,0.22264809906482697,False
imagenette,data/imagenette2-320/val/n02979186/n02979186_14471.JPEG,n02979186,482,cassette player,482,cassette player,0.07536900788545609,True
imagenette,data/imagenette2-320/val/n02979186/n02979186_1450.JPEG,n02979186,482,cassette player,482,cassette player,0.14090318977832794,True
imagenette,data/imagenette2-320/val/n02979186/n02979186_14550.JPEG,n02979186,482,cassette player,485,CD player,0.11749457567930222,False
imagenette,data/imagenette2-320/val/n02979186/n02979186_14601.JPEG,n02979186,482,cassette player,482,cassette player,0.31266188621520996,True
imagenette,data/imagenette2-320/val/n02979186/n02979186_14630.JPEG,n02979186,482,cassette player,848,tape player,0.1569342017173767,False
imagenette,data/imagenette2-320/val/n02979186/n02979186_14712.JPEG,n02979186,482,cassette player,848,tape player,0.21996179223060608,False
imagenette,data/imagenette2-320/val/n02979186/n02979186_14721.JPEG,n02979186,482,cassette player,848,tape player,0.2227245569229126,False
imagenette,data/imagenette2-320/val/n02979186/n02979186_14771.JPEG,n02979186,482,cassette player,848,tape player,0.35651519894599915,False
imagenette,data/imagenette2-320/val/n02979186/n02979186_15350.JPEG,n02979186,482,cassette player,848,tape player,0.1919071227312088,False
imagenette,data/imagenette2-320/val/n02979186/n02979186_15382.JPEG,n02979186,482,cassette player,848,tape player,0.27263012528419495,False
imagenette,data/imagenette2-320/val/n02979186/n02979186_15401.JPEG,n02979186,482,cassette player,485,CD player,0.16715317964553833,False
imagenette,data/imagenette2-320/val/n02979186/n02979186_1542.JPEG,n02979186,482,cassette player,848,tape player,0.2719166874885559,False
imagenette,data/imagenette2-320/val/n02979186/n02979186_15432.JPEG,n02979186,482,cassette player,482,cassette player,0.15338173508644104,True
imagenette,data/imagenette2-320/val/n02979186/n02979186_15441.JPEG,n02979186,482,cassette player,848,tape player,0.2270703762769699,False
imagenette,data/imagenette2-320/val/n02979186/n02979186_15511.JPEG,n02979186,482,cassette player,848,tape player,0.1779470443725586,False
imagenette,data/imagenette2-320/val/n02979186/n02979186_15521.JPEG,n02979186,482,cassette player,848,tape player,0.30844414234161377,False
imagenette,data/imagenette2-320/val/n02979186/n02979186_1561.JPEG,n02979186,482,cassette player,482,cassette player,0.36493751406669617,True
imagenette,data/imagenette2-320/val/n02979186/n02979186_15800.JPEG,n02979186,482,cassette player,848,tape player,0.565631628036499,False
imagenette,data/imagenette2-320/val/n02979186/n02979186_15862.JPEG,n02979186,482,cassette player,482,cassette player,0.37119555473327637,True
imagenette,data/imagenette2-320/val/n02979186/n02979186_15901.JPEG,n02979186,482,cassette player,482,cassette player,0.135933518409729,True
imagenette,data/imagenette2-320/val/n02979186/n02979186_15931.JPEG,n02979186,482,cassette player,482,cassette player,0.12140899896621704,True
imagenette,data/imagenette2-320/val/n02979186/n02979186_15940.JPEG,n02979186,482,cassette player,485,CD player,0.15601781010627747,False
imagenette,data/imagenette2-320/val/n02979186/n02979186_15951.JPEG,n02979186,482,cassette player,848,tape player,0.18628431856632233,False
imagenette,data/imagenette2-320/val/n02979186/n02979186_15972.JPEG,n02979186,482,cassette player,482,cassette player,0.12395302206277847,True
imagenette,data/imagenette2-320/val/n02979186/n02979186_16101.JPEG,n02979186,482,cassette player,848,tape player,0.19595904648303986,False
imagenette,data/imagenette2-320/val/n02979186/n02979186_1611.JPEG,n02979186,482,cassette player,485,CD player,0.11831235140562057,False
imagenette,data/imagenette2-320/val/n02979186/n02979186_16142.JPEG,n02979186,482,cassette player,482,cassette player,0.4133262634277344,True
imagenette,data/imagenette2-320/val/n02979186/n02979186_16192.JPEG,n02979186,482,cassette player,848,tape player,0.14511334896087646,False
imagenette,data/imagenette2-320/val/n02979186/n02979186_162.JPEG,n02979186,482,cassette player,482,cassette player,0.6370251178741455,True
imagenette,data/imagenette2-320/val/n02979186/n02979186_1621.JPEG,n02979186,482,cassette player,482,cassette player,0.18338853120803833,True
imagenette,data/imagenette2-320/val/n02979186/n02979186_16241.JPEG,n02979186,482,cassette player,848,tape player,0.3722550868988037,False
imagenette,data/imagenette2-320/val/n02979186/n02979186_1630.JPEG,n02979186,482,cassette player,482,cassette player,0.2095828503370285,True
imagenette,data/imagenette2-320/val/n02979186/n02979186_1632.JPEG,n02979186,482,cassette player,482,cassette player,0.29064443707466125,True
imagenette,data/imagenette2-320/val/n02979186/n02979186_16382.JPEG,n02979186,482,cassette player,482,cassette player,0.21214811503887177,True
imagenette,data/imagenette2-320/val/n02979186/n02979186_16422.JPEG,n02979186,482,cassette player,482,cassette player,0.19441138207912445,True
imagenette,data/imagenette2-320/val/n02979186/n02979186_16581.JPEG,n02979186,482,cassette player,482,cassette player,0.37742191553115845,True
imagenette,data/imagenette2-320/val/n02979186/n02979186_1692.JPEG,n02979186,482,cassette player,848,tape player,0.17711873352527618,False
imagenette,data/imagenette2-320/val/n02979186/n02979186_16952.JPEG,n02979186,482,cassette player,848,tape player,0.1444704383611679,False
imagenette,data/imagenette2-320/val/n02979186/n02979186_17060.JPEG,n02979186,482,cassette player,482,cassette player,0.5594761371612549,True
imagenette,data/imagenette2-320/val/n02979186/n02979186_17172.JPEG,n02979186,482,cassette player,482,cassette player,0.28847023844718933,True
imagenette,data/imagenette2-320/val/n02979186/n02979186_17312.JPEG,n02979186,482,cassette player,482,cassette player,0.471286803483963,True
imagenette,data/imagenette2-320/val/n02979186/n02979186_17460.JPEG,n02979186,482,cassette player,482,cassette player,0.5252344012260437,True
imagenette,data/imagenette2-320/val/n02979186/n02979186_17470.JPEG,n02979186,482,cassette player,482,cassette player,0.8656516075134277,True
imagenette,data/imagenette2-320/val/n02979186/n02979186_17680.JPEG,n02979186,482,cassette player,482,cassette player,0.710658848285675,True
imagenette,data/imagenette2-320/val/n02979186/n02979186_1792.JPEG,n02979186,482,cassette player,548,entertainment center,0.21956424415111542,False
imagenette,data/imagenette2-320/val/n02979186/n02979186_17940.JPEG,n02979186,482,cassette player,482,cassette player,0.2226378619670868,True
imagenette,data/imagenette2-320/val/n02979186/n02979186_18070.JPEG,n02979186,482,cassette player,848,tape player,0.27125248312950134,False
imagenette,data/imagenette2-320/val/n02979186/n02979186_1810.JPEG,n02979186,482,cassette player,848,tape player,0.08798393607139587,False
imagenette,data/imagenette2-320/val/n02979186/n02979186_18131.JPEG,n02979186,482,cassette player,482,cassette player,0.34706786274909973,True
imagenette,data/imagenette2-320/val/n02979186/n02979186_18190.JPEG,n02979186,482,cassette player,482,cassette player,0.3796997666358948,True
imagenette,data/imagenette2-320/val/n02979186/n02979186_18272.JPEG,n02979186,482,cassette player,485,CD player,0.3109080493450165,False
imagenette,data/imagenette2-320/val/n02979186/n02979186_1841.JPEG,n02979186,482,cassette player,848,tape player,0.1736356019973755,False
imagenette,data/imagenette2-320/val/n02979186/n02979186_18450.JPEG,n02979186,482,cassette player,848,tape player,0.21585924923419952,False
imagenette,data/imagenette2-320/val/n02979186/n02979186_18472.JPEG,n02979186,482,cassette player,482,cassette player,0.32246217131614685,True
imagenette,data/imagenette2-320/val/n02979186/n02979186_18572.JPEG,n02979186,482,cassette player,482,cassette player,0.46477553248405457,True
imagenette,data/imagenette2-320/val/n02979186/n02979186_18581.JPEG,n02979186,482,cassette player,482,cassette player,0.4983769357204437,True
imagenette,data/imagenette2-320/val/n02979186/n02979186_1870.JPEG,n02979186,482,cassette player,481,cassette,0.11056793481111526,False
imagenette,data/imagenette2-320/val/n02979186/n02979186_18720.JPEG,n02979186,482,cassette player,482,cassette player,0.4692314863204956,True
imagenette,data/imagenette2-320/val/n02979186/n02979186_18802.JPEG,n02979186,482,cassette player,482,cassette player,0.4134179651737213,True
imagenette,data/imagenette2-320/val/n02979186/n02979186_1891.JPEG,n02979186,482,cassette player,848,tape player,0.1704951822757721,False
imagenette,data/imagenette2-320/val/n02979186/n02979186_18940.JPEG,n02979186,482,cassette player,848,tape player,0.14070595800876617,False
imagenette,data/imagenette2-320/val/n02979186/n02979186_19011.JPEG,n02979186,482,cassette player,485,CD player,0.37833964824676514,False
imagenette,data/imagenette2-320/val/n02979186/n02979186_19091.JPEG,n02979186,482,cassette player,482,cassette player,0.6810659766197205,True
imagenette,data/imagenette2-320/val/n02979186/n02979186_19190.JPEG,n02979186,482,cassette player,482,cassette player,0.6940593123435974,True
imagenette,data/imagenette2-320/val/n02979186/n02979186_1932.JPEG,n02979186,482,cassette player,848,tape player,0.33497270941734314,False
imagenette,data/imagenette2-320/val/n02979186/n02979186_19322.JPEG,n02979186,482,cassette player,482,cassette player,0.7469518184661865,True
imagenette,data/imagenette2-320/val/n02979186/n02979186_19390.JPEG,n02979186,482,cassette player,482,cassette player,0.304203063249588,True
imagenette,data/imagenette2-320/val/n02979186/n02979186_19412.JPEG,n02979186,482,cassette player,482,cassette player,0.461449533700943,True
imagenette,data/imagenette2-320/val/n02979186/n02979186_19440.JPEG,n02979186,482,cassette player,482,cassette player,0.5973942875862122,True
imagenette,data/imagenette2-320/val/n02979186/n02979186_19542.JPEG,n02979186,482,cassette player,482,cassette player,0.22039353847503662,True
imagenette,data/imagenette2-320/val/n02979186/n02979186_19582.JPEG,n02979186,482,cassette player,482,cassette player,0.4491134285926819,True
imagenette,data/imagenette2-320/val/n02979186/n02979186_1961.JPEG,n02979186,482,cassette player,482,cassette player,0.4810221195220947,True
imagenette,data/imagenette2-320/val/n02979186/n02979186_19690.JPEG,n02979186,482,cassette player,848,tape player,0.18831482529640198,False
imagenette,data/imagenette2-320/val/n02979186/n02979186_19820.JPEG,n02979186,482,cassette player,482,cassette player,0.8058581948280334,True
imagenette,data/imagenette2-320/val/n02979186/n02979186_2002.JPEG,n02979186,482,cassette player,482,cassette player,0.5383507013320923,True
imagenette,data/imagenette2-320/val/n02979186/n02979186_20112.JPEG,n02979186,482,cassette player,771,safe,0.25461074709892273,False
imagenette,data/imagenette2-320/val/n02979186/n02979186_20132.JPEG,n02979186,482,cassette player,590,hand-held computer,0.08530599623918533,False
imagenette,data/imagenette2-320/val/n02979186/n02979186_20160.JPEG,n02979186,482,cassette player,482,cassette player,0.37015095353126526,True
imagenette,data/imagenette2-320/val/n02979186/n02979186_20220.JPEG,n02979186,482,cassette player,482,cassette player,0.35596829652786255,True
imagenette,data/imagenette2-320/val/n02979186/n02979186_20312.JPEG,n02979186,482,cassette player,482,cassette player,0.6473923325538635,True
imagenette,data/imagenette2-320/val/n02979186/n02979186_20362.JPEG,n02979186,482,cassette player,482,cassette player,0.232248917222023,True
imagenette,data/imagenette2-320/val/n02979186/n02979186_2051.JPEG,n02979186,482,cassette player,481,cassette,0.12178581953048706,False
imagenette,data/imagenette2-320/val/n02979186/n02979186_20560.JPEG,n02979186,482,cassette player,482,cassette player,0.18170711398124695,True
imagenette,data/imagenette2-320/val/n02979186/n02979186_20561.JPEG,n02979186,482,cassette player,482,cassette player,0.16430599987506866,True
imagenette,data/imagenette2-320/val/n02979186/n02979186_20600.JPEG,n02979186,482,cassette player,481,cassette,0.3263096213340759,False
imagenette,data/imagenette2-320/val/n02979186/n02979186_20620.JPEG,n02979186,482,cassette player,482,cassette player,0.39337316155433655,True
imagenette,data/imagenette2-320/val/n02979186/n02979186_20631.JPEG,n02979186,482,cassette player,482,cassette player,0.3624473810195923,True
imagenette,data/imagenette2-320/val/n02979186/n02979186_20701.JPEG,n02979186,482,cassette player,485,CD player,0.2151937335729599,False
imagenette,data/imagenette2-320/val/n02979186/n02979186_20730.JPEG,n02979186,482,cassette player,482,cassette player,0.800366997718811,True
imagenette,data/imagenette2-320/val/n02979186/n02979186_20880.JPEG,n02979186,482,cassette player,482,cassette player,0.5078309178352356,True
imagenette,data/imagenette2-320/val/n02979186/n02979186_21392.JPEG,n02979186,482,cassette player,482,cassette player,0.6953471302986145,True
imagenette,data/imagenette2-320/val/n02979186/n02979186_21401.JPEG,n02979186,482,cassette player,482,cassette player,0.271628201007843,True
imagenette,data/imagenette2-320/val/n02979186/n02979186_2141.JPEG,n02979186,482,cassette player,482,cassette player,0.28474539518356323,True
imagenette,data/imagenette2-320/val/n02979186/n02979186_21472.JPEG,n02979186,482,cassette player,482,cassette player,0.6399042010307312,True
imagenette,data/imagenette2-320/val/n02979186/n02979186_21640.JPEG,n02979186,482,cassette player,481,cassette,0.3889775574207306,False
imagenette,data/imagenette2-320/val/n02979186/n02979186_2172.JPEG,n02979186,482,cassette player,482,cassette player,0.21910707652568817,True
imagenette,data/imagenette2-320/val/n02979186/n02979186_21910.JPEG,n02979186,482,cassette player,482,cassette player,0.14714859426021576,True
imagenette,data/imagenette2-320/val/n02979186/n02979186_21941.JPEG,n02979186,482,cassette player,482,cassette player,0.47770097851753235,True
imagenette,data/imagenette2-320/val/n02979186/n02979186_22101.JPEG,n02979186,482,cassette player,482,cassette player,0.2942253351211548,True
imagenette,data/imagenette2-320/val/n02979186/n02979186_22111.JPEG,n02979186,482,cassette player,482,cassette player,0.30262842774391174,True
imagenette,data/imagenette2-320/val/n02979186/n02979186_2230.JPEG,n02979186,482,cassette player,482,cassette player,0.5107893943786621,True
imagenette,data/imagenette2-320/val/n02979186/n02979186_22681.JPEG,n02979186,482,cassette player,482,cassette player,0.11711524426937103,True
imagenette,data/imagenette2-320/val/n02979186/n02979186_22761.JPEG,n02979186,482,cassette player,482,cassette player,0.21832643449306488,True
imagenette,data/imagenette2-320/val/n02979186/n02979186_22871.JPEG,n02979186,482,cassette player,848,tape player,0.34803691506385803,False
imagenette,data/imagenette2-320/val/n02979186/n02979186_22882.JPEG,n02979186,482,cassette player,848,tape player,0.3004235327243805,False
imagenette,data/imagenette2-320/val/n02979186/n02979186_22991.JPEG,n02979186,482,cassette player,482,cassette player,0.47020086646080017,True
imagenette,data/imagenette2-320/val/n02979186/n02979186_22992.JPEG,n02979186,482,cassette player,674,mousetrap,0.05145860090851784,False
imagenette,data/imagenette2-320/val/n02979186/n02979186_2312.JPEG,n02979186,482,cassette player,482,cassette player,0.48370620608329773,True
imagenette,data/imagenette2-320/val/n02979186/n02979186_23362.JPEG,n02979186,482,cassette player,482,cassette player,0.2224586308002472,True
imagenette,data/imagenette2-320/val/n02979186/n02979186_23440.JPEG,n02979186,482,cassette player,482,cassette player,0.29507720470428467,True
imagenette,data/imagenette2-320/val/n02979186/n02979186_2350.JPEG,n02979186,482,cassette player,848,tape player,0.45537590980529785,False
imagenette,data/imagenette2-320/val/n02979186/n02979186_23650.JPEG,n02979186,482,cassette player,482,cassette player,0.3597285747528076,True
imagenette,data/imagenette2-320/val/n02979186/n02979186_23730.JPEG,n02979186,482,cassette player,848,tape player,0.18219934403896332,False
imagenette,data/imagenette2-320/val/n02979186/n02979186_2381.JPEG,n02979186,482,cassette player,482,cassette player,0.3675270676612854,True
imagenette,data/imagenette2-320/val/n02979186/n02979186_23911.JPEG,n02979186,482,cassette player,848,tape player,0.4013455808162689,False
imagenette,data/imagenette2-320/val/n02979186/n02979186_24140.JPEG,n02979186,482,cassette player,482,cassette player,0.2085362821817398,True
imagenette,data/imagenette2-320/val/n02979186/n02979186_24492.JPEG,n02979186,482,cassette player,482,cassette player,0.1392745077610016,True
imagenette,data/imagenette2-320/val/n02979186/n02979186_24591.JPEG,n02979186,482,cassette player,482,cassette player,0.10533255338668823,True
imagenette,data/imagenette2-320/val/n02979186/n02979186_24592.JPEG,n02979186,482,cassette player,482,cassette player,0.6093128323554993,True
imagenette,data/imagenette2-320/val/n02979186/n02979186_24941.JPEG,n02979186,482,cassette player,848,tape player,0.3136192262172699,False
imagenette,data/imagenette2-320/val/n02979186/n02979186_2511.JPEG,n02979186,482,cassette player,482,cassette player,0.24224631488323212,True
imagenette,data/imagenette2-320/val/n02979186/n02979186_25141.JPEG,n02979186,482,cassette player,482,cassette player,0.6542023420333862,True
imagenette,data/imagenette2-320/val/n02979186/n02979186_2552.JPEG,n02979186,482,cassette player,482,cassette player,0.2448461949825287,True
imagenette,data/imagenette2-320/val/n02979186/n02979186_260.JPEG,n02979186,482,cassette player,485,CD player,0.4481240510940552,False
imagenette,data/imagenette2-320/val/n02979186/n02979186_26120.JPEG,n02979186,482,cassette player,848,tape player,0.39040717482566833,False
imagenette,data/imagenette2-320/val/n02979186/n02979186_2632.JPEG,n02979186,482,cassette player,632,loudspeaker,0.31142935156822205,False
imagenette,data/imagenette2-320/val/n02979186/n02979186_2642.JPEG,n02979186,482,cassette player,482,cassette player,0.28882911801338196,True
imagenette,data/imagenette2-320/val/n02979186/n02979186_26451.JPEG,n02979186,482,cassette player,848,tape player,0.26230666041374207,False
imagenette,data/imagenette2-320/val/n02979186/n02979186_26590.JPEG,n02979186,482,cassette player,481,cassette,0.18164028227329254,False
imagenette,data/imagenette2-320/val/n02979186/n02979186_26802.JPEG,n02979186,482,cassette player,482,cassette player,0.5865863561630249,True
imagenette,data/imagenette2-320/val/n02979186/n02979186_26820.JPEG,n02979186,482,cassette player,662,modem,0.25584614276885986,False
imagenette,data/imagenette2-320/val/n02979186/n02979186_26822.JPEG,n02979186,482,cassette player,481,cassette,0.182993546128273,False
imagenette,data/imagenette2-320/val/n02979186/n02979186_2702.JPEG,n02979186,482,cassette player,844,switch,0.4286046326160431,False
imagenette,data/imagenette2-320/val/n02979186/n02979186_271.JPEG,n02979186,482,cassette player,848,tape player,0.12228506803512573,False
imagenette,data/imagenette2-320/val/n02979186/n02979186_27110.JPEG,n02979186,482,cassette player,848,tape player,0.20419564843177795,False
imagenette,data/imagenette2-320/val/n02979186/n02979186_27252.JPEG,n02979186,482,cassette player,848,tape player,0.17740538716316223,False
imagenette,data/imagenette2-320/val/n02979186/n02979186_27262.JPEG,n02979186,482,cassette player,482,cassette player,0.14606963098049164,True
imagenette,data/imagenette2-320/val/n02979186/n02979186_27322.JPEG,n02979186,482,cassette player,482,cassette player,0.5951563119888306,True
imagenette,data/imagenette2-320/val/n02979186/n02979186_27392.JPEG,n02979186,482,cassette player,848,tape player,0.25905561447143555,False
imagenette,data/imagenette2-320/val/n02979186/n02979186_2742.JPEG,n02979186,482,cassette player,482,cassette player,0.19352290034294128,True
imagenette,data/imagenette2-320/val/n02979186/n02979186_27471.JPEG,n02979186,482,cassette player,482,cassette player,0.14335812628269196,True
imagenette,data/imagenette2-320/val/n02979186/n02979186_27481.JPEG,n02979186,482,cassette player,482,cassette player,0.11948734521865845,True
imagenette,data/imagenette2-320/val/n02979186/n02979186_27582.JPEG,n02979186,482,cassette player,848,tape player,0.3158562183380127,False
imagenette,data/imagenette2-320/val/n02979186/n02979186_27632.JPEG,n02979186,482,cassette player,482,cassette player,0.45296919345855713,True
imagenette,data/imagenette2-320/val/n02979186/n02979186_2772.JPEG,n02979186,482,cassette player,848,tape player,0.22541816532611847,False
imagenette,data/imagenette2-320/val/n02979186/n02979186_280.JPEG,n02979186,482,cassette player,482,cassette player,0.33554312586784363,True
imagenette,data/imagenette2-320/val/n02979186/n02979186_2810.JPEG,n02979186,482,cassette player,482,cassette player,0.2557314932346344,True
imagenette,data/imagenette2-320/val/n02979186/n02979186_2830.JPEG,n02979186,482,cassette player,848,tape player,0.10968360304832458,False
imagenette,data/imagenette2-320/val/n02979186/n02979186_2841.JPEG,n02979186,482,cassette player,745,projector,0.10663764923810959,False
imagenette,data/imagenette2-320/val/n02979186/n02979186_2842.JPEG,n02979186,482,cassette player,482,cassette player,0.42044830322265625,True
imagenette,data/imagenette2-320/val/n02979186/n02979186_2902.JPEG,n02979186,482,cassette player,482,cassette player,0.17111442983150482,True
imagenette,data/imagenette2-320/val/n02979186/n02979186_2981.JPEG,n02979186,482,cassette player,482,cassette player,0.4838374853134155,True
imagenette,data/imagenette2-320/val/n02979186/n02979186_3010.JPEG,n02979186,482,cassette player,482,cassette player,0.3402455449104309,True
imagenette,data/imagenette2-320/val/n02979186/n02979186_3102.JPEG,n02979186,482,cassette player,482,cassette player,0.13860537111759186,True
imagenette,data/imagenette2-320/val/n02979186/n02979186_3161.JPEG,n02979186,482,cassette player,481,cassette,0.17891107499599457,False
imagenette,data/imagenette2-320/val/n02979186/n02979186_3182.JPEG,n02979186,482,cassette player,485,CD player,0.5201987028121948,False
imagenette,data/imagenette2-320/val/n02979186/n02979186_3200.JPEG,n02979186,482,cassette player,848,tape player,0.3164574205875397,False
imagenette,data/imagenette2-320/val/n02979186/n02979186_3211.JPEG,n02979186,482,cassette player,848,tape player,0.20604586601257324,False
imagenette,data/imagenette2-320/val/n02979186/n02979186_3260.JPEG,n02979186,482,cassette player,481,cassette,0.3584919273853302,False
imagenette,data/imagenette2-320/val/n02979186/n02979186_3321.JPEG,n02979186,482,cassette player,482,cassette player,0.1935868114233017,True
imagenette,data/imagenette2-320/val/n02979186/n02979186_3371.JPEG,n02979186,482,cassette player,482,cassette player,0.22254502773284912,True
imagenette,data/imagenette2-320/val/n02979186/n02979186_3372.JPEG,n02979186,482,cassette player,851,television,0.2166961133480072,False
imagenette,data/imagenette2-320/val/n02979186/n02979186_3462.JPEG,n02979186,482,cassette player,482,cassette player,0.5605449080467224,True
imagenette,data/imagenette2-320/val/n02979186/n02979186_3472.JPEG,n02979186,482,cassette player,491,chain saw,0.11435877531766891,False
imagenette,data/imagenette2-320/val/n02979186/n02979186_351.JPEG,n02979186,482,cassette player,656,minivan,0.16133539378643036,False
imagenette,data/imagenette2-320/val/n02979186/n02979186_3530.JPEG,n02979186,482,cassette player,482,cassette player,0.1534387618303299,True
imagenette,data/imagenette2-320/val/n02979186/n02979186_3620.JPEG,n02979186,482,cassette player,482,cassette player,0.3225747346878052,True
imagenette,data/imagenette2-320/val/n02979186/n02979186_3672.JPEG,n02979186,482,cassette player,482,cassette player,0.19910384714603424,True
imagenette,data/imagenette2-320/val/n02979186/n02979186_3772.JPEG,n02979186,482,cassette player,482,cassette player,0.6319379210472107,True
imagenette,data/imagenette2-320/val/n02979186/n02979186_3902.JPEG,n02979186,482,cassette player,548,entertainment center,0.2752080261707306,False
imagenette,data/imagenette2-320/val/n02979186/n02979186_40.JPEG,n02979186,482,cassette player,848,tape player,0.24257142841815948,False
imagenette,data/imagenette2-320/val/n02979186/n02979186_4001.JPEG,n02979186,482,cassette player,848,tape player,0.24663405120372772,False
imagenette,data/imagenette2-320/val/n02979186/n02979186_4032.JPEG,n02979186,482,cassette player,848,tape player,0.526926577091217,False
imagenette,data/imagenette2-320/val/n02979186/n02979186_4090.JPEG,n02979186,482,cassette player,632,loudspeaker,0.23216469585895538,False
imagenette,data/imagenette2-320/val/n02979186/n02979186_4230.JPEG,n02979186,482,cassette player,848,tape player,0.25296977162361145,False
imagenette,data/imagenette2-320/val/n02979186/n02979186_4281.JPEG,n02979186,482,cassette player,482,cassette player,0.4973125159740448,True
imagenette,data/imagenette2-320/val/n02979186/n02979186_4341.JPEG,n02979186,482,cassette player,482,cassette player,0.07825875282287598,True
imagenette,data/imagenette2-320/val/n02979186/n02979186_4361.JPEG,n02979186,482,cassette player,482,cassette player,0.46352046728134155,True
imagenette,data/imagenette2-320/val/n02979186/n02979186_442.JPEG,n02979186,482,cassette player,485,CD player,0.20828038454055786,False
imagenette,data/imagenette2-320/val/n02979186/n02979186_4511.JPEG,n02979186,482,cassette player,848,tape player,0.21651168167591095,False
imagenette,data/imagenette2-320/val/n02979186/n02979186_4552.JPEG,n02979186,482,cassette player,482,cassette player,0.2758080065250397,True
imagenette,data/imagenette2-320/val/n02979186/n02979186_4690.JPEG,n02979186,482,cassette player,848,tape player,0.36923977732658386,False
imagenette,data/imagenette2-320/val/n02979186/n02979186_4691.JPEG,n02979186,482,cassette player,848,tape player,0.2681472897529602,False
imagenette,data/imagenette2-320/val/n02979186/n02979186_4720.JPEG,n02979186,482,cassette player,482,cassette player,0.6525790095329285,True
imagenette,data/imagenette2-320/val/n02979186/n02979186_4780.JPEG,n02979186,482,cassette player,482,cassette player,0.14873190224170685,True
imagenette,data/imagenette2-320/val/n02979186/n02979186_482.JPEG,n02979186,482,cassette player,482,cassette player,0.3971119225025177,True
imagenette,data/imagenette2-320/val/n02979186/n02979186_4830.JPEG,n02979186,482,cassette player,916,web site,0.5012751221656799,False
imagenette,data/imagenette2-320/val/n02979186/n02979186_4852.JPEG,n02979186,482,cassette player,482,cassette player,0.22372795641422272,True
imagenette,data/imagenette2-320/val/n02979186/n02979186_491.JPEG,n02979186,482,cassette player,482,cassette player,0.27166005969047546,True
imagenette,data/imagenette2-320/val/n02979186/n02979186_4971.JPEG,n02979186,482,cassette player,848,tape player,0.20026004314422607,False
imagenette,data/imagenette2-320/val/n02979186/n02979186_5031.JPEG,n02979186,482,cassette player,482,cassette player,0.4673987925052643,True
imagenette,data/imagenette2-320/val/n02979186/n02979186_510.JPEG,n02979186,482,cassette player,401,accordion,0.058708976954221725,False
imagenette,data/imagenette2-320/val/n02979186/n02979186_5162.JPEG,n02979186,482,cassette player,848,tape player,0.2772752046585083,False
imagenette,data/imagenette2-320/val/n02979186/n02979186_5280.JPEG,n02979186,482,cassette player,548,entertainment center,0.1466531604528427,False
imagenette,data/imagenette2-320/val/n02979186/n02979186_5321.JPEG,n02979186,482,cassette player,482,cassette player,0.6055217981338501,True
imagenette,data/imagenette2-320/val/n02979186/n02979186_5392.JPEG,n02979186,482,cassette player,481,cassette,0.2873553931713104,False
imagenette,data/imagenette2-320/val/n02979186/n02979186_5411.JPEG,n02979186,482,cassette player,530,digital clock,0.5365866422653198,False
imagenette,data/imagenette2-320/val/n02979186/n02979186_5460.JPEG,n02979186,482,cassette player,754,radio,0.1952088475227356,False
imagenette,data/imagenette2-320/val/n02979186/n02979186_5481.JPEG,n02979186,482,cassette player,481,cassette,0.19611316919326782,False
imagenette,data/imagenette2-320/val/n02979186/n02979186_560.JPEG,n02979186,482,cassette player,848,tape player,0.22620068490505219,False
imagenette,data/imagenette2-320/val/n02979186/n02979186_5612.JPEG,n02979186,482,cassette player,482,cassette player,0.5718984603881836,True
imagenette,data/imagenette2-320/val/n02979186/n02979186_562.JPEG,n02979186,482,cassette player,482,cassette player,0.23682567477226257,True
imagenette,data/imagenette2-320/val/n02979186/n02979186_5622.JPEG,n02979186,482,cassette player,481,cassette,0.10254137217998505,False
imagenette,data/imagenette2-320/val/n02979186/n02979186_5772.JPEG,n02979186,482,cassette player,482,cassette player,0.2187381237745285,True
imagenette,data/imagenette2-320/val/n02979186/n02979186_5781.JPEG,n02979186,482,cassette player,482,cassette player,0.29305610060691833,True
imagenette,data/imagenette2-320/val/n02979186/n02979186_5792.JPEG,n02979186,482,cassette player,482,cassette player,0.13050422072410583,True
imagenette,data/imagenette2-320/val/n02979186/n02979186_5822.JPEG,n02979186,482,cassette player,482,cassette player,0.514690101146698,True
imagenette,data/imagenette2-320/val/n02979186/n02979186_5841.JPEG,n02979186,482,cassette player,482,cassette player,0.11497168242931366,True
imagenette,data/imagenette2-320/val/n02979186/n02979186_5932.JPEG,n02979186,482,cassette player,485,CD player,0.22601889073848724,False
imagenette,data/imagenette2-320/val/n02979186/n02979186_5962.JPEG,n02979186,482,cassette player,482,cassette player,0.3615151345729828,True
imagenette,data/imagenette2-320/val/n02979186/n02979186_5970.JPEG,n02979186,482,cassette player,482,cassette player,0.34096819162368774,True
imagenette,data/imagenette2-320/val/n02979186/n02979186_5980.JPEG,n02979186,482,cassette player,848,tape player,0.2570211887359619,False
imagenette,data/imagenette2-320/val/n02979186/n02979186_600.JPEG,n02979186,482,cassette player,848,tape player,0.2821390628814697,False
imagenette,data/imagenette2-320/val/n02979186/n02979186_6012.JPEG,n02979186,482,cassette player,482,cassette player,0.17341604828834534,True
imagenette,data/imagenette2-320/val/n02979186/n02979186_6122.JPEG,n02979186,482,cassette player,482,cassette player,0.3320675194263458,True
imagenette,data/imagenette2-320/val/n02979186/n02979186_6172.JPEG,n02979186,482,cassette player,848,tape player,0.37441402673721313,False
imagenette,data/imagenette2-320/val/n02979186/n02979186_6181.JPEG,n02979186,482,cassette player,848,tape player,0.2635668218135834,False
imagenette,data/imagenette2-320/val/n02979186/n02979186_6271.JPEG,n02979186,482,cassette player,482,cassette player,0.6073755621910095,True
imagenette,data/imagenette2-320/val/n02979186/n02979186_6390.JPEG,n02979186,482,cassette player,485,CD player,0.2128800004720688,False
imagenette,data/imagenette2-320/val/n02979186/n02979186_6470.JPEG,n02979186,482,cassette player,482,cassette player,0.43647709488868713,True
imagenette,data/imagenette2-320/val/n02979186/n02979186_6520.JPEG,n02979186,482,cassette player,482,cassette player,0.3659895062446594,True
imagenette,data/imagenette2-320/val/n02979186/n02979186_6531.JPEG,n02979186,482,cassette player,848,tape player,0.24723632633686066,False
imagenette,data/imagenette2-320/val/n02979186/n02979186_6712.JPEG,n02979186,482,cassette player,848,tape player,0.2387436032295227,False
imagenette,data/imagenette2-320/val/n02979186/n02979186_6851.JPEG,n02979186,482,cassette player,848,tape player,0.2289399951696396,False
imagenette,data/imagenette2-320/val/n02979186/n02979186_6882.JPEG,n02979186,482,cassette player,482,cassette player,0.2553355395793915,True
imagenette,data/imagenette2-320/val/n02979186/n02979186_6992.JPEG,n02979186,482,cassette player,482,cassette player,0.745979905128479,True
imagenette,data/imagenette2-320/val/n02979186/n02979186_70.JPEG,n02979186,482,cassette player,485,CD player,0.17837673425674438,False
imagenette,data/imagenette2-320/val/n02979186/n02979186_7060.JPEG,n02979186,482,cassette player,482,cassette player,0.33234819769859314,True
imagenette,data/imagenette2-320/val/n02979186/n02979186_7150.JPEG,n02979186,482,cassette player,482,cassette player,0.6449375748634338,True
imagenette,data/imagenette2-320/val/n02979186/n02979186_731.JPEG,n02979186,482,cassette player,482,cassette player,0.7218470573425293,True
imagenette,data/imagenette2-320/val/n02979186/n02979186_7362.JPEG,n02979186,482,cassette player,482,cassette player,0.5110304355621338,True
imagenette,data/imagenette2-320/val/n02979186/n02979186_7371.JPEG,n02979186,482,cassette player,848,tape player,0.15343348681926727,False
imagenette,data/imagenette2-320/val/n02979186/n02979186_7440.JPEG,n02979186,482,cassette player,848,tape player,0.18590418994426727,False
imagenette,data/imagenette2-320/val/n02979186/n02979186_7492.JPEG,n02979186,482,cassette player,848,tape player,0.22518493235111237,False
imagenette,data/imagenette2-320/val/n02979186/n02979186_7531.JPEG,n02979186,482,cassette player,848,tape player,0.3010670244693756,False
imagenette,data/imagenette2-320/val/n02979186/n02979186_7672.JPEG,n02979186,482,cassette player,482,cassette player,0.2122686803340912,True
imagenette,data/imagenette2-320/val/n02979186/n02979186_7712.JPEG,n02979186,482,cassette player,481,cassette,0.18618085980415344,False
imagenette,data/imagenette2-320/val/n02979186/n02979186_7820.JPEG,n02979186,482,cassette player,482,cassette player,0.3385900855064392,True
imagenette,data/imagenette2-320/val/n02979186/n02979186_8092.JPEG,n02979186,482,cassette player,482,cassette player,0.19477447867393494,True
imagenette,data/imagenette2-320/val/n02979186/n02979186_811.JPEG,n02979186,482,cassette player,482,cassette player,0.3888273239135742,True
imagenette,data/imagenette2-320/val/n02979186/n02979186_8122.JPEG,n02979186,482,cassette player,482,cassette player,0.2998597323894501,True
imagenette,data/imagenette2-320/val/n02979186/n02979186_8211.JPEG,n02979186,482,cassette player,482,cassette player,0.2912029027938843,True
imagenette,data/imagenette2-320/val/n02979186/n02979186_8570.JPEG,n02979186,482,cassette player,485,CD player,0.19546206295490265,False
imagenette,data/imagenette2-320/val/n02979186/n02979186_872.JPEG,n02979186,482,cassette player,485,CD player,0.33241182565689087,False
imagenette,data/imagenette2-320/val/n02979186/n02979186_8751.JPEG,n02979186,482,cassette player,482,cassette player,0.25210651755332947,True
imagenette,data/imagenette2-320/val/n02979186/n02979186_8861.JPEG,n02979186,482,cassette player,707,pay-phone,0.26199281215667725,False
imagenette,data/imagenette2-320/val/n02979186/n02979186_8971.JPEG,n02979186,482,cassette player,482,cassette player,0.4315524101257324,True
imagenette,data/imagenette2-320/val/n02979186/n02979186_9011.JPEG,n02979186,482,cassette player,848,tape player,0.34597155451774597,False
imagenette,data/imagenette2-320/val/n02979186/n02979186_9041.JPEG,n02979186,482,cassette player,482,cassette player,0.5439602136611938,True
imagenette,data/imagenette2-320/val/n02979186/n02979186_9112.JPEG,n02979186,482,cassette player,848,tape player,0.26028382778167725,False
imagenette,data/imagenette2-320/val/n02979186/n02979186_9131.JPEG,n02979186,482,cassette player,485,CD player,0.22892503440380096,False
imagenette,data/imagenette2-320/val/n02979186/n02979186_9232.JPEG,n02979186,482,cassette player,482,cassette player,0.3893096446990967,True
imagenette,data/imagenette2-320/val/n02979186/n02979186_930.JPEG,n02979186,482,cassette player,848,tape player,0.36027559638023376,False
imagenette,data/imagenette2-320/val/n02979186/n02979186_931.JPEG,n02979186,482,cassette player,482,cassette player,0.3161633610725403,True
imagenette,data/imagenette2-320/val/n02979186/n02979186_9371.JPEG,n02979186,482,cassette player,848,tape player,0.13230319321155548,False
imagenette,data/imagenette2-320/val/n02979186/n02979186_9411.JPEG,n02979186,482,cassette player,482,cassette player,0.3982369899749756,True
imagenette,data/imagenette2-320/val/n02979186/n02979186_9431.JPEG,n02979186,482,cassette player,482,cassette player,0.17127543687820435,True
imagenette,data/imagenette2-320/val/n02979186/n02979186_9450.JPEG,n02979186,482,cassette player,481,cassette,0.25729987025260925,False
imagenette,data/imagenette2-320/val/n02979186/n02979186_9470.JPEG,n02979186,482,cassette player,848,tape player,0.14965523779392242,False
imagenette,data/imagenette2-320/val/n02979186/n02979186_960.JPEG,n02979186,482,cassette player,605,iPod,0.2551307678222656,False
imagenette,data/imagenette2-320/val/n02979186/n02979186_9651.JPEG,n02979186,482,cassette player,848,tape player,0.1587623506784439,False
imagenette,data/imagenette2-320/val/n02979186/n02979186_9740.JPEG,n02979186,482,cassette player,482,cassette player,0.3235217332839966,True
imagenette,data/imagenette2-320/val/n02979186/n02979186_9790.JPEG,n02979186,482,cassette player,662,modem,0.09811250120401382,False
imagenette,data/imagenette2-320/val/n02979186/n02979186_9811.JPEG,n02979186,482,cassette player,481,cassette,0.23776325583457947,False
imagenette,data/imagenette2-320/val/n02979186/n02979186_9910.JPEG,n02979186,482,cassette player,482,cassette player,0.24326154589653015,True
imagenette,data/imagenette2-320/val/n03000684/ILSVRC2012_val_00004262.JPEG,n03000684,491,chain saw,491,chain saw,0.4448184669017792,True
imagenette,data/imagenette2-320/val/n03000684/ILSVRC2012_val_00007460.JPEG,n03000684,491,chain saw,491,chain saw,0.3572721779346466,True
imagenette,data/imagenette2-320/val/n03000684/ILSVRC2012_val_00011170.JPEG,n03000684,491,chain saw,491,chain saw,0.5924395322799683,True
imagenette,data/imagenette2-320/val/n03000684/ILSVRC2012_val_00011951.JPEG,n03000684,491,chain saw,491,chain saw,0.18069739639759064,True
imagenette,data/imagenette2-320/val/n03000684/ILSVRC2012_val_00017801.JPEG,n03000684,491,chain saw,491,chain saw,0.7843577861785889,True
imagenette,data/imagenette2-320/val/n03000684/ILSVRC2012_val_00024480.JPEG,n03000684,491,chain saw,491,chain saw,0.4431953430175781,True
imagenette,data/imagenette2-320/val/n03000684/ILSVRC2012_val_00025890.JPEG,n03000684,491,chain saw,491,chain saw,0.2875278890132904,True
imagenette,data/imagenette2-320/val/n03000684/ILSVRC2012_val_00026061.JPEG,n03000684,491,chain saw,491,chain saw,0.2746330499649048,True
imagenette,data/imagenette2-320/val/n03000684/ILSVRC2012_val_00029211.JPEG,n03000684,491,chain saw,491,chain saw,0.237263485789299,True
imagenette,data/imagenette2-320/val/n03000684/ILSVRC2012_val_00036092.JPEG,n03000684,491,chain saw,491,chain saw,0.5739268660545349,True
imagenette,data/imagenette2-320/val/n03000684/ILSVRC2012_val_00045501.JPEG,n03000684,491,chain saw,491,chain saw,0.3211251199245453,True
imagenette,data/imagenette2-320/val/n03000684/ILSVRC2012_val_00045940.JPEG,n03000684,491,chain saw,491,chain saw,0.4451366364955902,True
imagenette,data/imagenette2-320/val/n03000684/ILSVRC2012_val_00046651.JPEG,n03000684,491,chain saw,491,chain saw,0.2029670923948288,True
imagenette,data/imagenette2-320/val/n03000684/ILSVRC2012_val_00047060.JPEG,n03000684,491,chain saw,634,lumbermill,0.10283186286687851,False
imagenette,data/imagenette2-320/val/n03000684/n03000684_1000.JPEG,n03000684,491,chain saw,491,chain saw,0.23325864970684052,True
imagenette,data/imagenette2-320/val/n03000684/n03000684_1011.JPEG,n03000684,491,chain saw,491,chain saw,0.335939884185791,True
imagenette,data/imagenette2-320/val/n03000684/n03000684_10131.JPEG,n03000684,491,chain saw,491,chain saw,0.5137421488761902,True
imagenette,data/imagenette2-320/val/n03000684/n03000684_10132.JPEG,n03000684,491,chain saw,491,chain saw,0.5332328081130981,True
imagenette,data/imagenette2-320/val/n03000684/n03000684_10200.JPEG,n03000684,491,chain saw,491,chain saw,0.1800795942544937,True
imagenette,data/imagenette2-320/val/n03000684/n03000684_10212.JPEG,n03000684,491,chain saw,491,chain saw,0.5289595127105713,True
imagenette,data/imagenette2-320/val/n03000684/n03000684_10302.JPEG,n03000684,491,chain saw,491,chain saw,0.6355736255645752,True
imagenette,data/imagenette2-320/val/n03000684/n03000684_1031.JPEG,n03000684,491,chain saw,491,chain saw,0.24349409341812134,True
imagenette,data/imagenette2-320/val/n03000684/n03000684_1040.JPEG,n03000684,491,chain saw,491,chain saw,0.2929403781890869,True
imagenette,data/imagenette2-320/val/n03000684/n03000684_10690.JPEG,n03000684,491,chain saw,491,chain saw,0.4301829934120178,True
imagenette,data/imagenette2-320/val/n03000684/n03000684_10692.JPEG,n03000684,491,chain saw,491,chain saw,0.5132821202278137,True
imagenette,data/imagenette2-320/val/n03000684/n03000684_10790.JPEG,n03000684,491,chain saw,491,chain saw,0.6384829878807068,True
imagenette,data/imagenette2-320/val/n03000684/n03000684_1082.JPEG,n03000684,491,chain saw,491,chain saw,0.8016238212585449,True
imagenette,data/imagenette2-320/val/n03000684/n03000684_10820.JPEG,n03000684,491,chain saw,491,chain saw,0.36691024899482727,True
imagenette,data/imagenette2-320/val/n03000684/n03000684_10860.JPEG,n03000684,491,chain saw,491,chain saw,0.07957729697227478,True
imagenette,data/imagenette2-320/val/n03000684/n03000684_10902.JPEG,n03000684,491,chain saw,491,chain saw,0.5504892468452454,True
imagenette,data/imagenette2-320/val/n03000684/n03000684_10960.JPEG,n03000684,491,chain saw,491,chain saw,0.19423773884773254,True
imagenette,data/imagenette2-320/val/n03000684/n03000684_10992.JPEG,n03000684,491,chain saw,491,chain saw,0.0900229960680008,True
imagenette,data/imagenette2-320/val/n03000684/n03000684_1100.JPEG,n03000684,491,chain saw,491,chain saw,0.4450863003730774,True
imagenette,data/imagenette2-320/val/n03000684/n03000684_11070.JPEG,n03000684,491,chain saw,491,chain saw,0.2916005849838257,True
imagenette,data/imagenette2-320/val/n03000684/n03000684_11090.JPEG,n03000684,491,chain saw,491,chain saw,0.5697453022003174,True
imagenette,data/imagenette2-320/val/n03000684/n03000684_11122.JPEG,n03000684,491,chain saw,491,chain saw,0.35778746008872986,True
imagenette,data/imagenette2-320/val/n03000684/n03000684_11180.JPEG,n03000684,491,chain saw,491,chain saw,0.7372902631759644,True
imagenette,data/imagenette2-320/val/n03000684/n03000684_1122.JPEG,n03000684,491,chain saw,491,chain saw,0.7353465557098389,True
imagenette,data/imagenette2-320/val/n03000684/n03000684_11241.JPEG,n03000684,491,chain saw,491,chain saw,0.40458208322525024,True
imagenette,data/imagenette2-320/val/n03000684/n03000684_11441.JPEG,n03000684,491,chain saw,491,chain saw,0.3259986639022827,True
imagenette,data/imagenette2-320/val/n03000684/n03000684_11511.JPEG,n03000684,491,chain saw,491,chain saw,0.14906346797943115,True
imagenette,data/imagenette2-320/val/n03000684/n03000684_11552.JPEG,n03000684,491,chain saw,491,chain saw,0.7784194350242615,True
imagenette,data/imagenette2-320/val/n03000684/n03000684_11672.JPEG,n03000684,491,chain saw,491,chain saw,0.46520575881004333,True
imagenette,data/imagenette2-320/val/n03000684/n03000684_11701.JPEG,n03000684,491,chain saw,880,unicycle,0.1401117593050003,False
imagenette,data/imagenette2-320/val/n03000684/n03000684_11821.JPEG,n03000684,491,chain saw,491,chain saw,0.41400647163391113,True
imagenette,data/imagenette2-320/val/n03000684/n03000684_11861.JPEG,n03000684,491,chain saw,491,chain saw,0.4781782329082489,True
imagenette,data/imagenette2-320/val/n03000684/n03000684_12051.JPEG,n03000684,491,chain saw,491,chain saw,0.16714511811733246,True
imagenette,data/imagenette2-320/val/n03000684/n03000684_12052.JPEG,n03000684,491,chain saw,491,chain saw,0.2747972905635834,True
imagenette,data/imagenette2-320/val/n03000684/n03000684_1210.JPEG,n03000684,491,chain saw,491,chain saw,0.8599246740341187,True
imagenette,data/imagenette2-320/val/n03000684/n03000684_12170.JPEG,n03000684,491,chain saw,491,chain saw,0.8688326478004456,True
imagenette,data/imagenette2-320/val/n03000684/n03000684_12370.JPEG,n03000684,491,chain saw,541,drum,0.0455113984644413,False
imagenette,data/imagenette2-320/val/n03000684/n03000684_12430.JPEG,n03000684,491,chain saw,491,chain saw,0.4241495430469513,True
imagenette,data/imagenette2-320/val/n03000684/n03000684_12470.JPEG,n03000684,491,chain saw,491,chain saw,0.5782022476196289,True
imagenette,data/imagenette2-320/val/n03000684/n03000684_12570.JPEG,n03000684,491,chain saw,491,chain saw,0.3593302369117737,True
imagenette,data/imagenette2-320/val/n03000684/n03000684_12642.JPEG,n03000684,491,chain saw,491,chain saw,0.33323556184768677,True
imagenette,data/imagenette2-320/val/n03000684/n03000684_12670.JPEG,n03000684,491,chain saw,491,chain saw,0.45308852195739746,True
imagenette,data/imagenette2-320/val/n03000684/n03000684_12880.JPEG,n03000684,491,chain saw,491,chain saw,0.5535783767700195,True
imagenette,data/imagenette2-320/val/n03000684/n03000684_1290.JPEG,n03000684,491,chain saw,491,chain saw,0.5297228097915649,True
imagenette,data/imagenette2-320/val/n03000684/n03000684_1300.JPEG,n03000684,491,chain saw,491,chain saw,0.23753784596920013,True
imagenette,data/imagenette2-320/val/n03000684/n03000684_13071.JPEG,n03000684,491,chain saw,491,chain saw,0.35007038712501526,True
imagenette,data/imagenette2-320/val/n03000684/n03000684_1310.JPEG,n03000684,491,chain saw,491,chain saw,0.26893094182014465,True
imagenette,data/imagenette2-320/val/n03000684/n03000684_13182.JPEG,n03000684,491,chain saw,491,chain saw,0.251481831073761,True
imagenette,data/imagenette2-320/val/n03000684/n03000684_13270.JPEG,n03000684,491,chain saw,491,chain saw,0.25129857659339905,True
imagenette,data/imagenette2-320/val/n03000684/n03000684_13352.JPEG,n03000684,491,chain saw,491,chain saw,0.3400363028049469,True
imagenette,data/imagenette2-320/val/n03000684/n03000684_13402.JPEG,n03000684,491,chain saw,491,chain saw,0.32118797302246094,True
imagenette,data/imagenette2-320/val/n03000684/n03000684_13440.JPEG,n03000684,491,chain saw,491,chain saw,0.21567599475383759,True
imagenette,data/imagenette2-320/val/n03000684/n03000684_13510.JPEG,n03000684,491,chain saw,491,chain saw,0.3163321316242218,True
imagenette,data/imagenette2-320/val/n03000684/n03000684_13511.JPEG,n03000684,491,chain saw,456,bow,0.09118670970201492,False
imagenette,data/imagenette2-320/val/n03000684/n03000684_13541.JPEG,n03000684,491,chain saw,491,chain saw,0.5366038084030151,True
imagenette,data/imagenette2-320/val/n03000684/n03000684_13560.JPEG,n03000684,491,chain saw,491,chain saw,0.3263736367225647,True
imagenette,data/imagenette2-320/val/n03000684/n03000684_13920.JPEG,n03000684,491,chain saw,517,crane,0.14034298062324524,False
imagenette,data/imagenette2-320/val/n03000684/n03000684_13982.JPEG,n03000684,491,chain saw,491,chain saw,0.29577651619911194,True
imagenette,data/imagenette2-320/val/n03000684/n03000684_14022.JPEG,n03000684,491,chain saw,491,chain saw,0.49509280920028687,True
imagenette,data/imagenette2-320/val/n03000684/n03000684_14060.JPEG,n03000684,491,chain saw,491,chain saw,0.26369190216064453,True
imagenette,data/imagenette2-320/val/n03000684/n03000684_141.JPEG,n03000684,491,chain saw,491,chain saw,0.10664635896682739,True
imagenette,data/imagenette2-320/val/n03000684/n03000684_14112.JPEG,n03000684,491,chain saw,491,chain saw,0.6345674991607666,True
imagenette,data/imagenette2-320/val/n03000684/n03000684_14120.JPEG,n03000684,491,chain saw,491,chain saw,0.04659828543663025,True
imagenette,data/imagenette2-320/val/n03000684/n03000684_14132.JPEG,n03000684,491,chain saw,491,chain saw,0.4692259728908539,True
imagenette,data/imagenette2-320/val/n03000684/n03000684_14171.JPEG,n03000684,491,chain saw,646,maze,0.049403104931116104,False
imagenette,data/imagenette2-320/val/n03000684/n03000684_14351.JPEG,n03000684,491,chain saw,634,lumbermill,0.056563060730695724,False
imagenette,data/imagenette2-320/val/n03000684/n03000684_14391.JPEG,n03000684,491,chain saw,853,thatch,0.12282723933458328,False
imagenette,data/imagenette2-320/val/n03000684/n03000684_14502.JPEG,n03000684,491,chain saw,491,chain saw,0.16557909548282623,True
imagenette,data/imagenette2-320/val/n03000684/n03000684_14600.JPEG,n03000684,491,chain saw,595,harvester,0.09599693864583969,False
imagenette,data/imagenette2-320/val/n03000684/n03000684_14632.JPEG,n03000684,491,chain saw,491,chain saw,0.2758445739746094,True
imagenette,data/imagenette2-320/val/n03000684/n03000684_14650.JPEG,n03000684,491,chain saw,491,chain saw,0.6484015583992004,True
imagenette,data/imagenette2-320/val/n03000684/n03000684_14720.JPEG,n03000684,491,chain saw,491,chain saw,0.6900253295898438,True
imagenette,data/imagenette2-320/val/n03000684/n03000684_14740.JPEG,n03000684,491,chain saw,491,chain saw,0.759288489818573,True
imagenette,data/imagenette2-320/val/n03000684/n03000684_14761.JPEG,n03000684,491,chain saw,491,chain saw,0.33486464619636536,True
imagenette,data/imagenette2-320/val/n03000684/n03000684_14882.JPEG,n03000684,491,chain saw,491,chain saw,0.12425865232944489,True
imagenette,data/imagenette2-320/val/n03000684/n03000684_1490.JPEG,n03000684,491,chain saw,491,chain saw,0.4376577138900757,True
imagenette,data/imagenette2-320/val/n03000684/n03000684_15040.JPEG,n03000684,491,chain saw,491,chain saw,0.4266199767589569,True
imagenette,data/imagenette2-320/val/n03000684/n03000684_15071.JPEG,n03000684,491,chain saw,491,chain saw,0.5577632188796997,True
imagenette,data/imagenette2-320/val/n03000684/n03000684_15181.JPEG,n03000684,491,chain saw,491,chain saw,0.7162298560142517,True
imagenette,data/imagenette2-320/val/n03000684/n03000684_15202.JPEG,n03000684,491,chain saw,491,chain saw,0.3468621075153351,True
imagenette,data/imagenette2-320/val/n03000684/n03000684_15300.JPEG,n03000684,491,chain saw,491,chain saw,0.6315546035766602,True
imagenette,data/imagenette2-320/val/n03000684/n03000684_15321.JPEG,n03000684,491,chain saw,491,chain saw,0.353473424911499,True
imagenette,data/imagenette2-320/val/n03000684/n03000684_15400.JPEG,n03000684,491,chain saw,491,chain saw,0.5718113780021667,True
imagenette,data/imagenette2-320/val/n03000684/n03000684_1542.JPEG,n03000684,491,chain saw,491,chain saw,0.12727954983711243,True
imagenette,data/imagenette2-320/val/n03000684/n03000684_15441.JPEG,n03000684,491,chain saw,461,breastplate,0.20345629751682281,False
imagenette,data/imagenette2-320/val/n03000684/n03000684_15470.JPEG,n03000684,491,chain saw,491,chain saw,0.6225342750549316,True
imagenette,data/imagenette2-320/val/n03000684/n03000684_15521.JPEG,n03000684,491,chain saw,491,chain saw,0.4470630884170532,True
imagenette,data/imagenette2-320/val/n03000684/n03000684_15582.JPEG,n03000684,491,chain saw,491,chain saw,0.8117337822914124,True
imagenette,data/imagenette2-320/val/n03000684/n03000684_15621.JPEG,n03000684,491,chain saw,491,chain saw,0.2678915560245514,True
imagenette,data/imagenette2-320/val/n03000684/n03000684_15690.JPEG,n03000684,491,chain saw,634,lumbermill,0.21823452413082123,False
imagenette,data/imagenette2-320/val/n03000684/n03000684_15691.JPEG,n03000684,491,chain saw,491,chain saw,0.48041966557502747,True
imagenette,data/imagenette2-320/val/n03000684/n03000684_15731.JPEG,n03000684,491,chain saw,491,chain saw,0.1745469570159912,True
imagenette,data/imagenette2-320/val/n03000684/n03000684_15932.JPEG,n03000684,491,chain saw,491,chain saw,0.12627843022346497,True
imagenette,data/imagenette2-320/val/n03000684/n03000684_15950.JPEG,n03000684,491,chain saw,491,chain saw,0.3928380310535431,True
imagenette,data/imagenette2-320/val/n03000684/n03000684_15980.JPEG,n03000684,491,chain saw,491,chain saw,0.3327539265155792,True
imagenette,data/imagenette2-320/val/n03000684/n03000684_16072.JPEG,n03000684,491,chain saw,491,chain saw,0.26618391275405884,True
imagenette,data/imagenette2-320/val/n03000684/n03000684_16092.JPEG,n03000684,491,chain saw,491,chain saw,0.6631083488464355,True
imagenette,data/imagenette2-320/val/n03000684/n03000684_16151.JPEG,n03000684,491,chain saw,491,chain saw,0.32134440541267395,True
imagenette,data/imagenette2-320/val/n03000684/n03000684_16171.JPEG,n03000684,491,chain saw,491,chain saw,0.4712519645690918,True
imagenette,data/imagenette2-320/val/n03000684/n03000684_16242.JPEG,n03000684,491,chain saw,491,chain saw,0.14227741956710815,True
imagenette,data/imagenette2-320/val/n03000684/n03000684_16280.JPEG,n03000684,491,chain saw,491,chain saw,0.22843919694423676,True
imagenette,data/imagenette2-320/val/n03000684/n03000684_16291.JPEG,n03000684,491,chain saw,491,chain saw,0.2876903712749481,True
imagenette,data/imagenette2-320/val/n03000684/n03000684_16312.JPEG,n03000684,491,chain saw,491,chain saw,0.18714669346809387,True
imagenette,data/imagenette2-320/val/n03000684/n03000684_16372.JPEG,n03000684,491,chain saw,491,chain saw,0.2677841782569885,True
imagenette,data/imagenette2-320/val/n03000684/n03000684_16431.JPEG,n03000684,491,chain saw,461,breastplate,0.04577802121639252,False
imagenette,data/imagenette2-320/val/n03000684/n03000684_16460.JPEG,n03000684,491,chain saw,491,chain saw,0.5587412118911743,True
imagenette,data/imagenette2-320/val/n03000684/n03000684_16481.JPEG,n03000684,491,chain saw,726,plane,0.14688342809677124,False
imagenette,data/imagenette2-320/val/n03000684/n03000684_16542.JPEG,n03000684,491,chain saw,491,chain saw,0.08413585275411606,True
imagenette,data/imagenette2-320/val/n03000684/n03000684_16591.JPEG,n03000684,491,chain saw,491,chain saw,0.4435062110424042,True
imagenette,data/imagenette2-320/val/n03000684/n03000684_16611.JPEG,n03000684,491,chain saw,491,chain saw,0.7955888509750366,True
imagenette,data/imagenette2-320/val/n03000684/n03000684_16632.JPEG,n03000684,491,chain saw,491,chain saw,0.3129265606403351,True
imagenette,data/imagenette2-320/val/n03000684/n03000684_16672.JPEG,n03000684,491,chain saw,491,chain saw,0.6233681440353394,True
imagenette,data/imagenette2-320/val/n03000684/n03000684_16691.JPEG,n03000684,491,chain saw,491,chain saw,0.28682464361190796,True
imagenette,data/imagenette2-320/val/n03000684/n03000684_16782.JPEG,n03000684,491,chain saw,491,chain saw,0.24521856009960175,True
imagenette,data/imagenette2-320/val/n03000684/n03000684_16790.JPEG,n03000684,491,chain saw,491,chain saw,0.49768516421318054,True
imagenette,data/imagenette2-320/val/n03000684/n03000684_16861.JPEG,n03000684,491,chain saw,491,chain saw,0.04353995621204376,True
imagenette,data/imagenette2-320/val/n03000684/n03000684_16872.JPEG,n03000684,491,chain saw,491,chain saw,0.2618522346019745,True
imagenette,data/imagenette2-320/val/n03000684/n03000684_1692.JPEG,n03000684,491,chain saw,491,chain saw,0.11361286789178848,True
imagenette,data/imagenette2-320/val/n03000684/n03000684_16972.JPEG,n03000684,491,chain saw,491,chain saw,0.6788666844367981,True
imagenette,data/imagenette2-320/val/n03000684/n03000684_16991.JPEG,n03000684,491,chain saw,491,chain saw,0.8874920606613159,True
imagenette,data/imagenette2-320/val/n03000684/n03000684_17082.JPEG,n03000684,491,chain saw,491,chain saw,0.10782772302627563,True
imagenette,data/imagenette2-320/val/n03000684/n03000684_17132.JPEG,n03000684,491,chain saw,634,lumbermill,0.11086559295654297,False
imagenette,data/imagenette2-320/val/n03000684/n03000684_17140.JPEG,n03000684,491,chain saw,491,chain saw,0.57468581199646,True
imagenette,data/imagenette2-320/val/n03000684/n03000684_17162.JPEG,n03000684,491,chain saw,491,chain saw,0.24182049930095673,True
imagenette,data/imagenette2-320/val/n03000684/n03000684_17182.JPEG,n03000684,491,chain saw,733,pole,0.12443488836288452,False
imagenette,data/imagenette2-320/val/n03000684/n03000684_17192.JPEG,n03000684,491,chain saw,491,chain saw,0.8309574723243713,True
imagenette,data/imagenette2-320/val/n03000684/n03000684_17200.JPEG,n03000684,491,chain saw,728,plastic bag,0.07531935721635818,False
imagenette,data/imagenette2-320/val/n03000684/n03000684_17250.JPEG,n03000684,491,chain saw,491,chain saw,0.08928395807743073,True
imagenette,data/imagenette2-320/val/n03000684/n03000684_17261.JPEG,n03000684,491,chain saw,634,lumbermill,0.25460562109947205,False
imagenette,data/imagenette2-320/val/n03000684/n03000684_17272.JPEG,n03000684,491,chain saw,491,chain saw,0.24695119261741638,True
imagenette,data/imagenette2-320/val/n03000684/n03000684_17281.JPEG,n03000684,491,chain saw,491,chain saw,0.36856237053871155,True
imagenette,data/imagenette2-320/val/n03000684/n03000684_17330.JPEG,n03000684,491,chain saw,491,chain saw,0.22133725881576538,True
imagenette,data/imagenette2-320/val/n03000684/n03000684_17382.JPEG,n03000684,491,chain saw,491,chain saw,0.6754512786865234,True
imagenette,data/imagenette2-320/val/n03000684/n03000684_17431.JPEG,n03000684,491,chain saw,491,chain saw,0.3890160620212555,True
imagenette,data/imagenette2-320/val/n03000684/n03000684_1752.JPEG,n03000684,491,chain saw,491,chain saw,0.5356758832931519,True
imagenette,data/imagenette2-320/val/n03000684/n03000684_17811.JPEG,n03000684,491,chain saw,491,chain saw,0.3725537955760956,True
imagenette,data/imagenette2-320/val/n03000684/n03000684_17862.JPEG,n03000684,491,chain saw,491,chain saw,0.15258872509002686,True
imagenette,data/imagenette2-320/val/n03000684/n03000684_1790.JPEG,n03000684,491,chain saw,491,chain saw,0.2010691612958908,True
imagenette,data/imagenette2-320/val/n03000684/n03000684_17902.JPEG,n03000684,491,chain saw,491,chain saw,0.24064648151397705,True
imagenette,data/imagenette2-320/val/n03000684/n03000684_180.JPEG,n03000684,491,chain saw,607,jack-o'-lantern,0.06158881261944771,False
imagenette,data/imagenette2-320/val/n03000684/n03000684_18020.JPEG,n03000684,491,chain saw,491,chain saw,0.4377967119216919,True
imagenette,data/imagenette2-320/val/n03000684/n03000684_18140.JPEG,n03000684,491,chain saw,491,chain saw,0.333206444978714,True
imagenette,data/imagenette2-320/val/n03000684/n03000684_1821.JPEG,n03000684,491,chain saw,491,chain saw,0.6190611720085144,True
imagenette,data/imagenette2-320/val/n03000684/n03000684_18242.JPEG,n03000684,491,chain saw,491,chain saw,0.3656904995441437,True
imagenette,data/imagenette2-320/val/n03000684/n03000684_18321.JPEG,n03000684,491,chain saw,491,chain saw,0.5212849974632263,True
imagenette,data/imagenette2-320/val/n03000684/n03000684_18502.JPEG,n03000684,491,chain saw,634,lumbermill,0.10751969367265701,False
imagenette,data/imagenette2-320/val/n03000684/n03000684_18521.JPEG,n03000684,491,chain saw,491,chain saw,0.4535387456417084,True
imagenette,data/imagenette2-320/val/n03000684/n03000684_18590.JPEG,n03000684,491,chain saw,491,chain saw,0.2859261631965637,True
imagenette,data/imagenette2-320/val/n03000684/n03000684_18591.JPEG,n03000684,491,chain saw,491,chain saw,0.4012300372123718,True
imagenette,data/imagenette2-320/val/n03000684/n03000684_18880.JPEG,n03000684,491,chain saw,491,chain saw,0.23218558728694916,True
imagenette,data/imagenette2-320/val/n03000684/n03000684_18881.JPEG,n03000684,491,chain saw,491,chain saw,0.8424182534217834,True
imagenette,data/imagenette2-320/val/n03000684/n03000684_19071.JPEG,n03000684,491,chain saw,491,chain saw,0.2776287794113159,True
imagenette,data/imagenette2-320/val/n03000684/n03000684_19192.JPEG,n03000684,491,chain saw,491,chain saw,0.23982948064804077,True
imagenette,data/imagenette2-320/val/n03000684/n03000684_19211.JPEG,n03000684,491,chain saw,491,chain saw,0.46114447712898254,True
imagenette,data/imagenette2-320/val/n03000684/n03000684_19272.JPEG,n03000684,491,chain saw,491,chain saw,0.2704237103462219,True
imagenette,data/imagenette2-320/val/n03000684/n03000684_19300.JPEG,n03000684,491,chain saw,491,chain saw,0.42578813433647156,True
imagenette,data/imagenette2-320/val/n03000684/n03000684_19382.JPEG,n03000684,491,chain saw,491,chain saw,0.5938507318496704,True
imagenette,data/imagenette2-320/val/n03000684/n03000684_19591.JPEG,n03000684,491,chain saw,491,chain saw,0.27671828866004944,True
imagenette,data/imagenette2-320/val/n03000684/n03000684_1960.JPEG,n03000684,491,chain saw,491,chain saw,0.5580839514732361,True
imagenette,data/imagenette2-320/val/n03000684/n03000684_19650.JPEG,n03000684,491,chain saw,491,chain saw,0.18060503900051117,True
imagenette,data/imagenette2-320/val/n03000684/n03000684_1970.JPEG,n03000684,491,chain saw,491,chain saw,0.2869785726070404,True
imagenette,data/imagenette2-320/val/n03000684/n03000684_19720.JPEG,n03000684,491,chain saw,491,chain saw,0.7562537789344788,True
imagenette,data/imagenette2-320/val/n03000684/n03000684_19771.JPEG,n03000684,491,chain saw,491,chain saw,0.7255469560623169,True
imagenette,data/imagenette2-320/val/n03000684/n03000684_19792.JPEG,n03000684,491,chain saw,740,power drill,0.06979132443666458,False
imagenette,data/imagenette2-320/val/n03000684/n03000684_19801.JPEG,n03000684,491,chain saw,491,chain saw,0.7800033092498779,True
imagenette,data/imagenette2-320/val/n03000684/n03000684_19862.JPEG,n03000684,491,chain saw,491,chain saw,0.3505401611328125,True
imagenette,data/imagenette2-320/val/n03000684/n03000684_19890.JPEG,n03000684,491,chain saw,491,chain saw,0.6118355989456177,True
imagenette,data/imagenette2-320/val/n03000684/n03000684_19981.JPEG,n03000684,491,chain saw,491,chain saw,0.36747804284095764,True
imagenette,data/imagenette2-320/val/n03000684/n03000684_20052.JPEG,n03000684,491,chain saw,491,chain saw,0.3216839134693146,True
imagenette,data/imagenette2-320/val/n03000684/n03000684_20081.JPEG,n03000684,491,chain saw,491,chain saw,0.44259873032569885,True
imagenette,data/imagenette2-320/val/n03000684/n03000684_20250.JPEG,n03000684,491,chain saw,491,chain saw,0.24528440833091736,True
imagenette,data/imagenette2-320/val/n03000684/n03000684_20290.JPEG,n03000684,491,chain saw,491,chain saw,0.44200682640075684,True
imagenette,data/imagenette2-320/val/n03000684/n03000684_20532.JPEG,n03000684,491,chain saw,491,chain saw,0.5334279537200928,True
imagenette,data/imagenette2-320/val/n03000684/n03000684_2060.JPEG,n03000684,491,chain saw,491,chain saw,0.5818365812301636,True
imagenette,data/imagenette2-320/val/n03000684/n03000684_20650.JPEG,n03000684,491,chain saw,491,chain saw,0.39024800062179565,True
imagenette,data/imagenette2-320/val/n03000684/n03000684_20762.JPEG,n03000684,491,chain saw,491,chain saw,0.797545850276947,True
imagenette,data/imagenette2-320/val/n03000684/n03000684_2102.JPEG,n03000684,491,chain saw,491,chain saw,0.446720689535141,True
imagenette,data/imagenette2-320/val/n03000684/n03000684_21641.JPEG,n03000684,491,chain saw,491,chain saw,0.5638427138328552,True
imagenette,data/imagenette2-320/val/n03000684/n03000684_21831.JPEG,n03000684,491,chain saw,634,lumbermill,0.28474757075309753,False
imagenette,data/imagenette2-320/val/n03000684/n03000684_2202.JPEG,n03000684,491,chain saw,491,chain saw,0.169034942984581,True
imagenette,data/imagenette2-320/val/n03000684/n03000684_2220.JPEG,n03000684,491,chain saw,491,chain saw,0.40654897689819336,True
imagenette,data/imagenette2-320/val/n03000684/n03000684_2252.JPEG,n03000684,491,chain saw,491,chain saw,0.28704947233200073,True
imagenette,data/imagenette2-320/val/n03000684/n03000684_22892.JPEG,n03000684,491,chain saw,491,chain saw,0.24252721667289734,True
imagenette,data/imagenette2-320/val/n03000684/n03000684_2340.JPEG,n03000684,491,chain saw,491,chain saw,0.7383968234062195,True
imagenette,data/imagenette2-320/val/n03000684/n03000684_2350.JPEG,n03000684,491,chain saw,491,chain saw,0.6327285766601562,True
imagenette,data/imagenette2-320/val/n03000684/n03000684_23960.JPEG,n03000684,491,chain saw,491,chain saw,0.7020570635795593,True
imagenette,data/imagenette2-320/val/n03000684/n03000684_23971.JPEG,n03000684,491,chain saw,491,chain saw,0.43833422660827637,True
imagenette,data/imagenette2-320/val/n03000684/n03000684_2402.JPEG,n03000684,491,chain saw,491,chain saw,0.4474090337753296,True
imagenette,data/imagenette2-320/val/n03000684/n03000684_24020.JPEG,n03000684,491,chain saw,491,chain saw,0.3214002251625061,True
imagenette,data/imagenette2-320/val/n03000684/n03000684_2421.JPEG,n03000684,491,chain saw,491,chain saw,0.5971401333808899,True
imagenette,data/imagenette2-320/val/n03000684/n03000684_24332.JPEG,n03000684,491,chain saw,491,chain saw,0.3509400486946106,True
imagenette,data/imagenette2-320/val/n03000684/n03000684_2452.JPEG,n03000684,491,chain saw,491,chain saw,0.4999240040779114,True
imagenette,data/imagenette2-320/val/n03000684/n03000684_24542.JPEG,n03000684,491,chain saw,491,chain saw,0.1952960193157196,True
imagenette,data/imagenette2-320/val/n03000684/n03000684_24620.JPEG,n03000684,491,chain saw,491,chain saw,0.6126915216445923,True
imagenette,data/imagenette2-320/val/n03000684/n03000684_2472.JPEG,n03000684,491,chain saw,491,chain saw,0.2457665503025055,True
imagenette,data/imagenette2-320/val/n03000684/n03000684_24991.JPEG,n03000684,491,chain saw,491,chain saw,0.5865350961685181,True
imagenette,data/imagenette2-320/val/n03000684/n03000684_25302.JPEG,n03000684,491,chain saw,612,jinrikisha,0.09366394579410553,False
imagenette,data/imagenette2-320/val/n03000684/n03000684_2541.JPEG,n03000684,491,chain saw,491,chain saw,0.6871088743209839,True
imagenette,data/imagenette2-320/val/n03000684/n03000684_25411.JPEG,n03000684,491,chain saw,491,chain saw,0.27819496393203735,True
imagenette,data/imagenette2-320/val/n03000684/n03000684_2562.JPEG,n03000684,491,chain saw,491,chain saw,0.34648454189300537,True
imagenette,data/imagenette2-320/val/n03000684/n03000684_25951.JPEG,n03000684,491,chain saw,491,chain saw,0.21285103261470795,True
imagenette,data/imagenette2-320/val/n03000684/n03000684_2610.JPEG,n03000684,491,chain saw,491,chain saw,0.13592498004436493,True
imagenette,data/imagenette2-320/val/n03000684/n03000684_26780.JPEG,n03000684,491,chain saw,491,chain saw,0.2829199731349945,True
imagenette,data/imagenette2-320/val/n03000684/n03000684_26901.JPEG,n03000684,491,chain saw,491,chain saw,0.605720043182373,True
imagenette,data/imagenette2-320/val/n03000684/n03000684_272.JPEG,n03000684,491,chain saw,491,chain saw,0.1097726970911026,True
imagenette,data/imagenette2-320/val/n03000684/n03000684_27220.JPEG,n03000684,491,chain saw,491,chain saw,0.11849524080753326,True
imagenette,data/imagenette2-320/val/n03000684/n03000684_27361.JPEG,n03000684,491,chain saw,491,chain saw,0.3304474651813507,True
imagenette,data/imagenette2-320/val/n03000684/n03000684_27850.JPEG,n03000684,491,chain saw,491,chain saw,0.5570451021194458,True
imagenette,data/imagenette2-320/val/n03000684/n03000684_27981.JPEG,n03000684,491,chain saw,491,chain saw,0.6313378810882568,True
imagenette,data/imagenette2-320/val/n03000684/n03000684_2812.JPEG,n03000684,491,chain saw,491,chain saw,0.34810855984687805,True
imagenette,data/imagenette2-320/val/n03000684/n03000684_28162.JPEG,n03000684,491,chain saw,491,chain saw,0.5875545740127563,True
imagenette,data/imagenette2-320/val/n03000684/n03000684_2820.JPEG,n03000684,491,chain saw,491,chain saw,0.434981107711792,True
imagenette,data/imagenette2-320/val/n03000684/n03000684_28702.JPEG,n03000684,491,chain saw,491,chain saw,0.1406296342611313,True
imagenette,data/imagenette2-320/val/n03000684/n03000684_28711.JPEG,n03000684,491,chain saw,491,chain saw,0.29836469888687134,True
imagenette,data/imagenette2-320/val/n03000684/n03000684_29062.JPEG,n03000684,491,chain saw,491,chain saw,0.327827125787735,True
imagenette,data/imagenette2-320/val/n03000684/n03000684_292.JPEG,n03000684,491,chain saw,491,chain saw,0.8662962317466736,True
imagenette,data/imagenette2-320/val/n03000684/n03000684_2922.JPEG,n03000684,491,chain saw,491,chain saw,0.3400711417198181,True
imagenette,data/imagenette2-320/val/n03000684/n03000684_29462.JPEG,n03000684,491,chain saw,491,chain saw,0.6159392595291138,True
imagenette,data/imagenette2-320/val/n03000684/n03000684_2960.JPEG,n03000684,491,chain saw,655,miniskirt,0.14088885486125946,False
imagenette,data/imagenette2-320/val/n03000684/n03000684_2961.JPEG,n03000684,491,chain saw,491,chain saw,0.22697487473487854,True
imagenette,data/imagenette2-320/val/n03000684/n03000684_2972.JPEG,n03000684,491,chain saw,491,chain saw,0.8129003643989563,True
imagenette,data/imagenette2-320/val/n03000684/n03000684_2980.JPEG,n03000684,491,chain saw,491,chain saw,0.8586984276771545,True
imagenette,data/imagenette2-320/val/n03000684/n03000684_29900.JPEG,n03000684,491,chain saw,491,chain saw,0.2418104112148285,True
imagenette,data/imagenette2-320/val/n03000684/n03000684_30092.JPEG,n03000684,491,chain saw,491,chain saw,0.19161561131477356,True
imagenette,data/imagenette2-320/val/n03000684/n03000684_30141.JPEG,n03000684,491,chain saw,491,chain saw,0.32563865184783936,True
imagenette,data/imagenette2-320/val/n03000684/n03000684_30692.JPEG,n03000684,491,chain saw,491,chain saw,0.4688049256801605,True
imagenette,data/imagenette2-320/val/n03000684/n03000684_3072.JPEG,n03000684,491,chain saw,491,chain saw,0.7074791789054871,True
imagenette,data/imagenette2-320/val/n03000684/n03000684_30930.JPEG,n03000684,491,chain saw,491,chain saw,0.19672995805740356,True
imagenette,data/imagenette2-320/val/n03000684/n03000684_31000.JPEG,n03000684,491,chain saw,491,chain saw,0.30270978808403015,True
imagenette,data/imagenette2-320/val/n03000684/n03000684_31112.JPEG,n03000684,491,chain saw,491,chain saw,0.43953242897987366,True
imagenette,data/imagenette2-320/val/n03000684/n03000684_31181.JPEG,n03000684,491,chain saw,491,chain saw,0.18160755932331085,True
imagenette,data/imagenette2-320/val/n03000684/n03000684_3161.JPEG,n03000684,491,chain saw,491,chain saw,0.3394050896167755,True
imagenette,data/imagenette2-320/val/n03000684/n03000684_31721.JPEG,n03000684,491,chain saw,491,chain saw,0.42685407400131226,True
imagenette,data/imagenette2-320/val/n03000684/n03000684_31790.JPEG,n03000684,491,chain saw,491,chain saw,0.6220544576644897,True
imagenette,data/imagenette2-320/val/n03000684/n03000684_31890.JPEG,n03000684,491,chain saw,491,chain saw,0.4339350163936615,True
imagenette,data/imagenette2-320/val/n03000684/n03000684_31930.JPEG,n03000684,491,chain saw,491,chain saw,0.3833814859390259,True
imagenette,data/imagenette2-320/val/n03000684/n03000684_31982.JPEG,n03000684,491,chain saw,491,chain saw,0.5119978785514832,True
imagenette,data/imagenette2-320/val/n03000684/n03000684_32.JPEG,n03000684,491,chain saw,491,chain saw,0.0935344398021698,True
imagenette,data/imagenette2-320/val/n03000684/n03000684_32191.JPEG,n03000684,491,chain saw,491,chain saw,0.32775208353996277,True
imagenette,data/imagenette2-320/val/n03000684/n03000684_32301.JPEG,n03000684,491,chain saw,491,chain saw,0.2524159252643585,True
imagenette,data/imagenette2-320/val/n03000684/n03000684_32320.JPEG,n03000684,491,chain saw,690,oxcart,0.0635327696800232,False
imagenette,data/imagenette2-320/val/n03000684/n03000684_32351.JPEG,n03000684,491,chain saw,491,chain saw,0.4498147666454315,True
imagenette,data/imagenette2-320/val/n03000684/n03000684_3271.JPEG,n03000684,491,chain saw,491,chain saw,0.3257649540901184,True
imagenette,data/imagenette2-320/val/n03000684/n03000684_33281.JPEG,n03000684,491,chain saw,491,chain saw,0.34736040234565735,True
imagenette,data/imagenette2-320/val/n03000684/n03000684_33461.JPEG,n03000684,491,chain saw,491,chain saw,0.5604090094566345,True
imagenette,data/imagenette2-320/val/n03000684/n03000684_3361.JPEG,n03000684,491,chain saw,491,chain saw,0.2949257791042328,True
imagenette,data/imagenette2-320/val/n03000684/n03000684_33902.JPEG,n03000684,491,chain saw,491,chain saw,0.2958906292915344,True
imagenette,data/imagenette2-320/val/n03000684/n03000684_3392.JPEG,n03000684,491,chain saw,491,chain saw,0.6969729661941528,True
imagenette,data/imagenette2-320/val/n03000684/n03000684_340.JPEG,n03000684,491,chain saw,491,chain saw,0.11282907426357269,True
imagenette,data/imagenette2-320/val/n03000684/n03000684_34011.JPEG,n03000684,491,chain saw,634,lumbermill,0.16108790040016174,False
imagenette,data/imagenette2-320/val/n03000684/n03000684_34132.JPEG,n03000684,491,chain saw,491,chain saw,0.48263126611709595,True
imagenette,data/imagenette2-320/val/n03000684/n03000684_34171.JPEG,n03000684,491,chain saw,491,chain saw,0.2152506560087204,True
imagenette,data/imagenette2-320/val/n03000684/n03000684_34440.JPEG,n03000684,491,chain saw,491,chain saw,0.5810117125511169,True
imagenette,data/imagenette2-320/val/n03000684/n03000684_3470.JPEG,n03000684,491,chain saw,491,chain saw,0.41895270347595215,True
imagenette,data/imagenette2-320/val/n03000684/n03000684_34762.JPEG,n03000684,491,chain saw,491,chain saw,0.5413991212844849,True
imagenette,data/imagenette2-320/val/n03000684/n03000684_3482.JPEG,n03000684,491,chain saw,491,chain saw,0.4377983510494232,True
imagenette,data/imagenette2-320/val/n03000684/n03000684_34971.JPEG,n03000684,491,chain saw,491,chain saw,0.32857826352119446,True
imagenette,data/imagenette2-320/val/n03000684/n03000684_35140.JPEG,n03000684,491,chain saw,491,chain saw,0.4945377707481384,True
imagenette,data/imagenette2-320/val/n03000684/n03000684_35201.JPEG,n03000684,491,chain saw,491,chain saw,0.11247090250253677,True
imagenette,data/imagenette2-320/val/n03000684/n03000684_3532.JPEG,n03000684,491,chain saw,491,chain saw,0.20823539793491364,True
imagenette,data/imagenette2-320/val/n03000684/n03000684_35692.JPEG,n03000684,491,chain saw,491,chain saw,0.5463424921035767,True
imagenette,data/imagenette2-320/val/n03000684/n03000684_35991.JPEG,n03000684,491,chain saw,491,chain saw,0.7693317532539368,True
imagenette,data/imagenette2-320/val/n03000684/n03000684_36420.JPEG,n03000684,491,chain saw,491,chain saw,0.6911324262619019,True
imagenette,data/imagenette2-320/val/n03000684/n03000684_3780.JPEG,n03000684,491,chain saw,491,chain saw,0.40771427750587463,True
imagenette,data/imagenette2-320/val/n03000684/n03000684_3881.JPEG,n03000684,491,chain saw,491,chain saw,0.7026014924049377,True
imagenette,data/imagenette2-320/val/n03000684/n03000684_3952.JPEG,n03000684,491,chain saw,491,chain saw,0.43899184465408325,True
imagenette,data/imagenette2-320/val/n03000684/n03000684_3990.JPEG,n03000684,491,chain saw,491,chain saw,0.30814453959465027,True
imagenette,data/imagenette2-320/val/n03000684/n03000684_400.JPEG,n03000684,491,chain saw,491,chain saw,0.6483341455459595,True
imagenette,data/imagenette2-320/val/n03000684/n03000684_4001.JPEG,n03000684,491,chain saw,491,chain saw,0.4144473373889923,True
imagenette,data/imagenette2-320/val/n03000684/n03000684_4012.JPEG,n03000684,491,chain saw,491,chain saw,0.3028882145881653,True
imagenette,data/imagenette2-320/val/n03000684/n03000684_4062.JPEG,n03000684,491,chain saw,491,chain saw,0.4489514231681824,True
imagenette,data/imagenette2-320/val/n03000684/n03000684_4081.JPEG,n03000684,491,chain saw,456,bow,0.28179723024368286,False
imagenette,data/imagenette2-320/val/n03000684/n03000684_41.JPEG,n03000684,491,chain saw,491,chain saw,0.7997739911079407,True
imagenette,data/imagenette2-320/val/n03000684/n03000684_410.JPEG,n03000684,491,chain saw,491,chain saw,0.48671871423721313,True
imagenette,data/imagenette2-320/val/n03000684/n03000684_4210.JPEG,n03000684,491,chain saw,491,chain saw,0.27870845794677734,True
imagenette,data/imagenette2-320/val/n03000684/n03000684_4271.JPEG,n03000684,491,chain saw,491,chain saw,0.7740169763565063,True
imagenette,data/imagenette2-320/val/n03000684/n03000684_4310.JPEG,n03000684,491,chain saw,491,chain saw,0.34230080246925354,True
imagenette,data/imagenette2-320/val/n03000684/n03000684_4351.JPEG,n03000684,491,chain saw,491,chain saw,0.16849851608276367,True
imagenette,data/imagenette2-320/val/n03000684/n03000684_440.JPEG,n03000684,491,chain saw,491,chain saw,0.38223111629486084,True
imagenette,data/imagenette2-320/val/n03000684/n03000684_4401.JPEG,n03000684,491,chain saw,491,chain saw,0.2205602377653122,True
imagenette,data/imagenette2-320/val/n03000684/n03000684_441.JPEG,n03000684,491,chain saw,491,chain saw,0.4368234872817993,True
imagenette,data/imagenette2-320/val/n03000684/n03000684_4472.JPEG,n03000684,491,chain saw,491,chain saw,0.2877337336540222,True
imagenette,data/imagenette2-320/val/n03000684/n03000684_4631.JPEG,n03000684,491,chain saw,491,chain saw,0.2853594124317169,True
imagenette,data/imagenette2-320/val/n03000684/n03000684_481.JPEG,n03000684,491,chain saw,491,chain saw,0.5601527690887451,True
imagenette,data/imagenette2-320/val/n03000684/n03000684_501.JPEG,n03000684,491,chain saw,491,chain saw,0.7553463578224182,True
imagenette,data/imagenette2-320/val/n03000684/n03000684_502.JPEG,n03000684,491,chain saw,634,lumbermill,0.20509953796863556,False
imagenette,data/imagenette2-320/val/n03000684/n03000684_5041.JPEG,n03000684,491,chain saw,491,chain saw,0.3555213510990143,True
imagenette,data/imagenette2-320/val/n03000684/n03000684_5230.JPEG,n03000684,491,chain saw,491,chain saw,0.305440753698349,True
imagenette,data/imagenette2-320/val/n03000684/n03000684_5231.JPEG,n03000684,491,chain saw,491,chain saw,0.6715086698532104,True
imagenette,data/imagenette2-320/val/n03000684/n03000684_5500.JPEG,n03000684,491,chain saw,491,chain saw,0.390399694442749,True
imagenette,data/imagenette2-320/val/n03000684/n03000684_5641.JPEG,n03000684,491,chain saw,491,chain saw,0.5349316000938416,True
imagenette,data/imagenette2-320/val/n03000684/n03000684_5692.JPEG,n03000684,491,chain saw,491,chain saw,0.28445833921432495,True
imagenette,data/imagenette2-320/val/n03000684/n03000684_580.JPEG,n03000684,491,chain saw,491,chain saw,0.5026916861534119,True
imagenette,data/imagenette2-320/val/n03000684/n03000684_5841.JPEG,n03000684,491,chain saw,491,chain saw,0.6487146615982056,True
imagenette,data/imagenette2-320/val/n03000684/n03000684_590.JPEG,n03000684,491,chain saw,491,chain saw,0.7821908593177795,True
imagenette,data/imagenette2-320/val/n03000684/n03000684_5910.JPEG,n03000684,491,chain saw,634,lumbermill,0.0796620324254036,False
imagenette,data/imagenette2-320/val/n03000684/n03000684_5970.JPEG,n03000684,491,chain saw,491,chain saw,0.45141690969467163,True
imagenette,data/imagenette2-320/val/n03000684/n03000684_5981.JPEG,n03000684,491,chain saw,491,chain saw,0.5924299359321594,True
imagenette,data/imagenette2-320/val/n03000684/n03000684_6020.JPEG,n03000684,491,chain saw,491,chain saw,0.35175105929374695,True
imagenette,data/imagenette2-320/val/n03000684/n03000684_6021.JPEG,n03000684,491,chain saw,491,chain saw,0.43971386551856995,True
imagenette,data/imagenette2-320/val/n03000684/n03000684_6050.JPEG,n03000684,491,chain saw,491,chain saw,0.3118627965450287,True
imagenette,data/imagenette2-320/val/n03000684/n03000684_6131.JPEG,n03000684,491,chain saw,461,breastplate,0.14572611451148987,False
imagenette,data/imagenette2-320/val/n03000684/n03000684_6142.JPEG,n03000684,491,chain saw,491,chain saw,0.3640359938144684,True
imagenette,data/imagenette2-320/val/n03000684/n03000684_6160.JPEG,n03000684,491,chain saw,491,chain saw,0.19569158554077148,True
imagenette,data/imagenette2-320/val/n03000684/n03000684_6220.JPEG,n03000684,491,chain saw,491,chain saw,0.5319002270698547,True
imagenette,data/imagenette2-320/val/n03000684/n03000684_6292.JPEG,n03000684,491,chain saw,491,chain saw,0.5029799342155457,True
imagenette,data/imagenette2-320/val/n03000684/n03000684_6341.JPEG,n03000684,491,chain saw,491,chain saw,0.42492252588272095,True
imagenette,data/imagenette2-320/val/n03000684/n03000684_6392.JPEG,n03000684,491,chain saw,491,chain saw,0.10271582752466202,True
imagenette,data/imagenette2-320/val/n03000684/n03000684_6460.JPEG,n03000684,491,chain saw,491,chain saw,0.7585389018058777,True
imagenette,data/imagenette2-320/val/n03000684/n03000684_6471.JPEG,n03000684,491,chain saw,491,chain saw,0.22024817764759064,True
imagenette,data/imagenette2-320/val/n03000684/n03000684_6552.JPEG,n03000684,491,chain saw,491,chain saw,0.38755476474761963,True
imagenette,data/imagenette2-320/val/n03000684/n03000684_661.JPEG,n03000684,491,chain saw,491,chain saw,0.2777984142303467,True
imagenette,data/imagenette2-320/val/n03000684/n03000684_6632.JPEG,n03000684,491,chain saw,491,chain saw,0.5036520957946777,True
imagenette,data/imagenette2-320/val/n03000684/n03000684_6640.JPEG,n03000684,491,chain saw,491,chain saw,0.14776235818862915,True
imagenette,data/imagenette2-320/val/n03000684/n03000684_6710.JPEG,n03000684,491,chain saw,491,chain saw,0.5496119260787964,True
imagenette,data/imagenette2-320/val/n03000684/n03000684_672.JPEG,n03000684,491,chain saw,491,chain saw,0.40917128324508667,True
imagenette,data/imagenette2-320/val/n03000684/n03000684_6761.JPEG,n03000684,491,chain saw,491,chain saw,0.4173412621021271,True
imagenette,data/imagenette2-320/val/n03000684/n03000684_6822.JPEG,n03000684,491,chain saw,491,chain saw,0.41740328073501587,True
imagenette,data/imagenette2-320/val/n03000684/n03000684_6881.JPEG,n03000684,491,chain saw,671,mountain bike,0.11175961792469025,False
imagenette,data/imagenette2-320/val/n03000684/n03000684_6992.JPEG,n03000684,491,chain saw,491,chain saw,0.08517496287822723,True
imagenette,data/imagenette2-320/val/n03000684/n03000684_7012.JPEG,n03000684,491,chain saw,491,chain saw,0.40800637006759644,True
imagenette,data/imagenette2-320/val/n03000684/n03000684_7050.JPEG,n03000684,491,chain saw,491,chain saw,0.3001888394355774,True
imagenette,data/imagenette2-320/val/n03000684/n03000684_711.JPEG,n03000684,491,chain saw,491,chain saw,0.677358865737915,True
imagenette,data/imagenette2-320/val/n03000684/n03000684_7132.JPEG,n03000684,491,chain saw,491,chain saw,0.4305291473865509,True
imagenette,data/imagenette2-320/val/n03000684/n03000684_7152.JPEG,n03000684,491,chain saw,491,chain saw,0.2965252995491028,True
imagenette,data/imagenette2-320/val/n03000684/n03000684_7161.JPEG,n03000684,491,chain saw,491,chain saw,0.39284124970436096,True
imagenette,data/imagenette2-320/val/n03000684/n03000684_7222.JPEG,n03000684,491,chain saw,491,chain saw,0.7529394626617432,True
imagenette,data/imagenette2-320/val/n03000684/n03000684_731.JPEG,n03000684,491,chain saw,491,chain saw,0.6027388572692871,True
imagenette,data/imagenette2-320/val/n03000684/n03000684_7312.JPEG,n03000684,491,chain saw,491,chain saw,0.4102042019367218,True
imagenette,data/imagenette2-320/val/n03000684/n03000684_7360.JPEG,n03000684,491,chain saw,491,chain saw,0.6137361526489258,True
imagenette,data/imagenette2-320/val/n03000684/n03000684_7400.JPEG,n03000684,491,chain saw,491,chain saw,0.40965649485588074,True
imagenette,data/imagenette2-320/val/n03000684/n03000684_7460.JPEG,n03000684,491,chain saw,491,chain saw,0.33916419744491577,True
imagenette,data/imagenette2-320/val/n03000684/n03000684_7620.JPEG,n03000684,491,chain saw,491,chain saw,0.6788241863250732,True
imagenette,data/imagenette2-320/val/n03000684/n03000684_7671.JPEG,n03000684,491,chain saw,491,chain saw,0.2201392501592636,True
imagenette,data/imagenette2-320/val/n03000684/n03000684_7790.JPEG,n03000684,491,chain saw,491,chain saw,0.5848608016967773,True
imagenette,data/imagenette2-320/val/n03000684/n03000684_7822.JPEG,n03000684,491,chain saw,491,chain saw,0.41021448373794556,True
imagenette,data/imagenette2-320/val/n03000684/n03000684_7881.JPEG,n03000684,491,chain saw,491,chain saw,0.2425832897424698,True
imagenette,data/imagenette2-320/val/n03000684/n03000684_7920.JPEG,n03000684,491,chain saw,491,chain saw,0.20496438443660736,True
imagenette,data/imagenette2-320/val/n03000684/n03000684_802.JPEG,n03000684,491,chain saw,491,chain saw,0.8935765624046326,True
imagenette,data/imagenette2-320/val/n03000684/n03000684_8071.JPEG,n03000684,491,chain saw,491,chain saw,0.3419707715511322,True
imagenette,data/imagenette2-320/val/n03000684/n03000684_8140.JPEG,n03000684,491,chain saw,491,chain saw,0.4452277421951294,True
imagenette,data/imagenette2-320/val/n03000684/n03000684_8190.JPEG,n03000684,491,chain saw,491,chain saw,0.5716260671615601,True
imagenette,data/imagenette2-320/val/n03000684/n03000684_82.JPEG,n03000684,491,chain saw,491,chain saw,0.1944189816713333,True
imagenette,data/imagenette2-320/val/n03000684/n03000684_8220.JPEG,n03000684,491,chain saw,491,chain saw,0.3613343834877014,True
imagenette,data/imagenette2-320/val/n03000684/n03000684_8241.JPEG,n03000684,491,chain saw,491,chain saw,0.5884063839912415,True
imagenette,data/imagenette2-320/val/n03000684/n03000684_8411.JPEG,n03000684,491,chain saw,491,chain saw,0.517462432384491,True
imagenette,data/imagenette2-320/val/n03000684/n03000684_8502.JPEG,n03000684,491,chain saw,491,chain saw,0.14733479917049408,True
imagenette,data/imagenette2-320/val/n03000684/n03000684_851.JPEG,n03000684,491,chain saw,491,chain saw,0.17182201147079468,True
imagenette,data/imagenette2-320/val/n03000684/n03000684_8522.JPEG,n03000684,491,chain saw,491,chain saw,0.46954110264778137,True
imagenette,data/imagenette2-320/val/n03000684/n03000684_8560.JPEG,n03000684,491,chain saw,491,chain saw,0.5099644660949707,True
imagenette,data/imagenette2-320/val/n03000684/n03000684_8580.JPEG,n03000684,491,chain saw,491,chain saw,0.2663908898830414,True
imagenette,data/imagenette2-320/val/n03000684/n03000684_8651.JPEG,n03000684,491,chain saw,491,chain saw,0.3838292062282562,True
imagenette,data/imagenette2-320/val/n03000684/n03000684_8692.JPEG,n03000684,491,chain saw,491,chain saw,0.3357243239879608,True
imagenette,data/imagenette2-320/val/n03000684/n03000684_8800.JPEG,n03000684,491,chain saw,491,chain saw,0.11733625084161758,True
imagenette,data/imagenette2-320/val/n03000684/n03000684_882.JPEG,n03000684,491,chain saw,491,chain saw,0.795890212059021,True
imagenette,data/imagenette2-320/val/n03000684/n03000684_8831.JPEG,n03000684,491,chain saw,491,chain saw,0.5838448405265808,True
imagenette,data/imagenette2-320/val/n03000684/n03000684_8890.JPEG,n03000684,491,chain saw,491,chain saw,0.12565134465694427,True
imagenette,data/imagenette2-320/val/n03000684/n03000684_900.JPEG,n03000684,491,chain saw,491,chain saw,0.8668538331985474,True
imagenette,data/imagenette2-320/val/n03000684/n03000684_902.JPEG,n03000684,491,chain saw,491,chain saw,0.4301906228065491,True
imagenette,data/imagenette2-320/val/n03000684/n03000684_9182.JPEG,n03000684,491,chain saw,491,chain saw,0.35062167048454285,True
imagenette,data/imagenette2-320/val/n03000684/n03000684_9260.JPEG,n03000684,491,chain saw,491,chain saw,0.2655085623264313,True
imagenette,data/imagenette2-320/val/n03000684/n03000684_931.JPEG,n03000684,491,chain saw,491,chain saw,0.3736909329891205,True
imagenette,data/imagenette2-320/val/n03000684/n03000684_9311.JPEG,n03000684,491,chain saw,491,chain saw,0.28612229228019714,True
imagenette,data/imagenette2-320/val/n03000684/n03000684_9390.JPEG,n03000684,491,chain saw,491,chain saw,0.6136247515678406,True
imagenette,data/imagenette2-320/val/n03000684/n03000684_9440.JPEG,n03000684,491,chain saw,491,chain saw,0.5519140362739563,True
imagenette,data/imagenette2-320/val/n03000684/n03000684_9452.JPEG,n03000684,491,chain saw,491,chain saw,0.21785444021224976,True
imagenette,data/imagenette2-320/val/n03000684/n03000684_9470.JPEG,n03000684,491,chain saw,491,chain saw,0.5319874286651611,True
imagenette,data/imagenette2-320/val/n03000684/n03000684_9612.JPEG,n03000684,491,chain saw,491,chain saw,0.3307117223739624,True
imagenette,data/imagenette2-320/val/n03000684/n03000684_9741.JPEG,n03000684,491,chain saw,491,chain saw,0.6414627432823181,True
imagenette,data/imagenette2-320/val/n03000684/n03000684_9752.JPEG,n03000684,491,chain saw,491,chain saw,0.263449102640152,True
imagenette,data/imagenette2-320/val/n03000684/n03000684_9881.JPEG,n03000684,491,chain saw,491,chain saw,0.5234255790710449,True
imagenette,data/imagenette2-320/val/n03000684/n03000684_9942.JPEG,n03000684,491,chain saw,491,chain saw,0.1910492181777954,True
imagenette,data/imagenette2-320/val/n03028079/ILSVRC2012_val_00003351.JPEG,n03028079,497,church,497,church,0.11080695688724518,True
imagenette,data/imagenette2-320/val/n03028079/ILSVRC2012_val_00003682.JPEG,n03028079,497,church,663,monastery,0.16100259125232697,False
imagenette,data/imagenette2-320/val/n03028079/ILSVRC2012_val_00004912.JPEG,n03028079,497,church,497,church,0.19740666449069977,True
imagenette,data/imagenette2-320/val/n03028079/ILSVRC2012_val_00007400.JPEG,n03028079,497,church,406,altar,0.3360592722892761,False
imagenette,data/imagenette2-320/val/n03028079/ILSVRC2012_val_00010770.JPEG,n03028079,497,church,497,church,0.2723104953765869,True
imagenette,data/imagenette2-320/val/n03028079/ILSVRC2012_val_00016542.JPEG,n03028079,497,church,663,monastery,0.21828243136405945,False
imagenette,data/imagenette2-320/val/n03028079/ILSVRC2012_val_00016832.JPEG,n03028079,497,church,497,church,0.13982906937599182,True
imagenette,data/imagenette2-320/val/n03028079/ILSVRC2012_val_00019331.JPEG,n03028079,497,church,663,monastery,0.33853691816329956,False
imagenette,data/imagenette2-320/val/n03028079/ILSVRC2012_val_00019711.JPEG,n03028079,497,church,442,bell cote,0.38098031282424927,False
imagenette,data/imagenette2-320/val/n03028079/ILSVRC2012_val_00023000.JPEG,n03028079,497,church,442,bell cote,0.253263920545578,False
imagenette,data/imagenette2-320/val/n03028079/ILSVRC2012_val_00023291.JPEG,n03028079,497,church,884,vault,0.5383181571960449,False
imagenette,data/imagenette2-320/val/n03028079/ILSVRC2012_val_00026451.JPEG,n03028079,497,church,497,church,0.23601000010967255,True
imagenette,data/imagenette2-320/val/n03028079/ILSVRC2012_val_00028310.JPEG,n03028079,497,church,483,castle,0.3787485659122467,False
imagenette,data/imagenette2-320/val/n03028079/ILSVRC2012_val_00029870.JPEG,n03028079,497,church,497,church,0.18090270459651947,True
imagenette,data/imagenette2-320/val/n03028079/ILSVRC2012_val_00034021.JPEG,n03028079,497,church,483,castle,0.24852204322814941,False
imagenette,data/imagenette2-320/val/n03028079/ILSVRC2012_val_00034220.JPEG,n03028079,497,church,497,church,0.1822858601808548,True
imagenette,data/imagenette2-320/val/n03028079/ILSVRC2012_val_00046232.JPEG,n03028079,497,church,884,vault,0.4333321154117584,False
imagenette,data/imagenette2-320/val/n03028079/ILSVRC2012_val_00046550.JPEG,n03028079,497,church,497,church,0.29207643866539,True
imagenette,data/imagenette2-320/val/n03028079/ILSVRC2012_val_00048382.JPEG,n03028079,497,church,663,monastery,0.27186793088912964,False
imagenette,data/imagenette2-320/val/n03028079/n03028079_1.JPEG,n03028079,497,church,497,church,0.6147221326828003,True
imagenette,data/imagenette2-320/val/n03028079/n03028079_1002.JPEG,n03028079,497,church,442,bell cote,0.1554456502199173,False
imagenette,data/imagenette2-320/val/n03028079/n03028079_10020.JPEG,n03028079,497,church,663,monastery,0.1920452117919922,False
imagenette,data/imagenette2-320/val/n03028079/n03028079_10032.JPEG,n03028079,497,church,497,church,0.18612298369407654,True
imagenette,data/imagenette2-320/val/n03028079/n03028079_10040.JPEG,n03028079,497,church,884,vault,0.2089385688304901,False
imagenette,data/imagenette2-320/val/n03028079/n03028079_10060.JPEG,n03028079,497,church,497,church,0.1417301744222641,True
imagenette,data/imagenette2-320/val/n03028079/n03028079_10111.JPEG,n03028079,497,church,884,vault,0.09980668127536774,False
imagenette,data/imagenette2-320/val/n03028079/n03028079_10141.JPEG,n03028079,497,church,970,alp,0.15861651301383972,False
imagenette,data/imagenette2-320/val/n03028079/n03028079_10191.JPEG,n03028079,497,church,663,monastery,0.1849183291196823,False
imagenette,data/imagenette2-320/val/n03028079/n03028079_102.JPEG,n03028079,497,church,663,monastery,0.26761940121650696,False
imagenette,data/imagenette2-320/val/n03028079/n03028079_10230.JPEG,n03028079,497,church,497,church,0.34359708428382874,True
imagenette,data/imagenette2-320/val/n03028079/n03028079_10241.JPEG,n03028079,497,church,497,church,0.25101619958877563,True
imagenette,data/imagenette2-320/val/n03028079/n03028079_10410.JPEG,n03028079,497,church,483,castle,0.14460717141628265,False
imagenette,data/imagenette2-320/val/n03028079/n03028079_10451.JPEG,n03028079,497,church,497,church,0.19977059960365295,True
imagenette,data/imagenette2-320/val/n03028079/n03028079_10452.JPEG,n03028079,497,church,497,church,0.12551480531692505,True
imagenette,data/imagenette2-320/val/n03028079/n03028079_10511.JPEG,n03028079,497,church,442,bell cote,0.14862369000911713,False
imagenette,data/imagenette2-320/val/n03028079/n03028079_105232.JPEG,n03028079,497,church,497,church,0.21940608322620392,True
imagenette,data/imagenette2-320/val/n03028079/n03028079_10590.JPEG,n03028079,497,church,497,church,0.4159530699253082,True
imagenette,data/imagenette2-320/val/n03028079/n03028079_10611.JPEG,n03028079,497,church,663,monastery,0.1884913295507431,False
imagenette,data/imagenette2-320/val/n03028079/n03028079_10631.JPEG,n03028079,497,church,497,church,0.37292858958244324,True
imagenette,data/imagenette2-320/val/n03028079/n03028079_108321.JPEG,n03028079,497,church,497,church,0.28643032908439636,True
imagenette,data/imagenette2-320/val/n03028079/n03028079_1090.JPEG,n03028079,497,church,442,bell cote,0.27109000086784363,False
imagenette,data/imagenette2-320/val/n03028079/n03028079_1091.JPEG,n03028079,497,church,497,church,0.3533419072628021,True
imagenette,data/imagenette2-320/val/n03028079/n03028079_1102.JPEG,n03028079,497,church,497,church,0.4406200051307678,True
imagenette,data/imagenette2-320/val/n03028079/n03028079_110420.JPEG,n03028079,497,church,497,church,0.21057254076004028,True
imagenette,data/imagenette2-320/val/n03028079/n03028079_11111.JPEG,n03028079,497,church,497,church,0.39769652485847473,True
imagenette,data/imagenette2-320/val/n03028079/n03028079_11250.JPEG,n03028079,497,church,497,church,0.39278510212898254,True
imagenette,data/imagenette2-320/val/n03028079/n03028079_112802.JPEG,n03028079,497,church,497,church,0.4536665380001068,True
imagenette,data/imagenette2-320/val/n03028079/n03028079_113001.JPEG,n03028079,497,church,884,vault,0.30210691690444946,False
imagenette,data/imagenette2-320/val/n03028079/n03028079_11401.JPEG,n03028079,497,church,663,monastery,0.22551867365837097,False
imagenette,data/imagenette2-320/val/n03028079/n03028079_11591.JPEG,n03028079,497,church,497,church,0.23751965165138245,True
imagenette,data/imagenette2-320/val/n03028079/n03028079_116072.JPEG,n03028079,497,church,497,church,0.4196525514125824,True
imagenette,data/imagenette2-320/val/n03028079/n03028079_12061.JPEG,n03028079,497,church,497,church,0.41803696751594543,True
imagenette,data/imagenette2-320/val/n03028079/n03028079_12090.JPEG,n03028079,497,church,497,church,0.22932425141334534,True
imagenette,data/imagenette2-320/val/n03028079/n03028079_122592.JPEG,n03028079,497,church,977,sandbar,0.04169166460633278,False
imagenette,data/imagenette2-320/val/n03028079/n03028079_12330.JPEG,n03028079,497,church,663,monastery,0.6095200777053833,False
imagenette,data/imagenette2-320/val/n03028079/n03028079_12681.JPEG,n03028079,497,church,442,bell cote,0.20421022176742554,False
imagenette,data/imagenette2-320/val/n03028079/n03028079_12732.JPEG,n03028079,497,church,497,church,0.15172898769378662,True
imagenette,data/imagenette2-320/val/n03028079/n03028079_12802.JPEG,n03028079,497,church,497,church,0.6377137899398804,True
imagenette,data/imagenette2-320/val/n03028079/n03028079_12812.JPEG,n03028079,497,church,668,mosque,0.10370972007513046,False
imagenette,data/imagenette2-320/val/n03028079/n03028079_13002.JPEG,n03028079,497,church,497,church,0.3055785894393921,True
imagenette,data/imagenette2-320/val/n03028079/n03028079_13021.JPEG,n03028079,497,church,442,bell cote,0.3720102310180664,False
imagenette,data/imagenette2-320/val/n03028079/n03028079_13251.JPEG,n03028079,497,church,497,church,0.44095638394355774,True
imagenette,data/imagenette2-320/val/n03028079/n03028079_13311.JPEG,n03028079,497,church,497,church,0.15671400725841522,True
imagenette,data/imagenette2-320/val/n03028079/n03028079_1332.JPEG,n03028079,497,church,442,bell cote,0.22222913801670074,False
imagenette,data/imagenette2-320/val/n03028079/n03028079_13331.JPEG,n03028079,497,church,884,vault,0.18539893627166748,False
imagenette,data/imagenette2-320/val/n03028079/n03028079_1350.JPEG,n03028079,497,church,406,altar,0.2823387682437897,False
imagenette,data/imagenette2-320/val/n03028079/n03028079_13530.JPEG,n03028079,497,church,663,monastery,0.39264392852783203,False
imagenette,data/imagenette2-320/val/n03028079/n03028079_13542.JPEG,n03028079,497,church,497,church,0.2066028118133545,True
imagenette,data/imagenette2-320/val/n03028079/n03028079_13580.JPEG,n03028079,497,church,497,church,0.2729960083961487,True
imagenette,data/imagenette2-320/val/n03028079/n03028079_13601.JPEG,n03028079,497,church,442,bell cote,0.29720401763916016,False
imagenette,data/imagenette2-320/val/n03028079/n03028079_1372.JPEG,n03028079,497,church,497,church,0.31887030601501465,True
imagenette,data/imagenette2-320/val/n03028079/n03028079_13721.JPEG,n03028079,497,church,442,bell cote,0.21703971922397614,False
imagenette,data/imagenette2-320/val/n03028079/n03028079_1381.JPEG,n03028079,497,church,497,church,0.18950818479061127,True
imagenette,data/imagenette2-320/val/n03028079/n03028079_13952.JPEG,n03028079,497,church,497,church,0.47361862659454346,True
imagenette,data/imagenette2-320/val/n03028079/n03028079_13981.JPEG,n03028079,497,church,442,bell cote,0.16997288167476654,False
imagenette,data/imagenette2-320/val/n03028079/n03028079_14010.JPEG,n03028079,497,church,497,church,0.5410488247871399,True
imagenette,data/imagenette2-320/val/n03028079/n03028079_14021.JPEG,n03028079,497,church,497,church,0.3183003067970276,True
imagenette,data/imagenette2-320/val/n03028079/n03028079_14181.JPEG,n03028079,497,church,497,church,0.1903488039970398,True
imagenette,data/imagenette2-320/val/n03028079/n03028079_14192.JPEG,n03028079,497,church,884,vault,0.2406938672065735,False
imagenette,data/imagenette2-320/val/n03028079/n03028079_14210.JPEG,n03028079,497,church,497,church,0.5193509459495544,True
imagenette,data/imagenette2-320/val/n03028079/n03028079_14310.JPEG,n03028079,497,church,663,monastery,0.2897655665874481,False
imagenette,data/imagenette2-320/val/n03028079/n03028079_14371.JPEG,n03028079,497,church,449,boathouse,0.11905334144830704,False
imagenette,data/imagenette2-320/val/n03028079/n03028079_14382.JPEG,n03028079,497,church,497,church,0.6358517408370972,True
imagenette,data/imagenette2-320/val/n03028079/n03028079_14492.JPEG,n03028079,497,church,497,church,0.17964087426662445,True
imagenette,data/imagenette2-320/val/n03028079/n03028079_14582.JPEG,n03028079,497,church,497,church,0.05331820249557495,True
imagenette,data/imagenette2-320/val/n03028079/n03028079_14600.JPEG,n03028079,497,church,497,church,0.5100541710853577,True
imagenette,data/imagenette2-320/val/n03028079/n03028079_14621.JPEG,n03028079,497,church,497,church,0.4737129807472229,True
imagenette,data/imagenette2-320/val/n03028079/n03028079_14770.JPEG,n03028079,497,church,442,bell cote,0.25751519203186035,False
imagenette,data/imagenette2-320/val/n03028079/n03028079_14860.JPEG,n03028079,497,church,884,vault,0.07945305854082108,False
imagenette,data/imagenette2-320/val/n03028079/n03028079_14900.JPEG,n03028079,497,church,681,notebook,0.11542718857526779,False
imagenette,data/imagenette2-320/val/n03028079/n03028079_14910.JPEG,n03028079,497,church,884,vault,0.38709285855293274,False
imagenette,data/imagenette2-320/val/n03028079/n03028079_14920.JPEG,n03028079,497,church,663,monastery,0.19140352308750153,False
imagenette,data/imagenette2-320/val/n03028079/n03028079_14992.JPEG,n03028079,497,church,663,monastery,0.19190995395183563,False
imagenette,data/imagenette2-320/val/n03028079/n03028079_15002.JPEG,n03028079,497,church,497,church,0.6239467859268188,True
imagenette,data/imagenette2-320/val/n03028079/n03028079_1501.JPEG,n03028079,497,church,497,church,0.24658338725566864,True
imagenette,data/imagenette2-320/val/n03028079/n03028079_1502.JPEG,n03028079,497,church,442,bell cote,0.2912381589412689,False
imagenette,data/imagenette2-320/val/n03028079/n03028079_15081.JPEG,n03028079,497,church,442,bell cote,0.19170144200325012,False
imagenette,data/imagenette2-320/val/n03028079/n03028079_151.JPEG,n03028079,497,church,497,church,0.2412053793668747,True
imagenette,data/imagenette2-320/val/n03028079/n03028079_15102.JPEG,n03028079,497,church,497,church,0.36339089274406433,True
imagenette,data/imagenette2-320/val/n03028079/n03028079_15111.JPEG,n03028079,497,church,497,church,0.5279650688171387,True
imagenette,data/imagenette2-320/val/n03028079/n03028079_15240.JPEG,n03028079,497,church,497,church,0.2745474576950073,True
imagenette,data/imagenette2-320/val/n03028079/n03028079_15262.JPEG,n03028079,497,church,497,church,0.3268727660179138,True
imagenette,data/imagenette2-320/val/n03028079/n03028079_15370.JPEG,n03028079,497,church,663,monastery,0.24128949642181396,False
imagenette,data/imagenette2-320/val/n03028079/n03028079_15381.JPEG,n03028079,497,church,884,vault,0.20280858874320984,False
imagenette,data/imagenette2-320/val/n03028079/n03028079_15392.JPEG,n03028079,497,church,497,church,0.14480364322662354,True
imagenette,data/imagenette2-320/val/n03028079/n03028079_15461.JPEG,n03028079,497,church,497,church,0.2005714327096939,True
imagenette,data/imagenette2-320/val/n03028079/n03028079_15602.JPEG,n03028079,497,church,884,vault,0.128462553024292,False
imagenette,data/imagenette2-320/val/n03028079/n03028079_15930.JPEG,n03028079,497,church,406,altar,0.2692352533340454,False
imagenette,data/imagenette2-320/val/n03028079/n03028079_15961.JPEG,n03028079,497,church,497,church,0.15813590586185455,True
imagenette,data/imagenette2-320/val/n03028079/n03028079_16080.JPEG,n03028079,497,church,497,church,0.2020634412765503,True
imagenette,data/imagenette2-320/val/n03028079/n03028079_16111.JPEG,n03028079,497,church,497,church,0.2573866546154022,True
imagenette,data/imagenette2-320/val/n03028079/n03028079_16361.JPEG,n03028079,497,church,663,monastery,0.4023085832595825,False
imagenette,data/imagenette2-320/val/n03028079/n03028079_16501.JPEG,n03028079,497,church,698,palace,0.15866287052631378,False
imagenette,data/imagenette2-320/val/n03028079/n03028079_16660.JPEG,n03028079,497,church,663,monastery,0.4097081124782562,False
imagenette,data/imagenette2-320/val/n03028079/n03028079_16731.JPEG,n03028079,497,church,497,church,0.7390086650848389,True
imagenette,data/imagenette2-320/val/n03028079/n03028079_16811.JPEG,n03028079,497,church,497,church,0.17609044909477234,True
imagenette,data/imagenette2-320/val/n03028079/n03028079_16820.JPEG,n03028079,497,church,497,church,0.19684405624866486,True
imagenette,data/imagenette2-320/val/n03028079/n03028079_16960.JPEG,n03028079,497,church,497,church,0.22143055498600006,True
imagenette,data/imagenette2-320/val/n03028079/n03028079_17171.JPEG,n03028079,497,church,663,monastery,0.17022055387496948,False
imagenette,data/imagenette2-320/val/n03028079/n03028079_17280.JPEG,n03028079,497,church,497,church,0.1932409703731537,True
imagenette,data/imagenette2-320/val/n03028079/n03028079_17302.JPEG,n03028079,497,church,406,altar,0.31626322865486145,False
imagenette,data/imagenette2-320/val/n03028079/n03028079_17351.JPEG,n03028079,497,church,884,vault,0.25010207295417786,False
imagenette,data/imagenette2-320/val/n03028079/n03028079_17432.JPEG,n03028079,497,church,497,church,0.1561383605003357,True
imagenette,data/imagenette2-320/val/n03028079/n03028079_17461.JPEG,n03028079,497,church,497,church,0.13157212734222412,True
imagenette,data/imagenette2-320/val/n03028079/n03028079_17551.JPEG,n03028079,497,church,497,church,0.21341583132743835,True
imagenette,data/imagenette2-320/val/n03028079/n03028079_17561.JPEG,n03028079,497,church,442,bell cote,0.31801530718803406,False
imagenette,data/imagenette2-320/val/n03028079/n03028079_17690.JPEG,n03028079,497,church,442,bell cote,0.2944853603839874,False
imagenette,data/imagenette2-320/val/n03028079/n03028079_17831.JPEG,n03028079,497,church,497,church,0.24861039221286774,True
imagenette,data/imagenette2-320/val/n03028079/n03028079_17862.JPEG,n03028079,497,church,497,church,0.5294049382209778,True
imagenette,data/imagenette2-320/val/n03028079/n03028079_17922.JPEG,n03028079,497,church,497,church,0.2967594861984253,True
imagenette,data/imagenette2-320/val/n03028079/n03028079_18371.JPEG,n03028079,497,church,497,church,0.23697374761104584,True
imagenette,data/imagenette2-320/val/n03028079/n03028079_1870.JPEG,n03028079,497,church,497,church,0.3098893463611603,True
imagenette,data/imagenette2-320/val/n03028079/n03028079_1881.JPEG,n03028079,497,church,663,monastery,0.11499947309494019,False
imagenette,data/imagenette2-320/val/n03028079/n03028079_19002.JPEG,n03028079,497,church,497,church,0.27730870246887207,True
imagenette,data/imagenette2-320/val/n03028079/n03028079_19192.JPEG,n03028079,497,church,442,bell cote,0.19231843948364258,False
imagenette,data/imagenette2-320/val/n03028079/n03028079_1922.JPEG,n03028079,497,church,497,church,0.35040411353111267,True
imagenette,data/imagenette2-320/val/n03028079/n03028079_19501.JPEG,n03028079,497,church,497,church,0.1595432460308075,True
imagenette,data/imagenette2-320/val/n03028079/n03028079_20012.JPEG,n03028079,497,church,497,church,0.33963707089424133,True
imagenette,data/imagenette2-320/val/n03028079/n03028079_20210.JPEG,n03028079,497,church,497,church,0.4153457283973694,True
imagenette,data/imagenette2-320/val/n03028079/n03028079_20232.JPEG,n03028079,497,church,698,palace,0.18033955991268158,False
imagenette,data/imagenette2-320/val/n03028079/n03028079_20312.JPEG,n03028079,497,church,663,monastery,0.32507920265197754,False
imagenette,data/imagenette2-320/val/n03028079/n03028079_2060.JPEG,n03028079,497,church,497,church,0.2969318926334381,True
imagenette,data/imagenette2-320/val/n03028079/n03028079_20670.JPEG,n03028079,497,church,497,church,0.228871688246727,True
imagenette,data/imagenette2-320/val/n03028079/n03028079_20910.JPEG,n03028079,497,church,497,church,0.1984785795211792,True
imagenette,data/imagenette2-320/val/n03028079/n03028079_21591.JPEG,n03028079,497,church,497,church,0.48494333028793335,True
imagenette,data/imagenette2-320/val/n03028079/n03028079_21762.JPEG,n03028079,497,church,698,palace,0.09139622747898102,False
imagenette,data/imagenette2-320/val/n03028079/n03028079_22390.JPEG,n03028079,497,church,497,church,0.41383039951324463,True
imagenette,data/imagenette2-320/val/n03028079/n03028079_22500.JPEG,n03028079,497,church,483,castle,0.10014260560274124,False
imagenette,data/imagenette2-320/val/n03028079/n03028079_2321.JPEG,n03028079,497,church,497,church,0.12811745703220367,True
imagenette,data/imagenette2-320/val/n03028079/n03028079_23280.JPEG,n03028079,497,church,497,church,0.3053838014602661,True
imagenette,data/imagenette2-320/val/n03028079/n03028079_2342.JPEG,n03028079,497,church,497,church,0.1723209172487259,True
imagenette,data/imagenette2-320/val/n03028079/n03028079_23510.JPEG,n03028079,497,church,497,church,0.6832096576690674,True
imagenette,data/imagenette2-320/val/n03028079/n03028079_23521.JPEG,n03028079,497,church,663,monastery,0.2321106493473053,False
imagenette,data/imagenette2-320/val/n03028079/n03028079_2382.JPEG,n03028079,497,church,497,church,0.36228764057159424,True
imagenette,data/imagenette2-320/val/n03028079/n03028079_24072.JPEG,n03028079,497,church,497,church,0.37276142835617065,True
imagenette,data/imagenette2-320/val/n03028079/n03028079_24471.JPEG,n03028079,497,church,497,church,0.2891319692134857,True
imagenette,data/imagenette2-320/val/n03028079/n03028079_24602.JPEG,n03028079,497,church,497,church,0.20655526220798492,True
imagenette,data/imagenette2-320/val/n03028079/n03028079_24642.JPEG,n03028079,497,church,497,church,0.26247546076774597,True
imagenette,data/imagenette2-320/val/n03028079/n03028079_24681.JPEG,n03028079,497,church,497,church,0.3193303942680359,True
imagenette,data/imagenette2-320/val/n03028079/n03028079_2470.JPEG,n03028079,497,church,497,church,0.28225889801979065,True
imagenette,data/imagenette2-320/val/n03028079/n03028079_2510.JPEG,n03028079,497,church,497,church,0.403314471244812,True
imagenette,data/imagenette2-320/val/n03028079/n03028079_25331.JPEG,n03028079,497,church,663,monastery,0.2835448384284973,False
imagenette,data/imagenette2-320/val/n03028079/n03028079_25391.JPEG,n03028079,497,church,497,church,0.24734553694725037,True
imagenette,data/imagenette2-320/val/n03028079/n03028079_25462.JPEG,n03028079,497,church,497,church,0.14218810200691223,True
imagenette,data/imagenette2-320/val/n03028079/n03028079_25542.JPEG,n03028079,497,church,663,monastery,0.35336950421333313,False
imagenette,data/imagenette2-320/val/n03028079/n03028079_25612.JPEG,n03028079,497,church,497,church,0.1985483020544052,True
imagenette,data/imagenette2-320/val/n03028079/n03028079_25680.JPEG,n03028079,497,church,884,vault,0.15890349447727203,False
imagenette,data/imagenette2-320/val/n03028079/n03028079_25712.JPEG,n03028079,497,church,497,church,0.23401284217834473,True
imagenette,data/imagenette2-320/val/n03028079/n03028079_25800.JPEG,n03028079,497,church,442,bell cote,0.3229806423187256,False
imagenette,data/imagenette2-320/val/n03028079/n03028079_2592.JPEG,n03028079,497,church,425,barn,0.2353801280260086,False
imagenette,data/imagenette2-320/val/n03028079/n03028079_26110.JPEG,n03028079,497,church,497,church,0.16977058351039886,True
imagenette,data/imagenette2-320/val/n03028079/n03028079_26180.JPEG,n03028079,497,church,442,bell cote,0.4640461206436157,False
imagenette,data/imagenette2-320/val/n03028079/n03028079_26202.JPEG,n03028079,497,church,497,church,0.26202112436294556,True
imagenette,data/imagenette2-320/val/n03028079/n03028079_26221.JPEG,n03028079,497,church,663,monastery,0.2537139356136322,False
imagenette,data/imagenette2-320/val/n03028079/n03028079_26272.JPEG,n03028079,497,church,538,dome,0.4538540542125702,False
imagenette,data/imagenette2-320/val/n03028079/n03028079_26291.JPEG,n03028079,497,church,497,church,0.3352157175540924,True
imagenette,data/imagenette2-320/val/n03028079/n03028079_26371.JPEG,n03028079,497,church,442,bell cote,0.206750750541687,False
imagenette,data/imagenette2-320/val/n03028079/n03028079_26390.JPEG,n03028079,497,church,663,monastery,0.34705719351768494,False
imagenette,data/imagenette2-320/val/n03028079/n03028079_26571.JPEG,n03028079,497,church,497,church,0.42775750160217285,True
imagenette,data/imagenette2-320/val/n03028079/n03028079_2660.JPEG,n03028079,497,church,497,church,0.25129052996635437,True
imagenette,data/imagenette2-320/val/n03028079/n03028079_26601.JPEG,n03028079,497,church,497,church,0.3478412330150604,True
imagenette,data/imagenette2-320/val/n03028079/n03028079_26810.JPEG,n03028079,497,church,497,church,0.3331967890262604,True
imagenette,data/imagenette2-320/val/n03028079/n03028079_26842.JPEG,n03028079,497,church,970,alp,0.1777472048997879,False
imagenette,data/imagenette2-320/val/n03028079/n03028079_26852.JPEG,n03028079,497,church,442,bell cote,0.22743889689445496,False
imagenette,data/imagenette2-320/val/n03028079/n03028079_26940.JPEG,n03028079,497,church,442,bell cote,0.3880457580089569,False
imagenette,data/imagenette2-320/val/n03028079/n03028079_26971.JPEG,n03028079,497,church,497,church,0.24292460083961487,True
imagenette,data/imagenette2-320/val/n03028079/n03028079_27060.JPEG,n03028079,497,church,442,bell cote,0.324247270822525,False
imagenette,data/imagenette2-320/val/n03028079/n03028079_2750.JPEG,n03028079,497,church,884,vault,0.20777596533298492,False
imagenette,data/imagenette2-320/val/n03028079/n03028079_27511.JPEG,n03028079,497,church,497,church,0.19651466608047485,True
imagenette,data/imagenette2-320/val/n03028079/n03028079_27520.JPEG,n03028079,497,church,497,church,0.2930079698562622,True
imagenette,data/imagenette2-320/val/n03028079/n03028079_27662.JPEG,n03028079,497,church,442,bell cote,0.09739705920219421,False
imagenette,data/imagenette2-320/val/n03028079/n03028079_27781.JPEG,n03028079,497,church,497,church,0.06688588857650757,True
imagenette,data/imagenette2-320/val/n03028079/n03028079_2782.JPEG,n03028079,497,church,497,church,0.4996834099292755,True
imagenette,data/imagenette2-320/val/n03028079/n03028079_27902.JPEG,n03028079,497,church,442,bell cote,0.32606473565101624,False
imagenette,data/imagenette2-320/val/n03028079/n03028079_27980.JPEG,n03028079,497,church,497,church,0.18115082383155823,True
imagenette,data/imagenette2-320/val/n03028079/n03028079_28242.JPEG,n03028079,497,church,497,church,0.09934994578361511,True
imagenette,data/imagenette2-320/val/n03028079/n03028079_28302.JPEG,n03028079,497,church,497,church,0.34466353058815,True
imagenette,data/imagenette2-320/val/n03028079/n03028079_28352.JPEG,n03028079,497,church,497,church,0.16457445919513702,True
imagenette,data/imagenette2-320/val/n03028079/n03028079_2842.JPEG,n03028079,497,church,663,monastery,0.20424151420593262,False
imagenette,data/imagenette2-320/val/n03028079/n03028079_28432.JPEG,n03028079,497,church,497,church,0.5052145719528198,True
imagenette,data/imagenette2-320/val/n03028079/n03028079_28521.JPEG,n03028079,497,church,442,bell cote,0.2574944794178009,False
imagenette,data/imagenette2-320/val/n03028079/n03028079_28662.JPEG,n03028079,497,church,497,church,0.3760444223880768,True
imagenette,data/imagenette2-320/val/n03028079/n03028079_29012.JPEG,n03028079,497,church,497,church,0.18893484771251678,True
imagenette,data/imagenette2-320/val/n03028079/n03028079_29062.JPEG,n03028079,497,church,497,church,0.20365679264068604,True
imagenette,data/imagenette2-320/val/n03028079/n03028079_29140.JPEG,n03028079,497,church,442,bell cote,0.5111910104751587,False
imagenette,data/imagenette2-320/val/n03028079/n03028079_29362.JPEG,n03028079,497,church,442,bell cote,0.3490546941757202,False
imagenette,data/imagenette2-320/val/n03028079/n03028079_2941.JPEG,n03028079,497,church,442,bell cote,0.19332820177078247,False
imagenette,data/imagenette2-320/val/n03028079/n03028079_29410.JPEG,n03028079,497,church,663,monastery,0.2951047718524933,False
imagenette,data/imagenette2-320/val/n03028079/n03028079_29412.JPEG,n03028079,497,church,497,church,0.2865600287914276,True
imagenette,data/imagenette2-320/val/n03028079/n03028079_2942.JPEG,n03028079,497,church,442,bell cote,0.5319845080375671,False
imagenette,data/imagenette2-320/val/n03028079/n03028079_29461.JPEG,n03028079,497,church,497,church,0.22973014414310455,True
imagenette,data/imagenette2-320/val/n03028079/n03028079_2951.JPEG,n03028079,497,church,497,church,0.17566238343715668,True
imagenette,data/imagenette2-320/val/n03028079/n03028079_2952.JPEG,n03028079,497,church,497,church,0.19325603544712067,True
imagenette,data/imagenette2-320/val/n03028079/n03028079_29612.JPEG,n03028079,497,church,497,church,0.1609622836112976,True
imagenette,data/imagenette2-320/val/n03028079/n03028079_29670.JPEG,n03028079,497,church,497,church,0.13336052000522614,True
imagenette,data/imagenette2-320/val/n03028079/n03028079_29920.JPEG,n03028079,497,church,497,church,0.4237212836742401,True
imagenette,data/imagenette2-320/val/n03028079/n03028079_29942.JPEG,n03028079,497,church,497,church,0.21273638308048248,True
imagenette,data/imagenette2-320/val/n03028079/n03028079_3000.JPEG,n03028079,497,church,497,church,0.25244760513305664,True
imagenette,data/imagenette2-320/val/n03028079/n03028079_30011.JPEG,n03028079,497,church,442,bell cote,0.25131955742836,False
imagenette,data/imagenette2-320/val/n03028079/n03028079_30030.JPEG,n03028079,497,church,497,church,0.4762040078639984,True
imagenette,data/imagenette2-320/val/n03028079/n03028079_30181.JPEG,n03028079,497,church,442,bell cote,0.25958001613616943,False
imagenette,data/imagenette2-320/val/n03028079/n03028079_30232.JPEG,n03028079,497,church,497,church,0.2969302237033844,True
imagenette,data/imagenette2-320/val/n03028079/n03028079_30381.JPEG,n03028079,497,church,497,church,0.16095910966396332,True
imagenette,data/imagenette2-320/val/n03028079/n03028079_3042.JPEG,n03028079,497,church,497,church,0.13791930675506592,True
imagenette,data/imagenette2-320/val/n03028079/n03028079_30450.JPEG,n03028079,497,church,442,bell cote,0.44037511944770813,False
imagenette,data/imagenette2-320/val/n03028079/n03028079_30460.JPEG,n03028079,497,church,406,altar,0.1946025937795639,False
imagenette,data/imagenette2-320/val/n03028079/n03028079_30642.JPEG,n03028079,497,church,497,church,0.34764373302459717,True
imagenette,data/imagenette2-320/val/n03028079/n03028079_30751.JPEG,n03028079,497,church,442,bell cote,0.1702079474925995,False
imagenette,data/imagenette2-320/val/n03028079/n03028079_3081.JPEG,n03028079,497,church,497,church,0.2604702115058899,True
imagenette,data/imagenette2-320/val/n03028079/n03028079_31082.JPEG,n03028079,497,church,663,monastery,0.14512184262275696,False
imagenette,data/imagenette2-320/val/n03028079/n03028079_31112.JPEG,n03028079,497,church,497,church,0.22967982292175293,True
imagenette,data/imagenette2-320/val/n03028079/n03028079_31481.JPEG,n03028079,497,church,442,bell cote,0.2641017436981201,False
imagenette,data/imagenette2-320/val/n03028079/n03028079_31571.JPEG,n03028079,497,church,442,bell cote,0.41089990735054016,False
imagenette,data/imagenette2-320/val/n03028079/n03028079_31592.JPEG,n03028079,497,church,497,church,0.057814065366983414,True
imagenette,data/imagenette2-320/val/n03028079/n03028079_31602.JPEG,n03028079,497,church,663,monastery,0.2113790661096573,False
imagenette,data/imagenette2-320/val/n03028079/n03028079_3192.JPEG,n03028079,497,church,698,palace,0.12707148492336273,False
imagenette,data/imagenette2-320/val/n03028079/n03028079_32110.JPEG,n03028079,497,church,497,church,0.2060481756925583,True
imagenette,data/imagenette2-320/val/n03028079/n03028079_32131.JPEG,n03028079,497,church,497,church,0.2728022038936615,True
imagenette,data/imagenette2-320/val/n03028079/n03028079_322.JPEG,n03028079,497,church,884,vault,0.24555297195911407,False
imagenette,data/imagenette2-320/val/n03028079/n03028079_32202.JPEG,n03028079,497,church,832,stupa,0.5573813319206238,False
imagenette,data/imagenette2-320/val/n03028079/n03028079_32580.JPEG,n03028079,497,church,497,church,0.250609427690506,True
imagenette,data/imagenette2-320/val/n03028079/n03028079_3260.JPEG,n03028079,497,church,497,church,0.4501074254512787,True
imagenette,data/imagenette2-320/val/n03028079/n03028079_33001.JPEG,n03028079,497,church,497,church,0.25018876791000366,True
imagenette,data/imagenette2-320/val/n03028079/n03028079_332.JPEG,n03028079,497,church,497,church,0.23719748854637146,True
imagenette,data/imagenette2-320/val/n03028079/n03028079_3320.JPEG,n03028079,497,church,497,church,0.16728085279464722,True
imagenette,data/imagenette2-320/val/n03028079/n03028079_33241.JPEG,n03028079,497,church,497,church,0.5480592250823975,True
imagenette,data/imagenette2-320/val/n03028079/n03028079_33260.JPEG,n03028079,497,church,497,church,0.3650239408016205,True
imagenette,data/imagenette2-320/val/n03028079/n03028079_3362.JPEG,n03028079,497,church,497,church,0.3905794620513916,True
imagenette,data/imagenette2-320/val/n03028079/n03028079_33671.JPEG,n03028079,497,church,663,monastery,0.2994537353515625,False
imagenette,data/imagenette2-320/val/n03028079/n03028079_3400.JPEG,n03028079,497,church,442,bell cote,0.09348815679550171,False
imagenette,data/imagenette2-320/val/n03028079/n03028079_34051.JPEG,n03028079,497,church,975,lakeside,0.21073515713214874,False
imagenette,data/imagenette2-320/val/n03028079/n03028079_3432.JPEG,n03028079,497,church,497,church,0.41308796405792236,True
imagenette,data/imagenette2-320/val/n03028079/n03028079_3441.JPEG,n03028079,497,church,497,church,0.17985056340694427,True
imagenette,data/imagenette2-320/val/n03028079/n03028079_34851.JPEG,n03028079,497,church,698,palace,0.22455106675624847,False
imagenette,data/imagenette2-320/val/n03028079/n03028079_3492.JPEG,n03028079,497,church,406,altar,0.31648769974708557,False
imagenette,data/imagenette2-320/val/n03028079/n03028079_35160.JPEG,n03028079,497,church,497,church,0.15551264584064484,True
imagenette,data/imagenette2-320/val/n03028079/n03028079_3540.JPEG,n03028079,497,church,687,organ,0.3357318937778473,False
imagenette,data/imagenette2-320/val/n03028079/n03028079_3542.JPEG,n03028079,497,church,497,church,0.32898762822151184,True
imagenette,data/imagenette2-320/val/n03028079/n03028079_35911.JPEG,n03028079,497,church,497,church,0.14288951456546783,True
imagenette,data/imagenette2-320/val/n03028079/n03028079_3600.JPEG,n03028079,497,church,442,bell cote,0.2540616989135742,False
imagenette,data/imagenette2-320/val/n03028079/n03028079_36092.JPEG,n03028079,497,church,497,church,0.3310023248195648,True
imagenette,data/imagenette2-320/val/n03028079/n03028079_362.JPEG,n03028079,497,church,914,yawl,0.13896498084068298,False
imagenette,data/imagenette2-320/val/n03028079/n03028079_36351.JPEG,n03028079,497,church,668,mosque,0.1453879177570343,False
imagenette,data/imagenette2-320/val/n03028079/n03028079_3670.JPEG,n03028079,497,church,663,monastery,0.23370124399662018,False
imagenette,data/imagenette2-320/val/n03028079/n03028079_36821.JPEG,n03028079,497,church,497,church,0.28742754459381104,True
imagenette,data/imagenette2-320/val/n03028079/n03028079_3700.JPEG,n03028079,497,church,497,church,0.29982447624206543,True
imagenette,data/imagenette2-320/val/n03028079/n03028079_37021.JPEG,n03028079,497,church,663,monastery,0.08569377660751343,False
imagenette,data/imagenette2-320/val/n03028079/n03028079_3732.JPEG,n03028079,497,church,497,church,0.6133884191513062,True
imagenette,data/imagenette2-320/val/n03028079/n03028079_38351.JPEG,n03028079,497,church,442,bell cote,0.4117353558540344,False
imagenette,data/imagenette2-320/val/n03028079/n03028079_38692.JPEG,n03028079,497,church,497,church,0.30948397517204285,True
imagenette,data/imagenette2-320/val/n03028079/n03028079_38700.JPEG,n03028079,497,church,497,church,0.28117799758911133,True
imagenette,data/imagenette2-320/val/n03028079/n03028079_3932.JPEG,n03028079,497,church,663,monastery,0.25257763266563416,False
imagenette,data/imagenette2-320/val/n03028079/n03028079_39321.JPEG,n03028079,497,church,497,church,0.11760532110929489,True
imagenette,data/imagenette2-320/val/n03028079/n03028079_3972.JPEG,n03028079,497,church,497,church,0.053009144961833954,True
imagenette,data/imagenette2-320/val/n03028079/n03028079_40120.JPEG,n03028079,497,church,442,bell cote,0.1247633844614029,False
imagenette,data/imagenette2-320/val/n03028079/n03028079_4022.JPEG,n03028079,497,church,497,church,0.13112428784370422,True
imagenette,data/imagenette2-320/val/n03028079/n03028079_40412.JPEG,n03028079,497,church,406,altar,0.23746946454048157,False
imagenette,data/imagenette2-320/val/n03028079/n03028079_40510.JPEG,n03028079,497,church,442,bell cote,0.41786298155784607,False
imagenette,data/imagenette2-320/val/n03028079/n03028079_40711.JPEG,n03028079,497,church,497,church,0.4187246263027191,True
imagenette,data/imagenette2-320/val/n03028079/n03028079_41101.JPEG,n03028079,497,church,562,fountain,0.29261869192123413,False
imagenette,data/imagenette2-320/val/n03028079/n03028079_41342.JPEG,n03028079,497,church,538,dome,0.3612373471260071,False
imagenette,data/imagenette2-320/val/n03028079/n03028079_41791.JPEG,n03028079,497,church,497,church,0.49280843138694763,True
imagenette,data/imagenette2-320/val/n03028079/n03028079_42222.JPEG,n03028079,497,church,497,church,0.3389996886253357,True
imagenette,data/imagenette2-320/val/n03028079/n03028079_4292.JPEG,n03028079,497,church,884,vault,0.3600669503211975,False
imagenette,data/imagenette2-320/val/n03028079/n03028079_43102.JPEG,n03028079,497,church,442,bell cote,0.17847810685634613,False
imagenette,data/imagenette2-320/val/n03028079/n03028079_4320.JPEG,n03028079,497,church,497,church,0.1687813699245453,True
imagenette,data/imagenette2-320/val/n03028079/n03028079_4401.JPEG,n03028079,497,church,497,church,0.3522578775882721,True
imagenette,data/imagenette2-320/val/n03028079/n03028079_4572.JPEG,n03028079,497,church,663,monastery,0.2827162742614746,False
imagenette,data/imagenette2-320/val/n03028079/n03028079_4612.JPEG,n03028079,497,church,663,monastery,0.36528709530830383,False
imagenette,data/imagenette2-320/val/n03028079/n03028079_46322.JPEG,n03028079,497,church,497,church,0.2641506493091583,True
imagenette,data/imagenette2-320/val/n03028079/n03028079_4651.JPEG,n03028079,497,church,497,church,0.2380421757698059,True
imagenette,data/imagenette2-320/val/n03028079/n03028079_4661.JPEG,n03028079,497,church,884,vault,0.15454678237438202,False
imagenette,data/imagenette2-320/val/n03028079/n03028079_4672.JPEG,n03028079,497,church,884,vault,0.3709533214569092,False
imagenette,data/imagenette2-320/val/n03028079/n03028079_46722.JPEG,n03028079,497,church,442,bell cote,0.3061259388923645,False
imagenette,data/imagenette2-320/val/n03028079/n03028079_47271.JPEG,n03028079,497,church,497,church,0.350644052028656,True
imagenette,data/imagenette2-320/val/n03028079/n03028079_4731.JPEG,n03028079,497,church,497,church,0.18512581288814545,True
imagenette,data/imagenette2-320/val/n03028079/n03028079_4821.JPEG,n03028079,497,church,497,church,0.202731192111969,True
imagenette,data/imagenette2-320/val/n03028079/n03028079_4902.JPEG,n03028079,497,church,442,bell cote,0.25756320357322693,False
imagenette,data/imagenette2-320/val/n03028079/n03028079_49041.JPEG,n03028079,497,church,497,church,0.45133519172668457,True
imagenette,data/imagenette2-320/val/n03028079/n03028079_49281.JPEG,n03028079,497,church,497,church,0.2792596220970154,True
imagenette,data/imagenette2-320/val/n03028079/n03028079_50060.JPEG,n03028079,497,church,825,stone wall,0.1692754328250885,False
imagenette,data/imagenette2-320/val/n03028079/n03028079_51072.JPEG,n03028079,497,church,497,church,0.26835647225379944,True
imagenette,data/imagenette2-320/val/n03028079/n03028079_5232.JPEG,n03028079,497,church,497,church,0.19845668971538544,True
imagenette,data/imagenette2-320/val/n03028079/n03028079_52470.JPEG,n03028079,497,church,497,church,0.39268791675567627,True
imagenette,data/imagenette2-320/val/n03028079/n03028079_5260.JPEG,n03028079,497,church,497,church,0.27750247716903687,True
imagenette,data/imagenette2-320/val/n03028079/n03028079_5261.JPEG,n03028079,497,church,663,monastery,0.3900175094604492,False
imagenette,data/imagenette2-320/val/n03028079/n03028079_53111.JPEG,n03028079,497,church,497,church,0.2653573751449585,True
imagenette,data/imagenette2-320/val/n03028079/n03028079_532.JPEG,n03028079,497,church,497,church,0.4933573305606842,True
imagenette,data/imagenette2-320/val/n03028079/n03028079_53551.JPEG,n03028079,497,church,497,church,0.22596989572048187,True
imagenette,data/imagenette2-320/val/n03028079/n03028079_5401.JPEG,n03028079,497,church,497,church,0.44069790840148926,True
imagenette,data/imagenette2-320/val/n03028079/n03028079_5402.JPEG,n03028079,497,church,497,church,0.42300334572792053,True
imagenette,data/imagenette2-320/val/n03028079/n03028079_5432.JPEG,n03028079,497,church,497,church,0.2329397350549698,True
imagenette,data/imagenette2-320/val/n03028079/n03028079_54480.JPEG,n03028079,497,church,698,palace,0.13840410113334656,False
imagenette,data/imagenette2-320/val/n03028079/n03028079_56741.JPEG,n03028079,497,church,497,church,0.20041102170944214,True
imagenette,data/imagenette2-320/val/n03028079/n03028079_5690.JPEG,n03028079,497,church,442,bell cote,0.546005368232727,False
imagenette,data/imagenette2-320/val/n03028079/n03028079_57010.JPEG,n03028079,497,church,497,church,0.21326220035552979,True
imagenette,data/imagenette2-320/val/n03028079/n03028079_57572.JPEG,n03028079,497,church,497,church,0.2586171627044678,True
imagenette,data/imagenette2-320/val/n03028079/n03028079_5852.JPEG,n03028079,497,church,406,altar,0.14266471564769745,False
imagenette,data/imagenette2-320/val/n03028079/n03028079_58650.JPEG,n03028079,497,church,497,church,0.2140379548072815,True
imagenette,data/imagenette2-320/val/n03028079/n03028079_59261.JPEG,n03028079,497,church,442,bell cote,0.21231672167778015,False
imagenette,data/imagenette2-320/val/n03028079/n03028079_5942.JPEG,n03028079,497,church,442,bell cote,0.4006989300251007,False
imagenette,data/imagenette2-320/val/n03028079/n03028079_6110.JPEG,n03028079,497,church,497,church,0.3018631935119629,True
imagenette,data/imagenette2-320/val/n03028079/n03028079_61951.JPEG,n03028079,497,church,497,church,0.2559203505516052,True
imagenette,data/imagenette2-320/val/n03028079/n03028079_6251.JPEG,n03028079,497,church,442,bell cote,0.3252466320991516,False
imagenette,data/imagenette2-320/val/n03028079/n03028079_62551.JPEG,n03028079,497,church,497,church,0.7184325456619263,True
imagenette,data/imagenette2-320/val/n03028079/n03028079_6292.JPEG,n03028079,497,church,497,church,0.28750714659690857,True
imagenette,data/imagenette2-320/val/n03028079/n03028079_6372.JPEG,n03028079,497,church,497,church,0.6023237705230713,True
imagenette,data/imagenette2-320/val/n03028079/n03028079_6421.JPEG,n03028079,497,church,663,monastery,0.16552962362766266,False
imagenette,data/imagenette2-320/val/n03028079/n03028079_6452.JPEG,n03028079,497,church,538,dome,0.31709805130958557,False
imagenette,data/imagenette2-320/val/n03028079/n03028079_6462.JPEG,n03028079,497,church,442,bell cote,0.5695074796676636,False
imagenette,data/imagenette2-320/val/n03028079/n03028079_6491.JPEG,n03028079,497,church,497,church,0.6006462574005127,True
imagenette,data/imagenette2-320/val/n03028079/n03028079_6501.JPEG,n03028079,497,church,497,church,0.291778028011322,True
imagenette,data/imagenette2-320/val/n03028079/n03028079_6601.JPEG,n03028079,497,church,497,church,0.21987327933311462,True
imagenette,data/imagenette2-320/val/n03028079/n03028079_6720.JPEG,n03028079,497,church,497,church,0.3737694323062897,True
imagenette,data/imagenette2-320/val/n03028079/n03028079_6722.JPEG,n03028079,497,church,497,church,0.18860550224781036,True
imagenette,data/imagenette2-320/val/n03028079/n03028079_6831.JPEG,n03028079,497,church,442,bell cote,0.20708516240119934,False
imagenette,data/imagenette2-320/val/n03028079/n03028079_6860.JPEG,n03028079,497,church,497,church,0.2834847569465637,True
imagenette,data/imagenette2-320/val/n03028079/n03028079_6912.JPEG,n03028079,497,church,497,church,0.28639402985572815,True
imagenette,data/imagenette2-320/val/n03028079/n03028079_6971.JPEG,n03028079,497,church,497,church,0.6325778365135193,True
imagenette,data/imagenette2-320/val/n03028079/n03028079_7021.JPEG,n03028079,497,church,497,church,0.2705112397670746,True
imagenette,data/imagenette2-320/val/n03028079/n03028079_71550.JPEG,n03028079,497,church,687,organ,0.48519688844680786,False
imagenette,data/imagenette2-320/val/n03028079/n03028079_7171.JPEG,n03028079,497,church,663,monastery,0.16037873923778534,False
imagenette,data/imagenette2-320/val/n03028079/n03028079_72272.JPEG,n03028079,497,church,406,altar,0.4958344101905823,False
imagenette,data/imagenette2-320/val/n03028079/n03028079_72360.JPEG,n03028079,497,church,884,vault,0.17568668723106384,False
imagenette,data/imagenette2-320/val/n03028079/n03028079_72470.JPEG,n03028079,497,church,497,church,0.39172783493995667,True
imagenette,data/imagenette2-320/val/n03028079/n03028079_7250.JPEG,n03028079,497,church,497,church,0.16254329681396484,True
imagenette,data/imagenette2-320/val/n03028079/n03028079_7251.JPEG,n03028079,497,church,497,church,0.17627133429050446,True
imagenette,data/imagenette2-320/val/n03028079/n03028079_7260.JPEG,n03028079,497,church,497,church,0.4019617438316345,True
imagenette,data/imagenette2-320/val/n03028079/n03028079_7271.JPEG,n03028079,497,church,663,monastery,0.15941397845745087,False
imagenette,data/imagenette2-320/val/n03028079/n03028079_7301.JPEG,n03028079,497,church,497,church,0.46685877442359924,True
imagenette,data/imagenette2-320/val/n03028079/n03028079_73142.JPEG,n03028079,497,church,497,church,0.3962355852127075,True
imagenette,data/imagenette2-320/val/n03028079/n03028079_73181.JPEG,n03028079,497,church,406,altar,0.2780032753944397,False
imagenette,data/imagenette2-320/val/n03028079/n03028079_732.JPEG,n03028079,497,church,698,palace,0.20863623917102814,False
imagenette,data/imagenette2-320/val/n03028079/n03028079_7392.JPEG,n03028079,497,church,497,church,0.20459872484207153,True
imagenette,data/imagenette2-320/val/n03028079/n03028079_74100.JPEG,n03028079,497,church,497,church,0.49163490533828735,True
imagenette,data/imagenette2-320/val/n03028079/n03028079_7422.JPEG,n03028079,497,church,442,bell cote,0.20873531699180603,False
imagenette,data/imagenette2-320/val/n03028079/n03028079_7471.JPEG,n03028079,497,church,663,monastery,0.6641567945480347,False
imagenette,data/imagenette2-320/val/n03028079/n03028079_75880.JPEG,n03028079,497,church,497,church,0.32123881578445435,True
imagenette,data/imagenette2-320/val/n03028079/n03028079_76461.JPEG,n03028079,497,church,884,vault,0.22995829582214355,False
imagenette,data/imagenette2-320/val/n03028079/n03028079_76700.JPEG,n03028079,497,church,497,church,0.14607669413089752,True
imagenette,data/imagenette2-320/val/n03028079/n03028079_7730.JPEG,n03028079,497,church,406,altar,0.2215384840965271,False
imagenette,data/imagenette2-320/val/n03028079/n03028079_7752.JPEG,n03028079,497,church,497,church,0.3568570017814636,True
imagenette,data/imagenette2-320/val/n03028079/n03028079_77811.JPEG,n03028079,497,church,538,dome,0.12444578856229782,False
imagenette,data/imagenette2-320/val/n03028079/n03028079_7881.JPEG,n03028079,497,church,497,church,0.30897924304008484,True
imagenette,data/imagenette2-320/val/n03028079/n03028079_7882.JPEG,n03028079,497,church,442,bell cote,0.2700996994972229,False
imagenette,data/imagenette2-320/val/n03028079/n03028079_79790.JPEG,n03028079,497,church,497,church,0.3307763934135437,True
imagenette,data/imagenette2-320/val/n03028079/n03028079_80.JPEG,n03028079,497,church,497,church,0.344979852437973,True
imagenette,data/imagenette2-320/val/n03028079/n03028079_800.JPEG,n03028079,497,church,437,beacon,0.2906046509742737,False
imagenette,data/imagenette2-320/val/n03028079/n03028079_80352.JPEG,n03028079,497,church,663,monastery,0.24517503380775452,False
imagenette,data/imagenette2-320/val/n03028079/n03028079_8132.JPEG,n03028079,497,church,538,dome,0.30838748812675476,False
imagenette,data/imagenette2-320/val/n03028079/n03028079_8151.JPEG,n03028079,497,church,497,church,0.317941278219223,True
imagenette,data/imagenette2-320/val/n03028079/n03028079_8161.JPEG,n03028079,497,church,442,bell cote,0.17075341939926147,False
imagenette,data/imagenette2-320/val/n03028079/n03028079_8162.JPEG,n03028079,497,church,497,church,0.33735567331314087,True
imagenette,data/imagenette2-320/val/n03028079/n03028079_8172.JPEG,n03028079,497,church,663,monastery,0.4594959020614624,False
imagenette,data/imagenette2-320/val/n03028079/n03028079_83412.JPEG,n03028079,497,church,646,maze,0.06061483174562454,False
imagenette,data/imagenette2-320/val/n03028079/n03028079_8360.JPEG,n03028079,497,church,687,organ,0.44009432196617126,False
imagenette,data/imagenette2-320/val/n03028079/n03028079_8361.JPEG,n03028079,497,church,497,church,0.08601654320955276,True
imagenette,data/imagenette2-320/val/n03028079/n03028079_8382.JPEG,n03028079,497,church,442,bell cote,0.2414596527814865,False
imagenette,data/imagenette2-320/val/n03028079/n03028079_8531.JPEG,n03028079,497,church,497,church,0.6385197043418884,True
imagenette,data/imagenette2-320/val/n03028079/n03028079_8572.JPEG,n03028079,497,church,663,monastery,0.2532113492488861,False
imagenette,data/imagenette2-320/val/n03028079/n03028079_8611.JPEG,n03028079,497,church,497,church,0.14480121433734894,True
imagenette,data/imagenette2-320/val/n03028079/n03028079_8661.JPEG,n03028079,497,church,497,church,0.2897877097129822,True
imagenette,data/imagenette2-320/val/n03028079/n03028079_8712.JPEG,n03028079,497,church,442,bell cote,0.1496930569410324,False
imagenette,data/imagenette2-320/val/n03028079/n03028079_8720.JPEG,n03028079,497,church,497,church,0.09740051627159119,True
imagenette,data/imagenette2-320/val/n03028079/n03028079_87780.JPEG,n03028079,497,church,668,mosque,0.14617285132408142,False
imagenette,data/imagenette2-320/val/n03028079/n03028079_8911.JPEG,n03028079,497,church,663,monastery,0.17043615877628326,False
imagenette,data/imagenette2-320/val/n03028079/n03028079_8971.JPEG,n03028079,497,church,884,vault,0.24723947048187256,False
imagenette,data/imagenette2-320/val/n03028079/n03028079_8990.JPEG,n03028079,497,church,497,church,0.39068707823753357,True
imagenette,data/imagenette2-320/val/n03028079/n03028079_901.JPEG,n03028079,497,church,497,church,0.4845430552959442,True
imagenette,data/imagenette2-320/val/n03028079/n03028079_9071.JPEG,n03028079,497,church,406,altar,0.33340123295783997,False
imagenette,data/imagenette2-320/val/n03028079/n03028079_9082.JPEG,n03028079,497,church,663,monastery,0.22979974746704102,False
imagenette,data/imagenette2-320/val/n03028079/n03028079_9112.JPEG,n03028079,497,church,497,church,0.22085285186767578,True
imagenette,data/imagenette2-320/val/n03028079/n03028079_9160.JPEG,n03028079,497,church,497,church,0.3096090257167816,True
imagenette,data/imagenette2-320/val/n03028079/n03028079_9220.JPEG,n03028079,497,church,497,church,0.18881185352802277,True
imagenette,data/imagenette2-320/val/n03028079/n03028079_9320.JPEG,n03028079,497,church,497,church,0.31351345777511597,True
imagenette,data/imagenette2-320/val/n03028079/n03028079_9371.JPEG,n03028079,497,church,912,worm fence,0.34794121980667114,False
imagenette,data/imagenette2-320/val/n03028079/n03028079_9481.JPEG,n03028079,497,church,663,monastery,0.18428556621074677,False
imagenette,data/imagenette2-320/val/n03028079/n03028079_9500.JPEG,n03028079,497,church,663,monastery,0.3078828454017639,False
imagenette,data/imagenette2-320/val/n03028079/n03028079_9560.JPEG,n03028079,497,church,884,vault,0.22810374200344086,False
imagenette,data/imagenette2-320/val/n03028079/n03028079_9580.JPEG,n03028079,497,church,497,church,0.25200116634368896,True
imagenette,data/imagenette2-320/val/n03028079/n03028079_9632.JPEG,n03028079,497,church,442,bell cote,0.20708972215652466,False
imagenette,data/imagenette2-320/val/n03028079/n03028079_9662.JPEG,n03028079,497,church,442,bell cote,0.4874645471572876,False
imagenette,data/imagenette2-320/val/n03028079/n03028079_9682.JPEG,n03028079,497,church,884,vault,0.1320810467004776,False
imagenette,data/imagenette2-320/val/n03028079/n03028079_9702.JPEG,n03028079,497,church,442,bell cote,0.23727521300315857,False
imagenette,data/imagenette2-320/val/n03028079/n03028079_9810.JPEG,n03028079,497,church,663,monastery,0.11537574976682663,False
imagenette,data/imagenette2-320/val/n03028079/n03028079_9821.JPEG,n03028079,497,church,497,church,0.21541450917720795,True
imagenette,data/imagenette2-320/val/n03028079/n03028079_9901.JPEG,n03028079,497,church,663,monastery,0.1372392773628235,False
imagenette,data/imagenette2-320/val/n03028079/n03028079_9920.JPEG,n03028079,497,church,579,grand piano,0.13421452045440674,False
imagenette,data/imagenette2-320/val/n03028079/n03028079_99351.JPEG,n03028079,497,church,497,church,0.26481354236602783,True
imagenette,data/imagenette2-320/val/n03394916/ILSVRC2012_val_00001492.JPEG,n03394916,566,French horn,566,French horn,0.4026392698287964,True
imagenette,data/imagenette2-320/val/n03394916/ILSVRC2012_val_00003620.JPEG,n03394916,566,French horn,566,French horn,0.5259426236152649,True
imagenette,data/imagenette2-320/val/n03394916/ILSVRC2012_val_00004301.JPEG,n03394916,566,French horn,566,French horn,0.29761549830436707,True
imagenette,data/imagenette2-320/val/n03394916/ILSVRC2012_val_00007921.JPEG,n03394916,566,French horn,566,French horn,0.6787043809890747,True
imagenette,data/imagenette2-320/val/n03394916/ILSVRC2012_val_00009651.JPEG,n03394916,566,French horn,566,French horn,0.1744866520166397,True
imagenette,data/imagenette2-320/val/n03394916/ILSVRC2012_val_00011691.JPEG,n03394916,566,French horn,875,trombone,0.18181075155735016,False
imagenette,data/imagenette2-320/val/n03394916/ILSVRC2012_val_00015542.JPEG,n03394916,566,French horn,566,French horn,0.5586397647857666,True
imagenette,data/imagenette2-320/val/n03394916/ILSVRC2012_val_00025430.JPEG,n03394916,566,French horn,566,French horn,0.33590999245643616,True
imagenette,data/imagenette2-320/val/n03394916/ILSVRC2012_val_00025761.JPEG,n03394916,566,French horn,513,cornet,0.4209364354610443,False
imagenette,data/imagenette2-320/val/n03394916/ILSVRC2012_val_00033682.JPEG,n03394916,566,French horn,513,cornet,0.22954951226711273,False
imagenette,data/imagenette2-320/val/n03394916/ILSVRC2012_val_00037592.JPEG,n03394916,566,French horn,566,French horn,0.5872614979743958,True
imagenette,data/imagenette2-320/val/n03394916/ILSVRC2012_val_00041242.JPEG,n03394916,566,French horn,461,breastplate,0.04301914572715759,False
imagenette,data/imagenette2-320/val/n03394916/n03394916_10501.JPEG,n03394916,566,French horn,566,French horn,0.43457576632499695,True
imagenette,data/imagenette2-320/val/n03394916/n03394916_10591.JPEG,n03394916,566,French horn,566,French horn,0.4094116985797882,True
imagenette,data/imagenette2-320/val/n03394916/n03394916_1091.JPEG,n03394916,566,French horn,566,French horn,0.42208224534988403,True
imagenette,data/imagenette2-320/val/n03394916/n03394916_11030.JPEG,n03394916,566,French horn,566,French horn,0.37452366948127747,True
imagenette,data/imagenette2-320/val/n03394916/n03394916_1130.JPEG,n03394916,566,French horn,566,French horn,0.2414022982120514,True
imagenette,data/imagenette2-320/val/n03394916/n03394916_11330.JPEG,n03394916,566,French horn,875,trombone,0.20239099860191345,False
imagenette,data/imagenette2-320/val/n03394916/n03394916_11571.JPEG,n03394916,566,French horn,566,French horn,0.6597642302513123,True
imagenette,data/imagenette2-320/val/n03394916/n03394916_11582.JPEG,n03394916,566,French horn,566,French horn,0.5817292332649231,True
imagenette,data/imagenette2-320/val/n03394916/n03394916_12292.JPEG,n03394916,566,French horn,566,French horn,0.5930519104003906,True
imagenette,data/imagenette2-320/val/n03394916/n03394916_12430.JPEG,n03394916,566,French horn,566,French horn,0.23021820187568665,True
imagenette,data/imagenette2-320/val/n03394916/n03394916_13492.JPEG,n03394916,566,French horn,875,trombone,0.4562205374240875,False
imagenette,data/imagenette2-320/val/n03394916/n03394916_14002.JPEG,n03394916,566,French horn,875,trombone,0.14721064269542694,False
imagenette,data/imagenette2-320/val/n03394916/n03394916_14162.JPEG,n03394916,566,French horn,566,French horn,0.44632402062416077,True
imagenette,data/imagenette2-320/val/n03394916/n03394916_15352.JPEG,n03394916,566,French horn,566,French horn,0.5210409164428711,True
imagenette,data/imagenette2-320/val/n03394916/n03394916_15691.JPEG,n03394916,566,French horn,566,French horn,0.4050765931606293,True
imagenette,data/imagenette2-320/val/n03394916/n03394916_1592.JPEG,n03394916,566,French horn,566,French horn,0.4703879952430725,True
imagenette,data/imagenette2-320/val/n03394916/n03394916_16212.JPEG,n03394916,566,French horn,566,French horn,0.6511818766593933,True
imagenette,data/imagenette2-320/val/n03394916/n03394916_16322.JPEG,n03394916,566,French horn,566,French horn,0.422941118478775,True
imagenette,data/imagenette2-320/val/n03394916/n03394916_16601.JPEG,n03394916,566,French horn,566,French horn,0.557742714881897,True
imagenette,data/imagenette2-320/val/n03394916/n03394916_16781.JPEG,n03394916,566,French horn,566,French horn,0.5706532597541809,True
imagenette,data/imagenette2-320/val/n03394916/n03394916_17100.JPEG,n03394916,566,French horn,566,French horn,0.7330524921417236,True
imagenette,data/imagenette2-320/val/n03394916/n03394916_17141.JPEG,n03394916,566,French horn,566,French horn,0.386930376291275,True
imagenette,data/imagenette2-320/val/n03394916/n03394916_17780.JPEG,n03394916,566,French horn,566,French horn,0.45140790939331055,True
imagenette,data/imagenette2-320/val/n03394916/n03394916_17890.JPEG,n03394916,566,French horn,566,French horn,0.6215230226516724,True
imagenette,data/imagenette2-320/val/n03394916/n03394916_180.JPEG,n03394916,566,French horn,566,French horn,0.5289496779441833,True
imagenette,data/imagenette2-320/val/n03394916/n03394916_18691.JPEG,n03394916,566,French horn,566,French horn,0.48580050468444824,True
imagenette,data/imagenette2-320/val/n03394916/n03394916_18901.JPEG,n03394916,566,French horn,566,French horn,0.43455031514167786,True
imagenette,data/imagenette2-320/val/n03394916/n03394916_19491.JPEG,n03394916,566,French horn,566,French horn,0.49258294701576233,True
imagenette,data/imagenette2-320/val/n03394916/n03394916_20281.JPEG,n03394916,566,French horn,566,French horn,0.6726141571998596,True
imagenette,data/imagenette2-320/val/n03394916/n03394916_20420.JPEG,n03394916,566,French horn,566,French horn,0.5055966973304749,True
imagenette,data/imagenette2-320/val/n03394916/n03394916_21040.JPEG,n03394916,566,French horn,566,French horn,0.7017040848731995,True
imagenette,data/imagenette2-320/val/n03394916/n03394916_21092.JPEG,n03394916,566,French horn,566,French horn,0.2545674741268158,True
imagenette,data/imagenette2-320/val/n03394916/n03394916_21272.JPEG,n03394916,566,French horn,566,French horn,0.5761625170707703,True
imagenette,data/imagenette2-320/val/n03394916/n03394916_2151.JPEG,n03394916,566,French horn,566,French horn,0.4514068067073822,True
imagenette,data/imagenette2-320/val/n03394916/n03394916_22661.JPEG,n03394916,566,French horn,566,French horn,0.5267914533615112,True
imagenette,data/imagenette2-320/val/n03394916/n03394916_22791.JPEG,n03394916,566,French horn,566,French horn,0.3443629741668701,True
imagenette,data/imagenette2-320/val/n03394916/n03394916_230.JPEG,n03394916,566,French horn,566,French horn,0.33682045340538025,True
imagenette,data/imagenette2-320/val/n03394916/n03394916_23071.JPEG,n03394916,566,French horn,566,French horn,0.5744538307189941,True
imagenette,data/imagenette2-320/val/n03394916/n03394916_23222.JPEG,n03394916,566,French horn,566,French horn,0.4941658675670624,True
imagenette,data/imagenette2-320/val/n03394916/n03394916_23411.JPEG,n03394916,566,French horn,566,French horn,0.544174075126648,True
imagenette,data/imagenette2-320/val/n03394916/n03394916_23742.JPEG,n03394916,566,French horn,566,French horn,0.482577383518219,True
imagenette,data/imagenette2-320/val/n03394916/n03394916_23942.JPEG,n03394916,566,French horn,566,French horn,0.4354475438594818,True
imagenette,data/imagenette2-320/val/n03394916/n03394916_24391.JPEG,n03394916,566,French horn,566,French horn,0.45622578263282776,True
imagenette,data/imagenette2-320/val/n03394916/n03394916_24420.JPEG,n03394916,566,French horn,566,French horn,0.4991680681705475,True
imagenette,data/imagenette2-320/val/n03394916/n03394916_24532.JPEG,n03394916,566,French horn,566,French horn,0.42483606934547424,True
imagenette,data/imagenette2-320/val/n03394916/n03394916_25580.JPEG,n03394916,566,French horn,566,French horn,0.6666877865791321,True
imagenette,data/imagenette2-320/val/n03394916/n03394916_25670.JPEG,n03394916,566,French horn,566,French horn,0.5440551042556763,True
imagenette,data/imagenette2-320/val/n03394916/n03394916_25781.JPEG,n03394916,566,French horn,566,French horn,0.5666716694831848,True
imagenette,data/imagenette2-320/val/n03394916/n03394916_25821.JPEG,n03394916,566,French horn,566,French horn,0.3602733910083771,True
imagenette,data/imagenette2-320/val/n03394916/n03394916_25832.JPEG,n03394916,566,French horn,566,French horn,0.6396516561508179,True
imagenette,data/imagenette2-320/val/n03394916/n03394916_26040.JPEG,n03394916,566,French horn,566,French horn,0.30809617042541504,True
imagenette,data/imagenette2-320/val/n03394916/n03394916_26102.JPEG,n03394916,566,French horn,566,French horn,0.23860536515712738,True
imagenette,data/imagenette2-320/val/n03394916/n03394916_26252.JPEG,n03394916,566,French horn,566,French horn,0.34504544734954834,True
imagenette,data/imagenette2-320/val/n03394916/n03394916_26260.JPEG,n03394916,566,French horn,566,French horn,0.35552260279655457,True
imagenette,data/imagenette2-320/val/n03394916/n03394916_26270.JPEG,n03394916,566,French horn,566,French horn,0.302386611700058,True
imagenette,data/imagenette2-320/val/n03394916/n03394916_26391.JPEG,n03394916,566,French horn,566,French horn,0.4455496668815613,True
imagenette,data/imagenette2-320/val/n03394916/n03394916_26422.JPEG,n03394916,566,French horn,566,French horn,0.4687286615371704,True
imagenette,data/imagenette2-320/val/n03394916/n03394916_26802.JPEG,n03394916,566,French horn,566,French horn,0.45986565947532654,True
imagenette,data/imagenette2-320/val/n03394916/n03394916_26831.JPEG,n03394916,566,French horn,566,French horn,0.1475708931684494,True
imagenette,data/imagenette2-320/val/n03394916/n03394916_26940.JPEG,n03394916,566,French horn,566,French horn,0.6388288140296936,True
imagenette,data/imagenette2-320/val/n03394916/n03394916_27071.JPEG,n03394916,566,French horn,566,French horn,0.5466256737709045,True
imagenette,data/imagenette2-320/val/n03394916/n03394916_27241.JPEG,n03394916,566,French horn,566,French horn,0.34338343143463135,True
imagenette,data/imagenette2-320/val/n03394916/n03394916_27560.JPEG,n03394916,566,French horn,594,harp,0.07654772698879242,False
imagenette,data/imagenette2-320/val/n03394916/n03394916_27932.JPEG,n03394916,566,French horn,566,French horn,0.3465230464935303,True
imagenette,data/imagenette2-320/val/n03394916/n03394916_28291.JPEG,n03394916,566,French horn,875,trombone,0.3974171578884125,False
imagenette,data/imagenette2-320/val/n03394916/n03394916_28381.JPEG,n03394916,566,French horn,566,French horn,0.38152939081192017,True
imagenette,data/imagenette2-320/val/n03394916/n03394916_28421.JPEG,n03394916,566,French horn,513,cornet,0.13145478069782257,False
imagenette,data/imagenette2-320/val/n03394916/n03394916_28431.JPEG,n03394916,566,French horn,566,French horn,0.14424225687980652,True
imagenette,data/imagenette2-320/val/n03394916/n03394916_28461.JPEG,n03394916,566,French horn,513,cornet,0.22913062572479248,False
imagenette,data/imagenette2-320/val/n03394916/n03394916_28561.JPEG,n03394916,566,French horn,566,French horn,0.5718023180961609,True
imagenette,data/imagenette2-320/val/n03394916/n03394916_28590.JPEG,n03394916,566,French horn,566,French horn,0.3500407636165619,True
imagenette,data/imagenette2-320/val/n03394916/n03394916_28651.JPEG,n03394916,566,French horn,566,French horn,0.4880501627922058,True
imagenette,data/imagenette2-320/val/n03394916/n03394916_28830.JPEG,n03394916,566,French horn,566,French horn,0.43638795614242554,True
imagenette,data/imagenette2-320/val/n03394916/n03394916_28971.JPEG,n03394916,566,French horn,566,French horn,0.16444136202335358,True
imagenette,data/imagenette2-320/val/n03394916/n03394916_29091.JPEG,n03394916,566,French horn,566,French horn,0.7158647775650024,True
imagenette,data/imagenette2-320/val/n03394916/n03394916_29130.JPEG,n03394916,566,French horn,566,French horn,0.199162557721138,True
imagenette,data/imagenette2-320/val/n03394916/n03394916_29142.JPEG,n03394916,566,French horn,566,French horn,0.4184502959251404,True
imagenette,data/imagenette2-320/val/n03394916/n03394916_292.JPEG,n03394916,566,French horn,566,French horn,0.4311769902706146,True
imagenette,data/imagenette2-320/val/n03394916/n03394916_29311.JPEG,n03394916,566,French horn,566,French horn,0.32345762848854065,True
imagenette,data/imagenette2-320/val/n03394916/n03394916_29412.JPEG,n03394916,566,French horn,566,French horn,0.6479498147964478,True
imagenette,data/imagenette2-320/val/n03394916/n03394916_29480.JPEG,n03394916,566,French horn,566,French horn,0.4873654246330261,True
imagenette,data/imagenette2-320/val/n03394916/n03394916_29500.JPEG,n03394916,566,French horn,566,French horn,0.4793335795402527,True
imagenette,data/imagenette2-320/val/n03394916/n03394916_29530.JPEG,n03394916,566,French horn,566,French horn,0.5729947090148926,True
imagenette,data/imagenette2-320/val/n03394916/n03394916_29541.JPEG,n03394916,566,French horn,776,sax,0.23436228930950165,False
imagenette,data/imagenette2-320/val/n03394916/n03394916_29580.JPEG,n03394916,566,French horn,566,French horn,0.310132771730423,True
imagenette,data/imagenette2-320/val/n03394916/n03394916_29611.JPEG,n03394916,566,French horn,566,French horn,0.3574320077896118,True
imagenette,data/imagenette2-320/val/n03394916/n03394916_29622.JPEG,n03394916,566,French horn,566,French horn,0.3898696005344391,True
imagenette,data/imagenette2-320/val/n03394916/n03394916_29722.JPEG,n03394916,566,French horn,566,French horn,0.3087040185928345,True
imagenette,data/imagenette2-320/val/n03394916/n03394916_29752.JPEG,n03394916,566,French horn,566,French horn,0.13743530213832855,True
imagenette,data/imagenette2-320/val/n03394916/n03394916_29762.JPEG,n03394916,566,French horn,566,French horn,0.20222529768943787,True
imagenette,data/imagenette2-320/val/n03394916/n03394916_29780.JPEG,n03394916,566,French horn,566,French horn,0.24605779349803925,True
imagenette,data/imagenette2-320/val/n03394916/n03394916_29842.JPEG,n03394916,566,French horn,566,French horn,0.8364713191986084,True
imagenette,data/imagenette2-320/val/n03394916/n03394916_29861.JPEG,n03394916,566,French horn,566,French horn,0.44525638222694397,True
imagenette,data/imagenette2-320/val/n03394916/n03394916_29911.JPEG,n03394916,566,French horn,566,French horn,0.16485542058944702,True
imagenette,data/imagenette2-320/val/n03394916/n03394916_29940.JPEG,n03394916,566,French horn,566,French horn,0.48110082745552063,True
imagenette,data/imagenette2-320/val/n03394916/n03394916_30001.JPEG,n03394916,566,French horn,566,French horn,0.29563772678375244,True
imagenette,data/imagenette2-320/val/n03394916/n03394916_30072.JPEG,n03394916,566,French horn,566,French horn,0.3091038763523102,True
imagenette,data/imagenette2-320/val/n03394916/n03394916_30162.JPEG,n03394916,566,French horn,566,French horn,0.2674841582775116,True
imagenette,data/imagenette2-320/val/n03394916/n03394916_30222.JPEG,n03394916,566,French horn,566,French horn,0.3974030315876007,True
imagenette,data/imagenette2-320/val/n03394916/n03394916_30231.JPEG,n03394916,566,French horn,566,French horn,0.27987587451934814,True
imagenette,data/imagenette2-320/val/n03394916/n03394916_30261.JPEG,n03394916,566,French horn,566,French horn,0.35998213291168213,True
imagenette,data/imagenette2-320/val/n03394916/n03394916_30310.JPEG,n03394916,566,French horn,566,French horn,0.44149768352508545,True
imagenette,data/imagenette2-320/val/n03394916/n03394916_30432.JPEG,n03394916,566,French horn,566,French horn,0.4534411132335663,True
imagenette,data/imagenette2-320/val/n03394916/n03394916_30451.JPEG,n03394916,566,French horn,566,French horn,0.35955289006233215,True
imagenette,data/imagenette2-320/val/n03394916/n03394916_30460.JPEG,n03394916,566,French horn,566,French horn,0.24712637066841125,True
imagenette,data/imagenette2-320/val/n03394916/n03394916_30500.JPEG,n03394916,566,French horn,566,French horn,0.5336331725120544,True
imagenette,data/imagenette2-320/val/n03394916/n03394916_30631.JPEG,n03394916,566,French horn,566,French horn,0.486531525850296,True
imagenette,data/imagenette2-320/val/n03394916/n03394916_30671.JPEG,n03394916,566,French horn,566,French horn,0.2537560760974884,True
imagenette,data/imagenette2-320/val/n03394916/n03394916_30700.JPEG,n03394916,566,French horn,566,French horn,0.5668331384658813,True
imagenette,data/imagenette2-320/val/n03394916/n03394916_30881.JPEG,n03394916,566,French horn,566,French horn,0.4711652398109436,True
imagenette,data/imagenette2-320/val/n03394916/n03394916_31032.JPEG,n03394916,566,French horn,566,French horn,0.8960359692573547,True
imagenette,data/imagenette2-320/val/n03394916/n03394916_31860.JPEG,n03394916,566,French horn,566,French horn,0.43952274322509766,True
imagenette,data/imagenette2-320/val/n03394916/n03394916_31871.JPEG,n03394916,566,French horn,566,French horn,0.14089715480804443,True
imagenette,data/imagenette2-320/val/n03394916/n03394916_32272.JPEG,n03394916,566,French horn,566,French horn,0.4668346047401428,True
imagenette,data/imagenette2-320/val/n03394916/n03394916_32340.JPEG,n03394916,566,French horn,566,French horn,0.26120471954345703,True
imagenette,data/imagenette2-320/val/n03394916/n03394916_32411.JPEG,n03394916,566,French horn,566,French horn,0.6775418519973755,True
imagenette,data/imagenette2-320/val/n03394916/n03394916_32422.JPEG,n03394916,566,French horn,566,French horn,0.38915619254112244,True
imagenette,data/imagenette2-320/val/n03394916/n03394916_32520.JPEG,n03394916,566,French horn,566,French horn,0.44600096344947815,True
imagenette,data/imagenette2-320/val/n03394916/n03394916_32522.JPEG,n03394916,566,French horn,566,French horn,0.4812721312046051,True
imagenette,data/imagenette2-320/val/n03394916/n03394916_32550.JPEG,n03394916,566,French horn,566,French horn,0.34521734714508057,True
imagenette,data/imagenette2-320/val/n03394916/n03394916_32582.JPEG,n03394916,566,French horn,566,French horn,0.29066649079322815,True
imagenette,data/imagenette2-320/val/n03394916/n03394916_32661.JPEG,n03394916,566,French horn,566,French horn,0.18759451806545258,True
imagenette,data/imagenette2-320/val/n03394916/n03394916_32730.JPEG,n03394916,566,French horn,566,French horn,0.15385839343070984,True
imagenette,data/imagenette2-320/val/n03394916/n03394916_32800.JPEG,n03394916,566,French horn,566,French horn,0.30442798137664795,True
imagenette,data/imagenette2-320/val/n03394916/n03394916_32870.JPEG,n03394916,566,French horn,566,French horn,0.6097505688667297,True
imagenette,data/imagenette2-320/val/n03394916/n03394916_32931.JPEG,n03394916,566,French horn,566,French horn,0.46388381719589233,True
imagenette,data/imagenette2-320/val/n03394916/n03394916_32980.JPEG,n03394916,566,French horn,566,French horn,0.4396549165248871,True
imagenette,data/imagenette2-320/val/n03394916/n03394916_32982.JPEG,n03394916,566,French horn,566,French horn,0.46267169713974,True
imagenette,data/imagenette2-320/val/n03394916/n03394916_33012.JPEG,n03394916,566,French horn,566,French horn,0.19153840839862823,True
imagenette,data/imagenette2-320/val/n03394916/n03394916_33101.JPEG,n03394916,566,French horn,513,cornet,0.05474783480167389,False
imagenette,data/imagenette2-320/val/n03394916/n03394916_33181.JPEG,n03394916,566,French horn,566,French horn,0.2064368575811386,True
imagenette,data/imagenette2-320/val/n03394916/n03394916_33200.JPEG,n03394916,566,French horn,566,French horn,0.6297410130500793,True
imagenette,data/imagenette2-320/val/n03394916/n03394916_33221.JPEG,n03394916,566,French horn,566,French horn,0.10904185473918915,True
imagenette,data/imagenette2-320/val/n03394916/n03394916_33222.JPEG,n03394916,566,French horn,566,French horn,0.40069350600242615,True
imagenette,data/imagenette2-320/val/n03394916/n03394916_33260.JPEG,n03394916,566,French horn,566,French horn,0.37234148383140564,True
imagenette,data/imagenette2-320/val/n03394916/n03394916_33262.JPEG,n03394916,566,French horn,566,French horn,0.4597781002521515,True
imagenette,data/imagenette2-320/val/n03394916/n03394916_33291.JPEG,n03394916,566,French horn,566,French horn,0.224654883146286,True
imagenette,data/imagenette2-320/val/n03394916/n03394916_33341.JPEG,n03394916,566,French horn,566,French horn,0.6387461423873901,True
imagenette,data/imagenette2-320/val/n03394916/n03394916_33352.JPEG,n03394916,566,French horn,776,sax,0.4027819037437439,False
imagenette,data/imagenette2-320/val/n03394916/n03394916_33380.JPEG,n03394916,566,French horn,566,French horn,0.08808232098817825,True
imagenette,data/imagenette2-320/val/n03394916/n03394916_33462.JPEG,n03394916,566,French horn,566,French horn,0.568568229675293,True
imagenette,data/imagenette2-320/val/n03394916/n03394916_33481.JPEG,n03394916,566,French horn,432,bassoon,0.11182097345590591,False
imagenette,data/imagenette2-320/val/n03394916/n03394916_33490.JPEG,n03394916,566,French horn,566,French horn,0.33981096744537354,True
imagenette,data/imagenette2-320/val/n03394916/n03394916_33662.JPEG,n03394916,566,French horn,875,trombone,0.2938963770866394,False
imagenette,data/imagenette2-320/val/n03394916/n03394916_33711.JPEG,n03394916,566,French horn,566,French horn,0.48644331097602844,True
imagenette,data/imagenette2-320/val/n03394916/n03394916_33771.JPEG,n03394916,566,French horn,566,French horn,0.4015653133392334,True
imagenette,data/imagenette2-320/val/n03394916/n03394916_33902.JPEG,n03394916,566,French horn,566,French horn,0.1300738900899887,True
imagenette,data/imagenette2-320/val/n03394916/n03394916_33940.JPEG,n03394916,566,French horn,566,French horn,0.4889567792415619,True
imagenette,data/imagenette2-320/val/n03394916/n03394916_33942.JPEG,n03394916,566,French horn,566,French horn,0.29362213611602783,True
imagenette,data/imagenette2-320/val/n03394916/n03394916_34012.JPEG,n03394916,566,French horn,566,French horn,0.3414674699306488,True
imagenette,data/imagenette2-320/val/n03394916/n03394916_34051.JPEG,n03394916,566,French horn,513,cornet,0.30327141284942627,False
imagenette,data/imagenette2-320/val/n03394916/n03394916_3422.JPEG,n03394916,566,French horn,566,French horn,0.7340556383132935,True
imagenette,data/imagenette2-320/val/n03394916/n03394916_34332.JPEG,n03394916,566,French horn,566,French horn,0.6229950189590454,True
imagenette,data/imagenette2-320/val/n03394916/n03394916_34492.JPEG,n03394916,566,French horn,566,French horn,0.30488476157188416,True
imagenette,data/imagenette2-320/val/n03394916/n03394916_34532.JPEG,n03394916,566,French horn,566,French horn,0.41308051347732544,True
imagenette,data/imagenette2-320/val/n03394916/n03394916_34752.JPEG,n03394916,566,French horn,566,French horn,0.3178962171077728,True
imagenette,data/imagenette2-320/val/n03394916/n03394916_35172.JPEG,n03394916,566,French horn,566,French horn,0.47028014063835144,True
imagenette,data/imagenette2-320/val/n03394916/n03394916_35182.JPEG,n03394916,566,French horn,566,French horn,0.32934683561325073,True
imagenette,data/imagenette2-320/val/n03394916/n03394916_35200.JPEG,n03394916,566,French horn,566,French horn,0.3582269251346588,True
imagenette,data/imagenette2-320/val/n03394916/n03394916_3522.JPEG,n03394916,566,French horn,875,trombone,0.23100529611110687,False
imagenette,data/imagenette2-320/val/n03394916/n03394916_35271.JPEG,n03394916,566,French horn,566,French horn,0.3153276741504669,True
imagenette,data/imagenette2-320/val/n03394916/n03394916_35292.JPEG,n03394916,566,French horn,566,French horn,0.5158944725990295,True
imagenette,data/imagenette2-320/val/n03394916/n03394916_35320.JPEG,n03394916,566,French horn,566,French horn,0.3619295358657837,True
imagenette,data/imagenette2-320/val/n03394916/n03394916_35360.JPEG,n03394916,566,French horn,566,French horn,0.47446760535240173,True
imagenette,data/imagenette2-320/val/n03394916/n03394916_35542.JPEG,n03394916,566,French horn,566,French horn,0.6519616842269897,True
imagenette,data/imagenette2-320/val/n03394916/n03394916_35620.JPEG,n03394916,566,French horn,566,French horn,0.3549615144729614,True
imagenette,data/imagenette2-320/val/n03394916/n03394916_35731.JPEG,n03394916,566,French horn,566,French horn,0.3178793489933014,True
imagenette,data/imagenette2-320/val/n03394916/n03394916_35740.JPEG,n03394916,566,French horn,566,French horn,0.8000030517578125,True
imagenette,data/imagenette2-320/val/n03394916/n03394916_35801.JPEG,n03394916,566,French horn,439,bearskin,0.243674173951149,False
imagenette,data/imagenette2-320/val/n03394916/n03394916_35811.JPEG,n03394916,566,French horn,566,French horn,0.5792058706283569,True
imagenette,data/imagenette2-320/val/n03394916/n03394916_35812.JPEG,n03394916,566,French horn,566,French horn,0.622893214225769,True
imagenette,data/imagenette2-320/val/n03394916/n03394916_35871.JPEG,n03394916,566,French horn,566,French horn,0.3725731670856476,True
imagenette,data/imagenette2-320/val/n03394916/n03394916_36000.JPEG,n03394916,566,French horn,566,French horn,0.34821417927742004,True
imagenette,data/imagenette2-320/val/n03394916/n03394916_36002.JPEG,n03394916,566,French horn,776,sax,0.36393898725509644,False
imagenette,data/imagenette2-320/val/n03394916/n03394916_36102.JPEG,n03394916,566,French horn,566,French horn,0.5685398578643799,True
imagenette,data/imagenette2-320/val/n03394916/n03394916_36172.JPEG,n03394916,566,French horn,566,French horn,0.46682384610176086,True
imagenette,data/imagenette2-320/val/n03394916/n03394916_36361.JPEG,n03394916,566,French horn,566,French horn,0.29585257172584534,True
imagenette,data/imagenette2-320/val/n03394916/n03394916_36380.JPEG,n03394916,566,French horn,566,French horn,0.4829537868499756,True
imagenette,data/imagenette2-320/val/n03394916/n03394916_36420.JPEG,n03394916,566,French horn,566,French horn,0.3389769494533539,True
imagenette,data/imagenette2-320/val/n03394916/n03394916_36432.JPEG,n03394916,566,French horn,566,French horn,0.4271840453147888,True
imagenette,data/imagenette2-320/val/n03394916/n03394916_36532.JPEG,n03394916,566,French horn,566,French horn,0.904102087020874,True
imagenette,data/imagenette2-320/val/n03394916/n03394916_36662.JPEG,n03394916,566,French horn,875,trombone,0.16374821960926056,False
imagenette,data/imagenette2-320/val/n03394916/n03394916_36691.JPEG,n03394916,566,French horn,776,sax,0.2542336583137512,False
imagenette,data/imagenette2-320/val/n03394916/n03394916_36732.JPEG,n03394916,566,French horn,566,French horn,0.6724908351898193,True
imagenette,data/imagenette2-320/val/n03394916/n03394916_36752.JPEG,n03394916,566,French horn,566,French horn,0.5241416692733765,True
imagenette,data/imagenette2-320/val/n03394916/n03394916_36771.JPEG,n03394916,566,French horn,566,French horn,0.3914346396923065,True
imagenette,data/imagenette2-320/val/n03394916/n03394916_36772.JPEG,n03394916,566,French horn,566,French horn,0.24878236651420593,True
imagenette,data/imagenette2-320/val/n03394916/n03394916_36782.JPEG,n03394916,566,French horn,566,French horn,0.5933805108070374,True
imagenette,data/imagenette2-320/val/n03394916/n03394916_36911.JPEG,n03394916,566,French horn,566,French horn,0.35059207677841187,True
imagenette,data/imagenette2-320/val/n03394916/n03394916_36941.JPEG,n03394916,566,French horn,566,French horn,0.24011129140853882,True
imagenette,data/imagenette2-320/val/n03394916/n03394916_36960.JPEG,n03394916,566,French horn,566,French horn,0.6697793006896973,True
imagenette,data/imagenette2-320/val/n03394916/n03394916_36982.JPEG,n03394916,566,French horn,566,French horn,0.2861475348472595,True
imagenette,data/imagenette2-320/val/n03394916/n03394916_37161.JPEG,n03394916,566,French horn,566,French horn,0.34488213062286377,True
imagenette,data/imagenette2-320/val/n03394916/n03394916_37171.JPEG,n03394916,566,French horn,566,French horn,0.46004217863082886,True
imagenette,data/imagenette2-320/val/n03394916/n03394916_37261.JPEG,n03394916,566,French horn,566,French horn,0.3708043694496155,True
imagenette,data/imagenette2-320/val/n03394916/n03394916_3731.JPEG,n03394916,566,French horn,566,French horn,0.41667208075523376,True
imagenette,data/imagenette2-320/val/n03394916/n03394916_37321.JPEG,n03394916,566,French horn,566,French horn,0.36217010021209717,True
imagenette,data/imagenette2-320/val/n03394916/n03394916_37510.JPEG,n03394916,566,French horn,566,French horn,0.25413593649864197,True
imagenette,data/imagenette2-320/val/n03394916/n03394916_37571.JPEG,n03394916,566,French horn,566,French horn,0.16405224800109863,True
imagenette,data/imagenette2-320/val/n03394916/n03394916_37762.JPEG,n03394916,566,French horn,566,French horn,0.2507120966911316,True
imagenette,data/imagenette2-320/val/n03394916/n03394916_37852.JPEG,n03394916,566,French horn,566,French horn,0.32831087708473206,True
imagenette,data/imagenette2-320/val/n03394916/n03394916_37960.JPEG,n03394916,566,French horn,566,French horn,0.09091075509786606,True
imagenette,data/imagenette2-320/val/n03394916/n03394916_37991.JPEG,n03394916,566,French horn,566,French horn,0.21713055670261383,True
imagenette,data/imagenette2-320/val/n03394916/n03394916_38041.JPEG,n03394916,566,French horn,566,French horn,0.1837121546268463,True
imagenette,data/imagenette2-320/val/n03394916/n03394916_38050.JPEG,n03394916,566,French horn,566,French horn,0.2788635194301605,True
imagenette,data/imagenette2-320/val/n03394916/n03394916_38071.JPEG,n03394916,566,French horn,566,French horn,0.43966469168663025,True
imagenette,data/imagenette2-320/val/n03394916/n03394916_38162.JPEG,n03394916,566,French horn,566,French horn,0.8837941288948059,True
imagenette,data/imagenette2-320/val/n03394916/n03394916_38201.JPEG,n03394916,566,French horn,566,French horn,0.530975878238678,True
imagenette,data/imagenette2-320/val/n03394916/n03394916_38212.JPEG,n03394916,566,French horn,566,French horn,0.31761831045150757,True
imagenette,data/imagenette2-320/val/n03394916/n03394916_38221.JPEG,n03394916,566,French horn,566,French horn,0.47593146562576294,True
imagenette,data/imagenette2-320/val/n03394916/n03394916_38320.JPEG,n03394916,566,French horn,566,French horn,0.3209013044834137,True
imagenette,data/imagenette2-320/val/n03394916/n03394916_38340.JPEG,n03394916,566,French horn,566,French horn,0.6872265338897705,True
imagenette,data/imagenette2-320/val/n03394916/n03394916_38360.JPEG,n03394916,566,French horn,566,French horn,0.5812009572982788,True
imagenette,data/imagenette2-320/val/n03394916/n03394916_38471.JPEG,n03394916,566,French horn,566,French horn,0.5625630021095276,True
imagenette,data/imagenette2-320/val/n03394916/n03394916_38481.JPEG,n03394916,566,French horn,566,French horn,0.549018144607544,True
imagenette,data/imagenette2-320/val/n03394916/n03394916_38530.JPEG,n03394916,566,French horn,566,French horn,0.6838605403900146,True
imagenette,data/imagenette2-320/val/n03394916/n03394916_38581.JPEG,n03394916,566,French horn,566,French horn,0.35303956270217896,True
imagenette,data/imagenette2-320/val/n03394916/n03394916_38680.JPEG,n03394916,566,French horn,566,French horn,0.3034065365791321,True
imagenette,data/imagenette2-320/val/n03394916/n03394916_38702.JPEG,n03394916,566,French horn,566,French horn,0.1975811868906021,True
imagenette,data/imagenette2-320/val/n03394916/n03394916_38782.JPEG,n03394916,566,French horn,566,French horn,0.2949655055999756,True
imagenette,data/imagenette2-320/val/n03394916/n03394916_38830.JPEG,n03394916,566,French horn,566,French horn,0.3607791066169739,True
imagenette,data/imagenette2-320/val/n03394916/n03394916_38841.JPEG,n03394916,566,French horn,566,French horn,0.6771404147148132,True
imagenette,data/imagenette2-320/val/n03394916/n03394916_38861.JPEG,n03394916,566,French horn,566,French horn,0.5455105304718018,True
imagenette,data/imagenette2-320/val/n03394916/n03394916_39102.JPEG,n03394916,566,French horn,513,cornet,0.1920231431722641,False
imagenette,data/imagenette2-320/val/n03394916/n03394916_39220.JPEG,n03394916,566,French horn,566,French horn,0.1989031434059143,True
imagenette,data/imagenette2-320/val/n03394916/n03394916_39500.JPEG,n03394916,566,French horn,566,French horn,0.5688544511795044,True
imagenette,data/imagenette2-320/val/n03394916/n03394916_39880.JPEG,n03394916,566,French horn,566,French horn,0.45388007164001465,True
imagenette,data/imagenette2-320/val/n03394916/n03394916_40160.JPEG,n03394916,566,French horn,566,French horn,0.505163311958313,True
imagenette,data/imagenette2-320/val/n03394916/n03394916_40301.JPEG,n03394916,566,French horn,566,French horn,0.11320195347070694,True
imagenette,data/imagenette2-320/val/n03394916/n03394916_40302.JPEG,n03394916,566,French horn,566,French horn,0.4129990041255951,True
imagenette,data/imagenette2-320/val/n03394916/n03394916_40391.JPEG,n03394916,566,French horn,566,French horn,0.22517432272434235,True
imagenette,data/imagenette2-320/val/n03394916/n03394916_40411.JPEG,n03394916,566,French horn,566,French horn,0.535125195980072,True
imagenette,data/imagenette2-320/val/n03394916/n03394916_40501.JPEG,n03394916,566,French horn,566,French horn,0.27612826228141785,True
imagenette,data/imagenette2-320/val/n03394916/n03394916_40741.JPEG,n03394916,566,French horn,566,French horn,0.5164834260940552,True
imagenette,data/imagenette2-320/val/n03394916/n03394916_41541.JPEG,n03394916,566,French horn,513,cornet,0.31038179993629456,False
imagenette,data/imagenette2-320/val/n03394916/n03394916_41871.JPEG,n03394916,566,French horn,566,French horn,0.45698362588882446,True
imagenette,data/imagenette2-320/val/n03394916/n03394916_42200.JPEG,n03394916,566,French horn,566,French horn,0.3839174211025238,True
imagenette,data/imagenette2-320/val/n03394916/n03394916_42291.JPEG,n03394916,566,French horn,566,French horn,0.3173433244228363,True
imagenette,data/imagenette2-320/val/n03394916/n03394916_42312.JPEG,n03394916,566,French horn,566,French horn,0.5938162803649902,True
imagenette,data/imagenette2-320/val/n03394916/n03394916_42422.JPEG,n03394916,566,French horn,566,French horn,0.38208985328674316,True
imagenette,data/imagenette2-320/val/n03394916/n03394916_42452.JPEG,n03394916,566,French horn,566,French horn,0.13526014983654022,True
imagenette,data/imagenette2-320/val/n03394916/n03394916_4251.JPEG,n03394916,566,French horn,566,French horn,0.4409359097480774,True
imagenette,data/imagenette2-320/val/n03394916/n03394916_42550.JPEG,n03394916,566,French horn,566,French horn,0.39717358350753784,True
imagenette,data/imagenette2-320/val/n03394916/n03394916_42671.JPEG,n03394916,566,French horn,566,French horn,0.5957174897193909,True
imagenette,data/imagenette2-320/val/n03394916/n03394916_42690.JPEG,n03394916,566,French horn,566,French horn,0.5503411293029785,True
imagenette,data/imagenette2-320/val/n03394916/n03394916_42702.JPEG,n03394916,566,French horn,566,French horn,0.44813215732574463,True
imagenette,data/imagenette2-320/val/n03394916/n03394916_42721.JPEG,n03394916,566,French horn,566,French horn,0.2592003345489502,True
imagenette,data/imagenette2-320/val/n03394916/n03394916_42732.JPEG,n03394916,566,French horn,566,French horn,0.43839195370674133,True
imagenette,data/imagenette2-320/val/n03394916/n03394916_42912.JPEG,n03394916,566,French horn,566,French horn,0.4211561679840088,True
imagenette,data/imagenette2-320/val/n03394916/n03394916_4301.JPEG,n03394916,566,French horn,566,French horn,0.6799225211143494,True
imagenette,data/imagenette2-320/val/n03394916/n03394916_43022.JPEG,n03394916,566,French horn,566,French horn,0.5625923871994019,True
imagenette,data/imagenette2-320/val/n03394916/n03394916_43121.JPEG,n03394916,566,French horn,566,French horn,0.4818102717399597,True
imagenette,data/imagenette2-320/val/n03394916/n03394916_43192.JPEG,n03394916,566,French horn,566,French horn,0.4225757122039795,True
imagenette,data/imagenette2-320/val/n03394916/n03394916_43251.JPEG,n03394916,566,French horn,566,French horn,0.5842577815055847,True
imagenette,data/imagenette2-320/val/n03394916/n03394916_43322.JPEG,n03394916,566,French horn,566,French horn,0.3309313654899597,True
imagenette,data/imagenette2-320/val/n03394916/n03394916_43381.JPEG,n03394916,566,French horn,566,French horn,0.5127345323562622,True
imagenette,data/imagenette2-320/val/n03394916/n03394916_43382.JPEG,n03394916,566,French horn,566,French horn,0.38226473331451416,True
imagenette,data/imagenette2-320/val/n03394916/n03394916_43422.JPEG,n03394916,566,French horn,566,French horn,0.4753427803516388,True
imagenette,data/imagenette2-320/val/n03394916/n03394916_43441.JPEG,n03394916,566,French horn,566,French horn,0.31761083006858826,True
imagenette,data/imagenette2-320/val/n03394916/n03394916_43532.JPEG,n03394916,566,French horn,566,French horn,0.19618815183639526,True
imagenette,data/imagenette2-320/val/n03394916/n03394916_43980.JPEG,n03394916,566,French horn,566,French horn,0.43026530742645264,True
imagenette,data/imagenette2-320/val/n03394916/n03394916_43991.JPEG,n03394916,566,French horn,566,French horn,0.7403165102005005,True
imagenette,data/imagenette2-320/val/n03394916/n03394916_44000.JPEG,n03394916,566,French horn,566,French horn,0.4417310953140259,True
imagenette,data/imagenette2-320/val/n03394916/n03394916_44060.JPEG,n03394916,566,French horn,566,French horn,0.24447070062160492,True
imagenette,data/imagenette2-320/val/n03394916/n03394916_44440.JPEG,n03394916,566,French horn,566,French horn,0.2682362496852875,True
imagenette,data/imagenette2-320/val/n03394916/n03394916_44580.JPEG,n03394916,566,French horn,566,French horn,0.4627927243709564,True
imagenette,data/imagenette2-320/val/n03394916/n03394916_44670.JPEG,n03394916,566,French horn,566,French horn,0.38183704018592834,True
imagenette,data/imagenette2-320/val/n03394916/n03394916_44800.JPEG,n03394916,566,French horn,566,French horn,0.46855485439300537,True
imagenette,data/imagenette2-320/val/n03394916/n03394916_44831.JPEG,n03394916,566,French horn,566,French horn,0.4299839735031128,True
imagenette,data/imagenette2-320/val/n03394916/n03394916_44882.JPEG,n03394916,566,French horn,566,French horn,0.5657358169555664,True
imagenette,data/imagenette2-320/val/n03394916/n03394916_45042.JPEG,n03394916,566,French horn,566,French horn,0.3949759006500244,True
imagenette,data/imagenette2-320/val/n03394916/n03394916_45101.JPEG,n03394916,566,French horn,566,French horn,0.41560426354408264,True
imagenette,data/imagenette2-320/val/n03394916/n03394916_45190.JPEG,n03394916,566,French horn,566,French horn,0.3850749135017395,True
imagenette,data/imagenette2-320/val/n03394916/n03394916_45202.JPEG,n03394916,566,French horn,566,French horn,0.5304518342018127,True
imagenette,data/imagenette2-320/val/n03394916/n03394916_45631.JPEG,n03394916,566,French horn,566,French horn,0.6482986211776733,True
imagenette,data/imagenette2-320/val/n03394916/n03394916_45760.JPEG,n03394916,566,French horn,733,pole,0.06338120251893997,False
imagenette,data/imagenette2-320/val/n03394916/n03394916_46260.JPEG,n03394916,566,French horn,566,French horn,0.6786869764328003,True
imagenette,data/imagenette2-320/val/n03394916/n03394916_46391.JPEG,n03394916,566,French horn,566,French horn,0.1379787027835846,True
imagenette,data/imagenette2-320/val/n03394916/n03394916_46411.JPEG,n03394916,566,French horn,566,French horn,0.37656155228614807,True
imagenette,data/imagenette2-320/val/n03394916/n03394916_46521.JPEG,n03394916,566,French horn,566,French horn,0.39366742968559265,True
imagenette,data/imagenette2-320/val/n03394916/n03394916_46670.JPEG,n03394916,566,French horn,566,French horn,0.11473210155963898,True
imagenette,data/imagenette2-320/val/n03394916/n03394916_46672.JPEG,n03394916,566,French horn,566,French horn,0.5728292465209961,True
imagenette,data/imagenette2-320/val/n03394916/n03394916_46700.JPEG,n03394916,566,French horn,566,French horn,0.36178112030029297,True
imagenette,data/imagenette2-320/val/n03394916/n03394916_46931.JPEG,n03394916,566,French horn,566,French horn,0.316121369600296,True
imagenette,data/imagenette2-320/val/n03394916/n03394916_46941.JPEG,n03394916,566,French horn,566,French horn,0.6864889860153198,True
imagenette,data/imagenette2-320/val/n03394916/n03394916_47022.JPEG,n03394916,566,French horn,566,French horn,0.40579771995544434,True
imagenette,data/imagenette2-320/val/n03394916/n03394916_47110.JPEG,n03394916,566,French horn,566,French horn,0.3230396807193756,True
imagenette,data/imagenette2-320/val/n03394916/n03394916_47211.JPEG,n03394916,566,French horn,566,French horn,0.356498658657074,True
imagenette,data/imagenette2-320/val/n03394916/n03394916_47212.JPEG,n03394916,566,French horn,566,French horn,0.35631686449050903,True
imagenette,data/imagenette2-320/val/n03394916/n03394916_47241.JPEG,n03394916,566,French horn,683,oboe,0.3609590530395508,False
imagenette,data/imagenette2-320/val/n03394916/n03394916_47300.JPEG,n03394916,566,French horn,566,French horn,0.2290344089269638,True
imagenette,data/imagenette2-320/val/n03394916/n03394916_47330.JPEG,n03394916,566,French horn,566,French horn,0.4115186333656311,True
imagenette,data/imagenette2-320/val/n03394916/n03394916_47462.JPEG,n03394916,566,French horn,566,French horn,0.6259915828704834,True
imagenette,data/imagenette2-320/val/n03394916/n03394916_47472.JPEG,n03394916,566,French horn,566,French horn,0.5864176154136658,True
imagenette,data/imagenette2-320/val/n03394916/n03394916_47560.JPEG,n03394916,566,French horn,566,French horn,0.723351776599884,True
imagenette,data/imagenette2-320/val/n03394916/n03394916_47651.JPEG,n03394916,566,French horn,776,sax,0.07364777475595474,False
imagenette,data/imagenette2-320/val/n03394916/n03394916_47852.JPEG,n03394916,566,French horn,566,French horn,0.5786699056625366,True
imagenette,data/imagenette2-320/val/n03394916/n03394916_47982.JPEG,n03394916,566,French horn,566,French horn,0.4906178116798401,True
imagenette,data/imagenette2-320/val/n03394916/n03394916_48060.JPEG,n03394916,566,French horn,566,French horn,0.3545936644077301,True
imagenette,data/imagenette2-320/val/n03394916/n03394916_48121.JPEG,n03394916,566,French horn,566,French horn,0.3504520654678345,True
imagenette,data/imagenette2-320/val/n03394916/n03394916_48491.JPEG,n03394916,566,French horn,566,French horn,0.481757253408432,True
imagenette,data/imagenette2-320/val/n03394916/n03394916_48881.JPEG,n03394916,566,French horn,566,French horn,0.3150172233581543,True
imagenette,data/imagenette2-320/val/n03394916/n03394916_49600.JPEG,n03394916,566,French horn,566,French horn,0.46148136258125305,True
imagenette,data/imagenette2-320/val/n03394916/n03394916_49722.JPEG,n03394916,566,French horn,875,trombone,0.3786482810974121,False
imagenette,data/imagenette2-320/val/n03394916/n03394916_49731.JPEG,n03394916,566,French horn,566,French horn,0.6487688422203064,True
imagenette,data/imagenette2-320/val/n03394916/n03394916_49952.JPEG,n03394916,566,French horn,566,French horn,0.6805971264839172,True
imagenette,data/imagenette2-320/val/n03394916/n03394916_5011.JPEG,n03394916,566,French horn,566,French horn,0.1023496612906456,True
imagenette,data/imagenette2-320/val/n03394916/n03394916_50380.JPEG,n03394916,566,French horn,566,French horn,0.2954758405685425,True
imagenette,data/imagenette2-320/val/n03394916/n03394916_50642.JPEG,n03394916,566,French horn,566,French horn,0.4327422082424164,True
imagenette,data/imagenette2-320/val/n03394916/n03394916_50730.JPEG,n03394916,566,French horn,566,French horn,0.5779539346694946,True
imagenette,data/imagenette2-320/val/n03394916/n03394916_51071.JPEG,n03394916,566,French horn,566,French horn,0.4576795995235443,True
imagenette,data/imagenette2-320/val/n03394916/n03394916_51112.JPEG,n03394916,566,French horn,566,French horn,0.6708770394325256,True
imagenette,data/imagenette2-320/val/n03394916/n03394916_51130.JPEG,n03394916,566,French horn,566,French horn,0.36846470832824707,True
imagenette,data/imagenette2-320/val/n03394916/n03394916_51161.JPEG,n03394916,566,French horn,566,French horn,0.4304960072040558,True
imagenette,data/imagenette2-320/val/n03394916/n03394916_51440.JPEG,n03394916,566,French horn,566,French horn,0.4529602825641632,True
imagenette,data/imagenette2-320/val/n03394916/n03394916_51571.JPEG,n03394916,566,French horn,566,French horn,0.6203588247299194,True
imagenette,data/imagenette2-320/val/n03394916/n03394916_51680.JPEG,n03394916,566,French horn,566,French horn,0.5131930112838745,True
imagenette,data/imagenette2-320/val/n03394916/n03394916_51752.JPEG,n03394916,566,French horn,566,French horn,0.42984405159950256,True
imagenette,data/imagenette2-320/val/n03394916/n03394916_51822.JPEG,n03394916,566,French horn,566,French horn,0.4450572431087494,True
imagenette,data/imagenette2-320/val/n03394916/n03394916_5200.JPEG,n03394916,566,French horn,566,French horn,0.2901526093482971,True
imagenette,data/imagenette2-320/val/n03394916/n03394916_52191.JPEG,n03394916,566,French horn,566,French horn,0.4661578834056854,True
imagenette,data/imagenette2-320/val/n03394916/n03394916_52232.JPEG,n03394916,566,French horn,566,French horn,0.5134994387626648,True
imagenette,data/imagenette2-320/val/n03394916/n03394916_52422.JPEG,n03394916,566,French horn,566,French horn,0.20358355343341827,True
imagenette,data/imagenette2-320/val/n03394916/n03394916_53401.JPEG,n03394916,566,French horn,566,French horn,0.6229144334793091,True
imagenette,data/imagenette2-320/val/n03394916/n03394916_53581.JPEG,n03394916,566,French horn,566,French horn,0.3781728744506836,True
imagenette,data/imagenette2-320/val/n03394916/n03394916_53962.JPEG,n03394916,566,French horn,566,French horn,0.4463276267051697,True
imagenette,data/imagenette2-320/val/n03394916/n03394916_540.JPEG,n03394916,566,French horn,566,French horn,0.5334732532501221,True
imagenette,data/imagenette2-320/val/n03394916/n03394916_54320.JPEG,n03394916,566,French horn,566,French horn,0.37141692638397217,True
imagenette,data/imagenette2-320/val/n03394916/n03394916_54391.JPEG,n03394916,566,French horn,566,French horn,0.31356462836265564,True
imagenette,data/imagenette2-320/val/n03394916/n03394916_54531.JPEG,n03394916,566,French horn,566,French horn,0.21462036669254303,True
imagenette,data/imagenette2-320/val/n03394916/n03394916_54570.JPEG,n03394916,566,French horn,566,French horn,0.4176183044910431,True
imagenette,data/imagenette2-320/val/n03394916/n03394916_5461.JPEG,n03394916,566,French horn,566,French horn,0.6152681112289429,True
imagenette,data/imagenette2-320/val/n03394916/n03394916_54831.JPEG,n03394916,566,French horn,566,French horn,0.5472490191459656,True
imagenette,data/imagenette2-320/val/n03394916/n03394916_5511.JPEG,n03394916,566,French horn,566,French horn,0.5369440913200378,True
imagenette,data/imagenette2-320/val/n03394916/n03394916_55411.JPEG,n03394916,566,French horn,566,French horn,0.48901286721229553,True
imagenette,data/imagenette2-320/val/n03394916/n03394916_55552.JPEG,n03394916,566,French horn,566,French horn,0.32860520482063293,True
imagenette,data/imagenette2-320/val/n03394916/n03394916_55610.JPEG,n03394916,566,French horn,566,French horn,0.5056602954864502,True
imagenette,data/imagenette2-320/val/n03394916/n03394916_56022.JPEG,n03394916,566,French horn,566,French horn,0.5444096326828003,True
imagenette,data/imagenette2-320/val/n03394916/n03394916_56850.JPEG,n03394916,566,French horn,566,French horn,0.317900151014328,True
imagenette,data/imagenette2-320/val/n03394916/n03394916_56881.JPEG,n03394916,566,French horn,566,French horn,0.5961107611656189,True
imagenette,data/imagenette2-320/val/n03394916/n03394916_57212.JPEG,n03394916,566,French horn,566,French horn,0.6670944690704346,True
imagenette,data/imagenette2-320/val/n03394916/n03394916_57410.JPEG,n03394916,566,French horn,566,French horn,0.4913058876991272,True
imagenette,data/imagenette2-320/val/n03394916/n03394916_57530.JPEG,n03394916,566,French horn,566,French horn,0.3038618266582489,True
imagenette,data/imagenette2-320/val/n03394916/n03394916_57922.JPEG,n03394916,566,French horn,566,French horn,0.37860041856765747,True
imagenette,data/imagenette2-320/val/n03394916/n03394916_5811.JPEG,n03394916,566,French horn,566,French horn,0.6286366581916809,True
imagenette,data/imagenette2-320/val/n03394916/n03394916_58180.JPEG,n03394916,566,French horn,566,French horn,0.4168086051940918,True
imagenette,data/imagenette2-320/val/n03394916/n03394916_58402.JPEG,n03394916,566,French horn,566,French horn,0.5818645358085632,True
imagenette,data/imagenette2-320/val/n03394916/n03394916_59222.JPEG,n03394916,566,French horn,566,French horn,0.594944417476654,True
imagenette,data/imagenette2-320/val/n03394916/n03394916_59361.JPEG,n03394916,566,French horn,566,French horn,0.6894751191139221,True
imagenette,data/imagenette2-320/val/n03394916/n03394916_59430.JPEG,n03394916,566,French horn,566,French horn,0.5103090405464172,True
imagenette,data/imagenette2-320/val/n03394916/n03394916_59452.JPEG,n03394916,566,French horn,566,French horn,0.6125514507293701,True
imagenette,data/imagenette2-320/val/n03394916/n03394916_60232.JPEG,n03394916,566,French horn,566,French horn,0.5266400575637817,True
imagenette,data/imagenette2-320/val/n03394916/n03394916_6031.JPEG,n03394916,566,French horn,566,French horn,0.4640515446662903,True
imagenette,data/imagenette2-320/val/n03394916/n03394916_60810.JPEG,n03394916,566,French horn,566,French horn,0.2978673279285431,True
imagenette,data/imagenette2-320/val/n03394916/n03394916_60902.JPEG,n03394916,566,French horn,566,French horn,0.5338122844696045,True
imagenette,data/imagenette2-320/val/n03394916/n03394916_61012.JPEG,n03394916,566,French horn,566,French horn,0.6050768494606018,True
imagenette,data/imagenette2-320/val/n03394916/n03394916_62451.JPEG,n03394916,566,French horn,566,French horn,0.5912805199623108,True
imagenette,data/imagenette2-320/val/n03394916/n03394916_62690.JPEG,n03394916,566,French horn,566,French horn,0.29720592498779297,True
imagenette,data/imagenette2-320/val/n03394916/n03394916_63390.JPEG,n03394916,566,French horn,566,French horn,0.5053602457046509,True
imagenette,data/imagenette2-320/val/n03394916/n03394916_63471.JPEG,n03394916,566,French horn,566,French horn,0.5013910531997681,True
imagenette,data/imagenette2-320/val/n03394916/n03394916_66070.JPEG,n03394916,566,French horn,566,French horn,0.46782752871513367,True
imagenette,data/imagenette2-320/val/n03394916/n03394916_6742.JPEG,n03394916,566,French horn,566,French horn,0.5335561037063599,True
imagenette,data/imagenette2-320/val/n03394916/n03394916_6830.JPEG,n03394916,566,French horn,566,French horn,0.2657647430896759,True
imagenette,data/imagenette2-320/val/n03394916/n03394916_68382.JPEG,n03394916,566,French horn,566,French horn,0.5202330946922302,True
imagenette,data/imagenette2-320/val/n03394916/n03394916_68551.JPEG,n03394916,566,French horn,875,trombone,0.08239036053419113,False
imagenette,data/imagenette2-320/val/n03394916/n03394916_69060.JPEG,n03394916,566,French horn,566,French horn,0.22073021531105042,True
imagenette,data/imagenette2-320/val/n03394916/n03394916_69132.JPEG,n03394916,566,French horn,566,French horn,0.4498419761657715,True
imagenette,data/imagenette2-320/val/n03394916/n03394916_7000.JPEG,n03394916,566,French horn,453,bookcase,0.10899130254983902,False
imagenette,data/imagenette2-320/val/n03394916/n03394916_71910.JPEG,n03394916,566,French horn,566,French horn,0.5031377077102661,True
imagenette,data/imagenette2-320/val/n03394916/n03394916_7292.JPEG,n03394916,566,French horn,566,French horn,0.2000017911195755,True
imagenette,data/imagenette2-320/val/n03394916/n03394916_73490.JPEG,n03394916,566,French horn,566,French horn,0.4231383502483368,True
imagenette,data/imagenette2-320/val/n03394916/n03394916_7522.JPEG,n03394916,566,French horn,566,French horn,0.4278908669948578,True
imagenette,data/imagenette2-320/val/n03394916/n03394916_7602.JPEG,n03394916,566,French horn,566,French horn,0.5312086343765259,True
imagenette,data/imagenette2-320/val/n03394916/n03394916_7620.JPEG,n03394916,566,French horn,566,French horn,0.32506656646728516,True
imagenette,data/imagenette2-320/val/n03394916/n03394916_7951.JPEG,n03394916,566,French horn,566,French horn,0.4852733016014099,True
imagenette,data/imagenette2-320/val/n03394916/n03394916_8060.JPEG,n03394916,566,French horn,566,French horn,0.5470163822174072,True
imagenette,data/imagenette2-320/val/n03394916/n03394916_8120.JPEG,n03394916,566,French horn,566,French horn,0.8251258134841919,True
imagenette,data/imagenette2-320/val/n03394916/n03394916_8602.JPEG,n03394916,566,French horn,566,French horn,0.4422498643398285,True
imagenette,data/imagenette2-320/val/n03394916/n03394916_8640.JPEG,n03394916,566,French horn,566,French horn,0.33895060420036316,True
imagenette,data/imagenette2-320/val/n03394916/n03394916_9451.JPEG,n03394916,566,French horn,566,French horn,0.6877912878990173,True
imagenette,data/imagenette2-320/val/n03394916/n03394916_9580.JPEG,n03394916,566,French horn,566,French horn,0.5467941164970398,True
imagenette,data/imagenette2-320/val/n03394916/n03394916_9851.JPEG,n03394916,566,French horn,566,French horn,0.5785232186317444,True
imagenette,data/imagenette2-320/val/n03417042/ILSVRC2012_val_00002210.JPEG,n03417042,569,garbage truck,569,garbage truck,0.3812291920185089,True
imagenette,data/imagenette2-320/val/n03417042/ILSVRC2012_val_00006922.JPEG,n03417042,569,garbage truck,569,garbage truck,0.4288747310638428,True
imagenette,data/imagenette2-320/val/n03417042/ILSVRC2012_val_00008430.JPEG,n03417042,569,garbage truck,569,garbage truck,0.590277373790741,True
imagenette,data/imagenette2-320/val/n03417042/ILSVRC2012_val_00022172.JPEG,n03417042,569,garbage truck,569,garbage truck,0.4109019637107849,True
imagenette,data/imagenette2-320/val/n03417042/ILSVRC2012_val_00024560.JPEG,n03417042,569,garbage truck,569,garbage truck,0.4862169027328491,True
imagenette,data/imagenette2-320/val/n03417042/ILSVRC2012_val_00027110.JPEG,n03417042,569,garbage truck,569,garbage truck,0.23262792825698853,True
imagenette,data/imagenette2-320/val/n03417042/ILSVRC2012_val_00027150.JPEG,n03417042,569,garbage truck,569,garbage truck,0.39976832270622253,True
imagenette,data/imagenette2-320/val/n03417042/ILSVRC2012_val_00028190.JPEG,n03417042,569,garbage truck,569,garbage truck,0.5133723616600037,True
imagenette,data/imagenette2-320/val/n03417042/ILSVRC2012_val_00032800.JPEG,n03417042,569,garbage truck,803,snowplow,0.15788787603378296,False
imagenette,data/imagenette2-320/val/n03417042/ILSVRC2012_val_00033842.JPEG,n03417042,569,garbage truck,569,garbage truck,0.43209540843963623,True
imagenette,data/imagenette2-320/val/n03417042/ILSVRC2012_val_00034001.JPEG,n03417042,569,garbage truck,569,garbage truck,0.3142770230770111,True
imagenette,data/imagenette2-320/val/n03417042/ILSVRC2012_val_00042802.JPEG,n03417042,569,garbage truck,569,garbage truck,0.4763098955154419,True
imagenette,data/imagenette2-320/val/n03417042/n03417042_1000.JPEG,n03417042,569,garbage truck,569,garbage truck,0.5210909247398376,True
imagenette,data/imagenette2-320/val/n03417042/n03417042_10121.JPEG,n03417042,569,garbage truck,569,garbage truck,0.377633273601532,True
imagenette,data/imagenette2-320/val/n03417042/n03417042_10141.JPEG,n03417042,569,garbage truck,569,garbage truck,0.5554730892181396,True
imagenette,data/imagenette2-320/val/n03417042/n03417042_10150.JPEG,n03417042,569,garbage truck,569,garbage truck,0.5101292729377747,True
imagenette,data/imagenette2-320/val/n03417042/n03417042_1022.JPEG,n03417042,569,garbage truck,569,garbage truck,0.3942842185497284,True
imagenette,data/imagenette2-320/val/n03417042/n03417042_10280.JPEG,n03417042,569,garbage truck,569,garbage truck,0.380281925201416,True
imagenette,data/imagenette2-320/val/n03417042/n03417042_10300.JPEG,n03417042,569,garbage truck,569,garbage truck,0.29762670397758484,True
imagenette,data/imagenette2-320/val/n03417042/n03417042_1031.JPEG,n03417042,569,garbage truck,569,garbage truck,0.5271890163421631,True
imagenette,data/imagenette2-320/val/n03417042/n03417042_10331.JPEG,n03417042,569,garbage truck,569,garbage truck,0.49781328439712524,True
imagenette,data/imagenette2-320/val/n03417042/n03417042_10362.JPEG,n03417042,569,garbage truck,569,garbage truck,0.5427528619766235,True
imagenette,data/imagenette2-320/val/n03417042/n03417042_10401.JPEG,n03417042,569,garbage truck,569,garbage truck,0.4637058675289154,True
imagenette,data/imagenette2-320/val/n03417042/n03417042_10402.JPEG,n03417042,569,garbage truck,569,garbage truck,0.6867337226867676,True
imagenette,data/imagenette2-320/val/n03417042/n03417042_10442.JPEG,n03417042,569,garbage truck,569,garbage truck,0.24688813090324402,True
imagenette,data/imagenette2-320/val/n03417042/n03417042_10462.JPEG,n03417042,569,garbage truck,569,garbage truck,0.3845059275627136,True
imagenette,data/imagenette2-320/val/n03417042/n03417042_1051.JPEG,n03417042,569,garbage truck,569,garbage truck,0.41667425632476807,True
imagenette,data/imagenette2-320/val/n03417042/n03417042_10520.JPEG,n03417042,569,garbage truck,569,garbage truck,0.43993839621543884,True
imagenette,data/imagenette2-320/val/n03417042/n03417042_10612.JPEG,n03417042,569,garbage truck,569,garbage truck,0.578735888004303,True
imagenette,data/imagenette2-320/val/n03417042/n03417042_10642.JPEG,n03417042,569,garbage truck,569,garbage truck,0.3462390899658203,True
imagenette,data/imagenette2-320/val/n03417042/n03417042_10751.JPEG,n03417042,569,garbage truck,569,garbage truck,0.2548746168613434,True
imagenette,data/imagenette2-320/val/n03417042/n03417042_10752.JPEG,n03417042,569,garbage truck,569,garbage truck,0.36661824584007263,True
imagenette,data/imagenette2-320/val/n03417042/n03417042_10802.JPEG,n03417042,569,garbage truck,569,garbage truck,0.5978833436965942,True
imagenette,data/imagenette2-320/val/n03417042/n03417042_11.JPEG,n03417042,569,garbage truck,569,garbage truck,0.6311336159706116,True
imagenette,data/imagenette2-320/val/n03417042/n03417042_11000.JPEG,n03417042,569,garbage truck,569,garbage truck,0.11636078357696533,True
imagenette,data/imagenette2-320/val/n03417042/n03417042_11031.JPEG,n03417042,569,garbage truck,569,garbage truck,0.3438895642757416,True
imagenette,data/imagenette2-320/val/n03417042/n03417042_11062.JPEG,n03417042,569,garbage truck,569,garbage truck,0.5478765368461609,True
imagenette,data/imagenette2-320/val/n03417042/n03417042_11072.JPEG,n03417042,569,garbage truck,569,garbage truck,0.5878792405128479,True
imagenette,data/imagenette2-320/val/n03417042/n03417042_11091.JPEG,n03417042,569,garbage truck,569,garbage truck,0.3615325391292572,True
imagenette,data/imagenette2-320/val/n03417042/n03417042_11222.JPEG,n03417042,569,garbage truck,569,garbage truck,0.2309379130601883,True
imagenette,data/imagenette2-320/val/n03417042/n03417042_11441.JPEG,n03417042,569,garbage truck,569,garbage truck,0.8468009829521179,True
imagenette,data/imagenette2-320/val/n03417042/n03417042_11452.JPEG,n03417042,569,garbage truck,569,garbage truck,0.277715802192688,True
imagenette,data/imagenette2-320/val/n03417042/n03417042_11511.JPEG,n03417042,569,garbage truck,569,garbage truck,0.23368313908576965,True
imagenette,data/imagenette2-320/val/n03417042/n03417042_11552.JPEG,n03417042,569,garbage truck,569,garbage truck,0.3633216321468353,True
imagenette,data/imagenette2-320/val/n03417042/n03417042_11602.JPEG,n03417042,569,garbage truck,569,garbage truck,0.49761149287223816,True
imagenette,data/imagenette2-320/val/n03417042/n03417042_11611.JPEG,n03417042,569,garbage truck,569,garbage truck,0.3976761996746063,True
imagenette,data/imagenette2-320/val/n03417042/n03417042_1182.JPEG,n03417042,569,garbage truck,569,garbage truck,0.3632301390171051,True
imagenette,data/imagenette2-320/val/n03417042/n03417042_11871.JPEG,n03417042,569,garbage truck,569,garbage truck,0.8037554025650024,True
imagenette,data/imagenette2-320/val/n03417042/n03417042_12002.JPEG,n03417042,569,garbage truck,569,garbage truck,0.6626519560813904,True
imagenette,data/imagenette2-320/val/n03417042/n03417042_12031.JPEG,n03417042,569,garbage truck,569,garbage truck,0.40471336245536804,True
imagenette,data/imagenette2-320/val/n03417042/n03417042_12050.JPEG,n03417042,569,garbage truck,569,garbage truck,0.2285146713256836,True
imagenette,data/imagenette2-320/val/n03417042/n03417042_1211.JPEG,n03417042,569,garbage truck,569,garbage truck,0.17642472684383392,True
imagenette,data/imagenette2-320/val/n03417042/n03417042_12170.JPEG,n03417042,569,garbage truck,569,garbage truck,0.4573499262332916,True
imagenette,data/imagenette2-320/val/n03417042/n03417042_12190.JPEG,n03417042,569,garbage truck,569,garbage truck,0.6380910277366638,True
imagenette,data/imagenette2-320/val/n03417042/n03417042_12232.JPEG,n03417042,569,garbage truck,569,garbage truck,0.2783188819885254,True
imagenette,data/imagenette2-320/val/n03417042/n03417042_12291.JPEG,n03417042,569,garbage truck,569,garbage truck,0.3561348021030426,True
imagenette,data/imagenette2-320/val/n03417042/n03417042_12300.JPEG,n03417042,569,garbage truck,569,garbage truck,0.8679414987564087,True
imagenette,data/imagenette2-320/val/n03417042/n03417042_12322.JPEG,n03417042,569,garbage truck,569,garbage truck,0.7559871673583984,True
imagenette,data/imagenette2-320/val/n03417042/n03417042_12400.JPEG,n03417042,569,garbage truck,569,garbage truck,0.36560481786727905,True
imagenette,data/imagenette2-320/val/n03417042/n03417042_12531.JPEG,n03417042,569,garbage truck,569,garbage truck,0.5633676052093506,True
imagenette,data/imagenette2-320/val/n03417042/n03417042_12560.JPEG,n03417042,569,garbage truck,569,garbage truck,0.42507466673851013,True
imagenette,data/imagenette2-320/val/n03417042/n03417042_12601.JPEG,n03417042,569,garbage truck,569,garbage truck,0.48343294858932495,True
imagenette,data/imagenette2-320/val/n03417042/n03417042_1262.JPEG,n03417042,569,garbage truck,569,garbage truck,0.20955894887447357,True
imagenette,data/imagenette2-320/val/n03417042/n03417042_1271.JPEG,n03417042,569,garbage truck,569,garbage truck,0.13801248371601105,True
imagenette,data/imagenette2-320/val/n03417042/n03417042_12711.JPEG,n03417042,569,garbage truck,569,garbage truck,0.6040194630622864,True
imagenette,data/imagenette2-320/val/n03417042/n03417042_12790.JPEG,n03417042,569,garbage truck,569,garbage truck,0.4543365240097046,True
imagenette,data/imagenette2-320/val/n03417042/n03417042_1280.JPEG,n03417042,569,garbage truck,569,garbage truck,0.46924078464508057,True
imagenette,data/imagenette2-320/val/n03417042/n03417042_1282.JPEG,n03417042,569,garbage truck,569,garbage truck,0.501671314239502,True
imagenette,data/imagenette2-320/val/n03417042/n03417042_130.JPEG,n03417042,569,garbage truck,569,garbage truck,0.1863177865743637,True
imagenette,data/imagenette2-320/val/n03417042/n03417042_1311.JPEG,n03417042,569,garbage truck,569,garbage truck,0.3881871998310089,True
imagenette,data/imagenette2-320/val/n03417042/n03417042_13151.JPEG,n03417042,569,garbage truck,569,garbage truck,0.26484259963035583,True
imagenette,data/imagenette2-320/val/n03417042/n03417042_1330.JPEG,n03417042,569,garbage truck,569,garbage truck,0.46708163619041443,True
imagenette,data/imagenette2-320/val/n03417042/n03417042_1332.JPEG,n03417042,569,garbage truck,569,garbage truck,0.6821395754814148,True
imagenette,data/imagenette2-320/val/n03417042/n03417042_13651.JPEG,n03417042,569,garbage truck,569,garbage truck,0.6747473478317261,True
imagenette,data/imagenette2-320/val/n03417042/n03417042_13871.JPEG,n03417042,569,garbage truck,569,garbage truck,0.5976239442825317,True
imagenette,data/imagenette2-320/val/n03417042/n03417042_14000.JPEG,n03417042,569,garbage truck,569,garbage truck,0.11514323949813843,True
imagenette,data/imagenette2-320/val/n03417042/n03417042_14261.JPEG,n03417042,569,garbage truck,569,garbage truck,0.23843248188495636,True
imagenette,data/imagenette2-320/val/n03417042/n03417042_14381.JPEG,n03417042,569,garbage truck,569,garbage truck,0.424434095621109,True
imagenette,data/imagenette2-320/val/n03417042/n03417042_14500.JPEG,n03417042,569,garbage truck,569,garbage truck,0.3654986321926117,True
imagenette,data/imagenette2-320/val/n03417042/n03417042_14690.JPEG,n03417042,569,garbage truck,569,garbage truck,0.4974411725997925,True
imagenette,data/imagenette2-320/val/n03417042/n03417042_14712.JPEG,n03417042,569,garbage truck,569,garbage truck,0.44469085335731506,True
imagenette,data/imagenette2-320/val/n03417042/n03417042_14861.JPEG,n03417042,569,garbage truck,569,garbage truck,0.42585980892181396,True
imagenette,data/imagenette2-320/val/n03417042/n03417042_1492.JPEG,n03417042,569,garbage truck,569,garbage truck,0.2707386910915375,True
imagenette,data/imagenette2-320/val/n03417042/n03417042_152.JPEG,n03417042,569,garbage truck,569,garbage truck,0.3156943917274475,True
imagenette,data/imagenette2-320/val/n03417042/n03417042_15482.JPEG,n03417042,569,garbage truck,569,garbage truck,0.3351920247077942,True
imagenette,data/imagenette2-320/val/n03417042/n03417042_15592.JPEG,n03417042,569,garbage truck,569,garbage truck,0.5999356508255005,True
imagenette,data/imagenette2-320/val/n03417042/n03417042_1561.JPEG,n03417042,569,garbage truck,569,garbage truck,0.46467918157577515,True
imagenette,data/imagenette2-320/val/n03417042/n03417042_15970.JPEG,n03417042,569,garbage truck,569,garbage truck,0.4423143267631531,True
imagenette,data/imagenette2-320/val/n03417042/n03417042_16000.JPEG,n03417042,569,garbage truck,569,garbage truck,0.5808484554290771,True
imagenette,data/imagenette2-320/val/n03417042/n03417042_1601.JPEG,n03417042,569,garbage truck,569,garbage truck,0.16396544873714447,True
imagenette,data/imagenette2-320/val/n03417042/n03417042_1611.JPEG,n03417042,569,garbage truck,569,garbage truck,0.6116434931755066,True
imagenette,data/imagenette2-320/val/n03417042/n03417042_1631.JPEG,n03417042,569,garbage truck,569,garbage truck,0.5240779519081116,True
imagenette,data/imagenette2-320/val/n03417042/n03417042_16370.JPEG,n03417042,569,garbage truck,569,garbage truck,0.472177118062973,True
imagenette,data/imagenette2-320/val/n03417042/n03417042_1651.JPEG,n03417042,569,garbage truck,569,garbage truck,0.18313787877559662,True
imagenette,data/imagenette2-320/val/n03417042/n03417042_16871.JPEG,n03417042,569,garbage truck,569,garbage truck,0.5558263659477234,True
imagenette,data/imagenette2-320/val/n03417042/n03417042_17142.JPEG,n03417042,569,garbage truck,569,garbage truck,0.5615780353546143,True
imagenette,data/imagenette2-320/val/n03417042/n03417042_17470.JPEG,n03417042,569,garbage truck,569,garbage truck,0.7577991485595703,True
imagenette,data/imagenette2-320/val/n03417042/n03417042_1770.JPEG,n03417042,569,garbage truck,690,oxcart,0.18829135596752167,False
imagenette,data/imagenette2-320/val/n03417042/n03417042_17862.JPEG,n03417042,569,garbage truck,569,garbage truck,0.5025718808174133,True
imagenette,data/imagenette2-320/val/n03417042/n03417042_1790.JPEG,n03417042,569,garbage truck,569,garbage truck,0.612536609172821,True
imagenette,data/imagenette2-320/val/n03417042/n03417042_17911.JPEG,n03417042,569,garbage truck,569,garbage truck,0.39762061834335327,True
imagenette,data/imagenette2-320/val/n03417042/n03417042_18042.JPEG,n03417042,569,garbage truck,569,garbage truck,0.508610188961029,True
imagenette,data/imagenette2-320/val/n03417042/n03417042_18072.JPEG,n03417042,569,garbage truck,569,garbage truck,0.2806234061717987,True
imagenette,data/imagenette2-320/val/n03417042/n03417042_18152.JPEG,n03417042,569,garbage truck,569,garbage truck,0.4852628707885742,True
imagenette,data/imagenette2-320/val/n03417042/n03417042_18232.JPEG,n03417042,569,garbage truck,569,garbage truck,0.5651661157608032,True
imagenette,data/imagenette2-320/val/n03417042/n03417042_1840.JPEG,n03417042,569,garbage truck,569,garbage truck,0.1896757185459137,True
imagenette,data/imagenette2-320/val/n03417042/n03417042_1841.JPEG,n03417042,569,garbage truck,569,garbage truck,0.22784018516540527,True
imagenette,data/imagenette2-320/val/n03417042/n03417042_18450.JPEG,n03417042,569,garbage truck,569,garbage truck,0.5120317935943604,True
imagenette,data/imagenette2-320/val/n03417042/n03417042_1850.JPEG,n03417042,569,garbage truck,569,garbage truck,0.12995906174182892,True
imagenette,data/imagenette2-320/val/n03417042/n03417042_18551.JPEG,n03417042,569,garbage truck,569,garbage truck,0.466993510723114,True
imagenette,data/imagenette2-320/val/n03417042/n03417042_18582.JPEG,n03417042,569,garbage truck,569,garbage truck,0.40224480628967285,True
imagenette,data/imagenette2-320/val/n03417042/n03417042_18590.JPEG,n03417042,569,garbage truck,569,garbage truck,0.7115522623062134,True
imagenette,data/imagenette2-320/val/n03417042/n03417042_18601.JPEG,n03417042,569,garbage truck,569,garbage truck,0.4497731924057007,True
imagenette,data/imagenette2-320/val/n03417042/n03417042_18622.JPEG,n03417042,569,garbage truck,569,garbage truck,0.9222843647003174,True
imagenette,data/imagenette2-320/val/n03417042/n03417042_18722.JPEG,n03417042,569,garbage truck,569,garbage truck,0.4736510217189789,True
imagenette,data/imagenette2-320/val/n03417042/n03417042_18932.JPEG,n03417042,569,garbage truck,569,garbage truck,0.5961731672286987,True
imagenette,data/imagenette2-320/val/n03417042/n03417042_18981.JPEG,n03417042,569,garbage truck,569,garbage truck,0.44424715638160706,True
imagenette,data/imagenette2-320/val/n03417042/n03417042_19020.JPEG,n03417042,569,garbage truck,569,garbage truck,0.5959060192108154,True
imagenette,data/imagenette2-320/val/n03417042/n03417042_19472.JPEG,n03417042,569,garbage truck,569,garbage truck,0.36805880069732666,True
imagenette,data/imagenette2-320/val/n03417042/n03417042_19481.JPEG,n03417042,569,garbage truck,569,garbage truck,0.6658886075019836,True
imagenette,data/imagenette2-320/val/n03417042/n03417042_19531.JPEG,n03417042,569,garbage truck,569,garbage truck,0.6771634221076965,True
imagenette,data/imagenette2-320/val/n03417042/n03417042_19650.JPEG,n03417042,569,garbage truck,569,garbage truck,0.5646201372146606,True
imagenette,data/imagenette2-320/val/n03417042/n03417042_1981.JPEG,n03417042,569,garbage truck,864,tow truck,0.11780745536088943,False
imagenette,data/imagenette2-320/val/n03417042/n03417042_19812.JPEG,n03417042,569,garbage truck,569,garbage truck,0.19847151637077332,True
imagenette,data/imagenette2-320/val/n03417042/n03417042_19842.JPEG,n03417042,569,garbage truck,569,garbage truck,0.3169619143009186,True
imagenette,data/imagenette2-320/val/n03417042/n03417042_19862.JPEG,n03417042,569,garbage truck,569,garbage truck,0.4652872383594513,True
imagenette,data/imagenette2-320/val/n03417042/n03417042_1991.JPEG,n03417042,569,garbage truck,569,garbage truck,0.46810421347618103,True
imagenette,data/imagenette2-320/val/n03417042/n03417042_19912.JPEG,n03417042,569,garbage truck,569,garbage truck,0.4321514368057251,True
imagenette,data/imagenette2-320/val/n03417042/n03417042_20021.JPEG,n03417042,569,garbage truck,569,garbage truck,0.21809710562229156,True
imagenette,data/imagenette2-320/val/n03417042/n03417042_201.JPEG,n03417042,569,garbage truck,569,garbage truck,0.4736739695072174,True
imagenette,data/imagenette2-320/val/n03417042/n03417042_20280.JPEG,n03417042,569,garbage truck,569,garbage truck,0.42273151874542236,True
imagenette,data/imagenette2-320/val/n03417042/n03417042_20340.JPEG,n03417042,569,garbage truck,569,garbage truck,0.19906176626682281,True
imagenette,data/imagenette2-320/val/n03417042/n03417042_20382.JPEG,n03417042,569,garbage truck,569,garbage truck,0.5344002842903137,True
imagenette,data/imagenette2-320/val/n03417042/n03417042_20591.JPEG,n03417042,569,garbage truck,569,garbage truck,0.40735146403312683,True
imagenette,data/imagenette2-320/val/n03417042/n03417042_2060.JPEG,n03417042,569,garbage truck,569,garbage truck,0.38347581028938293,True
imagenette,data/imagenette2-320/val/n03417042/n03417042_2062.JPEG,n03417042,569,garbage truck,569,garbage truck,0.13684888184070587,True
imagenette,data/imagenette2-320/val/n03417042/n03417042_20650.JPEG,n03417042,569,garbage truck,569,garbage truck,0.37297627329826355,True
imagenette,data/imagenette2-320/val/n03417042/n03417042_20892.JPEG,n03417042,569,garbage truck,569,garbage truck,0.41083279252052307,True
imagenette,data/imagenette2-320/val/n03417042/n03417042_20962.JPEG,n03417042,569,garbage truck,569,garbage truck,0.3978658616542816,True
imagenette,data/imagenette2-320/val/n03417042/n03417042_2110.JPEG,n03417042,569,garbage truck,569,garbage truck,0.4747624397277832,True
imagenette,data/imagenette2-320/val/n03417042/n03417042_21102.JPEG,n03417042,569,garbage truck,569,garbage truck,0.27323004603385925,True
imagenette,data/imagenette2-320/val/n03417042/n03417042_212.JPEG,n03417042,569,garbage truck,569,garbage truck,0.24238087236881256,True
imagenette,data/imagenette2-320/val/n03417042/n03417042_21210.JPEG,n03417042,569,garbage truck,569,garbage truck,0.5859530568122864,True
imagenette,data/imagenette2-320/val/n03417042/n03417042_21270.JPEG,n03417042,569,garbage truck,569,garbage truck,0.1118462085723877,True
imagenette,data/imagenette2-320/val/n03417042/n03417042_2132.JPEG,n03417042,569,garbage truck,569,garbage truck,0.24256561696529388,True
imagenette,data/imagenette2-320/val/n03417042/n03417042_21361.JPEG,n03417042,569,garbage truck,569,garbage truck,0.2637997567653656,True
imagenette,data/imagenette2-320/val/n03417042/n03417042_2141.JPEG,n03417042,569,garbage truck,569,garbage truck,0.37737464904785156,True
imagenette,data/imagenette2-320/val/n03417042/n03417042_2150.JPEG,n03417042,569,garbage truck,569,garbage truck,0.3718441426753998,True
imagenette,data/imagenette2-320/val/n03417042/n03417042_2170.JPEG,n03417042,569,garbage truck,569,garbage truck,0.542641282081604,True
imagenette,data/imagenette2-320/val/n03417042/n03417042_21862.JPEG,n03417042,569,garbage truck,569,garbage truck,0.28653353452682495,True
imagenette,data/imagenette2-320/val/n03417042/n03417042_22.JPEG,n03417042,569,garbage truck,569,garbage truck,0.410270094871521,True
imagenette,data/imagenette2-320/val/n03417042/n03417042_2211.JPEG,n03417042,569,garbage truck,569,garbage truck,0.12024907022714615,True
imagenette,data/imagenette2-320/val/n03417042/n03417042_22152.JPEG,n03417042,569,garbage truck,569,garbage truck,0.22899731993675232,True
imagenette,data/imagenette2-320/val/n03417042/n03417042_2230.JPEG,n03417042,569,garbage truck,569,garbage truck,0.5865402817726135,True
imagenette,data/imagenette2-320/val/n03417042/n03417042_2231.JPEG,n03417042,569,garbage truck,569,garbage truck,0.22092580795288086,True
imagenette,data/imagenette2-320/val/n03417042/n03417042_2241.JPEG,n03417042,569,garbage truck,569,garbage truck,0.5848351120948792,True
imagenette,data/imagenette2-320/val/n03417042/n03417042_22482.JPEG,n03417042,569,garbage truck,569,garbage truck,0.23694075644016266,True
imagenette,data/imagenette2-320/val/n03417042/n03417042_22532.JPEG,n03417042,569,garbage truck,569,garbage truck,0.445997953414917,True
imagenette,data/imagenette2-320/val/n03417042/n03417042_23272.JPEG,n03417042,569,garbage truck,569,garbage truck,0.42855966091156006,True
imagenette,data/imagenette2-320/val/n03417042/n03417042_23440.JPEG,n03417042,569,garbage truck,569,garbage truck,0.6021281480789185,True
imagenette,data/imagenette2-320/val/n03417042/n03417042_23541.JPEG,n03417042,569,garbage truck,569,garbage truck,0.3112318515777588,True
imagenette,data/imagenette2-320/val/n03417042/n03417042_23771.JPEG,n03417042,569,garbage truck,569,garbage truck,0.47343888878822327,True
imagenette,data/imagenette2-320/val/n03417042/n03417042_23802.JPEG,n03417042,569,garbage truck,569,garbage truck,0.24185989797115326,True
imagenette,data/imagenette2-320/val/n03417042/n03417042_24020.JPEG,n03417042,569,garbage truck,569,garbage truck,0.7104471325874329,True
imagenette,data/imagenette2-320/val/n03417042/n03417042_24100.JPEG,n03417042,569,garbage truck,569,garbage truck,0.3005368411540985,True
imagenette,data/imagenette2-320/val/n03417042/n03417042_2491.JPEG,n03417042,569,garbage truck,569,garbage truck,0.501695990562439,True
imagenette,data/imagenette2-320/val/n03417042/n03417042_24980.JPEG,n03417042,569,garbage truck,569,garbage truck,0.3283952474594116,True
imagenette,data/imagenette2-320/val/n03417042/n03417042_25212.JPEG,n03417042,569,garbage truck,569,garbage truck,0.3626753091812134,True
imagenette,data/imagenette2-320/val/n03417042/n03417042_25411.JPEG,n03417042,569,garbage truck,569,garbage truck,0.41844284534454346,True
imagenette,data/imagenette2-320/val/n03417042/n03417042_25940.JPEG,n03417042,569,garbage truck,569,garbage truck,0.5003622770309448,True
imagenette,data/imagenette2-320/val/n03417042/n03417042_25992.JPEG,n03417042,569,garbage truck,569,garbage truck,0.47315284609794617,True
imagenette,data/imagenette2-320/val/n03417042/n03417042_26102.JPEG,n03417042,569,garbage truck,569,garbage truck,0.37739109992980957,True
imagenette,data/imagenette2-320/val/n03417042/n03417042_2671.JPEG,n03417042,569,garbage truck,569,garbage truck,0.4428349435329437,True
imagenette,data/imagenette2-320/val/n03417042/n03417042_26782.JPEG,n03417042,569,garbage truck,569,garbage truck,0.18308401107788086,True
imagenette,data/imagenette2-320/val/n03417042/n03417042_26850.JPEG,n03417042,569,garbage truck,569,garbage truck,0.2228587567806244,True
imagenette,data/imagenette2-320/val/n03417042/n03417042_26951.JPEG,n03417042,569,garbage truck,569,garbage truck,0.4370552599430084,True
imagenette,data/imagenette2-320/val/n03417042/n03417042_26960.JPEG,n03417042,569,garbage truck,569,garbage truck,0.4566269516944885,True
imagenette,data/imagenette2-320/val/n03417042/n03417042_26971.JPEG,n03417042,569,garbage truck,569,garbage truck,0.4983498156070709,True
imagenette,data/imagenette2-320/val/n03417042/n03417042_27022.JPEG,n03417042,569,garbage truck,569,garbage truck,0.5482751131057739,True
imagenette,data/imagenette2-320/val/n03417042/n03417042_27151.JPEG,n03417042,569,garbage truck,569,garbage truck,0.5495516061782837,True
imagenette,data/imagenette2-320/val/n03417042/n03417042_27231.JPEG,n03417042,569,garbage truck,569,garbage truck,0.4088152348995209,True
imagenette,data/imagenette2-320/val/n03417042/n03417042_27320.JPEG,n03417042,569,garbage truck,569,garbage truck,0.41584062576293945,True
imagenette,data/imagenette2-320/val/n03417042/n03417042_27361.JPEG,n03417042,569,garbage truck,569,garbage truck,0.31138020753860474,True
imagenette,data/imagenette2-320/val/n03417042/n03417042_27581.JPEG,n03417042,569,garbage truck,569,garbage truck,0.3640516996383667,True
imagenette,data/imagenette2-320/val/n03417042/n03417042_27602.JPEG,n03417042,569,garbage truck,569,garbage truck,0.3906858563423157,True
imagenette,data/imagenette2-320/val/n03417042/n03417042_27630.JPEG,n03417042,569,garbage truck,569,garbage truck,0.33895155787467957,True
imagenette,data/imagenette2-320/val/n03417042/n03417042_27680.JPEG,n03417042,569,garbage truck,569,garbage truck,0.24793660640716553,True
imagenette,data/imagenette2-320/val/n03417042/n03417042_27780.JPEG,n03417042,569,garbage truck,569,garbage truck,0.23662416636943817,True
imagenette,data/imagenette2-320/val/n03417042/n03417042_27840.JPEG,n03417042,569,garbage truck,569,garbage truck,0.6731694340705872,True
imagenette,data/imagenette2-320/val/n03417042/n03417042_27850.JPEG,n03417042,569,garbage truck,569,garbage truck,0.5659100413322449,True
imagenette,data/imagenette2-320/val/n03417042/n03417042_27861.JPEG,n03417042,569,garbage truck,569,garbage truck,0.5422483682632446,True
imagenette,data/imagenette2-320/val/n03417042/n03417042_27862.JPEG,n03417042,569,garbage truck,569,garbage truck,0.40041542053222656,True
imagenette,data/imagenette2-320/val/n03417042/n03417042_27931.JPEG,n03417042,569,garbage truck,569,garbage truck,0.46125441789627075,True
imagenette,data/imagenette2-320/val/n03417042/n03417042_27982.JPEG,n03417042,569,garbage truck,569,garbage truck,0.6458986401557922,True
imagenette,data/imagenette2-320/val/n03417042/n03417042_28062.JPEG,n03417042,569,garbage truck,569,garbage truck,0.5284054279327393,True
imagenette,data/imagenette2-320/val/n03417042/n03417042_2812.JPEG,n03417042,569,garbage truck,569,garbage truck,0.5967786312103271,True
imagenette,data/imagenette2-320/val/n03417042/n03417042_28122.JPEG,n03417042,569,garbage truck,569,garbage truck,0.49000898003578186,True
imagenette,data/imagenette2-320/val/n03417042/n03417042_2822.JPEG,n03417042,569,garbage truck,569,garbage truck,0.2579898238182068,True
imagenette,data/imagenette2-320/val/n03417042/n03417042_28261.JPEG,n03417042,569,garbage truck,569,garbage truck,0.4395918846130371,True
imagenette,data/imagenette2-320/val/n03417042/n03417042_28400.JPEG,n03417042,569,garbage truck,912,worm fence,0.06580942124128342,False
imagenette,data/imagenette2-320/val/n03417042/n03417042_28552.JPEG,n03417042,569,garbage truck,569,garbage truck,0.3316841423511505,True
imagenette,data/imagenette2-320/val/n03417042/n03417042_28600.JPEG,n03417042,569,garbage truck,569,garbage truck,0.40005630254745483,True
imagenette,data/imagenette2-320/val/n03417042/n03417042_28610.JPEG,n03417042,569,garbage truck,569,garbage truck,0.3533773124217987,True
imagenette,data/imagenette2-320/val/n03417042/n03417042_28700.JPEG,n03417042,569,garbage truck,569,garbage truck,0.39863499999046326,True
imagenette,data/imagenette2-320/val/n03417042/n03417042_28702.JPEG,n03417042,569,garbage truck,569,garbage truck,0.5120813250541687,True
imagenette,data/imagenette2-320/val/n03417042/n03417042_28742.JPEG,n03417042,569,garbage truck,569,garbage truck,0.23828865587711334,True
imagenette,data/imagenette2-320/val/n03417042/n03417042_28762.JPEG,n03417042,569,garbage truck,569,garbage truck,0.37226399779319763,True
imagenette,data/imagenette2-320/val/n03417042/n03417042_28832.JPEG,n03417042,569,garbage truck,569,garbage truck,0.48428887128829956,True
imagenette,data/imagenette2-320/val/n03417042/n03417042_29231.JPEG,n03417042,569,garbage truck,569,garbage truck,0.4418761134147644,True
imagenette,data/imagenette2-320/val/n03417042/n03417042_29310.JPEG,n03417042,569,garbage truck,569,garbage truck,0.30281418561935425,True
imagenette,data/imagenette2-320/val/n03417042/n03417042_29342.JPEG,n03417042,569,garbage truck,569,garbage truck,0.40483614802360535,True
imagenette,data/imagenette2-320/val/n03417042/n03417042_29361.JPEG,n03417042,569,garbage truck,569,garbage truck,0.42857933044433594,True
imagenette,data/imagenette2-320/val/n03417042/n03417042_29412.JPEG,n03417042,569,garbage truck,569,garbage truck,0.3506379723548889,True
imagenette,data/imagenette2-320/val/n03417042/n03417042_29480.JPEG,n03417042,569,garbage truck,569,garbage truck,0.3522583842277527,True
imagenette,data/imagenette2-320/val/n03417042/n03417042_2960.JPEG,n03417042,569,garbage truck,569,garbage truck,0.4302351176738739,True
imagenette,data/imagenette2-320/val/n03417042/n03417042_29722.JPEG,n03417042,569,garbage truck,569,garbage truck,0.48397091031074524,True
imagenette,data/imagenette2-320/val/n03417042/n03417042_2981.JPEG,n03417042,569,garbage truck,569,garbage truck,0.45183876156806946,True
imagenette,data/imagenette2-320/val/n03417042/n03417042_2991.JPEG,n03417042,569,garbage truck,569,garbage truck,0.5854085087776184,True
imagenette,data/imagenette2-320/val/n03417042/n03417042_29941.JPEG,n03417042,569,garbage truck,569,garbage truck,0.2979821562767029,True
imagenette,data/imagenette2-320/val/n03417042/n03417042_30.JPEG,n03417042,569,garbage truck,569,garbage truck,0.3743818402290344,True
imagenette,data/imagenette2-320/val/n03417042/n03417042_3011.JPEG,n03417042,569,garbage truck,569,garbage truck,0.46965429186820984,True
imagenette,data/imagenette2-320/val/n03417042/n03417042_3101.JPEG,n03417042,569,garbage truck,569,garbage truck,0.42562124133110046,True
imagenette,data/imagenette2-320/val/n03417042/n03417042_3140.JPEG,n03417042,569,garbage truck,569,garbage truck,0.37739837169647217,True
imagenette,data/imagenette2-320/val/n03417042/n03417042_3141.JPEG,n03417042,569,garbage truck,569,garbage truck,0.3465142548084259,True
imagenette,data/imagenette2-320/val/n03417042/n03417042_3171.JPEG,n03417042,569,garbage truck,569,garbage truck,0.41153663396835327,True
imagenette,data/imagenette2-320/val/n03417042/n03417042_3192.JPEG,n03417042,569,garbage truck,675,moving van,0.47672903537750244,False
imagenette,data/imagenette2-320/val/n03417042/n03417042_3231.JPEG,n03417042,569,garbage truck,569,garbage truck,0.17818517982959747,True
imagenette,data/imagenette2-320/val/n03417042/n03417042_3242.JPEG,n03417042,569,garbage truck,569,garbage truck,0.22033995389938354,True
imagenette,data/imagenette2-320/val/n03417042/n03417042_3272.JPEG,n03417042,569,garbage truck,569,garbage truck,0.1769862174987793,True
imagenette,data/imagenette2-320/val/n03417042/n03417042_3280.JPEG,n03417042,569,garbage truck,569,garbage truck,0.12110844999551773,True
imagenette,data/imagenette2-320/val/n03417042/n03417042_3300.JPEG,n03417042,569,garbage truck,569,garbage truck,0.3156013488769531,True
imagenette,data/imagenette2-320/val/n03417042/n03417042_3331.JPEG,n03417042,569,garbage truck,569,garbage truck,0.7602428197860718,True
imagenette,data/imagenette2-320/val/n03417042/n03417042_3350.JPEG,n03417042,569,garbage truck,569,garbage truck,0.3781130909919739,True
imagenette,data/imagenette2-320/val/n03417042/n03417042_3351.JPEG,n03417042,569,garbage truck,569,garbage truck,0.5547770857810974,True
imagenette,data/imagenette2-320/val/n03417042/n03417042_3390.JPEG,n03417042,569,garbage truck,517,crane,0.18802733719348907,False
imagenette,data/imagenette2-320/val/n03417042/n03417042_3422.JPEG,n03417042,569,garbage truck,569,garbage truck,0.6231471300125122,True
imagenette,data/imagenette2-320/val/n03417042/n03417042_3482.JPEG,n03417042,569,garbage truck,569,garbage truck,0.8500874638557434,True
imagenette,data/imagenette2-320/val/n03417042/n03417042_3592.JPEG,n03417042,569,garbage truck,569,garbage truck,0.7481465339660645,True
imagenette,data/imagenette2-320/val/n03417042/n03417042_3600.JPEG,n03417042,569,garbage truck,569,garbage truck,0.3559311628341675,True
imagenette,data/imagenette2-320/val/n03417042/n03417042_3710.JPEG,n03417042,569,garbage truck,569,garbage truck,0.23528122901916504,True
imagenette,data/imagenette2-320/val/n03417042/n03417042_3731.JPEG,n03417042,569,garbage truck,569,garbage truck,0.23096224665641785,True
imagenette,data/imagenette2-320/val/n03417042/n03417042_3752.JPEG,n03417042,569,garbage truck,569,garbage truck,0.3117588758468628,True
imagenette,data/imagenette2-320/val/n03417042/n03417042_3771.JPEG,n03417042,569,garbage truck,569,garbage truck,0.30892837047576904,True
imagenette,data/imagenette2-320/val/n03417042/n03417042_3792.JPEG,n03417042,569,garbage truck,569,garbage truck,0.41623538732528687,True
imagenette,data/imagenette2-320/val/n03417042/n03417042_3821.JPEG,n03417042,569,garbage truck,569,garbage truck,0.949182391166687,True
imagenette,data/imagenette2-320/val/n03417042/n03417042_3842.JPEG,n03417042,569,garbage truck,569,garbage truck,0.6145821809768677,True
imagenette,data/imagenette2-320/val/n03417042/n03417042_3861.JPEG,n03417042,569,garbage truck,569,garbage truck,0.23259013891220093,True
imagenette,data/imagenette2-320/val/n03417042/n03417042_3862.JPEG,n03417042,569,garbage truck,569,garbage truck,0.4417772591114044,True
imagenette,data/imagenette2-320/val/n03417042/n03417042_3940.JPEG,n03417042,569,garbage truck,569,garbage truck,0.5505927205085754,True
imagenette,data/imagenette2-320/val/n03417042/n03417042_3952.JPEG,n03417042,569,garbage truck,569,garbage truck,0.7157424688339233,True
imagenette,data/imagenette2-320/val/n03417042/n03417042_4072.JPEG,n03417042,569,garbage truck,569,garbage truck,0.2883400619029999,True
imagenette,data/imagenette2-320/val/n03417042/n03417042_411.JPEG,n03417042,569,garbage truck,569,garbage truck,0.4859813153743744,True
imagenette,data/imagenette2-320/val/n03417042/n03417042_4200.JPEG,n03417042,569,garbage truck,569,garbage truck,0.332119882106781,True
imagenette,data/imagenette2-320/val/n03417042/n03417042_422.JPEG,n03417042,569,garbage truck,569,garbage truck,0.6455216407775879,True
imagenette,data/imagenette2-320/val/n03417042/n03417042_4232.JPEG,n03417042,569,garbage truck,569,garbage truck,0.4563542604446411,True
imagenette,data/imagenette2-320/val/n03417042/n03417042_4292.JPEG,n03417042,569,garbage truck,569,garbage truck,0.3126619756221771,True
imagenette,data/imagenette2-320/val/n03417042/n03417042_4391.JPEG,n03417042,569,garbage truck,569,garbage truck,0.5924164056777954,True
imagenette,data/imagenette2-320/val/n03417042/n03417042_441.JPEG,n03417042,569,garbage truck,569,garbage truck,0.5796674489974976,True
imagenette,data/imagenette2-320/val/n03417042/n03417042_4420.JPEG,n03417042,569,garbage truck,569,garbage truck,0.3538098633289337,True
imagenette,data/imagenette2-320/val/n03417042/n03417042_4462.JPEG,n03417042,569,garbage truck,569,garbage truck,0.15151454508304596,True
imagenette,data/imagenette2-320/val/n03417042/n03417042_4470.JPEG,n03417042,569,garbage truck,569,garbage truck,0.668703019618988,True
imagenette,data/imagenette2-320/val/n03417042/n03417042_4491.JPEG,n03417042,569,garbage truck,569,garbage truck,0.35258594155311584,True
imagenette,data/imagenette2-320/val/n03417042/n03417042_4511.JPEG,n03417042,569,garbage truck,569,garbage truck,0.13223019242286682,True
imagenette,data/imagenette2-320/val/n03417042/n03417042_4520.JPEG,n03417042,569,garbage truck,569,garbage truck,0.4487977623939514,True
imagenette,data/imagenette2-320/val/n03417042/n03417042_4542.JPEG,n03417042,569,garbage truck,569,garbage truck,0.4994409382343292,True
imagenette,data/imagenette2-320/val/n03417042/n03417042_4551.JPEG,n03417042,569,garbage truck,569,garbage truck,0.27686789631843567,True
imagenette,data/imagenette2-320/val/n03417042/n03417042_4552.JPEG,n03417042,569,garbage truck,569,garbage truck,0.22841884195804596,True
imagenette,data/imagenette2-320/val/n03417042/n03417042_4560.JPEG,n03417042,569,garbage truck,569,garbage truck,0.4640708565711975,True
imagenette,data/imagenette2-320/val/n03417042/n03417042_4600.JPEG,n03417042,569,garbage truck,569,garbage truck,0.32479944825172424,True
imagenette,data/imagenette2-320/val/n03417042/n03417042_4752.JPEG,n03417042,569,garbage truck,569,garbage truck,0.5626634359359741,True
imagenette,data/imagenette2-320/val/n03417042/n03417042_4761.JPEG,n03417042,569,garbage truck,569,garbage truck,0.5554142594337463,True
imagenette,data/imagenette2-320/val/n03417042/n03417042_4790.JPEG,n03417042,569,garbage truck,569,garbage truck,0.5553454160690308,True
imagenette,data/imagenette2-320/val/n03417042/n03417042_4900.JPEG,n03417042,569,garbage truck,569,garbage truck,0.3890087604522705,True
imagenette,data/imagenette2-320/val/n03417042/n03417042_4980.JPEG,n03417042,569,garbage truck,569,garbage truck,0.5964621901512146,True
imagenette,data/imagenette2-320/val/n03417042/n03417042_5090.JPEG,n03417042,569,garbage truck,569,garbage truck,0.5093073844909668,True
imagenette,data/imagenette2-320/val/n03417042/n03417042_5110.JPEG,n03417042,569,garbage truck,864,tow truck,0.2752646505832672,False
imagenette,data/imagenette2-320/val/n03417042/n03417042_5180.JPEG,n03417042,569,garbage truck,569,garbage truck,0.36255961656570435,True
imagenette,data/imagenette2-320/val/n03417042/n03417042_5221.JPEG,n03417042,569,garbage truck,569,garbage truck,0.4940258264541626,True
imagenette,data/imagenette2-320/val/n03417042/n03417042_5232.JPEG,n03417042,569,garbage truck,569,garbage truck,0.4318256676197052,True
imagenette,data/imagenette2-320/val/n03417042/n03417042_5301.JPEG,n03417042,569,garbage truck,569,garbage truck,0.5055714845657349,True
imagenette,data/imagenette2-320/val/n03417042/n03417042_5320.JPEG,n03417042,569,garbage truck,569,garbage truck,0.5040053725242615,True
imagenette,data/imagenette2-320/val/n03417042/n03417042_5331.JPEG,n03417042,569,garbage truck,569,garbage truck,0.4857328236103058,True
imagenette,data/imagenette2-320/val/n03417042/n03417042_5362.JPEG,n03417042,569,garbage truck,569,garbage truck,0.3290109634399414,True
imagenette,data/imagenette2-320/val/n03417042/n03417042_5371.JPEG,n03417042,569,garbage truck,468,cab,0.25156745314598083,False
imagenette,data/imagenette2-320/val/n03417042/n03417042_5380.JPEG,n03417042,569,garbage truck,569,garbage truck,0.3280871510505676,True
imagenette,data/imagenette2-320/val/n03417042/n03417042_5381.JPEG,n03417042,569,garbage truck,569,garbage truck,0.549098551273346,True
imagenette,data/imagenette2-320/val/n03417042/n03417042_5510.JPEG,n03417042,569,garbage truck,569,garbage truck,0.403626412153244,True
imagenette,data/imagenette2-320/val/n03417042/n03417042_5600.JPEG,n03417042,569,garbage truck,569,garbage truck,0.37140047550201416,True
imagenette,data/imagenette2-320/val/n03417042/n03417042_5631.JPEG,n03417042,569,garbage truck,569,garbage truck,0.40503600239753723,True
imagenette,data/imagenette2-320/val/n03417042/n03417042_5670.JPEG,n03417042,569,garbage truck,569,garbage truck,0.4349667727947235,True
imagenette,data/imagenette2-320/val/n03417042/n03417042_5682.JPEG,n03417042,569,garbage truck,569,garbage truck,0.7286272644996643,True
imagenette,data/imagenette2-320/val/n03417042/n03417042_5691.JPEG,n03417042,569,garbage truck,569,garbage truck,0.36267325282096863,True
imagenette,data/imagenette2-320/val/n03417042/n03417042_5750.JPEG,n03417042,569,garbage truck,569,garbage truck,0.29819056391716003,True
imagenette,data/imagenette2-320/val/n03417042/n03417042_5752.JPEG,n03417042,569,garbage truck,569,garbage truck,0.32586437463760376,True
imagenette,data/imagenette2-320/val/n03417042/n03417042_581.JPEG,n03417042,569,garbage truck,569,garbage truck,0.1903829574584961,True
imagenette,data/imagenette2-320/val/n03417042/n03417042_5852.JPEG,n03417042,569,garbage truck,569,garbage truck,0.45895203948020935,True
imagenette,data/imagenette2-320/val/n03417042/n03417042_5920.JPEG,n03417042,569,garbage truck,569,garbage truck,0.23783767223358154,True
imagenette,data/imagenette2-320/val/n03417042/n03417042_5952.JPEG,n03417042,569,garbage truck,569,garbage truck,0.4580438733100891,True
imagenette,data/imagenette2-320/val/n03417042/n03417042_6050.JPEG,n03417042,569,garbage truck,569,garbage truck,0.30329588055610657,True
imagenette,data/imagenette2-320/val/n03417042/n03417042_6081.JPEG,n03417042,569,garbage truck,569,garbage truck,0.5069693326950073,True
imagenette,data/imagenette2-320/val/n03417042/n03417042_6130.JPEG,n03417042,569,garbage truck,569,garbage truck,0.30304476618766785,True
imagenette,data/imagenette2-320/val/n03417042/n03417042_620.JPEG,n03417042,569,garbage truck,569,garbage truck,0.42156487703323364,True
imagenette,data/imagenette2-320/val/n03417042/n03417042_6241.JPEG,n03417042,569,garbage truck,569,garbage truck,0.472060889005661,True
imagenette,data/imagenette2-320/val/n03417042/n03417042_6250.JPEG,n03417042,569,garbage truck,569,garbage truck,0.4337475001811981,True
imagenette,data/imagenette2-320/val/n03417042/n03417042_6272.JPEG,n03417042,569,garbage truck,569,garbage truck,0.30029672384262085,True
imagenette,data/imagenette2-320/val/n03417042/n03417042_6312.JPEG,n03417042,569,garbage truck,569,garbage truck,0.5372450947761536,True
imagenette,data/imagenette2-320/val/n03417042/n03417042_6410.JPEG,n03417042,569,garbage truck,569,garbage truck,0.3457239270210266,True
imagenette,data/imagenette2-320/val/n03417042/n03417042_642.JPEG,n03417042,569,garbage truck,569,garbage truck,0.4649006128311157,True
imagenette,data/imagenette2-320/val/n03417042/n03417042_6420.JPEG,n03417042,569,garbage truck,569,garbage truck,0.4942570626735687,True
imagenette,data/imagenette2-320/val/n03417042/n03417042_6442.JPEG,n03417042,569,garbage truck,569,garbage truck,0.3623363971710205,True
imagenette,data/imagenette2-320/val/n03417042/n03417042_6472.JPEG,n03417042,569,garbage truck,569,garbage truck,0.17385177314281464,True
imagenette,data/imagenette2-320/val/n03417042/n03417042_6480.JPEG,n03417042,569,garbage truck,569,garbage truck,0.8013143539428711,True
imagenette,data/imagenette2-320/val/n03417042/n03417042_652.JPEG,n03417042,569,garbage truck,569,garbage truck,0.6368732452392578,True
imagenette,data/imagenette2-320/val/n03417042/n03417042_6521.JPEG,n03417042,569,garbage truck,569,garbage truck,0.4225302040576935,True
imagenette,data/imagenette2-320/val/n03417042/n03417042_6581.JPEG,n03417042,569,garbage truck,569,garbage truck,0.35209017992019653,True
imagenette,data/imagenette2-320/val/n03417042/n03417042_6602.JPEG,n03417042,569,garbage truck,569,garbage truck,0.35371825098991394,True
imagenette,data/imagenette2-320/val/n03417042/n03417042_6662.JPEG,n03417042,569,garbage truck,569,garbage truck,0.5872700810432434,True
imagenette,data/imagenette2-320/val/n03417042/n03417042_6691.JPEG,n03417042,569,garbage truck,569,garbage truck,0.4195869565010071,True
imagenette,data/imagenette2-320/val/n03417042/n03417042_6780.JPEG,n03417042,569,garbage truck,569,garbage truck,0.6165358424186707,True
imagenette,data/imagenette2-320/val/n03417042/n03417042_6811.JPEG,n03417042,569,garbage truck,569,garbage truck,0.2572939991950989,True
imagenette,data/imagenette2-320/val/n03417042/n03417042_6881.JPEG,n03417042,569,garbage truck,569,garbage truck,0.4700714945793152,True
imagenette,data/imagenette2-320/val/n03417042/n03417042_690.JPEG,n03417042,569,garbage truck,569,garbage truck,0.6704796552658081,True
imagenette,data/imagenette2-320/val/n03417042/n03417042_6941.JPEG,n03417042,569,garbage truck,569,garbage truck,0.24140526354312897,True
imagenette,data/imagenette2-320/val/n03417042/n03417042_6981.JPEG,n03417042,569,garbage truck,569,garbage truck,0.4166603684425354,True
imagenette,data/imagenette2-320/val/n03417042/n03417042_7002.JPEG,n03417042,569,garbage truck,569,garbage truck,0.3649865686893463,True
imagenette,data/imagenette2-320/val/n03417042/n03417042_7021.JPEG,n03417042,569,garbage truck,569,garbage truck,0.5835261344909668,True
imagenette,data/imagenette2-320/val/n03417042/n03417042_7061.JPEG,n03417042,569,garbage truck,569,garbage truck,0.28811025619506836,True
imagenette,data/imagenette2-320/val/n03417042/n03417042_7080.JPEG,n03417042,569,garbage truck,569,garbage truck,0.4519316554069519,True
imagenette,data/imagenette2-320/val/n03417042/n03417042_7111.JPEG,n03417042,569,garbage truck,569,garbage truck,0.11307792365550995,True
imagenette,data/imagenette2-320/val/n03417042/n03417042_7160.JPEG,n03417042,569,garbage truck,569,garbage truck,0.5772969722747803,True
imagenette,data/imagenette2-320/val/n03417042/n03417042_7191.JPEG,n03417042,569,garbage truck,569,garbage truck,0.4551403522491455,True
imagenette,data/imagenette2-320/val/n03417042/n03417042_7212.JPEG,n03417042,569,garbage truck,569,garbage truck,0.15504878759384155,True
imagenette,data/imagenette2-320/val/n03417042/n03417042_7310.JPEG,n03417042,569,garbage truck,569,garbage truck,0.4556039869785309,True
imagenette,data/imagenette2-320/val/n03417042/n03417042_7371.JPEG,n03417042,569,garbage truck,569,garbage truck,0.2880387306213379,True
imagenette,data/imagenette2-320/val/n03417042/n03417042_742.JPEG,n03417042,569,garbage truck,569,garbage truck,0.2805383801460266,True
imagenette,data/imagenette2-320/val/n03417042/n03417042_7422.JPEG,n03417042,569,garbage truck,569,garbage truck,0.4750259518623352,True
imagenette,data/imagenette2-320/val/n03417042/n03417042_7472.JPEG,n03417042,569,garbage truck,569,garbage truck,0.32238903641700745,True
imagenette,data/imagenette2-320/val/n03417042/n03417042_750.JPEG,n03417042,569,garbage truck,569,garbage truck,0.4310866892337799,True
imagenette,data/imagenette2-320/val/n03417042/n03417042_751.JPEG,n03417042,569,garbage truck,569,garbage truck,0.2592252492904663,True
imagenette,data/imagenette2-320/val/n03417042/n03417042_7521.JPEG,n03417042,569,garbage truck,569,garbage truck,0.4403292238712311,True
imagenette,data/imagenette2-320/val/n03417042/n03417042_7530.JPEG,n03417042,569,garbage truck,569,garbage truck,0.17704564332962036,True
imagenette,data/imagenette2-320/val/n03417042/n03417042_7581.JPEG,n03417042,569,garbage truck,569,garbage truck,0.31325098872184753,True
imagenette,data/imagenette2-320/val/n03417042/n03417042_7621.JPEG,n03417042,569,garbage truck,569,garbage truck,0.37657320499420166,True
imagenette,data/imagenette2-320/val/n03417042/n03417042_7670.JPEG,n03417042,569,garbage truck,569,garbage truck,0.42540818452835083,True
imagenette,data/imagenette2-320/val/n03417042/n03417042_7682.JPEG,n03417042,569,garbage truck,569,garbage truck,0.6109166741371155,True
imagenette,data/imagenette2-320/val/n03417042/n03417042_802.JPEG,n03417042,569,garbage truck,569,garbage truck,0.6343547105789185,True
imagenette,data/imagenette2-320/val/n03417042/n03417042_8030.JPEG,n03417042,569,garbage truck,569,garbage truck,0.1631358414888382,True
imagenette,data/imagenette2-320/val/n03417042/n03417042_8051.JPEG,n03417042,569,garbage truck,569,garbage truck,0.2821060121059418,True
imagenette,data/imagenette2-320/val/n03417042/n03417042_8081.JPEG,n03417042,569,garbage truck,803,snowplow,0.1182783767580986,False
imagenette,data/imagenette2-320/val/n03417042/n03417042_8121.JPEG,n03417042,569,garbage truck,569,garbage truck,0.6644685864448547,True
imagenette,data/imagenette2-320/val/n03417042/n03417042_8192.JPEG,n03417042,569,garbage truck,864,tow truck,0.11056012660264969,False
imagenette,data/imagenette2-320/val/n03417042/n03417042_820.JPEG,n03417042,569,garbage truck,569,garbage truck,0.5538111925125122,True
imagenette,data/imagenette2-320/val/n03417042/n03417042_8202.JPEG,n03417042,569,garbage truck,569,garbage truck,0.5244536399841309,True
imagenette,data/imagenette2-320/val/n03417042/n03417042_8241.JPEG,n03417042,569,garbage truck,569,garbage truck,0.46162164211273193,True
imagenette,data/imagenette2-320/val/n03417042/n03417042_8361.JPEG,n03417042,569,garbage truck,569,garbage truck,0.3533139228820801,True
imagenette,data/imagenette2-320/val/n03417042/n03417042_8501.JPEG,n03417042,569,garbage truck,569,garbage truck,0.3714345693588257,True
imagenette,data/imagenette2-320/val/n03417042/n03417042_8552.JPEG,n03417042,569,garbage truck,569,garbage truck,0.4307461977005005,True
imagenette,data/imagenette2-320/val/n03417042/n03417042_8581.JPEG,n03417042,569,garbage truck,569,garbage truck,0.4116569459438324,True
imagenette,data/imagenette2-320/val/n03417042/n03417042_8602.JPEG,n03417042,569,garbage truck,830,stretcher,0.3520146906375885,False
imagenette,data/imagenette2-320/val/n03417042/n03417042_8630.JPEG,n03417042,569,garbage truck,867,trailer truck,0.17785890400409698,False
imagenette,data/imagenette2-320/val/n03417042/n03417042_8690.JPEG,n03417042,569,garbage truck,569,garbage truck,0.3803257644176483,True
imagenette,data/imagenette2-320/val/n03417042/n03417042_8700.JPEG,n03417042,569,garbage truck,569,garbage truck,0.4175838530063629,True
imagenette,data/imagenette2-320/val/n03417042/n03417042_8822.JPEG,n03417042,569,garbage truck,569,garbage truck,0.45339730381965637,True
imagenette,data/imagenette2-320/val/n03417042/n03417042_8872.JPEG,n03417042,569,garbage truck,569,garbage truck,0.3344566524028778,True
imagenette,data/imagenette2-320/val/n03417042/n03417042_8891.JPEG,n03417042,569,garbage truck,569,garbage truck,0.5209529399871826,True
imagenette,data/imagenette2-320/val/n03417042/n03417042_8912.JPEG,n03417042,569,garbage truck,569,garbage truck,0.7535554766654968,True
imagenette,data/imagenette2-320/val/n03417042/n03417042_90.JPEG,n03417042,569,garbage truck,569,garbage truck,0.400089293718338,True
imagenette,data/imagenette2-320/val/n03417042/n03417042_9021.JPEG,n03417042,569,garbage truck,569,garbage truck,0.3532889187335968,True
imagenette,data/imagenette2-320/val/n03417042/n03417042_9052.JPEG,n03417042,569,garbage truck,569,garbage truck,0.15705594420433044,True
imagenette,data/imagenette2-320/val/n03417042/n03417042_9062.JPEG,n03417042,569,garbage truck,569,garbage truck,0.31395745277404785,True
imagenette,data/imagenette2-320/val/n03417042/n03417042_91.JPEG,n03417042,569,garbage truck,569,garbage truck,0.2879650294780731,True
imagenette,data/imagenette2-320/val/n03417042/n03417042_910.JPEG,n03417042,569,garbage truck,569,garbage truck,0.3407423794269562,True
imagenette,data/imagenette2-320/val/n03417042/n03417042_9121.JPEG,n03417042,569,garbage truck,569,garbage truck,0.5162588953971863,True
imagenette,data/imagenette2-320/val/n03417042/n03417042_9132.JPEG,n03417042,569,garbage truck,569,garbage truck,0.3972863256931305,True
imagenette,data/imagenette2-320/val/n03417042/n03417042_9152.JPEG,n03417042,569,garbage truck,569,garbage truck,0.536480724811554,True
imagenette,data/imagenette2-320/val/n03417042/n03417042_9170.JPEG,n03417042,569,garbage truck,569,garbage truck,0.2798515856266022,True
imagenette,data/imagenette2-320/val/n03417042/n03417042_9240.JPEG,n03417042,569,garbage truck,569,garbage truck,0.28021663427352905,True
imagenette,data/imagenette2-320/val/n03417042/n03417042_9311.JPEG,n03417042,569,garbage truck,569,garbage truck,0.545497477054596,True
imagenette,data/imagenette2-320/val/n03417042/n03417042_9441.JPEG,n03417042,569,garbage truck,569,garbage truck,0.358047217130661,True
imagenette,data/imagenette2-320/val/n03417042/n03417042_9480.JPEG,n03417042,569,garbage truck,569,garbage truck,0.428570032119751,True
imagenette,data/imagenette2-320/val/n03417042/n03417042_9511.JPEG,n03417042,569,garbage truck,569,garbage truck,0.4725181460380554,True
imagenette,data/imagenette2-320/val/n03417042/n03417042_9552.JPEG,n03417042,569,garbage truck,569,garbage truck,0.513770341873169,True
imagenette,data/imagenette2-320/val/n03417042/n03417042_9580.JPEG,n03417042,569,garbage truck,569,garbage truck,0.5951583385467529,True
imagenette,data/imagenette2-320/val/n03417042/n03417042_9592.JPEG,n03417042,569,garbage truck,569,garbage truck,0.4898817539215088,True
imagenette,data/imagenette2-320/val/n03417042/n03417042_9601.JPEG,n03417042,569,garbage truck,569,garbage truck,0.5674285888671875,True
imagenette,data/imagenette2-320/val/n03417042/n03417042_9610.JPEG,n03417042,569,garbage truck,569,garbage truck,0.4946359395980835,True
imagenette,data/imagenette2-320/val/n03417042/n03417042_9620.JPEG,n03417042,569,garbage truck,569,garbage truck,0.3594404458999634,True
imagenette,data/imagenette2-320/val/n03417042/n03417042_992.JPEG,n03417042,569,garbage truck,569,garbage truck,0.37992730736732483,True
imagenette,data/imagenette2-320/val/n03417042/n03417042_9941.JPEG,n03417042,569,garbage truck,569,garbage truck,0.3298645317554474,True
imagenette,data/imagenette2-320/val/n03425413/ILSVRC2012_val_00000732.JPEG,n03425413,571,gas pump,571,gas pump,0.46444693207740784,True
imagenette,data/imagenette2-320/val/n03425413/ILSVRC2012_val_00001432.JPEG,n03425413,571,gas pump,571,gas pump,0.26583045721054077,True
imagenette,data/imagenette2-320/val/n03425413/ILSVRC2012_val_00004452.JPEG,n03425413,571,gas pump,571,gas pump,0.2936204671859741,True
imagenette,data/imagenette2-320/val/n03425413/ILSVRC2012_val_00004860.JPEG,n03425413,571,gas pump,571,gas pump,0.4714582860469818,True
imagenette,data/imagenette2-320/val/n03425413/ILSVRC2012_val_00007471.JPEG,n03425413,571,gas pump,886,vending machine,0.38458821177482605,False
imagenette,data/imagenette2-320/val/n03425413/ILSVRC2012_val_00009821.JPEG,n03425413,571,gas pump,571,gas pump,0.3031136989593506,True
imagenette,data/imagenette2-320/val/n03425413/ILSVRC2012_val_00017350.JPEG,n03425413,571,gas pump,571,gas pump,0.240248441696167,True
imagenette,data/imagenette2-320/val/n03425413/ILSVRC2012_val_00020951.JPEG,n03425413,571,gas pump,571,gas pump,0.24352991580963135,True
imagenette,data/imagenette2-320/val/n03425413/ILSVRC2012_val_00022252.JPEG,n03425413,571,gas pump,571,gas pump,0.6740692853927612,True
imagenette,data/imagenette2-320/val/n03425413/ILSVRC2012_val_00031412.JPEG,n03425413,571,gas pump,456,bow,0.2240523099899292,False
imagenette,data/imagenette2-320/val/n03425413/ILSVRC2012_val_00032250.JPEG,n03425413,571,gas pump,571,gas pump,0.4498971700668335,True
imagenette,data/imagenette2-320/val/n03425413/ILSVRC2012_val_00035211.JPEG,n03425413,571,gas pump,571,gas pump,0.24988724291324615,True
imagenette,data/imagenette2-320/val/n03425413/ILSVRC2012_val_00035242.JPEG,n03425413,571,gas pump,571,gas pump,0.21874098479747772,True
imagenette,data/imagenette2-320/val/n03425413/ILSVRC2012_val_00044370.JPEG,n03425413,571,gas pump,571,gas pump,0.4486653804779053,True
imagenette,data/imagenette2-320/val/n03425413/n03425413_10022.JPEG,n03425413,571,gas pump,571,gas pump,0.7941861152648926,True
imagenette,data/imagenette2-320/val/n03425413/n03425413_10251.JPEG,n03425413,571,gas pump,571,gas pump,0.2900931239128113,True
imagenette,data/imagenette2-320/val/n03425413/n03425413_10350.JPEG,n03425413,571,gas pump,571,gas pump,0.3991253077983856,True
imagenette,data/imagenette2-320/val/n03425413/n03425413_10410.JPEG,n03425413,571,gas pump,571,gas pump,0.2204747349023819,True
imagenette,data/imagenette2-320/val/n03425413/n03425413_10450.JPEG,n03425413,571,gas pump,571,gas pump,0.25233563780784607,True
imagenette,data/imagenette2-320/val/n03425413/n03425413_10572.JPEG,n03425413,571,gas pump,571,gas pump,0.40971216559410095,True
imagenette,data/imagenette2-320/val/n03425413/n03425413_10621.JPEG,n03425413,571,gas pump,571,gas pump,0.338245153427124,True
imagenette,data/imagenette2-320/val/n03425413/n03425413_10771.JPEG,n03425413,571,gas pump,571,gas pump,0.41304147243499756,True
imagenette,data/imagenette2-320/val/n03425413/n03425413_10792.JPEG,n03425413,571,gas pump,571,gas pump,0.36082348227500916,True
imagenette,data/imagenette2-320/val/n03425413/n03425413_10882.JPEG,n03425413,571,gas pump,571,gas pump,0.31436124444007874,True
imagenette,data/imagenette2-320/val/n03425413/n03425413_10942.JPEG,n03425413,571,gas pump,571,gas pump,0.3995611369609833,True
imagenette,data/imagenette2-320/val/n03425413/n03425413_11061.JPEG,n03425413,571,gas pump,571,gas pump,0.2636527121067047,True
imagenette,data/imagenette2-320/val/n03425413/n03425413_11092.JPEG,n03425413,571,gas pump,571,gas pump,0.6758521795272827,True
imagenette,data/imagenette2-320/val/n03425413/n03425413_11102.JPEG,n03425413,571,gas pump,571,gas pump,0.30922818183898926,True
imagenette,data/imagenette2-320/val/n03425413/n03425413_11161.JPEG,n03425413,571,gas pump,571,gas pump,0.7739889025688171,True
imagenette,data/imagenette2-320/val/n03425413/n03425413_11180.JPEG,n03425413,571,gas pump,571,gas pump,0.3926405608654022,True
imagenette,data/imagenette2-320/val/n03425413/n03425413_11311.JPEG,n03425413,571,gas pump,571,gas pump,0.16408123075962067,True
imagenette,data/imagenette2-320/val/n03425413/n03425413_11370.JPEG,n03425413,571,gas pump,571,gas pump,0.43796220421791077,True
imagenette,data/imagenette2-320/val/n03425413/n03425413_11460.JPEG,n03425413,571,gas pump,571,gas pump,0.2795889973640442,True
imagenette,data/imagenette2-320/val/n03425413/n03425413_11470.JPEG,n03425413,571,gas pump,571,gas pump,0.4532352685928345,True
imagenette,data/imagenette2-320/val/n03425413/n03425413_11592.JPEG,n03425413,571,gas pump,571,gas pump,0.46934953331947327,True
imagenette,data/imagenette2-320/val/n03425413/n03425413_11650.JPEG,n03425413,571,gas pump,571,gas pump,0.34915095567703247,True
imagenette,data/imagenette2-320/val/n03425413/n03425413_1172.JPEG,n03425413,571,gas pump,571,gas pump,0.428681880235672,True
imagenette,data/imagenette2-320/val/n03425413/n03425413_11731.JPEG,n03425413,571,gas pump,571,gas pump,0.4498674273490906,True
imagenette,data/imagenette2-320/val/n03425413/n03425413_11910.JPEG,n03425413,571,gas pump,571,gas pump,0.494181364774704,True
imagenette,data/imagenette2-320/val/n03425413/n03425413_12092.JPEG,n03425413,571,gas pump,571,gas pump,0.3227880001068115,True
imagenette,data/imagenette2-320/val/n03425413/n03425413_12270.JPEG,n03425413,571,gas pump,571,gas pump,0.7627252340316772,True
imagenette,data/imagenette2-320/val/n03425413/n03425413_1242.JPEG,n03425413,571,gas pump,571,gas pump,0.3638364374637604,True
imagenette,data/imagenette2-320/val/n03425413/n03425413_12672.JPEG,n03425413,571,gas pump,571,gas pump,0.896910548210144,True
imagenette,data/imagenette2-320/val/n03425413/n03425413_12701.JPEG,n03425413,571,gas pump,571,gas pump,0.6008007526397705,True
imagenette,data/imagenette2-320/val/n03425413/n03425413_12710.JPEG,n03425413,571,gas pump,571,gas pump,0.3815270960330963,True
imagenette,data/imagenette2-320/val/n03425413/n03425413_12711.JPEG,n03425413,571,gas pump,571,gas pump,0.49802201986312866,True
imagenette,data/imagenette2-320/val/n03425413/n03425413_12712.JPEG,n03425413,571,gas pump,571,gas pump,0.5217437744140625,True
imagenette,data/imagenette2-320/val/n03425413/n03425413_12722.JPEG,n03425413,571,gas pump,571,gas pump,0.5265325903892517,True
imagenette,data/imagenette2-320/val/n03425413/n03425413_12761.JPEG,n03425413,571,gas pump,571,gas pump,0.38940563797950745,True
imagenette,data/imagenette2-320/val/n03425413/n03425413_12861.JPEG,n03425413,571,gas pump,571,gas pump,0.3674158751964569,True
imagenette,data/imagenette2-320/val/n03425413/n03425413_12921.JPEG,n03425413,571,gas pump,571,gas pump,0.7099902629852295,True
imagenette,data/imagenette2-320/val/n03425413/n03425413_12951.JPEG,n03425413,571,gas pump,571,gas pump,0.4212968647480011,True
imagenette,data/imagenette2-320/val/n03425413/n03425413_12962.JPEG,n03425413,571,gas pump,571,gas pump,0.29015812277793884,True
imagenette,data/imagenette2-320/val/n03425413/n03425413_12980.JPEG,n03425413,571,gas pump,571,gas pump,0.5591521263122559,True
imagenette,data/imagenette2-320/val/n03425413/n03425413_12982.JPEG,n03425413,571,gas pump,571,gas pump,0.4191603362560272,True
imagenette,data/imagenette2-320/val/n03425413/n03425413_13012.JPEG,n03425413,571,gas pump,571,gas pump,0.19087274372577667,True
imagenette,data/imagenette2-320/val/n03425413/n03425413_13060.JPEG,n03425413,571,gas pump,571,gas pump,0.12415241450071335,True
imagenette,data/imagenette2-320/val/n03425413/n03425413_13072.JPEG,n03425413,571,gas pump,571,gas pump,0.47985202074050903,True
imagenette,data/imagenette2-320/val/n03425413/n03425413_13080.JPEG,n03425413,571,gas pump,571,gas pump,0.7574365139007568,True
imagenette,data/imagenette2-320/val/n03425413/n03425413_13100.JPEG,n03425413,571,gas pump,571,gas pump,0.6360601186752319,True
imagenette,data/imagenette2-320/val/n03425413/n03425413_13120.JPEG,n03425413,571,gas pump,571,gas pump,0.3511205315589905,True
imagenette,data/imagenette2-320/val/n03425413/n03425413_13170.JPEG,n03425413,571,gas pump,571,gas pump,0.8021198511123657,True
imagenette,data/imagenette2-320/val/n03425413/n03425413_13180.JPEG,n03425413,571,gas pump,571,gas pump,0.6347101330757141,True
imagenette,data/imagenette2-320/val/n03425413/n03425413_13200.JPEG,n03425413,571,gas pump,571,gas pump,0.5895040035247803,True
imagenette,data/imagenette2-320/val/n03425413/n03425413_13230.JPEG,n03425413,571,gas pump,571,gas pump,0.9624637365341187,True
imagenette,data/imagenette2-320/val/n03425413/n03425413_13231.JPEG,n03425413,571,gas pump,571,gas pump,0.22741428017616272,True
imagenette,data/imagenette2-320/val/n03425413/n03425413_13232.JPEG,n03425413,571,gas pump,571,gas pump,0.632832944393158,True
imagenette,data/imagenette2-320/val/n03425413/n03425413_13270.JPEG,n03425413,571,gas pump,571,gas pump,0.6038804054260254,True
imagenette,data/imagenette2-320/val/n03425413/n03425413_13381.JPEG,n03425413,571,gas pump,571,gas pump,0.5100323557853699,True
imagenette,data/imagenette2-320/val/n03425413/n03425413_13382.JPEG,n03425413,571,gas pump,571,gas pump,0.22257739305496216,True
imagenette,data/imagenette2-320/val/n03425413/n03425413_13390.JPEG,n03425413,571,gas pump,571,gas pump,0.8813956379890442,True
imagenette,data/imagenette2-320/val/n03425413/n03425413_1342.JPEG,n03425413,571,gas pump,856,thresher,0.12992212176322937,False
imagenette,data/imagenette2-320/val/n03425413/n03425413_13502.JPEG,n03425413,571,gas pump,571,gas pump,0.6810482740402222,True
imagenette,data/imagenette2-320/val/n03425413/n03425413_1351.JPEG,n03425413,571,gas pump,782,screen,0.10038647055625916,False
imagenette,data/imagenette2-320/val/n03425413/n03425413_13572.JPEG,n03425413,571,gas pump,571,gas pump,0.5752251148223877,True
imagenette,data/imagenette2-320/val/n03425413/n03425413_13581.JPEG,n03425413,571,gas pump,571,gas pump,0.4757983684539795,True
imagenette,data/imagenette2-320/val/n03425413/n03425413_13582.JPEG,n03425413,571,gas pump,571,gas pump,0.5582867860794067,True
imagenette,data/imagenette2-320/val/n03425413/n03425413_13600.JPEG,n03425413,571,gas pump,571,gas pump,0.5621664524078369,True
imagenette,data/imagenette2-320/val/n03425413/n03425413_13620.JPEG,n03425413,571,gas pump,571,gas pump,0.22775137424468994,True
imagenette,data/imagenette2-320/val/n03425413/n03425413_13642.JPEG,n03425413,571,gas pump,571,gas pump,0.43353772163391113,True
imagenette,data/imagenette2-320/val/n03425413/n03425413_13672.JPEG,n03425413,571,gas pump,571,gas pump,0.48978257179260254,True
imagenette,data/imagenette2-320/val/n03425413/n03425413_13702.JPEG,n03425413,571,gas pump,571,gas pump,0.20767609775066376,True
imagenette,data/imagenette2-320/val/n03425413/n03425413_13741.JPEG,n03425413,571,gas pump,571,gas pump,0.14423184096813202,True
imagenette,data/imagenette2-320/val/n03425413/n03425413_13751.JPEG,n03425413,571,gas pump,571,gas pump,0.370557963848114,True
imagenette,data/imagenette2-320/val/n03425413/n03425413_13752.JPEG,n03425413,571,gas pump,571,gas pump,0.5177589654922485,True
imagenette,data/imagenette2-320/val/n03425413/n03425413_13770.JPEG,n03425413,571,gas pump,571,gas pump,0.6906132698059082,True
imagenette,data/imagenette2-320/val/n03425413/n03425413_13772.JPEG,n03425413,571,gas pump,557,flagpole,0.1456213742494583,False
imagenette,data/imagenette2-320/val/n03425413/n03425413_1381.JPEG,n03425413,571,gas pump,571,gas pump,0.9581262469291687,True
imagenette,data/imagenette2-320/val/n03425413/n03425413_13811.JPEG,n03425413,571,gas pump,571,gas pump,0.380249947309494,True
imagenette,data/imagenette2-320/val/n03425413/n03425413_13821.JPEG,n03425413,571,gas pump,571,gas pump,0.5070266127586365,True
imagenette,data/imagenette2-320/val/n03425413/n03425413_13831.JPEG,n03425413,571,gas pump,571,gas pump,0.48922500014305115,True
imagenette,data/imagenette2-320/val/n03425413/n03425413_13862.JPEG,n03425413,571,gas pump,571,gas pump,0.5594419240951538,True
imagenette,data/imagenette2-320/val/n03425413/n03425413_13922.JPEG,n03425413,571,gas pump,571,gas pump,0.32044318318367004,True
imagenette,data/imagenette2-320/val/n03425413/n03425413_13970.JPEG,n03425413,571,gas pump,571,gas pump,0.38910722732543945,True
imagenette,data/imagenette2-320/val/n03425413/n03425413_13971.JPEG,n03425413,571,gas pump,571,gas pump,0.6225380301475525,True
imagenette,data/imagenette2-320/val/n03425413/n03425413_1400.JPEG,n03425413,571,gas pump,571,gas pump,0.4372529983520508,True
imagenette,data/imagenette2-320/val/n03425413/n03425413_14012.JPEG,n03425413,571,gas pump,571,gas pump,0.17172379791736603,True
imagenette,data/imagenette2-320/val/n03425413/n03425413_14030.JPEG,n03425413,571,gas pump,571,gas pump,0.46688351035118103,True
imagenette,data/imagenette2-320/val/n03425413/n03425413_14040.JPEG,n03425413,571,gas pump,571,gas pump,0.804383397102356,True
imagenette,data/imagenette2-320/val/n03425413/n03425413_14081.JPEG,n03425413,571,gas pump,571,gas pump,0.646660327911377,True
imagenette,data/imagenette2-320/val/n03425413/n03425413_1421.JPEG,n03425413,571,gas pump,571,gas pump,0.5892146825790405,True
imagenette,data/imagenette2-320/val/n03425413/n03425413_14280.JPEG,n03425413,571,gas pump,571,gas pump,0.12831245362758636,True
imagenette,data/imagenette2-320/val/n03425413/n03425413_14302.JPEG,n03425413,571,gas pump,571,gas pump,0.7930211424827576,True
imagenette,data/imagenette2-320/val/n03425413/n03425413_14351.JPEG,n03425413,571,gas pump,571,gas pump,0.6784601211547852,True
imagenette,data/imagenette2-320/val/n03425413/n03425413_14361.JPEG,n03425413,571,gas pump,571,gas pump,0.4959855079650879,True
imagenette,data/imagenette2-320/val/n03425413/n03425413_14381.JPEG,n03425413,571,gas pump,571,gas pump,0.2859775722026825,True
imagenette,data/imagenette2-320/val/n03425413/n03425413_14410.JPEG,n03425413,571,gas pump,571,gas pump,0.745363175868988,True
imagenette,data/imagenette2-320/val/n03425413/n03425413_14411.JPEG,n03425413,571,gas pump,571,gas pump,0.3235417902469635,True
imagenette,data/imagenette2-320/val/n03425413/n03425413_14420.JPEG,n03425413,571,gas pump,733,pole,0.19701117277145386,False
imagenette,data/imagenette2-320/val/n03425413/n03425413_14501.JPEG,n03425413,571,gas pump,571,gas pump,0.6655852198600769,True
imagenette,data/imagenette2-320/val/n03425413/n03425413_14510.JPEG,n03425413,571,gas pump,571,gas pump,0.6354883313179016,True
imagenette,data/imagenette2-320/val/n03425413/n03425413_14552.JPEG,n03425413,571,gas pump,571,gas pump,0.371629923582077,True
imagenette,data/imagenette2-320/val/n03425413/n03425413_14570.JPEG,n03425413,571,gas pump,571,gas pump,0.7214213609695435,True
imagenette,data/imagenette2-320/val/n03425413/n03425413_14590.JPEG,n03425413,571,gas pump,571,gas pump,0.20935387909412384,True
imagenette,data/imagenette2-320/val/n03425413/n03425413_14600.JPEG,n03425413,571,gas pump,571,gas pump,0.3880583941936493,True
imagenette,data/imagenette2-320/val/n03425413/n03425413_14612.JPEG,n03425413,571,gas pump,571,gas pump,0.8485727906227112,True
imagenette,data/imagenette2-320/val/n03425413/n03425413_14622.JPEG,n03425413,571,gas pump,571,gas pump,0.7117737531661987,True
imagenette,data/imagenette2-320/val/n03425413/n03425413_14650.JPEG,n03425413,571,gas pump,571,gas pump,0.11254359781742096,True
imagenette,data/imagenette2-320/val/n03425413/n03425413_14670.JPEG,n03425413,571,gas pump,571,gas pump,0.45549821853637695,True
imagenette,data/imagenette2-320/val/n03425413/n03425413_14672.JPEG,n03425413,571,gas pump,571,gas pump,0.5070437788963318,True
imagenette,data/imagenette2-320/val/n03425413/n03425413_14681.JPEG,n03425413,571,gas pump,571,gas pump,0.11451607942581177,True
imagenette,data/imagenette2-320/val/n03425413/n03425413_14682.JPEG,n03425413,571,gas pump,571,gas pump,0.3385428488254547,True
imagenette,data/imagenette2-320/val/n03425413/n03425413_14691.JPEG,n03425413,571,gas pump,571,gas pump,0.6044842004776001,True
imagenette,data/imagenette2-320/val/n03425413/n03425413_14712.JPEG,n03425413,571,gas pump,571,gas pump,0.41638073325157166,True
imagenette,data/imagenette2-320/val/n03425413/n03425413_1472.JPEG,n03425413,571,gas pump,571,gas pump,0.7361217141151428,True
imagenette,data/imagenette2-320/val/n03425413/n03425413_14720.JPEG,n03425413,571,gas pump,571,gas pump,0.5978859663009644,True
imagenette,data/imagenette2-320/val/n03425413/n03425413_14722.JPEG,n03425413,571,gas pump,571,gas pump,0.31134510040283203,True
imagenette,data/imagenette2-320/val/n03425413/n03425413_14740.JPEG,n03425413,571,gas pump,571,gas pump,0.512997567653656,True
imagenette,data/imagenette2-320/val/n03425413/n03425413_14752.JPEG,n03425413,571,gas pump,571,gas pump,0.16362851858139038,True
imagenette,data/imagenette2-320/val/n03425413/n03425413_14792.JPEG,n03425413,571,gas pump,571,gas pump,0.24010172486305237,True
imagenette,data/imagenette2-320/val/n03425413/n03425413_14870.JPEG,n03425413,571,gas pump,571,gas pump,0.55907142162323,True
imagenette,data/imagenette2-320/val/n03425413/n03425413_14891.JPEG,n03425413,571,gas pump,530,digital clock,0.2589839994907379,False
imagenette,data/imagenette2-320/val/n03425413/n03425413_1491.JPEG,n03425413,571,gas pump,571,gas pump,0.5873650312423706,True
imagenette,data/imagenette2-320/val/n03425413/n03425413_14940.JPEG,n03425413,571,gas pump,571,gas pump,0.29782840609550476,True
imagenette,data/imagenette2-320/val/n03425413/n03425413_14952.JPEG,n03425413,571,gas pump,571,gas pump,0.2622590661048889,True
imagenette,data/imagenette2-320/val/n03425413/n03425413_15000.JPEG,n03425413,571,gas pump,571,gas pump,0.5469098687171936,True
imagenette,data/imagenette2-320/val/n03425413/n03425413_15002.JPEG,n03425413,571,gas pump,571,gas pump,0.5816022157669067,True
imagenette,data/imagenette2-320/val/n03425413/n03425413_15050.JPEG,n03425413,571,gas pump,571,gas pump,0.5335349440574646,True
imagenette,data/imagenette2-320/val/n03425413/n03425413_15070.JPEG,n03425413,571,gas pump,571,gas pump,0.38799339532852173,True
imagenette,data/imagenette2-320/val/n03425413/n03425413_15082.JPEG,n03425413,571,gas pump,571,gas pump,0.2803385257720947,True
imagenette,data/imagenette2-320/val/n03425413/n03425413_15130.JPEG,n03425413,571,gas pump,571,gas pump,0.27103835344314575,True
imagenette,data/imagenette2-320/val/n03425413/n03425413_15131.JPEG,n03425413,571,gas pump,571,gas pump,0.515783965587616,True
imagenette,data/imagenette2-320/val/n03425413/n03425413_15291.JPEG,n03425413,571,gas pump,571,gas pump,0.4544462561607361,True
imagenette,data/imagenette2-320/val/n03425413/n03425413_15312.JPEG,n03425413,571,gas pump,571,gas pump,0.3671506345272064,True
imagenette,data/imagenette2-320/val/n03425413/n03425413_15321.JPEG,n03425413,571,gas pump,571,gas pump,0.7091062068939209,True
imagenette,data/imagenette2-320/val/n03425413/n03425413_15332.JPEG,n03425413,571,gas pump,571,gas pump,0.8182210922241211,True
imagenette,data/imagenette2-320/val/n03425413/n03425413_15340.JPEG,n03425413,571,gas pump,571,gas pump,0.8491718769073486,True
imagenette,data/imagenette2-320/val/n03425413/n03425413_15531.JPEG,n03425413,571,gas pump,571,gas pump,0.8457437753677368,True
imagenette,data/imagenette2-320/val/n03425413/n03425413_15571.JPEG,n03425413,571,gas pump,571,gas pump,0.17535759508609772,True
imagenette,data/imagenette2-320/val/n03425413/n03425413_15601.JPEG,n03425413,571,gas pump,800,slot,0.44430094957351685,False
imagenette,data/imagenette2-320/val/n03425413/n03425413_15602.JPEG,n03425413,571,gas pump,571,gas pump,0.4907505512237549,True
imagenette,data/imagenette2-320/val/n03425413/n03425413_15622.JPEG,n03425413,571,gas pump,571,gas pump,0.5968510508537292,True
imagenette,data/imagenette2-320/val/n03425413/n03425413_15630.JPEG,n03425413,571,gas pump,571,gas pump,0.35818150639533997,True
imagenette,data/imagenette2-320/val/n03425413/n03425413_15671.JPEG,n03425413,571,gas pump,571,gas pump,0.5128600597381592,True
imagenette,data/imagenette2-320/val/n03425413/n03425413_15700.JPEG,n03425413,571,gas pump,571,gas pump,0.6002901792526245,True
imagenette,data/imagenette2-320/val/n03425413/n03425413_15701.JPEG,n03425413,571,gas pump,571,gas pump,0.3042686879634857,True
imagenette,data/imagenette2-320/val/n03425413/n03425413_15772.JPEG,n03425413,571,gas pump,571,gas pump,0.3728753328323364,True
imagenette,data/imagenette2-320/val/n03425413/n03425413_15792.JPEG,n03425413,571,gas pump,571,gas pump,0.492445707321167,True
imagenette,data/imagenette2-320/val/n03425413/n03425413_15862.JPEG,n03425413,571,gas pump,571,gas pump,0.33375704288482666,True
imagenette,data/imagenette2-320/val/n03425413/n03425413_15871.JPEG,n03425413,571,gas pump,571,gas pump,0.19528380036354065,True
imagenette,data/imagenette2-320/val/n03425413/n03425413_15950.JPEG,n03425413,571,gas pump,571,gas pump,0.42242616415023804,True
imagenette,data/imagenette2-320/val/n03425413/n03425413_16031.JPEG,n03425413,571,gas pump,571,gas pump,0.3430889844894409,True
imagenette,data/imagenette2-320/val/n03425413/n03425413_16080.JPEG,n03425413,571,gas pump,571,gas pump,0.3487297296524048,True
imagenette,data/imagenette2-320/val/n03425413/n03425413_1610.JPEG,n03425413,571,gas pump,571,gas pump,0.3551010191440582,True
imagenette,data/imagenette2-320/val/n03425413/n03425413_16190.JPEG,n03425413,571,gas pump,571,gas pump,0.5831475257873535,True
imagenette,data/imagenette2-320/val/n03425413/n03425413_16202.JPEG,n03425413,571,gas pump,571,gas pump,0.5359632968902588,True
imagenette,data/imagenette2-320/val/n03425413/n03425413_16220.JPEG,n03425413,571,gas pump,571,gas pump,0.38637951016426086,True
imagenette,data/imagenette2-320/val/n03425413/n03425413_16221.JPEG,n03425413,571,gas pump,571,gas pump,0.40617117285728455,True
imagenette,data/imagenette2-320/val/n03425413/n03425413_16300.JPEG,n03425413,571,gas pump,571,gas pump,0.3492979407310486,True
imagenette,data/imagenette2-320/val/n03425413/n03425413_1631.JPEG,n03425413,571,gas pump,571,gas pump,0.4713507294654846,True
imagenette,data/imagenette2-320/val/n03425413/n03425413_16400.JPEG,n03425413,571,gas pump,571,gas pump,0.5578280091285706,True
imagenette,data/imagenette2-320/val/n03425413/n03425413_16420.JPEG,n03425413,571,gas pump,571,gas pump,0.5735968351364136,True
imagenette,data/imagenette2-320/val/n03425413/n03425413_16421.JPEG,n03425413,571,gas pump,571,gas pump,0.5743058919906616,True
imagenette,data/imagenette2-320/val/n03425413/n03425413_16551.JPEG,n03425413,571,gas pump,571,gas pump,0.5197345018386841,True
imagenette,data/imagenette2-320/val/n03425413/n03425413_16581.JPEG,n03425413,571,gas pump,571,gas pump,0.49974513053894043,True
imagenette,data/imagenette2-320/val/n03425413/n03425413_16661.JPEG,n03425413,571,gas pump,571,gas pump,0.7098425030708313,True
imagenette,data/imagenette2-320/val/n03425413/n03425413_16681.JPEG,n03425413,571,gas pump,571,gas pump,0.6658725142478943,True
imagenette,data/imagenette2-320/val/n03425413/n03425413_1670.JPEG,n03425413,571,gas pump,571,gas pump,0.5958623886108398,True
imagenette,data/imagenette2-320/val/n03425413/n03425413_16712.JPEG,n03425413,571,gas pump,571,gas pump,0.6559088230133057,True
imagenette,data/imagenette2-320/val/n03425413/n03425413_1672.JPEG,n03425413,571,gas pump,571,gas pump,0.6812200546264648,True
imagenette,data/imagenette2-320/val/n03425413/n03425413_16782.JPEG,n03425413,571,gas pump,571,gas pump,0.7264336347579956,True
imagenette,data/imagenette2-320/val/n03425413/n03425413_16822.JPEG,n03425413,571,gas pump,571,gas pump,0.45115959644317627,True
imagenette,data/imagenette2-320/val/n03425413/n03425413_16911.JPEG,n03425413,571,gas pump,571,gas pump,0.5709501504898071,True
imagenette,data/imagenette2-320/val/n03425413/n03425413_16920.JPEG,n03425413,571,gas pump,571,gas pump,0.5464086532592773,True
imagenette,data/imagenette2-320/val/n03425413/n03425413_16962.JPEG,n03425413,571,gas pump,571,gas pump,0.321942001581192,True
imagenette,data/imagenette2-320/val/n03425413/n03425413_16972.JPEG,n03425413,571,gas pump,571,gas pump,0.659943163394928,True
imagenette,data/imagenette2-320/val/n03425413/n03425413_16992.JPEG,n03425413,571,gas pump,571,gas pump,0.3585590720176697,True
imagenette,data/imagenette2-320/val/n03425413/n03425413_17000.JPEG,n03425413,571,gas pump,571,gas pump,0.3889555037021637,True
imagenette,data/imagenette2-320/val/n03425413/n03425413_17001.JPEG,n03425413,571,gas pump,571,gas pump,0.5236346125602722,True
imagenette,data/imagenette2-320/val/n03425413/n03425413_17060.JPEG,n03425413,571,gas pump,571,gas pump,0.8403098583221436,True
imagenette,data/imagenette2-320/val/n03425413/n03425413_17072.JPEG,n03425413,571,gas pump,571,gas pump,0.4938020706176758,True
imagenette,data/imagenette2-320/val/n03425413/n03425413_17100.JPEG,n03425413,571,gas pump,571,gas pump,0.32406720519065857,True
imagenette,data/imagenette2-320/val/n03425413/n03425413_17110.JPEG,n03425413,571,gas pump,571,gas pump,0.3426891267299652,True
imagenette,data/imagenette2-320/val/n03425413/n03425413_17111.JPEG,n03425413,571,gas pump,571,gas pump,0.5922497510910034,True
imagenette,data/imagenette2-320/val/n03425413/n03425413_17210.JPEG,n03425413,571,gas pump,571,gas pump,0.3346595764160156,True
imagenette,data/imagenette2-320/val/n03425413/n03425413_17212.JPEG,n03425413,571,gas pump,571,gas pump,0.33382517099380493,True
imagenette,data/imagenette2-320/val/n03425413/n03425413_17220.JPEG,n03425413,571,gas pump,571,gas pump,0.30649298429489136,True
imagenette,data/imagenette2-320/val/n03425413/n03425413_17262.JPEG,n03425413,571,gas pump,571,gas pump,0.5198573470115662,True
imagenette,data/imagenette2-320/val/n03425413/n03425413_17322.JPEG,n03425413,571,gas pump,571,gas pump,0.48700690269470215,True
imagenette,data/imagenette2-320/val/n03425413/n03425413_17441.JPEG,n03425413,571,gas pump,571,gas pump,0.4802922010421753,True
imagenette,data/imagenette2-320/val/n03425413/n03425413_17521.JPEG,n03425413,571,gas pump,571,gas pump,0.3706497848033905,True
imagenette,data/imagenette2-320/val/n03425413/n03425413_17591.JPEG,n03425413,571,gas pump,571,gas pump,0.47167548537254333,True
imagenette,data/imagenette2-320/val/n03425413/n03425413_17701.JPEG,n03425413,571,gas pump,571,gas pump,0.7201924920082092,True
imagenette,data/imagenette2-320/val/n03425413/n03425413_17802.JPEG,n03425413,571,gas pump,571,gas pump,0.5136728286743164,True
imagenette,data/imagenette2-320/val/n03425413/n03425413_17851.JPEG,n03425413,571,gas pump,571,gas pump,0.6179329752922058,True
imagenette,data/imagenette2-320/val/n03425413/n03425413_1792.JPEG,n03425413,571,gas pump,571,gas pump,0.4334447979927063,True
imagenette,data/imagenette2-320/val/n03425413/n03425413_17961.JPEG,n03425413,571,gas pump,571,gas pump,0.6539878249168396,True
imagenette,data/imagenette2-320/val/n03425413/n03425413_17980.JPEG,n03425413,571,gas pump,571,gas pump,0.33214250206947327,True
imagenette,data/imagenette2-320/val/n03425413/n03425413_18040.JPEG,n03425413,571,gas pump,571,gas pump,0.560092031955719,True
imagenette,data/imagenette2-320/val/n03425413/n03425413_18132.JPEG,n03425413,571,gas pump,571,gas pump,0.44235506653785706,True
imagenette,data/imagenette2-320/val/n03425413/n03425413_18191.JPEG,n03425413,571,gas pump,571,gas pump,0.30969539284706116,True
imagenette,data/imagenette2-320/val/n03425413/n03425413_18252.JPEG,n03425413,571,gas pump,571,gas pump,0.699821949005127,True
imagenette,data/imagenette2-320/val/n03425413/n03425413_18330.JPEG,n03425413,571,gas pump,571,gas pump,0.9275201559066772,True
imagenette,data/imagenette2-320/val/n03425413/n03425413_18360.JPEG,n03425413,571,gas pump,571,gas pump,0.6115460395812988,True
imagenette,data/imagenette2-320/val/n03425413/n03425413_18382.JPEG,n03425413,571,gas pump,571,gas pump,0.36060193181037903,True
imagenette,data/imagenette2-320/val/n03425413/n03425413_18390.JPEG,n03425413,571,gas pump,571,gas pump,0.2426995486021042,True
imagenette,data/imagenette2-320/val/n03425413/n03425413_18430.JPEG,n03425413,571,gas pump,571,gas pump,0.7374085783958435,True
imagenette,data/imagenette2-320/val/n03425413/n03425413_18562.JPEG,n03425413,571,gas pump,571,gas pump,0.23662836849689484,True
imagenette,data/imagenette2-320/val/n03425413/n03425413_18571.JPEG,n03425413,571,gas pump,571,gas pump,0.4684546887874603,True
imagenette,data/imagenette2-320/val/n03425413/n03425413_18750.JPEG,n03425413,571,gas pump,571,gas pump,0.4992312788963318,True
imagenette,data/imagenette2-320/val/n03425413/n03425413_18752.JPEG,n03425413,571,gas pump,571,gas pump,0.40449684858322144,True
imagenette,data/imagenette2-320/val/n03425413/n03425413_18830.JPEG,n03425413,571,gas pump,919,street sign,0.3711329996585846,False
imagenette,data/imagenette2-320/val/n03425413/n03425413_18871.JPEG,n03425413,571,gas pump,571,gas pump,0.47329047322273254,True
imagenette,data/imagenette2-320/val/n03425413/n03425413_18910.JPEG,n03425413,571,gas pump,571,gas pump,0.32987648248672485,True
imagenette,data/imagenette2-320/val/n03425413/n03425413_18942.JPEG,n03425413,571,gas pump,571,gas pump,0.35773488879203796,True
imagenette,data/imagenette2-320/val/n03425413/n03425413_18981.JPEG,n03425413,571,gas pump,571,gas pump,0.5792633295059204,True
imagenette,data/imagenette2-320/val/n03425413/n03425413_19020.JPEG,n03425413,571,gas pump,860,tobacco shop,0.2639329731464386,False
imagenette,data/imagenette2-320/val/n03425413/n03425413_19050.JPEG,n03425413,571,gas pump,866,tractor,0.1698720008134842,False
imagenette,data/imagenette2-320/val/n03425413/n03425413_19060.JPEG,n03425413,571,gas pump,571,gas pump,0.6755691170692444,True
imagenette,data/imagenette2-320/val/n03425413/n03425413_19092.JPEG,n03425413,571,gas pump,571,gas pump,0.8178925514221191,True
imagenette,data/imagenette2-320/val/n03425413/n03425413_19102.JPEG,n03425413,571,gas pump,571,gas pump,0.577476978302002,True
imagenette,data/imagenette2-320/val/n03425413/n03425413_1911.JPEG,n03425413,571,gas pump,571,gas pump,0.798903226852417,True
imagenette,data/imagenette2-320/val/n03425413/n03425413_19131.JPEG,n03425413,571,gas pump,571,gas pump,0.11096266657114029,True
imagenette,data/imagenette2-320/val/n03425413/n03425413_19221.JPEG,n03425413,571,gas pump,571,gas pump,0.3982919752597809,True
imagenette,data/imagenette2-320/val/n03425413/n03425413_19250.JPEG,n03425413,571,gas pump,571,gas pump,0.4644649624824524,True
imagenette,data/imagenette2-320/val/n03425413/n03425413_19251.JPEG,n03425413,571,gas pump,571,gas pump,0.20923465490341187,True
imagenette,data/imagenette2-320/val/n03425413/n03425413_19261.JPEG,n03425413,571,gas pump,571,gas pump,0.38165006041526794,True
imagenette,data/imagenette2-320/val/n03425413/n03425413_19271.JPEG,n03425413,571,gas pump,571,gas pump,0.4121308922767639,True
imagenette,data/imagenette2-320/val/n03425413/n03425413_19282.JPEG,n03425413,571,gas pump,571,gas pump,0.2781865894794464,True
imagenette,data/imagenette2-320/val/n03425413/n03425413_1932.JPEG,n03425413,571,gas pump,571,gas pump,0.5445128679275513,True
imagenette,data/imagenette2-320/val/n03425413/n03425413_19350.JPEG,n03425413,571,gas pump,571,gas pump,0.4210474193096161,True
imagenette,data/imagenette2-320/val/n03425413/n03425413_19401.JPEG,n03425413,571,gas pump,571,gas pump,0.3347166180610657,True
imagenette,data/imagenette2-320/val/n03425413/n03425413_19580.JPEG,n03425413,571,gas pump,571,gas pump,0.39260220527648926,True
imagenette,data/imagenette2-320/val/n03425413/n03425413_19611.JPEG,n03425413,571,gas pump,571,gas pump,0.6276262402534485,True
imagenette,data/imagenette2-320/val/n03425413/n03425413_19760.JPEG,n03425413,571,gas pump,571,gas pump,0.339991956949234,True
imagenette,data/imagenette2-320/val/n03425413/n03425413_19901.JPEG,n03425413,571,gas pump,571,gas pump,0.29990801215171814,True
imagenette,data/imagenette2-320/val/n03425413/n03425413_20042.JPEG,n03425413,571,gas pump,571,gas pump,0.8242319226264954,True
imagenette,data/imagenette2-320/val/n03425413/n03425413_20121.JPEG,n03425413,571,gas pump,571,gas pump,0.6395919919013977,True
imagenette,data/imagenette2-320/val/n03425413/n03425413_20122.JPEG,n03425413,571,gas pump,571,gas pump,0.37752753496170044,True
imagenette,data/imagenette2-320/val/n03425413/n03425413_20130.JPEG,n03425413,571,gas pump,62,rock python,0.04011227935552597,False
imagenette,data/imagenette2-320/val/n03425413/n03425413_20210.JPEG,n03425413,571,gas pump,571,gas pump,0.41954371333122253,True
imagenette,data/imagenette2-320/val/n03425413/n03425413_20262.JPEG,n03425413,571,gas pump,571,gas pump,0.3528483211994171,True
imagenette,data/imagenette2-320/val/n03425413/n03425413_20301.JPEG,n03425413,571,gas pump,571,gas pump,0.3889719545841217,True
imagenette,data/imagenette2-320/val/n03425413/n03425413_20312.JPEG,n03425413,571,gas pump,571,gas pump,0.2553806006908417,True
imagenette,data/imagenette2-320/val/n03425413/n03425413_20360.JPEG,n03425413,571,gas pump,571,gas pump,0.457599401473999,True
imagenette,data/imagenette2-320/val/n03425413/n03425413_20371.JPEG,n03425413,571,gas pump,571,gas pump,0.6815198063850403,True
imagenette,data/imagenette2-320/val/n03425413/n03425413_20500.JPEG,n03425413,571,gas pump,571,gas pump,0.5840470790863037,True
imagenette,data/imagenette2-320/val/n03425413/n03425413_20530.JPEG,n03425413,571,gas pump,571,gas pump,0.42418521642684937,True
imagenette,data/imagenette2-320/val/n03425413/n03425413_20562.JPEG,n03425413,571,gas pump,571,gas pump,0.7255905866622925,True
imagenette,data/imagenette2-320/val/n03425413/n03425413_20651.JPEG,n03425413,571,gas pump,571,gas pump,0.46816501021385193,True
imagenette,data/imagenette2-320/val/n03425413/n03425413_20680.JPEG,n03425413,571,gas pump,571,gas pump,0.4556736946105957,True
imagenette,data/imagenette2-320/val/n03425413/n03425413_20690.JPEG,n03425413,571,gas pump,571,gas pump,0.48594212532043457,True
imagenette,data/imagenette2-320/val/n03425413/n03425413_20691.JPEG,n03425413,571,gas pump,571,gas pump,0.3058895468711853,True
imagenette,data/imagenette2-320/val/n03425413/n03425413_20700.JPEG,n03425413,571,gas pump,571,gas pump,0.589650571346283,True
imagenette,data/imagenette2-320/val/n03425413/n03425413_20711.JPEG,n03425413,571,gas pump,571,gas pump,0.22261156141757965,True
imagenette,data/imagenette2-320/val/n03425413/n03425413_20741.JPEG,n03425413,571,gas pump,571,gas pump,0.16806742548942566,True
imagenette,data/imagenette2-320/val/n03425413/n03425413_20742.JPEG,n03425413,571,gas pump,865,toyshop,0.17165836691856384,False
imagenette,data/imagenette2-320/val/n03425413/n03425413_20751.JPEG,n03425413,571,gas pump,571,gas pump,0.44026830792427063,True
imagenette,data/imagenette2-320/val/n03425413/n03425413_20872.JPEG,n03425413,571,gas pump,571,gas pump,0.6175895929336548,True
imagenette,data/imagenette2-320/val/n03425413/n03425413_20892.JPEG,n03425413,571,gas pump,571,gas pump,0.4190417528152466,True
imagenette,data/imagenette2-320/val/n03425413/n03425413_20992.JPEG,n03425413,571,gas pump,571,gas pump,0.5589737296104431,True
imagenette,data/imagenette2-320/val/n03425413/n03425413_21032.JPEG,n03425413,571,gas pump,571,gas pump,0.3718278408050537,True
imagenette,data/imagenette2-320/val/n03425413/n03425413_21040.JPEG,n03425413,571,gas pump,571,gas pump,0.6292219161987305,True
imagenette,data/imagenette2-320/val/n03425413/n03425413_21051.JPEG,n03425413,571,gas pump,571,gas pump,0.38338932394981384,True
imagenette,data/imagenette2-320/val/n03425413/n03425413_21151.JPEG,n03425413,571,gas pump,571,gas pump,0.4488227665424347,True
imagenette,data/imagenette2-320/val/n03425413/n03425413_21162.JPEG,n03425413,571,gas pump,571,gas pump,0.7640653252601624,True
imagenette,data/imagenette2-320/val/n03425413/n03425413_21180.JPEG,n03425413,571,gas pump,571,gas pump,0.3671741187572479,True
imagenette,data/imagenette2-320/val/n03425413/n03425413_212.JPEG,n03425413,571,gas pump,571,gas pump,0.4479265511035919,True
imagenette,data/imagenette2-320/val/n03425413/n03425413_21202.JPEG,n03425413,571,gas pump,571,gas pump,0.29562047123908997,True
imagenette,data/imagenette2-320/val/n03425413/n03425413_21211.JPEG,n03425413,571,gas pump,571,gas pump,0.2635793387889862,True
imagenette,data/imagenette2-320/val/n03425413/n03425413_21270.JPEG,n03425413,571,gas pump,571,gas pump,0.49752649664878845,True
imagenette,data/imagenette2-320/val/n03425413/n03425413_21282.JPEG,n03425413,571,gas pump,571,gas pump,0.4202905297279358,True
imagenette,data/imagenette2-320/val/n03425413/n03425413_21301.JPEG,n03425413,571,gas pump,571,gas pump,0.7989071607589722,True
imagenette,data/imagenette2-320/val/n03425413/n03425413_21332.JPEG,n03425413,571,gas pump,571,gas pump,0.504250705242157,True
imagenette,data/imagenette2-320/val/n03425413/n03425413_21341.JPEG,n03425413,571,gas pump,571,gas pump,0.6548846960067749,True
imagenette,data/imagenette2-320/val/n03425413/n03425413_21350.JPEG,n03425413,571,gas pump,571,gas pump,0.31161758303642273,True
imagenette,data/imagenette2-320/val/n03425413/n03425413_21352.JPEG,n03425413,571,gas pump,571,gas pump,0.4297398030757904,True
imagenette,data/imagenette2-320/val/n03425413/n03425413_21362.JPEG,n03425413,571,gas pump,571,gas pump,0.3960455060005188,True
imagenette,data/imagenette2-320/val/n03425413/n03425413_2141.JPEG,n03425413,571,gas pump,571,gas pump,0.43130961060523987,True
imagenette,data/imagenette2-320/val/n03425413/n03425413_2151.JPEG,n03425413,571,gas pump,571,gas pump,0.5976047515869141,True
imagenette,data/imagenette2-320/val/n03425413/n03425413_21562.JPEG,n03425413,571,gas pump,571,gas pump,0.8368969559669495,True
imagenette,data/imagenette2-320/val/n03425413/n03425413_21591.JPEG,n03425413,571,gas pump,571,gas pump,0.6033557057380676,True
imagenette,data/imagenette2-320/val/n03425413/n03425413_21592.JPEG,n03425413,571,gas pump,571,gas pump,0.4589841365814209,True
imagenette,data/imagenette2-320/val/n03425413/n03425413_2170.JPEG,n03425413,571,gas pump,571,gas pump,0.216104194521904,True
imagenette,data/imagenette2-320/val/n03425413/n03425413_21730.JPEG,n03425413,571,gas pump,571,gas pump,0.6111879944801331,True
imagenette,data/imagenette2-320/val/n03425413/n03425413_21880.JPEG,n03425413,571,gas pump,571,gas pump,0.10410423576831818,True
imagenette,data/imagenette2-320/val/n03425413/n03425413_21911.JPEG,n03425413,571,gas pump,571,gas pump,0.7125560641288757,True
imagenette,data/imagenette2-320/val/n03425413/n03425413_22071.JPEG,n03425413,571,gas pump,571,gas pump,0.251594215631485,True
imagenette,data/imagenette2-320/val/n03425413/n03425413_22092.JPEG,n03425413,571,gas pump,571,gas pump,0.6638323664665222,True
imagenette,data/imagenette2-320/val/n03425413/n03425413_2210.JPEG,n03425413,571,gas pump,571,gas pump,0.3572084605693817,True
imagenette,data/imagenette2-320/val/n03425413/n03425413_2300.JPEG,n03425413,571,gas pump,571,gas pump,0.8565154075622559,True
imagenette,data/imagenette2-320/val/n03425413/n03425413_2311.JPEG,n03425413,571,gas pump,571,gas pump,0.4320782721042633,True
imagenette,data/imagenette2-320/val/n03425413/n03425413_23251.JPEG,n03425413,571,gas pump,571,gas pump,0.3065699338912964,True
imagenette,data/imagenette2-320/val/n03425413/n03425413_23312.JPEG,n03425413,571,gas pump,571,gas pump,0.16777077317237854,True
imagenette,data/imagenette2-320/val/n03425413/n03425413_23321.JPEG,n03425413,571,gas pump,571,gas pump,0.36593255400657654,True
imagenette,data/imagenette2-320/val/n03425413/n03425413_23451.JPEG,n03425413,571,gas pump,571,gas pump,0.3656575083732605,True
imagenette,data/imagenette2-320/val/n03425413/n03425413_2361.JPEG,n03425413,571,gas pump,571,gas pump,0.6035606265068054,True
imagenette,data/imagenette2-320/val/n03425413/n03425413_2390.JPEG,n03425413,571,gas pump,571,gas pump,0.6542766094207764,True
imagenette,data/imagenette2-320/val/n03425413/n03425413_23912.JPEG,n03425413,571,gas pump,571,gas pump,0.3722173571586609,True
imagenette,data/imagenette2-320/val/n03425413/n03425413_241.JPEG,n03425413,571,gas pump,571,gas pump,0.6460673213005066,True
imagenette,data/imagenette2-320/val/n03425413/n03425413_24352.JPEG,n03425413,571,gas pump,571,gas pump,0.40541011095046997,True
imagenette,data/imagenette2-320/val/n03425413/n03425413_24461.JPEG,n03425413,571,gas pump,571,gas pump,0.6420412063598633,True
imagenette,data/imagenette2-320/val/n03425413/n03425413_24522.JPEG,n03425413,571,gas pump,571,gas pump,0.45845261216163635,True
imagenette,data/imagenette2-320/val/n03425413/n03425413_24552.JPEG,n03425413,571,gas pump,571,gas pump,0.54774409532547,True
imagenette,data/imagenette2-320/val/n03425413/n03425413_24881.JPEG,n03425413,571,gas pump,571,gas pump,0.4845271706581116,True
imagenette,data/imagenette2-320/val/n03425413/n03425413_251.JPEG,n03425413,571,gas pump,661,Model T,0.3223722279071808,False
imagenette,data/imagenette2-320/val/n03425413/n03425413_25410.JPEG,n03425413,571,gas pump,571,gas pump,0.6365505456924438,True
imagenette,data/imagenette2-320/val/n03425413/n03425413_2590.JPEG,n03425413,571,gas pump,571,gas pump,0.6800456643104553,True
imagenette,data/imagenette2-320/val/n03425413/n03425413_260.JPEG,n03425413,571,gas pump,571,gas pump,0.5151981115341187,True
imagenette,data/imagenette2-320/val/n03425413/n03425413_26470.JPEG,n03425413,571,gas pump,571,gas pump,0.7976701259613037,True
imagenette,data/imagenette2-320/val/n03425413/n03425413_26601.JPEG,n03425413,571,gas pump,856,thresher,0.11768997460603714,False
imagenette,data/imagenette2-320/val/n03425413/n03425413_2671.JPEG,n03425413,571,gas pump,571,gas pump,0.9580552577972412,True
imagenette,data/imagenette2-320/val/n03425413/n03425413_2681.JPEG,n03425413,571,gas pump,571,gas pump,0.5239913463592529,True
imagenette,data/imagenette2-320/val/n03425413/n03425413_27000.JPEG,n03425413,571,gas pump,571,gas pump,0.5210610032081604,True
imagenette,data/imagenette2-320/val/n03425413/n03425413_27010.JPEG,n03425413,571,gas pump,571,gas pump,0.25490912795066833,True
imagenette,data/imagenette2-320/val/n03425413/n03425413_27052.JPEG,n03425413,571,gas pump,571,gas pump,0.44414064288139343,True
imagenette,data/imagenette2-320/val/n03425413/n03425413_27300.JPEG,n03425413,571,gas pump,571,gas pump,0.5028078556060791,True
imagenette,data/imagenette2-320/val/n03425413/n03425413_27392.JPEG,n03425413,571,gas pump,571,gas pump,0.6273295879364014,True
imagenette,data/imagenette2-320/val/n03425413/n03425413_27462.JPEG,n03425413,571,gas pump,571,gas pump,0.39764291048049927,True
imagenette,data/imagenette2-320/val/n03425413/n03425413_27571.JPEG,n03425413,571,gas pump,571,gas pump,0.39977434277534485,True
imagenette,data/imagenette2-320/val/n03425413/n03425413_27810.JPEG,n03425413,571,gas pump,571,gas pump,0.7378829121589661,True
imagenette,data/imagenette2-320/val/n03425413/n03425413_28350.JPEG,n03425413,571,gas pump,571,gas pump,0.6531346440315247,True
imagenette,data/imagenette2-320/val/n03425413/n03425413_2840.JPEG,n03425413,571,gas pump,571,gas pump,0.30484461784362793,True
imagenette,data/imagenette2-320/val/n03425413/n03425413_28542.JPEG,n03425413,571,gas pump,571,gas pump,0.33358731865882874,True
imagenette,data/imagenette2-320/val/n03425413/n03425413_28881.JPEG,n03425413,571,gas pump,571,gas pump,0.5518376231193542,True
imagenette,data/imagenette2-320/val/n03425413/n03425413_29331.JPEG,n03425413,571,gas pump,571,gas pump,0.20592635869979858,True
imagenette,data/imagenette2-320/val/n03425413/n03425413_2951.JPEG,n03425413,571,gas pump,571,gas pump,0.4821430444717407,True
imagenette,data/imagenette2-320/val/n03425413/n03425413_29642.JPEG,n03425413,571,gas pump,571,gas pump,0.4604005813598633,True
imagenette,data/imagenette2-320/val/n03425413/n03425413_29761.JPEG,n03425413,571,gas pump,571,gas pump,0.5286933183670044,True
imagenette,data/imagenette2-320/val/n03425413/n03425413_3021.JPEG,n03425413,571,gas pump,571,gas pump,0.48624616861343384,True
imagenette,data/imagenette2-320/val/n03425413/n03425413_31111.JPEG,n03425413,571,gas pump,571,gas pump,0.6710804104804993,True
imagenette,data/imagenette2-320/val/n03425413/n03425413_31710.JPEG,n03425413,571,gas pump,571,gas pump,0.46742311120033264,True
imagenette,data/imagenette2-320/val/n03425413/n03425413_31961.JPEG,n03425413,571,gas pump,571,gas pump,0.8902639150619507,True
imagenette,data/imagenette2-320/val/n03425413/n03425413_3240.JPEG,n03425413,571,gas pump,571,gas pump,0.3325338065624237,True
imagenette,data/imagenette2-320/val/n03425413/n03425413_3241.JPEG,n03425413,571,gas pump,571,gas pump,0.4384121596813202,True
imagenette,data/imagenette2-320/val/n03425413/n03425413_3260.JPEG,n03425413,571,gas pump,571,gas pump,0.36622652411460876,True
imagenette,data/imagenette2-320/val/n03425413/n03425413_32871.JPEG,n03425413,571,gas pump,571,gas pump,0.6667497754096985,True
imagenette,data/imagenette2-320/val/n03425413/n03425413_33031.JPEG,n03425413,571,gas pump,571,gas pump,0.8409842252731323,True
imagenette,data/imagenette2-320/val/n03425413/n03425413_3471.JPEG,n03425413,571,gas pump,571,gas pump,0.6958832144737244,True
imagenette,data/imagenette2-320/val/n03425413/n03425413_3602.JPEG,n03425413,571,gas pump,571,gas pump,0.2745310962200165,True
imagenette,data/imagenette2-320/val/n03425413/n03425413_4012.JPEG,n03425413,571,gas pump,571,gas pump,0.21624189615249634,True
imagenette,data/imagenette2-320/val/n03425413/n03425413_4130.JPEG,n03425413,571,gas pump,571,gas pump,0.5038179159164429,True
imagenette,data/imagenette2-320/val/n03425413/n03425413_430.JPEG,n03425413,571,gas pump,571,gas pump,0.7637629508972168,True
imagenette,data/imagenette2-320/val/n03425413/n03425413_4400.JPEG,n03425413,571,gas pump,571,gas pump,0.4201333224773407,True
imagenette,data/imagenette2-320/val/n03425413/n03425413_4511.JPEG,n03425413,571,gas pump,571,gas pump,0.23968346416950226,True
imagenette,data/imagenette2-320/val/n03425413/n03425413_4532.JPEG,n03425413,571,gas pump,571,gas pump,0.2758084535598755,True
imagenette,data/imagenette2-320/val/n03425413/n03425413_4661.JPEG,n03425413,571,gas pump,571,gas pump,0.5327430367469788,True
imagenette,data/imagenette2-320/val/n03425413/n03425413_4750.JPEG,n03425413,571,gas pump,571,gas pump,0.33478260040283203,True
imagenette,data/imagenette2-320/val/n03425413/n03425413_4792.JPEG,n03425413,571,gas pump,571,gas pump,0.452999085187912,True
imagenette,data/imagenette2-320/val/n03425413/n03425413_4802.JPEG,n03425413,571,gas pump,571,gas pump,0.4989306628704071,True
imagenette,data/imagenette2-320/val/n03425413/n03425413_492.JPEG,n03425413,571,gas pump,571,gas pump,0.42110973596572876,True
imagenette,data/imagenette2-320/val/n03425413/n03425413_5071.JPEG,n03425413,571,gas pump,571,gas pump,0.5547900795936584,True
imagenette,data/imagenette2-320/val/n03425413/n03425413_5072.JPEG,n03425413,571,gas pump,571,gas pump,0.46538740396499634,True
imagenette,data/imagenette2-320/val/n03425413/n03425413_5092.JPEG,n03425413,571,gas pump,571,gas pump,0.5740723609924316,True
imagenette,data/imagenette2-320/val/n03425413/n03425413_5301.JPEG,n03425413,571,gas pump,571,gas pump,0.3681838810443878,True
imagenette,data/imagenette2-320/val/n03425413/n03425413_5362.JPEG,n03425413,571,gas pump,571,gas pump,0.21079127490520477,True
imagenette,data/imagenette2-320/val/n03425413/n03425413_5732.JPEG,n03425413,571,gas pump,571,gas pump,0.2909102439880371,True
imagenette,data/imagenette2-320/val/n03425413/n03425413_602.JPEG,n03425413,571,gas pump,571,gas pump,0.7375871539115906,True
imagenette,data/imagenette2-320/val/n03425413/n03425413_6170.JPEG,n03425413,571,gas pump,571,gas pump,0.5360084772109985,True
imagenette,data/imagenette2-320/val/n03425413/n03425413_6271.JPEG,n03425413,571,gas pump,626,lighter,0.21461960673332214,False
imagenette,data/imagenette2-320/val/n03425413/n03425413_6490.JPEG,n03425413,571,gas pump,571,gas pump,0.31729185581207275,True
imagenette,data/imagenette2-320/val/n03425413/n03425413_652.JPEG,n03425413,571,gas pump,571,gas pump,0.7364802360534668,True
imagenette,data/imagenette2-320/val/n03425413/n03425413_6540.JPEG,n03425413,571,gas pump,571,gas pump,0.7020508050918579,True
imagenette,data/imagenette2-320/val/n03425413/n03425413_6772.JPEG,n03425413,571,gas pump,571,gas pump,0.409964919090271,True
imagenette,data/imagenette2-320/val/n03425413/n03425413_6851.JPEG,n03425413,571,gas pump,571,gas pump,0.7576751112937927,True
imagenette,data/imagenette2-320/val/n03425413/n03425413_6882.JPEG,n03425413,571,gas pump,571,gas pump,0.5770042538642883,True
imagenette,data/imagenette2-320/val/n03425413/n03425413_691.JPEG,n03425413,571,gas pump,571,gas pump,0.3997589945793152,True
imagenette,data/imagenette2-320/val/n03425413/n03425413_70.JPEG,n03425413,571,gas pump,571,gas pump,0.45759302377700806,True
imagenette,data/imagenette2-320/val/n03425413/n03425413_7022.JPEG,n03425413,571,gas pump,571,gas pump,0.3711409866809845,True
imagenette,data/imagenette2-320/val/n03425413/n03425413_7091.JPEG,n03425413,571,gas pump,571,gas pump,0.5588601231575012,True
imagenette,data/imagenette2-320/val/n03425413/n03425413_7262.JPEG,n03425413,571,gas pump,571,gas pump,0.3550252616405487,True
imagenette,data/imagenette2-320/val/n03425413/n03425413_7292.JPEG,n03425413,571,gas pump,571,gas pump,0.5722653865814209,True
imagenette,data/imagenette2-320/val/n03425413/n03425413_732.JPEG,n03425413,571,gas pump,571,gas pump,0.5507911443710327,True
imagenette,data/imagenette2-320/val/n03425413/n03425413_7320.JPEG,n03425413,571,gas pump,571,gas pump,0.33869311213493347,True
imagenette,data/imagenette2-320/val/n03425413/n03425413_7371.JPEG,n03425413,571,gas pump,571,gas pump,0.40149688720703125,True
imagenette,data/imagenette2-320/val/n03425413/n03425413_7372.JPEG,n03425413,571,gas pump,571,gas pump,0.35847416520118713,True
imagenette,data/imagenette2-320/val/n03425413/n03425413_7412.JPEG,n03425413,571,gas pump,571,gas pump,0.3516842722892761,True
imagenette,data/imagenette2-320/val/n03425413/n03425413_7471.JPEG,n03425413,571,gas pump,571,gas pump,0.34449461102485657,True
imagenette,data/imagenette2-320/val/n03425413/n03425413_7582.JPEG,n03425413,571,gas pump,571,gas pump,0.6170180439949036,True
imagenette,data/imagenette2-320/val/n03425413/n03425413_7730.JPEG,n03425413,571,gas pump,571,gas pump,0.6431472301483154,True
imagenette,data/imagenette2-320/val/n03425413/n03425413_7731.JPEG,n03425413,571,gas pump,571,gas pump,0.3947317898273468,True
imagenette,data/imagenette2-320/val/n03425413/n03425413_7740.JPEG,n03425413,571,gas pump,571,gas pump,0.4869184195995331,True
imagenette,data/imagenette2-320/val/n03425413/n03425413_7741.JPEG,n03425413,571,gas pump,571,gas pump,0.5629549622535706,True
imagenette,data/imagenette2-320/val/n03425413/n03425413_7772.JPEG,n03425413,571,gas pump,571,gas pump,0.35684749484062195,True
imagenette,data/imagenette2-320/val/n03425413/n03425413_7912.JPEG,n03425413,571,gas pump,571,gas pump,0.452110230922699,True
imagenette,data/imagenette2-320/val/n03425413/n03425413_8012.JPEG,n03425413,571,gas pump,571,gas pump,0.472708523273468,True
imagenette,data/imagenette2-320/val/n03425413/n03425413_8062.JPEG,n03425413,571,gas pump,571,gas pump,0.2674647867679596,True
imagenette,data/imagenette2-320/val/n03425413/n03425413_8302.JPEG,n03425413,571,gas pump,571,gas pump,0.5710883736610413,True
imagenette,data/imagenette2-320/val/n03425413/n03425413_8390.JPEG,n03425413,571,gas pump,475,car mirror,0.3174808919429779,False
imagenette,data/imagenette2-320/val/n03425413/n03425413_8412.JPEG,n03425413,571,gas pump,454,bookshop,0.1748184710741043,False
imagenette,data/imagenette2-320/val/n03425413/n03425413_8420.JPEG,n03425413,571,gas pump,571,gas pump,0.7406540513038635,True
imagenette,data/imagenette2-320/val/n03425413/n03425413_8441.JPEG,n03425413,571,gas pump,571,gas pump,0.43828731775283813,True
imagenette,data/imagenette2-320/val/n03425413/n03425413_8542.JPEG,n03425413,571,gas pump,571,gas pump,0.38764524459838867,True
imagenette,data/imagenette2-320/val/n03425413/n03425413_8622.JPEG,n03425413,571,gas pump,571,gas pump,0.9602094888687134,True
imagenette,data/imagenette2-320/val/n03425413/n03425413_8641.JPEG,n03425413,571,gas pump,571,gas pump,0.6322750449180603,True
imagenette,data/imagenette2-320/val/n03425413/n03425413_8660.JPEG,n03425413,571,gas pump,571,gas pump,0.407185435295105,True
imagenette,data/imagenette2-320/val/n03425413/n03425413_8661.JPEG,n03425413,571,gas pump,571,gas pump,0.921959400177002,True
imagenette,data/imagenette2-320/val/n03425413/n03425413_8670.JPEG,n03425413,571,gas pump,571,gas pump,0.3565511703491211,True
imagenette,data/imagenette2-320/val/n03425413/n03425413_8761.JPEG,n03425413,571,gas pump,571,gas pump,0.5117888450622559,True
imagenette,data/imagenette2-320/val/n03425413/n03425413_8801.JPEG,n03425413,571,gas pump,571,gas pump,0.594196081161499,True
imagenette,data/imagenette2-320/val/n03425413/n03425413_8901.JPEG,n03425413,571,gas pump,571,gas pump,0.4324529469013214,True
imagenette,data/imagenette2-320/val/n03425413/n03425413_8992.JPEG,n03425413,571,gas pump,571,gas pump,0.7065894603729248,True
imagenette,data/imagenette2-320/val/n03425413/n03425413_9051.JPEG,n03425413,571,gas pump,571,gas pump,0.19803187251091003,True
imagenette,data/imagenette2-320/val/n03425413/n03425413_9241.JPEG,n03425413,571,gas pump,571,gas pump,0.38888221979141235,True
imagenette,data/imagenette2-320/val/n03425413/n03425413_9391.JPEG,n03425413,571,gas pump,571,gas pump,0.5255668759346008,True
imagenette,data/imagenette2-320/val/n03425413/n03425413_9421.JPEG,n03425413,571,gas pump,571,gas pump,0.393328994512558,True
imagenette,data/imagenette2-320/val/n03425413/n03425413_9652.JPEG,n03425413,571,gas pump,571,gas pump,0.4714851975440979,True
imagenette,data/imagenette2-320/val/n03425413/n03425413_9791.JPEG,n03425413,571,gas pump,571,gas pump,0.5567240118980408,True
imagenette,data/imagenette2-320/val/n03425413/n03425413_9940.JPEG,n03425413,571,gas pump,571,gas pump,0.5661381483078003,True
imagenette,data/imagenette2-320/val/n03445777/ILSVRC2012_val_00008161.JPEG,n03445777,574,golf ball,574,golf ball,0.4836568236351013,True
imagenette,data/imagenette2-320/val/n03445777/ILSVRC2012_val_00009902.JPEG,n03445777,574,golf ball,574,golf ball,0.6897175312042236,True
imagenette,data/imagenette2-320/val/n03445777/ILSVRC2012_val_00011431.JPEG,n03445777,574,golf ball,574,golf ball,0.5033776164054871,True
imagenette,data/imagenette2-320/val/n03445777/ILSVRC2012_val_00011581.JPEG,n03445777,574,golf ball,710,pencil sharpener,0.06095036119222641,False
imagenette,data/imagenette2-320/val/n03445777/ILSVRC2012_val_00014102.JPEG,n03445777,574,golf ball,574,golf ball,0.43841564655303955,True
imagenette,data/imagenette2-320/val/n03445777/ILSVRC2012_val_00020502.JPEG,n03445777,574,golf ball,708,pedestal,0.15611515939235687,False
imagenette,data/imagenette2-320/val/n03445777/ILSVRC2012_val_00020781.JPEG,n03445777,574,golf ball,574,golf ball,0.4116832911968231,True
imagenette,data/imagenette2-320/val/n03445777/ILSVRC2012_val_00022792.JPEG,n03445777,574,golf ball,574,golf ball,0.4694782793521881,True
imagenette,data/imagenette2-320/val/n03445777/ILSVRC2012_val_00025591.JPEG,n03445777,574,golf ball,574,golf ball,0.3953230082988739,True
imagenette,data/imagenette2-320/val/n03445777/ILSVRC2012_val_00036171.JPEG,n03445777,574,golf ball,574,golf ball,0.5360850095748901,True
imagenette,data/imagenette2-320/val/n03445777/ILSVRC2012_val_00038790.JPEG,n03445777,574,golf ball,574,golf ball,0.6138532161712646,True
imagenette,data/imagenette2-320/val/n03445777/ILSVRC2012_val_00041672.JPEG,n03445777,574,golf ball,574,golf ball,0.4010264575481415,True
imagenette,data/imagenette2-320/val/n03445777/ILSVRC2012_val_00042350.JPEG,n03445777,574,golf ball,574,golf ball,0.2882951498031616,True
imagenette,data/imagenette2-320/val/n03445777/n03445777_1002.JPEG,n03445777,574,golf ball,574,golf ball,0.5547438263893127,True
imagenette,data/imagenette2-320/val/n03445777/n03445777_10030.JPEG,n03445777,574,golf ball,574,golf ball,0.5164987444877625,True
imagenette,data/imagenette2-320/val/n03445777/n03445777_10042.JPEG,n03445777,574,golf ball,574,golf ball,0.8349348306655884,True
imagenette,data/imagenette2-320/val/n03445777/n03445777_10071.JPEG,n03445777,574,golf ball,574,golf ball,0.48436909914016724,True
imagenette,data/imagenette2-320/val/n03445777/n03445777_101.JPEG,n03445777,574,golf ball,574,golf ball,0.37929558753967285,True
imagenette,data/imagenette2-320/val/n03445777/n03445777_10141.JPEG,n03445777,574,golf ball,574,golf ball,0.5257775783538818,True
imagenette,data/imagenette2-320/val/n03445777/n03445777_10401.JPEG,n03445777,574,golf ball,574,golf ball,0.5451692938804626,True
imagenette,data/imagenette2-320/val/n03445777/n03445777_10410.JPEG,n03445777,574,golf ball,574,golf ball,0.49236807227134705,True
imagenette,data/imagenette2-320/val/n03445777/n03445777_10442.JPEG,n03445777,574,golf ball,574,golf ball,0.4230753779411316,True
imagenette,data/imagenette2-320/val/n03445777/n03445777_10520.JPEG,n03445777,574,golf ball,574,golf ball,0.37728050351142883,True
imagenette,data/imagenette2-320/val/n03445777/n03445777_10550.JPEG,n03445777,574,golf ball,574,golf ball,0.4746773838996887,True
imagenette,data/imagenette2-320/val/n03445777/n03445777_10560.JPEG,n03445777,574,golf ball,574,golf ball,0.5068455338478088,True
imagenette,data/imagenette2-320/val/n03445777/n03445777_10581.JPEG,n03445777,574,golf ball,574,golf ball,0.805118203163147,True
imagenette,data/imagenette2-320/val/n03445777/n03445777_10592.JPEG,n03445777,574,golf ball,574,golf ball,0.28578025102615356,True
imagenette,data/imagenette2-320/val/n03445777/n03445777_10622.JPEG,n03445777,574,golf ball,574,golf ball,0.5371124744415283,True
imagenette,data/imagenette2-320/val/n03445777/n03445777_10632.JPEG,n03445777,574,golf ball,574,golf ball,0.5625443458557129,True
imagenette,data/imagenette2-320/val/n03445777/n03445777_10671.JPEG,n03445777,574,golf ball,574,golf ball,0.5059809684753418,True
imagenette,data/imagenette2-320/val/n03445777/n03445777_1072.JPEG,n03445777,574,golf ball,574,golf ball,0.5311992764472961,True
imagenette,data/imagenette2-320/val/n03445777/n03445777_10721.JPEG,n03445777,574,golf ball,574,golf ball,0.4959815740585327,True
imagenette,data/imagenette2-320/val/n03445777/n03445777_10750.JPEG,n03445777,574,golf ball,574,golf ball,0.6277411580085754,True
imagenette,data/imagenette2-320/val/n03445777/n03445777_10760.JPEG,n03445777,574,golf ball,574,golf ball,0.5363648533821106,True
imagenette,data/imagenette2-320/val/n03445777/n03445777_10762.JPEG,n03445777,574,golf ball,574,golf ball,0.5420233607292175,True
imagenette,data/imagenette2-320/val/n03445777/n03445777_10782.JPEG,n03445777,574,golf ball,574,golf ball,0.672877311706543,True
imagenette,data/imagenette2-320/val/n03445777/n03445777_10862.JPEG,n03445777,574,golf ball,574,golf ball,0.45936983823776245,True
imagenette,data/imagenette2-320/val/n03445777/n03445777_1091.JPEG,n03445777,574,golf ball,574,golf ball,0.5253066420555115,True
imagenette,data/imagenette2-320/val/n03445777/n03445777_110.JPEG,n03445777,574,golf ball,574,golf ball,0.46602973341941833,True
imagenette,data/imagenette2-320/val/n03445777/n03445777_11011.JPEG,n03445777,574,golf ball,574,golf ball,0.666327714920044,True
imagenette,data/imagenette2-320/val/n03445777/n03445777_11122.JPEG,n03445777,574,golf ball,574,golf ball,0.3734973967075348,True
imagenette,data/imagenette2-320/val/n03445777/n03445777_11150.JPEG,n03445777,574,golf ball,574,golf ball,0.45824334025382996,True
imagenette,data/imagenette2-320/val/n03445777/n03445777_11162.JPEG,n03445777,574,golf ball,574,golf ball,0.5756896734237671,True
imagenette,data/imagenette2-320/val/n03445777/n03445777_11171.JPEG,n03445777,574,golf ball,574,golf ball,0.49216288328170776,True
imagenette,data/imagenette2-320/val/n03445777/n03445777_1132.JPEG,n03445777,574,golf ball,574,golf ball,0.5059928297996521,True
imagenette,data/imagenette2-320/val/n03445777/n03445777_11401.JPEG,n03445777,574,golf ball,574,golf ball,0.7234157919883728,True
imagenette,data/imagenette2-320/val/n03445777/n03445777_11481.JPEG,n03445777,574,golf ball,574,golf ball,0.577245831489563,True
imagenette,data/imagenette2-320/val/n03445777/n03445777_1152.JPEG,n03445777,574,golf ball,574,golf ball,0.5811132192611694,True
imagenette,data/imagenette2-320/val/n03445777/n03445777_11642.JPEG,n03445777,574,golf ball,574,golf ball,0.42856141924858093,True
imagenette,data/imagenette2-320/val/n03445777/n03445777_11690.JPEG,n03445777,574,golf ball,574,golf ball,0.6044706702232361,True
imagenette,data/imagenette2-320/val/n03445777/n03445777_11822.JPEG,n03445777,574,golf ball,574,golf ball,0.4680423140525818,True
imagenette,data/imagenette2-320/val/n03445777/n03445777_12030.JPEG,n03445777,574,golf ball,574,golf ball,0.34760913252830505,True
imagenette,data/imagenette2-320/val/n03445777/n03445777_12172.JPEG,n03445777,574,golf ball,574,golf ball,0.3988851308822632,True
imagenette,data/imagenette2-320/val/n03445777/n03445777_12202.JPEG,n03445777,574,golf ball,574,golf ball,0.45362889766693115,True
imagenette,data/imagenette2-320/val/n03445777/n03445777_12262.JPEG,n03445777,574,golf ball,574,golf ball,0.5558056831359863,True
imagenette,data/imagenette2-320/val/n03445777/n03445777_12480.JPEG,n03445777,574,golf ball,574,golf ball,0.5441532135009766,True
imagenette,data/imagenette2-320/val/n03445777/n03445777_12490.JPEG,n03445777,574,golf ball,574,golf ball,0.48049116134643555,True
imagenette,data/imagenette2-320/val/n03445777/n03445777_12500.JPEG,n03445777,574,golf ball,574,golf ball,0.9559340476989746,True
imagenette,data/imagenette2-320/val/n03445777/n03445777_1252.JPEG,n03445777,574,golf ball,574,golf ball,0.43032070994377136,True
imagenette,data/imagenette2-320/val/n03445777/n03445777_12640.JPEG,n03445777,574,golf ball,574,golf ball,0.5049379467964172,True
imagenette,data/imagenette2-320/val/n03445777/n03445777_12772.JPEG,n03445777,574,golf ball,574,golf ball,0.5309606194496155,True
imagenette,data/imagenette2-320/val/n03445777/n03445777_1281.JPEG,n03445777,574,golf ball,574,golf ball,0.4381674826145172,True
imagenette,data/imagenette2-320/val/n03445777/n03445777_12830.JPEG,n03445777,574,golf ball,574,golf ball,0.4872415065765381,True
imagenette,data/imagenette2-320/val/n03445777/n03445777_12862.JPEG,n03445777,574,golf ball,574,golf ball,0.5317651629447937,True
imagenette,data/imagenette2-320/val/n03445777/n03445777_12882.JPEG,n03445777,574,golf ball,574,golf ball,0.9634058475494385,True
imagenette,data/imagenette2-320/val/n03445777/n03445777_1291.JPEG,n03445777,574,golf ball,574,golf ball,0.40537214279174805,True
imagenette,data/imagenette2-320/val/n03445777/n03445777_1292.JPEG,n03445777,574,golf ball,574,golf ball,0.5401374697685242,True
imagenette,data/imagenette2-320/val/n03445777/n03445777_12920.JPEG,n03445777,574,golf ball,574,golf ball,0.7213469743728638,True
imagenette,data/imagenette2-320/val/n03445777/n03445777_13011.JPEG,n03445777,574,golf ball,574,golf ball,0.5581108927726746,True
imagenette,data/imagenette2-320/val/n03445777/n03445777_1311.JPEG,n03445777,574,golf ball,574,golf ball,0.532322347164154,True
imagenette,data/imagenette2-320/val/n03445777/n03445777_13161.JPEG,n03445777,574,golf ball,574,golf ball,0.5051237940788269,True
imagenette,data/imagenette2-320/val/n03445777/n03445777_13311.JPEG,n03445777,574,golf ball,574,golf ball,0.5664169192314148,True
imagenette,data/imagenette2-320/val/n03445777/n03445777_13462.JPEG,n03445777,574,golf ball,574,golf ball,0.5673084855079651,True
imagenette,data/imagenette2-320/val/n03445777/n03445777_13480.JPEG,n03445777,574,golf ball,574,golf ball,0.43106237053871155,True
imagenette,data/imagenette2-320/val/n03445777/n03445777_13490.JPEG,n03445777,574,golf ball,574,golf ball,0.5474926829338074,True
imagenette,data/imagenette2-320/val/n03445777/n03445777_13570.JPEG,n03445777,574,golf ball,574,golf ball,0.6269564032554626,True
imagenette,data/imagenette2-320/val/n03445777/n03445777_13640.JPEG,n03445777,574,golf ball,574,golf ball,0.5613376498222351,True
imagenette,data/imagenette2-320/val/n03445777/n03445777_13671.JPEG,n03445777,574,golf ball,574,golf ball,0.5168761014938354,True
imagenette,data/imagenette2-320/val/n03445777/n03445777_13672.JPEG,n03445777,574,golf ball,574,golf ball,0.2892923355102539,True
imagenette,data/imagenette2-320/val/n03445777/n03445777_13680.JPEG,n03445777,574,golf ball,574,golf ball,0.4419422447681427,True
imagenette,data/imagenette2-320/val/n03445777/n03445777_13831.JPEG,n03445777,574,golf ball,574,golf ball,0.8811777830123901,True
imagenette,data/imagenette2-320/val/n03445777/n03445777_1390.JPEG,n03445777,574,golf ball,574,golf ball,0.40141013264656067,True
imagenette,data/imagenette2-320/val/n03445777/n03445777_13911.JPEG,n03445777,574,golf ball,574,golf ball,0.5798043608665466,True
imagenette,data/imagenette2-320/val/n03445777/n03445777_13960.JPEG,n03445777,574,golf ball,574,golf ball,0.46969106793403625,True
imagenette,data/imagenette2-320/val/n03445777/n03445777_1401.JPEG,n03445777,574,golf ball,574,golf ball,0.7429827451705933,True
imagenette,data/imagenette2-320/val/n03445777/n03445777_14051.JPEG,n03445777,574,golf ball,574,golf ball,0.48938482999801636,True
imagenette,data/imagenette2-320/val/n03445777/n03445777_14112.JPEG,n03445777,574,golf ball,574,golf ball,0.4183289706707001,True
imagenette,data/imagenette2-320/val/n03445777/n03445777_14232.JPEG,n03445777,574,golf ball,574,golf ball,0.4471849799156189,True
imagenette,data/imagenette2-320/val/n03445777/n03445777_14281.JPEG,n03445777,574,golf ball,574,golf ball,0.5590102672576904,True
imagenette,data/imagenette2-320/val/n03445777/n03445777_14301.JPEG,n03445777,574,golf ball,574,golf ball,0.5216830372810364,True
imagenette,data/imagenette2-320/val/n03445777/n03445777_14362.JPEG,n03445777,574,golf ball,574,golf ball,0.446007639169693,True
imagenette,data/imagenette2-320/val/n03445777/n03445777_14381.JPEG,n03445777,574,golf ball,574,golf ball,0.5334879159927368,True
imagenette,data/imagenette2-320/val/n03445777/n03445777_1452.JPEG,n03445777,574,golf ball,574,golf ball,0.5492931604385376,True
imagenette,data/imagenette2-320/val/n03445777/n03445777_14531.JPEG,n03445777,574,golf ball,574,golf ball,0.4914643168449402,True
imagenette,data/imagenette2-320/val/n03445777/n03445777_1460.JPEG,n03445777,574,golf ball,574,golf ball,0.6169376373291016,True
imagenette,data/imagenette2-320/val/n03445777/n03445777_14720.JPEG,n03445777,574,golf ball,574,golf ball,0.6332827806472778,True
imagenette,data/imagenette2-320/val/n03445777/n03445777_14731.JPEG,n03445777,574,golf ball,574,golf ball,0.39529797434806824,True
imagenette,data/imagenette2-320/val/n03445777/n03445777_1482.JPEG,n03445777,574,golf ball,574,golf ball,0.6400042772293091,True
imagenette,data/imagenette2-320/val/n03445777/n03445777_15110.JPEG,n03445777,574,golf ball,574,golf ball,0.28770092129707336,True
imagenette,data/imagenette2-320/val/n03445777/n03445777_15131.JPEG,n03445777,574,golf ball,574,golf ball,0.4937487840652466,True
imagenette,data/imagenette2-320/val/n03445777/n03445777_15152.JPEG,n03445777,574,golf ball,574,golf ball,0.24517518281936646,True
imagenette,data/imagenette2-320/val/n03445777/n03445777_15162.JPEG,n03445777,574,golf ball,574,golf ball,0.5884379744529724,True
imagenette,data/imagenette2-320/val/n03445777/n03445777_1530.JPEG,n03445777,574,golf ball,574,golf ball,0.39358535408973694,True
imagenette,data/imagenette2-320/val/n03445777/n03445777_15510.JPEG,n03445777,574,golf ball,574,golf ball,0.4614453613758087,True
imagenette,data/imagenette2-320/val/n03445777/n03445777_15692.JPEG,n03445777,574,golf ball,574,golf ball,0.6152946949005127,True
imagenette,data/imagenette2-320/val/n03445777/n03445777_15810.JPEG,n03445777,574,golf ball,574,golf ball,0.3051017224788666,True
imagenette,data/imagenette2-320/val/n03445777/n03445777_15820.JPEG,n03445777,574,golf ball,574,golf ball,0.4667337238788605,True
imagenette,data/imagenette2-320/val/n03445777/n03445777_15880.JPEG,n03445777,574,golf ball,574,golf ball,0.7804403901100159,True
imagenette,data/imagenette2-320/val/n03445777/n03445777_15950.JPEG,n03445777,574,golf ball,574,golf ball,0.41418829560279846,True
imagenette,data/imagenette2-320/val/n03445777/n03445777_16051.JPEG,n03445777,574,golf ball,574,golf ball,0.5280786752700806,True
imagenette,data/imagenette2-320/val/n03445777/n03445777_16150.JPEG,n03445777,574,golf ball,895,warplane,0.2042650431394577,False
imagenette,data/imagenette2-320/val/n03445777/n03445777_16192.JPEG,n03445777,574,golf ball,574,golf ball,0.489419162273407,True
imagenette,data/imagenette2-320/val/n03445777/n03445777_16220.JPEG,n03445777,574,golf ball,574,golf ball,0.38638836145401,True
imagenette,data/imagenette2-320/val/n03445777/n03445777_16320.JPEG,n03445777,574,golf ball,574,golf ball,0.5599858164787292,True
imagenette,data/imagenette2-320/val/n03445777/n03445777_16321.JPEG,n03445777,574,golf ball,574,golf ball,0.587759256362915,True
imagenette,data/imagenette2-320/val/n03445777/n03445777_16331.JPEG,n03445777,574,golf ball,574,golf ball,0.551285982131958,True
imagenette,data/imagenette2-320/val/n03445777/n03445777_16332.JPEG,n03445777,574,golf ball,574,golf ball,0.7093237042427063,True
imagenette,data/imagenette2-320/val/n03445777/n03445777_16360.JPEG,n03445777,574,golf ball,574,golf ball,0.45150941610336304,True
imagenette,data/imagenette2-320/val/n03445777/n03445777_16392.JPEG,n03445777,574,golf ball,574,golf ball,0.3956325054168701,True
imagenette,data/imagenette2-320/val/n03445777/n03445777_16491.JPEG,n03445777,574,golf ball,574,golf ball,0.5055698156356812,True
imagenette,data/imagenette2-320/val/n03445777/n03445777_17042.JPEG,n03445777,574,golf ball,574,golf ball,0.5294999480247498,True
imagenette,data/imagenette2-320/val/n03445777/n03445777_172.JPEG,n03445777,574,golf ball,574,golf ball,0.4302712082862854,True
imagenette,data/imagenette2-320/val/n03445777/n03445777_17221.JPEG,n03445777,574,golf ball,574,golf ball,0.3558186888694763,True
imagenette,data/imagenette2-320/val/n03445777/n03445777_17311.JPEG,n03445777,574,golf ball,574,golf ball,0.4296020567417145,True
imagenette,data/imagenette2-320/val/n03445777/n03445777_17492.JPEG,n03445777,574,golf ball,574,golf ball,0.4776623547077179,True
imagenette,data/imagenette2-320/val/n03445777/n03445777_1750.JPEG,n03445777,574,golf ball,574,golf ball,0.5289921164512634,True
imagenette,data/imagenette2-320/val/n03445777/n03445777_17511.JPEG,n03445777,574,golf ball,574,golf ball,0.4872265160083771,True
imagenette,data/imagenette2-320/val/n03445777/n03445777_1781.JPEG,n03445777,574,golf ball,574,golf ball,0.47186174988746643,True
imagenette,data/imagenette2-320/val/n03445777/n03445777_18292.JPEG,n03445777,574,golf ball,574,golf ball,0.5998726487159729,True
imagenette,data/imagenette2-320/val/n03445777/n03445777_18412.JPEG,n03445777,574,golf ball,574,golf ball,0.44656041264533997,True
imagenette,data/imagenette2-320/val/n03445777/n03445777_18491.JPEG,n03445777,574,golf ball,574,golf ball,0.6071760654449463,True
imagenette,data/imagenette2-320/val/n03445777/n03445777_18531.JPEG,n03445777,574,golf ball,574,golf ball,0.4771988093852997,True
imagenette,data/imagenette2-320/val/n03445777/n03445777_18631.JPEG,n03445777,574,golf ball,574,golf ball,0.3299396336078644,True
imagenette,data/imagenette2-320/val/n03445777/n03445777_19001.JPEG,n03445777,574,golf ball,574,golf ball,0.4351006746292114,True
imagenette,data/imagenette2-320/val/n03445777/n03445777_1922.JPEG,n03445777,574,golf ball,574,golf ball,0.7255240082740784,True
imagenette,data/imagenette2-320/val/n03445777/n03445777_1962.JPEG,n03445777,574,golf ball,574,golf ball,0.42714646458625793,True
imagenette,data/imagenette2-320/val/n03445777/n03445777_1971.JPEG,n03445777,574,golf ball,574,golf ball,0.47254759073257446,True
imagenette,data/imagenette2-320/val/n03445777/n03445777_200.JPEG,n03445777,574,golf ball,574,golf ball,0.4121403694152832,True
imagenette,data/imagenette2-320/val/n03445777/n03445777_20061.JPEG,n03445777,574,golf ball,574,golf ball,0.4336799085140228,True
imagenette,data/imagenette2-320/val/n03445777/n03445777_2031.JPEG,n03445777,574,golf ball,574,golf ball,0.3520701229572296,True
imagenette,data/imagenette2-320/val/n03445777/n03445777_20352.JPEG,n03445777,574,golf ball,574,golf ball,0.44367679953575134,True
imagenette,data/imagenette2-320/val/n03445777/n03445777_20400.JPEG,n03445777,574,golf ball,574,golf ball,0.5263970494270325,True
imagenette,data/imagenette2-320/val/n03445777/n03445777_2041.JPEG,n03445777,574,golf ball,574,golf ball,0.42150160670280457,True
imagenette,data/imagenette2-320/val/n03445777/n03445777_20572.JPEG,n03445777,574,golf ball,574,golf ball,0.1694311499595642,True
imagenette,data/imagenette2-320/val/n03445777/n03445777_2070.JPEG,n03445777,574,golf ball,574,golf ball,0.4429660141468048,True
imagenette,data/imagenette2-320/val/n03445777/n03445777_2071.JPEG,n03445777,574,golf ball,574,golf ball,0.4229283630847931,True
imagenette,data/imagenette2-320/val/n03445777/n03445777_210.JPEG,n03445777,574,golf ball,574,golf ball,0.2607792317867279,True
imagenette,data/imagenette2-320/val/n03445777/n03445777_2151.JPEG,n03445777,574,golf ball,574,golf ball,0.5574503540992737,True
imagenette,data/imagenette2-320/val/n03445777/n03445777_2251.JPEG,n03445777,574,golf ball,574,golf ball,0.8164235353469849,True
imagenette,data/imagenette2-320/val/n03445777/n03445777_2262.JPEG,n03445777,574,golf ball,574,golf ball,0.7789804935455322,True
imagenette,data/imagenette2-320/val/n03445777/n03445777_2270.JPEG,n03445777,574,golf ball,574,golf ball,0.11552903056144714,True
imagenette,data/imagenette2-320/val/n03445777/n03445777_230.JPEG,n03445777,574,golf ball,574,golf ball,0.47890231013298035,True
imagenette,data/imagenette2-320/val/n03445777/n03445777_2312.JPEG,n03445777,574,golf ball,574,golf ball,0.5142401456832886,True
imagenette,data/imagenette2-320/val/n03445777/n03445777_2332.JPEG,n03445777,574,golf ball,574,golf ball,0.43253692984580994,True
imagenette,data/imagenette2-320/val/n03445777/n03445777_2360.JPEG,n03445777,574,golf ball,574,golf ball,0.5151135325431824,True
imagenette,data/imagenette2-320/val/n03445777/n03445777_2362.JPEG,n03445777,574,golf ball,574,golf ball,0.4057014286518097,True
imagenette,data/imagenette2-320/val/n03445777/n03445777_2412.JPEG,n03445777,574,golf ball,574,golf ball,0.44367313385009766,True
imagenette,data/imagenette2-320/val/n03445777/n03445777_2432.JPEG,n03445777,574,golf ball,574,golf ball,0.3806793689727783,True
imagenette,data/imagenette2-320/val/n03445777/n03445777_2441.JPEG,n03445777,574,golf ball,574,golf ball,0.5390207767486572,True
imagenette,data/imagenette2-320/val/n03445777/n03445777_2511.JPEG,n03445777,574,golf ball,574,golf ball,0.7681081891059875,True
imagenette,data/imagenette2-320/val/n03445777/n03445777_2530.JPEG,n03445777,574,golf ball,574,golf ball,0.687195897102356,True
imagenette,data/imagenette2-320/val/n03445777/n03445777_261.JPEG,n03445777,574,golf ball,574,golf ball,0.696325957775116,True
imagenette,data/imagenette2-320/val/n03445777/n03445777_2611.JPEG,n03445777,574,golf ball,574,golf ball,0.4223906695842743,True
imagenette,data/imagenette2-320/val/n03445777/n03445777_2770.JPEG,n03445777,574,golf ball,574,golf ball,0.5599121451377869,True
imagenette,data/imagenette2-320/val/n03445777/n03445777_2822.JPEG,n03445777,574,golf ball,574,golf ball,0.5213424563407898,True
imagenette,data/imagenette2-320/val/n03445777/n03445777_2860.JPEG,n03445777,574,golf ball,574,golf ball,0.5102742314338684,True
imagenette,data/imagenette2-320/val/n03445777/n03445777_2881.JPEG,n03445777,574,golf ball,574,golf ball,0.5279251933097839,True
imagenette,data/imagenette2-320/val/n03445777/n03445777_2951.JPEG,n03445777,574,golf ball,574,golf ball,0.46110719442367554,True
imagenette,data/imagenette2-320/val/n03445777/n03445777_3011.JPEG,n03445777,574,golf ball,574,golf ball,0.5278116464614868,True
imagenette,data/imagenette2-320/val/n03445777/n03445777_3030.JPEG,n03445777,574,golf ball,574,golf ball,0.3987902104854584,True
imagenette,data/imagenette2-320/val/n03445777/n03445777_3060.JPEG,n03445777,574,golf ball,574,golf ball,0.8244355916976929,True
imagenette,data/imagenette2-320/val/n03445777/n03445777_3090.JPEG,n03445777,574,golf ball,574,golf ball,0.8402844667434692,True
imagenette,data/imagenette2-320/val/n03445777/n03445777_3122.JPEG,n03445777,574,golf ball,574,golf ball,0.540346622467041,True
imagenette,data/imagenette2-320/val/n03445777/n03445777_3132.JPEG,n03445777,574,golf ball,574,golf ball,0.6425512433052063,True
imagenette,data/imagenette2-320/val/n03445777/n03445777_3142.JPEG,n03445777,574,golf ball,574,golf ball,0.20457929372787476,True
imagenette,data/imagenette2-320/val/n03445777/n03445777_3171.JPEG,n03445777,574,golf ball,574,golf ball,0.47907495498657227,True
imagenette,data/imagenette2-320/val/n03445777/n03445777_3192.JPEG,n03445777,574,golf ball,574,golf ball,0.2697359025478363,True
imagenette,data/imagenette2-320/val/n03445777/n03445777_3222.JPEG,n03445777,574,golf ball,574,golf ball,0.7335711717605591,True
imagenette,data/imagenette2-320/val/n03445777/n03445777_3252.JPEG,n03445777,574,golf ball,574,golf ball,0.6920703649520874,True
imagenette,data/imagenette2-320/val/n03445777/n03445777_3260.JPEG,n03445777,574,golf ball,574,golf ball,0.405154287815094,True
imagenette,data/imagenette2-320/val/n03445777/n03445777_3291.JPEG,n03445777,574,golf ball,574,golf ball,0.4209904074668884,True
imagenette,data/imagenette2-320/val/n03445777/n03445777_3301.JPEG,n03445777,574,golf ball,574,golf ball,0.5489316582679749,True
imagenette,data/imagenette2-320/val/n03445777/n03445777_3311.JPEG,n03445777,574,golf ball,574,golf ball,0.4000188410282135,True
imagenette,data/imagenette2-320/val/n03445777/n03445777_3321.JPEG,n03445777,574,golf ball,574,golf ball,0.41244521737098694,True
imagenette,data/imagenette2-320/val/n03445777/n03445777_3391.JPEG,n03445777,574,golf ball,574,golf ball,0.1930118203163147,True
imagenette,data/imagenette2-320/val/n03445777/n03445777_340.JPEG,n03445777,574,golf ball,574,golf ball,0.7252753376960754,True
imagenette,data/imagenette2-320/val/n03445777/n03445777_3410.JPEG,n03445777,574,golf ball,574,golf ball,0.4303823411464691,True
imagenette,data/imagenette2-320/val/n03445777/n03445777_3421.JPEG,n03445777,574,golf ball,574,golf ball,0.6040783524513245,True
imagenette,data/imagenette2-320/val/n03445777/n03445777_3440.JPEG,n03445777,574,golf ball,574,golf ball,0.329838365316391,True
imagenette,data/imagenette2-320/val/n03445777/n03445777_3462.JPEG,n03445777,574,golf ball,574,golf ball,0.6236234903335571,True
imagenette,data/imagenette2-320/val/n03445777/n03445777_3471.JPEG,n03445777,574,golf ball,574,golf ball,0.40204399824142456,True
imagenette,data/imagenette2-320/val/n03445777/n03445777_3530.JPEG,n03445777,574,golf ball,574,golf ball,0.5802632570266724,True
imagenette,data/imagenette2-320/val/n03445777/n03445777_3540.JPEG,n03445777,574,golf ball,574,golf ball,0.5064748525619507,True
imagenette,data/imagenette2-320/val/n03445777/n03445777_360.JPEG,n03445777,574,golf ball,574,golf ball,0.37664321064949036,True
imagenette,data/imagenette2-320/val/n03445777/n03445777_3612.JPEG,n03445777,574,golf ball,574,golf ball,0.6122494339942932,True
imagenette,data/imagenette2-320/val/n03445777/n03445777_3651.JPEG,n03445777,574,golf ball,574,golf ball,0.32753443717956543,True
imagenette,data/imagenette2-320/val/n03445777/n03445777_3722.JPEG,n03445777,574,golf ball,574,golf ball,0.46111956238746643,True
imagenette,data/imagenette2-320/val/n03445777/n03445777_3761.JPEG,n03445777,574,golf ball,574,golf ball,0.25576940178871155,True
imagenette,data/imagenette2-320/val/n03445777/n03445777_3780.JPEG,n03445777,574,golf ball,574,golf ball,0.5288068652153015,True
imagenette,data/imagenette2-320/val/n03445777/n03445777_3800.JPEG,n03445777,574,golf ball,574,golf ball,0.47224101424217224,True
imagenette,data/imagenette2-320/val/n03445777/n03445777_3890.JPEG,n03445777,574,golf ball,574,golf ball,0.4408990442752838,True
imagenette,data/imagenette2-320/val/n03445777/n03445777_3892.JPEG,n03445777,574,golf ball,574,golf ball,0.35477492213249207,True
imagenette,data/imagenette2-320/val/n03445777/n03445777_3900.JPEG,n03445777,574,golf ball,574,golf ball,0.4693785607814789,True
imagenette,data/imagenette2-320/val/n03445777/n03445777_392.JPEG,n03445777,574,golf ball,574,golf ball,0.4435258209705353,True
imagenette,data/imagenette2-320/val/n03445777/n03445777_3922.JPEG,n03445777,574,golf ball,574,golf ball,0.5604282021522522,True
imagenette,data/imagenette2-320/val/n03445777/n03445777_3970.JPEG,n03445777,574,golf ball,574,golf ball,0.5086982846260071,True
imagenette,data/imagenette2-320/val/n03445777/n03445777_3981.JPEG,n03445777,574,golf ball,574,golf ball,0.47851985692977905,True
imagenette,data/imagenette2-320/val/n03445777/n03445777_3992.JPEG,n03445777,574,golf ball,574,golf ball,0.4353558123111725,True
imagenette,data/imagenette2-320/val/n03445777/n03445777_4042.JPEG,n03445777,574,golf ball,574,golf ball,0.4052896797657013,True
imagenette,data/imagenette2-320/val/n03445777/n03445777_4061.JPEG,n03445777,574,golf ball,574,golf ball,0.696263313293457,True
imagenette,data/imagenette2-320/val/n03445777/n03445777_4062.JPEG,n03445777,574,golf ball,574,golf ball,0.6420667171478271,True
imagenette,data/imagenette2-320/val/n03445777/n03445777_4070.JPEG,n03445777,574,golf ball,574,golf ball,0.5749589204788208,True
imagenette,data/imagenette2-320/val/n03445777/n03445777_4082.JPEG,n03445777,574,golf ball,574,golf ball,0.5704138875007629,True
imagenette,data/imagenette2-320/val/n03445777/n03445777_4101.JPEG,n03445777,574,golf ball,574,golf ball,0.33317211270332336,True
imagenette,data/imagenette2-320/val/n03445777/n03445777_4131.JPEG,n03445777,574,golf ball,574,golf ball,0.4512372612953186,True
imagenette,data/imagenette2-320/val/n03445777/n03445777_4162.JPEG,n03445777,574,golf ball,574,golf ball,0.2683927118778229,True
imagenette,data/imagenette2-320/val/n03445777/n03445777_4172.JPEG,n03445777,574,golf ball,804,soap dispenser,0.06639622896909714,False
imagenette,data/imagenette2-320/val/n03445777/n03445777_4211.JPEG,n03445777,574,golf ball,574,golf ball,0.36676713824272156,True
imagenette,data/imagenette2-320/val/n03445777/n03445777_4220.JPEG,n03445777,574,golf ball,574,golf ball,0.5805224180221558,True
imagenette,data/imagenette2-320/val/n03445777/n03445777_4290.JPEG,n03445777,574,golf ball,574,golf ball,0.5560501217842102,True
imagenette,data/imagenette2-320/val/n03445777/n03445777_4291.JPEG,n03445777,574,golf ball,574,golf ball,0.5054143667221069,True
imagenette,data/imagenette2-320/val/n03445777/n03445777_4352.JPEG,n03445777,574,golf ball,574,golf ball,0.47055408358573914,True
imagenette,data/imagenette2-320/val/n03445777/n03445777_4371.JPEG,n03445777,574,golf ball,574,golf ball,0.6436436176300049,True
imagenette,data/imagenette2-320/val/n03445777/n03445777_4382.JPEG,n03445777,574,golf ball,574,golf ball,0.4319901764392853,True
imagenette,data/imagenette2-320/val/n03445777/n03445777_4390.JPEG,n03445777,574,golf ball,574,golf ball,0.47875887155532837,True
imagenette,data/imagenette2-320/val/n03445777/n03445777_451.JPEG,n03445777,574,golf ball,574,golf ball,0.16828826069831848,True
imagenette,data/imagenette2-320/val/n03445777/n03445777_4512.JPEG,n03445777,574,golf ball,574,golf ball,0.5363443493843079,True
imagenette,data/imagenette2-320/val/n03445777/n03445777_4520.JPEG,n03445777,574,golf ball,471,cannon,0.11312694102525711,False
imagenette,data/imagenette2-320/val/n03445777/n03445777_4561.JPEG,n03445777,574,golf ball,574,golf ball,0.4842694401741028,True
imagenette,data/imagenette2-320/val/n03445777/n03445777_461.JPEG,n03445777,574,golf ball,574,golf ball,0.5180718302726746,True
imagenette,data/imagenette2-320/val/n03445777/n03445777_4622.JPEG,n03445777,574,golf ball,574,golf ball,0.6198586821556091,True
imagenette,data/imagenette2-320/val/n03445777/n03445777_4641.JPEG,n03445777,574,golf ball,574,golf ball,0.7321891784667969,True
imagenette,data/imagenette2-320/val/n03445777/n03445777_4650.JPEG,n03445777,574,golf ball,574,golf ball,0.33761000633239746,True
imagenette,data/imagenette2-320/val/n03445777/n03445777_4671.JPEG,n03445777,574,golf ball,574,golf ball,0.5083928108215332,True
imagenette,data/imagenette2-320/val/n03445777/n03445777_471.JPEG,n03445777,574,golf ball,574,golf ball,0.41872262954711914,True
imagenette,data/imagenette2-320/val/n03445777/n03445777_4711.JPEG,n03445777,574,golf ball,574,golf ball,0.15048614144325256,True
imagenette,data/imagenette2-320/val/n03445777/n03445777_4731.JPEG,n03445777,574,golf ball,574,golf ball,0.5030715465545654,True
imagenette,data/imagenette2-320/val/n03445777/n03445777_482.JPEG,n03445777,574,golf ball,574,golf ball,0.4715992212295532,True
imagenette,data/imagenette2-320/val/n03445777/n03445777_4832.JPEG,n03445777,574,golf ball,574,golf ball,0.3970830738544464,True
imagenette,data/imagenette2-320/val/n03445777/n03445777_4852.JPEG,n03445777,574,golf ball,574,golf ball,0.5416429042816162,True
imagenette,data/imagenette2-320/val/n03445777/n03445777_4872.JPEG,n03445777,574,golf ball,574,golf ball,0.5536895990371704,True
imagenette,data/imagenette2-320/val/n03445777/n03445777_490.JPEG,n03445777,574,golf ball,574,golf ball,0.528336226940155,True
imagenette,data/imagenette2-320/val/n03445777/n03445777_4901.JPEG,n03445777,574,golf ball,574,golf ball,0.5340719819068909,True
imagenette,data/imagenette2-320/val/n03445777/n03445777_4930.JPEG,n03445777,574,golf ball,574,golf ball,0.8858110904693604,True
imagenette,data/imagenette2-320/val/n03445777/n03445777_501.JPEG,n03445777,574,golf ball,574,golf ball,0.5212457776069641,True
imagenette,data/imagenette2-320/val/n03445777/n03445777_5031.JPEG,n03445777,574,golf ball,574,golf ball,0.49996811151504517,True
imagenette,data/imagenette2-320/val/n03445777/n03445777_5092.JPEG,n03445777,574,golf ball,574,golf ball,0.7800766229629517,True
imagenette,data/imagenette2-320/val/n03445777/n03445777_5131.JPEG,n03445777,574,golf ball,574,golf ball,0.5388122797012329,True
imagenette,data/imagenette2-320/val/n03445777/n03445777_520.JPEG,n03445777,574,golf ball,574,golf ball,0.450282484292984,True
imagenette,data/imagenette2-320/val/n03445777/n03445777_5222.JPEG,n03445777,574,golf ball,574,golf ball,0.5256504416465759,True
imagenette,data/imagenette2-320/val/n03445777/n03445777_5240.JPEG,n03445777,574,golf ball,574,golf ball,0.3281598687171936,True
imagenette,data/imagenette2-320/val/n03445777/n03445777_5270.JPEG,n03445777,574,golf ball,574,golf ball,0.5261852741241455,True
imagenette,data/imagenette2-320/val/n03445777/n03445777_5280.JPEG,n03445777,574,golf ball,574,golf ball,0.4098023474216461,True
imagenette,data/imagenette2-320/val/n03445777/n03445777_5300.JPEG,n03445777,574,golf ball,574,golf ball,0.6898141503334045,True
imagenette,data/imagenette2-320/val/n03445777/n03445777_531.JPEG,n03445777,574,golf ball,574,golf ball,0.2725467383861542,True
imagenette,data/imagenette2-320/val/n03445777/n03445777_5310.JPEG,n03445777,574,golf ball,574,golf ball,0.5136007070541382,True
imagenette,data/imagenette2-320/val/n03445777/n03445777_5312.JPEG,n03445777,574,golf ball,574,golf ball,0.3409539461135864,True
imagenette,data/imagenette2-320/val/n03445777/n03445777_532.JPEG,n03445777,574,golf ball,574,golf ball,0.45156192779541016,True
imagenette,data/imagenette2-320/val/n03445777/n03445777_5342.JPEG,n03445777,574,golf ball,574,golf ball,0.4754800796508789,True
imagenette,data/imagenette2-320/val/n03445777/n03445777_5382.JPEG,n03445777,574,golf ball,574,golf ball,0.46147239208221436,True
imagenette,data/imagenette2-320/val/n03445777/n03445777_5462.JPEG,n03445777,574,golf ball,574,golf ball,0.40280741453170776,True
imagenette,data/imagenette2-320/val/n03445777/n03445777_5492.JPEG,n03445777,574,golf ball,574,golf ball,0.2165227234363556,True
imagenette,data/imagenette2-320/val/n03445777/n03445777_551.JPEG,n03445777,574,golf ball,574,golf ball,0.5828794836997986,True
imagenette,data/imagenette2-320/val/n03445777/n03445777_5582.JPEG,n03445777,574,golf ball,574,golf ball,0.4192812144756317,True
imagenette,data/imagenette2-320/val/n03445777/n03445777_5590.JPEG,n03445777,574,golf ball,574,golf ball,0.5549046397209167,True
imagenette,data/imagenette2-320/val/n03445777/n03445777_5592.JPEG,n03445777,574,golf ball,574,golf ball,0.5547736883163452,True
imagenette,data/imagenette2-320/val/n03445777/n03445777_5670.JPEG,n03445777,574,golf ball,574,golf ball,0.6425873637199402,True
imagenette,data/imagenette2-320/val/n03445777/n03445777_5712.JPEG,n03445777,574,golf ball,574,golf ball,0.4491305351257324,True
imagenette,data/imagenette2-320/val/n03445777/n03445777_5720.JPEG,n03445777,574,golf ball,574,golf ball,0.7164696455001831,True
imagenette,data/imagenette2-320/val/n03445777/n03445777_5790.JPEG,n03445777,574,golf ball,574,golf ball,0.49528399109840393,True
imagenette,data/imagenette2-320/val/n03445777/n03445777_5810.JPEG,n03445777,574,golf ball,574,golf ball,0.4582480490207672,True
imagenette,data/imagenette2-320/val/n03445777/n03445777_5812.JPEG,n03445777,574,golf ball,574,golf ball,0.5769892334938049,True
imagenette,data/imagenette2-320/val/n03445777/n03445777_5851.JPEG,n03445777,574,golf ball,574,golf ball,0.6068832278251648,True
imagenette,data/imagenette2-320/val/n03445777/n03445777_5861.JPEG,n03445777,574,golf ball,574,golf ball,0.5601634979248047,True
imagenette,data/imagenette2-320/val/n03445777/n03445777_5862.JPEG,n03445777,574,golf ball,574,golf ball,0.5362607836723328,True
imagenette,data/imagenette2-320/val/n03445777/n03445777_5901.JPEG,n03445777,574,golf ball,574,golf ball,0.5292688012123108,True
imagenette,data/imagenette2-320/val/n03445777/n03445777_5912.JPEG,n03445777,574,golf ball,574,golf ball,0.4860568940639496,True
imagenette,data/imagenette2-320/val/n03445777/n03445777_5932.JPEG,n03445777,574,golf ball,574,golf ball,0.21815966069698334,True
imagenette,data/imagenette2-320/val/n03445777/n03445777_5941.JPEG,n03445777,574,golf ball,574,golf ball,0.48809900879859924,True
imagenette,data/imagenette2-320/val/n03445777/n03445777_5971.JPEG,n03445777,574,golf ball,574,golf ball,0.5149617195129395,True
imagenette,data/imagenette2-320/val/n03445777/n03445777_5991.JPEG,n03445777,574,golf ball,574,golf ball,0.509807288646698,True
imagenette,data/imagenette2-320/val/n03445777/n03445777_5992.JPEG,n03445777,574,golf ball,574,golf ball,0.41313427686691284,True
imagenette,data/imagenette2-320/val/n03445777/n03445777_602.JPEG,n03445777,574,golf ball,574,golf ball,0.6713449358940125,True
imagenette,data/imagenette2-320/val/n03445777/n03445777_6042.JPEG,n03445777,574,golf ball,574,golf ball,0.6194857358932495,True
imagenette,data/imagenette2-320/val/n03445777/n03445777_6052.JPEG,n03445777,574,golf ball,574,golf ball,0.5451253652572632,True
imagenette,data/imagenette2-320/val/n03445777/n03445777_6071.JPEG,n03445777,574,golf ball,574,golf ball,0.5562043190002441,True
imagenette,data/imagenette2-320/val/n03445777/n03445777_6080.JPEG,n03445777,574,golf ball,574,golf ball,0.5945423245429993,True
imagenette,data/imagenette2-320/val/n03445777/n03445777_6081.JPEG,n03445777,574,golf ball,574,golf ball,0.7046363949775696,True
imagenette,data/imagenette2-320/val/n03445777/n03445777_6091.JPEG,n03445777,574,golf ball,574,golf ball,0.4444654881954193,True
imagenette,data/imagenette2-320/val/n03445777/n03445777_6101.JPEG,n03445777,574,golf ball,574,golf ball,0.4210391342639923,True
imagenette,data/imagenette2-320/val/n03445777/n03445777_6162.JPEG,n03445777,574,golf ball,574,golf ball,0.8126052618026733,True
imagenette,data/imagenette2-320/val/n03445777/n03445777_6181.JPEG,n03445777,574,golf ball,574,golf ball,0.6104900240898132,True
imagenette,data/imagenette2-320/val/n03445777/n03445777_6201.JPEG,n03445777,574,golf ball,574,golf ball,0.4329085648059845,True
imagenette,data/imagenette2-320/val/n03445777/n03445777_622.JPEG,n03445777,574,golf ball,574,golf ball,0.6445649266242981,True
imagenette,data/imagenette2-320/val/n03445777/n03445777_6242.JPEG,n03445777,574,golf ball,574,golf ball,0.09869317710399628,True
imagenette,data/imagenette2-320/val/n03445777/n03445777_6350.JPEG,n03445777,574,golf ball,574,golf ball,0.4319359362125397,True
imagenette,data/imagenette2-320/val/n03445777/n03445777_6360.JPEG,n03445777,574,golf ball,574,golf ball,0.4230739176273346,True
imagenette,data/imagenette2-320/val/n03445777/n03445777_6380.JPEG,n03445777,574,golf ball,574,golf ball,0.46254193782806396,True
imagenette,data/imagenette2-320/val/n03445777/n03445777_6421.JPEG,n03445777,574,golf ball,574,golf ball,0.6134005784988403,True
imagenette,data/imagenette2-320/val/n03445777/n03445777_6432.JPEG,n03445777,574,golf ball,429,baseball,0.15029779076576233,False
imagenette,data/imagenette2-320/val/n03445777/n03445777_6441.JPEG,n03445777,574,golf ball,574,golf ball,0.28505972027778625,True
imagenette,data/imagenette2-320/val/n03445777/n03445777_6451.JPEG,n03445777,574,golf ball,574,golf ball,0.4275018572807312,True
imagenette,data/imagenette2-320/val/n03445777/n03445777_6551.JPEG,n03445777,574,golf ball,574,golf ball,0.5602107048034668,True
imagenette,data/imagenette2-320/val/n03445777/n03445777_6590.JPEG,n03445777,574,golf ball,574,golf ball,0.7216477394104004,True
imagenette,data/imagenette2-320/val/n03445777/n03445777_6621.JPEG,n03445777,574,golf ball,574,golf ball,0.5836594700813293,True
imagenette,data/imagenette2-320/val/n03445777/n03445777_6721.JPEG,n03445777,574,golf ball,574,golf ball,0.7499056458473206,True
imagenette,data/imagenette2-320/val/n03445777/n03445777_6752.JPEG,n03445777,574,golf ball,574,golf ball,0.6687504649162292,True
imagenette,data/imagenette2-320/val/n03445777/n03445777_6761.JPEG,n03445777,574,golf ball,574,golf ball,0.34254974126815796,True
imagenette,data/imagenette2-320/val/n03445777/n03445777_6881.JPEG,n03445777,574,golf ball,574,golf ball,0.5131504535675049,True
imagenette,data/imagenette2-320/val/n03445777/n03445777_6882.JPEG,n03445777,574,golf ball,574,golf ball,0.5626100897789001,True
imagenette,data/imagenette2-320/val/n03445777/n03445777_70.JPEG,n03445777,574,golf ball,574,golf ball,0.5050516724586487,True
imagenette,data/imagenette2-320/val/n03445777/n03445777_7001.JPEG,n03445777,574,golf ball,574,golf ball,0.4063339829444885,True
imagenette,data/imagenette2-320/val/n03445777/n03445777_7011.JPEG,n03445777,574,golf ball,574,golf ball,0.7600805759429932,True
imagenette,data/imagenette2-320/val/n03445777/n03445777_7090.JPEG,n03445777,574,golf ball,574,golf ball,0.7932770848274231,True
imagenette,data/imagenette2-320/val/n03445777/n03445777_7091.JPEG,n03445777,574,golf ball,574,golf ball,0.5131480097770691,True
imagenette,data/imagenette2-320/val/n03445777/n03445777_71.JPEG,n03445777,574,golf ball,574,golf ball,0.4133487045764923,True
imagenette,data/imagenette2-320/val/n03445777/n03445777_711.JPEG,n03445777,574,golf ball,574,golf ball,0.47772496938705444,True
imagenette,data/imagenette2-320/val/n03445777/n03445777_7152.JPEG,n03445777,574,golf ball,574,golf ball,0.7210206985473633,True
imagenette,data/imagenette2-320/val/n03445777/n03445777_7181.JPEG,n03445777,574,golf ball,574,golf ball,0.45790430903434753,True
imagenette,data/imagenette2-320/val/n03445777/n03445777_7212.JPEG,n03445777,574,golf ball,574,golf ball,0.16634811460971832,True
imagenette,data/imagenette2-320/val/n03445777/n03445777_7242.JPEG,n03445777,574,golf ball,574,golf ball,0.7550957202911377,True
imagenette,data/imagenette2-320/val/n03445777/n03445777_7251.JPEG,n03445777,574,golf ball,574,golf ball,0.24498654901981354,True
imagenette,data/imagenette2-320/val/n03445777/n03445777_7310.JPEG,n03445777,574,golf ball,574,golf ball,0.4168018102645874,True
imagenette,data/imagenette2-320/val/n03445777/n03445777_7372.JPEG,n03445777,574,golf ball,574,golf ball,0.5519776344299316,True
imagenette,data/imagenette2-320/val/n03445777/n03445777_7382.JPEG,n03445777,574,golf ball,574,golf ball,0.4185340702533722,True
imagenette,data/imagenette2-320/val/n03445777/n03445777_7442.JPEG,n03445777,574,golf ball,574,golf ball,0.5258955359458923,True
imagenette,data/imagenette2-320/val/n03445777/n03445777_7480.JPEG,n03445777,574,golf ball,574,golf ball,0.4872768819332123,True
imagenette,data/imagenette2-320/val/n03445777/n03445777_752.JPEG,n03445777,574,golf ball,574,golf ball,0.40096578001976013,True
imagenette,data/imagenette2-320/val/n03445777/n03445777_7552.JPEG,n03445777,574,golf ball,574,golf ball,0.4268776774406433,True
imagenette,data/imagenette2-320/val/n03445777/n03445777_7580.JPEG,n03445777,574,golf ball,574,golf ball,0.49962446093559265,True
imagenette,data/imagenette2-320/val/n03445777/n03445777_7601.JPEG,n03445777,574,golf ball,574,golf ball,0.5349023938179016,True
imagenette,data/imagenette2-320/val/n03445777/n03445777_7630.JPEG,n03445777,574,golf ball,574,golf ball,0.669079065322876,True
imagenette,data/imagenette2-320/val/n03445777/n03445777_7641.JPEG,n03445777,574,golf ball,574,golf ball,0.30797505378723145,True
imagenette,data/imagenette2-320/val/n03445777/n03445777_7650.JPEG,n03445777,574,golf ball,574,golf ball,0.5000738501548767,True
imagenette,data/imagenette2-320/val/n03445777/n03445777_7652.JPEG,n03445777,574,golf ball,574,golf ball,0.4660717248916626,True
imagenette,data/imagenette2-320/val/n03445777/n03445777_7670.JPEG,n03445777,574,golf ball,574,golf ball,0.6064679026603699,True
imagenette,data/imagenette2-320/val/n03445777/n03445777_7691.JPEG,n03445777,574,golf ball,574,golf ball,0.5334227085113525,True
imagenette,data/imagenette2-320/val/n03445777/n03445777_7711.JPEG,n03445777,574,golf ball,574,golf ball,0.4362761080265045,True
imagenette,data/imagenette2-320/val/n03445777/n03445777_7791.JPEG,n03445777,574,golf ball,574,golf ball,0.4981304109096527,True
imagenette,data/imagenette2-320/val/n03445777/n03445777_790.JPEG,n03445777,574,golf ball,574,golf ball,0.4089103639125824,True
imagenette,data/imagenette2-320/val/n03445777/n03445777_7902.JPEG,n03445777,574,golf ball,574,golf ball,0.5369516015052795,True
imagenette,data/imagenette2-320/val/n03445777/n03445777_7930.JPEG,n03445777,574,golf ball,574,golf ball,0.5060816407203674,True
imagenette,data/imagenette2-320/val/n03445777/n03445777_7931.JPEG,n03445777,574,golf ball,574,golf ball,0.4861644506454468,True
imagenette,data/imagenette2-320/val/n03445777/n03445777_7991.JPEG,n03445777,574,golf ball,574,golf ball,0.5344985723495483,True
imagenette,data/imagenette2-320/val/n03445777/n03445777_8010.JPEG,n03445777,574,golf ball,574,golf ball,0.4264739453792572,True
imagenette,data/imagenette2-320/val/n03445777/n03445777_8060.JPEG,n03445777,574,golf ball,574,golf ball,0.5070005059242249,True
imagenette,data/imagenette2-320/val/n03445777/n03445777_8091.JPEG,n03445777,574,golf ball,574,golf ball,0.5794640183448792,True
imagenette,data/imagenette2-320/val/n03445777/n03445777_8192.JPEG,n03445777,574,golf ball,574,golf ball,0.7314884662628174,True
imagenette,data/imagenette2-320/val/n03445777/n03445777_8242.JPEG,n03445777,574,golf ball,574,golf ball,0.4572296142578125,True
imagenette,data/imagenette2-320/val/n03445777/n03445777_832.JPEG,n03445777,574,golf ball,574,golf ball,0.47423556447029114,True
imagenette,data/imagenette2-320/val/n03445777/n03445777_8332.JPEG,n03445777,574,golf ball,574,golf ball,0.2905968129634857,True
imagenette,data/imagenette2-320/val/n03445777/n03445777_8380.JPEG,n03445777,574,golf ball,574,golf ball,0.6818346977233887,True
imagenette,data/imagenette2-320/val/n03445777/n03445777_850.JPEG,n03445777,574,golf ball,574,golf ball,0.5537945628166199,True
imagenette,data/imagenette2-320/val/n03445777/n03445777_8541.JPEG,n03445777,574,golf ball,574,golf ball,0.34229034185409546,True
imagenette,data/imagenette2-320/val/n03445777/n03445777_8550.JPEG,n03445777,574,golf ball,574,golf ball,0.7065916657447815,True
imagenette,data/imagenette2-320/val/n03445777/n03445777_8552.JPEG,n03445777,574,golf ball,574,golf ball,0.46967411041259766,True
imagenette,data/imagenette2-320/val/n03445777/n03445777_8610.JPEG,n03445777,574,golf ball,574,golf ball,0.7312394380569458,True
imagenette,data/imagenette2-320/val/n03445777/n03445777_8620.JPEG,n03445777,574,golf ball,574,golf ball,0.34737661480903625,True
imagenette,data/imagenette2-320/val/n03445777/n03445777_8641.JPEG,n03445777,574,golf ball,574,golf ball,0.2760002911090851,True
imagenette,data/imagenette2-320/val/n03445777/n03445777_8681.JPEG,n03445777,574,golf ball,574,golf ball,0.3548944592475891,True
imagenette,data/imagenette2-320/val/n03445777/n03445777_8712.JPEG,n03445777,574,golf ball,574,golf ball,0.20538318157196045,True
imagenette,data/imagenette2-320/val/n03445777/n03445777_8732.JPEG,n03445777,574,golf ball,574,golf ball,0.47466614842414856,True
imagenette,data/imagenette2-320/val/n03445777/n03445777_8790.JPEG,n03445777,574,golf ball,574,golf ball,0.7422142028808594,True
imagenette,data/imagenette2-320/val/n03445777/n03445777_882.JPEG,n03445777,574,golf ball,574,golf ball,0.24817928671836853,True
imagenette,data/imagenette2-320/val/n03445777/n03445777_8820.JPEG,n03445777,574,golf ball,574,golf ball,0.4515666961669922,True
imagenette,data/imagenette2-320/val/n03445777/n03445777_8840.JPEG,n03445777,574,golf ball,574,golf ball,0.3719234764575958,True
imagenette,data/imagenette2-320/val/n03445777/n03445777_8842.JPEG,n03445777,574,golf ball,574,golf ball,0.5740423798561096,True
imagenette,data/imagenette2-320/val/n03445777/n03445777_8861.JPEG,n03445777,574,golf ball,574,golf ball,0.43044915795326233,True
imagenette,data/imagenette2-320/val/n03445777/n03445777_8971.JPEG,n03445777,574,golf ball,574,golf ball,0.5571712851524353,True
imagenette,data/imagenette2-320/val/n03445777/n03445777_8980.JPEG,n03445777,574,golf ball,574,golf ball,0.5990795493125916,True
imagenette,data/imagenette2-320/val/n03445777/n03445777_9000.JPEG,n03445777,574,golf ball,574,golf ball,0.43501919507980347,True
imagenette,data/imagenette2-320/val/n03445777/n03445777_9090.JPEG,n03445777,574,golf ball,574,golf ball,0.8862123489379883,True
imagenette,data/imagenette2-320/val/n03445777/n03445777_9102.JPEG,n03445777,574,golf ball,574,golf ball,0.43501704931259155,True
imagenette,data/imagenette2-320/val/n03445777/n03445777_9120.JPEG,n03445777,574,golf ball,574,golf ball,0.40866783261299133,True
imagenette,data/imagenette2-320/val/n03445777/n03445777_9151.JPEG,n03445777,574,golf ball,574,golf ball,0.5731038451194763,True
imagenette,data/imagenette2-320/val/n03445777/n03445777_9171.JPEG,n03445777,574,golf ball,574,golf ball,0.39014673233032227,True
imagenette,data/imagenette2-320/val/n03445777/n03445777_9220.JPEG,n03445777,574,golf ball,574,golf ball,0.5473887324333191,True
imagenette,data/imagenette2-320/val/n03445777/n03445777_9270.JPEG,n03445777,574,golf ball,574,golf ball,0.5123074054718018,True
imagenette,data/imagenette2-320/val/n03445777/n03445777_9292.JPEG,n03445777,574,golf ball,574,golf ball,0.430851548910141,True
imagenette,data/imagenette2-320/val/n03445777/n03445777_9300.JPEG,n03445777,574,golf ball,574,golf ball,0.3566513955593109,True
imagenette,data/imagenette2-320/val/n03445777/n03445777_9330.JPEG,n03445777,574,golf ball,574,golf ball,0.4734524190425873,True
imagenette,data/imagenette2-320/val/n03445777/n03445777_9340.JPEG,n03445777,574,golf ball,574,golf ball,0.34351083636283875,True
imagenette,data/imagenette2-320/val/n03445777/n03445777_9380.JPEG,n03445777,574,golf ball,574,golf ball,0.47411468625068665,True
imagenette,data/imagenette2-320/val/n03445777/n03445777_9381.JPEG,n03445777,574,golf ball,574,golf ball,0.29260286688804626,True
imagenette,data/imagenette2-320/val/n03445777/n03445777_9411.JPEG,n03445777,574,golf ball,574,golf ball,0.6579722762107849,True
imagenette,data/imagenette2-320/val/n03445777/n03445777_9442.JPEG,n03445777,574,golf ball,574,golf ball,0.2817390263080597,True
imagenette,data/imagenette2-320/val/n03445777/n03445777_9552.JPEG,n03445777,574,golf ball,574,golf ball,0.42436185479164124,True
imagenette,data/imagenette2-320/val/n03445777/n03445777_9572.JPEG,n03445777,574,golf ball,574,golf ball,0.5160661339759827,True
imagenette,data/imagenette2-320/val/n03445777/n03445777_9740.JPEG,n03445777,574,golf ball,574,golf ball,0.5096247792243958,True
imagenette,data/imagenette2-320/val/n03445777/n03445777_9762.JPEG,n03445777,574,golf ball,574,golf ball,0.8678827881813049,True
imagenette,data/imagenette2-320/val/n03445777/n03445777_9771.JPEG,n03445777,574,golf ball,574,golf ball,0.3883860409259796,True
imagenette,data/imagenette2-320/val/n03445777/n03445777_980.JPEG,n03445777,574,golf ball,574,golf ball,0.5520883202552795,True
imagenette,data/imagenette2-320/val/n03445777/n03445777_9850.JPEG,n03445777,574,golf ball,574,golf ball,0.48918139934539795,True
imagenette,data/imagenette2-320/val/n03445777/n03445777_9880.JPEG,n03445777,574,golf ball,574,golf ball,0.628023087978363,True
imagenette,data/imagenette2-320/val/n03445777/n03445777_9892.JPEG,n03445777,574,golf ball,574,golf ball,0.34735754132270813,True
imagenette,data/imagenette2-320/val/n03445777/n03445777_9900.JPEG,n03445777,574,golf ball,574,golf ball,0.3863696753978729,True
imagenette,data/imagenette2-320/val/n03445777/n03445777_992.JPEG,n03445777,574,golf ball,574,golf ball,0.496135950088501,True
imagenette,data/imagenette2-320/val/n03445777/n03445777_9921.JPEG,n03445777,574,golf ball,574,golf ball,0.44465094804763794,True
imagenette,data/imagenette2-320/val/n03445777/n03445777_9971.JPEG,n03445777,574,golf ball,574,golf ball,0.49920499324798584,True
imagenette,data/imagenette2-320/val/n03888257/ILSVRC2012_val_00001440.JPEG,n03888257,701,parachute,701,parachute,0.5979529619216919,True
imagenette,data/imagenette2-320/val/n03888257/ILSVRC2012_val_00002990.JPEG,n03888257,701,parachute,975,lakeside,0.08774176239967346,False
imagenette,data/imagenette2-320/val/n03888257/ILSVRC2012_val_00006561.JPEG,n03888257,701,parachute,701,parachute,0.388893723487854,True
imagenette,data/imagenette2-320/val/n03888257/ILSVRC2012_val_00009370.JPEG,n03888257,701,parachute,701,parachute,0.5647033452987671,True
imagenette,data/imagenette2-320/val/n03888257/ILSVRC2012_val_00010460.JPEG,n03888257,701,parachute,701,parachute,0.5276802778244019,True
imagenette,data/imagenette2-320/val/n03888257/ILSVRC2012_val_00014381.JPEG,n03888257,701,parachute,701,parachute,0.4301930069923401,True
imagenette,data/imagenette2-320/val/n03888257/ILSVRC2012_val_00017020.JPEG,n03888257,701,parachute,701,parachute,0.40211230516433716,True
imagenette,data/imagenette2-320/val/n03888257/ILSVRC2012_val_00024340.JPEG,n03888257,701,parachute,701,parachute,0.5564748644828796,True
imagenette,data/imagenette2-320/val/n03888257/ILSVRC2012_val_00025121.JPEG,n03888257,701,parachute,701,parachute,0.883184015750885,True
imagenette,data/imagenette2-320/val/n03888257/ILSVRC2012_val_00032482.JPEG,n03888257,701,parachute,701,parachute,0.45310068130493164,True
imagenette,data/imagenette2-320/val/n03888257/ILSVRC2012_val_00037770.JPEG,n03888257,701,parachute,701,parachute,0.5978215336799622,True
imagenette,data/imagenette2-320/val/n03888257/ILSVRC2012_val_00038942.JPEG,n03888257,701,parachute,701,parachute,0.2908177077770233,True
imagenette,data/imagenette2-320/val/n03888257/ILSVRC2012_val_00042262.JPEG,n03888257,701,parachute,701,parachute,0.37439224123954773,True
imagenette,data/imagenette2-320/val/n03888257/ILSVRC2012_val_00044850.JPEG,n03888257,701,parachute,701,parachute,0.6580141186714172,True
imagenette,data/imagenette2-320/val/n03888257/n03888257_10050.JPEG,n03888257,701,parachute,701,parachute,0.39632701873779297,True
imagenette,data/imagenette2-320/val/n03888257/n03888257_10092.JPEG,n03888257,701,parachute,701,parachute,0.4677373766899109,True
imagenette,data/imagenette2-320/val/n03888257/n03888257_10210.JPEG,n03888257,701,parachute,701,parachute,0.42816871404647827,True
imagenette,data/imagenette2-320/val/n03888257/n03888257_10271.JPEG,n03888257,701,parachute,701,parachute,0.48615801334381104,True
imagenette,data/imagenette2-320/val/n03888257/n03888257_10341.JPEG,n03888257,701,parachute,701,parachute,0.43457916378974915,True
imagenette,data/imagenette2-320/val/n03888257/n03888257_10380.JPEG,n03888257,701,parachute,701,parachute,0.580718994140625,True
imagenette,data/imagenette2-320/val/n03888257/n03888257_10402.JPEG,n03888257,701,parachute,701,parachute,0.7220025062561035,True
imagenette,data/imagenette2-320/val/n03888257/n03888257_10661.JPEG,n03888257,701,parachute,701,parachute,0.7445816993713379,True
imagenette,data/imagenette2-320/val/n03888257/n03888257_10680.JPEG,n03888257,701,parachute,701,parachute,0.4495450556278229,True
imagenette,data/imagenette2-320/val/n03888257/n03888257_10721.JPEG,n03888257,701,parachute,701,parachute,0.5165237188339233,True
imagenette,data/imagenette2-320/val/n03888257/n03888257_10892.JPEG,n03888257,701,parachute,701,parachute,0.5201728940010071,True
imagenette,data/imagenette2-320/val/n03888257/n03888257_10980.JPEG,n03888257,701,parachute,701,parachute,0.9096450805664062,True
imagenette,data/imagenette2-320/val/n03888257/n03888257_1100.JPEG,n03888257,701,parachute,701,parachute,0.5014133453369141,True
imagenette,data/imagenette2-320/val/n03888257/n03888257_11042.JPEG,n03888257,701,parachute,701,parachute,0.4165000021457672,True
imagenette,data/imagenette2-320/val/n03888257/n03888257_11081.JPEG,n03888257,701,parachute,701,parachute,0.6089423298835754,True
imagenette,data/imagenette2-320/val/n03888257/n03888257_11210.JPEG,n03888257,701,parachute,701,parachute,0.6482386589050293,True
imagenette,data/imagenette2-320/val/n03888257/n03888257_11222.JPEG,n03888257,701,parachute,701,parachute,0.37848198413848877,True
imagenette,data/imagenette2-320/val/n03888257/n03888257_11282.JPEG,n03888257,701,parachute,701,parachute,0.9253416657447815,True
imagenette,data/imagenette2-320/val/n03888257/n03888257_11450.JPEG,n03888257,701,parachute,701,parachute,0.4656006097793579,True
imagenette,data/imagenette2-320/val/n03888257/n03888257_11452.JPEG,n03888257,701,parachute,701,parachute,0.5444225072860718,True
imagenette,data/imagenette2-320/val/n03888257/n03888257_11491.JPEG,n03888257,701,parachute,701,parachute,0.4990367293357849,True
imagenette,data/imagenette2-320/val/n03888257/n03888257_11561.JPEG,n03888257,701,parachute,701,parachute,0.6741883158683777,True
imagenette,data/imagenette2-320/val/n03888257/n03888257_11580.JPEG,n03888257,701,parachute,701,parachute,0.4944573938846588,True
imagenette,data/imagenette2-320/val/n03888257/n03888257_1171.JPEG,n03888257,701,parachute,701,parachute,0.6091004014015198,True
imagenette,data/imagenette2-320/val/n03888257/n03888257_11730.JPEG,n03888257,701,parachute,701,parachute,0.45040783286094666,True
imagenette,data/imagenette2-320/val/n03888257/n03888257_11802.JPEG,n03888257,701,parachute,701,parachute,0.44367390871047974,True
imagenette,data/imagenette2-320/val/n03888257/n03888257_11901.JPEG,n03888257,701,parachute,701,parachute,0.9364674687385559,True
imagenette,data/imagenette2-320/val/n03888257/n03888257_11912.JPEG,n03888257,701,parachute,179,Staffordshire bullterrier,0.0813194289803505,False
imagenette,data/imagenette2-320/val/n03888257/n03888257_11931.JPEG,n03888257,701,parachute,701,parachute,0.8048747777938843,True
imagenette,data/imagenette2-320/val/n03888257/n03888257_12.JPEG,n03888257,701,parachute,701,parachute,0.45615553855895996,True
imagenette,data/imagenette2-320/val/n03888257/n03888257_12070.JPEG,n03888257,701,parachute,701,parachute,0.23797348141670227,True
imagenette,data/imagenette2-320/val/n03888257/n03888257_121.JPEG,n03888257,701,parachute,701,parachute,0.46764326095581055,True
imagenette,data/imagenette2-320/val/n03888257/n03888257_12212.JPEG,n03888257,701,parachute,819,stage,0.05019872263073921,False
imagenette,data/imagenette2-320/val/n03888257/n03888257_1222.JPEG,n03888257,701,parachute,701,parachute,0.6054259538650513,True
imagenette,data/imagenette2-320/val/n03888257/n03888257_12301.JPEG,n03888257,701,parachute,701,parachute,0.28334861993789673,True
imagenette,data/imagenette2-320/val/n03888257/n03888257_12331.JPEG,n03888257,701,parachute,701,parachute,0.33315300941467285,True
imagenette,data/imagenette2-320/val/n03888257/n03888257_12400.JPEG,n03888257,701,parachute,701,parachute,0.34616121649742126,True
imagenette,data/imagenette2-320/val/n03888257/n03888257_12401.JPEG,n03888257,701,parachute,701,parachute,0.4000788927078247,True
imagenette,data/imagenette2-320/val/n03888257/n03888257_12491.JPEG,n03888257,701,parachute,701,parachute,0.8963489532470703,True
imagenette,data/imagenette2-320/val/n03888257/n03888257_12501.JPEG,n03888257,701,parachute,171,Italian greyhound,0.04788169264793396,False
imagenette,data/imagenette2-320/val/n03888257/n03888257_1251.JPEG,n03888257,701,parachute,701,parachute,0.4500907063484192,True
imagenette,data/imagenette2-320/val/n03888257/n03888257_12560.JPEG,n03888257,701,parachute,701,parachute,0.6808685064315796,True
imagenette,data/imagenette2-320/val/n03888257/n03888257_12641.JPEG,n03888257,701,parachute,895,warplane,0.21968071162700653,False
imagenette,data/imagenette2-320/val/n03888257/n03888257_12752.JPEG,n03888257,701,parachute,701,parachute,0.3594174087047577,True
imagenette,data/imagenette2-320/val/n03888257/n03888257_12801.JPEG,n03888257,701,parachute,701,parachute,0.2963488698005676,True
imagenette,data/imagenette2-320/val/n03888257/n03888257_12811.JPEG,n03888257,701,parachute,701,parachute,0.07433310896158218,True
imagenette,data/imagenette2-320/val/n03888257/n03888257_12831.JPEG,n03888257,701,parachute,701,parachute,0.4359120726585388,True
imagenette,data/imagenette2-320/val/n03888257/n03888257_12842.JPEG,n03888257,701,parachute,701,parachute,0.4363057315349579,True
imagenette,data/imagenette2-320/val/n03888257/n03888257_12900.JPEG,n03888257,701,parachute,701,parachute,0.3856211304664612,True
imagenette,data/imagenette2-320/val/n03888257/n03888257_1291.JPEG,n03888257,701,parachute,701,parachute,0.40489107370376587,True
imagenette,data/imagenette2-320/val/n03888257/n03888257_13072.JPEG,n03888257,701,parachute,701,parachute,0.7070044875144958,True
imagenette,data/imagenette2-320/val/n03888257/n03888257_13100.JPEG,n03888257,701,parachute,701,parachute,0.5451691150665283,True
imagenette,data/imagenette2-320/val/n03888257/n03888257_13242.JPEG,n03888257,701,parachute,701,parachute,0.4606187343597412,True
imagenette,data/imagenette2-320/val/n03888257/n03888257_13290.JPEG,n03888257,701,parachute,701,parachute,0.8563351631164551,True
imagenette,data/imagenette2-320/val/n03888257/n03888257_13321.JPEG,n03888257,701,parachute,701,parachute,0.9097614288330078,True
imagenette,data/imagenette2-320/val/n03888257/n03888257_13410.JPEG,n03888257,701,parachute,701,parachute,0.4675986170768738,True
imagenette,data/imagenette2-320/val/n03888257/n03888257_13600.JPEG,n03888257,701,parachute,701,parachute,0.362456351518631,True
imagenette,data/imagenette2-320/val/n03888257/n03888257_13681.JPEG,n03888257,701,parachute,701,parachute,0.8265153169631958,True
imagenette,data/imagenette2-320/val/n03888257/n03888257_13790.JPEG,n03888257,701,parachute,701,parachute,0.35716891288757324,True
imagenette,data/imagenette2-320/val/n03888257/n03888257_14090.JPEG,n03888257,701,parachute,701,parachute,0.599065899848938,True
imagenette,data/imagenette2-320/val/n03888257/n03888257_142.JPEG,n03888257,701,parachute,701,parachute,0.34503063559532166,True
imagenette,data/imagenette2-320/val/n03888257/n03888257_1421.JPEG,n03888257,701,parachute,701,parachute,0.3930012285709381,True
imagenette,data/imagenette2-320/val/n03888257/n03888257_1430.JPEG,n03888257,701,parachute,701,parachute,0.45886000990867615,True
imagenette,data/imagenette2-320/val/n03888257/n03888257_14472.JPEG,n03888257,701,parachute,701,parachute,0.5371090769767761,True
imagenette,data/imagenette2-320/val/n03888257/n03888257_14530.JPEG,n03888257,701,parachute,701,parachute,0.35281479358673096,True
imagenette,data/imagenette2-320/val/n03888257/n03888257_14901.JPEG,n03888257,701,parachute,701,parachute,0.6214136481285095,True
imagenette,data/imagenette2-320/val/n03888257/n03888257_15312.JPEG,n03888257,701,parachute,701,parachute,0.43143051862716675,True
imagenette,data/imagenette2-320/val/n03888257/n03888257_15382.JPEG,n03888257,701,parachute,701,parachute,0.4467378854751587,True
imagenette,data/imagenette2-320/val/n03888257/n03888257_15491.JPEG,n03888257,701,parachute,701,parachute,0.5153201818466187,True
imagenette,data/imagenette2-320/val/n03888257/n03888257_15840.JPEG,n03888257,701,parachute,701,parachute,0.4522627294063568,True
imagenette,data/imagenette2-320/val/n03888257/n03888257_16081.JPEG,n03888257,701,parachute,701,parachute,0.3348395526409149,True
imagenette,data/imagenette2-320/val/n03888257/n03888257_16112.JPEG,n03888257,701,parachute,701,parachute,0.36541685461997986,True
imagenette,data/imagenette2-320/val/n03888257/n03888257_16211.JPEG,n03888257,701,parachute,970,alp,0.15964463353157043,False
imagenette,data/imagenette2-320/val/n03888257/n03888257_16542.JPEG,n03888257,701,parachute,701,parachute,0.5522002577781677,True
imagenette,data/imagenette2-320/val/n03888257/n03888257_16741.JPEG,n03888257,701,parachute,701,parachute,0.5500588417053223,True
imagenette,data/imagenette2-320/val/n03888257/n03888257_16912.JPEG,n03888257,701,parachute,701,parachute,0.8167545199394226,True
imagenette,data/imagenette2-320/val/n03888257/n03888257_16991.JPEG,n03888257,701,parachute,701,parachute,0.3528846502304077,True
imagenette,data/imagenette2-320/val/n03888257/n03888257_17031.JPEG,n03888257,701,parachute,978,seashore,0.26117756962776184,False
imagenette,data/imagenette2-320/val/n03888257/n03888257_171.JPEG,n03888257,701,parachute,701,parachute,0.6177626848220825,True
imagenette,data/imagenette2-320/val/n03888257/n03888257_17340.JPEG,n03888257,701,parachute,701,parachute,0.7070126533508301,True
imagenette,data/imagenette2-320/val/n03888257/n03888257_17380.JPEG,n03888257,701,parachute,701,parachute,0.47969725728034973,True
imagenette,data/imagenette2-320/val/n03888257/n03888257_17421.JPEG,n03888257,701,parachute,701,parachute,0.5095381140708923,True
imagenette,data/imagenette2-320/val/n03888257/n03888257_17542.JPEG,n03888257,701,parachute,701,parachute,0.5597865581512451,True
imagenette,data/imagenette2-320/val/n03888257/n03888257_17641.JPEG,n03888257,701,parachute,701,parachute,0.29681283235549927,True
imagenette,data/imagenette2-320/val/n03888257/n03888257_17690.JPEG,n03888257,701,parachute,701,parachute,0.7124117612838745,True
imagenette,data/imagenette2-320/val/n03888257/n03888257_17801.JPEG,n03888257,701,parachute,701,parachute,0.46823427081108093,True
imagenette,data/imagenette2-320/val/n03888257/n03888257_17851.JPEG,n03888257,701,parachute,701,parachute,0.3816143870353699,True
imagenette,data/imagenette2-320/val/n03888257/n03888257_17872.JPEG,n03888257,701,parachute,701,parachute,0.771561861038208,True
imagenette,data/imagenette2-320/val/n03888257/n03888257_17970.JPEG,n03888257,701,parachute,701,parachute,0.5268261432647705,True
imagenette,data/imagenette2-320/val/n03888257/n03888257_18002.JPEG,n03888257,701,parachute,701,parachute,0.6039772629737854,True
imagenette,data/imagenette2-320/val/n03888257/n03888257_18031.JPEG,n03888257,701,parachute,977,sandbar,0.556308388710022,False
imagenette,data/imagenette2-320/val/n03888257/n03888257_18052.JPEG,n03888257,701,parachute,701,parachute,0.7111679315567017,True
imagenette,data/imagenette2-320/val/n03888257/n03888257_18181.JPEG,n03888257,701,parachute,701,parachute,0.4568624198436737,True
imagenette,data/imagenette2-320/val/n03888257/n03888257_18360.JPEG,n03888257,701,parachute,701,parachute,0.7134870290756226,True
imagenette,data/imagenette2-320/val/n03888257/n03888257_18382.JPEG,n03888257,701,parachute,701,parachute,0.2994629144668579,True
imagenette,data/imagenette2-320/val/n03888257/n03888257_18441.JPEG,n03888257,701,parachute,701,parachute,0.29789188504219055,True
imagenette,data/imagenette2-320/val/n03888257/n03888257_18560.JPEG,n03888257,701,parachute,701,parachute,0.6742627620697021,True
imagenette,data/imagenette2-320/val/n03888257/n03888257_18742.JPEG,n03888257,701,parachute,701,parachute,0.45941177010536194,True
imagenette,data/imagenette2-320/val/n03888257/n03888257_18921.JPEG,n03888257,701,parachute,701,parachute,0.22604355216026306,True
imagenette,data/imagenette2-320/val/n03888257/n03888257_19162.JPEG,n03888257,701,parachute,701,parachute,0.8335586190223694,True
imagenette,data/imagenette2-320/val/n03888257/n03888257_19211.JPEG,n03888257,701,parachute,701,parachute,0.22939731180667877,True
imagenette,data/imagenette2-320/val/n03888257/n03888257_19260.JPEG,n03888257,701,parachute,701,parachute,0.4159480035305023,True
imagenette,data/imagenette2-320/val/n03888257/n03888257_19451.JPEG,n03888257,701,parachute,701,parachute,0.39605656266212463,True
imagenette,data/imagenette2-320/val/n03888257/n03888257_19462.JPEG,n03888257,701,parachute,701,parachute,0.4363464117050171,True
imagenette,data/imagenette2-320/val/n03888257/n03888257_19471.JPEG,n03888257,701,parachute,701,parachute,0.38129445910453796,True
imagenette,data/imagenette2-320/val/n03888257/n03888257_19531.JPEG,n03888257,701,parachute,701,parachute,0.9107743501663208,True
imagenette,data/imagenette2-320/val/n03888257/n03888257_19570.JPEG,n03888257,701,parachute,701,parachute,0.5259536504745483,True
imagenette,data/imagenette2-320/val/n03888257/n03888257_19580.JPEG,n03888257,701,parachute,701,parachute,0.7526950836181641,True
imagenette,data/imagenette2-320/val/n03888257/n03888257_19702.JPEG,n03888257,701,parachute,701,parachute,0.4981117844581604,True
imagenette,data/imagenette2-320/val/n03888257/n03888257_19792.JPEG,n03888257,701,parachute,701,parachute,0.437969833612442,True
imagenette,data/imagenette2-320/val/n03888257/n03888257_19830.JPEG,n03888257,701,parachute,701,parachute,0.463102787733078,True
imagenette,data/imagenette2-320/val/n03888257/n03888257_19921.JPEG,n03888257,701,parachute,701,parachute,0.4796426296234131,True
imagenette,data/imagenette2-320/val/n03888257/n03888257_19960.JPEG,n03888257,701,parachute,701,parachute,0.37700966000556946,True
imagenette,data/imagenette2-320/val/n03888257/n03888257_20012.JPEG,n03888257,701,parachute,701,parachute,0.647497832775116,True
imagenette,data/imagenette2-320/val/n03888257/n03888257_20151.JPEG,n03888257,701,parachute,701,parachute,0.6712002158164978,True
imagenette,data/imagenette2-320/val/n03888257/n03888257_20300.JPEG,n03888257,701,parachute,701,parachute,0.414215624332428,True
imagenette,data/imagenette2-320/val/n03888257/n03888257_20352.JPEG,n03888257,701,parachute,701,parachute,0.6128759384155273,True
imagenette,data/imagenette2-320/val/n03888257/n03888257_20450.JPEG,n03888257,701,parachute,701,parachute,0.3612772822380066,True
imagenette,data/imagenette2-320/val/n03888257/n03888257_20572.JPEG,n03888257,701,parachute,701,parachute,0.30930963158607483,True
imagenette,data/imagenette2-320/val/n03888257/n03888257_21150.JPEG,n03888257,701,parachute,701,parachute,0.4171541929244995,True
imagenette,data/imagenette2-320/val/n03888257/n03888257_21201.JPEG,n03888257,701,parachute,701,parachute,0.18569079041481018,True
imagenette,data/imagenette2-320/val/n03888257/n03888257_2122.JPEG,n03888257,701,parachute,701,parachute,0.3341769278049469,True
imagenette,data/imagenette2-320/val/n03888257/n03888257_21432.JPEG,n03888257,701,parachute,701,parachute,0.4541688561439514,True
imagenette,data/imagenette2-320/val/n03888257/n03888257_21552.JPEG,n03888257,701,parachute,701,parachute,0.6747336387634277,True
imagenette,data/imagenette2-320/val/n03888257/n03888257_21651.JPEG,n03888257,701,parachute,701,parachute,0.27556607127189636,True
imagenette,data/imagenette2-320/val/n03888257/n03888257_21912.JPEG,n03888257,701,parachute,701,parachute,0.4463089108467102,True
imagenette,data/imagenette2-320/val/n03888257/n03888257_21932.JPEG,n03888257,701,parachute,701,parachute,0.658987283706665,True
imagenette,data/imagenette2-320/val/n03888257/n03888257_22061.JPEG,n03888257,701,parachute,701,parachute,0.7551603317260742,True
imagenette,data/imagenette2-320/val/n03888257/n03888257_22211.JPEG,n03888257,701,parachute,701,parachute,0.6435697078704834,True
imagenette,data/imagenette2-320/val/n03888257/n03888257_22212.JPEG,n03888257,701,parachute,701,parachute,0.5382663607597351,True
imagenette,data/imagenette2-320/val/n03888257/n03888257_2222.JPEG,n03888257,701,parachute,701,parachute,0.5265766978263855,True
imagenette,data/imagenette2-320/val/n03888257/n03888257_22302.JPEG,n03888257,701,parachute,701,parachute,0.5691425800323486,True
imagenette,data/imagenette2-320/val/n03888257/n03888257_22330.JPEG,n03888257,701,parachute,701,parachute,0.5997512340545654,True
imagenette,data/imagenette2-320/val/n03888257/n03888257_22540.JPEG,n03888257,701,parachute,701,parachute,0.40390482544898987,True
imagenette,data/imagenette2-320/val/n03888257/n03888257_22972.JPEG,n03888257,701,parachute,701,parachute,0.601758599281311,True
imagenette,data/imagenette2-320/val/n03888257/n03888257_23192.JPEG,n03888257,701,parachute,701,parachute,0.4730790853500366,True
imagenette,data/imagenette2-320/val/n03888257/n03888257_23350.JPEG,n03888257,701,parachute,701,parachute,0.5614427328109741,True
imagenette,data/imagenette2-320/val/n03888257/n03888257_23372.JPEG,n03888257,701,parachute,701,parachute,0.5465314388275146,True
imagenette,data/imagenette2-320/val/n03888257/n03888257_23421.JPEG,n03888257,701,parachute,701,parachute,0.3659366965293884,True
imagenette,data/imagenette2-320/val/n03888257/n03888257_23571.JPEG,n03888257,701,parachute,701,parachute,0.6618090271949768,True
imagenette,data/imagenette2-320/val/n03888257/n03888257_23680.JPEG,n03888257,701,parachute,701,parachute,0.33013179898262024,True
imagenette,data/imagenette2-320/val/n03888257/n03888257_23801.JPEG,n03888257,701,parachute,701,parachute,0.5134207010269165,True
imagenette,data/imagenette2-320/val/n03888257/n03888257_24470.JPEG,n03888257,701,parachute,701,parachute,0.4012841284275055,True
imagenette,data/imagenette2-320/val/n03888257/n03888257_25150.JPEG,n03888257,701,parachute,701,parachute,0.6206881403923035,True
imagenette,data/imagenette2-320/val/n03888257/n03888257_2520.JPEG,n03888257,701,parachute,701,parachute,0.5158214569091797,True
imagenette,data/imagenette2-320/val/n03888257/n03888257_25420.JPEG,n03888257,701,parachute,701,parachute,0.4588831663131714,True
imagenette,data/imagenette2-320/val/n03888257/n03888257_25460.JPEG,n03888257,701,parachute,701,parachute,0.5408505797386169,True
imagenette,data/imagenette2-320/val/n03888257/n03888257_25611.JPEG,n03888257,701,parachute,701,parachute,0.4286312162876129,True
imagenette,data/imagenette2-320/val/n03888257/n03888257_25810.JPEG,n03888257,701,parachute,701,parachute,0.5745074152946472,True
imagenette,data/imagenette2-320/val/n03888257/n03888257_26182.JPEG,n03888257,701,parachute,701,parachute,0.5629337430000305,True
imagenette,data/imagenette2-320/val/n03888257/n03888257_26651.JPEG,n03888257,701,parachute,701,parachute,0.5153549313545227,True
imagenette,data/imagenette2-320/val/n03888257/n03888257_26672.JPEG,n03888257,701,parachute,701,parachute,0.20640526711940765,True
imagenette,data/imagenette2-320/val/n03888257/n03888257_26931.JPEG,n03888257,701,parachute,701,parachute,0.5931344628334045,True
imagenette,data/imagenette2-320/val/n03888257/n03888257_27102.JPEG,n03888257,701,parachute,701,parachute,0.44631892442703247,True
imagenette,data/imagenette2-320/val/n03888257/n03888257_2740.JPEG,n03888257,701,parachute,701,parachute,0.314626008272171,True
imagenette,data/imagenette2-320/val/n03888257/n03888257_2760.JPEG,n03888257,701,parachute,701,parachute,0.3728838562965393,True
imagenette,data/imagenette2-320/val/n03888257/n03888257_27671.JPEG,n03888257,701,parachute,701,parachute,0.11720284819602966,True
imagenette,data/imagenette2-320/val/n03888257/n03888257_2791.JPEG,n03888257,701,parachute,701,parachute,0.4950290024280548,True
imagenette,data/imagenette2-320/val/n03888257/n03888257_28011.JPEG,n03888257,701,parachute,701,parachute,0.5086817145347595,True
imagenette,data/imagenette2-320/val/n03888257/n03888257_28352.JPEG,n03888257,701,parachute,701,parachute,0.7917965650558472,True
imagenette,data/imagenette2-320/val/n03888257/n03888257_28482.JPEG,n03888257,701,parachute,701,parachute,0.3881608843803406,True
imagenette,data/imagenette2-320/val/n03888257/n03888257_28581.JPEG,n03888257,701,parachute,701,parachute,0.5724571347236633,True
imagenette,data/imagenette2-320/val/n03888257/n03888257_28610.JPEG,n03888257,701,parachute,701,parachute,0.1256532371044159,True
imagenette,data/imagenette2-320/val/n03888257/n03888257_29050.JPEG,n03888257,701,parachute,701,parachute,0.7715456485748291,True
imagenette,data/imagenette2-320/val/n03888257/n03888257_29090.JPEG,n03888257,701,parachute,701,parachute,0.6155328154563904,True
imagenette,data/imagenette2-320/val/n03888257/n03888257_29170.JPEG,n03888257,701,parachute,701,parachute,0.4825161397457123,True
imagenette,data/imagenette2-320/val/n03888257/n03888257_29191.JPEG,n03888257,701,parachute,701,parachute,0.4109094440937042,True
imagenette,data/imagenette2-320/val/n03888257/n03888257_29201.JPEG,n03888257,701,parachute,701,parachute,0.5611117482185364,True
imagenette,data/imagenette2-320/val/n03888257/n03888257_29390.JPEG,n03888257,701,parachute,701,parachute,0.4561607241630554,True
imagenette,data/imagenette2-320/val/n03888257/n03888257_29500.JPEG,n03888257,701,parachute,701,parachute,0.20665234327316284,True
imagenette,data/imagenette2-320/val/n03888257/n03888257_29512.JPEG,n03888257,701,parachute,701,parachute,0.5936254262924194,True
imagenette,data/imagenette2-320/val/n03888257/n03888257_29712.JPEG,n03888257,701,parachute,701,parachute,0.5636074542999268,True
imagenette,data/imagenette2-320/val/n03888257/n03888257_29762.JPEG,n03888257,701,parachute,701,parachute,0.38604384660720825,True
imagenette,data/imagenette2-320/val/n03888257/n03888257_29910.JPEG,n03888257,701,parachute,701,parachute,0.4420826733112335,True
imagenette,data/imagenette2-320/val/n03888257/n03888257_30032.JPEG,n03888257,701,parachute,701,parachute,0.4464101791381836,True
imagenette,data/imagenette2-320/val/n03888257/n03888257_30042.JPEG,n03888257,701,parachute,701,parachute,0.5239076018333435,True
imagenette,data/imagenette2-320/val/n03888257/n03888257_30270.JPEG,n03888257,701,parachute,701,parachute,0.5707248449325562,True
imagenette,data/imagenette2-320/val/n03888257/n03888257_30332.JPEG,n03888257,701,parachute,701,parachute,0.3955601751804352,True
imagenette,data/imagenette2-320/val/n03888257/n03888257_30382.JPEG,n03888257,701,parachute,701,parachute,0.39566588401794434,True
imagenette,data/imagenette2-320/val/n03888257/n03888257_30402.JPEG,n03888257,701,parachute,701,parachute,0.10531117767095566,True
imagenette,data/imagenette2-320/val/n03888257/n03888257_30412.JPEG,n03888257,701,parachute,701,parachute,0.4991627037525177,True
imagenette,data/imagenette2-320/val/n03888257/n03888257_30521.JPEG,n03888257,701,parachute,701,parachute,0.668923020362854,True
imagenette,data/imagenette2-320/val/n03888257/n03888257_30680.JPEG,n03888257,701,parachute,701,parachute,0.710865318775177,True
imagenette,data/imagenette2-320/val/n03888257/n03888257_30682.JPEG,n03888257,701,parachute,701,parachute,0.9101788401603699,True
imagenette,data/imagenette2-320/val/n03888257/n03888257_30691.JPEG,n03888257,701,parachute,701,parachute,0.3808058500289917,True
imagenette,data/imagenette2-320/val/n03888257/n03888257_30712.JPEG,n03888257,701,parachute,701,parachute,0.498892605304718,True
imagenette,data/imagenette2-320/val/n03888257/n03888257_3072.JPEG,n03888257,701,parachute,701,parachute,0.5566307306289673,True
imagenette,data/imagenette2-320/val/n03888257/n03888257_30911.JPEG,n03888257,701,parachute,701,parachute,0.48532530665397644,True
imagenette,data/imagenette2-320/val/n03888257/n03888257_31010.JPEG,n03888257,701,parachute,701,parachute,0.4662424921989441,True
imagenette,data/imagenette2-320/val/n03888257/n03888257_31180.JPEG,n03888257,701,parachute,701,parachute,0.3885098695755005,True
imagenette,data/imagenette2-320/val/n03888257/n03888257_31301.JPEG,n03888257,701,parachute,701,parachute,0.22817464172840118,True
imagenette,data/imagenette2-320/val/n03888257/n03888257_31370.JPEG,n03888257,701,parachute,701,parachute,0.448984295129776,True
imagenette,data/imagenette2-320/val/n03888257/n03888257_3142.JPEG,n03888257,701,parachute,701,parachute,0.4205211400985718,True
imagenette,data/imagenette2-320/val/n03888257/n03888257_31742.JPEG,n03888257,701,parachute,701,parachute,0.5386071801185608,True
imagenette,data/imagenette2-320/val/n03888257/n03888257_31790.JPEG,n03888257,701,parachute,701,parachute,0.494940847158432,True
imagenette,data/imagenette2-320/val/n03888257/n03888257_31921.JPEG,n03888257,701,parachute,701,parachute,0.6267678141593933,True
imagenette,data/imagenette2-320/val/n03888257/n03888257_32001.JPEG,n03888257,701,parachute,701,parachute,0.4158933162689209,True
imagenette,data/imagenette2-320/val/n03888257/n03888257_32032.JPEG,n03888257,701,parachute,701,parachute,0.35949811339378357,True
imagenette,data/imagenette2-320/val/n03888257/n03888257_32042.JPEG,n03888257,701,parachute,701,parachute,0.4623613953590393,True
imagenette,data/imagenette2-320/val/n03888257/n03888257_32141.JPEG,n03888257,701,parachute,701,parachute,0.7067711353302002,True
imagenette,data/imagenette2-320/val/n03888257/n03888257_32350.JPEG,n03888257,701,parachute,701,parachute,0.469445139169693,True
imagenette,data/imagenette2-320/val/n03888257/n03888257_32391.JPEG,n03888257,701,parachute,701,parachute,0.4535432457923889,True
imagenette,data/imagenette2-320/val/n03888257/n03888257_32520.JPEG,n03888257,701,parachute,701,parachute,0.3308328092098236,True
imagenette,data/imagenette2-320/val/n03888257/n03888257_32670.JPEG,n03888257,701,parachute,701,parachute,0.517410159111023,True
imagenette,data/imagenette2-320/val/n03888257/n03888257_32682.JPEG,n03888257,701,parachute,701,parachute,0.4791190028190613,True
imagenette,data/imagenette2-320/val/n03888257/n03888257_32911.JPEG,n03888257,701,parachute,701,parachute,0.3905694782733917,True
imagenette,data/imagenette2-320/val/n03888257/n03888257_32970.JPEG,n03888257,701,parachute,701,parachute,0.6362061500549316,True
imagenette,data/imagenette2-320/val/n03888257/n03888257_33021.JPEG,n03888257,701,parachute,701,parachute,0.2605518400669098,True
imagenette,data/imagenette2-320/val/n03888257/n03888257_33070.JPEG,n03888257,701,parachute,842,swimming trunks,0.05263175442814827,False
imagenette,data/imagenette2-320/val/n03888257/n03888257_33170.JPEG,n03888257,701,parachute,915,yurt,0.15239876508712769,False
imagenette,data/imagenette2-320/val/n03888257/n03888257_33182.JPEG,n03888257,701,parachute,701,parachute,0.5358370542526245,True
imagenette,data/imagenette2-320/val/n03888257/n03888257_33250.JPEG,n03888257,701,parachute,701,parachute,0.7828016877174377,True
imagenette,data/imagenette2-320/val/n03888257/n03888257_33471.JPEG,n03888257,701,parachute,701,parachute,0.6555970311164856,True
imagenette,data/imagenette2-320/val/n03888257/n03888257_33481.JPEG,n03888257,701,parachute,701,parachute,0.25772109627723694,True
imagenette,data/imagenette2-320/val/n03888257/n03888257_33801.JPEG,n03888257,701,parachute,701,parachute,0.8786548376083374,True
imagenette,data/imagenette2-320/val/n03888257/n03888257_33931.JPEG,n03888257,701,parachute,701,parachute,0.4989478588104248,True
imagenette,data/imagenette2-320/val/n03888257/n03888257_34031.JPEG,n03888257,701,parachute,701,parachute,0.6398100852966309,True
imagenette,data/imagenette2-320/val/n03888257/n03888257_34081.JPEG,n03888257,701,parachute,701,parachute,0.20843808352947235,True
imagenette,data/imagenette2-320/val/n03888257/n03888257_34162.JPEG,n03888257,701,parachute,701,parachute,0.8356888890266418,True
imagenette,data/imagenette2-320/val/n03888257/n03888257_34280.JPEG,n03888257,701,parachute,701,parachute,0.48913609981536865,True
imagenette,data/imagenette2-320/val/n03888257/n03888257_34320.JPEG,n03888257,701,parachute,701,parachute,0.5100787878036499,True
imagenette,data/imagenette2-320/val/n03888257/n03888257_34452.JPEG,n03888257,701,parachute,701,parachute,0.4027039706707001,True
imagenette,data/imagenette2-320/val/n03888257/n03888257_34632.JPEG,n03888257,701,parachute,701,parachute,0.5172488689422607,True
imagenette,data/imagenette2-320/val/n03888257/n03888257_3492.JPEG,n03888257,701,parachute,701,parachute,0.42118313908576965,True
imagenette,data/imagenette2-320/val/n03888257/n03888257_35020.JPEG,n03888257,701,parachute,701,parachute,0.4472934603691101,True
imagenette,data/imagenette2-320/val/n03888257/n03888257_35241.JPEG,n03888257,701,parachute,701,parachute,0.5729746222496033,True
imagenette,data/imagenette2-320/val/n03888257/n03888257_35621.JPEG,n03888257,701,parachute,701,parachute,0.5259923338890076,True
imagenette,data/imagenette2-320/val/n03888257/n03888257_35800.JPEG,n03888257,701,parachute,701,parachute,0.483419805765152,True
imagenette,data/imagenette2-320/val/n03888257/n03888257_35890.JPEG,n03888257,701,parachute,701,parachute,0.4914701282978058,True
imagenette,data/imagenette2-320/val/n03888257/n03888257_35962.JPEG,n03888257,701,parachute,701,parachute,0.5234166383743286,True
imagenette,data/imagenette2-320/val/n03888257/n03888257_3632.JPEG,n03888257,701,parachute,701,parachute,0.49937522411346436,True
imagenette,data/imagenette2-320/val/n03888257/n03888257_36371.JPEG,n03888257,701,parachute,701,parachute,0.5631604790687561,True
imagenette,data/imagenette2-320/val/n03888257/n03888257_36390.JPEG,n03888257,701,parachute,701,parachute,0.3357526957988739,True
imagenette,data/imagenette2-320/val/n03888257/n03888257_3642.JPEG,n03888257,701,parachute,701,parachute,0.5357348322868347,True
imagenette,data/imagenette2-320/val/n03888257/n03888257_3651.JPEG,n03888257,701,parachute,701,parachute,0.1789821982383728,True
imagenette,data/imagenette2-320/val/n03888257/n03888257_36541.JPEG,n03888257,701,parachute,701,parachute,0.4273673892021179,True
imagenette,data/imagenette2-320/val/n03888257/n03888257_36631.JPEG,n03888257,701,parachute,701,parachute,0.4924258291721344,True
imagenette,data/imagenette2-320/val/n03888257/n03888257_36831.JPEG,n03888257,701,parachute,701,parachute,0.36133772134780884,True
imagenette,data/imagenette2-320/val/n03888257/n03888257_36971.JPEG,n03888257,701,parachute,701,parachute,0.7230342626571655,True
imagenette,data/imagenette2-320/val/n03888257/n03888257_3720.JPEG,n03888257,701,parachute,701,parachute,0.6441448926925659,True
imagenette,data/imagenette2-320/val/n03888257/n03888257_37270.JPEG,n03888257,701,parachute,978,seashore,0.2561762034893036,False
imagenette,data/imagenette2-320/val/n03888257/n03888257_37362.JPEG,n03888257,701,parachute,701,parachute,0.2459922730922699,True
imagenette,data/imagenette2-320/val/n03888257/n03888257_37561.JPEG,n03888257,701,parachute,701,parachute,0.48143720626831055,True
imagenette,data/imagenette2-320/val/n03888257/n03888257_37950.JPEG,n03888257,701,parachute,701,parachute,0.478092223405838,True
imagenette,data/imagenette2-320/val/n03888257/n03888257_38102.JPEG,n03888257,701,parachute,701,parachute,0.6726056933403015,True
imagenette,data/imagenette2-320/val/n03888257/n03888257_38200.JPEG,n03888257,701,parachute,701,parachute,0.5877909660339355,True
imagenette,data/imagenette2-320/val/n03888257/n03888257_38391.JPEG,n03888257,701,parachute,701,parachute,0.3857409358024597,True
imagenette,data/imagenette2-320/val/n03888257/n03888257_38501.JPEG,n03888257,701,parachute,701,parachute,0.799083411693573,True
imagenette,data/imagenette2-320/val/n03888257/n03888257_38560.JPEG,n03888257,701,parachute,701,parachute,0.5983788371086121,True
imagenette,data/imagenette2-320/val/n03888257/n03888257_39021.JPEG,n03888257,701,parachute,701,parachute,0.444439560174942,True
imagenette,data/imagenette2-320/val/n03888257/n03888257_39031.JPEG,n03888257,701,parachute,701,parachute,0.4965188801288605,True
imagenette,data/imagenette2-320/val/n03888257/n03888257_3932.JPEG,n03888257,701,parachute,701,parachute,0.6170871257781982,True
imagenette,data/imagenette2-320/val/n03888257/n03888257_39402.JPEG,n03888257,701,parachute,701,parachute,0.46474453806877136,True
imagenette,data/imagenette2-320/val/n03888257/n03888257_39511.JPEG,n03888257,701,parachute,701,parachute,0.6373684406280518,True
imagenette,data/imagenette2-320/val/n03888257/n03888257_39552.JPEG,n03888257,701,parachute,701,parachute,0.5528966188430786,True
imagenette,data/imagenette2-320/val/n03888257/n03888257_400.JPEG,n03888257,701,parachute,701,parachute,0.4085753560066223,True
imagenette,data/imagenette2-320/val/n03888257/n03888257_4042.JPEG,n03888257,701,parachute,701,parachute,0.863976240158081,True
imagenette,data/imagenette2-320/val/n03888257/n03888257_4052.JPEG,n03888257,701,parachute,701,parachute,0.8055279850959778,True
imagenette,data/imagenette2-320/val/n03888257/n03888257_40951.JPEG,n03888257,701,parachute,701,parachute,0.4031713604927063,True
imagenette,data/imagenette2-320/val/n03888257/n03888257_41091.JPEG,n03888257,701,parachute,701,parachute,0.6144114136695862,True
imagenette,data/imagenette2-320/val/n03888257/n03888257_41260.JPEG,n03888257,701,parachute,701,parachute,0.46784427762031555,True
imagenette,data/imagenette2-320/val/n03888257/n03888257_41391.JPEG,n03888257,701,parachute,701,parachute,0.48910650610923767,True
imagenette,data/imagenette2-320/val/n03888257/n03888257_42.JPEG,n03888257,701,parachute,701,parachute,0.4931759834289551,True
imagenette,data/imagenette2-320/val/n03888257/n03888257_42680.JPEG,n03888257,701,parachute,701,parachute,0.7644625902175903,True
imagenette,data/imagenette2-320/val/n03888257/n03888257_4311.JPEG,n03888257,701,parachute,701,parachute,0.7108252644538879,True
imagenette,data/imagenette2-320/val/n03888257/n03888257_43260.JPEG,n03888257,701,parachute,701,parachute,0.5046898722648621,True
imagenette,data/imagenette2-320/val/n03888257/n03888257_43782.JPEG,n03888257,701,parachute,701,parachute,0.5649658441543579,True
imagenette,data/imagenette2-320/val/n03888257/n03888257_43982.JPEG,n03888257,701,parachute,701,parachute,0.8595649600028992,True
imagenette,data/imagenette2-320/val/n03888257/n03888257_44112.JPEG,n03888257,701,parachute,701,parachute,0.35357746481895447,True
imagenette,data/imagenette2-320/val/n03888257/n03888257_44391.JPEG,n03888257,701,parachute,701,parachute,0.4955824911594391,True
imagenette,data/imagenette2-320/val/n03888257/n03888257_4512.JPEG,n03888257,701,parachute,701,parachute,0.5909884572029114,True
imagenette,data/imagenette2-320/val/n03888257/n03888257_4561.JPEG,n03888257,701,parachute,701,parachute,0.49720504879951477,True
imagenette,data/imagenette2-320/val/n03888257/n03888257_4580.JPEG,n03888257,701,parachute,701,parachute,0.6894682049751282,True
imagenette,data/imagenette2-320/val/n03888257/n03888257_46572.JPEG,n03888257,701,parachute,701,parachute,0.4483160376548767,True
imagenette,data/imagenette2-320/val/n03888257/n03888257_46621.JPEG,n03888257,701,parachute,701,parachute,0.7279625535011292,True
imagenette,data/imagenette2-320/val/n03888257/n03888257_4682.JPEG,n03888257,701,parachute,701,parachute,0.6001265645027161,True
imagenette,data/imagenette2-320/val/n03888257/n03888257_46870.JPEG,n03888257,701,parachute,701,parachute,0.4911738634109497,True
imagenette,data/imagenette2-320/val/n03888257/n03888257_4732.JPEG,n03888257,701,parachute,701,parachute,0.5528417825698853,True
imagenette,data/imagenette2-320/val/n03888257/n03888257_482.JPEG,n03888257,701,parachute,701,parachute,0.5211978554725647,True
imagenette,data/imagenette2-320/val/n03888257/n03888257_4842.JPEG,n03888257,701,parachute,701,parachute,0.6014031171798706,True
imagenette,data/imagenette2-320/val/n03888257/n03888257_48910.JPEG,n03888257,701,parachute,701,parachute,0.35450637340545654,True
imagenette,data/imagenette2-320/val/n03888257/n03888257_49081.JPEG,n03888257,701,parachute,701,parachute,0.5960626006126404,True
imagenette,data/imagenette2-320/val/n03888257/n03888257_49381.JPEG,n03888257,701,parachute,701,parachute,0.4998096823692322,True
imagenette,data/imagenette2-320/val/n03888257/n03888257_4952.JPEG,n03888257,701,parachute,701,parachute,0.44356071949005127,True
imagenette,data/imagenette2-320/val/n03888257/n03888257_50102.JPEG,n03888257,701,parachute,701,parachute,0.5340033769607544,True
imagenette,data/imagenette2-320/val/n03888257/n03888257_50392.JPEG,n03888257,701,parachute,701,parachute,0.4582914113998413,True
imagenette,data/imagenette2-320/val/n03888257/n03888257_50622.JPEG,n03888257,701,parachute,701,parachute,0.6239724159240723,True
imagenette,data/imagenette2-320/val/n03888257/n03888257_50880.JPEG,n03888257,701,parachute,701,parachute,0.4687168598175049,True
imagenette,data/imagenette2-320/val/n03888257/n03888257_510.JPEG,n03888257,701,parachute,701,parachute,0.11663634330034256,True
imagenette,data/imagenette2-320/val/n03888257/n03888257_5140.JPEG,n03888257,701,parachute,701,parachute,0.421575129032135,True
imagenette,data/imagenette2-320/val/n03888257/n03888257_51522.JPEG,n03888257,701,parachute,701,parachute,0.45141661167144775,True
imagenette,data/imagenette2-320/val/n03888257/n03888257_51872.JPEG,n03888257,701,parachute,701,parachute,0.30181869864463806,True
imagenette,data/imagenette2-320/val/n03888257/n03888257_5281.JPEG,n03888257,701,parachute,701,parachute,0.38600456714630127,True
imagenette,data/imagenette2-320/val/n03888257/n03888257_5442.JPEG,n03888257,701,parachute,701,parachute,0.4289552569389343,True
imagenette,data/imagenette2-320/val/n03888257/n03888257_5501.JPEG,n03888257,701,parachute,701,parachute,0.6473914980888367,True
imagenette,data/imagenette2-320/val/n03888257/n03888257_55090.JPEG,n03888257,701,parachute,701,parachute,0.5998513698577881,True
imagenette,data/imagenette2-320/val/n03888257/n03888257_5551.JPEG,n03888257,701,parachute,701,parachute,0.7260196805000305,True
imagenette,data/imagenette2-320/val/n03888257/n03888257_5621.JPEG,n03888257,701,parachute,701,parachute,0.5600780248641968,True
imagenette,data/imagenette2-320/val/n03888257/n03888257_5662.JPEG,n03888257,701,parachute,917,comic book,0.3881732225418091,False
imagenette,data/imagenette2-320/val/n03888257/n03888257_5692.JPEG,n03888257,701,parachute,701,parachute,0.4386422336101532,True
imagenette,data/imagenette2-320/val/n03888257/n03888257_57010.JPEG,n03888257,701,parachute,701,parachute,0.4513891637325287,True
imagenette,data/imagenette2-320/val/n03888257/n03888257_5722.JPEG,n03888257,701,parachute,701,parachute,0.6765090227127075,True
imagenette,data/imagenette2-320/val/n03888257/n03888257_57570.JPEG,n03888257,701,parachute,701,parachute,0.37812766432762146,True
imagenette,data/imagenette2-320/val/n03888257/n03888257_5812.JPEG,n03888257,701,parachute,701,parachute,0.4104456305503845,True
imagenette,data/imagenette2-320/val/n03888257/n03888257_5820.JPEG,n03888257,701,parachute,701,parachute,0.5961630344390869,True
imagenette,data/imagenette2-320/val/n03888257/n03888257_58270.JPEG,n03888257,701,parachute,701,parachute,0.31152108311653137,True
imagenette,data/imagenette2-320/val/n03888257/n03888257_58392.JPEG,n03888257,701,parachute,701,parachute,0.27070629596710205,True
imagenette,data/imagenette2-320/val/n03888257/n03888257_59412.JPEG,n03888257,701,parachute,701,parachute,0.4945284426212311,True
imagenette,data/imagenette2-320/val/n03888257/n03888257_59442.JPEG,n03888257,701,parachute,701,parachute,0.32594946026802063,True
imagenette,data/imagenette2-320/val/n03888257/n03888257_61350.JPEG,n03888257,701,parachute,701,parachute,0.38455384969711304,True
imagenette,data/imagenette2-320/val/n03888257/n03888257_61581.JPEG,n03888257,701,parachute,701,parachute,0.6749833226203918,True
imagenette,data/imagenette2-320/val/n03888257/n03888257_621.JPEG,n03888257,701,parachute,701,parachute,0.5375046133995056,True
imagenette,data/imagenette2-320/val/n03888257/n03888257_6230.JPEG,n03888257,701,parachute,701,parachute,0.5937287211418152,True
imagenette,data/imagenette2-320/val/n03888257/n03888257_6250.JPEG,n03888257,701,parachute,701,parachute,0.4578891098499298,True
imagenette,data/imagenette2-320/val/n03888257/n03888257_6331.JPEG,n03888257,701,parachute,701,parachute,0.3258489668369293,True
imagenette,data/imagenette2-320/val/n03888257/n03888257_6402.JPEG,n03888257,701,parachute,701,parachute,0.46546471118927,True
imagenette,data/imagenette2-320/val/n03888257/n03888257_64711.JPEG,n03888257,701,parachute,701,parachute,0.8056495785713196,True
imagenette,data/imagenette2-320/val/n03888257/n03888257_6491.JPEG,n03888257,701,parachute,701,parachute,0.3865833878517151,True
imagenette,data/imagenette2-320/val/n03888257/n03888257_6541.JPEG,n03888257,701,parachute,701,parachute,0.3397563099861145,True
imagenette,data/imagenette2-320/val/n03888257/n03888257_65922.JPEG,n03888257,701,parachute,701,parachute,0.4868846535682678,True
imagenette,data/imagenette2-320/val/n03888257/n03888257_66102.JPEG,n03888257,701,parachute,701,parachute,0.8947079181671143,True
imagenette,data/imagenette2-320/val/n03888257/n03888257_66361.JPEG,n03888257,701,parachute,701,parachute,0.591992974281311,True
imagenette,data/imagenette2-320/val/n03888257/n03888257_66552.JPEG,n03888257,701,parachute,701,parachute,0.43234917521476746,True
imagenette,data/imagenette2-320/val/n03888257/n03888257_6662.JPEG,n03888257,701,parachute,701,parachute,0.5922921299934387,True
imagenette,data/imagenette2-320/val/n03888257/n03888257_66961.JPEG,n03888257,701,parachute,701,parachute,0.5209735035896301,True
imagenette,data/imagenette2-320/val/n03888257/n03888257_67221.JPEG,n03888257,701,parachute,701,parachute,0.43993327021598816,True
imagenette,data/imagenette2-320/val/n03888257/n03888257_67480.JPEG,n03888257,701,parachute,701,parachute,0.5261539220809937,True
imagenette,data/imagenette2-320/val/n03888257/n03888257_68660.JPEG,n03888257,701,parachute,701,parachute,0.533025860786438,True
imagenette,data/imagenette2-320/val/n03888257/n03888257_6912.JPEG,n03888257,701,parachute,701,parachute,0.5123935341835022,True
imagenette,data/imagenette2-320/val/n03888257/n03888257_69371.JPEG,n03888257,701,parachute,701,parachute,0.2971743941307068,True
imagenette,data/imagenette2-320/val/n03888257/n03888257_7011.JPEG,n03888257,701,parachute,701,parachute,0.26076987385749817,True
imagenette,data/imagenette2-320/val/n03888257/n03888257_7061.JPEG,n03888257,701,parachute,701,parachute,0.5700355768203735,True
imagenette,data/imagenette2-320/val/n03888257/n03888257_70632.JPEG,n03888257,701,parachute,701,parachute,0.6197337508201599,True
imagenette,data/imagenette2-320/val/n03888257/n03888257_7130.JPEG,n03888257,701,parachute,701,parachute,0.4953061044216156,True
imagenette,data/imagenette2-320/val/n03888257/n03888257_7210.JPEG,n03888257,701,parachute,701,parachute,0.44650670886039734,True
imagenette,data/imagenette2-320/val/n03888257/n03888257_7231.JPEG,n03888257,701,parachute,701,parachute,0.25202611088752747,True
imagenette,data/imagenette2-320/val/n03888257/n03888257_72591.JPEG,n03888257,701,parachute,701,parachute,0.4109584391117096,True
imagenette,data/imagenette2-320/val/n03888257/n03888257_72911.JPEG,n03888257,701,parachute,701,parachute,0.44488492608070374,True
imagenette,data/imagenette2-320/val/n03888257/n03888257_72982.JPEG,n03888257,701,parachute,701,parachute,0.534251868724823,True
imagenette,data/imagenette2-320/val/n03888257/n03888257_7311.JPEG,n03888257,701,parachute,701,parachute,0.9434868693351746,True
imagenette,data/imagenette2-320/val/n03888257/n03888257_7331.JPEG,n03888257,701,parachute,701,parachute,0.43671688437461853,True
imagenette,data/imagenette2-320/val/n03888257/n03888257_73320.JPEG,n03888257,701,parachute,701,parachute,0.4614105522632599,True
imagenette,data/imagenette2-320/val/n03888257/n03888257_760.JPEG,n03888257,701,parachute,701,parachute,0.17150801420211792,True
imagenette,data/imagenette2-320/val/n03888257/n03888257_7610.JPEG,n03888257,701,parachute,701,parachute,0.23723720014095306,True
imagenette,data/imagenette2-320/val/n03888257/n03888257_76121.JPEG,n03888257,701,parachute,701,parachute,0.5066316723823547,True
imagenette,data/imagenette2-320/val/n03888257/n03888257_76331.JPEG,n03888257,701,parachute,701,parachute,0.5998172163963318,True
imagenette,data/imagenette2-320/val/n03888257/n03888257_76721.JPEG,n03888257,701,parachute,701,parachute,0.37843620777130127,True
imagenette,data/imagenette2-320/val/n03888257/n03888257_7831.JPEG,n03888257,701,parachute,701,parachute,0.420233815908432,True
imagenette,data/imagenette2-320/val/n03888257/n03888257_7921.JPEG,n03888257,701,parachute,701,parachute,0.6198005676269531,True
imagenette,data/imagenette2-320/val/n03888257/n03888257_7960.JPEG,n03888257,701,parachute,701,parachute,0.46276548504829407,True
imagenette,data/imagenette2-320/val/n03888257/n03888257_7982.JPEG,n03888257,701,parachute,701,parachute,0.7846624851226807,True
imagenette,data/imagenette2-320/val/n03888257/n03888257_80.JPEG,n03888257,701,parachute,701,parachute,0.3586522340774536,True
imagenette,data/imagenette2-320/val/n03888257/n03888257_8001.JPEG,n03888257,701,parachute,701,parachute,0.5948471426963806,True
imagenette,data/imagenette2-320/val/n03888257/n03888257_8080.JPEG,n03888257,701,parachute,701,parachute,0.3663765788078308,True
imagenette,data/imagenette2-320/val/n03888257/n03888257_8100.JPEG,n03888257,701,parachute,701,parachute,0.6150414943695068,True
imagenette,data/imagenette2-320/val/n03888257/n03888257_8112.JPEG,n03888257,701,parachute,701,parachute,0.49157387018203735,True
imagenette,data/imagenette2-320/val/n03888257/n03888257_8160.JPEG,n03888257,701,parachute,414,backpack,0.16573207080364227,False
imagenette,data/imagenette2-320/val/n03888257/n03888257_8381.JPEG,n03888257,701,parachute,701,parachute,0.5531412959098816,True
imagenette,data/imagenette2-320/val/n03888257/n03888257_8391.JPEG,n03888257,701,parachute,701,parachute,0.6640838384628296,True
imagenette,data/imagenette2-320/val/n03888257/n03888257_850.JPEG,n03888257,701,parachute,701,parachute,0.5449323058128357,True
imagenette,data/imagenette2-320/val/n03888257/n03888257_8502.JPEG,n03888257,701,parachute,701,parachute,0.4056352972984314,True
imagenette,data/imagenette2-320/val/n03888257/n03888257_880.JPEG,n03888257,701,parachute,701,parachute,0.8481897711753845,True
imagenette,data/imagenette2-320/val/n03888257/n03888257_8882.JPEG,n03888257,701,parachute,701,parachute,0.5583294630050659,True
imagenette,data/imagenette2-320/val/n03888257/n03888257_8982.JPEG,n03888257,701,parachute,701,parachute,0.49005451798439026,True
imagenette,data/imagenette2-320/val/n03888257/n03888257_9082.JPEG,n03888257,701,parachute,701,parachute,0.504743218421936,True
imagenette,data/imagenette2-320/val/n03888257/n03888257_912.JPEG,n03888257,701,parachute,701,parachute,0.6298051476478577,True
imagenette,data/imagenette2-320/val/n03888257/n03888257_9301.JPEG,n03888257,701,parachute,701,parachute,0.4484485983848572,True
imagenette,data/imagenette2-320/val/n03888257/n03888257_9371.JPEG,n03888257,701,parachute,701,parachute,0.242528036236763,True
imagenette,data/imagenette2-320/val/n03888257/n03888257_9552.JPEG,n03888257,701,parachute,701,parachute,0.6701022982597351,True
imagenette,data/imagenette2-320/val/n03888257/n03888257_9640.JPEG,n03888257,701,parachute,701,parachute,0.39030376076698303,True
imagenette,data/imagenette2-320/val/n03888257/n03888257_9650.JPEG,n03888257,701,parachute,701,parachute,0.45827507972717285,True
imagenette,data/imagenette2-320/val/n03888257/n03888257_9671.JPEG,n03888257,701,parachute,701,parachute,0.6295235753059387,True
imagenette,data/imagenette2-320/val/n03888257/n03888257_9770.JPEG,n03888257,701,parachute,895,warplane,0.213617742061615,False
imagenette,data/imagenette2-320/val/n03888257/n03888257_9771.JPEG,n03888257,701,parachute,701,parachute,0.5200111865997314,True
imagenette,data/imagenette2-320/val/n03888257/n03888257_9812.JPEG,n03888257,701,parachute,701,parachute,0.4284975230693817,True
imagenette,data/imagenette2-320/val/n03888257/n03888257_9932.JPEG,n03888257,701,parachute,701,parachute,0.10364092141389847,True
